tree
version=v4
num_class=1
num_tree_per_iteration=1
label_index=0
max_feature_idx=29
objective=quantile
feature_names=Column_0 Column_1 Column_2 Column_3 Column_4 Column_5 Column_6 Column_7 Column_8 Column_9 Column_10 Column_11 Column_12 Column_13 Column_14 Column_15 Column_16 Column_17 Column_18 Column_19 Column_20 Column_21 Column_22 Column_23 Column_24 Column_25 Column_26 Column_27 Column_28 Column_29
feature_infos=[3.9174506576656842:5.7304380851602943] [91:303] [-4.6209391964739197:6.6781130040119603] [-2.1127544688413775:1.5582263676027908] [-1:0.52312758639412116] [0:9.9154440984925625] [0:4.6209391964739197] [0:2.1127544688413775] [0:6.9893036836044731] [0:1.8567014585212964] [0:1] [0:18.514290500025005] [0:17.943278717702203] [0:23.11690120620333] [0:20.81224925580868] [0:30] [0:17.427804678541769] [2:10] [0:159.85415496415965] [0:60] [0:1.4142135623730956] [1:60] [1:35] [0:6] [1:31] [0:1] [0:1] [0:93] [0:60] [-11.626780786704765:33.114547490360394]
tree_sizes=2852 2990 2953 2983 2996 2957 2983 2977 2975 2990 3015 2990 3007 3004 2985 2993 2964 2997 2990 2979 2985 2951 2969 2998 2956 2959 3017 2947 3011 2999 3010 2978 2996 2985 2968 2954 3005 2995 3004 3020 2998 2975 3025 3015 2968 2966 2971 2965 2989 2991 3008 2995 2982 3020 2989 2980 2972 2992 3014 3047 3013 2976 3004 2943 3035 2958 3002 2996 3017 2983 3005 3005 2990

Tree=0
num_leaves=31
num_cat=0
split_feature=0 10 0 4 0 0 4 0 0 0 3 1 0 0 0 24 1 29 8 17 1 14 0 20 29 24 0 29 24 3
split_gain=3506.01 603.489 179.945 31.4548 24.544 23.2694 20.6772 9.78669 5.97625 5.45177 4.76912 4.44682 3.78123 3.06781 2.84796 2.80646 3.20774 3.02562 2.94462 2.86568 2.79407 2.70737 2.58805 2.54883 3.00238 5.23853 2.98087 3.51 3.37822 2.49356
threshold=5.3011333813679853 0.45000000000000007 5.5783001407402253 0.084212524191725077 5.5389049343477952 5.2388354415008207 0.057042794452091976 5.5125765798679067 5.6492764668392832 5.5179658713565738 0.14160710721412326 205.00000000000003 5.2702521331074044 5.6561429606821259 5.2022228640358561 1.5000000000000002 257.00000000000006 0.11586803245802089 0.45119242234437668 8.5000000000000018 201.00000000000003 1.0583224918426917 5.6089425555744459 0.15122817463890195 -0.33473756701380636 15.500000000000002 5.473950012258177 0.60199955426817631 5.5000000000000009 0.34496630906400422
decision_type=2 2 2 2 2 2 2 2 2 2 2 2 2 2 2 2 2 2 2 2 2 2 2 2 2 2 2 2 2 2
left_child=1 5 3 7 9 11 13 -2 15 10 -5 -1 -7 -4 -13 18 19 -18 -8 22 -11 -9 -17 24 25 -12 27 29 -29 -26
right_child=2 -3 6 4 -6 12 8 21 -10 20 23 14 -14 -15 -16 16 17 -19 -20 -21 -22 -23 -24 -25 26 -27 -28 28 -30 -31
leaf_value=0.62240495021994779 0.61764593661023781 0.58833693265914921 0.62880807470627575 0.63832828323633062 0.63885392381379658 0.6200336728347452 0.64000388838917532 0.63368107076730062 0.62698250265874411 0.64196840634957086 0.64835094846522456 0.62572960799586075 0.61742395836326369 0.62566200929585991 0.62344669924910934 0.63461985789385233 0.6338184320321375 0.63311781276734713 0.63354385597703666 0.63571916787197291 0.64364947762096913 0.63992658442131689 0.63069814666195756 0.64655523589023001 0.64975243464516264 0.64541895107233671 0.64648609445765426 0.65524070675612411 0.64794263243460937 0.653206209584549
leaf_weight=17937 493 143468 4966 265 13946 21098 83 448 1043 4707 177 4303 8110 2425 9865 6554 225 316 350 117 4488 126 4533 2181 276 262 9005 78 329 1271
leaf_count=17937 493 143468 4966 265 13946 21098 83 448 1043 4707 177 4303 8110 2425 9865 6554 225 316 350 117 4488 126 4533 2181 276 262 9005 78 329 1271
internal_value=0.619276 0.616189 0.630053 0.632091 0.632335 0.620341 0.62629 0.623627 0.627474 0.633337 0.633964 0.62127 0.619319 0.624172 0.621932 0.627785 0.62764 0.6314 0.631739 0.627458 0.632393 0.628065 0.627376 0.634094 0.634393 0.638448 0.634231 0.636001 0.63187 0.637088
internal_weight=263445 204781 58664 38052 36985 61313 20612 1067 13221 23039 13844 32105 29208 7391 14168 12178 11745 541 433 11204 9195 574 11087 13579 11398 439 10959 1954 407 1547
internal_count=263445 204781 58664 38052 36985 61313 20612 1067 13221 23039 13844 32105 29208 7391 14168 12178 11745 541 433 11204 9195 574 11087 13579 11398 439 10959 1954 407 1547
is_linear=0
shrinkage=1


Tree=1
num_leaves=31
num_cat=0
split_feature=10 3 5 7 3 9 18 13 17 5 5 1 1 1 11 3 24 5 12 24 3 18 19 3 5 19 18 9 11 11
split_gain=2784.08 919.235 62.0672 35.6494 12.8792 12.2004 11.8352 8.3599 7.51188 6.54001 5.70103 5.67712 5.17767 4.73591 4.69566 4.4764 4.37371 3.92817 3.52709 3.43568 3.32327 4.03421 8.82667 3.25272 3.15999 3.10608 5.3801 3.09681 3.03738 2.92091
threshold=0.48333333333333339 0.24756238712469233 0.76060303671141982 0.34785851542352236 0.34496630906400422 0.57709275844729524 6.3629099779192284 0.17167403648573409 4.5000000000000009 0.46723693614146783 0.43652824427803755 113.00000000000001 197.00000000000003 105.00000000000001 0.091556536260371177 0.15213201316019795 1.5000000000000002 0.46479528605234949 0.18931679799952691 1.5000000000000002 0.025866020555518111 2.3149562046977601 6.9078343150599979 0.053116796908169069 1.1046237000762391 20.809744451567877 4.4672337455125541 0.65568049383236227 0.17961217335120763 0.52248303327817391
decision_type=2 2 2 2 2 2 2 2 2 2 2 2 2 2 2 2 2 2 2 2 2 2 2 2 2 2 2 2 2 2
left_child=1 2 3 9 6 28 10 8 -5 14 -3 -6 20 -12 -1 -10 18 -13 -15 -19 -9 22 -22 -7 -25 26 -21 -14 -4 -30
right_child=-2 4 5 7 11 23 -8 12 15 -11 13 17 27 16 -16 -17 -18 19 -20 25 21 -23 -24 24 -26 -27 -28 -29 29 -31
leaf_value=0.012966864102483456 -0.029416846632957461 0.015077457934205007 0.01009489000525516 0.0039094389721215641 0.016537147660904819 0.013473993695947532 0.003713853671794855 0.00046505741144638277 0.0076044466115588738 0.015569834566688704 0.013729145078713154 0.019600142779553287 0.0033736474318913096 0.022783200710053617 0.0061055285870815993 0.01511881374828559 0.019451009904795213 0.021540830326681047 0.019416741492779624 0.023776725633524665 0.0029665136432464319 0.0021040994279746873 0.014886511665209295 0.015133470275689904 0.022071861654440847 0.022953203179692211 0.025933399273631304 0.0082117561760827584 0.0023852991581605962 0.0091205937901784381
leaf_weight=299 142982 1806 3074 8997 1654 1780 405 14096 2048 2162 1121 3354 21425 337 1157 588 12137 984 221 14570 2201 14589 514 2320 98 4589 313 405 1263 1674
leaf_count=299 142982 1806 3074 8997 1654 1780 405 14096 2048 2162 1121 3354 21425 337 1157 588 12137 984 221 14570 2201 14589 514 2320 98 4589 313 405 1263 1674
internal_value=-0.000168965 0.0054405 0.00226522 0.00172303 0.0114626 0.00590214 0.0103522 0.0014536 0.00266784 0.00655334 0.010571 0.0121615 0.00118824 0.0109163 0.00396291 0.00501517 0.0111914 0.0123583 0.0155197 0.0126183 0.000777069 0.00124133 0.00301105 0.00797046 0.0091646 0.012764 0.0131146 0.00177966 0.00445766 0.0033078
internal_weight=263163 120181 78690 68481 41491 10209 16027 64863 11633 3618 15622 25464 53230 13816 1456 2636 12695 23810 558 20456 31400 17304 2715 4198 2418 19472 14883 21830 6011 2937
internal_count=263163 120181 78690 68481 41491 10209 16027 64863 11633 3618 15622 25464 53230 13816 1456 2636 12695 23810 558 20456 31400 17304 2715 4198 2418 19472 14883 21830 6011 2937
is_linear=0
shrinkage=0.05


Tree=2
num_leaves=31
num_cat=0
split_feature=0 10 0 4 0 0 0 5 6 0 2 19 23 5 12 0 8 0 0 23 12 23 19 11 19 3 16 22 22 19
split_gain=2974.62 573.035 132.899 27.4409 24.1483 22.2236 16.2211 7.0344 5.10138 4.85195 3.73657 3.51885 3.29742 3.39479 3.51856 3.05301 2.99015 2.81145 2.71752 2.74179 2.18601 2.35931 2.18291 3.04634 2.12688 2.28368 2.55101 2.02919 2.50564 2.03975
threshold=5.3011333813679853 0.51666666666666672 5.5746383022120165 0.09457079098184068 5.5254869140418341 5.2327160709036198 5.618241300218509 0.72549084824318733 0.35617263908774272 5.2681306423380407 0.25859437075940278 21.0638892258123 4.5000000000000009 0.75544060075152986 1.0826507723303271 5.6492764668392832 0.85216839036688918 5.2022228640358561 5.5436514665010481 1.0000000180025095e-35 0.25504238407327745 1.5000000000000002 16.276638782866737 0.36745410527578787 21.313781037388043 0.35388060286538209 0.18929938210786157 1.5000000000000002 23.500000000000004 25.153835959944125
decision_type=2 2 2 2 2 2 2 2 2 2 2 2 2 2 2 2 2 2 2 2 2 2 2 2 2 2 2 2 2 2
left_child=1 5 3 7 12 17 10 -2 15 -7 -4 18 16 14 22 -8 -5 -1 19 -6 21 -18 -14 -24 25 -15 -27 -13 -29 -30
right_child=2 -3 6 4 11 9 8 -9 -10 -11 -12 27 13 24 -16 -17 20 -19 -20 -21 -22 -23 23 -25 -26 26 -28 28 29 -31
leaf_value=0.0051565603794745162 0.00065354721974062639 -0.027946004301309592 0.012287759626067991 0.025199286272227946 0.016837498841294495 0.00082388842006235778 0.010870508285042683 0.016807492501611187 0.0077219067406229802 -0.0019840630031971759 0.014479229192133923 0.021460320038074986 0.024811457316433493 0.017212391806260201 0.013781694619967325 0.0058142075505412186 0.024258761989123925 0.0031235379903577268 0.017495841643772405 0.020685912938898574 0.024555170573654691 0.025448745384447947 0.027966784881219477 0.02182325518070731 0.0023642590099744974 0.024555495065604217 0.024545066081252623 0.017143687946382363 0.019933806394852746 0.015910243171927942
leaf_weight=9199 679 143351 5884 9741 975 25099 2770 389 6184 9163 5429 132 2697 301 246 1333 676 18043 8749 5763 769 1031 1187 225 89 53 122 2349 503 521
leaf_count=9199 679 143351 5884 9741 975 25099 2770 389 6184 9163 5429 132 2697 301 246 1333 676 18043 8749 5763 769 1031 1187 225 89 53 122 2349 503 521
internal_value=-0.000305366 -0.00315064 0.00960789 0.0114193 0.0116528 0.000886608 0.00648842 0.0035206 0.00505152 3.91092e-05 0.00779501 0.0104249 0.0130137 0.0119207 0.0123938 0.00641847 0.0134538 0.0019525 0.0107487 0.0115034 0.0119023 0.0109051 0.0127415 0.0143343 0.00827434 0.00960084 0.0141429 0.00899429 0.0087563 0.0108203
internal_weight=263652 204855 58797 37197 36129 61504 21600 1068 10287 34262 11313 18992 17137 4920 4355 4103 12217 27242 15487 6738 2476 1707 4109 1412 565 476 175 3505 3373 1024
internal_count=263652 204855 58797 37197 36129 61504 21600 1068 10287 34262 11313 18992 17137 4920 4355 4103 12217 27242 15487 6738 2476 1707 4109 1412 565 476 175 3505 3373 1024
is_linear=0
shrinkage=0.05


Tree=3
num_leaves=31
num_cat=0
split_feature=0 10 0 4 0 0 0 26 0 26 26 0 0 0 29 2 20 4 2 26 23 18 20 8 15 0 23 3 0 1
split_gain=2698.38 559.198 128.522 21.4037 23.116 19.862 14.5393 10.9687 9.13618 6.90167 5.52785 4.93448 4.09763 3.9521 4.14978 3.68543 3.27054 3.01191 2.96692 2.85747 3.24959 3.12738 2.80346 3.87632 2.97957 2.75115 2.7154 2.6829 2.63124 2.62024
threshold=5.3011333813679853 0.45000000000000007 5.5783001407402253 0.092036905063434996 5.5254869140418341 5.2454046701706245 5.6089425555744459 1.0000000180025095e-35 5.5073124013830048 1.0000000180025095e-35 1.0000000180025095e-35 5.6492764668392832 5.2022228640358561 5.473950012258177 0.65717519895737342 0.18574130785540569 0.16460665458440185 0.31899956226790821 0.15890589126255925 1.0000000180025095e-35 4.5000000000000009 3.6719910919601992 0.15728206021823488 0.80775069741327343 7.5000000000000009 5.556442008647335 1.5000000000000002 0.42636344341038496 5.2768833450685602 177.00000000000003
decision_type=2 2 2 2 2 2 2 2 2 2 2 2 2 2 2 2 2 2 2 2 2 2 2 2 2 2 2 2 2 2
left_child=1 5 3 8 13 7 18 12 -2 25 28 15 -1 14 16 -8 -5 -18 -4 20 22 -22 24 -24 27 26 -6 -15 -7 -23
right_child=2 -3 6 4 9 10 11 -9 -10 -11 -12 -13 -14 19 -16 -17 17 -19 -20 -21 21 29 23 -25 -26 -27 -28 -29 -30 -31
leaf_value=0.0049255309810768569 -0.0022985608274218258 -0.026548704086244115 0.011247662374854431 0.0303361958513538 0.017355705378327885 0.00044007057222524124 0.0082033003010257479 -0.0051845055890758695 0.015395776680823267 0.016384631824080436 -0.0077892898653370637 0.0056994592139124039 0.0029581684368371122 0.024667452995089219 0.020532232192155553 0.009627239283462553 0.00076973360229436877 0.028992856026334619 0.013601790414478787 0.020004012713748076 0.021232279934340653 0.014390321674883196 0.024355951505593713 0.017358046384491583 0.020798133803212347 0.016324644238377661 0.018912203823316494 0.023049585164877002 -0.002100215532067165 0.025540391324235762
leaf_weight=8560 470 143403 2830 1938 3312 17305 4685 2583 687 1525 2173 4121 26063 4545 366 3635 59 298 5388 921 2746 284 938 316 1871 6249 8926 1949 4565 864
leaf_count=8560 470 143403 2830 1938 3312 17305 4685 2583 687 1525 2173 4121 26063 4545 366 3635 59 298 5388 921 2746 284 938 316 1871 6249 8926 1949 4565 864
internal_value=-0.00045841 -0.003173 0.00896993 0.0106858 0.0108946 0.000826216 0.00579191 0.00155002 0.00398876 0.00974115 -0.00029385 0.00471385 0.00178451 0.0122448 0.0140154 0.00541466 0.0148039 0.0104062 0.00742395 0.0119184 0.012102 0.0108834 0.0125954 0.0103907 0.0129259 0.0100078 0.0104437 0.0134324 -5.48709e-05 0.0130749
internal_weight=263575 204652 58923 38264 37107 61249 20659 37206 1157 20012 24043 12441 34623 17095 2661 8320 2295 357 8218 14434 13513 3894 9619 1254 8365 18487 12238 6494 21870 1148
internal_count=263575 204652 58923 38264 37107 61249 20659 37206 1157 20012 24043 12441 34623 17095 2661 8320 2295 357 8218 14434 13513 3894 9619 1254 8365 18487 12238 6494 21870 1148
is_linear=0
shrinkage=0.05


Tree=4
num_leaves=31
num_cat=0
split_feature=10 7 9 9 7 5 26 5 18 9 26 20 5 7 1 19 7 17 9 5 7 7 29 20 9 22 1 9 18 5
split_gain=2319.55 482.309 78.9068 61.3814 40.3344 30.7173 12.8743 12.0578 8.88794 7.13869 6.57663 5.98635 5.38743 4.21176 4.54141 4.28037 4.14551 4.11491 3.98693 3.97629 6.06873 3.84687 3.27059 3.20736 4.15813 3.2169 3.10879 3.03678 3.23862 3.09436
threshold=0.51666666666666672 0.3844727184776095 0.65400395528715227 0.61884363286310384 0.33599156553472248 0.76060303671141982 1.0000000180025095e-35 0.51369041556935857 5.9619805275680928 0.51056590969180504 1.0000000180025095e-35 0.11622971817696483 0.50556665514772647 0.25270673430335894 117.00000000000001 20.809744451567877 0.24865868091013421 3.5000000000000004 0.57709275844729524 0.69371795988285478 0.49027846881876791 0.48062161047914059 0.52481491963791538 0.12888260280427136 0.71153473072174156 25.500000000000004 129.00000000000003 0.64705230206425035 4.4672337455125541 0.88821823950593071
decision_type=2 2 2 2 2 2 2 2 2 2 2 2 2 2 2 2 2 2 2 2 2 2 2 2 2 2 2 2 2 2
left_child=1 3 5 4 9 6 17 -6 23 16 12 -11 -5 14 -14 27 -1 -3 -7 22 -21 -20 -19 -4 -25 -26 -13 -15 29 -29
right_child=-2 2 8 10 7 18 -8 -9 -10 11 -12 26 13 15 -16 -17 -18 19 21 20 -22 -23 -24 24 25 -27 -28 28 -30 -31
leaf_value=0.013727904601697883 -0.025221268881931908 0.0018347495333435474 0.01860301232716266 0.016730288456971287 0.0024658678367456069 0.0069329141434058862 -0.0040498364116160895 0.010097629012165174 0.0053042778573423226 0.013595786484726072 0.01608968235286494 0.014152138190205391 0.0081166570830172487 0.017113643019758526 0.022843534947002538 0.018378219569695816 0.0082805490703716563 0.0027740564482822568 0.015628492612364701 0.01019211623548239 0.0043393190599416561 0.010342423443770427 0.010307356690384328 0.0079906386570646002 0.014961782553131537 0.019927822445419244 0.019549454640531712 0.020894844107426036 0.029038627368139308 0.030961761020891862
leaf_weight=1133 143514 25283 2253 5894 3992 5832 4594 2101 726 7249 1922 603 114 2139 2226 3559 1670 25013 540 1496 2318 2606 452 930 859 245 3312 10939 214 77
leaf_count=1133 143514 25283 2253 5894 3992 5832 4594 2101 726 7249 1922 603 114 2139 2226 3559 1670 25013 540 1496 2318 2606 452 930 859 245 3312 10939 214 77
internal_value=-0.000597507 0.00452357 0.00198183 0.00846725 0.00637089 0.00153638 0.00112279 0.00297637 0.0080361 0.00785172 0.0100199 0.00841813 0.0102353 0.0106399 0.0126282 0.0103651 0.00559579 0.00133683 0.00426153 0.00174032 0.00324593 0.00569612 0.00151482 0.00890249 0.00746313 0.00953804 0.00999361 0.0107753 0.0111042 0.0109858
internal_weight=263805 120291 73147 47144 20060 68134 59156 6093 5013 13967 27084 11164 25162 19268 2340 16928 2803 54562 8978 29279 3814 3146 25465 4287 2034 1104 3915 13369 11230 11016
internal_count=263805 120291 73147 47144 20060 68134 59156 6093 5013 13967 27084 11164 25162 19268 2340 16928 2803 54562 8978 29279 3814 3146 25465 4287 2034 1104 3915 13369 11230 11016
is_linear=0
shrinkage=0.05


Tree=5
num_leaves=31
num_cat=0
split_feature=0 10 0 4 0 0 0 3 0 0 1 0 12 6 0 1 15 1 7 20 0 24 24 8 9 18 7 11 4 18
split_gain=2246.16 540.316 109.078 17.4418 17.023 16.3443 14.2434 5.99904 4.6132 4.25934 3.72253 3.60883 2.76089 2.48466 2.43546 2.31159 2.2129 2.18131 2.13033 2.32375 3.04344 2.63194 3.94279 2.09258 2.07136 2.0439 1.99298 2.6111 2.34126 1.96233
threshold=5.3011333813679853 0.51666666666666672 5.5716632714668153 0.09457079098184068 5.2378129105385556 5.5125765798679067 5.6089425555744459 0.14160710721412326 5.5073124013830048 5.5436514665010481 197.00000000000003 5.6492764668392832 2.7945322591321946 0.30021459643041121 5.2702521331074044 141.00000000000003 9.5000000000000018 269.00000000000006 0.20486529385727628 0.15122817463890195 5.4636711999144145 20.500000000000004 3.5000000000000004 1.1110763684696017 0.60128350235853867 5.4608212117519219 0.45586291306882293 2.4812003789584818 0.27437785761100647 1.1701297279458844
decision_type=2 2 2 2 2 2 2 2 2 2 2 2 2 2 2 2 2 2 2 2 2 2 2 2 2 2 2 2 2 2
left_child=1 4 3 8 10 7 -4 -5 -2 12 -1 13 15 -8 -6 16 -7 29 -9 20 21 22 -20 26 -15 -24 27 28 -17 -13
right_child=2 -3 6 5 14 9 11 18 -10 -11 -12 17 -14 24 -16 23 -18 -19 19 -21 -22 -23 25 -25 -26 -27 -28 -29 -30 -31
leaf_value=0.0022532753539178433 -0.0015746459914422182 -0.023960205437835315 0.01173090012248796 0.0067592710866429323 0.00024746619759276827 0.017411127630883132 0.0088932528047667731 0.022920840107829452 0.013005579288769515 0.014843522548053021 0.0039784281921876035 0.0078152084735394582 0.024236832265471336 0.0070428491068806141 -0.0017490233384574009 0.018751355484245183 0.011717359005282221 0.014566515772420966 0.018482542894548006 0.021581944811622612 0.022257544629702086 0.026263655139584202 0.027077560113371913 0.028989967454696175 0.0088091589356695654 0.035620988755550337 0.012286222817498194 0.028192042379551696 0.018271185369634495 0.0039556528962744501
leaf_weight=15803 472 143426 10210 201 22159 1891 3127 547 446 9986 15421 564 77 4079 8234 642 186 99 122 1846 8135 470 532 55 1164 57 444 95 9873 3442
leaf_count=15803 472 143426 10210 201 22159 1891 3127 547 446 9986 15421 564 77 4079 8234 642 186 99 122 1846 8135 470 532 55 1164 57 444 95 9873 3442
internal_value=-0.000734161 -0.00320404 0.00788418 0.0095924 0.000711896 0.00977004 0.00516751 0.0112762 0.00278867 0.00899845 0.00153183 0.00403407 0.00958569 0.00462963 -0.000130459 0.00953056 0.00799952 0.00281973 0.0114233 0.011274 0.0115951 0.013967 0.0158861 0.00981681 0.00396433 0.0175806 0.00976841 0.00990575 0.00983119 0.00263854
internal_weight=263805 205043 58762 36077 61617 35159 22685 11910 918 23249 31224 12475 13263 8370 30393 13186 2077 4105 11709 11162 9316 1181 711 11109 5243 589 11054 10610 10515 4006
internal_count=263805 205043 58762 36077 61617 35159 22685 11910 918 23249 31224 12475 13263 8370 30393 13186 2077 4105 11709 11162 9316 1181 711 11109 5243 589 11054 10610 10515 4006
is_linear=0
shrinkage=0.05


Tree=6
num_leaves=31
num_cat=0
split_feature=0 10 0 0 4 0 26 26 0 26 0 0 6 5 23 7 20 0 1 23 5 1 14 12 23 1 16 23 15 4
split_gain=2050.12 535.546 97.5248 16.8061 15.2732 18.7208 8.44787 7.97841 7.94578 6.48727 5.14685 3.85153 3.2112 2.95463 2.87057 4.26635 3.38272 2.86447 2.7376 2.44434 2.90866 2.77644 2.59021 2.82484 2.56816 3.41546 3.38894 2.43943 3.97237 2.785
threshold=5.3011333813679853 0.7333333333333335 5.5816893903479796 5.2339676982754471 0.073064926371091785 5.5099253636219219 1.0000000180025095e-35 1.0000000180025095e-35 5.6089425555744459 1.0000000180025095e-35 5.5367160627092531 5.556442008647335 0.35617263908774272 1.0484622314962253 2.5000000000000004 0.2131333887832296 0.14195189186974558 5.2793955265773258 221.00000000000003 1.5000000000000002 0.60543924862776477 197.00000000000003 3.124074649862032 0.88165375972281279 2.5000000000000004 133.00000000000003 0.59822693492355261 1.5000000000000002 11.500000000000002 0.40967519038616002
decision_type=2 2 2 2 2 2 2 2 2 2 2 2 2 2 2 2 2 2 2 2 2 2 2 2 2 2 2 2 2 2
left_child=1 3 4 7 10 13 11 -1 -4 17 -2 19 -10 14 16 -16 27 -5 -18 20 21 -7 23 24 25 26 -21 -6 29 -29
right_child=2 -3 8 9 5 6 -8 -9 12 -11 -12 -13 -14 -15 15 -17 18 -19 -20 22 -22 -23 -24 -25 -26 -27 -28 28 -30 -31
leaf_value=0.0034064648166859585 -0.0016196422313406013 -0.02276219516594355 0.010337674196204537 0.00067069080795751441 0.022237181668161188 0.01565805324856033 0.012632198983663133 -0.005296744506045903 0.0076514207182423466 -0.0068910048541532629 0.013174817087527983 0.013590901011157244 0.0064309880074809554 -0.00061747026177588337 0.024385579734317705 0.020772074671266901 0.017467106445522289 -0.0021344567390007628 0.025317872319115871 0.0029680810865136613 0.015383565681113735 0.016216758026562295 0.018201067957349781 0.015716541389659444 0.016548848260878084 0.020803464428724827 0.023246251416699382 0.029752387138184733 0.021714223452244295 0.023295428452942184
leaf_weight=26474 527 143478 7216 26591 2352 1438 1961 1886 5238 2824 508 7203 7197 57 432 5871 597 3698 311 159 1950 1430 93 1459 9469 2033 127 695 128 399
leaf_count=26474 527 143478 7216 26591 2352 1438 1961 1886 5238 2824 508 7203 7197 57 432 5871 597 3698 311 159 1950 1430 93 1459 9469 2033 127 695 128 399
internal_value=-0.000847629 -0.00320957 0.00737808 0.000695182 0.00881923 0.00898176 0.00828417 0.0015885 0.00450333 -6.99133e-05 0.00282609 0.00852865 0.00373743 0.0107397 0.0107997 0.0101119 0.0117671 0.00014378 0.00904185 0.00891673 0.00795143 0.00896443 0.00926537 0.00920699 0.00946386 0.0109552 0.00583916 0.0124594 0.0142717 0.0152468
internal_weight=263801 204951 58850 61473 39199 38164 27322 28360 19651 33113 1035 25361 12435 10842 10785 6303 4482 30289 908 18158 4818 2868 13340 13247 11788 2319 286 3574 1222 1094
internal_count=263801 204951 58850 61473 39199 38164 27322 28360 19651 33113 1035 25361 12435 10842 10785 6303 4482 30289 908 18158 4818 2868 13340 13247 11788 2319 286 3574 1222 1094
is_linear=0
shrinkage=0.05


Tree=7
num_leaves=31
num_cat=0
split_feature=10 0 0 0 4 0 0 26 26 26 0 0 26 0 3 0 0 18 1 23 1 23 1 9 10 0 14 8 13 2
split_gain=1945.04 483.071 80.9174 15.6942 12.3421 14.9477 9.01104 6.45856 6.19439 5.40019 3.9132 3.26292 2.97725 2.52499 2.38942 2.33953 2.18847 1.98361 1.932 1.861 1.84294 1.83033 2.51137 2.54463 2.23355 2.10759 1.91377 1.82711 1.87899 1.68864
threshold=0.48333333333333339 5.3011333813679853 5.5746383022120165 5.2275719340818574 0.084212524191725077 5.5003400335032957 5.6089425555744459 1.0000000180025095e-35 1.0000000180025095e-35 1.0000000180025095e-35 5.2681306423380407 5.5073124013830048 1.0000000180025095e-35 5.556442008647335 0.46213578783789483 5.1752994071594012 5.6492764668392832 1.1701297279458844 113.00000000000001 5.5000000000000009 273.00000000000006 1.5000000000000002 165.00000000000003 0.79259096437430487 0.083333333333333356 5.5179658713565738 3.124074649862032 0.58254143774391476 0.30766669672913755 -0.062355175325703102
decision_type=2 2 2 2 2 2 2 2 2 2 2 2 2 2 2 2 2 2 2 2 2 2 2 2 2 2 2 2 2 2
left_child=1 3 4 7 11 12 -4 15 10 13 -5 -3 27 21 -14 -1 -8 -18 -11 -9 -19 22 -7 24 25 -24 -23 28 -6 -13
right_child=-2 2 6 8 5 9 16 19 -10 18 -12 29 14 -15 -16 -17 17 20 -20 -21 -22 26 23 -25 -26 -27 -28 -29 -30 -31
leaf_value=0.0053752300474629415 -0.021624085407646373 -0.00052865523745628104 0.010551509618525787 0.0010310943980176436 0.020629900927716757 0.013046210598809999 0.0075537382497210112 -0.0074878981713507571 -0.0063278097869119733 0.0032375642665110707 -0.0014533686207940917 0.016708356854620323 0.010282069565014514 0.013278263825417084 0.026868465673116328 0.003237851530124312 0.008097463982840709 0.0035196162529648823 0.014297104976606868 0.0025127788821204772 0.012933089531269171 0.016438252728544767 0.017118871493825169 0.009805740875556454 0.016026574053330685 0.015129762681844881 0.016665907137591508 0.023168827045540106 0.016909462001412998 0.010018474155432767
leaf_weight=2192 143130 461 9205 26708 1724 1603 8272 1344 3193 197 8290 89 395 5438 99 19547 541 3451 1856 225 77 15291 216 271 2822 717 108 5158 342 340
leaf_count=2192 143130 461 9205 26708 1724 1603 8272 1344 3193 197 8290 89 395 5438 99 19547 541 3451 1856 225 77 15291 216 271 2822 717 108 5158 342 340
internal_value=-0.00094876 0.00374122 0.00698677 0.000644806 0.0084013 0.00854417 0.00454934 0.00166724 2.08152e-05 0.00801588 0.000213154 0.00258427 0.0104962 0.00820751 0.00674089 0.00189084 0.00366623 0.00271688 0.00554554 -0.00143085 0.00228458 0.00845587 0.00768431 0.00835072 0.00868841 0.0108092 0.0087379 0.010753 0.00949661 0.00572261
internal_weight=263302 120172 58673 61499 37127 36237 21546 23308 38191 28519 34998 890 7718 26466 494 21739 12341 4069 2053 1569 3528 21028 5629 4026 3755 933 15399 7224 2066 429
internal_count=263302 120172 58673 61499 37127 36237 21546 23308 38191 28519 34998 890 7718 26466 494 21739 12341 4069 2053 1569 3528 21028 5629 4026 3755 933 15399 7224 2066 429
is_linear=0
shrinkage=0.05


Tree=8
num_leaves=31
num_cat=0
split_feature=21 4 13 4 12 26 4 5 4 4 11 16 26 24 24 3 11 15 12 20 24 5 11 1 24 3 20 24 9 29
split_gain=1839.42 416.446 17.3395 15.5111 10.3779 9.33595 5.28569 6.31721 5.26505 4.18168 2.97071 2.8593 2.69044 2.53985 3.51876 2.5098 2.49852 2.32157 2.21648 2.08996 2.0104 3.21627 1.99614 2.53851 2.28913 3.42702 2.11765 2.03944 1.86862 1.78979
threshold=15.000000000000002 0.16435227740156297 0.17362021124821655 0.35970577715880775 0.19107429257261446 1.0000000180025095e-35 0.055454571609730628 0.69371795988285478 0.10033332971889777 0.21062177623843292 0.15837508564687089 1.2816269913273468 1.0000000180025095e-35 26.500000000000004 27.500000000000004 0.29862804952661659 0.16780057003908136 3.5000000000000004 0.17300818854721556 0.12787230677956773 29.500000000000004 0.78595007297444164 0.19629856121165934 241.00000000000003 27.500000000000004 0.33639739559483589 0.1110086120582055 29.500000000000004 0.66052752753468835 0.54280278330869824
decision_type=2 2 2 2 2 2 2 2 2 2 2 2 2 2 2 2 2 2 2 2 2 2 2 2 2 2 2 2 2 2
left_child=1 2 4 9 8 6 -4 16 -1 11 -6 18 20 -14 -15 -12 28 -10 -3 -20 -5 -22 23 -11 -25 26 27 -26 -8 -19
right_child=-2 3 5 12 10 -7 7 -9 17 22 15 -13 13 14 -16 -17 -18 29 19 -21 21 -23 -24 24 25 -27 -28 -29 -30 -31
leaf_value=0.0060731137539905174 -0.020542881137264053 0.010586903379467112 0.0015373366360311629 0.017703936920026805 0.0055714714266785308 -0.0039584399071165262 0.004663835792330092 0.0083740819238350295 0.0054278730546682245 0.012018749283496999 0.0017185408555657892 0.017288816386083032 0.01366449938880316 0.01885718845101797 0.017056526555508791 0.010399194564656945 0.002276393348528995 0.0098500469036243987 0.0046023544141297655 0.010699805062743289 0.013584948811810667 -0.0024000166325738037 0.01471864224825491 0.013886650477481402 0.026332294643887113 0.0076617033626528719 0.015349437963715618 0.019803632975228688 0.013912747555841746 0.01297139437465831
leaf_weight=6027 143363 2307 35115 17716 2753 4623 2817 2006 679 9814 7611 264 1029 118 152 121 14162 1544 1178 443 1545 84 6247 1423 78 182 80 80 65 145
leaf_count=6027 143363 2307 35115 17716 2753 4623 2817 2006 679 9814 7611 264 1029 118 152 121 14162 1544 1178 443 1545 84 6247 1423 78 182 80 80 65 145
internal_value=-0.00106325 0.00349279 0.00131148 0.00745671 0.00262977 0.000888105 0.00107219 0.00174278 0.00393984 0.00653602 0.00158083 0.0051145 0.00844216 0.00623941 0.0105556 0.00107863 0.00143041 0.0059375 0.00477597 0.00335904 0.00859007 0.00690915 0.00686885 0.00648237 0.00818502 0.0114286 0.0153782 0.0187342 0.00277238 0.00693013
internal_weight=263771 120408 77668 42740 18880 58788 54165 19050 8395 22096 10485 4192 20644 1299 270 7732 17044 2368 3928 1621 19345 1629 17904 11657 1843 420 238 158 2882 1689
internal_count=263771 120408 77668 42740 18880 58788 54165 19050 8395 22096 10485 4192 20644 1299 270 7732 17044 2368 3928 1621 19345 1629 17904 11657 1843 420 238 158 2882 1689
is_linear=0
shrinkage=0.05


Tree=9
num_leaves=31
num_cat=0
split_feature=10 0 0 0 0 0 3 0 26 0 26 0 0 26 6 5 14 29 19 7 18 29 6 13 13 24 29 29 19 7
split_gain=1759.89 377.711 63.2653 12.312 10.8545 8.23281 10.492 6.00986 5.99597 5.45183 5.09435 3.48152 2.82221 2.69429 2.61071 2.24004 2.12233 2.1085 1.98849 1.94711 1.90675 1.80724 1.80015 1.77717 2.89551 1.76606 3.4868 2.24751 2.11605 1.84187
threshold=0.45000000000000007 5.3011333813679853 5.5652581246838251 5.2275719340818574 5.6089425555744459 5.5389049343477952 0.15678165421857307 5.5003400335032957 1.0000000180025095e-35 5.446138084545372 1.0000000180025095e-35 5.2681306423380407 5.1752994071594012 1.0000000180025095e-35 0.21335977560589955 0.53175967452524575 0.75493146221622653 -0.012310925937813548 24.814432026626452 0.30009254443040539 6.7157789798930274 0.006879990237007339 0.30021459643041121 0.13044235676291863 0.088990345642022448 4.5000000000000009 0.62705200687072382 0.31418103884466758 5.6153368216153678 0.51398530119381369
decision_type=2 2 2 2 2 2 2 2 2 2 2 2 2 2 2 2 2 2 2 2 2 2 2 2 2 2 2 2 2 2
left_child=1 3 5 10 20 6 9 15 11 -3 12 -5 -1 25 -6 17 -16 19 -9 -8 -4 -11 -20 24 -19 26 -7 28 -27 -29
right_child=-2 2 4 8 14 13 7 18 -10 21 -12 -13 -14 -15 16 -17 -18 23 22 -21 -22 -23 -24 -25 -26 27 -28 29 -30 -31
leaf_value=0.0055647356364086674 -0.019515737080400851 -0.0010482132623072186 0.010117148689431933 0.00095002173762134877 0.0074341756606802938 0.0096778655561529005 0.015697087646068916 0.016078104252881024 -0.006443053027698706 0.017993939630922728 -0.0040541034875915356 -0.0014005546937393759 0.0029518963947375693 0.010281257605455143 0.0045196067769838911 0.02096480553522384 0.0064150083115451263 0.016326791494891243 0.015130472066773116 0.021348661205911945 -0.0068033137101677771 0.00929347940556206 0.0085397686845974565 0.015013368295654791 0.022724707484633466 0.019720717623376342 0.015071699371687123 0.011297637617289588 0.013584260755437901 0.016090974337387206
leaf_weight=2197 143579 477 12309 26575 2457 1172 219 13531 3181 203 1560 8321 19492 801 4815 5726 5120 450 980 81 54 544 371 1006 146 101 101 3645 4454 138
leaf_count=2197 143579 477 12309 26575 2457 1172 219 13531 3181 203 1560 8321 19492 801 4815 5726 5120 450 980 81 54 544 371 1006 146 101 101 3645 4454 138
internal_value=-0.00114527 0.0033176 0.00617723 0.000571045 0.00425268 0.00757248 0.00808671 0.00833185 1.74634e-05 0.00357843 0.0014777 0.000206899 0.00167619 0.00640031 0.00320691 0.00947299 0.002846 0.00798633 0.00774694 0.0118333 0.0053009 0.00624498 0.00591784 0.00726592 0.00942953 0.0066325 0.00489788 0.00689734 0.00764544 0.00599656
internal_weight=263806 120227 58901 61326 24755 34146 23734 22510 38077 1224 23249 34896 21689 10412 12392 7628 9935 1902 14882 300 12363 747 1351 1602 596 9611 1273 8338 4555 3783
internal_count=263806 120227 58901 61326 24755 34146 23734 22510 38077 1224 23249 34896 21689 10412 12392 7628 9935 1902 14882 300 12363 747 1351 1602 596 9611 1273 8338 4555 3783
is_linear=0
shrinkage=0.05


Tree=10
num_leaves=31
num_cat=0
split_feature=8 0 0 5 0 4 0 0 26 0 9 26 24 19 6 4 26 23 26 20 5 18 22 19 0 5 5 24 24 17
split_gain=1585.82 365.747 49.4721 34.4916 12.4952 10.4346 10.5579 9.44123 5.24404 3.31017 2.70608 2.66947 2.69504 2.6321 2.30752 2.26931 2.89865 2.30734 2.20907 2.17082 2.32922 2.09111 2.07309 2.07118 2.03562 2.00483 2.10123 1.97197 1.90319 1.90475
threshold=1.0000000180025095e-35 5.3011333813679853 5.556442008647335 1.6863658757265843 5.2509586865796907 0.097217299422049319 5.5003400335032957 5.6089425555744459 1.0000000180025095e-35 5.2022228640358561 0.67686179228929511 1.0000000180025095e-35 2.5000000000000004 6.9078343150599979 0.35617263908774272 0.41975972397786582 1.0000000180025095e-35 4.5000000000000009 1.0000000180025095e-35 0.086643749837033976 0.72049847843441472 3.6314883994474321 7.5000000000000009 27.408524039305828 5.5073124013830048 0.51108668665279755 0.92819770035076077 17.500000000000004 8.5000000000000018 4.5000000000000009
decision_type=2 2 2 2 2 2 2 2 2 2 2 2 2 2 2 2 2 2 2 2 2 2 2 2 2 2 2 2 2 2
left_child=-1 3 5 4 8 24 15 18 9 -2 14 12 19 27 23 16 17 25 -4 20 -8 -15 -17 -9 -3 -7 -27 -14 -11 -30
right_child=1 2 7 -5 -6 6 11 10 -10 28 -12 -13 13 21 -16 22 -18 -19 -20 -21 -22 -23 -24 -25 -26 26 -28 -29 29 -31
leaf_value=-0.018539950226380809 0.003713439540362737 -0.0017331018730339241 0.0098931806688023049 -0.018539950226380809 -0.00088933510377998048 0.014077866018252574 0.007265286194056253 0.0065313443902938239 -0.0028198501186174128 0.00038788242244665354 0.0089844864240013374 0.012151194354089401 0.014009797992584361 0.01448851149831957 0.005249373148225084 0.015693438836181791 0.0091640722439415966 0.016314940364772153 0.0074853736557901679 0.014431928749216777 0.012364504762273514 0.013574097657361337 0.021719731935087604 0.0021262376274806386 0.014263057665382807 0.022376817695486176 0.0050721226152795245 0.0090678733561970811 0.0026784628215780603 -0.00092920600791297097
leaf_weight=139987 8618 477 14184 3222 20254 566 692 4647 2967 7730 342 1607 725 12332 7072 680 397 1549 1280 777 130 5479 1468 404 195 3009 94 711 20232 1846
leaf_count=139987 8618 477 14184 3222 20254 566 692 4647 2967 7730 342 1607 725 12332 7072 680 397 1549 1280 777 130 5479 1468 404 195 3009 94 711 20232 1846
internal_value=-0.00124478 0.00288044 0.00573584 0.000291432 0.000555014 0.00711474 0.00725179 0.00421085 0.00105295 0.00120934 0.00318692 0.00670222 0.00685359 0.00701746 0.00306318 0.0088413 0.00831255 0.00862591 0.00503621 0.00488117 0.00309002 0.00718348 0.0102235 0.00387943 0.00095238 0.00930907 0.00980825 0.00495822 0.000959808 0.00119621
internal_weight=263673 123686 58817 64869 61647 30888 30216 27929 41393 38426 12465 22453 20846 19247 12123 7763 5615 5218 15464 1599 822 17811 2148 5051 672 3669 3103 1436 29808 22078
internal_count=263673 123686 58817 64869 61647 30888 30216 27929 41393 38426 12465 22453 20846 19247 12123 7763 5615 5218 15464 1599 822 17811 2148 5051 672 3669 3103 1436 29808 22078
is_linear=0
shrinkage=0.05


Tree=11
num_leaves=31
num_cat=0
split_feature=10 0 0 0 4 0 0 26 0 26 0 0 29 9 26 24 0 2 23 23 1 5 23 29 0 0 21 0 10 24
split_gain=1603.27 298.852 48.8063 11.7905 10.949 10.5793 8.17133 5.93409 2.67489 2.5317 2.47128 2.10747 2.85485 2.12474 1.89124 1.86443 1.84952 2.00458 1.81367 1.98472 5.69318 2.94236 2.64074 2.72342 3.19447 1.90705 2.5428 1.7887 1.78544 1.75739
threshold=0.51666666666666672 5.3011333813679853 5.5484946787729337 5.6089425555744459 0.073064926371091785 5.2482462980402831 5.5003400335032957 1.0000000180025095e-35 5.2086614638248561 1.0000000180025095e-35 5.5099253636219219 5.4636711999144145 0.62705200687072382 0.54851981106011838 1.0000000180025095e-35 8.5000000000000018 5.6492764668392832 0.12313475862572264 1.0000000180025095e-35 2.5000000000000004 157.00000000000003 0.59119116799249061 1.5000000000000002 -0.13373295985531666 5.5226691910697721 5.5205334151485639 2.5000000000000004 5.2857546082407643 0.15000000000000002 15.500000000000002
decision_type=2 2 2 2 2 2 2 2 2 2 2 2 2 2 2 2 2 2 2 2 2 2 2 2 2 2 2 2 2 2
left_child=1 5 4 14 10 7 11 8 -1 27 -3 12 13 -6 -4 -10 17 -5 25 20 21 -20 23 24 -22 26 -8 -7 -24 -15
right_child=-2 2 3 16 6 9 18 -9 15 -11 -12 -13 -14 29 -16 -17 -18 -19 19 -21 22 -23 28 -25 -26 -27 -28 -29 -30 -31
leaf_value=0.003410956560826163 -0.017612952715061768 -0.002089746488319417 0.009921431891954097 0.0057026491105102335 0.0090831520123299033 -7.1090606511796243e-05 0.012024727512816948 -0.0038413480721212374 0.00028840735321357885 -0.0061799043745335751 0.018469146527191296 0.017136232879395859 0.013483718718730903 0.022615570951627688 0.0077618553749345398 0.0023900103266568094 0.0038324249715203616 0.006675866355340925 0.0072327090655138846 0.013272834188146518 0.026533427981708615 0.017132311101241481 0.017823503081717113 0.013631054226707776 0.016519790667766623 0.010655176671451634 0.018052551526065271 -0.002453869184547583 0.015741891185859783 0.022448172688923653
leaf_weight=11106 143424 475 17065 3857 50 18472 834 2762 6516 2019 85 6176 268 571 1524 18776 4144 4416 731 11348 86 542 1484 1814 111 1765 138 1815 658 695
leaf_count=11106 143424 475 17065 3857 50 18472 834 2762 6516 2019 85 6176 268 571 1524 18776 4144 4416 731 11348 86 542 1484 1814 111 1765 138 1815 658 695
internal_value=-0.0013138 0.00294286 0.00549 0.00412565 0.00700999 0.000504668 0.0071521 0.000999743 0.00116929 -0.000364477 8.92845e-05 0.00852448 0.0101515 0.0111094 0.00492253 0.000885259 0.00293267 0.00336456 0.00660627 0.006801 0.00758754 0.00466221 0.00848423 0.00718299 0.0127665 0.00541286 0.00719136 -0.000196432 0.00970588 0.0115087
internal_weight=263727 120303 58837 31006 27831 61466 27271 39160 36398 22306 560 7760 1584 1316 18589 25292 12417 8273 19511 16774 5426 1273 4153 2011 197 2737 972 20287 2142 1266
internal_count=263727 120303 58837 31006 27831 61466 27271 39160 36398 22306 560 7760 1584 1316 18589 25292 12417 8273 19511 16774 5426 1273 4153 2011 197 2737 972 20287 2142 1266
is_linear=0
shrinkage=0.05


Tree=12
num_leaves=31
num_cat=0
split_feature=10 0 0 0 4 0 26 0 0 26 4 18 0 11 26 9 29 3 3 3 6 29 24 29 29 0 24 8 12 19
split_gain=1506.56 252.316 43.1323 10.5207 7.77381 7.33435 4.96276 4.82751 3.05941 2.52176 2.09741 2.0938 2.02947 2.48389 1.99194 1.98542 2.02927 1.84036 1.80837 1.80751 1.73442 1.72571 1.70523 1.96609 1.66057 1.65468 1.63913 1.88163 1.99381 1.58965
threshold=0.51666666666666672 5.3011333813679853 5.5746383022120165 5.246850529502967 0.092036905063434996 5.5003400335032957 1.0000000180025095e-35 5.6320442347098254 5.1752994071594012 1.0000000180025095e-35 0.027694855897018519 3.7538778984807712 5.5436514665010481 2.2089910962941972 1.0000000180025095e-35 0.47074706344752548 1.0000000180025095e-35 0.020694845740141476 0.14651263278663515 0.12211070574685252 1.0032999440257362 -0.51305018789241741 2.5000000000000004 0.43297772120913963 0.43297772120913963 5.5073124013830048 29.500000000000004 1.1110763684696017 1.2055217300267913 16.816708734032748
decision_type=2 2 2 2 2 2 2 2 2 2 2 2 2 2 2 2 2 2 2 2 2 2 2 2 2 2 2 2 2 2
left_child=1 3 4 6 25 11 8 22 24 12 -10 18 13 17 20 16 -14 -7 -6 -12 -5 -20 23 -4 -1 -3 27 28 -13 -23
right_child=-2 2 7 14 5 9 -8 -9 10 -11 19 26 15 -15 -16 -17 -18 -19 21 -21 -22 29 -24 -25 -26 -27 -28 -29 -30 -31
leaf_value=0.0049294752337390117 -0.016732305079308681 -0.0010443858235826239 0.010015028908431187 -0.00051998427778837881 -0.00060388467257411994 -0.00014575580364386762 -0.0036376691971627241 0.0040358219585512759 0.00098596413460287245 0.010817680152737909 0.0028715559615520476 0.018719857491851642 0.027217944860840018 0.018658886856534551 -0.0053782017408978465 0.01063215572290274 0.0082890710154013749 0.013111288003451654 0.020533024450036179 0.001309218086735244 0.0087276798849377051 0.016148549621673343 0.0071848995711041516 0.00035853743517013108 0.0093010474321279894 0.010845089095418772 0.0097308258399582299 0.026172965991543746 -0.00016415639060470729 0.008208784399938716
leaf_weight=2130 143481 457 820 21061 90 119 2661 7189 11737 1987 15136 1990 58 181 2081 10026 129 15993 99 6572 55 4979 13545 140 98 523 183 75 55 207
leaf_count=2130 143481 457 820 21061 90 119 2661 7189 11737 1987 15136 1990 58 181 2081 10026 129 15993 99 6572 55 4979 13545 140 98 523 183 75 55 207
internal_value=-0.00142231 0.00270253 0.00504333 0.000463911 0.00607776 0.00619681 0.000972504 0.00327187 0.00112788 0.00582722 0.00100837 0.00756838 0.00595601 0.0063024 -0.000376559 0.00540341 0.010508 0.00623697 0.00702791 0.00129952 -0.000231106 0.00714759 0.00379697 0.00583333 0.0029219 0.00168367 0.00882979 0.0092217 0.00893643 0.00702275
internal_weight=263857 120376 58845 61531 37151 36171 38334 21694 35673 28493 33445 7678 26506 16293 23197 10213 187 16112 5375 21708 21116 5285 14505 960 2228 980 2303 2120 2045 5186
internal_count=263857 120376 58845 61531 37151 36171 38334 21694 35673 28493 33445 7678 26506 16293 23197 10213 187 16112 5375 21708 21116 5285 14505 960 2228 980 2303 2120 2045 5186
is_linear=0
shrinkage=0.05


Tree=13
num_leaves=31
num_cat=0
split_feature=10 3 5 26 3 18 7 3 17 23 1 1 21 18 5 1 13 16 15 23 1 19 5 16 26 6 12 10 3 1
split_gain=1456.18 189.056 14.4825 7.29955 6.66246 5.77021 4.01495 3.95004 3.74909 3.54301 3.38685 3.24731 2.81018 2.50175 2.49507 2.33079 2.21982 2.21481 2.20752 2.174 2.64282 2.09383 2.06097 2.00091 1.976 1.92395 1.91922 1.91545 1.88716 1.82855
threshold=0.7333333333333335 0.22397061954145348 0.75018944508697005 1.0000000180025095e-35 0.3587071647384934 6.256633962694699 0.3711699720524278 0.016210950926025557 5.5000000000000009 1.5000000000000002 265.00000000000006 97.000000000000014 2.5000000000000004 5.7005334325441241 0.6413896102798059 137.00000000000003 0.099686049338349639 1.9869606606726684 25.500000000000004 2.5000000000000004 281.00000000000006 11.637590493069476 0.75544060075152986 0.53496307822260436 1.0000000180025095e-35 0.26030117562560534 0.18384129737309593 0.2166666666666667 0.030369814559519228 129.00000000000003
decision_type=2 2 2 2 2 2 2 2 2 2 2 2 2 2 2 2 2 2 2 2 2 2 2 2 2 2 2 2 2 2
left_child=1 2 3 6 5 9 8 -4 29 15 12 -6 13 23 -7 -3 21 19 -13 20 22 -14 -11 28 25 -9 -21 -12 -8 -1
right_child=-2 4 7 -5 11 14 10 24 -10 17 27 18 16 -15 -16 -17 -18 -19 -20 26 -22 -23 -24 -25 -26 -27 -28 -29 -30 -31
leaf_value=0.0068363626482411599 -0.015895689825343246 0.0058433901861900325 0.0037395049635154005 -0.0033194530918345061 0.0041862960862537974 -0.00070949851206740793 0.00010998890522679014 0.010085142331288356 0.011307005099371123 0.0099477040300111844 0.0030481551767867882 0.012446401956600033 0.0058336389961673677 -0.00057485192783537356 0.014777811489665961 0.010055239817115261 0.0042815198513063146 0.014836318460611762 0.018219034057331253 0.010623981874137491 0.018581251671003728 0.014148315626485705 0.021494457815631481 0.0022272401991768375 0.0011503754395401928 0.00758630745718002 0.0091855731494173299 0.0056114033008806651 0.001606551902707307 0.0030761979931768855
leaf_weight=662 143314 1601 4757 5110 454 786 12575 904 479 2494 3364 22081 190 6273 58 4171 1878 167 98 7207 85 89 262 14638 513 4626 4381 1216 15766 3209
leaf_count=662 143314 1601 4757 5110 454 786 12575 904 479 2494 3364 22081 190 6273 58 4171 1878 167 98 7207 85 89 262 14638 513 4626 4381 1216 15766 3209
internal_value=-0.00147999 0.00258114 0.0010768 0.000796879 0.00519728 0.00456062 0.000950545 0.00277315 0.00241379 0.00472849 0.00083686 0.00579397 0.000720787 0.000643424 0.000509477 0.00367983 0.00248725 0.00514319 0.00587966 0.00507693 0.00631644 0.00664874 0.00604862 0.000779566 0.00362154 0.00389692 0.00477304 0.00213974 0.000534384 0.00189744
internal_weight=263408 120094 76249 65449 43845 21212 60339 10800 4350 20368 55989 22633 51409 49252 844 5772 2157 14596 22179 14429 2841 279 2756 42979 6043 5530 11588 4580 28341 3871
internal_count=263408 120094 76249 65449 43845 21212 60339 10800 4350 20368 55989 22633 51409 49252 844 5772 2157 14596 22179 14429 2841 279 2756 42979 6043 5530 11588 4580 28341 3871
is_linear=0
shrinkage=0.05


Tree=14
num_leaves=31
num_cat=0
split_feature=10 0 0 0 0 4 0 26 0 24 0 20 18 6 29 3 24 1 26 23 1 19 3 11 29 29 3 18 24 17
split_gain=1391.57 198.144 34.2339 9.63248 8.3409 9.40286 4.95039 3.82918 2.73326 2.58003 2.40288 2.16784 2.10716 2.04152 2.82157 1.90503 1.86892 1.85071 1.77661 1.91381 3.64796 3.05684 2.89605 2.02955 1.79287 2.53879 1.7923 1.7367 1.60682 2.84184
threshold=0.7333333333333335 5.3011333813679853 5.5746383022120165 5.2454046701706245 5.5254869140418341 0.11577830079605211 5.618241300218509 1.0000000180025095e-35 5.473950012258177 2.5000000000000004 5.2086614638248561 0.13444533697178532 4.8067996689731958 0.099586668812152904 -0.16176097343974291 0.30870022075787201 8.5000000000000018 125.00000000000001 1.0000000180025095e-35 3.5000000000000004 277.00000000000006 13.8824939102561 0.42636344341038496 1.561759448688816 0.051237293850239694 0.013816729295986154 0.12557320551757548 1.6749658239256511 17.500000000000004 4.5000000000000009
decision_type=2 2 2 2 2 2 2 2 2 2 2 2 2 2 2 2 2 2 2 2 2 2 2 2 2 2 2 2 2 2
left_child=1 3 4 7 5 -3 17 10 11 -6 -1 15 13 14 -11 -7 -12 -4 19 20 22 -22 -10 26 25 -24 -21 -26 -17 -30
right_child=-2 2 6 -5 9 8 -8 -9 18 12 16 -13 -14 -15 -16 28 -18 -19 -20 23 21 -23 24 -25 27 -27 -28 -29 29 -31
leaf_value=0.003105886154481615 -0.015100905334076084 -0.00038712974755887364 0.0086542850583140752 -0.00072414629534699117 0.0066563976502751815 0.0098779473619617694 0.0041218147708886347 -0.0032894523056778641 0.014061661473520068 0.015922795876359721 1.4576371444332593e-05 0.014752179226845998 0.0089255768044583725 0.010144822873353922 0.013705552672422461 0.020545432466427472 0.0022242556592163574 0.0062250149663571133 0.012167329515309246 -0.0011251459219700226 0.023347034124792686 0.014908529898281475 0.015542614678396106 0.017402108375616999 0.018531471312018984 0.020492952590958711 0.012606649797463652 0.0094738398823649081 0.021555603572661605 0.014652735832818595
leaf_weight=11185 143240 560 3851 24100 1391 172 10312 2600 4829 75 6053 683 1738 15856 500 883 17470 7540 926 102 237 287 323 113 162 60 5812 1553 197 687
leaf_count=11185 143240 560 3851 24100 1391 172 10312 2600 4829 75 6053 683 1738 15856 500 883 17470 7540 926 102 237 287 323 113 162 60 5812 1553 197 687
internal_value=-0.00155442 0.00241121 0.00448444 0.000424373 0.00540623 0.00619641 0.00290674 0.000927682 0.00640608 0.00469581 0.00106632 0.00789092 0.0048547 0.00502982 0.00795652 0.0087442 0.000779449 0.00362523 0.00613579 0.00628135 0.0068172 0.0108397 0.00651292 0.00561888 0.00496187 0.00805483 0.00549205 0.00427114 0.00923316 0.00772624
internal_weight=263497 120257 58849 61408 37146 17586 21703 37308 17026 19560 34708 2622 18169 16431 575 1939 23523 11391 14404 13478 7451 524 6927 6027 2098 383 5914 1715 1767 884
internal_count=263497 120257 58849 61408 37146 17586 21703 37308 17026 19560 34708 2622 18169 16431 575 1939 23523 11391 14404 13478 7451 524 6927 6027 2098 383 5914 1715 1767 884
is_linear=0
shrinkage=0.05


Tree=15
num_leaves=31
num_cat=0
split_feature=10 0 0 0 0 3 0 26 0 9 26 0 26 5 10 12 8 29 0 11 11 20 19 5 17 7 26 16 1 23
split_gain=1340.77 176.678 29.3283 8.15959 6.08867 6.91796 3.56208 3.51389 3.2986 2.75328 2.55145 2.41123 2.02969 1.95247 1.8831 1.81333 1.99158 1.51575 1.77625 2.05462 1.77299 1.48384 1.48119 1.46469 1.46011 1.73683 1.43335 1.42946 1.35969 4.05862
threshold=0.45000000000000007 5.3011333813679853 5.5746383022120165 5.2454046701706245 5.5389049343477952 0.048695533116669611 5.4874078435201818 1.0000000180025095e-35 5.6320442347098254 0.55691207746232552 1.0000000180025095e-35 5.1752994071594012 1.0000000180025095e-35 0.4852070220145912 0.28333333333333338 0.19107429257261446 1.0442462284866445 0.62705200687072382 5.473950012258177 1.1044788873463955 0.20641554762649825 0.0076001376790149179 32.016114133320826 0.42698667930656026 4.5000000000000009 0.63267750195011807 1.0000000180025095e-35 0.70387546403000079 277.00000000000006 3.5000000000000004
decision_type=2 2 2 2 2 2 2 2 2 2 2 2 2 2 2 2 2 2 2 2 2 2 2 2 2 2 2 2 2 2
left_child=1 3 4 7 5 14 9 11 12 -7 28 13 21 23 -3 16 17 18 -11 -20 -19 -4 24 27 25 -6 -5 -1 -8 -30
right_child=-2 2 8 26 22 6 10 -9 -10 15 -12 -13 -14 -15 -16 -17 -18 20 19 -21 -22 -23 -24 -25 -26 -27 -28 -29 29 -31
leaf_value=0.0005475885005345962 -0.01434586006737228 -0.001228020463364613 0.011721314943473837 -0.00034102702017079693 0.0075160460520655656 0.0062442571554800919 0.011683451450000323 -0.0031892710699386799 0.0035004352554735261 0.019025010402170403 0.0098140605707604731 0.0018130701093501242 0.0029237637622617227 0.0031902404237240754 0.020865182688406578 0.015137766968762845 0.027458609748954449 0.016290009094689001 0.015757530003814305 0.024817843944934453 -0.00016074541827490276 0.006549545878363032 0.0015365488605709522 0.0087570136101636515 0.0096566053253241552 0.020165842935019031 -0.0049967368764712626 0.0099834945025900606 0.019973158788011629 0.0084552049039687358
leaf_weight=296 143628 534 54 22190 4711 306 15978 2600 7203 1093 1232 32454 1297 1350 58 1848 112 245 928 51 116 13114 296 516 8398 62 2189 56 594 521
leaf_count=296 143628 534 54 22190 4711 306 15978 2600 7203 1093 1232 32454 1297 1350 58 1848 112 245 928 51 116 13114 296 516 8398 62 2189 56 594 521
internal_value=-0.001618 0.00227355 0.00423559 0.000403804 0.00508953 0.00557334 0.00571056 0.000869016 0.00277414 0.00693871 0.00539563 0.00100196 0.00320947 0.00259693 0.000236485 0.00725814 0.00812377 0.00782367 0.00834459 0.00679775 0.00483379 0.00339535 0.00424111 0.004447 0.00431972 0.00362141 -0.000307438 0.00196023 0.00555403 0.00724215
internal_weight=264030 120402 58751 61651 37083 23616 23024 37272 21668 4699 18325 34672 14465 2218 592 4393 2545 2433 2072 979 361 13168 13467 868 13171 4773 24379 352 17093 1115
internal_count=264030 120402 58751 61651 37083 23616 23024 37272 21668 4699 18325 34672 14465 2218 592 4393 2545 2433 2072 979 361 13168 13467 868 13171 4773 24379 352 17093 1115
is_linear=0
shrinkage=0.05


Tree=16
num_leaves=31
num_cat=0
split_feature=10 0 0 0 0 3 26 0 0 4 19 24 17 20 0 24 26 29 5 23 2 17 18 24 24 23 19 9 6 13
split_gain=1284.5 164.404 26.739 8.2632 7.73998 5.61039 3.18754 2.41892 2.16981 3.54854 2.09566 1.97723 2.15469 3.22879 1.93516 1.85348 1.84906 1.75909 1.90048 1.68324 1.679 1.63826 1.53621 1.49838 1.49236 2.76151 3.15873 1.50544 1.42565 1.54577
threshold=0.51666666666666672 5.3011333813679853 5.5413304378438735 5.5973879821036503 5.2275719340818574 0.053116796908169069 1.0000000180025095e-35 5.2681306423380407 5.473950012258177 0.31091690483362444 23.763239852563007 11.500000000000002 5.5000000000000009 0.14195189186974558 5.1752994071594012 6.5000000000000009 1.0000000180025095e-35 0.45741735484948326 0.4852070220145912 5.5000000000000009 0.12313475862572264 4.5000000000000009 5.1580012860283366 3.5000000000000004 17.500000000000004 1.0000000180025095e-35 12.293154133233626 0.55787795102283078 0.26030117562560534 1.1119986890868603
decision_type=2 2 2 2 2 2 2 2 2 2 2 2 2 2 2 2 2 2 2 2 2 2 2 2 2 2 2 2 2 2
left_child=1 4 5 21 6 -3 14 16 9 -7 22 12 -11 15 17 -14 -6 18 24 -8 -5 -4 -10 -23 25 -1 27 -27 -13 -30
right_child=-2 2 3 20 7 8 19 -9 10 11 -12 28 13 -15 -16 -17 -18 -19 -20 -21 -22 23 -24 -25 -26 26 -28 -29 29 -31
leaf_value=-0.0019072627096266949 -0.013628567064003666 0.0009192520350296534 0.0067726455067639874 0.003885445605876637 0.00047415075138492781 0.0013848381051754872 -0.0061733637312599808 -0.001675159863029225 0.011798416819535971 0.017058487034453711 0.0095970594547478399 0.018200418746406249 0.024796140611735226 0.014000616444973454 0.0020353090413664479 0.018229840221025542 -0.0038921523803897105 0.010501421303796811 0.0025372905782574395 0.0053769312487668775 0.0049343591570496712 0.0058407455998361266 0.017026988165067893 0.0087160203924587058 0.0023213567406322726 0.0058410924747575111 0.011680290286212964 0.013766940566275096 0.012029867964029411 0.019044864709291811
leaf_weight=64 143332 638 6960 7362 26771 254 1359 9154 18761 521 2291 733 96 56 19545 78 2300 90 1259 230 8027 1141 188 10640 403 247 69 59 857 108
leaf_count=64 143332 638 6960 7362 26771 254 1359 9154 18761 521 2291 733 96 56 19545 78 2300 90 1259 230 8027 1141 188 10640 403 247 69 59 857 108
internal_value=-0.00169054 0.00211993 0.00401279 0.00310724 0.000314377 0.00527013 0.00103215 -0.000123611 0.00539343 0.00672771 0.00522363 0.00731115 0.0094474 0.0134783 0.00119019 0.0168391 9.95826e-05 0.00259927 0.00230604 -0.00112964 0.00224868 0.00381223 0.00539633 0.00417155 0.00414489 0.00616173 0.0078 0.00562091 0.00636631 0.00510363
internal_weight=263593 120261 58711 34130 61550 24581 23325 38225 23943 2703 21240 2449 751 230 21736 174 29071 2191 2101 1589 15389 18741 18949 11781 842 439 375 306 1698 965
internal_count=263593 120261 58711 34130 61550 24581 23325 38225 23943 2703 21240 2449 751 230 21736 174 29071 2191 2101 1589 15389 18741 18949 11781 842 439 375 306 1698 965
is_linear=0
shrinkage=0.05


Tree=17
num_leaves=31
num_cat=0
split_feature=10 0 0 0 4 0 0 26 0 7 19 26 29 24 1 24 24 17 20 24 17 24 11 11 22 5 29 4 24 1
split_gain=1260.86 133.872 24.0061 8.2546 5.49367 5.40482 4.31775 3.5876 2.91565 2.69595 2.32403 2.14511 2.19801 1.85811 1.7839 1.64623 1.62189 1.54902 1.51888 3.06538 1.84059 1.83852 2.74263 2.11094 2.44117 1.96586 2.32224 1.9575 2.57977 1.62077
threshold=0.41666666666666674 5.3011333813679853 5.5484946787729337 5.2524496318576963 0.073064926371091785 5.618241300218509 5.5003400335032957 1.0000000180025095e-35 5.2086614638248561 0.19160002667849954 22.949364118069074 1.0000000180025095e-35 -0.57590045483512864 8.5000000000000018 113.00000000000001 24.500000000000004 29.500000000000004 4.5000000000000009 0.13935362285303179 24.500000000000004 4.5000000000000009 12.500000000000002 1.1044788873463955 1.0000000180025095e-35 6.5000000000000009 0.55977333108623684 0.48199358273701259 0.42631891059381471 28.500000000000004 233.00000000000003
decision_type=2 2 2 2 2 2 2 2 2 2 2 2 2 2 2 2 2 2 2 2 2 2 2 2 2 2 2 2 2 2
left_child=1 3 4 7 -3 -4 9 8 -1 -6 -8 12 -11 -10 -5 -9 18 -15 21 20 -20 22 23 24 -14 -23 27 28 29 -27
right_child=-2 2 5 14 6 -7 10 15 13 11 -12 -13 16 17 -16 -17 -18 -19 19 -21 -22 25 -24 -25 -26 26 -28 -29 -30 -31
leaf_value=0.0028918776389388577 -0.012947138710803482 -8.9935152753543862e-05 0.0066504404088312792 -0.0031578095066222677 0.013536239108534779 0.0037313847716632393 0.010406039618313144 -0.00011457072688916184 -1.7107307619539891e-05 0.022660240542363371 0.007710589402808575 0.0075113421039715318 0.0049361262854176191 0.0020532616371138771 -0.00042577639879890064 -0.0083579252213598961 0.0084525501935970079 -0.0013650122713830676 0.0031825893027990593 0.016579243462673521 0.015608329457134126 0.010418922868485489 0.01828785578109441 0.013258002892717766 0.019084589880266126 0.0096074735510888465 0.016979220880007528 0.0081886235232688821 0.020772125620343754 0.017071268047397541
leaf_weight=10963 143626 579 20718 3234 194 10344 17126 2069 7334 84 2463 499 102 19129 15913 921 543 1748 365 253 749 1152 107 1338 298 613 611 266 102 430
leaf_count=10963 143626 579 20718 3234 194 10344 17126 2069 7334 84 2463 499 102 19129 15913 921 543 1748 365 253 749 1152 107 1338 298 613 611 266 102 430
internal_value=-0.00171604 0.0020613 0.00376289 0.000425616 0.00482815 0.00280697 0.00493039 0.000816572 0.000943992 0.00593304 0.00453596 0.00578275 0.00600813 0.00067509 -0.000435317 -0.000852844 0.00591066 0.0009156 0.00613373 0.00465618 0.00352783 0.00653616 0.00779133 0.007313 0.0105 0.00580655 0.0067458 0.00563076 0.00652838 0.00578619
internal_weight=263873 120247 58936 61311 27874 31062 27295 42164 39174 7706 19589 7512 7013 28211 19147 2990 6929 20877 6386 1367 1114 5019 1845 1738 400 3174 2022 1411 1145 1043
internal_count=263873 120247 58936 61311 27874 31062 27295 42164 39174 7706 19589 7512 7013 28211 19147 2990 6929 20877 6386 1367 1114 5019 1845 1738 400 3174 2022 1411 1145 1043
is_linear=0
shrinkage=0.05


Tree=18
num_leaves=31
num_cat=0
split_feature=10 0 0 0 4 0 0 2 0 23 0 14 8 0 17 9 22 12 9 23 14 9 10 16 1 24 1 13 15 10
split_gain=1217.37 126.73 20.1684 6.13048 6.32189 5.04601 2.75526 2.19239 1.90512 1.77668 2.20082 1.85625 1.65142 1.5991 1.58537 1.76192 1.56083 1.73597 1.50952 1.46845 1.42361 1.38011 1.37331 1.3682 1.55082 1.36508 1.33138 1.2751 1.25901 1.55227
threshold=0.51666666666666672 5.3011333813679853 5.5931903528767899 5.5125765798679067 0.14963942630347724 5.2275719340818574 5.473950012258177 0.082924521330953585 5.2681306423380407 1.5000000000000002 5.5389049343477952 2.7741413236991019 0.75831344591024941 5.184403398099442 6.5000000000000009 0.63072861771374622 19.500000000000004 1.2448114420507665 0.45353650015905239 2.5000000000000004 1.1215997751076994 0.79887450862682707 0.083333333333333356 0.84687569614127078 117.00000000000001 14.500000000000002 125.00000000000001 0.047099801587087466 14.500000000000002 0.2166666666666667
decision_type=2 2 2 2 2 2 2 2 2 2 2 2 2 2 2 2 2 2 2 2 2 2 2 2 2 2 2 2 2 2
left_child=1 5 3 4 -3 13 20 26 -7 18 -11 12 16 -1 -9 -16 17 27 -5 -18 -6 22 -20 -8 -25 -15 -4 -12 29 -29
right_child=-2 2 7 9 6 8 23 14 -10 10 11 -13 -14 25 15 -17 19 -19 21 -21 -22 -23 -24 24 -26 -27 -28 28 -30 -31
leaf_value=0.0029764914401289675 -0.012299781775263308 -0.00035876635585224139 0.0046340967530335729 0.01000081801595696 0.017545919541033888 0.00040724604868431379 0.010791461312521275 0.004252424014791519 -0.0013780298261499091 0.010703328032736451 0.0066304073579385621 0.013288994696735432 0.0055680457258223638 0.00036224612286955545 0.0066642014847683416 0.010518854877822411 0.0095901060975578413 -0.00072050571681044246 0.0082375455674340882 0.0057760811319427507 0.011616301601742086 -0.00085547588904678776 0.0067390055520383831 0.021215300028190442 0.012983416352434208 0.0022185240775280091 0.0021405843613078617 0.0088978848595352676 0.0021804762817621277 0.010047766629120367
leaf_weight=3995 143396 541 2347 80 1752 29045 6706 9454 9131 8170 1058 148 2935 7871 558 72 826 185 2203 3277 852 272 5964 100 2558 11373 4196 4291 207 378
leaf_count=3995 143396 541 2347 80 1752 29045 6706 9454 9131 8170 1058 148 2935 7871 558 72 826 185 2203 3277 852 272 5964 100 2558 11373 4196 4291 207 378
internal_value=-0.00177049 0.00193309 0.00358532 0.00416288 0.00509273 0.000342342 0.00533172 0.00210892 -1.12648e-05 0.00377509 0.00401746 0.00362082 0.00355818 0.000923231 0.0025714 0.005 0.00385834 0.00436427 0.0031641 0.00310383 0.00677035 0.0030993 0.00321599 0.00493165 0.00589165 0.000734254 0.00139615 0.00451297 0.00485439 0.00502356
internal_weight=263941 120545 59130 42503 12509 61415 11968 16627 38176 29994 21475 13305 13157 23239 10084 630 10222 6119 8519 4103 2604 8439 8167 9364 2658 19244 6543 5934 4876 4669
internal_count=263941 120545 59130 42503 12509 61415 11968 16627 38176 29994 21475 13305 13157 23239 10084 630 10222 6119 8519 4103 2604 8439 8167 9364 2658 19244 6543 5934 4876 4669
is_linear=0
shrinkage=0.05


Tree=19
num_leaves=31
num_cat=0
split_feature=10 0 0 0 0 4 26 9 4 0 3 7 0 5 2 5 20 1 22 3 17 7 7 12 19 9 26 19 5 19
split_gain=1171.14 104.253 17.0179 4.83098 3.75219 5.9371 2.66898 2.23433 1.93756 1.90654 1.95567 1.92124 1.82328 1.72999 1.66822 2.13746 1.72622 1.56953 1.71239 1.52045 1.45804 1.4533 1.38664 1.36551 2.87801 1.32233 1.25699 1.37004 1.23635 1.16014
threshold=0.7333333333333335 5.3011333813679853 5.5783001407402253 5.2429078649157086 5.5179658713565738 0.032790872225026566 1.0000000180025095e-35 0.45353650015905239 0.007538409528933177 5.4874078435201818 0.26198890829139976 0.19160002667849954 5.1752994071594012 0.93903965249392052 0.14821781559669323 0.87998661605927075 0.14849258211549268 121.00000000000001 11.500000000000002 0.30870022075787201 6.5000000000000009 0.62412082942728642 0.55800247903510469 0.14329457960185329 9.9961568972080439 0.55607384942972338 1.0000000180025095e-35 8.4968520641282712 0.4852070220145912 16.967990878754971
decision_type=2 2 2 2 2 2 2 2 2 2 2 2 2 2 2 2 2 2 2 2 2 2 2 2 2 2 2 2 2 2
left_child=1 3 4 6 5 -3 12 -6 17 11 14 -7 28 21 23 16 -16 18 -4 -13 25 -9 -14 24 -11 -12 27 -20 -1 -5
right_child=-2 2 8 29 7 9 -8 13 -10 10 20 19 22 -15 15 -17 -18 -19 26 -21 -22 -23 -24 -25 -26 -27 -28 -29 -30 -31
leaf_value=0.0053364148424115687 -0.011684792686500143 -0.0039780750960372244 -0.00096962981652774175 -5.2385597387145218e-05 0.019409037745319886 0.012435726684023068 -0.0027292031574586693 0.007656578459549571 0.0045820768955030797 0.0087532405142338645 0.00063593590345643089 0.0081355492770722581 0.0017634240492211508 0.0025882139466576991 0.016319856961616027 0.00022077926480985576 0.016115172063250048 -0.00015574308884277292 0.0032403411338447763 0.014778205255132649 0.011655025761458188 0.023602542899237834 -0.00079833139720797614 0.0089692965568145631 0.02031257862138143 0.0097415031420932646 -0.0081191228550904892 0.0087536694918924143 0.0025991149688250801 -0.002005997138849473
leaf_weight=879 143487 343 327 22607 168 119 2447 22900 18071 69 217 736 28229 654 193 63 137 1594 220 3906 524 78 2466 275 50 7833 66 399 1321 3624
leaf_count=879 143487 343 327 22607 168 119 2447 22900 18071 69 217 736 28229 654 193 63 137 1594 220 3906 524 78 2466 275 50 7833 66 399 1321 3624
internal_value=-0.00183544 0.00179832 0.00330138 0.000359491 0.00392591 0.00456101 0.000741043 0.00353991 0.00214562 0.00471888 0.00430456 0.0055335 0.000859552 0.00349907 0.00668996 0.00899491 0.0106061 0.000871066 0.00241107 0.00537268 0.00408561 0.00357124 0.000759895 0.00439086 0.00886555 0.00391925 0.00383212 0.0045315 0.00225 -0.000154589
internal_weight=264002 120515 58942 61573 38265 14465 35342 23800 20677 14122 9361 4761 32895 23632 787 393 330 2606 1012 4642 8574 22978 30695 394 119 8050 685 619 2200 26231
internal_count=264002 120515 58942 61573 38265 14465 35342 23800 20677 14122 9361 4761 32895 23632 787 393 330 2606 1012 4642 8574 22978 30695 394 119 8050 685 619 2200 26231
is_linear=0
shrinkage=0.05


Tree=20
num_leaves=31
num_cat=0
split_feature=10 0 0 0 0 4 0 26 29 24 23 1 14 24 26 20 24 1 5 29 23 29 9 29 20 23 29 11 2 0
split_gain=1124.58 98.5489 16.463 4.62885 4.08339 5.79277 2.69769 2.37749 2.07754 1.98394 1.91496 2.53764 1.91054 1.87146 1.77925 1.79561 1.77647 3.0093 2.81293 2.72071 2.65869 2.74691 2.3497 2.18434 1.83539 1.70537 2.43586 1.68739 1.68329 1.67502
threshold=0.7333333333333335 5.3011333813679853 5.5931903528767899 5.2524496318576963 5.5341598236142326 0.12323638593456779 5.473950012258177 1.0000000180025095e-35 0.65717519895737342 8.5000000000000018 5.5000000000000009 201.00000000000003 1.077507078347743 29.500000000000004 1.0000000180025095e-35 0.061868728978222105 25.500000000000004 261.00000000000006 0.62556457913787422 0.6935744829748387 1.5000000000000002 0.29198063546128966 0.76898613516318182 0.8194000712106887 0.10696168150944609 4.5000000000000009 0.46942941679837918 0.14070212066875659 0.082924521330953585 5.1996595859329693
decision_type=2 2 2 2 2 2 2 2 2 2 2 2 2 2 2 2 2 2 2 2 2 2 2 2 2 2 2 2 2 2
left_child=1 3 4 7 5 -3 8 9 12 29 -9 -12 14 16 15 -7 18 19 22 -18 21 -19 -8 -21 -20 -17 -27 -10 -4 -1
right_child=-2 2 28 -5 -6 6 13 10 27 -11 11 -13 -14 -15 -16 25 17 20 24 23 -22 -23 -24 -25 -26 26 -28 -29 -30 -31
leaf_value=0.001899369424027898 -0.011100553052175137 -0.0016526506724454477 0.002768339467786513 -0.00083984792138624758 0.0066589202264057861 0.018809183367377209 0.0089192684433798391 -0.0041377471258100141 0.009059724292275596 0.0017630571481423475 0.00094779855077074457 0.010198964082535228 0.0098772473391742204 0.0058716094540433202 0.0046993814389359092 0.019503614808055146 0.011141978996171916 -0.00025297341328139558 0.011390502782924583 0.016927740152538489 0.016612049339074852 0.019814565488168158 0.0039690901779177038 0.0059859442841410588 0.010464801331145879 0.0064421131973071161 0.014394420409853757 -0.00092870930376515138 0.0040024374097047321 -0.00034459564326575588
leaf_weight=1938 143835 568 6455 19252 20769 245 8550 2629 134 29230 332 82 798 1376 106 791 2146 139 2826 105 347 182 1011 74 1764 268 65 215 10063 8128
leaf_count=1938 143835 568 6455 19252 20769 245 8550 2629 134 29230 332 82 798 1376 106 791 2146 139 2826 105 347 182 1011 74 1764 268 65 215 10063 8128
internal_value=-0.00190175 0.00165945 0.0031199 0.000260508 0.00364074 0.00412022 0.00425409 0.000552799 0.00575515 0.000657063 -0.000793626 0.00236715 0.00630664 0.00404158 0.00737288 0.0078561 0.00418397 0.00529068 0.0039499 0.00444086 0.0082485 0.00496885 0.00346146 0.0103631 0.00496732 0.00701067 0.00400901 0.00216332 0.00178048 5.16579e-05
internal_weight=264423 120588 58997 61591 42479 21710 21142 42339 2622 39296 3043 414 2273 18520 1475 1369 17144 2993 14151 2325 668 321 9561 179 4590 1124 333 349 16518 10066
internal_count=264423 120588 58997 61591 42479 21710 21142 42339 2622 39296 3043 414 2273 18520 1475 1369 17144 2993 14151 2325 668 321 9561 179 4590 1124 333 349 16518 10066
is_linear=0
shrinkage=0.05


Tree=21
num_leaves=31
num_cat=0
split_feature=21 4 6 5 4 4 4 19 7 5 14 11 6 23 1 11 19 7 14 9 13 8 11 8 5 13 23 4 13 16
split_gain=1114.97 81.972 5.7898 3.52035 2.83272 2.29278 2.26242 2.11321 2.00731 1.87085 1.9558 1.68176 1.56937 1.86447 1.64288 1.52457 1.44118 1.42552 1.34795 1.34376 1.72746 1.34861 1.30572 1.28838 1.28427 1.39804 1.54951 3.79263 1.5256 1.24957
threshold=15.000000000000002 0.18217412118880802 0.22650874048757058 0.76642272296969061 0.2988773374608194 0.03657783184312044 0.073064926371091785 17.900391597266253 0.33023675348286791 0.86194306491237482 0.57874113976821306 0.098893651073663699 0.72842761338431539 1.5000000000000002 229.00000000000003 0.76852187164277552 27.871945639996966 0.47908903604429715 0.48076716935330482 0.62175225168482362 1.0854976222991393 0.6059904270546117 1.0000000180025095e-35 0.51330427728661043 0.88821823950593071 2.4101404720997075 2.5000000000000004 0.11577830079605211 0.17883369992584966 2.3039042276390114
decision_type=2 2 2 2 2 2 2 2 2 2 2 2 2 2 2 2 2 2 2 2 2 2 2 2 2 2 2 2 2 2
left_child=1 2 9 5 16 -4 -5 11 -9 17 22 19 29 -14 -15 -13 -3 -1 -19 20 -7 -21 -11 -8 25 26 27 -25 -29 -6
right_child=-2 4 3 6 12 7 23 8 -10 10 -12 15 13 14 -16 -17 -18 18 -20 21 -22 -23 -24 24 -26 -27 -28 28 -30 -31
leaf_value=0.0040851079427426818 -0.01054552539956638 0.0059729754174051852 0.00036197918845577801 0.0028217548793742745 0.0084779025200744963 0.0022386487263678033 0.0023857509124583539 0.0057260069232219933 -0.00082267550852569305 0.012776386911178161 0.017446390982468821 0.0011536198377847585 0.0025138234370895261 0.0096955911393551593 0.01932285959179679 0.0030620899218420762 0.00054667217264301447 -0.0034332611602500736 0.013229026246182161 0.015484976685833322 0.0081569669138862877 0.0058678879742314841 0.0035728594319294074 0.0066068655252206916 0.0043223492960545694 -0.0021693819239391879 0.008227801147057642 0.014656230884924898 0.016810669732516267 0.01661368645792112
leaf_weight=4363 143532 9782 31503 5287 30328 2542 611 550 5048 60 94 21608 101 207 90 4625 643 414 75 53 217 130 191 239 673 90 486 107 50 98
leaf_count=4363 143532 9782 31503 5287 30328 2542 611 550 5048 60 94 21608 101 207 90 4625 643 414 75 53 217 130 191 239 673 90 486 107 50 98
internal_value=-0.00190918 0.001642 0.000698845 0.000585282 0.00344869 0.000468796 0.00160878 0.000748712 -0.000141123 0.00231191 0.00586956 0.00091945 0.00368966 0.00680904 0.00880471 0.000792321 0.00273621 0.00205894 -0.000501024 0.00205302 0.00177782 0.00620218 0.00356574 0.0029344 0.00366261 0.0048251 0.00543084 0.00775252 0.0137898 0.00364885
internal_weight=263797 120265 79016 73819 41249 66276 7543 34773 5598 5197 345 29175 30824 398 297 26233 10425 4852 489 2942 2759 183 251 2256 1645 972 882 396 157 30426
internal_count=263797 120265 79016 73819 41249 66276 7543 34773 5598 5197 345 29175 30824 398 297 26233 10425 4852 489 2942 2759 183 251 2256 1645 972 882 396 157 30426
is_linear=0
shrinkage=0.05


Tree=22
num_leaves=31
num_cat=0
split_feature=21 4 17 11 4 4 26 21 3 15 18 3 18 18 9 4 23 23 26 1 1 17 5 15 7 14 5 8 11 8
split_gain=1059.76 73.0022 5.83668 3.41808 3.13799 2.71739 2.65287 2.23769 1.88367 1.85832 1.60039 1.88799 1.49267 1.47823 1.45732 1.45135 1.40489 5.50426 2.15883 2.13765 2.13729 2.61776 1.95068 1.69393 1.68197 1.61866 1.60004 1.44212 1.42794 1.36733
threshold=15.000000000000002 0.18217412118880802 5.5000000000000009 0.17637911360663786 0.045414351683201036 0.35595663605325739 1.0000000180025095e-35 2.5000000000000004 0.039458094460219167 26.500000000000004 1.3256835252430694 0.070466364595715661 4.4159857550206185 5.9619805275680928 0.46474061088440871 -0.039018703721656271 2.5000000000000004 1.5000000000000002 1.0000000180025095e-35 205.00000000000003 281.00000000000006 6.5000000000000009 0.69371795988285478 9.5000000000000018 0.29412894457587341 1.1215997751076994 0.5831484934990212 0.37905819029826265 1.0267070413001731 0.54553620117163149
decision_type=2 2 2 2 2 2 2 2 2 2 2 2 2 2 2 2 2 2 2 2 2 2 2 2 2 2 2 2 2 2
left_child=1 2 3 4 -1 -3 7 13 15 16 11 -10 29 -5 -9 -4 17 -7 20 -20 21 22 28 -24 -18 26 -22 -26 -19 -6
right_child=-2 5 8 6 12 9 -8 14 10 -11 -12 -13 -14 -15 -16 -17 24 18 19 -21 25 -23 23 -25 27 -27 -28 -29 -30 -31
leaf_value=0.00085044518219503328 -0.010018249129588061 0.0060739771496189183 0.012070936432290473 0.00084330220512872009 0.0025104958537737632 0.0075754109940150503 -0.0029811852762054118 -0.0010354746873793396 0.01108655440615133 0.013726256695098233 0.0051571319199986698 0.0056643436696678035 0.0013987205525981105 -0.00088790439522545427 0.0049511840467520102 0.0017400810249975718 0.0067373227840631924 0.0097953768755182705 0.010867274978332377 0.01751959592667859 0.007578271685985162 0.013013917007193718 0.011181510095832735 0.021647848590506891 0.015189288808779376 0.0094043737717191215 0.028464652975239535 0.0084204170572309434 0.013016400218231493 0.0048257571321870018
leaf_weight=8346 143144 19560 79 44126 3679 5939 4456 455 53 53 2999 293 2203 5740 1812 2060 6046 2012 136 56 64 160 320 67 178 72 50 6418 118 2667
leaf_count=8346 143144 19560 79 44126 3679 5939 4456 455 53 53 2999 293 2203 5740 1812 2060 6046 2012 136 56 64 160 320 67 178 72 50 6418 118 2667
internal_value=-0.00197772 0.00148327 0.000592771 0.00047534 0.00109944 0.00318808 0.000289013 0.0003891 0.0021663 0.00357347 0.00290732 0.00612717 0.00177272 0.000319254 0.00192545 0.00100748 0.00355056 0.00402824 0.00575286 0.0108854 0.00540866 0.00504856 0.00465435 0.0079199 0.00321072 0.0105914 0.0142982 0.00376289 0.00406103 0.00216199
internal_weight=263361 120217 78968 73484 16895 41249 56589 52133 5484 21689 3345 346 8549 49866 2267 2139 21636 8994 3055 192 2863 2677 2517 387 12642 186 114 6596 2130 6346
internal_count=263361 120217 78968 73484 16895 41249 56589 52133 5484 21689 3345 346 8549 49866 2267 2139 21636 8994 3055 192 2863 2677 2517 387 12642 186 114 6596 2130 6346
is_linear=0
shrinkage=0.05


Tree=23
num_leaves=31
num_cat=0
split_feature=8 0 5 0 0 0 4 0 29 0 13 14 11 20 5 4 29 5 5 22 5 18 5 4 29 5 2 7 6 12
split_gain=1003.75 86.0473 30.7351 11.0565 4.24846 3.8148 3.56546 2.70907 2.13212 1.63238 1.49794 2.25801 1.72883 1.49911 1.45157 1.42693 1.35126 1.31681 1.64717 1.75782 1.85982 1.34433 1.2709 1.4854 1.24047 1.37487 1.23891 1.33694 1.22204 1.20693
threshold=1.0000000180025095e-35 5.3011333813679853 0.84610476625601916 5.6015078027592979 5.226358405843377 5.5389049343477952 0.044107279634450804 5.4874078435201818 0.8194000712106887 5.2681306423380407 1.2128846773885218 1.049283744613569 1.2369955598646747 0.061868728978222105 0.50850146644659977 0.27437785761100647 0.65717519895737342 0.73534297043717756 0.87998661605927075 12.500000000000002 0.83720797665618663 4.2091984770181687 0.57246413092579784 0.39702902392000655 -0.47249933133932337 0.86194306491237482 0.011964875738474112 0.56604128412975718 0.15186642930528152 0.630849833662806
decision_type=2 2 2 2 2 2 2 2 2 2 2 2 2 2 2 2 2 2 2 2 2 2 2 2 2 2 2 2 2 2
left_child=-1 2 4 5 28 6 -3 8 10 -6 11 13 -13 14 -8 -15 -17 29 19 20 -19 -20 23 -9 -21 -26 -5 -28 -2 -7
right_child=1 3 -4 26 9 17 7 22 -10 -11 -12 12 -14 15 -16 16 -18 18 21 24 -22 -23 -24 -25 25 -27 27 -29 -30 -31
leaf_value=-0.0095173366731086569 0.0035723603233318094 -0.0021889841534669242 -0.0095173366731086569 0.0015900342801904921 0.00031326154098942015 0.0056229369661989709 0.0061184930470865083 0.0083379396270965109 -0.00047709103945444065 -0.0011815788948287874 0.014981000583620339 0.0078058203765281071 0.014553327356156718 -0.0064997183278889051 0.016485959921836078 0.013857857533436518 0.0034158630107264348 0.010167668925169482 0.0058757588378284499 0.0095305149680770841 0.0011802600156624547 -0.0023779539771348664 0.0087369137336495307 0.0048948954773790241 0.0046627181909891886 0.0094215145339723791 0.0032880805594721453 0.0066783943591602075 0.0016206876931408297 0.0041987271169092637
leaf_weight=140157 57 427 3440 4077 29773 14007 103 5402 190 9064 215 1265 120 85 500 2036 195 780 1100 68 188 228 9350 3653 1293 125 9734 570 22094 2909
leaf_count=140157 57 427 3440 4077 29773 14007 103 5402 190 9064 215 1265 120 85 500 2036 195 780 1100 68 188 228 9350 3653 1293 125 9734 570 22094 2909
internal_value=-0.00199987 0.00129551 3.43007e-05 0.00268168 0.000293663 0.00307319 0.00350856 0.00359219 0.00466235 -2.15013e-05 0.0048805 0.00467704 0.00301444 0.00546591 0.00768657 0.00488774 0.00512999 0.00257803 0.00342147 0.00418908 0.00584711 0.00200301 0.00331839 0.00289619 0.00310902 0.00279266 0.0014773 0.00176921 0.000846236 0.00238945
internal_weight=263205 123048 64428 58620 60988 44239 23541 23114 4709 38837 4519 4304 1385 2919 603 2316 2231 20698 3782 2454 968 1328 18405 9055 1486 1418 14381 10304 22151 16916
internal_count=263205 123048 64428 58620 60988 44239 23541 23114 4709 38837 4519 4304 1385 2919 603 2316 2231 20698 3782 2454 968 1328 18405 9055 1486 1418 14381 10304 22151 16916
is_linear=0
shrinkage=0.05


Tree=24
num_leaves=31
num_cat=0
split_feature=10 0 0 0 0 4 0 1 16 9 14 0 1 29 23 23 5 29 1 12 20 6 8 4 13 8 29 0 13 8
split_gain=1014.28 58.8796 12.9988 5.2091 2.1373 2.67982 1.71297 1.44822 1.58474 1.36098 1.44968 1.22995 1.47657 1.17605 1.16944 3.76322 1.53097 1.43242 3.41856 1.27196 1.23602 1.20128 1.74562 1.62166 1.54827 1.41867 1.41391 1.34195 1.38211 2.53524
threshold=0.7333333333333335 5.3011333813679853 5.5783001407402253 5.2353610653920999 5.5179658713565738 0.044107279634450804 5.2768833450685602 181.00000000000003 0.46907106362926071 0.45353650015905239 0.41477423955875686 5.6492764668392832 269.00000000000006 0.27826542264527204 1.5000000000000002 2.5000000000000004 0.49038295117696806 0.8194000712106887 161.00000000000003 1.1084401922590372 0.20307957493716663 0.21001374481402227 0.74738602940606402 0.40100311072909972 0.57283921589929043 0.94321472823891395 0.34574269584979694 5.5226691910697721 0.1839312793789023 0.59827890337597411
decision_type=2 2 2 2 2 2 2 2 2 2 2 2 2 2 2 2 2 2 2 2 2 2 2 2 2 2 2 2 2 2
left_child=1 3 4 7 5 -3 -5 -1 -9 10 -6 13 -13 -4 17 16 -16 -11 -19 20 21 23 24 -18 27 -24 -27 -23 -29 -30
right_child=-2 2 11 6 9 -7 -8 8 -10 14 -12 12 -14 -15 15 -17 19 18 -20 -21 -22 22 25 -25 -26 26 -28 28 29 -31
leaf_value=0.00076753439798440059 -0.0090414698394532238 -0.0016862312149866288 0.0037622443414186491 -3.1939866872202432e-05 0.021971865021679707 0.0089678842282896465 -0.0018265491467369215 0.0013112983001635817 0.0030252927731373061 0.0049428074301031532 0.003225162071567836 0.001140208584022196 0.010228097030136038 0.0024242737747957274 0.0043892063719008249 0.00572300940330649 0.0053921276465618666 0.0018418233214837815 0.021974003039647722 0.0011088081670202665 -0.0069591200234322501 0.0051343688692842785 0.0068631898779543503 0.012270303265834838 0.0073823424249686732 0.019484325749633841 0.0012141896498760693 0.010369735059140845 0.0094059182454097265 0.017314503337743415
leaf_weight=12242 143739 418 10801 27150 91 14045 5149 10478 6684 6497 82 3966 98 5614 709 13633 514 80 55 160 69 74 487 129 303 60 51 639 88 100
leaf_count=12242 143739 418 10801 27150 91 14045 5149 10478 6684 6497 82 3966 98 5614 709 13633 514 80 55 160 69 74 487 129 303 60 51 639 88 100
internal_value=-0.00204945 0.00133457 0.00246728 0.000255821 0.00301118 0.00349063 -0.000182515 0.000737313 0.00103368 0.00272008 0.00713873 0.00145051 0.000671751 0.00164331 0.00268775 0.00290726 0.00439994 0.00212455 0.00722222 0.00494764 0.00522275 0.005409 0.00607103 0.00355365 0.00716777 0.00386288 0.00896396 0.00820755 0.00878476 0.0125532
internal_weight=264205 120466 58763 61703 38284 14463 32299 29404 17162 23821 173 20479 4064 16415 23648 17016 3383 6632 135 2674 2514 2445 1802 643 1204 598 111 901 827 188
internal_count=264205 120466 58763 61703 38284 14463 32299 29404 17162 23821 173 20479 4064 16415 23648 17016 3383 6632 135 2674 2514 2445 1802 643 1204 598 111 901 827 188
is_linear=0
shrinkage=0.05


Tree=25
num_leaves=31
num_cat=0
split_feature=10 0 0 0 0 4 23 23 4 6 23 9 15 4 16 7 10 29 29 7 0 29 10 11 23 13 29 29 24 6
split_gain=998.968 53.7211 11.3001 4.06584 3.69187 3.61458 1.78467 3.29676 2.11286 2.07082 1.44778 1.42622 1.37308 1.33714 1.33689 1.29141 1.23264 1.38191 1.89002 1.47368 1.22898 2.16305 1.21925 1.87434 2.04045 1.79217 1.72478 2.07573 2.25633 1.68137
threshold=0.7333333333333335 5.3011333813679853 5.5888183557842188 5.2429078649157086 5.5125765798679067 0.058833808015016704 1.5000000000000002 2.5000000000000004 0.34279727925295861 0.52194417089814338 4.5000000000000009 0.47704130275550544 2.5000000000000004 0.11577830079605211 1.0041295808542523 0.35946854717078042 0.05000000000000001 0.54280278330869824 -0.048647120297597581 0.26637187377211508 5.1701421864534813 0.45741735484948326 0.11666666666666668 0.21502832141877973 2.5000000000000004 1.2128846773885218 0.35441858460372855 0.6935744829748387 3.5000000000000004 0.43496161180108694
decision_type=2 2 2 2 2 2 2 2 2 2 2 2 2 2 2 2 2 2 2 2 2 2 2 2 2 2 2 2 2 2
left_child=1 3 4 20 5 -3 11 8 -8 14 12 13 22 -6 16 -11 -10 18 -18 -19 21 -1 23 24 29 26 -24 28 -28 -7
right_child=-2 2 -4 -5 6 10 7 -9 9 15 -12 -13 -14 -15 -16 -17 17 19 -20 -21 -22 -23 25 -25 -26 -27 27 -29 -30 -31
leaf_value=0.0023700098826404392 -0.0085893963474805626 -0.0013907783015946926 0.0026944028398935612 -0.00043047096197888768 0.01140688833429178 0.013893706807153386 0.0055288524836706373 0.0056247045245953345 0.003794750753519472 0.013030054315179319 0.0080398164995415296 0.0045635054146019429 0.0086397204636905235 0.0028127086500077943 0.0060112575148799407 0.0059723749574802183 0.0074474187958304032 0.014096159350034294 0.010489861456515575 -0.0013917188422894915 0.0011286327124742554 0.0080478187065701895 0.0076602664522726523 0.0059734578523119265 0.0060768803700443387 0.015252379502842008 0.018326436027867234 0.0060802412738919448 0.015693823461094512 0.00052536047037738504
leaf_weight=1680 143183 463 17575 26219 81 252 2077 16813 186 103 3457 8000 5113 101 326 81 151 84 988 144 33524 90 1002 712 248 159 52 173 637 54
leaf_count=1680 143183 463 17575 26219 81 252 2077 16813 186 103 3457 8000 5113 101 326 81 151 84 988 144 33524 90 1002 712 248 159 52 173 637 54
internal_value=-0.00206156 0.00129225 0.00236973 0.000258237 0.00282015 0.00354569 0.0025133 0.00275784 0.00402174 0.00515511 0.0037149 0.00188707 0.00406927 0.00626374 0.00465939 0.0102174 0.00527044 0.00579005 0.00650132 0.00223684 0.000608601 0.00189265 0.00486622 0.00364929 0.00583032 0.00562778 0.00519313 0.00683295 0.00806241 0.00856209
internal_weight=263728 120545 59032 61513 41457 12322 29135 20953 4140 2063 11859 8182 8402 182 1879 184 1553 1367 1139 228 35294 1770 3289 1266 554 2023 1864 862 689 306
internal_count=263728 120545 59032 61513 41457 12322 29135 20953 4140 2063 11859 8182 8402 182 1879 184 1553 1367 1139 228 35294 1770 3289 1266 554 2023 1864 862 689 306
is_linear=0
shrinkage=0.05


Tree=26
num_leaves=31
num_cat=0
split_feature=10 0 0 0 0 26 26 0 3 3 0 7 23 1 1 29 2 0 29 7 7 1 8 3 19 29 8 1 28 7
split_gain=981.847 49.8181 9.19216 4.32448 2.1163 1.92013 1.79029 1.69328 2.52634 1.72281 1.5155 1.47876 1.46192 2.26157 1.43796 1.41596 1.32592 1.25506 1.65572 1.20801 1.55267 2.05124 1.86004 1.19891 1.17021 1.26459 1.18818 1.1576 1.15573 1.1427
threshold=0.7333333333333335 5.3011333813679853 5.5594021876627302 5.2566513836737103 5.6320442347098254 1.0000000180025095e-35 1.0000000180025095e-35 5.5125765798679067 0.14651263278663515 0.28715235809240869 5.4874078435201818 0.19160002667849954 5.5000000000000009 201.00000000000003 117.00000000000001 0.8194000712106887 0.26411033353649244 5.1996595859329693 -0.19811758492869305 0.29699048739027689 0.33599156553472248 177.00000000000003 0.38562771771803644 0.34974379813510542 17.589277290285509 -0.13373295985531666 0.25688904800600959 93.000000000000014 1.0000000180025095e-35 0.36529561583706288
decision_type=2 2 2 2 2 2 2 2 2 2 2 2 2 2 2 2 2 2 2 2 2 2 2 2 2 2 2 2 2 2
left_child=1 3 6 5 16 17 7 8 -3 -10 11 -11 -7 -14 -5 29 -4 -1 -19 27 -21 22 -22 -8 25 26 -16 -9 -24 -13
right_child=-2 2 4 14 -6 12 23 19 9 10 -12 15 13 -15 24 -17 -18 18 -20 20 21 -23 28 -25 -26 -27 -28 -29 -30 -31
leaf_value=0.0021884531544855974 -0.008159926530106533 0.00050184926416413367 0.0031743726885534972 -0.0029423494209223694 0.0017911523916308643 -0.0038567939384132558 1.2076905542484479e-05 -0.0072018936962974919 0.012065268590988333 0.010279962972732171 0.0066891749246712762 0.011612995965793025 0.00023959014626304784 0.0090439233281150323 0.013532122829707692 -0.001231684461989252 0.0046702133135449429 -0.00083911847440938301 0.0011802558648654577 0.0087581563506130486 0.014361146244632967 0.0049788393503318769 0.0086521709914529343 0.0063458481935627755 -0.0028366847199913824 -0.00053121266488751753 0.0015941337234933871 0.005373693827175785 0.006213414529017575 0.0061193787973425999
leaf_weight=7732 143561 642 10127 3347 7234 2803 882 81 1018 107 5923 3243 386 94 57 167 9541 4892 29241 4080 72 4120 50 1334 1666 9034 2156 7780 2011 459
leaf_count=7732 143561 642 10127 3347 7234 2803 882 81 1018 107 5923 3243 386 94 57 167 9541 4892 29241 4080 72 4120 50 1334 1666 9034 2156 7780 2011 459
internal_value=-0.00209805 0.00123425 0.00227353 0.000237916 0.00159245 0.000489721 0.00284666 0.00294878 0.00342201 0.00360126 0.00339984 0.00415493 -0.000674689 0.001875 -0.000461256 0.00399457 0.0018614 0.000581033 0.000450736 0.00264812 0.00300348 0.00250839 0.00376699 0.00147563 -0.000221871 -3.86782e-05 0.00103253 0.00218102 0.00349102 0.00419773
internal_weight=263840 120279 58871 61408 26902 45148 31969 29753 11559 10917 9899 3976 3283 480 16260 3869 19668 41865 34133 18194 10333 6253 2133 2216 12913 11247 2213 7861 2061 3702
internal_count=263840 120279 58871 61408 26902 45148 31969 29753 11559 10917 9899 3976 3283 480 16260 3869 19668 41865 34133 18194 10333 6253 2133 2216 12913 11247 2213 7861 2061 3702
is_linear=0
shrinkage=0.05


Tree=27
num_leaves=31
num_cat=0
split_feature=10 0 0 0 26 0 4 4 24 24 24 23 23 0 1 4 5 19 26 29 8 29 0 1 24 11 13 4 3 24
split_gain=952.347 44.5258 7.77563 3.05613 2.23164 1.89566 3.03998 1.68177 2.50888 2.06941 1.54483 1.4373 1.80848 2.47269 2.21518 2.57323 2.53247 1.88387 1.79142 1.74959 1.51378 1.65185 1.35697 1.3301 1.306 1.54567 1.60888 1.35613 1.52937 1.28848
threshold=0.7333333333333335 5.3011333813679853 5.5783001407402253 5.2440907012378011 1.0000000180025095e-35 5.5125765798679067 0.18217412118880802 0.046817699347957049 7.5000000000000009 20.500000000000004 9.5000000000000018 2.5000000000000004 1.5000000000000002 5.4636711999144145 257.00000000000006 0.40967519038616002 0.70605406841163465 15.19904523996186 1.0000000180025095e-35 0.28524847114902679 0.65782106728011047 0.37214301231675612 5.6492764668392832 113.00000000000001 4.5000000000000009 0.13779891329200353 0.19469042928580327 0.45325867381061058 0.50151335931805185 26.500000000000004
decision_type=2 2 2 2 2 2 2 2 2 2 2 2 2 2 2 2 2 2 2 2 2 2 2 2 2 2 2 2 2 2
left_child=1 3 5 4 10 6 -3 8 -7 -10 -1 12 13 20 16 -16 18 -18 -14 -17 -8 -22 -4 -5 25 -15 -27 -26 -29 -13
right_child=-2 2 22 23 -6 7 11 -9 9 -11 -12 29 14 24 15 19 17 -19 -20 -21 21 -23 -24 -25 27 26 -28 28 -30 -31
leaf_value=0.00018524621381063626 -0.0077519302036012068 -0.00091976526111784166 0.0029489618763022486 -0.0022521021768738092 -0.0029803249729608186 0.013576664023519931 0.01594717626180004 0.0053162471994125408 -0.0040297802424446296 0.010025219337038128 0.0016292300439373925 0.0077580370922334489 0.0085354869290326148 0.004601858292349748 0.020769652798837069 0.017143409759629882 0.014768675772520144 0.022270693456184154 0.018635080946415965 -0.0086737016038987268 0.0010588466726127817 0.013571019284595262 0.0011743003868094927 -8.9509818336656915e-05 0.0049685578392406476 0.026607426150937353 0.010653993433874111 0.017681907047440697 0.0015104947634066693 0.0049646813385863381
leaf_weight=9562 143401 576 16490 4061 2554 62 149 25660 91 76 24185 5680 1061 101 142 59 134 94 88 62 141 156 4113 21256 2410 81 60 65 55 1181
leaf_count=9562 143401 576 16490 4061 2554 62 149 25660 91 76 24185 5680 1061 101 142 59 134 94 88 62 141 156 4113 21256 2410 81 60 65 55 1181
internal_value=-0.00213634 0.00114219 0.00212657 0.000203024 0.000497093 0.00254897 0.00306019 0.00230619 0.00657205 0.00338323 0.000604941 0.00323449 0.00389255 0.00320385 0.0052439 0.00944867 0.00444081 0.00925438 0.00348564 0.00409091 0.00665919 0.00459596 0.00134374 -0.000218629 0.00264791 0.00615702 0.00953901 0.00231225 0.0075 0.00276855
internal_weight=263806 120405 58787 61618 36301 38184 12295 25889 229 167 33747 11719 4858 3218 1640 263 1377 228 1149 121 446 297 20603 25317 2772 242 141 2530 120 6861
internal_count=263806 120405 58787 61618 36301 38184 12295 25889 229 167 33747 11719 4858 3218 1640 263 1377 228 1149 121 446 297 20603 25317 2772 242 141 2530 120 6861
is_linear=0
shrinkage=0.05


Tree=28
num_leaves=31
num_cat=0
split_feature=10 0 0 0 3 0 0 29 26 26 0 6 4 20 12 1 29 10 1 24 24 20 3 12 19 24 26 29 4 23
split_gain=917.748 38.7513 7.5699 3.35408 2.39851 2.06882 1.81528 2.18239 1.66176 1.61653 1.51263 1.44316 1.41436 1.38948 1.32904 1.27419 2.62249 1.43115 1.19959 2.50645 1.189 1.68245 1.28836 1.1885 1.44671 1.18023 1.93667 2.10061 4.39474 1.16656
threshold=0.7333333333333335 5.3011333813679853 5.5389049343477952 5.2275719340818574 0.097858170481331788 5.6418675887389069 5.4874078435201818 0.6935744829748387 1.0000000180025095e-35 1.0000000180025095e-35 5.2857546082407643 0.15186642930528152 0.28723500240346106 0.031137982242544479 1.2448114420507665 285.00000000000006 0.27135662890653545 0.2166666666666667 269.00000000000006 23.500000000000004 12.500000000000002 0.035670669999438777 0.11142805814869851 1.0000000180025095e-35 9.6699922001820671 24.500000000000004 1.0000000180025095e-35 -0.28503810553964043 0.044107279634450804 1.5000000000000002
decision_type=2 2 2 2 2 2 2 2 2 2 2 2 2 2 2 2 2 2 2 2 2 2 2 2 2 2 2 2 2 2
left_child=1 3 4 11 -3 9 7 12 10 -4 13 -1 -6 14 -5 -15 17 -17 -7 -20 21 22 -13 24 -23 -22 27 28 -27 -11
right_child=-2 2 5 8 6 18 -8 -9 -10 29 -12 20 -14 15 -16 16 -18 -19 19 -21 25 23 -24 -25 -26 26 -28 -29 -30 -31
leaf_value=0.0035472151344336563 -0.0073643336934211467 0.00029883178745679459 0.0037913667396671674 -0.0021948796906456638 -0.0040554653164843789 0.00084218540198647803 0.006146053729210595 0.00096495308702429614 -0.0039185201126103637 -0.0022893973557277249 -0.002027869201188053 0.0060602764707200028 0.010798550363229437 0.00021638545082831173 0.0048221670981937002 -0.00094042709399946151 0.0078869824112115308 0.0064710624982836683 0.0096200047677518098 -0.002662385493703557 0.0024132389921262144 0.0067048486894093224 -0.0030921377716895179 -0.00043033461312012242 -0.0017506153383145626 -0.0049050998606143077 -0.009598721660618979 0.00094564105173396737 0.013456946733261902 0.0025780931793178375
leaf_weight=65 143336 907 27309 2905 114 4990 18258 450 3186 1027 1878 607 4008 29428 143 520 93 130 54 71 8986 260 153 6915 186 93 530 5344 91 1451
leaf_count=65 143336 907 27309 2905 114 4990 18258 450 3186 1027 1878 607 4008 29428 143 520 93 130 54 71 8986 260 153 6915 186 93 530 5344 91 1451
internal_value=-0.00218317 0.00103985 0.00195953 0.000163135 0.0026484 0.00149103 0.00274858 0.00363954 -0.000124469 0.00165055 -2.5217e-05 0.000637106 0.00400048 5.283e-05 -0.000964568 0.000155612 0.00220054 0.00107692 0.000562071 0.0054 0.00061623 0.000128678 0.00236842 -0.000102569 0.0023991 0.000879419 0.000340045 0.000616858 0.00586956 0.000427763
internal_weight=263488 120152 58639 61513 23737 34902 22830 4572 38283 29787 35097 23230 4122 33219 3048 30171 743 650 5115 125 23165 8121 760 7361 446 15044 6058 5528 184 2478
internal_count=263488 120152 58639 61513 23737 34902 22830 4572 38283 29787 35097 23230 4122 33219 3048 30171 743 650 5115 125 23165 8121 760 7361 446 15044 6058 5528 184 2478
is_linear=0
shrinkage=0.05


Tree=29
num_leaves=31
num_cat=0
split_feature=10 0 0 26 0 0 4 16 5 20 9 19 4 29 14 1 3 3 18 16 21 12 5 22 18 28 1 0 20 29
split_gain=897.406 35.4917 6.63355 2.78384 2.07123 1.94027 2.55108 1.31552 1.24148 1.38156 1.38094 1.27238 1.21733 1.38871 1.87809 1.19302 1.15887 1.12096 1.11229 2.32481 1.05799 1.03166 2.14398 1.44561 1.83277 1.33843 1.21281 1.10832 1.01919 1.01111
threshold=0.7333333333333335 5.3011333813679853 5.5816893903479796 1.0000000180025095e-35 5.2275719340818574 5.5125765798679067 0.18217412118880802 1.9869606606726684 0.68180530810032758 0.1589772569293619 0.64705230206425035 17.900391597266253 0.051142243406728724 0.29198063546128966 0.72323034430367195 205.00000000000003 0.16803042381948605 -0.05129348257447567 1.0691004236217545 0.45766233733023864 1.5000000000000002 1.0000000180025095e-35 0.57246413092579784 5.5000000000000009 3.9804812672850609 1.5000000000000002 141.00000000000003 5.4874078435201818 0.012633978948977347 0.24469882651462146
decision_type=2 2 2 2 2 2 2 2 2 2 2 2 2 2 2 2 2 2 2 2 2 2 2 2 2 2 2 2 2 2
left_child=1 3 5 4 16 6 -3 12 9 11 -10 -6 13 14 -7 -9 -1 -14 19 -19 29 22 27 -24 26 -26 -25 -8 -22 -20
right_child=-2 2 -4 -5 8 7 21 15 10 -11 -12 -13 17 -15 -16 -17 -18 18 20 -21 28 -23 23 24 25 -27 -28 -29 -30 -31
leaf_value=0.001486773548353912 -0.0069961170087500888 -0.00091782194984221018 0.0023286766052062172 -0.0036138034804962028 0.00054770032197319466 -0.00087594506643216016 0.015015601109902084 0.010218236321416102 -0.0020937643474404823 -0.0019411057442786724 0.0075782819854646466 -0.0016501545050075562 -0.0067799284265027699 0.015986406864232909 0.012601717367204935 0.0030634157319848147 -0.00082949806724584791 -0.0050219793486974834 0.0042923653445994976 0.013479758043291221 -0.0012959717311724329 0.0064303765615752548 0.0049206111142957743 0.021215099213288541 0.024145735311962749 0.007377938846735578 0.010280451589185011 0.0026557579029770064 0.0047230601556863929 -0.00077520966806391626
leaf_weight=19714 143517 570 19506 4780 26009 177 370 134 3468 2639 54 2799 97 84 94 139 2052 76 802 115 392 9687 228 108 58 70 689 692 23611 1081
leaf_count=19714 143517 570 19506 4780 26009 177 370 134 3468 2639 54 2799 97 84 94 139 2052 76 802 115 392 9687 228 108 58 70 689 692 23611 1081
internal_value=-0.00221203 0.000973231 0.00185182 0.000133706 0.000231337 0.00222615 0.00274134 0.00198642 -7.0074e-06 9.26945e-05 -0.000897219 0.000193001 0.00195088 0.00485915 0.00311808 0.00543956 0.00061426 0.00191144 0.00193139 0.00573298 0.00190334 0.00289783 0.00387133 0.00536427 0.00624324 0.0117969 0.00535132 0.00225047 0.00199287 0.000762081
internal_weight=263812 120295 58780 61515 56735 39274 12472 26802 34969 31447 3522 28808 26529 355 271 273 21766 26174 26077 191 25886 11902 2215 1153 925 128 797 1062 24003 1883
internal_count=263812 120295 58780 61515 56735 39274 12472 26802 34969 31447 3522 28808 26529 355 271 273 21766 26174 26077 191 25886 11902 2215 1153 925 128 797 1062 24003 1883
is_linear=0
shrinkage=0.05


Tree=30
num_leaves=31
num_cat=0
split_feature=21 0 0 0 0 24 3 11 2 0 1 24 12 11 26 24 1 8 14 4 3 5 1 12 29 21 1 24 29 5
split_gain=898.542 31.2672 5.79992 2.39674 1.67391 1.67288 1.55648 1.89989 1.6442 1.56883 1.49124 2.35188 1.43334 1.60606 1.37523 1.48698 2.25069 1.31024 1.25093 1.20589 1.35404 1.25712 1.19269 1.17468 1.17041 1.15375 1.15365 1.12128 2.55808 1.50494
threshold=4.5000000000000009 5.3011333813679853 5.5484946787729337 5.2524496318576963 5.6320442347098254 8.5000000000000018 0.048695533116669611 1.6219866641530438 -0.23325953307416161 5.4874078435201818 257.00000000000006 17.500000000000004 0.19107429257261446 1.0771579996889817 1.0000000180025095e-35 24.500000000000004 201.00000000000003 0.52026153072699366 0.45609069672732877 -0.036501837248257708 0.030369814559519228 0.60815907576025086 113.00000000000001 0.21501923032014481 0.6935744829748387 2.5000000000000004 117.00000000000001 29.500000000000004 -0.37706383319294912 0.72549084824318733
decision_type=2 2 2 2 2 2 2 2 2 2 2 2 2 2 2 2 2 2 2 2 2 2 2 2 2 2 2 2 2 2
left_child=1 3 6 5 17 19 8 9 -3 12 -6 -12 24 23 -7 16 -16 18 -4 20 21 -1 25 -14 -8 -5 -19 -11 -29 -30
right_child=-2 2 4 22 10 14 7 -9 -10 27 11 -13 13 -15 15 -17 -18 26 -20 -21 -22 -23 -24 -25 -26 -27 -28 28 29 -31
leaf_value=-0.0042993134142788065 -0.0066463111583125846 0.0080283049039819501 0.0032498904660544399 -0.0026178671228038772 0.00095030072090348811 0.0013977071337057919 0.010385624105848815 0.0071621157159932284 -0.0032356504614598799 0.0054099119572905002 0.0091157227178453679 0.0044619592461662624 -0.00092854986386571798 0.017968333700381978 -0.00015081290036325846 -0.0072814048599606695 0.009106011065142406 0.0053423780007025032 0.0010023823513662185 -0.00042636214673546791 0.015045052017715513 0.010964026392795964 -0.00013358592605972202 0.0064930773432867184 0.0022851207095125098 0.0085272832248865903 0.0034692194768636965 0.015544387419490199 0.0028369292565610044 -0.0063174107835869409
leaf_weight=131 143289 142 2573 3151 6940 29204 2451 498 583 20423 92 217 345 87 1982 932 93 3524 4498 9845 57 106 15956 1604 262 61 13107 50 1328 215
leaf_count=131 143289 142 2573 3151 6940 29204 2451 498 583 20423 92 217 345 87 1982 932 93 3524 4498 9845 57 106 15956 1604 262 61 13107 50 1328 215
internal_value=-0.00220659 0.000976405 0.0017994 0.000187911 0.00132774 0.000397874 0.00232099 0.0023818 3.44816e-05 0.00232486 0.000662849 0.00406149 0.00314908 0.00214636 0.000574182 -0.000443965 0.000301204 0.00153109 0.000960966 -0.000162246 0.0029932 0.00132911 -0.000275982 0.00184967 0.00390158 -0.00115504 0.00177349 0.00214707 0.000869428 0.000508748
internal_weight=263746 120457 58939 61518 30951 42350 27988 27263 725 26765 7249 309 4749 2036 32211 3007 2075 23702 7071 10139 294 237 19168 1949 2713 3212 16631 22016 1593 1543
internal_count=263746 120457 58939 61518 30951 42350 27988 27263 725 26765 7249 309 4749 2036 32211 3007 2075 23702 7071 10139 294 237 19168 1949 2713 3212 16631 22016 1593 1543
is_linear=0
shrinkage=0.05


Tree=31
num_leaves=31
num_cat=0
split_feature=10 0 0 26 0 23 1 4 0 29 29 4 3 5 0 1 24 29 18 4 22 24 0 3 22 5 18 2 20 3
split_gain=872.606 28.133 4.80484 2.70232 1.83347 1.76635 2.09698 1.48416 1.43809 1.42892 1.41901 2.00487 1.35661 1.57736 1.3219 1.88947 2.04573 1.25182 1.20185 1.19023 1.51796 1.24471 2.0903 1.75733 1.09963 1.55165 1.55139 1.24595 1.23679 1.34353
threshold=0.45000000000000007 5.3011333813679853 5.5539350593281904 1.0000000180025095e-35 5.2086614638248561 5.5000000000000009 153.00000000000003 0.092036905063434996 5.4874078435201818 0.006879990237007339 0.19279157665357025 0.021530283230810011 0.39097099425629928 0.59358918735479393 5.6492764668392832 257.00000000000006 20.500000000000004 0.8194000712106887 1.1701297279458844 0.41975972397786582 26.500000000000004 24.500000000000004 5.5318668908130064 0.45280236710279859 11.500000000000002 0.76642272296969061 6.0588301190220601 -0.11659954636128507 0.074299975068874244 0.28140590075069744
decision_type=2 2 2 2 2 2 2 2 2 2 2 2 2 2 2 2 2 2 2 2 2 2 2 2 2 2 2 2 2 2
left_child=1 3 7 4 -1 -5 -7 -3 17 -6 11 -8 24 -14 -4 18 -17 -9 -16 20 -15 -21 23 -23 27 26 -26 -10 -27 -30
right_child=-2 2 14 5 9 6 10 8 12 -11 -12 -13 13 19 15 16 -18 -19 -20 21 -22 22 -24 -25 25 28 -28 -29 29 -31
leaf_value=0.0015488059832449335 -0.0063139956003969563 -0.00047161918967398523 0.0027549227489569368 -0.0043397800735470978 -0.0005301556875790726 -0.0052962840666025144 0.011934280110028618 0.0083561225841746051 0.013302334792976954 0.00062650940500155294 -0.0049196114908361781 0.0040969784057888498 0.0030915065691786573 0.0047205571503748864 0.0037922596326441863 0.014623117924259622 0.0027509007457808066 -0.002158479469985459 -0.00053687061341750272 0.006207257598408079 0.0093207904574824241 -0.00064746765715959593 0.01126167349637934 0.010625609686068283 0.0050964085301248444 -0.0030651231761558073 0.010062178649464877 0.0058915929589465343 -0.00051465005264296362 0.009697986399975142
leaf_weight=11094 143645 635 24821 4092 18037 256 78 4446 96 27450 147 214 7035 2066 570 66 105 180 3366 681 490 92 50 144 7320 476 63 5318 429 377
leaf_count=11094 143645 635 24821 4092 18037 256 78 4446 96 27450 147 214 7035 2066 570 66 105 180 3366 681 490 92 50 144 7320 476 63 5318 429 377
internal_value=-0.00225344 0.00089006 0.00167137 0.000141115 0.000237623 -0.000999583 0.00133093 0.00211586 0.00216775 9.70595e-05 0.00342824 0.0054452 0.00201587 0.00158742 0.00121197 0.000381056 0.00552631 0.00297665 0.000157519 0.00245103 0.00188576 0.00394519 0.00671329 0.00474576 0.00233717 0.00198788 0.00226669 0.00289619 0.000382214 0.00157568
internal_weight=263839 120194 58826 61368 56581 4787 695 29898 29263 45487 439 292 24637 10558 28928 4107 171 4626 3936 3523 2556 967 286 236 14079 8665 7383 5414 1282 806
internal_count=263839 120194 58826 61368 56581 4787 695 29898 29263 45487 439 292 24637 10558 28928 4107 171 4626 3936 3523 2556 967 286 236 14079 8665 7383 5414 1282 806
is_linear=0
shrinkage=0.05


Tree=32
num_leaves=31
num_cat=0
split_feature=10 0 0 0 26 20 5 28 12 6 5 23 16 24 5 5 22 7 6 2 0 20 4 0 5 10 11 8 21 21
split_gain=860.033 26.2724 4.34498 2.1218 1.61698 1.57518 1.41912 1.36444 1.4021 1.32735 1.6828 1.59014 1.32707 1.44027 1.25349 1.52749 1.26034 1.59219 1.5257 1.15794 1.31938 1.12326 1.0762 1.2811 1.10884 1.93578 1.30083 1.26869 1.23873 1.20694
threshold=0.7333333333333335 5.3011333813679853 5.5436514665010481 5.2524496318576963 1.0000000180025095e-35 0.019039544983716874 0.71544678143686402 2.5000000000000004 0.34174450567356113 0.22320801805690918 0.49038295117696806 1.0000000180025095e-35 0.058395320373167546 19.500000000000004 0.92819770035076077 0.61081686976367988 27.500000000000004 0.35658089066427145 0.32289314030302702 0.29972351830684824 5.4809756024847358 0.14849258211549268 0.007538409528933177 5.5888183557842188 0.74501559757316538 0.15000000000000002 0.065086149839666388 0.54107119684615834 2.5000000000000004 3.5000000000000004
decision_type=2 2 2 2 2 2 2 2 2 2 2 2 2 2 2 2 2 2 2 2 2 2 2 2 2 2 2 2 2 2
left_child=1 3 5 6 7 19 9 -5 -9 10 11 -1 -13 -14 15 -7 -17 -18 -19 20 -3 -12 23 -4 29 27 -27 -26 -29 -24
right_child=-2 2 22 4 -6 14 -8 8 -10 -11 21 12 13 -15 -16 16 17 18 -20 -21 -22 -23 24 -25 25 26 -28 28 -30 -31
leaf_value=-0.0079433911204870727 -0.0059982958203771081 -0.013330177468932983 0.010858188126717773 -0.00039912498785424507 -0.005257652610789758 0.0046164049202381333 -0.0018101278565080881 0.0075569268560310033 -0.0019093581557129867 0.00075041380214612438 -0.0034312310264732922 0.0028689584965624878 0.0063398803386124072 0.012868472227567894 -0.0013212074515980795 0.0059745796109156764 0.011475222816716282 -0.0025927077476385401 0.0083659402591033175 -0.0016959351085400463 0.0061682108679628677 0.010927144621020296 0.0027136186896886982 -1.2665150100590298e-06 0.0022811220828939526 0.0043093787586115234 -0.00040374301986406631 0.0040830504827694637 0.0077407868887305956 -0.0017590388474330435
leaf_weight=70 143528 67 135 17378 1770 15281 2861 52 59 38474 328 240 120 89 476 7499 986 211 397 607 221 58 22685 2510 1951 403 1635 3086 416 268
leaf_count=70 143528 67 135 17378 1770 15281 2861 52 59 38474 328 240 120 89 476 7499 986 211 397 607 221 58 22685 2510 1951 403 1635 3086 416 268
internal_value=-0.00227129 0.000846275 0.00160162 0.000123659 -0.000311284 0.00208875 0.000321969 -0.000165534 0.00536036 0.000400085 0.00229282 0.00415221 0.00524499 0.00815789 0.00216298 0.0022126 0.00272572 0.00400251 0.00199013 2.79318e-05 0.00263889 -0.000207255 0.00122261 0.000255197 0.00130666 0.00183487 0.000520117 0.00232624 0.00289549 0.00113427
internal_weight=263861 120333 58834 61499 19259 25745 42240 17489 111 39379 905 519 449 209 24850 24374 9093 1594 608 895 288 386 33089 2645 30444 7491 2038 5453 3502 22953
internal_count=263861 120333 58834 61499 19259 25745 42240 17489 111 39379 905 519 449 209 24850 24374 9093 1594 608 895 288 386 33089 2645 30444 7491 2038 5453 3502 22953
is_linear=0
shrinkage=0.05


Tree=33
num_leaves=31
num_cat=0
split_feature=10 0 0 0 24 29 0 2 3 9 11 13 0 29 7 3 22 13 0 9 0 6 11 3 5 5 24 29 7 29
split_gain=851.884 23.0348 4.37203 2.72761 2.56647 2.77683 1.30472 1.748 1.53318 1.37926 1.37535 1.64296 1.09648 1.22678 1.54673 1.43124 1.32612 1.62808 1.27591 1.13771 1.32253 1.06156 1.05097 1.00798 1.56517 1.18693 0.960294 2.06536 1.41118 2.07967
threshold=0.48333333333333339 5.3011333813679853 5.5888183557842188 5.2440907012378011 29.500000000000004 -0.34831608344536885 5.5125765798679067 0.75878430685104059 0.14160710721412326 0.6720904624590458 3.0952901223972566 0.1698830832819655 5.6757271873972215 0.29886960067755736 0.35946854717078042 0.044078544935946005 4.5000000000000009 0.87595881804287512 5.6089425555744459 0.61072111986262456 5.6049807601895782 0.32550125659298984 0.13336558209689992 0.16803042381948605 0.69764426792753909 0.6224681151194974 4.5000000000000009 0.038761191647520087 0.34785851542352236 0.40043456165707342
decision_type=2 2 2 2 2 2 2 2 2 2 2 2 2 2 2 2 2 2 2 2 2 2 2 2 2 2 2 2 2 2
left_child=1 3 4 23 6 -6 7 8 -3 -9 -8 -12 13 14 -4 -16 17 -15 19 20 -17 -18 -21 25 -25 -1 27 -10 -29 -30
right_child=-2 2 12 -5 5 -7 10 9 26 -11 11 -13 -14 16 15 18 21 -19 -20 22 -22 -23 -24 24 -26 -27 -28 28 29 -31
leaf_value=0.0013492134838678489 -0.0056983810293582526 -0.00047004600169612513 0.0010629215747569255 -0.00050684200435793304 0.015931136300900203 8.3824020504843174e-05 0.0039383529899040016 -0.0070252624207597482 -0.0025637400740929801 0.015868804206476253 0.0042351186282764573 0.0097405465333502087 -0.0013045667637076529 0.0042971049499497356 0.0022638575104579639 0.0066545743734905648 0.001817736249144332 0.015480004368632347 0.003202096681927856 -0.00081553774950629424 0.0097387192579692482 -0.0014399392750880555 0.0047378944412723965 -0.0013366075910202662 0.006810516108447612 -0.00019816707570175472 0.0059848391197833218 0.0070146861119526893 0.01401502179849308 0.01202676244855275
leaf_weight=25751 143708 630 4547 25166 105 2734 26746 59 232 370 77 54 1019 532 4196 327 1870 63 2255 178 84 2209 176 3152 84 7342 9049 922 97 125
leaf_count=25751 143708 630 4547 25166 105 2734 26746 59 232 370 77 54 1019 532 4196 327 1870 63 2255 178 84 2209 176 3152 84 7342 9049 922 97 125
internal_value=-0.00229231 0.000814765 0.00152363 0.000138628 0.00180461 0.000353997 0.00191197 0.00235806 0.00223654 0.00548951 0.00172136 0.00683206 0.000860448 0.000959115 0.0012314 0.00168653 0.000273854 0.00247899 0.00251656 0.00428104 0.00607056 -4.7807e-05 0.00220339 0.000415782 -0.000426454 0.00049814 0.00238129 0.00361192 0.00448426 0.00806306
internal_weight=263859 120151 58656 61495 41200 2839 38361 11484 11055 429 26877 131 17456 16437 11763 7216 4674 595 3020 765 411 4079 354 36329 3236 33093 10425 1376 1144 222
internal_count=263859 120151 58656 61495 41200 2839 38361 11484 11055 429 26877 131 17456 16437 11763 7216 4674 595 3020 765 411 4079 354 36329 3236 33093 10425 1376 1144 222
is_linear=0
shrinkage=0.05


Tree=34
num_leaves=31
num_cat=0
split_feature=10 0 0 0 17 26 0 9 19 0 29 12 23 1 29 0 9 6 24 6 18 14 20 16 18 9 17 22 5 24
split_gain=824.948 19.4209 4.75238 2.32295 1.45654 1.44262 1.38212 1.3597 1.38874 1.49093 1.40373 1.7361 1.35261 1.76932 1.34334 1.26028 1.15646 1.46985 1.29717 1.11419 1.11477 1.03375 1.02896 1.02485 1.02083 1.00906 0.998657 0.983124 0.971517 1.05596
threshold=0.7333333333333335 5.3011333813679853 5.5816893903479796 5.2702521331074044 3.5000000000000004 1.0000000180025095e-35 5.1752994071594012 0.62926340966908356 23.486701455950854 5.5318668908130064 0.32155976921939661 0.11908961571246528 5.5000000000000009 201.00000000000003 0.48199358273701259 5.4874078435201818 0.73271266389589307 0.64228346168579242 29.500000000000004 0.22320801805690918 6.0588301190220601 0.73447006619841815 0.035670669999438777 0.70387546403000079 5.7005334325441241 0.47813313646892458 3.5000000000000004 20.500000000000004 0.49534456093844942 20.500000000000004
decision_type=2 2 2 2 2 2 2 2 2 2 2 2 2 2 2 2 2 2 2 2 2 2 2 2 2 2 2 2 2 2
left_child=1 3 4 5 7 6 14 -3 9 10 11 -9 -7 -14 22 16 17 -6 -18 20 28 -13 23 -1 -21 -26 -22 -24 29 -8
right_child=-2 2 -4 -5 15 12 19 8 -10 -11 -12 21 13 -15 -16 -17 18 -19 -20 24 26 -23 27 -25 25 -27 -28 -29 -30 -31
leaf_value=0.0053068688372081207 -0.0054134619778903395 -0.001955716202934497 0.0015932990595730352 -0.0012732949081123118 0.0042654187497114639 -0.0030500025772750607 0.0011904753790611842 -0.00056809643298248681 0.011360841119336731 -0.00130728523294746 0.00097624836255068119 0.012491353474509677 0.00034264991557565028 0.0095939923152318744 0.0087745566364009417 0.0038383403804223442 0.011473996402789696 0.013826213324695014 -0.008933621668838999 0.0006510045485856236 0.0076551220171028993 0.010073375894124315 0.00051185562990420494 0.013394179950794638 -0.0055743859076193281 -0.0005366717762327974 0.0027583175963079836 0.0040349578657142898 -0.00052782902506158459 0.0064592117994042193
leaf_weight=126 143459 920 19686 8190 2845 3358 282 79 87 505 223 62 505 105 82 32645 1452 148 122 39351 55 114 1275 50 256 6562 63 666 485 149
leaf_count=126 143459 920 19686 8190 2845 3358 282 79 87 505 223 62 505 105 82 32645 1452 148 122 39351 55 114 1275 50 256 6562 63 666 485 149
internal_value=-0.00232349 0.000727367 0.00137651 0.000106399 0.00169481 0.000226718 0.000300392 0.000376883 0.00158878 0.0010529 0.00305439 0.00558823 -0.000690525 0.00147541 0.00152569 0.00176529 0.00254324 0.00196625 0.00364041 0.00024331 0.00186654 0.00835227 0.00128247 0.00494318 0.000206956 -0.000357877 0.00644068 0.00095054 0.00127729 0.00300464
internal_weight=263907 120448 58888 61560 39202 53370 49402 1990 1070 983 478 255 3968 610 2199 37212 4567 2993 1574 47203 1034 176 2117 176 46169 6818 118 1941 916 431
internal_count=263907 120448 58888 61560 39202 53370 49402 1990 1070 983 478 255 3968 610 2199 37212 4567 2993 1574 47203 1034 176 2117 176 46169 6818 118 1941 916 431
is_linear=0
shrinkage=0.05


Tree=35
num_leaves=31
num_cat=0
split_feature=10 0 0 0 8 18 17 0 4 18 9 23 6 4 0 16 9 1 18 19 16 4 2 1 4 6 7 19 8 23
split_gain=831.693 18.191 5.32407 1.56224 1.1726 1.08522 1.02944 1.76861 1.45767 1.31936 1.54413 1.03686 1.33152 1.1378 1.14592 1.88181 1.05966 2.16392 1.0573 0.998286 1.06653 1.32789 0.990256 0.983404 1.36787 0.992261 0.898903 1.41862 0.891758 1.31026
threshold=0.7333333333333335 5.3011333813679853 5.5816893903479796 5.2429078649157086 1.1110763684696017 6.7157789798930274 4.5000000000000009 5.5318668908130064 0.038866071239654527 1.2139476720512721 0.61754315538963367 4.5000000000000009 0.13740258865825686 0.026500569984982073 5.4921724989964957 0.095382913138773853 0.59293146771255567 285.00000000000006 1.5214452982081119 5.9288337448934518 0.97834769077710748 0.33162928877321046 0.6204402495778748 153.00000000000003 0.41975972397786582 0.58801757620992567 0.31791857866717926 29.050191801619054 0.61105295263714321 1.5000000000000002
decision_type=2 2 2 2 2 2 2 2 2 2 2 2 2 2 2 2 2 2 2 2 2 2 2 2 2 2 2 2 2 2
left_child=1 3 4 -1 6 -5 7 8 -3 10 -9 13 18 -8 15 -15 17 28 -13 20 21 -14 -17 24 25 -10 27 -6 -16 -30
right_child=-2 2 -4 5 26 -7 11 9 23 -11 -12 12 19 14 16 22 -18 -19 -20 -21 -22 -23 -24 -25 -26 -27 -28 -29 29 -31
leaf_value=0.00084167360145477859 -0.0051427888789958229 -0.0020442265830034503 0.0016194137477941201 -8.3151779688775881e-05 0.015876501280529347 -0.0021112316357230327 0.01549894219846093 0.0109099821941756 0.0068955494120593111 0.0014741202536984748 -0.0021936158940471461 -0.0077866269463394968 0.0095734684037539087 -0.0011156434510320361 0.0037933513195197188 0.0080794486957946315 0.003779821519385205 0.011780677719360392 0.0070633159417123675 0.0029795154185867753 -0.0024894221111533233 0.011201795093540991 0.0030357329242318839 0.0043018100226359674 0.010843322325264358 -0.0054740750462534985 0.0076503264941666163 0.0029226995117330613 0.0029714539119885539 0.01029126679856969
leaf_weight=35322 143259 364 19644 24053 91 2120 66 152 955 6553 100 78 51 249 1943 2314 12156 66 856 6123 51 64 335 5168 73 78 117 50 443 661
leaf_count=35322 143259 364 19644 24053 91 2120 66 152 955 6553 100 78 51 249 1943 2314 12156 66 856 6123 51 64 335 5168 73 78 117 50 443 661
internal_value=-0.00231309 0.00075206 0.00138084 0.000150824 0.00171783 -0.000141941 0.00169554 0.00134159 0.00192226 0.000775164 0.0043254 0.00188246 0.00137547 0.00208331 0.0020595 0.00297101 0.0018865 0.0027096 0.00313704 0.00111385 0.00493976 0.00760869 0.00336164 0.00210073 0.00345389 0.00298645 0.00507752 0.00776596 0.00251559 0.00365036
internal_weight=263555 120296 58801 61495 39157 26173 38899 13443 6638 6805 252 25456 7223 18233 18167 2898 15269 3113 934 6289 166 115 2649 6274 1106 1033 258 141 3047 1104
internal_count=263555 120296 58801 61495 39157 26173 38899 13443 6638 6805 252 25456 7223 18233 18167 2898 15269 3113 934 6289 166 115 2649 6274 1106 1033 258 141 3047 1104
is_linear=0
shrinkage=0.05


Tree=36
num_leaves=31
num_cat=0
split_feature=10 3 26 21 18 17 18 24 10 8 29 19 11 24 29 29 29 17 15 29 10 23 16 19 11 22 16 18 29 18
split_gain=814.36 13.6723 3.66909 2.57778 2.11492 1.79954 1.68997 1.36534 1.57784 1.37904 1.33818 1.28667 1.27955 1.23427 3.52992 1.41347 2.53513 1.23812 1.32202 1.31751 1.61061 1.39924 1.22418 1.61227 1.1915 1.17152 1.13372 1.08968 1.68319 1.70276
threshold=0.7333333333333335 0.22397061954145348 1.0000000180025095e-35 2.5000000000000004 1.5541539343339412 5.5000000000000009 7.7666708361089514 12.500000000000002 0.11666666666666668 0.79853966986945102 0.006879990237007339 9.2681136455936066 0.51268057215435525 29.500000000000004 -0.42083534739551903 0.11586803245802089 -0.03727141769378009 4.5000000000000009 1.0000000180025095e-35 0.15182710758755566 0.05000000000000001 1.5000000000000002 0.87891578810286031 18.251583207932853 1.2005362815580594 25.500000000000004 0.96746471571845671 3.1903929599810659 0.30638167750459183 2.8272105190373176
decision_type=2 2 2 2 2 2 2 2 2 2 2 2 2 2 2 2 2 2 2 2 2 2 2 2 2 2 2 2 2 2
left_child=1 2 3 4 -1 -6 13 8 -4 -9 -10 12 -5 17 -15 16 -16 18 -3 -20 -21 -22 27 26 -13 -18 -24 28 29 -23
right_child=-2 6 7 11 5 -7 -8 9 10 -11 -12 24 -14 14 15 -17 25 -19 19 20 21 22 23 -25 -26 -27 -28 -29 -30 -31
leaf_value=0.0022085321231135823 -0.0048856494350460319 0.0052006642871891186 0.0047464672542479654 -0.0017913488721925698 0.00028465241941662256 0.0026032530905093186 -0.0026274764069996021 -0.003382741647347148 0.0032735521509225131 0.0053547293439156268 -0.0060371871834123958 0.0040004903423371914 0.0051347946127060402 0.013666651280265547 -0.0014707833952359375 -0.0013185220391739613 0.0057784751232031395 0.0040000168152878575 0.00058563025162332251 -0.0014719984591074649 0.0012896677139536145 0.0063735250980899638 0.012893966485228451 0.0091085750918245851 0.0062932980288408881 0.0072844751013900104 0.0058616796542731338 0.0025712617743235827 0.0036705063800729059 0.021612225671243535
leaf_weight=8283 143349 2579 219 895 55323 2957 510 5068 239 91 450 2253 581 74 471 1955 342 25195 4604 966 2007 689 110 54 108 93 295 1830 2026 122
leaf_count=8283 143349 2579 219 895 55323 2957 510 5068 239 91 450 2253 581 74 471 1955 342 25195 4604 966 2007 689 110 54 108 93 295 1830 2026 122
internal_value=-0.00234396 0.000687811 0.000283978 0.000385652 0.000313011 0.000206759 0.00139087 -0.000895831 0.000892069 -0.00121051 -0.00028302 0.00164582 0.000487804 0.00142449 0.000434411 0.000155539 0.00178808 0.00149628 0.00114121 0.000931668 0.00131559 0.00157507 0.00201326 0.00447712 0.00236976 0.00454023 0.00339506 0.00177094 0.00238456 0.00430949
internal_weight=263738 120389 76467 70400 66563 58280 43922 6067 908 5159 689 3837 1476 43412 2935 2861 906 40477 15282 12703 8099 7133 5126 459 2361 435 405 4667 2837 811
internal_count=263738 120389 76467 70400 66563 58280 43922 6067 908 5159 689 3837 1476 43412 2935 2861 906 40477 15282 12703 8099 7133 5126 459 2361 435 405 4667 2837 811
is_linear=0
shrinkage=0.05


Tree=37
num_leaves=31
num_cat=0
split_feature=10 4 26 10 18 24 28 4 29 29 4 17 6 29 29 4 11 23 18 4 13 12 1 10 29 1 3 17 24 16
split_gain=803.405 14.1597 2.48626 1.76889 1.68282 1.25984 2.15626 1.69066 1.54252 2.42834 1.33355 1.4392 1.27252 1.26263 1.72755 1.2333 1.21753 1.19794 1.51618 1.36034 1.27125 1.16534 1.16127 1.16066 1.17164 1.72208 1.15245 1.22901 2.66036 1.33671
threshold=0.7333333333333335 0.14963942630347724 1.0000000180025095e-35 0.38333333333333336 8.3094588104853688 8.5000000000000018 2.5000000000000004 -0.039018703721656271 0.10480753632568028 0.2578448876669549 0.044107279634450804 6.5000000000000009 0.9722250563565159 0.013816729295986154 -0.25669524252401499 0.37130062653243162 0.42947344019697881 3.5000000000000004 1.1701297279458844 0.10300655519456049 0.57283921589929043 0.14947123186551561 117.00000000000001 0.05000000000000001 0.30638167750459183 249.00000000000003 0.19396281470544016 4.5000000000000009 14.500000000000002 0.40869351146835103
decision_type=2 2 2 2 2 2 2 2 2 2 2 2 2 2 2 2 2 2 2 2 2 2 2 2 2 2 2 2 2 2
left_child=1 2 5 -4 15 6 7 8 -1 -10 11 -7 -9 14 -13 -3 -15 19 -19 21 -21 -12 -16 -17 25 -25 27 -23 29 -29
right_child=-2 4 3 -5 -6 10 -8 12 9 -11 17 13 -14 16 22 23 -18 18 -20 20 -22 26 -24 24 -26 -27 -28 28 -30 -31
leaf_value=0.0012596896284550688 -0.0046413669632937296 0.0027191155618780482 -0.0020035018047353365 0.0068547822637474642 -0.0042072839111304576 0.00038039189512710709 0.0051162676820809324 -0.00041831872412455236 0.013061109718315443 0.0037617609231149272 0.00066419879178818044 0.00095627648447737558 0.0049287954658330524 -0.0016841688139059585 0.0079587024145844291 0.0016210660898605936 0.018581876324368203 0.006520967567914965 0.00045585580335975179 0.0016082115665205451 -0.0025820208704185619 0.003054597719364581 0.024615410318018047 0.0037684288913165925 0.0037590921086841471 0.0075543978987217377 -0.0017696883443164961 0.014649101446467534 0.0027554663072609517 0.006825823091476735
leaf_weight=222 143269 26571 6130 52 280 26892 357 18026 56 69 1870 73 75 154 53 2022 66 258 10130 2702 821 6709 50 5712 8125 1602 475 75 639 148
leaf_count=222 143269 26571 6130 52 280 26892 357 18026 56 69 1870 73 75 154 53 2022 66 258 10130 2702 821 6709 50 5712 8125 1602 475 75 639 148
internal_value=-0.00235705 0.000653411 0.000239677 -0.000721451 0.00136396 0.000324656 -2.52604e-05 -9.9741e-05 0.00335735 0.0078 0.000453388 0.000214745 -0.000166014 0.00320707 0.00636364 0.00138853 0.000681817 0.000726695 0.000323449 0.00103839 0.000194435 0.00133824 0.010534 0.00171496 0.00186249 0.00232157 0.00159955 0.00174944 0.00352668 0.0082287
internal_weight=263683 120414 76102 6182 44312 69920 18805 18448 347 125 51115 27288 18101 396 176 44032 220 23827 10388 13439 3523 9916 103 17461 15439 7314 8046 7571 862 223
internal_count=263683 120414 76102 6182 44312 69920 18805 18448 347 125 51115 27288 18101 396 176 44032 220 23827 10388 13439 3523 9916 103 17461 15439 7314 8046 7571 862 223
is_linear=0
shrinkage=0.05


Tree=38
num_leaves=31
num_cat=0
split_feature=10 0 0 0 29 4 20 0 17 15 0 4 24 24 4 8 24 20 19 24 6 1 7 0 4 22 20 7 27 24
split_gain=794.164 14.8363 3.75421 1.67418 1.54846 1.78659 1.43145 1.32159 1.19541 1.21622 1.19189 1.2055 1.15638 1.37222 1.78326 1.28809 1.15153 1.05838 0.999665 1.02129 1.09571 1.02094 1.1401 1.33878 1.24729 1.15887 1.05231 1.3049 0.981707 1.84067
threshold=0.7333333333333335 5.3011333813679853 5.5816893903479796 5.1802844912163515 0.48199358273701259 0.031471677640922117 0.020434079988732284 5.2626579170538763 4.5000000000000009 1.0000000180025095e-35 5.5205334151485639 0.26179229969821677 3.5000000000000004 23.500000000000004 0.42631891059381471 0.35467846047183266 1.5000000000000002 0.030106700139120073 22.110527613957089 8.5000000000000018 0.8684673181088719 265.00000000000006 0.40435014488386795 5.2126377849865273 0.058833808015016704 12.500000000000002 0.11795078027812507 0.48391616971816248 27.500000000000004 1.5000000000000002
decision_type=2 2 2 2 2 2 2 2 2 2 2 2 2 2 2 2 2 2 2 2 2 2 2 2 2 2 2 2 2 2
left_child=1 3 6 4 -1 -6 -3 8 9 18 11 16 15 -14 -15 -12 -8 -17 19 20 -5 -21 -23 25 -25 -24 27 -26 -2 -30
right_child=28 2 -4 7 5 -7 10 -9 -10 -11 12 -13 13 14 -16 17 -18 -19 -20 21 -22 22 23 24 26 -27 -28 -29 29 -31
leaf_value=0.0015923662870567349 -0.0044092986151290431 -3.0001272784233379e-05 0.0014274810261622438 -0.00088211036099580082 0.011978253504257297 0.0016932072494182375 0.0039079533631222801 -0.00099555090698879504 -0.0015140548644259908 0.0001586201490286705 0.004889367957654954 0.0048231256100031254 0.003766199597712717 0.0019220775923624166 0.0083944952624852038 0.0032033639713420848 -3.8700517375279153e-05 -0.00032865673254172089 0.0063299848309053405 0.0015533078754574447 0.0095175786708737997 -0.002771035191079063 -0.0052316054499210313 0.0033578131311164851 0.0060354727550519325 0.0070549098260998984 0.0028838424164293027 0.0092832061454628696 -0.0044092986151290431 -0.0044092986151290431
leaf_weight=3065 122037 1580 19619 1970 54 59 57 12220 4122 33237 78 13757 13839 6345 296 93 1121 2058 154 5837 82 136 137 124 132 57 59 55 984 20367
leaf_count=3065 122037 1580 19619 1970 54 59 57 12220 4122 33237 78 13757 13839 6345 296 93 1121 2058 154 5837 82 136 137 124 132 57 59 55 984 20367
internal_value=-0.00237062 0.000624339 0.0011919 8.12996e-05 0.00119887 0.0069469 0.00147435 2.04028e-05 0.000142943 0.000222724 0.00153623 0.00188316 0.00130807 0.00142578 0.000834963 0.000226558 0.000348046 -2.32569e-06 0.000747454 0.000675863 -0.000297272 0.000981336 0.00278571 0.00377659 0.00554054 0.00041237 0.00760162 0.0094385 -0.00488423 -0.00457145
internal_weight=263731 120343 58843 61500 3178 113 39224 58322 46102 41980 37644 14935 22709 20480 6641 2229 1178 2151 8743 8589 2052 6537 700 564 370 194 246 187 143388 21351
internal_count=263731 120343 58843 61500 3178 113 39224 58322 46102 41980 37644 14935 22709 20480 6641 2229 1178 2151 8743 8589 2052 6537 700 564 370 194 246 187 143388 21351
is_linear=0
shrinkage=0.05


Tree=39
num_leaves=31
num_cat=0
split_feature=10 0 0 0 8 15 26 12 1 22 27 28 24 0 1 1 22 12 1 24 13 20 12 7 24 18 9 9 15 7
split_gain=778.074 13.6403 3.60274 1.62396 1.48174 1.17979 1.14731 1.13928 1.09821 1.09714 1.04312 1.27605 2.52075 1.04033 2.09304 1.21158 0.95086 0.937536 0.921929 0.96888 0.915777 0.903222 0.893266 0.885948 1.55847 1.27069 1.28595 1.24065 0.944092 0.85099
threshold=0.7333333333333335 5.3011333813679853 5.5539350593281904 5.2524496318576963 1.1110763684696017 1.0000000180025095e-35 1.0000000180025095e-35 0.15546429068246626 113.00000000000001 14.500000000000002 29.500000000000004 21.500000000000004 4.5000000000000009 5.6492764668392832 269.00000000000006 105.00000000000001 33.500000000000007 0.67465478646853205 105.00000000000001 1.5000000000000002 0.28419627766652306 0.71827297368433685 1.5124841460464775 0.517659868012041 17.500000000000004 3.7973285766212217 0.51819903955298641 0.47337104754371789 3.5000000000000004 0.65700557536233639
decision_type=2 2 2 2 2 2 2 2 2 2 2 2 2 2 2 2 2 2 2 2 2 2 2 2 2 2 2 2 2 2
left_child=1 3 4 5 16 22 13 -6 -5 -9 -2 18 21 17 15 -15 -3 29 19 -12 23 -13 -1 25 27 28 -27 -25 -10 -4
right_child=10 2 6 8 7 -7 -8 9 20 -11 11 12 -14 14 -16 -17 -18 -19 -20 -21 -22 -23 -24 24 -26 26 -28 -29 -30 -31
leaf_value=0.0014314851990596324 -0.0041888336843725919 0.0032302516338744377 0.00227907225592481 -0.0021397115418558335 0.0043700193901057777 0.00017029875165012096 -0.00044675795550415609 0.0074219959840363591 6.0282052205716948e-06 0.012926708509733549 0.95501290386705484 1.2893130747920738 -0.0041888336843725919 0.0025304855002865924 0.0075097009702086853 -0.001161232447286716 0.0057356178458814926 0.00094658357714890763 -0.0041888336843725919 -0.0041888336843725919 -0.0008309143124002466 0.30054669573808046 -0.0017807002789611325 0.0061014866912105052 -0.00053952774604867123 0.0030623954095884121 -0.00018427213567539654 0.004472422103269964 -0.0033934037913300069 -0.0091435125710768051
leaf_weight=8657 129572 28265 18785 3285 99 33441 2485 76 1501 83 68 57 272 710 98 2896 1353 3792 11519 1734 9592 58 127 91 512 1048 1741 488 1042 87
leaf_count=8657 129572 28265 18785 3285 99 33441 2485 76 1501 83 68 57 272 710 98 2896 1353 3792 11519 1734 9592 58 127 91 512 1048 1741 488 1042 87
internal_value=-0.00239692 0.000568629 0.00111367 4.83531e-05 0.00149853 0.000222024 0.000715176 0.00527132 -0.000331607 0.00789308 -0.00488589 -0.00447111 -0.00164083 0.000811968 3.5096e-05 -0.000160844 0.00146566 0.000938933 -0.00455334 -0.00350167 -0.000160788 0.00456522 0.000737704 0.00030126 0.00159945 3.56327e-05 0.000772677 0.00337651 -0.000772711 0.00108308
internal_weight=263534 120254 58729 61525 29876 42225 28853 258 19300 159 143280 13708 387 26368 3704 3606 29618 22664 13321 1802 16015 115 8784 6423 1091 5332 2789 579 2543 18872
internal_count=263534 120254 58729 61525 29876 42225 28853 258 19300 159 143280 13708 387 26368 3704 3606 29618 22664 13321 1802 16015 115 8784 6423 1091 5332 2789 579 2543 18872
is_linear=0
shrinkage=0.05


Tree=40
num_leaves=31
num_cat=0
split_feature=10 0 0 26 0 24 1 29 9 5 16 18 0 6 18 9 23 1 13 4 9 24 11 0 14 20 29 29 12 29
split_gain=775.89 10.5767 2.01193 1.6364 1.59171 1.55786 1.79114 1.25854 1.23618 1.14244 1.21732 1.13665 1.07285 1.07395 0.996727 0.978481 0.975131 1.08068 1.0735 1.02057 0.960408 0.942698 1.14778 0.898758 0.871609 1.63551 0.964816 0.86369 1.07251 0.967059
threshold=0.7333333333333335 5.446138084545372 5.5594021876627302 1.0000000180025095e-35 5.1701421864534813 24.500000000000004 141.00000000000003 0.46942941679837918 0.81221373138511199 0.54937856925434769 0.57074145887662364 8.6764120889635752 5.4874078435201818 0.78692055768502434 8.5080550058377042 0.55979548308410931 1.0000000180025095e-35 285.00000000000006 0.14808046309421688 0.26179229969821677 0.69007127844079941 5.5000000000000009 0.059068008286746111 5.2509586865796907 0.99619814547099561 0.18096405476056862 -0.063050411244714041 0.013816729295986154 0.054980287780249888 -0.45759740947364863
decision_type=2 2 2 2 2 2 2 2 2 2 2 2 2 2 2 2 2 2 2 2 2 2 2 2 2 2 2 2 2 2
left_child=1 3 12 4 7 6 23 27 9 11 -11 14 13 -3 -6 -8 17 19 -19 20 21 -14 -23 -5 25 26 -12 28 -1 -30
right_child=-2 2 -4 5 8 -7 15 -9 -10 10 24 -13 16 -15 -16 -17 -18 18 -20 -21 -22 22 -24 -25 -26 -27 -28 -29 29 -31
leaf_value=-0.0071133903564757021 -0.0039793920001539619 0.0060161767714924722 0.0016056643392608522 -0.00066063083181605044 0.00065950225322053305 -0.0061076185737607277 0.002868813074944234 0.0070616123756408718 0.01181704564426769 -0.00082550577416929522 -0.0016230760720576318 -0.0034960421592379882 0.01216991334776318 0.025058623581673756 0.0067362108420963469 -0.0027756994436705009 0.0031639161528139465 0.014845459823947664 -0.00035349528203900766 -0.0001663196584226782 0.017849773049721265 0.011248573017883118 -0.00082306054109927544 -0.0064303537943391983 0.000274271981830362 0.0061742352607100691 0.0032948692179127987 0.00037133703327690257 -0.0080093870688780489 0.005723447305489327
leaf_weight=62 143296 4029 26808 972 33211 1386 1213 72 79 15633 381 433 60 53 71 451 23299 71 60 3138 50 82 292 824 5066 98 947 917 76 492
leaf_count=62 143296 4029 26808 972 33211 1386 1213 72 79 15633 381 433 60 53 71 451 23299 71 60 3138 50 82 292 824 5066 98 947 917 76 492
internal_value=-0.0023957 0.000564465 0.00105088 0.000112688 0.000187006 -0.000769708 -0.000202313 0.00173255 0.000142258 0.000133416 -0.000145764 0.000316623 0.00132427 0.00207986 0.000349737 0.000979566 0.00121026 0.000462296 0.00492366 0.000300938 0.00243802 0.00168203 0.000748662 -0.00129733 0.000429759 0.00152174 0.00106175 0.0014318 0.00285714 0.00353873
internal_weight=263622 120326 57942 62384 57538 4846 3460 1619 55919 55840 22125 33715 31134 4082 33282 1664 27052 3753 131 3622 484 434 374 1796 6492 1426 1328 1547 630 568
internal_count=263622 120326 57942 62384 57538 4846 3460 1619 55919 55840 22125 33715 31134 4082 33282 1664 27052 3753 131 3622 484 434 374 1796 6492 1426 1328 1547 630 568
is_linear=0
shrinkage=0.05


Tree=41
num_leaves=31
num_cat=0
split_feature=10 4 21 26 24 1 8 3 23 23 4 23 24 20 3 5 20 19 8 26 24 8 5 5 1 24 24 1 24 1
split_gain=764.543 10.1253 1.42804 1.32521 1.38476 2.01134 1.19068 1.22456 1.14765 1.25256 1.39015 1.32959 1.51877 1.48778 1.29666 2.34043 1.37132 1.26169 1.21703 1.19961 1.2204 1.19426 1.36344 1.18504 1.86671 1.11798 1.55021 1.30692 1.35213 1.30461
threshold=0.7333333333333335 0.20050477490729349 2.5000000000000004 1.0000000180025095e-35 25.500000000000004 141.00000000000003 0.80279543016923249 0.30361187428283354 1.0000000180025095e-35 2.5000000000000004 0.34279727925295861 1.5000000000000002 30.500000000000004 0.060591443271271757 0.39097099425629928 0.59633184997586997 0.18096405476056862 4.4166819120041954 0.60927919152979582 1.0000000180025095e-35 29.500000000000004 0.57745067908813008 0.74501559757316538 0.82883137921812422 205.00000000000003 18.500000000000004 16.500000000000004 201.00000000000003 24.500000000000004 161.00000000000003
decision_type=2 2 2 2 2 2 2 2 2 2 2 2 2 2 2 2 2 2 2 2 2 2 2 2 2 2 2 2 2 2
left_child=1 2 3 -1 5 -5 7 -7 19 10 25 12 13 -12 15 -13 -16 -11 21 20 23 22 -17 -3 -25 26 -10 28 29 -27
right_child=-2 8 -4 4 -6 6 -8 -9 9 17 11 14 -14 -15 16 18 -18 -19 -20 -21 -22 -23 -24 24 -26 27 -28 -29 -30 -31
leaf_value=0.00042077731209300118 -0.0037804224001462641 0.001832226661507299 0.0021871091879752994 -0.0024638793846842541 -0.0060363544350813892 0.0010029640559743407 0.0048439711714879877 0.0085936436840331459 0.0019308231713886803 0.012260708298235227 0.0065828467550579535 0.00013231352248523108 0.0085741428280315599 0.0012777276036856186 0.0078425731282945124 0.011307744735504386 -0.0069231072155352437 0.002547554448305016 0.0043875298475131667 -0.0059296273026002424 -0.010832834476583583 0.010165605643713736 -0.003863978237068712 0.018458146727619883 -0.0025883612220507189 0.006703455380400021 -0.0085532516262831915 0.0063941909254536149 -0.0017330090162720358 -0.00093690991008271328
leaf_weight=70053 143585 4541 4663 2588 1199 2278 58 64 2013 55 963 893 84 2361 1781 189 64 22769 448 548 191 52 53 90 99 296 344 771 552 214
leaf_count=70053 143585 4541 4663 2588 1199 2278 58 64 2013 55 963 893 84 2361 1781 189 64 22769 448 548 191 52 53 90 99 296 344 771 552 214
internal_value=-0.00242249 0.000518232 0.000198199 0.000146247 -0.000555198 -0.000188453 0.000854165 0.000678906 0.00117586 0.00128429 0.00172053 0.00215737 0.0014554 0.0012876 0.00284483 0.00181957 0.00375339 0.00107255 0.00389488 0.000503747 0.000750862 0.00639456 0.00491735 0.00090909 0.00478836 0.00100239 0.000282137 0.00192853 0.000790959 0.00264706
internal_weight=263859 120274 80903 76240 6187 4988 2400 2342 39371 33902 11078 6888 3408 3324 3480 1635 1845 22824 742 5469 4921 294 242 4730 189 4190 2357 1833 1062 510
internal_count=263859 120274 80903 76240 6187 4988 2400 2342 39371 33902 11078 6888 3408 3324 3480 1635 1845 22824 742 5469 4921 294 242 4730 189 4190 2357 1833 1062 510
is_linear=0
shrinkage=0.05


Tree=42
num_leaves=31
num_cat=0
split_feature=10 0 0 0 4 8 26 8 13 29 3 0 24 24 24 23 11 16 19 27 24 21 27 14 20 20 12 19 8 12
split_gain=761.412 9.60004 2.65452 1.88035 1.52397 1.15887 1.22081 1.12326 1.21548 1.05334 2.08449 1.5198 1.25715 1.10763 0.989128 1.07296 0.963073 0.961415 0.998044 0.950696 1.53191 5.22848 0.874441 0.868513 0.865746 0.975464 0.919295 0.860712 0.940719 1.08526
threshold=0.7333333333333335 5.3011333813679853 5.5205334151485639 5.2378129105385556 0.044107279634450804 0.53472210439197376 1.0000000180025095e-35 0.26924429636132113 0.1772581132431926 -0.22267175236315265 0.21542235901923742 5.6320442347098254 29.500000000000004 24.500000000000004 27.500000000000004 1.5000000000000002 0.65245696597040592 2.1482527496590573 11.356957638444367 27.500000000000004 1.5000000000000002 55.500000000000007 5.5000000000000009 2.306403153660614 0.027141895528492218 0.051488372481554544 0.71677649195308335 22.949364118069074 0.61638921543285685 1.2846297319829549
decision_type=2 2 2 2 2 2 2 2 2 2 2 2 2 2 2 2 2 2 2 2 2 2 2 2 2 2 2 2 2 2
left_child=1 3 4 -1 -3 6 7 8 -4 10 12 17 -7 23 15 -15 -17 27 -19 -2 21 -21 -6 -13 26 -26 -5 -11 -29 -30
right_child=19 2 5 24 22 9 -8 -9 -10 11 -12 13 -14 14 -16 16 -18 18 -20 20 -22 -23 -24 -25 25 -27 -28 28 29 -31
leaf_value=0.0007024534577397888 -0.0035914012801389508 -0.0021671282725064822 0.0030162190325642812 -0.0028743765535943011 0.0038728679514762818 0.0040091795606047786 -0.0018940999440501941 0.00093823247850765732 0.010759344770606636 0.0023979098642376655 0.0019063492273065049 -0.0018711755450770515 0.0088319509304885576 0.0084494908379632357 -0.0005279047727149305 0.0018476912192414291 0.0067998234454123944 0.016044221379722709 0.0012546685117013996 -0.0035914012801389508 -0.0035914012801389508 1.393562194676109 0.011420704126361508 0.0077246118684468363 0.00089269545883668066 -0.00051214900810073085 0.0013485693333479534 -0.0031994598227806934 0.00080308526674575129 0.012677536735747164
leaf_weight=31221 122335 431 420 1707 14995 1203 1244 12440 113 18886 1901 2094 62 76 338 167 50 65 92 890 20357 84 54 52 4817 23308 392 572 3474 56
leaf_count=31221 122335 431 420 1707 14995 1203 1244 12440 113 18886 1901 2094 62 76 338 167 50 65 92 890 20357 84 54 52 4817 23308 392 572 3474 56
internal_value=-0.00242683 0.000509023 0.000965806 7.20144e-05 0.00152778 0.000764922 0.000394949 0.000538425 0.00278612 0.00094575 0.00180669 0.000840598 0.00337945 -0.000264675 0.00157686 0.00370307 0.00191244 0.000973211 0.00487261 -0.00488376 -0.00457574 -0.0026386 0.00161173 -0.000806152 -0.000209107 -0.000136001 -0.00118866 0.00094658 0.000290101 0.0005949
internal_weight=263896 120230 58785 61445 15480 43305 14217 12973 533 29088 3166 25922 1265 2777 631 293 217 23145 157 143666 21331 974 15049 2146 30224 28125 2099 22988 4102 3530
internal_count=263896 120230 58785 61445 15480 43305 14217 12973 533 29088 3166 25922 1265 2777 631 293 217 23145 157 143666 21331 974 15049 2146 30224 28125 2099 22988 4102 3530
is_linear=0
shrinkage=0.05


Tree=43
num_leaves=31
num_cat=0
split_feature=10 0 0 18 0 5 3 24 0 24 26 19 24 1 12 12 2 22 11 24 22 29 1 9 24 11 5 11 21 23
split_gain=758.296 9.90208 2.27062 1.03682 0.963657 1.01085 1.72476 1.19029 1.05444 0.941513 0.988951 0.971303 0.901017 1.46165 0.89634 1.06671 0.893974 0.942259 0.875137 0.851471 0.837624 0.833056 1.23392 1.0828 1.09521 1.25418 1.01088 0.832135 1.15291 1.02955
threshold=0.7333333333333335 5.3011333813679853 5.6015078027592979 7.7666708361089514 5.2768833450685602 0.68180530810032758 0.12557320551757548 26.500000000000004 5.2327160709036198 8.5000000000000018 1.0000000180025095e-35 12.798432636023522 25.500000000000004 141.00000000000003 1.0124085635017008 0.86549222714174889 -0.1816038098615301 17.500000000000004 2.7566182520224847 2.5000000000000004 13.500000000000002 0.081224778036616985 209.00000000000003 0.55979548308410931 13.500000000000002 0.36323437775893508 0.49038295117696806 0.50261765992928742 1.5000000000000002 1.0000000180025095e-35
decision_type=2 2 2 2 2 2 2 2 2 2 2 2 2 2 2 2 2 2 2 2 2 2 2 2 2 2 2 2 2 2
left_child=1 4 3 -3 5 9 -7 8 -8 11 27 -1 13 -12 15 18 17 -15 19 -4 -16 22 23 24 25 -18 -26 -11 -29 -30
right_child=-2 2 14 -5 -6 6 7 -9 -10 10 12 -13 -14 16 20 -17 21 -19 -20 -21 -22 -23 -24 -25 26 -27 -28 28 29 -31
leaf_value=0.00020399571811500358 -0.0034118312161320035 0.002611909597697339 0.0037763549178199936 -0.0084105944989750544 -0.0010828498192705666 -0.0011668837086304103 0.0042160063723426259 0.01255162144883752 -0.0030872566279581122 0.00050274977220977294 -0.0029975943549352515 -0.0016234902384978317 -0.0053133301372572696 0.0074604467477494222 -0.0054857883761523698 0.0049617617954781775 0.0028164702518890181 -0.0057524771786097795 0.0065620116718841373 0.00062880482270750526 0.0015594629208776512 -0.0019193554895004538 0.010081423111918094 -0.0044671376377394172 0.004588364134568995 0.013031387920445539 -0.0045022841610122865 -0.00050801336785333176 0.0035477640202533525 0.0015143833195348814
leaf_weight=8732 143390 44374 880 138 5126 5785 79 56 78 24296 1300 3314 827 84 493 315 78 54 92 11731 784 796 58 196 182 60 162 1750 1156 7407
leaf_count=8732 143390 44374 880 138 5126 5785 79 56 78 24296 1300 3314 827 84 493 315 78 54 92 11731 784 796 58 196 182 60 162 1750 1156 7407
internal_value=-0.00242714 0.000498699 0.000962724 0.00113879 5.55399e-05 0.000115145 -0.000498501 0.00392019 0.0016879 0.000188098 0.000309065 -0.000197577 -0.000456941 -5.05062e-05 0.000414479 0.000538484 0.000928143 0.00478261 0.000467211 0.000431765 -0.000849649 0.000580939 0.00179348 0.00119469 0.00246888 0.00623188 0.000959301 0.000393105 0.000769416 0.00100841
internal_weight=263773 120383 58807 44512 61576 56450 5998 213 157 50452 38406 12046 3797 2970 14295 13018 1670 138 12703 12611 1277 1532 736 678 482 138 344 34609 10313 8563
internal_count=263773 120383 58807 44512 61576 56450 5998 213 157 50452 38406 12046 3797 2970 14295 13018 1670 138 12703 12611 1277 1532 736 678 482 138 344 34609 10313 8563
is_linear=0
shrinkage=0.05


Tree=44
num_leaves=31
num_cat=0
split_feature=10 0 26 0 4 9 29 1 12 29 29 29 23 27 28 27 20 9 10 0 19 10 1 22 20 5 5 20 19 15
split_gain=742.674 6.41427 2.02382 1.84442 1.35118 1.30988 1.14111 1.23377 1.20843 1.17815 1.57411 1.06962 1.03972 0.929774 1.89726 1.23049 1.21051 1.02895 0.903645 1.3124 0.930235 0.865098 0.863716 0.930276 1.95112 0.839265 1.34804 1.17509 0.908977 1.16586
threshold=0.7333333333333335 5.3011333813679853 1.0000000180025095e-35 5.5318668908130064 0.073064926371091785 0.58249518578043591 0.54280278330869824 265.00000000000006 0.096619454592744805 -0.22267175236315265 -0.24983581559856657 -0.31375426344612295 5.5000000000000009 27.500000000000004 21.500000000000004 33.500000000000007 0.71827297368433685 0.76019143717486803 0.15000000000000002 5.2509586865796907 7.6547932226718034 0.083333333333333356 105.00000000000001 8.5000000000000018 0.75543956705845494 0.69371795988285478 0.51369041556935857 0.1404878991158163 9.3481717326163665 1.5000000000000002
decision_type=2 2 2 2 2 2 2 2 2 2 2 2 2 2 2 2 2 2 2 2 2 2 2 2 2 2 2 2 2 2
left_child=1 2 5 4 -3 6 7 -1 -8 10 11 -9 -4 -2 22 16 17 -16 19 -10 -20 -11 23 24 -15 26 27 28 -14 -30
right_child=13 3 12 -5 -6 -7 8 9 18 21 -12 -13 25 14 15 -17 -18 -19 20 -21 -22 -23 -24 -25 -26 -27 -28 -29 29 -31
leaf_value=0.00036517655988126027 -0.0032412396553254032 -0.0021594952505348927 -0.0034770906445394933 0.0013329290234426949 0.0030949619552858038 -0.00059651383633873558 0.010503193042753572 0.0090715033721749851 -0.0035904797298542861 0.0060960468500952754 0.010053567454073417 -0.0024783622554141651 -0.0027714757199021967 -0.0032412396553254032 1.1357809413495954 -0.0032412396553254032 -0.0032412396553254032 0.60011044276899117 0.0051922019800020904 0.0078129492499101182 -0.0035582867176483161 0.0014822822437490083 -0.0032412396553254032 -0.0032412396553254032 0.74994510906196732 0.0045912287897351784 -0.0045085816925970086 0.0073854283736223452 -0.0081365450291256483 0.010125351382828789
leaf_weight=42918 122116 527 4117 38174 20088 9492 50 79 59 76 52 79 145 796 64 208 132 105 130 65 215 3462 18172 1771 72 55 294 52 58 92
leaf_count=42918 122116 527 4117 38174 20088 9492 50 79 59 76 52 79 145 796 64 208 132 105 130 65 215 3462 18172 1771 72 55 294 52 58 92
internal_value=-0.00245274 0.00044484 8.7818e-05 0.000818264 0.00119937 0.000171409 0.000279219 0.000253288 0.00261079 0.00112326 0.0047619 0.00227848 -0.000896531 -0.00488253 -0.00457786 -0.00156189 0.000481726 0.00328402 0.00182303 0.00548387 0.000507245 0.000907291 -0.00465163 -0.00380637 -0.00246544 0.000890803 0.000382214 0.00249279 0.00127119 0.004
internal_weight=263715 120279 61490 58789 20615 56677 47185 46666 519 3748 210 158 4813 143436 21320 509 301 169 469 124 345 3538 20811 2639 868 696 641 347 295 150
internal_count=263715 120279 61490 58789 20615 56677 47185 46666 519 3748 210 158 4813 143436 21320 509 301 169 469 124 345 3538 20811 2639 868 696 641 347 295 150
is_linear=0
shrinkage=0.05


Tree=45
num_leaves=31
num_cat=0
split_feature=10 0 0 5 24 20 22 18 15 8 24 19 2 24 24 23 0 24 10 8 2 21 24 20 12 7 11 19 0 11
split_gain=743.326 8.23757 2.31576 1.42854 1.26505 1.21044 1.03155 0.972095 1.00804 1.50325 0.969902 1.4048 1.04122 1.36933 1.02842 1.00128 1.26108 1.06938 1.20785 0.873655 1.01887 0.873466 5.9881 1.09899 0.870489 1.40798 1.1001 1.08578 0.993278 1.21304
threshold=0.7333333333333335 5.3011333813679853 5.5341598236142326 0.55702619986130153 12.500000000000002 0.017782572528646279 7.5000000000000009 4.7399995885753707 7.5000000000000009 0.52369267876671322 4.5000000000000009 12.025588829888676 0.69342262819138556 27.500000000000004 10.500000000000002 3.5000000000000004 5.5125765798679067 3.5000000000000004 0.11666666666666668 0.69329731651221582 0.30538540334262315 48.000000000000007 4.5000000000000009 0.71827297368433685 0.14155204026814269 0.31158579129332864 0.32953388629828495 9.3481717326163665 5.4965753906779726 0.13495495190243631
decision_type=2 2 2 2 2 2 2 2 2 2 2 2 2 2 2 2 2 2 2 2 2 2 2 2 2 2 2 2 2 2
left_child=1 3 5 4 6 -3 7 19 -9 -10 11 24 -12 14 -14 16 -13 -17 -19 -1 -21 -2 23 -23 25 -7 -26 -28 -27 -30
right_child=21 2 -4 -5 -6 10 -8 8 9 -11 12 15 13 -15 -16 17 -18 18 -20 20 -22 22 -24 -25 26 28 27 -29 29 -31
leaf_value=0.0017829563062491565 -0.0030791776725591327 -0.0019522704153958693 0.0013654983986234558 -0.00062299007085007453 0.00092991741489143517 0.0061000734411598293 -0.0006933043965217274 -0.0027151919333448286 0.0088275726984028222 -0.0010978509056565854 0.0028660271542757521 0.0081386956191852166 0.00045525021416814045 -0.0030333608004493688 0.0089968399104318007 -0.0013034125113673832 0.0012346262670412324 0.016581387952135922 -0.00066006582630578556 0.0023089851482727178 0.0089680427601227849 1.1200513793492306 -0.0030791776725591327 -0.0030791776725591327 0.0021245216800269266 0.0055570905738155903 0.0018646082252264298 0.011534648208069057 0.011331970127720442 0.0057563976895406294
leaf_weight=2087 141373 631 37119 22921 24814 279 10361 874 65 107 17248 410 200 212 771 598 349 65 69 109 56 140 1758 99 461 66 112 71 62 74
leaf_count=2087 141373 631 37119 22921 24814 279 10361 874 65 107 17248 410 200 212 771 598 349 65 69 109 56 140 1758 99 461 66 112 71 62 74
internal_value=-0.00245543 0.000444666 0.000867645 3.95792e-05 0.000225742 0.00127825 -0.000160701 0.000609459 -0.000650097 0.00284884 0.00134295 0.00224388 0.00121507 0.00265004 0.0034449 0.00123742 0.00250988 -8.19684e-05 0.00395522 0.00119449 0.00469697 -0.00488666 -0.00384827 0.0035774 0.00357778 0.00518711 0.00237578 0.00565574 0.00836634 0.0108088
internal_weight=263561 120191 58797 61394 38473 21678 13659 3298 1046 172 21047 2616 18431 1183 971 1491 759 732 134 2252 165 143370 1997 239 1125 481 644 183 202 136
internal_count=263561 120191 58797 61394 38473 21678 13659 3298 1046 172 21047 2616 18431 1183 971 1491 759 732 134 2252 165 143370 1997 239 1125 481 644 183 202 136
is_linear=0
shrinkage=0.05


Tree=46
num_leaves=31
num_cat=0
split_feature=10 0 0 0 26 21 2 5 27 24 21 24 24 1 9 16 20 7 11 29 29 18 24 9 7 29 5 24 18 24
split_gain=741.58 7.24231 1.52181 1.51227 1.33851 1.4271 1.19271 1.49403 1.05626 1.53281 5.55705 1.05394 1.32056 1.67683 1.22871 1.18813 1.55303 1.96577 1.23143 1.00844 1.02717 2.05115 2.08979 1.16829 1.00824 1.19419 1.70139 0.998275 0.976501 1.09298
threshold=0.7333333333333335 5.3011333813679853 5.2086614638248561 5.6320442347098254 1.0000000180025095e-35 3.5000000000000004 0.22927957463363222 0.4233285612767706 27.500000000000004 1.5000000000000002 55.500000000000007 29.500000000000004 28.500000000000004 193.00000000000003 0.6368906514769016 0.17391420448317593 0.14456399081850996 0.35071519013389857 0.18115379623656877 -0.027833274582046184 -0.073191992052533711 2.1578333170927175 17.500000000000004 0.56397725844297553 0.21996113103243328 -0.22971457122045122 0.61913244882578577 6.5000000000000009 6.0588301190220601 7.5000000000000009
decision_type=2 2 2 2 2 2 2 2 2 2 2 2 2 2 2 2 2 2 2 2 2 2 2 2 2 2 2 2 2 2
left_child=1 2 19 4 5 11 -6 -8 -2 10 -10 12 -3 -14 24 18 -17 -18 -15 20 28 22 -22 27 -13 26 -26 -23 -1 -30
right_child=8 3 -4 -5 6 -7 7 -9 9 -11 -12 14 13 15 -16 16 17 -19 -20 -21 21 23 -24 -25 25 -27 -28 -29 29 -31
leaf_value=0.00098252009205662162 -0.0029252187889311759 0.0023163683051321223 -0.000135447997225403 0.0002605944104401703 -0.0035382257797326629 -0.002524970497646533 0.0063939825782421082 0.0011283953631437691 -0.0029252187889311759 -0.0029252187889311759 1.1482831143914287 -0.0027219160432358151 0.0021889751522693938 -0.002998222777711806 -0.0010387617127691621 0.007772410087817286 0.014148821336236711 0.0025933006315267686 0.0092717672150573992 0.00046450336652385554 0.013844295402499707 -0.0012229535040751769 0.0035861287264254069 -0.0019676883187024793 0.014517993031366373 0.002905785375992908 0.0059684765899310818 0.0047084758709722849 -0.0080575759443508328 0.0059555726865983443
leaf_weight=2989 122210 41883 49599 7275 1333 548 185 2344 923 20212 74 189 724 146 2004 795 84 57 51 7884 97 63 77 196 64 1093 80 301 105 214
leaf_count=2989 122210 41883 49599 7275 1333 548 185 2344 923 20212 74 189 724 146 2004 795 84 57 51 7884 97 63 77 196 64 1093 80 301 105 214
internal_value=-0.00245374 0.000439856 6.05433e-05 0.000836376 0.000931561 0.00100402 3.62495e-05 0.000674178 -0.00488251 -0.00455679 -0.00264293 0.00103349 0.00109968 0.00240441 0.000189503 0.00360547 0.00434829 0.0091844 7.61409e-05 0.000567666 0.0012098 0.00290191 0.00764368 0.00142857 0.00131136 0.00183104 0.00611111 0.00310439 0.00083434 0.00346395
internal_weight=263799 120380 61525 58855 51580 47718 3862 2529 143419 21209 997 47170 43740 1857 3430 1133 936 141 197 11926 4042 734 174 560 1426 1237 144 364 3308 319
internal_count=263799 120380 61525 58855 51580 47718 3862 2529 143419 21209 997 47170 43740 1857 3430 1133 936 141 197 11926 4042 734 174 560 1426 1237 144 364 3308 319
is_linear=0
shrinkage=0.05


Tree=47
num_leaves=31
num_cat=0
split_feature=21 0 0 0 29 3 0 1 29 8 24 24 23 20 0 1 20 19 19 4 15 19 22 8 6 6 5 24 6 6
split_gain=720.601 5.2791 1.98783 1.16702 1.15851 1.01612 0.993719 1.00242 2.0955 1.08067 0.881728 1.2936 1.44447 1.25335 1.48396 1.25524 0.97703 1.00693 1.16774 0.884584 1.27481 0.86507 0.855435 0.935352 1.07937 1.07891 0.988675 1.16237 0.908852 0.889209
threshold=15.000000000000002 5.3011333813679853 5.5413304378438735 5.2524496318576963 -0.22267175236315265 0.053116796908169069 5.6320442347098254 257.00000000000006 0.26451136106598711 0.49452865026116943 29.500000000000004 28.500000000000004 1.5000000000000002 0.066824747453125263 5.4921724989964957 277.00000000000006 0.087226278348357056 20.111248372401928 18.785630341768513 0.34815453743149882 2.5000000000000004 17.589277290285509 21.500000000000004 0.3167193644478466 0.18785075835279405 0.36370100212467216 0.52902194526777657 25.500000000000004 0.52194417089814338 0.45611936373137923
decision_type=2 2 2 2 2 2 2 2 2 2 2 2 2 2 2 2 2 2 2 2 2 2 2 2 2 2 2 2 2 2
left_child=1 3 5 -1 -4 -3 -6 -8 9 -9 11 22 -13 14 -14 -15 17 18 -12 20 -18 -5 -7 24 -24 -25 27 28 -27 -28
right_child=-2 2 4 21 6 10 7 8 -10 -11 16 12 13 15 -16 -17 19 -19 -20 -21 -22 -23 23 25 -26 26 29 -29 -30 -31
leaf_value=0.00043049468118490797 -0.0027789578494846171 -0.0020293393565221987 0.002098782066333241 -0.00033852523418811855 0.00098218128092079633 0.0020305318046030143 -0.00067761658225436985 0.010231228884179907 0.0082091835289852255 -0.0076070314706101084 -0.0027739582707096717 -0.0019877655288998812 0.010425861827425711 0.0075051839720513616 -0.0025016278038957293 0.019236676544833603 0.014870396174925585 -0.0088088044258903264 0.0037458135125439775 0.00091512912569062597 0.0019907283212889475 -0.0021251360949718278 0.0092185961656726673 0.0027583614835830369 0.0039589684493390453 -0.0037360963846551905 0.0078673060816292807 0.01756686886928803 0.0065589895186901493 0.0043278195177029587
leaf_weight=42290 143567 648 4603 16853 23550 14209 5625 73 64 143 628 155 58 479 196 78 78 166 50 751 99 2380 61 4803 52 332 746 59 60 964
leaf_count=42290 143567 648 4603 16853 23550 14209 5625 73 64 143 628 155 58 479 196 78 78 166 50 751 99 2380 61 4803 52 332 746 59 60 964
internal_value=-0.0024928 0.000362443 0.000701514 3.87648e-05 0.00045393 0.00104329 0.000338651 -0.000241322 0.00267857 0.000324073 0.00109599 0.00118147 0.00297101 0.00381628 0.000905511 0.00514363 2.25722e-05 -0.00120853 -0.000353983 0.00114224 0.00432203 -0.000284148 0.00110025 0.00154938 0.00606195 0.00147616 0.00240398 0.000321507 -0.000663266 0.00295322
internal_weight=263820 120253 58730 61523 34058 24672 29455 5905 280 216 24024 22252 966 811 254 557 1772 844 678 928 177 19233 21286 7077 113 6964 2161 451 392 1710
internal_count=263820 120253 58730 61523 34058 24672 29455 5905 280 216 24024 22252 966 811 254 557 1772 844 678 928 177 19233 21286 7077 113 6964 2161 451 392 1710
is_linear=0
shrinkage=0.05


Tree=48
num_leaves=31
num_cat=0
split_feature=10 0 0 9 16 3 29 20 27 28 24 1 29 29 29 20 24 12 24 0 12 21 23 11 12 23 24 24 9 29
split_gain=719.059 4.73378 1.84915 1.17046 1.04868 1.09179 1.11964 1.0777 0.916149 2.10397 4.58873 0.906986 1.95905 2.78471 2.4632 2.0845 1.57579 1.57595 1.21061 1.20594 1.17631 1.08953 1.04627 1.01368 0.996349 0.895106 0.862222 0.833861 1.24652 1.09272
threshold=0.7333333333333335 5.3011333813679853 5.5205334151485639 0.55014512801500248 0.50746203327686368 0.023318067333990052 0.32155976921939661 0.23661759625033579 27.500000000000004 21.500000000000004 1.5000000000000002 261.00000000000006 0.29886960067755736 0.013816729295986154 0.051237293850239694 0.1094690608295361 3.5000000000000004 0.18186775209471476 10.500000000000002 5.5484946787729337 0.10692433483270597 2.5000000000000004 5.5000000000000009 0.57687031218492468 0.077793995660726742 3.5000000000000004 6.5000000000000009 30.500000000000004 0.44680092004125255 0.057494404704434877
decision_type=2 2 2 2 2 2 2 2 2 2 2 2 2 2 2 2 2 2 2 2 2 2 2 2 2 2 2 2 2 2
left_child=1 4 3 -3 5 6 7 -1 -2 -10 -11 -4 13 -13 15 -15 -16 18 -18 23 24 22 -14 -20 -21 -9 -12 -6 -29 -30
right_child=8 2 11 -5 27 -7 -8 25 9 10 26 12 21 14 16 -17 17 -19 19 20 -22 -23 -24 -25 -26 -27 -28 28 29 -31
leaf_value=-0.00075948107276550087 -0.0026400099570103863 -0.0011849752840522414 0.0010401373797344295 0.0029735822397696935 0.00052957387828155835 0.00017643805975959444 -0.0033499000558047248 0.0028907777203116287 -0.0026400099570103863 1.0343688764239725 -0.0026400099570103863 -0.00012998811639766577 -0.0017714841322442939 0.0098218171593643586 -0.0065780798381869163 0.02446765996029247 0.010828288563733631 0.0015982351617142864 0.007906038870464014 0.001551004450656028 -0.0001169264436080646 0.006466129228088641 0.011889523726031003 0.0096185640205222658 0.0092693587916277773 0.00066887376911432979 -0.0026400099570103863 0.011251290541773261 -0.0064016445167210155 0.0071450542855476355
leaf_weight=11859 122061 1112 39822 14402 20441 27005 1431 80 20788 78 150 711 1222 104 130 50 52 358 157 107 206 115 124 62 77 87 291 51 187 313
leaf_count=11859 122061 1112 39822 14402 20441 27005 1431 80 20788 78 150 711 1222 104 130 50 52 358 157 107 206 115 124 62 77 87 291 51 187 313
internal_value=-0.00249083 0.000360245 0.000680909 0.00114928 5.33721e-05 -9.53993e-05 -0.000463329 -0.000306005 -0.00488247 -0.00457995 -0.00143545 0.000513083 0.00128777 0.00229891 0.00367229 0.00961039 0.00287641 0.00353778 0.00498487 0.0043596 0.00269231 -0.000106093 -0.000505202 0.00732877 0.00559782 0.00368263 -0.0034127 0.000340128 0.00225953 0.0015
internal_weight=263633 120265 58811 15514 61454 40462 13457 12026 143368 21307 519 43297 3475 2014 1303 154 1149 1019 661 609 390 1461 1346 219 184 167 441 20992 551 500
internal_count=263633 120265 58811 15514 61454 40462 13457 12026 143368 21307 519 43297 3475 2014 1303 154 1149 1019 661 609 390 1461 1346 219 184 167 441 20992 551 500
is_linear=0
shrinkage=0.05


Tree=49
num_leaves=31
num_cat=0
split_feature=10 4 20 8 12 24 21 29 29 0 0 9 6 1 8 11 22 2 9 24 0 6 21 24 8 23 17 23 1 6
split_gain=719.478 4.69288 1.25499 1.19525 1.37775 1.12515 1.51365 1.25575 2.5248 1.12122 1.09906 0.901668 0.925482 0.884411 0.842571 0.83828 1.01841 0.86595 0.947529 0.831225 0.790221 1.22835 0.926294 1.05854 0.861699 1.11003 1.03827 0.844658 1.05666 0.896993
threshold=0.7333333333333335 0.2988773374608194 0.027141895528492218 1.1110763684696017 0.16969773004694474 29.500000000000004 1.5000000000000002 0.34574269584979694 0.069507765043610711 5.4921724989964957 5.2768833450685602 0.57620258869117613 0.21985587829160461 209.00000000000003 0.32727416537725362 0.79573476830300838 33.500000000000007 0.067286259652724514 0.51714961240851154 10.500000000000002 5.5205334151485639 0.51499590658281169 1.5000000000000002 28.500000000000004 0.55539787742129665 1.5000000000000002 4.5000000000000009 1.0000000180025095e-35 229.00000000000003 0.6165443756144029
decision_type=2 2 2 2 2 2 2 2 2 2 2 2 2 2 2 2 2 2 2 2 2 2 2 2 2 2 2 2 2 2
left_child=1 2 15 5 -5 20 7 8 -7 10 11 -4 -13 -6 -12 16 -1 18 -18 -17 21 -3 23 24 25 -22 -26 -23 -29 -30
right_child=-2 3 9 4 13 6 -8 -9 -10 -11 14 12 -14 -15 -16 19 17 -19 -20 -21 22 27 -24 -25 26 -27 -28 28 29 -31
leaf_value=-0.0016603882916066265 -0.0025080094591598667 0.0026181503097259845 0.00054425995764273872 0.00083826516198433506 0.014852620592460243 -0.0029244417734923026 -0.0013530689622349172 -0.010758981055071327 0.008980412998153102 0.0010380725057102288 0.004084133560484946 0.005901884000688095 -0.00047887967217457228 0.010486207993834137 -0.0012219861049712882 0.0037476412103843401 0.0014740140168216988 -0.0025678339528218742 0.0072147941506521185 -0.00039917663956656556 0.00879862959325922 -0.0042118078890289587 0.0019823072454923187 0.0085279269165736277 -0.0064718473684453577 -0.0015672957940796716 -0.00093372937565310813 0.0044039427496067179 0.0081278513619969014 0.015236285258034258
leaf_weight=4489 143427 11577 41831 121 65 50 2124 59 63 25749 391 72 11132 73 4989 222 50 136 51 520 104 140 14411 53 362 211 530 593 165 128
leaf_count=4489 143427 11577 41831 121 65 50 2124 59 63 25749 391 72 11132 73 4989 222 50 136 51 520 104 140 14411 53 362 211 530 593 165 128
internal_value=-0.00249686 0.000351938 0.000168912 0.000884069 0.00426641 0.000855413 -0.00020906 0.00430232 0.00738938 0.0002166 9.54366e-05 0.000164513 -0.000233846 0.00768116 -0.000585503 -0.000565107 -0.000810412 0.00238397 0.00589109 0.000997303 0.000941854 0.00123661 0.000704804 -0.000595239 -0.000898924 0.00134921 -0.00169283 0.00289474 0.00346501 0.0059215
internal_weight=263888 120461 89632 30829 259 30570 2296 172 113 84164 58415 53035 11204 138 5380 5468 4726 237 101 742 28274 12603 15671 1260 1207 315 892 1026 886 293
internal_count=263888 120461 89632 30829 259 30570 2296 172 113 84164 58415 53035 11204 138 5380 5468 4726 237 101 742 28274 12603 15671 1260 1207 315 892 1026 886 293
is_linear=0
shrinkage=0.05


Tree=50
num_leaves=31
num_cat=0
split_feature=21 4 0 3 24 0 16 0 0 9 3 17 19 29 4 11 20 3 24 29 6 2 16 12 4 12 16 12 20 11
split_gain=705.87 4.44864 1.25011 1.27855 1.2431 1.21195 1.19946 1.17043 1.08581 1.04137 1.08616 1.29099 1.12471 1.08465 1.08528 1.25537 1.02889 1.02265 1.55769 1.44832 1.43824 0.966713 0.93579 1.25057 1.09605 2.05284 0.993015 0.968193 1.04266 0.979617
threshold=15.000000000000002 0.27437785761100647 5.5205334151485639 0.25465810915636761 28.500000000000004 5.4921724989964957 2.2231599324334388 5.2702521331074044 5.6015078027592979 0.58128108209283391 0.030369814559519228 6.5000000000000009 16.131242201659806 -0.073191992052533711 -0.036501837248257708 0.37702802650084449 0.089789198370203813 0.22397061954145348 10.500000000000002 0.34574269584979694 0.51837127012264927 0.29326950728926193 1.1066088455021266 0.096619454592744805 0.21062177623843292 0.81985400610092041 1.2130202552805487 0.10342637597321774 0.023995289403189974 0.1851360887010344
decision_type=2 2 2 2 2 2 2 2 2 2 2 2 2 2 2 2 2 2 2 2 2 2 2 2 2 2 2 2 2 2
left_child=1 5 3 4 17 7 -4 9 22 10 12 13 -1 -12 15 -15 -11 19 -19 -3 -21 -20 27 -24 25 -25 -26 28 -7 -30
right_child=-2 2 6 -5 -6 8 -8 -9 -10 16 11 -13 -14 14 -16 -17 -18 18 21 20 -22 -23 23 24 26 -27 -28 -29 29 -31
leaf_value=-3.7207238886675325e-05 -0.0023826089862018732 -0.0062514195401975744 0.0012481916331517826 0.0023023059900093585 0.010886697775896972 0.0080120701643514834 0.014404582725572476 -0.0011575551257341295 0.00024321810544362891 -0.0024627559027708967 -0.00025408243983295178 0.0080700238918788286 -0.0035691484762774561 0.0012050938162618749 0.0010665164364754753 0.010207887099239603 -0.00021072283493056801 0.0083078060887698951 0.0082823519749756908 -0.0019025105529141822 0.014892216994519342 -0.0022467343311754397 -0.0032123419872806232 0.0092562753454157494 0.0052964631328566878 0.00094061352639448386 -0.00044856494887898486 0.00069798622221063265 0.0014078633170383273 0.005066007724059924
leaf_weight=18425 143543 144 18651 13658 63 137 65 8787 13992 2056 6446 64 736 83 17933 77 7743 71 111 71 50 70 277 376 133 223 388 6850 2216 845
leaf_count=18425 143543 144 18651 13658 63 137 65 8787 13992 2056 6446 64 736 83 17933 77 7743 71 111 71 50 70 277 376 133 223 388 6850 2216 845
internal_value=-0.00251688 0.000300601 0.000795957 0.00114904 0.00344827 0.000114651 0.000527355 -4.01082e-06 0.00040551 8.3732e-05 0.000188053 0.000407876 -9.4203e-05 0.000389379 0.000587795 0.0046875 -0.000382183 0.00264023 0.00492063 0.000471697 0.00450413 0.00245856 0.000766709 0.00197924 0.00272321 0.00418197 0.00104606 0.000598128 0.00131645 0.00112545
internal_weight=264284 120741 32954 14238 580 87787 18716 62350 25437 53563 43764 24603 19161 24539 18093 160 9799 517 252 265 121 181 11445 1397 1120 599 521 10048 3198 3061
internal_count=264284 120741 32954 14238 580 87787 18716 62350 25437 53563 43764 24603 19161 24539 18093 160 9799 517 252 265 121 181 11445 1397 1120 599 521 10048 3198 3061
is_linear=0
shrinkage=0.05


Tree=51
num_leaves=31
num_cat=0
split_feature=10 0 0 26 8 12 1 0 10 19 19 19 27 28 24 15 24 1 17 0 13 18 2 11 13 13 1 4 10 2
split_gain=716.769 4.24625 1.36848 1.06721 1.0357 1.0212 1.30633 0.884443 0.883043 0.876651 0.885713 0.858193 0.822009 1.0905 1.94404 0.927342 0.816372 1.51068 0.811148 1.32906 1.81442 1.72244 1.21785 1.21973 0.789632 0.747337 0.738515 1.20975 1.29804 0.746607
threshold=0.7333333333333335 5.3011333813679853 5.5594021876627302 1.0000000180025095e-35 1.1110763684696017 0.1680415873326021 209.00000000000003 5.2378129105385556 0.38333333333333336 16.816708734032748 10.62415528749362 6.0255762158768356 29.500000000000004 21.500000000000004 6.5000000000000009 15.500000000000002 24.500000000000004 201.00000000000003 4.5000000000000009 5.1914582650287837 0.35356199908809477 2.4744594193185523 0.029729724784469096 0.47670031691953452 3.3823721723844007 0.37085277547789636 141.00000000000003 -0.0071595837015261997 0.2166666666666667 -0.16370853013943396
decision_type=2 2 2 2 2 2 2 2 2 2 2 2 2 2 2 2 2 2 2 2 2 2 2 2 2 2 2 2 2 2
left_child=1 3 4 7 -3 -6 -7 18 11 10 -9 26 -2 -14 15 -15 17 25 -1 20 -20 -22 -23 -24 -4 -13 -5 28 -28 -29
right_child=12 2 24 8 5 6 -8 9 -10 -11 -12 16 13 14 -16 -17 -18 -19 19 -21 21 22 23 -25 -26 -27 27 29 -30 -31
leaf_value=0.00085959829244282727 -0.0022634785368917799 0.0018755657939551536 0.0008165695412409975 -0.0015802898664134487 0.0023153113586955906 0.011582608631625947 0.0030907160499063502 -0.0003606478535251714 0.0058002748971430172 -0.0013368353700693419 0.0007669902955274796 -0.00037415224339100504 -0.0022634785368917799 1.0469053642876338 -0.0022634785368917799 -0.0080376988727862784 -0.0061005777416279017 0.007950195792424437 -0.0027616290455907012 -0.0022907224190279784 0.010729595955456217 0.01183121425477166 -0.0065286659527092053 0.0093721735073744143 0.01025930525998685 -0.0047500809170252858 -9.2327776294942607e-05 0.003715482046345009 0.0091002597450121469 -0.0014270970109508477
leaf_weight=26436 129716 31757 26801 391 123 64 74 15245 57 3956 8414 1469 13371 113 220 55 1007 88 341 2123 55 79 115 59 52 1084 68 103 87 485
leaf_count=26436 129716 31757 26801 391 123 64 74 15245 57 3956 8414 1469 13371 113 220 55 1007 88 341 2123 55 79 115 59 52 1084 68 103 87 485
internal_value=-0.00249989 0.000342519 0.000646242 5.25433e-05 0.000867011 0.00400383 0.00695652 0.000113245 -0.000660262 -8.96264e-05 2.55705e-05 -0.000734004 -0.00488779 -0.00452032 -0.00190722 0.00214286 -0.00110746 -0.00064559 0.000305052 -0.000508659 0.00147149 0.00425325 0.00250988 0.000172413 0.00038301 -0.000867608 0.000467371 0.001393 0.00532258 0.000357142
internal_weight=264008 120533 58871 61662 32018 261 138 56823 4839 27615 23659 4782 143475 13759 388 168 3648 2641 29208 2772 649 308 253 174 26853 2553 1134 743 155 588
internal_count=264008 120533 58871 61662 32018 261 138 56823 4839 27615 23659 4782 143475 13759 388 168 3648 2641 29208 2772 649 308 253 174 26853 2553 1134 743 155 588
is_linear=0
shrinkage=0.05


Tree=52
num_leaves=31
num_cat=0
split_feature=10 0 0 1 0 3 3 4 22 27 4 24 19 1 13 0 29 0 19 1 17 1 24 29 3 19 29 23 3 19
split_gain=704.624 4.01016 1.64689 1.67277 1.61734 0.873539 1.29004 0.999159 0.933372 0.840571 0.947902 2.49234 2.8459 0.838447 0.871272 1.31692 0.8171 1.60113 1.06265 1.53877 1.59094 0.842902 1.32404 1.53587 1.06018 1.03887 0.860723 1.25408 1.09262 1.35331
threshold=0.51666666666666672 5.446138084545372 5.2524496318576963 113.00000000000001 5.6015078027592979 0.030369814559519228 0.16803042381948605 -0.036501837248257708 20.500000000000004 29.500000000000004 -0.12223793300729312 1.5000000000000002 21.313781037388043 201.00000000000003 0.98627143117277771 5.194518704741836 0.45741735484948326 5.2482462980402831 8.1802110428669348 173.00000000000003 3.5000000000000004 265.00000000000006 29.500000000000004 0.12843151119100638 0.10809183255839765 12.696614134956148 -0.044962754561565031 4.5000000000000009 0.070466364595715661 9.2681136455936066
decision_type=2 2 2 2 2 2 2 2 2 2 2 2 2 2 2 2 2 2 2 2 2 2 2 2 2 2 2 2 2 2
left_child=1 2 5 -4 -3 13 7 8 -7 -2 -11 12 -12 -1 -15 -16 21 18 19 -18 -21 -9 24 -24 26 -25 28 -28 29 -23
right_child=9 4 3 -5 -6 6 -8 16 -10 10 11 -13 -14 14 15 -17 17 -19 -20 20 -22 22 23 25 -26 -27 27 -29 -30 -31
leaf_value=-0.0007666270052987459 -0.0021503046100471907 0.0017496202758865199 -0.0021401883708257329 -0.00027879621423266984 0.00026626312753677355 0.0022765606373047679 -0.00072628629330606436 0.00072868720087472766 0.012410896711865181 -0.0021503046100471907 0.79282463140495918 -0.0021503046100471907 -0.0050199077610157492 0.00062188919580877093 0.0099808678927651145 0.002655985433815396 0.0097509407526753921 0.011450560527665637 0.00024139982144410059 -0.0071227163320393 0.0042249109206568781 0.0061484476654984485 0.0035713296841736308 0.0067753052426337201 -0.00091719440497085999 0.011320468801551825 -0.00092683686729952094 0.0040712780914288179 0.0029165467800240431 0.0076938213832341319
leaf_weight=10502 129559 43414 3321 16960 14434 130 3686 19912 90 9683 50 3845 133 4198 63 364 81 51 442 68 64 83 217 138 868 56 624 359 136 66
leaf_count=10502 129559 43414 3321 16960 14434 130 3686 19912 90 9683 50 3845 133 4198 63 364 81 51 442 68 64 83 217 138 868 56 624 359 136 66
internal_value=-0.00251818 0.000302632 2.48872e-05 -0.000345398 0.000602613 0.000202852 0.000372907 0.000509941 0.00386364 -0.00488728 -0.00451499 -0.00387041 0.0018306 -0.000101475 0.000459458 0.00261124 0.000478091 0.00215297 0.00148855 0.00438967 0.0010606 0.000425441 0.0012819 0.00388078 0.000781834 0.0071134 0.00170347 0.00100203 0.00412281 0.00708054
internal_weight=263597 120327 62479 20281 57848 42198 27071 23385 220 143270 13711 4028 183 15127 4625 427 23165 706 655 213 132 22459 2547 411 2136 194 1268 983 285 149
internal_count=263597 120327 62479 20281 57848 42198 27071 23385 220 143270 13711 4028 183 15127 4625 427 23165 706 655 213 132 22459 2547 411 2136 194 1268 983 285 149
is_linear=0
shrinkage=0.05


Tree=53
num_leaves=31
num_cat=0
split_feature=21 4 26 27 28 24 24 16 8 16 8 24 18 12 28 24 8 13 7 12 3 17 24 20 24 7 3 22 7 28
split_gain=709.575 4.01194 1.54811 0.97144 2.00605 4.274 1.03089 0.968029 1.22371 1.05061 0.96696 1.28083 0.92809 0.989663 1.05405 1.03797 1.73775 1.16867 1.35016 1.08956 0.97901 0.955305 1.27232 0.941221 0.916931 1.1354 1.13804 1.22981 1.10242 1.37322
threshold=15.000000000000002 0.25048996713075433 1.0000000180025095e-35 27.500000000000004 21.500000000000004 1.5000000000000002 6.5000000000000009 0.33373509458393075 0.67444154152975966 0.24552476800917519 0.69813288901223125 17.500000000000004 4.6257551090680806 0.22825147142191587 2.5000000000000004 28.500000000000004 0.49452865026116943 0.29291392018277806 0.48391616971816248 0.34495938031083345 0.11142805814869851 6.5000000000000009 4.5000000000000009 0.057523264427998204 25.500000000000004 0.53270460013219534 0.0067151627742470547 9.5000000000000018 0.54333495625251282 2.5000000000000004
decision_type=2 2 2 2 2 2 2 2 2 2 2 2 2 2 2 2 2 2 2 2 2 2 2 2 2 2 2 2 2 2
left_child=1 2 12 -2 -5 -6 -7 9 -9 -4 11 -10 21 -14 15 -15 17 -17 20 -18 -19 24 -23 -24 25 26 27 -1 -27 -30
right_child=3 -3 7 4 5 6 -8 8 10 -11 -12 -13 13 14 -16 16 19 18 -20 -21 -22 22 23 -25 -26 28 -28 -29 29 -31
leaf_value=0.001560369164457109 -0.002042789379544831 0.001750987621281317 -0.0019163670378293321 -0.002042789379544831 0.95892354533227864 0.42219156371711319 -0.002042789379544831 -0.00081553002860244601 -0.00061655638557364841 -0.006519169095319158 0.0010703862771605755 0.0061460032035468865 -0.0012173255927447916 -0.00013723490205103412 0.0058091785928786671 0.0039521312404539946 0.0046018928157228111 -0.0026558417010769794 0.014032747525883297 -0.0012316627600084634 0.007020126671278615 -0.0038082289246124121 -0.00085045608755815363 0.0055365818991113137 -0.00024060859652538761 0.0042691293017675545 0.00077060777409323404 -0.0011958733163014434 0.00097634345976651638 0.0056858585039046908
leaf_weight=2268 122146 35023 2425 20901 70 146 295 3126 61 671 510 87 5034 11367 97 158 438 76 54 713 84 275 328 1253 11807 1768 29952 5617 6900 202
leaf_count=2268 122146 35023 2425 20901 70 146 295 3126 61 671 510 87 5034 11367 97 158 438 76 54 713 84 275 328 1253 11807 1768 29952 5617 6900 202
internal_value=-0.00250978 0.000322791 0.000137736 -0.00488332 -0.00457267 -0.0014775 -0.00329932 -0.000581397 -4.49272e-05 -0.00123708 0.00191489 0.00547297 0.000200851 -0.000114035 0.000116654 7.75783e-05 0.00130335 0.00427419 0.00668224 0.000343179 0.004375 0.000294847 0.00141164 0.00195762 0.000259424 0.000358939 0.000239579 -0.000294865 0.000868094 0.000589973
internal_weight=263852 120294 85271 143558 21412 511 441 6880 3784 3096 658 148 78391 18021 12987 12890 1523 372 214 1151 160 60370 1856 1581 58514 46707 37837 7885 8870 7102
internal_count=263852 120294 85271 143558 21412 511 441 6880 3784 3096 658 148 78391 18021 12987 12890 1523 372 214 1151 160 60370 1856 1581 58514 46707 37837 7885 8870 7102
is_linear=0
shrinkage=0.05


Tree=54
num_leaves=31
num_cat=0
split_feature=10 0 16 0 22 21 24 5 24 17 14 6 13 24 22 27 8 13 22 12 20 9 21 2 5 24 22 17 16 19
split_gain=698.99 2.59236 1.28344 1.15999 0.934878 0.921714 6.66907 1.78438 1.3197 0.867121 0.91108 0.816118 1.07981 0.971828 1.39747 0.795338 0.788962 0.893216 1.06113 1.0439 0.887705 0.869058 0.798466 0.978449 0.765034 0.831102 1.23144 1.10404 1.23944 1.1193
threshold=0.7333333333333335 5.3011333813679853 0.50746203327686368 5.6225159719761661 24.500000000000004 48.000000000000007 1.5000000000000002 3.9776275099879572 6.5000000000000009 6.5000000000000009 0.4361203725261692 0.4374867385874644 0.14481157110135404 3.5000000000000004 30.500000000000004 31.500000000000004 0.31090921588456361 0.33821305424840803 4.5000000000000009 0.20683033747021545 0.086643749837033976 0.51338604684178646 2.5000000000000004 0.11235548765409907 0.54431562507431408 12.500000000000002 8.5000000000000018 2.5000000000000004 0.054430764531600964 12.798432636023522
decision_type=2 2 2 2 2 2 2 2 2 2 2 2 2 2 2 2 2 2 2 2 2 2 2 2 2 2 2 2 2 2
left_child=1 2 24 -3 9 -2 7 -7 15 10 -4 12 -6 14 -14 -8 17 18 -12 -20 22 -19 -18 -24 25 26 -1 28 29 -27
right_child=5 3 4 -5 11 6 8 -9 -10 -11 16 -13 13 -15 -16 -17 20 21 19 -21 -22 -23 23 -25 -26 27 -28 -29 -30 -31
leaf_value=0.0012230751916987273 -0.0019406499105675897 0.001390507813325855 -0.0046577309439121599 2.2629358752755417e-06 -0.0050346780077738422 1.0724627127879942 -0.022979141602363917 0.92581797494363094 -0.0019406499105675897 0.0060250660864162153 -0.0056688392055971835 -0.00089092659524903919 0.00084275162245729663 0.0020034361698537009 0.0089048451679888275 0.90645196997288002 0.0013939337066901489 -0.0012548015193736219 0.014509558043110838 0.0057218092470792507 0.00029951003312260927 0.0033103999307657847 0.0040228477705640982 0.008732922013465377 -0.00074361406168711437 0.004218346359817572 -0.0012487098797805761 0.00054385678310527215 0.0007818640766096693 0.011065333177155896
leaf_weight=2275 141055 49616 150 9372 216 58 95 60 1671 91 62 4128 73 1147 68 101 6756 286 50 217 7484 92 206 55 16556 86 6217 15060 183 55
leaf_count=2275 141055 49616 150 9372 216 58 95 60 1671 91 62 4128 73 1147 68 101 6756 286 50 217 7484 92 206 55 16556 86 6217 15060 183 55
internal_value=-0.00252259 0.000282943 5.58407e-05 0.000519766 0.000372135 -0.00488605 -0.00381612 0.00771186 -0.00454473 0.000573175 0.000544341 -0.000179334 0.000817818 0.00136646 0.00528369 -0.000663266 0.000582587 0.00221358 0.00411854 0.00548689 0.000503068 0.000555554 0.000907082 0.00362069 -0.000109073 7.20377e-05 -0.000325013 0.00029121 0.00317901 0.00670213
internal_weight=263541 120501 61513 58988 21081 143040 1985 118 1867 15449 15358 5632 1504 1288 141 196 15208 707 329 267 14501 378 7017 261 40432 23876 8492 15384 324 141
internal_count=263541 120501 61513 58988 21081 143040 1985 118 1867 15449 15358 5632 1504 1288 141 196 15208 707 329 267 14501 378 7017 261 40432 23876 8492 15384 324 141
is_linear=0
shrinkage=0.05


Tree=55
num_leaves=31
num_cat=0
split_feature=10 0 0 8 8 7 9 8 9 29 0 7 2 19 27 24 21 17 14 5 23 24 16 14 22 14 5 23 20 17
split_gain=694.078 2.55692 1.56523 1.06129 0.994324 1.23438 1.12699 0.951278 1.07317 0.945897 1.19078 1.0296 0.965285 0.98318 0.945577 1.09146 2.25067 0.926737 1.05874 0.924056 1.37621 1.82811 1.47185 1.26716 2.29239 1.39833 1.13509 1.07485 1.33266 1.06919
threshold=0.7333333333333335 5.446138084545372 5.5205334151485639 0.4464873882766604 0.59315617386710551 0.34473784600428253 0.7814472880881026 0.62356151327855192 0.55123461169094168 -0.22267175236315265 5.6492764668392832 0.36529561583706288 0.28694789977656471 27.871945639996966 29.500000000000004 1.5000000000000002 55.500000000000007 5.5000000000000009 1.696745466517698 0.57006594080810691 5.5000000000000009 23.500000000000004 0.57074145887662364 1.5876659537745892 26.500000000000004 1.9356777089113701 0.71544678143686402 3.5000000000000004 0.1948131520358202 5.5000000000000009
decision_type=2 2 2 2 2 2 2 2 2 2 2 2 2 2 2 2 2 2 2 2 2 2 2 2 2 2 2 2 2 2
left_child=1 -1 3 -3 5 6 -5 17 -9 11 -11 12 -4 -14 -2 16 -16 18 -6 20 -10 -22 -23 27 25 29 -26 -21 -29 -25
right_child=14 2 9 4 7 -7 -8 8 19 10 -12 -13 13 -15 15 -17 -18 -19 -20 23 21 22 -24 24 26 -27 -28 28 -30 -31
leaf_value=8.06473207000442e-05 -0.0018436174150392101 0.0042686770580141042 -0.0014690548116462619 -0.0013079838051559569 0.0021319403311271276 0.0046351920162980972 0.017064875599454372 -0.0084059928605458214 0.0001660144137616633 0.00072917439430536719 -0.0011394468138443312 0.0025143052158834332 0.0027427496254213727 -0.004913023504167501 -0.0018436174150392101 -0.0018436174150392101 0.68418986608160415 0.010070905138431547 0.013051442562770571 0.0040728970180427546 0.0028551360849246475 0.014291680151257187 0.009170940703096174 0.0093938639710654196 0.0080057131761798912 0.00036199067225989209 0.013876359105294948 -0.00042166792194869775 0.0066074697135319882 -0.00098763939967897482
leaf_weight=62447 129584 1238 1068 2387 590 738 63 198 3434 34720 3326 2636 1420 154 579 13150 52 197 83 2139 397 83 76 334 168 586 79 1582 67 64
leaf_count=62447 129584 1238 1068 2387 590 738 63 198 3434 34720 3326 2636 1420 154 579 13150 52 197 83 2139 397 83 76 334 168 586 79 1582 67 64
internal_value=-0.00253963 0.000261319 0.000500889 0.000950492 0.000819825 5.0187e-05 -0.000489797 0.00106331 0.000913977 0.000350382 0.000263364 0.000977642 0.00028009 0.00106734 -0.00488944 -0.00449568 -0.00246434 0.00264368 0.00176077 0.000994005 0.000426064 0.00273381 0.00726415 0.00144551 0.00283915 0.00175813 0.00714575 0.000992607 3.33524e-05 0.00404522
internal_weight=263639 120274 57827 14503 13265 3188 2450 10077 9207 43324 38046 5278 2642 1574 143365 13781 631 870 673 9009 3990 556 159 5019 1231 984 247 3788 1649 398
internal_count=263639 120274 57827 14503 13265 3188 2450 10077 9207 43324 38046 5278 2642 1574 143365 13781 631 870 673 9009 3990 556 159 5019 1231 984 247 3788 1649 398
is_linear=0
shrinkage=0.05


Tree=56
num_leaves=31
num_cat=0
split_feature=10 4 26 18 27 28 24 3 1 24 9 0 8 14 24 12 4 29 29 23 9 1 4 0 2 11 2 13 17 19
split_gain=686.823 2.87445 1.78389 1.0046 0.923488 1.19332 1.5493 0.945232 0.799593 1.09383 0.7465 1.31083 1.09089 0.954445 0.854308 0.980602 1.20458 2.11241 2.87028 0.845744 1.12117 1.1877 1.99335 0.915853 0.931225 0.822897 0.79781 0.793725 1.30674 0.988715
threshold=0.41666666666666674 0.13219339111216913 1.0000000180025095e-35 7.2971603810902161 29.500000000000004 26.500000000000004 6.5000000000000009 0.2014297962332233 105.00000000000001 1.5000000000000002 0.73271266389589307 5.4965753906779726 1.0442462284866445 3.339047601280424 29.500000000000004 0.029023125979080067 0.41466029501428142 0.27826542264527204 0.45741735484948326 3.5000000000000004 0.77680467171974166 273.00000000000006 0.40495001197563485 5.5179658713565738 0.14821781559669323 0.040202257801196455 0.28095529801130953 0.057630903916169221 5.5000000000000009 12.604367568322617
decision_type=2 2 2 2 2 2 2 2 2 2 2 2 2 2 2 2 2 2 2 2 2 2 2 2 2 2 2 2 2 2
left_child=1 2 -1 10 -2 8 7 -7 9 -6 13 12 14 -3 15 16 17 -12 -19 20 23 26 -23 25 -25 -13 -22 28 29 -26
right_child=4 3 -4 -5 5 6 -8 -9 -10 -11 11 19 -14 -15 -16 -17 -18 18 -20 -21 21 22 -24 24 27 -27 -28 -29 -30 -31
leaf_value=0.00024705645104062618 -0.0017514365442872497 0.0010654855394367144 -0.0020284310665071247 -0.0027482642820074992 0.86124615285477091 0.82060323878786035 -0.0017514365442872497 -0.051790102718951438 -0.0017514365442872497 -0.0017514365442872497 0.0013708086477667763 -0.0053101017628068266 0.011748623891435668 0.0093815530794576166 -0.0024405045351821343 0.0040191034396089139 0.0063561875144893011 0.018276806396809495 0.0038266330133204028 -7.1001654330934535e-05 0.0018037077201251317 -0.0040307678431895366 0.013414122074919557 -0.0011011833098695759 -0.0064052035838889944 0.0028474903137427083 -0.002163796700315562 0.0046009403487958771 0.010706424301665067 0.0083254387621077147
leaf_weight=67468 129945 36586 5948 856 75 60 118 57 11654 1756 85 113 193 121 168 1598 131 58 59 2920 314 102 72 234 61 531 952 1222 55 127
leaf_count=67468 129945 36586 5948 856 75 60 118 57 11654 1756 85 113 193 121 168 1598 131 58 59 2920 314 102 72 234 61 531 952 1222 55 127
internal_value=-0.00254778 0.000244885 4.99879e-05 0.000552213 -0.00487993 -0.0044898 -0.000957448 0.00311966 -0.00455135 -0.00358001 0.000584 0.000992217 0.00202443 0.000483966 0.00169366 0.0019912 0.00445946 0.00688119 0.0112393 0.000639265 0.0011327 3.4721e-05 0.00390804 0.00180751 0.00241613 0.000201862 -0.000497632 0.00288396 0.00549383 0.00351064
internal_weight=263639 119974 73416 46558 143665 13720 235 117 13485 1831 45702 8995 2292 36707 2099 1931 333 202 117 6703 3783 1440 174 2343 1699 644 1266 1465 243 188
internal_count=263639 119974 73416 46558 143665 13720 235 117 13485 1831 45702 8995 2292 36707 2099 1931 333 202 117 6703 3783 1440 174 2343 1699 644 1266 1465 243 188
is_linear=0
shrinkage=0.05


Tree=57
num_leaves=31
num_cat=0
split_feature=21 0 0 19 8 0 17 8 19 5 4 27 28 24 1 22 20 1 11 5 18 4 20 20 13 14 13 29 22 29
split_gain=686.348 2.11306 1.30752 0.984939 1.13104 0.983246 0.921017 0.911061 0.900419 1.24913 1.60688 0.879328 1.68561 4.28914 0.900568 0.942151 1.30662 0.835044 0.82011 0.780489 0.791585 0.766402 1.42391 1.09989 0.978865 0.90665 0.971572 0.852873 0.919249 1.2895
threshold=15.000000000000002 5.446138084545372 5.5205334151485639 17.900391597266253 0.43764568573986556 5.2857546082407643 4.5000000000000009 0.25688904800600959 21.568251006560594 0.68180530810032758 0.092036905063434996 27.500000000000004 21.500000000000004 1.5000000000000002 105.00000000000001 6.5000000000000009 0.75543956705845494 145.00000000000003 1.3184123475447571 0.47474618769514049 4.3614363920232879 0.39702902392000655 0.21455355943772034 0.10064845542189506 0.26488879518553249 1.0941392027211012 0.13199640266612336 0.057494404704434877 13.500000000000002 0.34574269584979694
decision_type=2 2 2 2 2 2 2 2 2 2 2 2 2 2 2 2 2 2 2 2 2 2 2 2 2 2 2 2 2 2
left_child=1 3 21 5 -5 -1 7 -7 18 -10 -11 -2 14 -14 15 16 -13 -9 -6 -8 -21 23 -23 -3 25 -25 -27 -28 -29 -30
right_child=11 2 -4 4 8 6 19 17 9 10 -12 12 13 -15 -16 -17 -18 -19 -20 20 -22 22 -24 24 -26 26 27 28 29 -31
leaf_value=0.00032377485012257729 -0.0016638647170728873 0.0045751519714106702 0.00075083108606543796 0.0025271286887803106 -0.00281431674255021 0.0069306025413088355 0.0077793123104555485 -0.0044719373502001333 -0.00088116654867634683 -0.00013085950951391325 0.010301251075429759 -0.0016638647170728873 0.8919022079957355 -0.0016638647170728873 -0.0016638647170728873 -0.0016638647170728873 0.7192200060167786 -0.00080293556224913956 0.0087680595704262409 -0.00053085219420760611 0.0092889245481028587 0.00095588438788866503 0.0054093999786176215 0.0010250820901104721 -0.0021266743399744174 0.002524237729212518 0.012772508434252282 -0.0026677928403602185 -0.0031975934944676989 0.014931328382148491
leaf_weight=54424 121935 4248 43331 635 2918 62 50 990 1646 122 71 604 66 439 18273 1984 70 1094 58 407 54 6305 56 2136 935 493 83 123 59 85
leaf_count=54424 121935 4248 43331 635 2918 62 50 990 1646 122 71 604 66 439 18273 1984 70 1094 58 407 54 6305 56 2136 935 493 83 123 59 85
internal_value=-0.00254527 0.000238193 0.000455974 3.67006e-05 -0.000605506 9.80174e-05 -0.000841175 -0.00129543 -0.000867083 2.71768e-06 0.00380829 -0.00488247 -0.00458714 -0.00173267 -0.00465601 -0.00379609 -0.00218101 -0.00147313 -0.00140457 0.00106654 0.000422992 0.000866555 0.000455116 0.00118721 0.000582523 0.00102551 0.002414 0.00442857 0.00305243 0.00576389
internal_weight=263756 120385 57854 62531 5450 57081 2657 2146 4815 1839 193 143371 21436 505 20931 2658 674 2084 2976 511 461 14523 6361 8162 3914 2979 843 350 267 144
internal_count=263756 120385 57854 62531 5450 57081 2657 2146 4815 1839 193 143371 21436 505 20931 2658 674 2084 2976 511 461 14523 6361 8162 3914 2979 843 350 267 144
is_linear=0
shrinkage=0.05


Tree=58
num_leaves=31
num_cat=0
split_feature=10 0 19 3 11 19 1 10 3 11 27 28 27 0 15 8 11 8 1 11 19 12 23 9 19 16 11 1 8 1
split_gain=682.065 2.47229 1.0192 1.12954 1.224 1.24767 0.978887 1.34145 0.985028 1.04456 0.941151 1.63689 1.39837 0.938872 0.93251 0.930989 0.907864 1.03756 1.06755 0.874782 0.792032 0.984432 1.06088 1.28393 1.22452 1.2606 0.87594 0.848099 0.785597 0.782074
threshold=0.7333333333333335 5.3011333813679853 17.900391597266253 0.013932606749709401 0.03502285097609234 4.2761266608149802 153.00000000000003 0.05000000000000001 -0.071511289957186933 0.11842040211938039 29.500000000000004 21.500000000000004 30.500000000000004 5.5931903528767899 1.0000000180025095e-35 0.44453328215579035 0.35944718734222941 0.32727416537725362 245.00000000000003 0.40578042996502595 21.0638892258123 0.32794524593091007 3.5000000000000004 0.64705230206425035 22.67454580729736 0.51411916391558043 1.3184123475447571 121.00000000000001 0.38842949167894897 117.00000000000001
decision_type=2 2 2 2 2 2 2 2 2 2 2 2 2 2 2 2 2 2 2 2 2 2 2 2 2 2 2 2 2 2
left_child=1 2 3 6 5 28 -1 -8 9 -9 -2 -12 -13 14 -3 -4 -6 18 -18 -19 26 -22 23 24 25 -23 -17 -26 -5 -15
right_child=10 13 15 4 16 -7 7 8 -10 -11 11 12 -14 29 -16 20 17 19 -20 -21 21 22 -24 -25 27 -27 -28 -29 -30 -31
leaf_value=-0.0011488892531796764 -0.0015806714812192429 0.0025015130273661258 0.0015807815573222654 0.0015800062391285109 -0.0001800507811454148 0.0015371528413490858 0.0080357682912183623 -0.0073292186141481258 -0.00019669063111092257 0.0030553169710522366 -0.0015806714812192429 0.52733983826852204 -0.0015806714812192429 0.0017018640181849698 0.0010785656071369803 -0.0030490915657853711 0.0029440467593868157 0.0018749443703883772 0.0081724881825857802 0.00035397732760937496 -0.002484711028120961 0.0014750202649611464 -0.0016625048350570491 0.0058380142865071902 0.0058463687405296491 0.009025315505459269 0.0061336172580352582 -0.0028358113421257068 0.0083161146386606776 -0.00015748580067162472
leaf_weight=9424 129707 6973 685 143 18023 1809 54 98 8153 1009 13402 69 325 4849 35351 2601 604 2815 127 13663 1099 103 410 83 80 52 57 191 162 11551
leaf_count=9424 129707 6973 685 143 18023 1809 54 98 8153 1009 13402 69 325 4849 35351 2601 604 2815 127 13663 1099 103 410 83 80 52 57 191 162 11551
internal_value=-0.00256174 0.000217235 -4.47674e-06 5.84825e-05 0.000217425 0.001386 -0.0002583 0.000105217 5.93941e-05 0.0014589 -0.00488885 -0.00449623 -0.0013198 0.000449219 0.000573669 -0.000663124 0.000147308 0.000407053 0.00225034 0.000325281 -0.000915313 -0.000168485 0.00103917 0.00256385 0.0014554 0.005 -0.00148232 -0.000571957 0.00434426 0.000128048
internal_weight=263672 120169 61445 56084 37346 2114 18738 9314 9260 1107 143503 13796 394 58724 42324 5361 35232 17209 731 16478 4676 2018 919 509 426 155 2658 271 305 16400
internal_count=263672 120169 61445 56084 37346 2114 18738 9314 9260 1107 143503 13796 394 58724 42324 5361 35232 17209 731 16478 4676 2018 919 509 426 155 2658 271 305 16400
is_linear=0
shrinkage=0.05


Tree=59
num_leaves=31
num_cat=0
split_feature=10 0 0 0 16 3 8 10 8 10 19 18 28 18 22 0 18 13 23 2 3 20 9 20 20 27 28 24 24 27
split_gain=671.425 1.72282 1.22666 1.16432 0.979162 0.963079 0.988637 1.0602 0.8751 0.869359 0.859827 0.844192 0.995628 0.967894 1.03663 1.5103 2.86837 1.51382 1.06677 0.95758 0.933276 0.910023 0.897143 1.10441 0.90691 0.834567 1.93042 4.33607 0.885845 0.820613
threshold=0.7333333333333335 5.3011333813679853 5.5973879821036503 5.2793955265773258 0.50746203327686368 0.16803042381948605 0.50148216698149595 1.0000000180025095e-35 0.7316643114445377 0.05000000000000001 20.809744451567877 3.3690800644701731 2.5000000000000004 2.8272105190373176 3.5000000000000004 5.2160289187615172 2.4744594193185523 0.61292554373727637 1.0000000180025095e-35 0.13347621831156561 0.039458094460219167 0.19841862690306231 0.58036029094032049 0.089789198370203813 0.020434079988732284 27.500000000000004 21.500000000000004 1.5000000000000002 6.5000000000000009 31.500000000000004
decision_type=2 2 2 2 2 2 2 2 2 2 2 2 2 2 2 2 2 2 2 2 2 2 2 2 2 2 2 2 2 2
left_child=1 3 9 4 11 8 -7 -8 -6 -3 -10 13 22 14 15 16 17 -1 -16 -14 21 -15 24 -24 -13 -2 -27 -28 29 -29
right_child=25 2 -4 -5 5 6 7 -9 10 -11 -12 12 19 20 18 -17 -18 -19 -20 -21 -22 -23 23 -25 -26 26 27 28 -30 -31
leaf_value=-0.0012500222100903834 -0.0015016379071582807 -0.00034689166157026883 -2.996721889266523e-05 -0.0012015186766857252 0.00061515711401702962 0.0026159981367238003 0.0028268482612518165 -0.0040351502537569221 0.0017035840892471684 0.0013289939166926299 0.010347795093789029 -0.0022543486665184556 -0.00054319680506738116 -0.0044173125434521163 0.0022050457468228563 0.00028348603642438022 0.0089680884752493528 0.010679650998274545 -0.00077095925284152353 0.0048553268245069212 -0.00043574067129003772 0.0099170794209155824 -0.0032463232350602028 -0.0001071953063622181 0.00071679454512179794 -0.0015016379071582807 0.77301806410926122 -0.055177525138133059 -0.0015016379071582807 0.84907622903193924
leaf_weight=202 121966 4297 15522 4052 17176 191 61 1032 1059 39252 70 756 99 2012 1480 857 81 59 8929 105 2329 67 1343 4321 15133 20758 70 68 291 79
leaf_count=202 121966 4297 15522 4052 17176 191 61 1032 1059 39252 70 756 99 2012 1480 857 81 59 8929 105 2329 67 1343 4321 15133 20758 70 68 291 79
internal_value=-0.00257543 0.000175332 0.000368115 -1.00966e-05 4.77656e-05 0.000334625 -0.000989098 -0.00156908 0.000427478 0.000504144 0.00177591 -0.000100999 0.000101805 -0.0003765 -0.000136976 0.00125521 0.00406433 0.00151341 -0.00029734 0.00357843 -0.00100726 -0.0017773 6.88987e-05 -0.000471399 0.0002615 -0.00488934 -0.0046003 -0.00155512 -0.00340183 -0.000238096
internal_weight=263717 120485 59071 61414 57362 19589 1284 1093 18305 43549 1129 37773 21757 16016 11608 1199 342 261 10409 204 4408 2079 21553 5664 15889 143232 21266 508 438 147
internal_count=263717 120485 59071 61414 57362 19589 1284 1093 18305 43549 1129 37773 21757 16016 11608 1199 342 261 10409 204 4408 2079 21553 5664 15889 143232 21266 508 438 147
is_linear=0
shrinkage=0.05


Tree=60
num_leaves=31
num_cat=0
split_feature=10 3 10 17 24 18 29 6 29 29 7 20 16 2 18 7 7 12 5 12 29 2 7 18 10 6 11 5 27 28
split_gain=673.42 1.67188 1.02998 1.001 1.2876 1.00456 0.98325 1.22293 0.934113 1.14471 1.55073 0.974766 0.919717 0.97949 1.42467 0.922859 0.992451 1.28643 0.890896 0.990806 0.88011 0.984583 0.86997 0.856991 0.840086 0.866028 0.907663 0.832136 0.829945 1.84037
threshold=0.7333333333333335 0.0092173358435869851 0.38333333333333336 6.5000000000000009 2.5000000000000004 6.4761789401795911 0.063671324687521 0.29165603177031513 0.31418103884466758 0.21194771214161187 0.36255532773163052 0.1110086120582055 0.35653553355081996 0.75878430685104059 5.0388546290953782 0.61595544295336213 0.59367885758365302 0.45377814639633424 0.47237150536165756 0.18931679799952691 0.038761191647520087 0.072479206191765164 0.53270460013219534 5.7830916203520326 0.2166666666666667 0.10380993542242617 0.13164485079113011 0.71544678143686402 27.500000000000004 21.500000000000004
decision_type=2 2 2 2 2 2 2 2 2 2 2 2 2 2 2 2 2 2 2 2 2 2 2 2 2 2 2 2 2 2
left_child=1 22 3 5 -5 12 20 27 9 -6 18 -12 13 24 -15 16 -14 -18 -11 -20 -7 -22 23 -1 -3 26 -26 -8 -2 -30
right_child=28 2 -4 4 8 6 7 -9 -10 10 11 -13 15 14 -16 -17 17 -19 19 -21 21 -23 -24 -25 25 -27 -28 -29 29 -31
leaf_value=-0.00069459589523732459 -0.0014265560118003667 -5.680767915078782e-05 -0.0070682475628697913 -0.0042803988966169798 0.0025121254393415827 0.0001253623504931075 0.00035259814455266273 -0.0028417520201203909 0.00071986161219977354 0.01351823664029116 0.0062736064352616949 0.020335589727326381 0.00090604227692277564 -0.0032635284527992325 0.0077026431533420044 -0.0059851925334840576 0.0093869696737595414 -0.00034656329218012621 -0.0032030254314740145 0.0064362293263465799 0.0069880904723321844 0.0023770987662316279 0.00034224702616530143 -0.0035838362105129877 0.002761573850517085 0.0010433721295197915 0.011102954786710369 0.0080579513601262611 -0.0014265560118003667 -0.0014265560118003667
leaf_weight=12427 122216 31253 189 284 1783 2094 747 2443 1455 64 79 56 48913 248 292 237 129 93 149 90 62 166 9461 356 235 6581 78 56 20824 501
leaf_count=12427 122216 31253 189 284 1783 2094 747 2443 1455 64 79 56 48913 248 292 237 129 93 149 90 62 166 9461 356 235 6581 78 56 20824 501
internal_value=-0.00257817 0.000185801 0.000274811 0.000281952 0.0010606 0.000249019 -0.0004023 -0.000964265 0.00131121 0.00195632 0.00424657 0.0087037 0.000290202 0.000107658 0.00222222 0.00043324 0.000448254 0.00378378 0.00226072 0.000857739 0.000383289 0.00333333 -0.00020545 -0.000474459 7.77244e-05 0.000577312 0.00314696 0.000728517 -0.00488923 -0.00460141
internal_weight=263561 120020 97776 97587 3960 93627 5568 3246 3676 2221 438 135 88059 38687 540 49372 49135 222 303 239 2322 228 22244 12783 38147 6894 313 803 143541 21325
internal_count=263561 120020 97776 97587 3960 93627 5568 3246 3676 2221 438 135 88059 38687 540 49372 49135 222 303 239 2322 228 22244 12783 38147 6894 313 803 143541 21325
is_linear=0
shrinkage=0.05


Tree=61
num_leaves=31
num_cat=0
split_feature=10 26 12 16 29 14 29 19 19 20 1 10 16 19 23 1 6 12 18 18 3 18 13 6 28 13 11 20 22 29
split_gain=675.907 1.40189 1.1702 0.981794 1.25545 1.24483 1.13687 0.943629 1.95257 0.943068 1.28384 0.917706 0.911427 1.11686 0.897269 1.40653 1.43192 1.1884 1.38708 0.89516 1.09166 0.930959 0.910995 1.05309 0.857572 0.895226 0.993865 1.38188 0.871235 0.837517
threshold=0.7333333333333335 1.0000000180025095e-35 0.18734659977136991 1.3712834172561443 0.026122464580513982 1.4989877564747525 0.086861271210942489 7.9516014240690742 12.491548695441127 0.038121074183781432 189.00000000000003 0.38333333333333336 0.40869351146835103 5.9288337448934518 1.5000000000000002 201.00000000000003 0.32550125659298984 0.2894920047342095 3.5573742432071334 6.4761789401795911 0.52565656592785703 5.6117468613232733 0.66686361744868894 0.38844506274944995 2.5000000000000004 0.78042987312702439 0.92991112836643042 0.11193234477727086 9.5000000000000018 -0.96610888091398417
decision_type=2 2 2 2 2 2 2 2 2 2 2 2 2 2 2 2 2 2 2 2 2 2 2 2 2 2 2 2 2 2
left_child=1 2 19 29 5 -5 7 -6 -9 10 -8 12 -3 -14 -15 -16 -17 -18 -19 20 -1 -22 23 -21 25 -11 28 -28 -27 -4
right_child=-2 11 3 4 6 -7 9 8 -10 24 -12 -13 13 14 15 16 17 18 -20 22 21 -23 -24 -25 -26 26 27 -29 -30 -31
leaf_value=0.0010852048010399286 -0.0013552282112103485 -0.002286924638358672 -0.0041505013547751277 0.0079005822571623138 7.346405679564028e-05 -0.0015636518490751003 0.013181918917694985 0.014207521480781219 0.0068723166373403036 -0.00010150727299962473 0.00093902797184044074 0.0055445540783982577 0.0032228989122183704 -0.0035200975116512928 -0.00018896420338750163 -0.0068066425525631141 0.0014459692811732146 0.0061881788485936597 0.0095907016325763438 -0.00067411297961118962 0.0042463180479166921 0.011252092698516849 0.0048282259077530969 -0.0073349130304517108 0.012787840641135431 0.01304270321371718 0.012990479750129498 0.0046873540049043256 -0.0020061344807159667 0.00017496840404200006
leaf_weight=41615 143357 4691 278 69 78 813 110 59 75 1192 142 54 685 1571 2049 89 117 76 68 911 356 98 198 252 54 95 59 52 183 64342
leaf_count=41615 143357 4691 278 69 78 813 110 59 75 1192 142 54 685 1571 2049 89 117 76 68 911 356 98 198 252 54 95 59 52 183 64342
internal_value=-0.00256339 0.000197996 0.000247632 0.000117527 0.0010047 -0.000578232 0.00166984 0.00514151 0.00768657 0.00127981 0.00412698 -0.000388299 -0.000425852 6.98162e-05 -0.00025189 0.000356397 0.00328571 0.00515326 0.00819444 0.000450148 0.000490978 0.00292951 -0.000811904 -0.00134566 0.000840977 0.000629347 0.00271208 0.00671171 0.00111511 7.66005e-05
internal_weight=263788 120431 111031 67601 2981 882 2099 212 134 1887 252 9400 9346 4655 3970 2399 350 261 144 43430 42069 454 1361 1163 1635 1581 389 111 278 64620
internal_count=263788 120431 111031 67601 2981 882 2099 212 134 1887 252 9400 9346 4655 3970 2399 350 261 144 43430 42069 454 1361 1163 1635 1581 389 111 278 64620
is_linear=0
shrinkage=0.05


Tree=62
num_leaves=31
num_cat=0
split_feature=10 4 20 0 3 4 2 28 27 28 24 24 27 18 19 18 4 0 0 1 12 5 8 6 1 22 20 27 3 6
split_gain=667.547 1.80325 1.05113 1.00141 1.19872 1.33481 2.15035 1.98715 0.881683 2.32479 4.68655 1.22129 1.3045 0.862576 1.22214 1.32132 0.898648 0.889719 0.860787 0.932701 0.850474 0.832522 0.816571 0.874722 0.8044 1.01345 1.18265 1.09292 0.803041 0.790444
threshold=0.51666666666666672 0.25048996713075433 0.027141895528492218 5.2235812945003683 0.11142805814869851 0.045414351683201036 0.093126783423842688 1.5000000000000002 27.500000000000004 21.500000000000004 1.5000000000000002 6.5000000000000009 32.500000000000007 1.390733452337042 10.539253042296627 4.1222135776842395 -0.030816198156700669 5.2793955265773258 5.6418675887389069 273.00000000000006 1.4154500553269906 0.70188140413412259 0.67951758233554349 0.4266024921825336 109.00000000000001 8.5000000000000018 0.75543956705845494 35.500000000000007 0.05082464456976981 0.55854717411155519
decision_type=2 2 2 2 2 2 2 2 2 2 2 2 2 2 2 2 2 2 2 2 2 2 2 2 2 2 2 2 2 2
left_child=1 2 3 4 5 29 7 -7 -2 24 -11 12 -12 -4 17 18 -17 21 20 22 -16 -15 -20 -24 25 26 27 -10 -25 -1
right_child=8 -3 13 -5 -6 6 -8 -9 9 10 11 -13 -14 14 15 16 -18 -19 19 -21 -22 -23 23 28 -26 -27 -28 -29 -30 -31
leaf_value=0.0022110961821507746 -0.0012874668006498311 0.0010429299769315276 0.0012327805551489389 -0.0019555548588415894 -0.0039666508144006038 0.005596520810490788 -0.0006787429180522169 0.016920219139920176 -0.0012874668006498311 0.7880986429583472 -0.049193602663517091 -0.0012874668006498311 1.0086464967159874 5.533065577032817e-06 0.0016742925354441386 0.007024654477945147 -3.8398028372328644e-05 -0.0013043682408578881 -0.0013084159555215877 0.0039971112233237937 -0.0039681060265805475 -0.0024028027077313881 -0.0032974236605900677 0.0012306046381006584 -0.0012874668006498311 -0.0012874668006498311 0.64468174807875456 0.93333309631842443 0.009982879481982912 -0.0027092018062048633
leaf_weight=343 122051 34975 7572 4168 221 105 137 81 807 64 98 287 56 25965 11855 97 23796 5399 2403 72 453 2205 108 108 17678 2198 78 59 122 139
leaf_count=343 122051 34975 7572 4168 221 105 137 81 807 64 98 287 56 25965 11855 97 23796 5399 2403 72 453 2205 108 108 17678 2198 78 59 122 139
internal_value=-0.00258172 0.000164388 4.04797e-05 -0.000648827 0.000750486 0.00164596 0.00413313 0.00763441 -0.00488631 -0.00458968 -0.00123762 -0.00307256 0.000519479 8.51463e-05 3.21689e-05 0.000222483 -8.99964e-06 -0.000189015 0.000588254 -0.000200854 0.000768605 -7.63235e-05 -0.000348414 0.00195266 -0.00467099 -0.0039338 -0.00256356 -0.00309469 0.00369565 -2.07481e-05
internal_weight=263700 120324 85349 5194 1026 805 323 186 143376 21325 505 441 154 80155 72583 39014 23893 33569 15121 2813 12308 28170 2741 338 20820 3142 944 866 230 482
internal_count=263700 120324 85349 5194 1026 805 323 186 143376 21325 505 441 154 80155 72583 39014 23893 33569 15121 2813 12308 28170 2741 338 20820 3142 944 866 230 482
is_linear=0
shrinkage=0.05


Tree=63
num_leaves=31
num_cat=0
split_feature=21 26 0 0 0 6 4 29 8 4 20 16 14 29 29 1 24 24 24 11 1 11 5 29 24 11 9 12 13 2
split_gain=670.174 1.79563 1.21625 1.0832 0.994305 1.06993 0.953461 0.840478 1.34318 1.08603 0.839156 0.808362 0.802658 1.03837 2.77038 1.90403 1.30237 0.978257 1.04903 1.13823 0.975021 1.24223 0.954881 0.930682 0.961538 0.863336 0.816973 0.960149 1.20229 0.785257
threshold=15.000000000000002 1.0000000180025095e-35 5.3011333813679853 5.4874078435201818 5.2378129105385556 1.0205438407388343 0.2988773374608194 0.54280278330869824 0.4631265023380769 0.36760723639403742 0.086643749837033976 1.0653631443542781 0.92698259465254484 0.40043456165707342 0.26451136106598711 229.00000000000003 15.500000000000002 26.500000000000004 22.500000000000004 0.13637365765083251 241.00000000000003 0.6193954724511298 0.84610476625601916 0.31418103884466758 12.500000000000002 0.23716368874572816 0.70094909252985349 0.14947123186551561 0.13044235676291863 -0.21357624261151711
decision_type=2 2 2 2 2 2 2 2 2 2 2 2 2 2 2 2 2 2 2 2 2 2 2 2 2 2 2 2 2 2
left_child=1 2 4 6 -1 -6 29 -3 -9 11 -11 -10 13 14 20 23 -17 18 25 -20 21 26 -14 24 -16 -15 27 28 -8 -4
right_child=-2 7 3 -5 5 -7 12 8 9 10 -12 -13 22 17 15 16 -18 -19 19 -21 -22 -23 -24 -25 -26 -27 -28 -29 -30 -31
leaf_value=0.00054899365149744617 -0.0012230934606173394 -0.0014850030667375464 0.007769331596696627 0.00075339262633269033 -0.00027480698249813612 0.0083548620937717623 0.014573663866416287 0.0085122082436175153 -0.0041169689791180344 0.011541219363120617 -0.0014082300624663438 0.0067622491213656828 0.00054787923061742406 -0.00089225932268408416 0.019616132258400972 0.019278813719352195 0.0089513112318912336 -0.010027195209792309 0.014811832847717782 0.0056335159806446466 -0.0026569830993625476 0.010981888640213044 0.012389093038009641 0.0026193615438401645 0.0098002352664568731 0.0084056225180803145 -0.0003777573723344153 0.0021285633232952517 0.0043631271905450689 -0.0028641206496950052
leaf_weight=29224 143358 8537 86 49436 27597 55 77 94 343 125 121 61 1692 497 52 52 101 171 71 112 190 51 71 176 52 160 323 176 97 532
leaf_count=29224 143358 8537 86 49436 27597 55 77 94 343 125 121 61 1692 497 52 52 101 171 71 112 190 51 71 176 52 160 323 176 97 532
internal_value=-0.00257936 0.00017194 0.000227777 0.000397322 6.62834e-05 -0.000148634 0.00111943 -0.000496176 0.00111559 0.000307691 0.00292683 -0.00128713 0.00139408 0.00199745 0.00290646 0.00620092 0.0106863 0.000786349 0.00148809 0.00483606 0.00134573 0.00218232 0.000587066 0.00375 0.0075 0.000555554 0.00161218 0.00328571 0.00591954 -0.000711975
internal_weight=263690 120332 111051 54175 56876 27652 4739 9281 744 650 246 404 4121 2358 1347 433 153 1011 840 183 914 724 1763 280 104 657 673 350 174 618
internal_count=263690 120332 111051 54175 56876 27652 4739 9281 744 650 246 404 4121 2358 1347 433 153 1011 840 183 914 724 1763 280 104 657 673 350 174 618
is_linear=0
shrinkage=0.05


Tree=64
num_leaves=31
num_cat=0
split_feature=10 9 26 9 10 27 4 19 29 0 20 16 12 2 8 29 29 22 7 10 10 5 8 5 2 4 5 20 16 8
split_gain=664.204 1.84795 1.23942 0.955474 1.31728 0.88657 1.16525 1.03211 1.2769 2.21062 1.17982 0.882883 1.09554 0.941376 0.939576 0.882731 1.055 1.1636 0.960912 0.869843 0.846135 1.0279 1.05589 1.02507 0.927904 0.912334 0.898537 0.883419 1.12331 1.10115
threshold=0.7333333333333335 0.64705230206425035 1.0000000180025095e-35 0.6368906514769016 0.25000000000000006 27.500000000000004 -0.12223793300729312 38.324239405701839 2.1505055889027402 4.5486059994538381 0.7096763166769936 0.32243011156469464 1.1410681411436696 0.29326950728926193 0.69126438060899953 -0.11317512005879747 -0.53032473659995172 26.500000000000004 0.38190974604662803 0.38333333333333336 0.05000000000000001 0.50556665514772647 0.72911233986868573 0.38299279661096169 0.15890589126255925 0.45325867381061058 0.95159598323337946 0.12888260280427136 0.091392141627769929 0.5267744143635279
decision_type=2 2 2 2 2 2 2 2 2 2 2 2 2 2 2 2 2 2 2 2 2 2 2 2 2 2 2 2 2 2
left_child=1 2 3 11 -5 -2 -7 8 -8 10 -10 -1 14 -14 -13 16 17 18 -3 -4 23 22 24 -17 -22 -24 -23 28 -26 -29
right_child=5 15 19 4 -6 6 7 -9 9 -11 -12 12 13 -15 -16 20 -18 -19 -20 -21 21 26 25 -25 27 -27 -28 29 -30 -31
leaf_value=-7.9719700866182826e-05 -0.0011619387875864723 -0.0022521188967592055 -0.001347954312955459 -0.0022153174786700442 0.012341084280889612 -0.0011619387875864723 -0.0011619387875864723 -0.0011619387875864723 0.83831040511813415 -0.0011619387875864723 0.40771328861797446 0.00048959278703036434 -0.0016793974042277186 0.0077479171985386135 0.0017831489252110131 0.0085451615692761426 -0.0011084474134340136 0.010563524647305957 0.0066428569933564751 0.0052906905641828643 -0.0054864195223672382 0.0024680343783728704 -0.0024087506931317168 -0.00048586632269854264 -0.0047894888580658724 0.0076600564416108453 -0.0025899760638575819 0.0056578898852173432 0.003513823540752109 0.0018748165680126919
leaf_weight=36147 122133 223 7347 2564 55 15429 1839 3647 50 276 68 37637 2909 121 5933 115 2848 85 82 50 246 16339 1549 3544 194 74 415 53 1354 264
leaf_count=36147 122133 223 7347 2564 55 15429 1839 3647 50 276 68 37637 2909 121 5933 115 2848 85 82 50 246 16339 1549 3544 194 74 415 53 1354 264
internal_value=-0.00258754 0.000154891 4.83478e-05 0.000102147 -0.000838107 -0.00488462 -0.00458703 -0.0039881 -0.00314151 -0.000558377 0.00516949 0.000131907 0.00027575 -0.000643566 0.000339682 0.000515792 -0.000259421 0.00217949 0.000737704 -0.000572531 0.000619745 0.000744825 -5.35738e-06 -8.06243e-05 0.000731879 -0.000964265 0.00091202 0.0011126 0.000620154 0.00351735
internal_weight=263590 120148 92763 85366 2619 143442 21309 5880 2233 394 118 82747 46600 3030 43570 27385 3238 390 305 7397 24147 20488 3734 3659 2111 1623 16754 1865 1548 317
internal_count=263590 120148 92763 85366 2619 143442 21309 5880 2233 394 118 82747 46600 3030 43570 27385 3238 390 305 7397 24147 20488 3734 3659 2111 1623 16754 1865 1548 317
is_linear=0
shrinkage=0.05


Tree=65
num_leaves=31
num_cat=0
split_feature=10 4 24 24 6 9 16 16 19 11 11 29 29 27 28 24 24 1 29 29 1 4 23 28 1 20 22 29 6 6
split_gain=669.758 1.62927 1.08692 1.19106 1.3874 1.5401 1.17855 1.32482 1.47719 1.22531 2.7367 1.44818 1.17096 0.980608 2.00449 4.09968 1.09792 0.898736 0.885441 1.39146 1.37573 1.30442 0.894622 0.961159 0.847161 0.785831 1.73413 0.761434 1.12023 1.31997
threshold=0.7333333333333335 0.31091690483362444 29.500000000000004 28.500000000000004 0.1421017337975167 0.59293146771255567 0.96746471571845671 0.52050345751067761 23.486701455950854 0.59921268109461889 0.16630131028406131 0.32943910009416355 -0.37706383319294912 27.500000000000004 21.500000000000004 1.5000000000000002 6.5000000000000009 101.00000000000001 -0.05592271813214527 0.11586803245802089 245.00000000000003 0.3852210359942953 5.5000000000000009 1.5000000000000002 173.00000000000003 0.75543956705845494 9.5000000000000018 0.36306981479561701 0.72842761338431539 0.6475644112884763
decision_type=2 2 2 2 2 2 2 2 2 2 2 2 2 2 2 2 2 2 2 2 2 2 2 2 2 2 2 2 2 2
left_child=1 -1 3 27 -5 -6 7 -7 9 10 11 -9 -4 -2 17 -16 -17 25 -14 20 24 -22 -21 -24 -20 -15 -27 -3 29 -29
right_child=13 2 12 4 5 6 -8 8 -10 -11 -12 -13 18 14 15 16 -18 -19 19 22 21 -23 23 -25 -26 26 -28 28 -30 -31
leaf_value=0.00012210298250533283 -0.0011038418482071488 0.00056007094127730878 0.016902268879608551 -0.0017055695297338925 0.010075838971680958 0.0037992400558009309 -0.0016077879138347865 0.0018002343422583223 -0.0035331110013589254 0.0013416626267094799 0.018908986180392818 0.010174014115207623 -0.0091668923268198397 -0.0011038418482071488 0.64864714010213509 0.56219132904354152 -0.0011038418482071488 -0.0011038418482071488 0.0049816583897437294 -0.0026715832581982132 0.0066599409821085954 0.0025787035174636725 0.018852836860791478 -0.0055074688793896364 -0.001522386876429213 0.67065721424174596 -0.0011038418482071488 0.0022306274690955951 0.0081616838666454163 -0.005906857187077643
leaf_weight=90555 122230 14900 50 180 98 367 264 87 51 59 61 50 245 1967 66 153 292 18672 52 1469 81 55 72 52 168 80 116 11142 148 227
leaf_count=90555 122230 14900 50 180 98 367 264 87 51 59 61 50 245 1967 66 153 292 18672 52 1469 81 55 72 52 168 80 116 11142 148 227
internal_value=-0.00257755 0.000172169 0.000492334 0.000578272 0.00210764 0.00281099 0.0021885 0.0032963 0.00571428 0.00725681 0.00914141 0.00521898 -0.000565955 -0.00488403 -0.00457135 -0.0014775 -0.00320225 -0.00464723 -0.000738379 -0.000382248 0.00244382 0.00639706 -0.00101381 0.00306451 -1.19209e-09 -0.00368239 -0.000663266 0.000507816 0.000813145 0.000756882
internal_weight=264009 120433 29878 27634 1217 1037 939 675 308 257 198 137 2244 143576 21346 511 445 20835 2194 1949 356 136 1593 124 220 2163 196 26417 11517 11369
internal_count=264009 120433 29878 27634 1217 1037 939 675 308 257 198 137 2244 143576 21346 511 445 20835 2194 1949 356 136 1593 124 220 2163 196 26417 11517 11369
is_linear=0
shrinkage=0.05


Tree=66
num_leaves=31
num_cat=0
split_feature=0 19 28 27 28 27 0 9 24 0 27 22 4 3 4 16 3 20 1 24 27 28 2 1 19 6 2 2 23 9
split_gain=593.493 43.949 5.5343 1.73791 1.78968 1.48487 1.249 1.02334 1.90682 5.42877 2.68817 0.99622 0.931048 1.04385 1.05874 1.82886 1.22582 1.04665 0.921461 1.28798 0.900991 1.11805 0.874204 0.873743 1.084 0.866482 0.842148 1.46154 1.44019 1.03307
threshold=5.1571965680458716 41.617910341718854 5.5000000000000009 1.0000000180025095e-35 3.5000000000000004 13.500000000000002 5.3011333813679853 1.0000000180025095e-35 1.5000000000000002 4.5724882964329003 27.500000000000004 30.500000000000004 0.084212524191725077 0.020694845740141476 0.0088804802825922322 0.72752024943454063 0.086278255958139052 0.016334962040818041 93.000000000000014 10.500000000000002 1.5000000000000002 23.500000000000004 -0.20699179498085699 121.00000000000001 22.110527613957089 0.44796431123003039 0.15394392585434327 -0.093466393851332499 1.5000000000000002 0.51136455500342815
decision_type=2 2 2 2 2 2 2 2 2 2 2 2 2 2 2 2 2 2 2 2 2 2 2 2 2 2 2 2 2 2
left_child=3 2 5 4 -1 6 11 18 9 10 -9 23 13 -13 15 16 26 -16 19 -5 21 -10 -19 24 -2 -26 27 -15 -29 -28
right_child=1 -3 -4 7 -6 -7 -8 8 20 -11 -12 12 -14 14 17 -17 -18 22 -20 -21 -22 -23 -24 -25 25 -27 29 28 -30 -31
leaf_value=-7.5404161246116338e-05 -0.0012242935571751658 -0.0016904734494642727 -0.0010486497557967913 1.0177140587521303 -0.0010486497557967913 -0.0010486497557967913 0.00064953017428812489 -0.0010486497557967913 -0.0012081443286625967 -0.0010486497557967913 0.82401963768250974 -9.4120075206901254e-05 -0.0010607226333470526 0.011180853335516152 0.0090756799559205993 -0.0041339101015513925 -0.00093871537620500737 0.0062899717717331775 -0.0010486497557967913 -0.0010486497557967913 -0.0010486497557967913 -0.0010486497557967913 0.00096969029949791014 -4.7746833530239249e-05 0.0057124868201060656 -0.0024625362240355436 0.0090858697277213865 0.014757914753171257 -0.0012322695823599383 0.011679842264070607
leaf_weight=368 8779 5096 645 54 379 161 58908 62 309 586 93 2591 930 90 66 91 95 174 120198 73 15458 483 2823 44155 213 127 62 54 158 55
leaf_count=368 8779 5096 645 54 379 161 58908 62 309 586 93 2591 930 90 66 91 95 174 120198 73 15458 483 2823 44155 213 127 62 54 158 55
internal_value=-0.0026006 -0.000108684 8.41663e-05 -0.00486166 -0.00245649 0.000109091 0.000115563 -0.00487474 -0.00451151 -0.00203104 0.00629032 -4.40777e-05 0.000508414 0.000727751 0.00127045 0.00318182 0.00433852 0.000892914 -0.00492603 -0.000669293 -0.00462462 -0.0029798 0.000755755 -0.000118633 -0.000564208 0.00220588 0.00550119 0.00410596 0.00183962 0.00910256
internal_weight=263336 125273 120177 138063 747 119532 119371 137316 16991 741 155 60463 7189 6259 3668 605 514 3063 120325 127 16250 792 2997 53274 9119 340 419 302 212 117
internal_count=263336 125273 120177 138063 747 119532 119371 137316 16991 741 155 60463 7189 6259 3668 605 514 3063 120325 127 16250 792 2997 53274 9119 340 419 302 212 117
is_linear=0
shrinkage=0.05


Tree=67
num_leaves=31
num_cat=0
split_feature=10 4 21 24 4 24 26 10 16 16 16 12 21 1 14 10 20 18 11 29 16 17 29 17 24 24 29 29 16 18
split_gain=646.839 1.4099 1.13964 6.90277 1.06032 1.8544 1.04778 0.994762 0.935526 0.997675 0.879986 0.849987 1.12777 0.945205 1.27245 1.76806 1.1042 0.836854 0.901809 0.929044 0.76945 0.75039 1.51422 0.803607 1.27242 1.55974 1.44166 1.85325 1.14589 0.966871
threshold=0.7333333333333335 0.31091690483362444 48.000000000000007 6.5000000000000009 -0.10389939157331902 1.5000000000000002 1.0000000180025095e-35 0.38333333333333336 0.33373509458393075 0.24552476800917519 0.62694215128490582 1.2846297319829549 1.5000000000000002 297.00000000000006 1.1685655776377721 0.2166666666666667 0.10863163156742452 6.7157789798930274 0.79573476830300838 1.0000000180025095e-35 2.2231599324334388 5.5000000000000009 0.6935744829748387 2.5000000000000004 17.500000000000004 23.500000000000004 -0.048647120297597581 0.10480753632568028 0.60590125375101178 4.6257551090680806
decision_type=2 2 2 2 2 2 2 2 2 2 2 2 2 2 2 2 2 2 2 2 2 2 2 2 2 2 2 2 2 2
left_child=1 6 -2 4 -4 -6 11 8 9 -8 -7 12 -1 17 15 16 -15 20 -19 -20 21 23 -23 24 28 26 -26 -28 -14 -27
right_child=2 -3 3 -5 5 10 7 -9 -10 -11 -12 -13 13 14 -16 -17 -18 18 19 -21 -22 22 -24 -25 25 29 27 -29 -30 -31
leaf_value=-0.00058238718901674417 -0.00099621726800695168 0.00089461238954037904 -0.056240433332954212 -0.00099621726800695168 0.79358304204161101 -0.062581334975902889 -0.0017762040629325981 0.0050224380809368689 -0.00014696149610031546 -0.0063417255391771503 0.88034723001920023 -0.0012238289583942484 -0.0020491726736339851 0.0029832873531336936 -0.0039589647739926449 0.0105632767907104 -0.0036271890306648542 -0.001769430988711922 0.0057360696252503791 -1.8569647189958361e-05 0.008102882943159596 0.0014825188236303494 -0.0046712112475788981 0.00015989720738067705 0.0046186367856105182 -0.00034943385320400551 0.0077868188724091129 0.00388664054978753 0.0095938071330338246 0.011461279826512667
leaf_weight=11824 141602 29819 57 1652 89 89 2530 60 4050 733 92 3493 518 244 177 147 101 2544 96 210 60 6081 177 57011 97 220 51 58 75 73
leaf_count=11824 141602 29819 57 1652 89 89 2530 60 4050 733 92 3493 518 244 177 147 101 2544 96 210 60 6081 177 57011 97 220 51 58 75 73
internal_value=-0.00261107 9.09502e-05 -0.00487777 -0.00368621 0.00295107 0.00425926 -7.17321e-06 -0.000578463 -0.000631069 -0.00126111 0.00135359 4.34186e-05 7.68505e-05 0.000155283 0.00202541 0.00333333 0.00137681 0.000136685 -0.000701756 0.00186274 0.000173778 0.000168501 0.000688717 0.000112471 0.00145604 0.00331663 0.00665048 0.0105963 -0.000109613 0.000972695
internal_weight=264030 120449 143581 1979 327 270 90630 7373 7313 3263 181 83257 79764 67940 669 492 345 67271 2850 306 64421 64361 6258 58103 1092 499 206 109 593 293
internal_count=264030 120449 143581 1979 327 270 90630 7373 7313 3263 181 83257 79764 67940 669 492 345 67271 2850 306 64421 64361 6258 58103 1092 499 206 109 593 293
is_linear=0
shrinkage=0.05


Tree=68
num_leaves=31
num_cat=0
split_feature=10 3 1 2 27 28 29 27 21 21 26 8 11 20 13 12 22 3 20 7 3 29 4 0 12 7 1 19 11 22
split_gain=656.131 1.18223 1.02018 1.29108 0.829864 2.10052 1.48005 2.80672 0.935676 0.800904 1.00609 0.842311 0.920332 0.945923 0.980258 1.24616 1.51655 1.55457 0.996977 0.860456 0.826448 0.820665 1.22056 0.915486 1.03943 0.797016 0.785983 0.767165 0.763269 0.758863
threshold=0.7333333333333335 0.041555590305047442 153.00000000000003 0.1961142729019538 27.500000000000004 21.500000000000004 2.8408173346488366 30.500000000000004 58.500000000000007 1.5000000000000002 1.0000000180025095e-35 0.55397596272019156 0.6756693214015842 0.027141895528492218 0.090800628890847793 0.32450125460415363 4.5000000000000009 0.18673106969061218 0.086025401144667987 0.26960825630046487 0.41534953691076298 0.56051074655438726 0.36760723639403742 5.4965753906779726 0.18557945820485852 0.41907490447099455 105.00000000000001 8.6454315145531719 0.32585017068046518 8.5000000000000018
decision_type=2 2 2 2 2 2 2 2 2 2 2 2 2 2 2 2 2 2 2 2 2 2 2 2 2 2 2 2 2 2
left_child=1 2 -1 -4 -2 26 8 -8 -7 11 -11 20 13 -13 18 -16 17 28 -15 -18 25 -12 27 -24 -25 -3 29 -23 -17 -6
right_child=4 9 3 -5 5 6 7 -9 -10 10 21 12 -14 14 15 16 19 -19 -20 -21 -22 22 23 24 -26 -27 -28 -29 -30 -31
leaf_value=-0.00066475677452365654 -0.00094640640460660419 0.0022113659757293474 0.00050522629360911402 -0.0021506763757690715 -0.00094640640460660419 0.5244736580049022 0.60476534194859843 -0.20718510767890824 -0.00094640640460660419 0.0006581789271414561 -0.0013051095110036069 -0.0034011577061313636 -0.0043113626410219014 -0.00051454291316974511 -0.0024443848251208379 -0.0037811608571005429 0.0071220604864854521 0.0098776700178606347 0.005338739324125364 -0.000461128154884942 -0.010183398815540695 0.0077162801636142019 -0.0033420996854981707 0.011157346142321624 0.0028306418485425904 -0.00035261868239238909 -0.00094640640460660419 -0.0022288178139226521 0.010879075949824152 -0.00094640640460660419
leaf_weight=16953 122015 2211 16647 1743 880 77 59 50 338 69469 5043 272 1007 295 2200 80 66 84 287 1253 89 72 77 101 70 1978 18239 265 50 1778
leaf_count=16953 122015 2211 16647 1743 880 77 59 50 338 69469 5043 272 1007 295 2200 80 66 84 287 1253 89 72 77 101 70 1978 18239 265 50 1778
internal_value=-0.00259922 0.00012376 -0.000119261 0.000138661 -0.00488322 -0.00459619 -0.00146947 0.0037156 -0.00283133 0.000224846 0.000280503 -0.000198543 -0.000602432 -0.000301941 -0.00012167 -0.000419235 0.000675146 0.00457944 0.00178694 4.16971e-05 0.000329592 -0.000362475 0.00141026 0.00407258 0.00611111 0.000430889 -0.0046746 -0.000548963 0.00115384 -0.00387133
internal_weight=263748 120312 35343 18390 143436 21421 524 109 415 84969 75097 9872 5594 4587 4315 3733 1533 214 582 1319 4278 5628 585 248 171 4189 20897 337 130 2658
internal_count=263748 120312 35343 18390 143436 21421 524 109 415 84969 75097 9872 5594 4587 4315 3733 1533 214 582 1319 4278 5628 585 248 171 4189 20897 337 130 2658
is_linear=0
shrinkage=0.05


Tree=69
num_leaves=31
num_cat=0
split_feature=10 6 2 21 24 28 29 3 29 3 1 10 16 16 24 17 24 29 24 8 4 16 1 3 1 9 13 23 18 3
split_gain=646.251 1.04619 0.809034 0.786472 5.41964 1.44522 1.62542 0.711575 1.44945 0.997388 1.01433 0.947058 0.804117 1.0979 0.748396 1.37043 1.32787 1.05932 1.25514 1.17245 1.09293 1.03794 2.10675 0.928646 0.913532 1.45215 0.999969 0.91047 1.15714 0.972814
threshold=0.7333333333333335 1.1318644225234415 0.75878430685104059 48.000000000000007 4.5000000000000009 30.500000000000004 4.1337886697869566 0.0092173358435869851 -0.032588745168430917 -0.080356806761501795 229.00000000000003 0.38333333333333336 1.3912873624235147 1.4314004656243868 14.500000000000002 5.5000000000000009 3.5000000000000004 0.27135662890653545 5.5000000000000009 0.5879525551091368 0.31091690483362444 0.25657044301387455 209.00000000000003 0.43831661869619659 133.00000000000003 0.51819903955298641 0.81934636807115546 2.5000000000000004 3.6719910919601992 0.41071807448007386
decision_type=2 2 2 2 2 2 2 2 2 2 2 2 2 2 2 2 2 2 2 2 2 2 2 2 2 2 2 2 2 2
left_child=1 2 7 -2 5 6 -5 8 -1 10 -10 14 -11 -14 15 -9 24 -18 19 -19 -21 22 -20 -22 26 -26 -17 28 -27 -30
right_child=3 -3 -4 4 -6 -7 -8 11 9 12 -12 -13 13 -15 -16 16 17 18 21 20 23 -23 -24 -25 25 27 -28 -29 29 -31
leaf_value=0.00058611059536881061 -0.00089908608437627388 0.007632317000536429 0.0030868490694816583 0.7913617350569262 -0.00089908608437627388 -0.056676279137268581 -0.093000527146865006 -0.0002842400123134177 0.00088286089891735436 -0.0013519764908506155 0.0066146780335993921 -0.0078442577627314183 0.0065539366181947452 0.0011600186634414516 0.00055103802809123507 -0.0075452729404271229 0.0038280737519143918 -0.0034396463231730987 0.0016499796588603285 0.0085654450116472904 -0.0015039071177903366 -0.0023091662072841274 0.013129523848864759 0.017822897906181825 0.012496560895496642 -0.00068464036849714472 0.004364068353657974 -0.0019438798191253152 0.0095361338812880447 0.0015441128075276635
leaf_weight=8077 141366 54 1036 86 1781 99 54 35139 1780 11984 94 174 51 184 56271 374 2331 112 199 76 75 1287 51 51 76 210 59 457 50 55
leaf_count=8077 141366 54 1036 86 1781 99 54 35139 1780 11984 94 174 51 184 56271 374 2331 112 199 76 75 1287 51 51 76 210 59 457 50 55
internal_value=-0.00262318 7.90881e-05 7.59636e-05 -0.00489051 -0.00391089 0.00315899 0.00642857 6.38739e-05 -0.000191702 -0.000497766 0.000576306 0.000122259 -0.000662494 0.00223404 0.000128879 -3.47285e-05 0.000701994 0.00113343 0.000240409 0.00312102 0.00539604 -0.000348082 0.0026 0.00253968 -0.000706481 0.00024764 -0.00257506 -0.000401556 0.00166667 0.00595238
internal_weight=263693 120307 120253 143386 2020 239 140 119217 22170 14093 1874 97047 12219 235 96873 40602 5463 4182 1851 314 202 1537 250 126 1281 848 433 772 315 105
internal_count=263693 120307 120253 143386 2020 239 140 119217 22170 14093 1874 97047 12219 235 96873 40602 5463 4182 1851 314 202 1537 250 126 1281 848 433 772 315 105
is_linear=0
shrinkage=0.05


Tree=70
num_leaves=31
num_cat=0
split_feature=10 9 29 8 18 11 19 29 27 28 24 24 29 7 16 9 6 9 16 2 6 20 18 9 24 11 8 5 2 23
split_gain=659.592 1.01224 1.1147 1.19952 1.00403 0.97547 0.943731 0.941463 0.905155 2.01502 3.76222 1.11618 0.854556 1.99489 0.817633 1.46718 1.31253 1.1398 1.30455 1.14653 1.02754 0.936015 0.933889 1.21574 1.09849 0.877736 0.815157 0.810974 0.792047 0.859659
threshold=0.7333333333333335 0.51914181941532023 0.075512928506406354 0.73806520584993207 6.7157789798930274 0.68523801880228752 14.817224488802124 -0.79697630201178449 27.500000000000004 21.500000000000004 1.5000000000000002 6.5000000000000009 0.069507765043610711 0.39205409098350308 0.3169438906124164 0.74278328224799639 0.19942570669039353 0.57298416891421733 0.33373509458393075 0.24119761573734219 0.38408300472150797 0.083616156459944316 1.6749658239256511 0.60495342417183451 29.500000000000004 0.095220152042670508 0.43764568573986556 3.9776275099879572 0.55357699962049267 4.5000000000000009
decision_type=2 2 2 2 2 2 2 2 2 2 2 2 2 2 2 2 2 2 2 2 2 2 2 2 2 2 2 2 2 2
left_child=1 2 3 7 14 6 -5 -1 -2 -10 -11 27 -9 -14 15 -3 21 18 19 20 -18 -16 -23 -24 -25 -17 -6 -12 -27 -30
right_child=8 4 -4 5 26 -7 -8 12 9 10 11 -13 13 -15 16 25 17 -19 -20 -21 -22 22 23 24 -26 28 -28 -29 29 -31
leaf_value=-0.0042394864654958586 -0.00085413178015746017 -4.7311005198215083e-05 -0.00063153654664875548 -0.0013977990062333501 0.0022662520424313682 0.0086154807617201817 0.0056805464279576423 0.0002472636131476698 -0.00085413178015746017 0.47948615942835993 -0.11960201580684171 -0.00085413178015746017 0.009329480455701351 0.0011255475168388282 0.0011756918226178848 -0.0013893596757998518 0.012014347496064609 0.00034438350172894254 0.0011754311045807568 -0.0050504653307023445 0.0067745069944843963 -0.0024310126414137899 0.0080565984324289883 0.0021751595077051135 0.0075722980799619276 0.0022352822316211414 -0.0012186223725996366 0.76067050513082102 0.0048466629572429202 0.0094256271615660754
leaf_weight=427 122064 26777 17972 146 379 76 101 18032 20844 70 71 291 69 317 1642 474 78 31940 14548 81 262 256 492 738 72 697 4157 80 523 212
leaf_count=427 122064 26777 17972 146 379 76 101 18032 20844 70 71 291 69 317 1642 474 78 31940 14548 81 262 256 492 738 72 697 4157 80 523 212
internal_value=-0.00259254 0.000134972 -8.21229e-05 0.000183117 0.000231734 0.00320433 0.00168016 0.000131333 -0.00488356 -0.00458326 -0.00148438 -0.00319005 0.000185144 0.00251295 0.000273377 6.04876e-05 0.000395237 0.000328401 0.000688422 0.0034323 0.00470588 0.001375 0.00225289 0.0027957 0.00160494 0.00140084 -0.000491624 0.000298012 0.00201816 0.00316326
internal_weight=263888 120468 37140 19168 83328 323 247 18845 143420 21356 512 442 18418 386 78792 28683 50109 46909 14969 421 340 3200 1558 1302 810 1906 4536 151 1432 735
internal_count=263888 120468 37140 19168 83328 323 247 18845 143420 21356 512 442 18418 386 78792 28683 50109 46909 14969 421 340 3200 1558 1302 810 1906 4536 151 1432 735
is_linear=0
shrinkage=0.05


Tree=71
num_leaves=31
num_cat=0
split_feature=21 26 27 28 29 0 21 16 2 17 21 29 7 1 8 9 12 9 4 16 29 8 15 12 13 8 1 0 3 18
split_gain=647.935 1.02146 0.943186 2.17467 1.30236 1.8214 0.903585 0.851358 1.01073 0.838843 0.736784 1.2776 0.949796 2.16866 0.837114 0.915934 1.19584 0.774503 1.18087 0.769124 0.719083 1.14286 0.894944 0.799396 1.05188 0.717087 0.709882 0.695336 0.683633 0.690514
threshold=15.000000000000002 1.0000000180025095e-35 27.500000000000004 21.500000000000004 2.8408173346488366 4.4674786937065862 58.500000000000007 0.33373509458393075 0.098397233651417185 5.5000000000000009 2.5000000000000004 0.6935744829748387 0.32096134110401092 289.00000000000006 0.92912998012774339 0.53936924082412008 0.039228897668412289 0.66208241760553344 0.39702902392000655 2.2667025232815408 -0.55713965335263338 0.61638921543285685 3.5000000000000004 0.054980287780249888 0.083497588071038145 0.56826616732644653 109.00000000000001 5.5003400335032957 0.039458094460219167 1.2139476720512721
decision_type=2 2 2 2 2 2 2 2 2 2 2 2 2 2 2 2 2 2 2 2 2 2 2 2 2 2 2 2 2 2
left_child=1 9 -2 26 6 -6 -5 8 -3 10 19 12 13 14 15 16 -12 25 -19 -1 21 -9 -22 -24 -25 -13 -4 -17 29 -11
right_child=2 7 3 4 5 -7 -8 20 -10 28 11 17 -14 -15 -16 27 -18 18 -20 -21 22 -23 23 24 -26 -27 -28 -29 -30 -31
leaf_value=6.2441487705228342e-05 -0.00081142519114958721 -0.0046662599762857622 -0.00081142519114958721 0.33872309070305195 -0.17339088937341329 0.50104772285125276 -0.00081142519114958721 -0.0028832436170756568 -0.0012075799987383243 0.0023327489991579911 0.013236632638389964 0.0080600349665473445 0.0020732409843004325 0.014611541197967624 0.0063980428036985353 0.0025341415113915404 -0.00097218946212392294 0.01636729861345242 0.00056193924975210215 0.0083740004200997722 -0.00060282892935309917 0.0071988120136077171 0.0085476344278325924 -0.012231749643662471 0.0039826984015499172 -0.0053270239677880964 -0.00081142519114958721 -0.0046075898327416374 0.0012958591605164455 -0.0011906410032958275
leaf_weight=90838 122240 1325 3144 75 52 53 350 63 2631 306 61 51 4322 78 103 447 163 67 54 101 4595 63 147 134 401 68 17644 1428 11042 1749
leaf_count=90838 122240 1325 3144 75 52 53 350 63 2631 306 61 51 4322 78 103 447 163 67 54 101 4595 63 147 134 401 68 17644 1428 11042 1749
internal_value=-0.0026169 9.07779e-05 -0.00488472 -0.00457782 -0.0014151 0.00357143 -0.00264706 -0.000410836 -0.000968151 0.000133118 8.27859e-05 0.000583162 0.000452892 -0.000372808 -0.000663035 -0.000878991 0.00214286 0.00416667 0.00698347 4.5139e-05 -2.77743e-06 0.00373016 -9.19095e-05 0.00159824 0.000700933 0.00130252 -0.00465846 -0.00124 0.000508894 -0.000328468
internal_weight=263795 120237 143558 21318 530 105 425 9359 3956 110878 97781 6842 6602 2280 2202 2099 224 240 121 90939 5403 126 5277 682 535 119 20788 1875 13097 2055
internal_count=263795 120237 143558 21318 530 105 425 9359 3956 110878 97781 6842 6602 2280 2202 2099 224 240 121 90939 5403 126 5277 682 535 119 20788 1875 13097 2055
is_linear=0
shrinkage=0.05


Tree=72
num_leaves=31
num_cat=0
split_feature=10 18 16 9 6 20 14 23 14 17 29 5 22 9 7 29 24 6 11 16 21 24 4 24 29 29 29 16 9 7
split_gain=640.254 1.18802 0.988692 1.26066 1.15488 1.01429 0.910404 0.897315 1.13064 1.89472 0.999535 0.909455 0.851995 0.920817 0.842137 0.940849 2.10347 1.83215 0.811449 0.792296 0.788564 6.03596 1.12188 1.29109 0.76711 1.31899 1.37928 0.841539 0.76941 0.969928
threshold=0.7333333333333335 5.6117468613232733 0.33373509458393075 0.7814472880881026 0.20311600295204271 0.030106700139120073 1.4335310340312846 4.5000000000000009 0.92698259465254484 3.5000000000000004 -0.085516350746877828 0.67389051312371828 28.500000000000004 0.73271266389589307 0.51398530119381369 0.051237293850239694 29.500000000000004 0.38844506274944995 0.14505728944897542 0.036591710802204705 48.000000000000007 4.5000000000000009 -0.087824573254756635 1.5000000000000002 0.15182710758755566 -0.022870959790247915 0.063671324687521 0.67290244773508401 0.58831469824337013 0.39966322770451418
decision_type=2 2 2 2 2 2 2 2 2 2 2 2 2 2 2 2 2 2 2 2 2 2 2 2 2 2 2 2 2 2
left_child=1 2 3 5 12 -1 7 14 11 10 -10 18 -4 -14 15 16 -3 -18 -9 -5 -2 22 -22 -24 25 27 -27 -11 -26 -30
right_child=20 6 4 19 -6 -7 -8 8 9 24 -12 -13 13 -15 -16 -17 17 -19 -20 -21 21 -23 23 -25 28 26 -28 -29 29 -31
leaf_value=-0.001709189946616007 -0.00077085393159210787 -3.4446162977823987e-05 0.0035842149209629314 0.015555898002873223 0.00038591995737446256 -6.5025491932445173e-05 -0.0025590001009450272 0.0027139711424190348 0.0042382325848065944 -0.0031870839767260684 -0.0028882292114136877 -0.0058684273660197517 -0.0021665351333922376 0.0079198854753796573 -0.0024908007765664405 -0.0015876977510476322 0.0043307070002199478 0.015019266397690393 -0.00023563137166323776 0.003938268129701379 -0.08304131530073941 -0.00077085393159210787 0.65128392625363341 0.57681160764011252 -0.0030480078361071611 0.014000175295983526 0.0070934283737032035 0.01077776105800307 -0.0017694915585150552 0.0060600501668374874
leaf_weight=3524 141036 2375 2980 60 61016 39606 1276 411 85 68 224 311 528 65 948 4157 122 76 1621 669 51 1749 93 96 63 56 74 54 54 53
leaf_count=3524 141036 2375 2980 60 61016 39606 1276 411 85 68 224 311 528 65 948 4157 122 76 1621 669 51 1749 93 96 63 56 74 54 54 53
internal_value=-0.0026205 6.4908e-05 0.000117198 -6.60082e-05 0.000241603 -0.000100859 -0.000406553 -0.000256698 0.000465191 0.00218194 -0.000792881 -7.04237e-05 0.00111531 -0.000615516 -0.000545716 -0.000349184 0.000402253 0.00535353 0.000314959 0.00199588 -0.00488254 -0.00389392 0.00354167 0.00531746 0.00436019 0.00611111 0.00961538 0.00237705 0.0017647 0.00434579
internal_weight=263501 120476 108448 43859 64589 43130 12028 10752 3074 731 309 2343 3573 593 7678 6730 2573 198 2032 729 143025 1989 240 189 422 252 130 122 170 107
internal_count=263501 120476 108448 43859 64589 43130 12028 10752 3074 731 309 2343 3573 593 7678 6730 2573 198 2032 729 143025 1989 240 189 422 252 130 122 170 107
is_linear=0
shrinkage=0.05


end of trees

feature_importances:
Column_0=307
Column_24=160
Column_29=143
Column_1=117
Column_4=107
Column_10=91
Column_5=88
Column_3=82
Column_26=77
Column_20=73
Column_9=72
Column_19=72
Column_23=72
Column_8=68
Column_18=65
Column_11=64
Column_12=57
Column_16=57
Column_7=55
Column_6=52
Column_2=43
Column_22=42
Column_17=40
Column_13=39
Column_21=38
Column_27=33
Column_28=29
Column_14=28
Column_15=19

parameters:
[boosting: gbdt]
[objective: quantile]
[metric: quantile]
[tree_learner: serial]
[device_type: cpu]
[data_sample_strategy: bagging]
[data: ]
[valid: ]
[num_iterations: 2000]
[learning_rate: 0.05]
[num_leaves: 31]
[num_threads: 2]
[seed: 20261003]
[deterministic: 0]
[force_col_wise: 0]
[force_row_wise: 0]
[histogram_pool_size: -1]
[max_depth: -1]
[min_data_in_leaf: 50]
[min_sum_hessian_in_leaf: 0.001]
[bagging_fraction: 0.8]
[pos_bagging_fraction: 1]
[neg_bagging_fraction: 1]
[bagging_freq: 1]
[bagging_seed: 27986]
[bagging_by_query: 0]
[feature_fraction: 0.8]
[feature_fraction_bynode: 1]
[feature_fraction_seed: 26999]
[extra_trees: 0]
[extra_seed: 5963]
[early_stopping_round: 0]
[early_stopping_min_delta: 0]
[first_metric_only: 0]
[max_delta_step: 0]
[lambda_l1: 0]
[lambda_l2: 0]
[linear_lambda: 0]
[min_gain_to_split: 0]
[drop_rate: 0.1]
[max_drop: 50]
[skip_drop: 0.5]
[xgboost_dart_mode: 0]
[uniform_drop: 0]
[drop_seed: 30954]
[top_rate: 0.2]
[other_rate: 0.1]
[min_data_per_group: 100]
[max_cat_threshold: 32]
[cat_l2: 10]
[cat_smooth: 10]
[max_cat_to_onehot: 4]
[top_k: 20]
[monotone_constraints: ]
[monotone_constraints_method: basic]
[monotone_penalty: 0]
[feature_contri: ]
[forcedsplits_filename: ]
[refit_decay_rate: 0.9]
[cegb_tradeoff: 1]
[cegb_penalty_split: 0]
[cegb_penalty_feature_lazy: ]
[cegb_penalty_feature_coupled: ]
[path_smooth: 0]
[interaction_constraints: ]
[verbosity: -1]
[saved_feature_importance_type: 0]
[use_quantized_grad: 0]
[num_grad_quant_bins: 4]
[quant_train_renew_leaf: 0]
[stochastic_rounding: 1]
[linear_tree: 0]
[max_bin: 255]
[max_bin_by_feature: ]
[min_data_in_bin: 3]
[bin_construct_sample_cnt: 200000]
[data_random_seed: 5357]
[is_enable_sparse: 1]
[enable_bundle: 1]
[use_missing: 1]
[zero_as_missing: 0]
[feature_pre_filter: 1]
[pre_partition: 0]
[two_round: 0]
[header: 0]
[label_column: ]
[weight_column: ]
[group_column: ]
[ignore_column: ]
[categorical_feature: ]
[forcedbins_filename: ]
[precise_float_parser: 0]
[parser_config_file: ]
[objective_seed: 10432]
[num_class: 1]
[is_unbalance: 0]
[scale_pos_weight: 1]
[sigmoid: 1]
[boost_from_average: 1]
[reg_sqrt: 0]
[alpha: 0.9]
[fair_c: 1]
[poisson_max_delta_step: 0.7]
[tweedie_variance_power: 1.5]
[lambdarank_truncation_level: 30]
[lambdarank_norm: 1]
[label_gain: ]
[lambdarank_position_bias_regularization: 0]
[eval_at: ]
[multi_error_top_k: 1]
[auc_mu_weights: ]
[num_machines: 1]
[local_listen_port: 12400]
[time_out: 120]
[machine_list_filename: ]
[machines: ]
[gpu_platform_id: -1]
[gpu_device_id: -1]
[gpu_use_dp: 0]
[num_gpu: 1]

end of parameters

pandas_categorical:null
