tree
version=v4
num_class=1
num_tree_per_iteration=1
label_index=0
max_feature_idx=29
objective=quantile
feature_names=Column_0 Column_1 Column_2 Column_3 Column_4 Column_5 Column_6 Column_7 Column_8 Column_9 Column_10 Column_11 Column_12 Column_13 Column_14 Column_15 Column_16 Column_17 Column_18 Column_19 Column_20 Column_21 Column_22 Column_23 Column_24 Column_25 Column_26 Column_27 Column_28 Column_29
feature_infos=[3.9174506576656842:5.7304380851602943] [91:303] [-4.6209391964739197:6.6781130040119603] [-2.1127544688413775:1.5582263676027908] [-1:0.52312758639412116] [0:9.9154440984925625] [0:4.6209391964739197] [0:2.1127544688413775] [0:6.9893036836044731] [0:1.8567014585212964] [0:1] [0:18.514290500025005] [0:17.943278717702203] [0:23.11690120620333] [0:20.81224925580868] [0:30] [0:17.427804678541769] [2:10] [0:159.85415496415965] [0:60] [0:1.4142135623730956] [1:60] [1:35] [0:6] [1:31] [0:1] [0:1] [0:93] [0:60] [-11.626780786704765:33.114547490360394]
tree_sizes=2958 3082 3066 3078 3106 3047 3099 3071 3097 3072 3073 3088 3094 3120 3072 3083 3052 3066 3064 3067 3076 3079 3109 3079 3057 3064 3090 3084 3078 3067 3051 3087 3077 3080 3073 3067 3082 3109 3046 3081 3068 3085 3089 3057 3068 3055 3059 3058 3064 3052 3062 3047 3074 3068 3083 3063 3071 3058 3072 3088 3050 3062 3044 3069 3063 3051 3075 3064 3044 3034 3058 3083 3047 3035 3058 3033 3072 3024 3073 3046 3070 3062 3036 3064 3069 3024 3031 3033 3097 3051 3083 3084 3059 3018 3022 3041 3050 3051 3039 3060 3019 3084 3047 3000 2966 3059 2971 3008 3069 3033 2980 2935 2914 2920 3060 2995 2930 3097 3064 3027 2955 3016 3035 2992 2961 3003 3034 2995 3009 2963 2955 2933 2925 3040 3054 2900 2896 3033 2981 2971 2990 2991 3036 3028 3004 3001 2916 2895 2936 3011 2939 2959 2965 2932 2924 3037 3011 3015 2986 2931 2914 2928 2924 3013 3007 3040 3023 2975 2976 2967 3009 2969 3033 2990 2975 3042 2986 2933 2968 3072 2927 2965 2970 2961 2976 2926 2981 2970 2957 2976 2948 2991 2990 3007 2973 2992 2991 2991 2965 2955 2957 2948 2969 2986 2989 3014 2992 3004 3067 2970 2997 2976 3017 3024 2955 3013 2999 2937 2914 2943 3011 2967 2974 2988 2927 2974 2924 2996 2981 3005 2928 2919 2968 2962 3005 3064 3021 2914 3051 3001 2939 3015 2955 2999 3009 2896 2957 2930 2936 2928 2989 2984 3036 3021 2938 2923 2917 2949 2907 3024 2986 2941 3000 3021 2977 2938 2897 3037 3011 2959 2925 3014 2958 2906 2931 2924 2987 3025 3001 3001 2962 2916 2919 2955 2964

Tree=0
num_leaves=31
num_cat=0
split_feature=0 24 24 0 0 28 29 17 18 18 18 17 21 18 0 24 21 0 21 24 21 29 21 24 20 3 29 0 0 20
split_gain=5080.1 1055.97 1011.81 697.869 442.714 364.259 141.561 135.925 120.43 106.599 106.02 97.1952 88.9955 86.0207 69.1684 107.409 68.7798 61.9067 79.8789 52.9829 51.9722 51.1993 48.2782 46.6464 70.8768 43.4673 41.0969 40.0513 40.0254 36.6197
threshold=4.9965635965540569 14.500000000000002 6.5000000000000009 4.7136623405178657 5.3011333813679853 9.5000000000000018 -0.98629016210140319 4.5000000000000009 33.275138505876264 28.511877617768629 30.205303573953547 8.5000000000000018 33.500000000000007 27.617168420589575 5.0931594919370946 14.500000000000002 34.500000000000007 4.5563455921752096 33.500000000000007 10.500000000000002 33.500000000000007 -0.84205718744538371 34.500000000000007 6.5000000000000009 0.3948836546645465 0.19396281470544016 -0.87527059907807514 4.7985492905656644 4.7720400331370492 0.023043622235898547
decision_type=2 2 2 2 2 2 2 2 2 2 2 2 2 2 2 2 2 2 2 2 2 2 2 2 2 2 2 2 2 2
left_child=1 2 5 7 14 6 -1 -3 20 22 17 13 21 16 15 23 -8 -9 29 -14 -5 -4 26 -2 -25 -6 -7 -22 -21 -19
right_child=4 3 12 8 25 9 11 10 -10 -11 -12 -13 19 -15 -16 -17 -18 18 -20 28 27 -23 -24 24 -26 -27 -28 -29 -30 -31
leaf_value=-0.30506501446047984 -0.28700694871268839 -0.28994494737656495 -0.3571616069962591 -0.28457049964058756 -0.27484759727025387 -0.30524001091484437 -0.28146417612182234 -0.29908016168573787 -0.29108027439445294 -0.3090733172446779 -0.30006832542940176 -0.30345949142482509 -0.31217755254901575 -0.29475435572715913 -0.28230833630366758 -0.28251511521041089 -0.29810827862735118 -0.28879891196083707 -0.29556469311972594 -0.30172246167061567 -0.29100687456619811 -0.32557267596272083 -0.302351465815209 -0.33903409755415337 -0.29027480194274285 -0.27115060209994546 -0.29222416373451382 -0.28705825761553355 -0.29151465520631542 -0.2940725015157426
leaf_weight=1310 3057 6421 11562 24139 14599 623 7004 5316 5705 3111 9859 1114 2898 1878 75651 7679 404 5545 2683 1738 2341 8051 1864 953 2850 44065 2849 4695 1412 2069
leaf_count=1310 3057 6421 11562 24139 14599 623 7004 5316 5705 3111 9859 1114 2898 1878 75651 7679 404 5545 2683 1738 2341 8051 1864 953 2850 44065 2849 4695 1412 2069
internal_value=-0.287559 -0.295473 -0.301353 -0.291555 -0.281467 -0.29297 -0.287261 -0.296971 -0.286871 -0.300884 -0.29861 -0.28531 -0.307938 -0.283636 -0.283666 -0.286825 -0.281213 -0.296047 -0.293785 -0.302636 -0.285649 -0.309574 -0.296595 -0.291372 -0.295068 -0.278086 -0.29311 -0.28943 -0.298147 -0.29117
internal_weight=263445 114591 45818 68773 148854 20157 11710 31893 36880 8447 25472 10400 25661 9286 90190 14539 7408 15613 10297 6048 31175 19613 5336 6860 3803 58664 3472 7036 3150 7614
internal_count=263445 114591 45818 68773 148854 20157 11710 31893 36880 8447 25472 10400 25661 9286 90190 14539 7408 15613 10297 6048 31175 19613 5336 6860 3803 58664 3472 7036 3150 7614
is_linear=0
shrinkage=1


Tree=1
num_leaves=31
num_cat=0
split_feature=10 29 18 24 3 17 28 24 20 18 24 17 18 29 24 21 24 29 20 3 28 19 18 27 21 20 21 20 24 20
split_gain=3847.73 1127.42 548.229 374.418 285.162 251.188 217.839 236.204 134.26 125.45 118.164 104.607 100.324 78.9076 72.8551 69.1689 67.9435 64.5866 57.5954 52.643 42.1062 40.9946 43.4819 40.0684 38.5191 61.3132 36.0222 57.5292 33.6223 31.3377
threshold=0.7333333333333335 -1.0072396594512696 24.736621419192343 14.500000000000002 0.21542235901923742 9.5000000000000018 19.500000000000004 14.500000000000002 0.016334962040818041 46.090845381258767 6.5000000000000009 9.5000000000000018 28.015168045621891 0.006879990237007339 14.500000000000002 33.500000000000007 7.5000000000000009 -0.16654116319873338 0.0076001376790149179 -0.62811429896374393 18.500000000000004 56.363302583958479 7.2971603810902161 9.5000000000000018 30.500000000000004 1.0000000180025095e-35 32.500000000000007 0.017782572528646279 10.500000000000002 0.029076975420318094
decision_type=2 2 2 2 2 2 2 2 2 2 2 2 2 2 2 2 2 2 2 2 2 2 2 2 2 2 2 2 2 2
left_child=4 3 5 8 -1 6 13 10 23 11 24 14 -5 17 20 19 -10 26 -9 -12 -4 22 -7 -2 -8 -26 -3 -28 -11 -16
right_child=1 2 9 12 -6 21 7 18 16 28 15 -13 -14 -15 29 -17 -18 -19 -20 -21 -22 -23 -24 -25 25 -27 27 -29 -30 -31
leaf_value=0.0071843624782489852 -0.089569191414708538 0.0025064437675174286 -0.0098390268168222252 -0.0023883853952742055 0.015185251791895005 -0.0046894070902162117 0.004014670257649869 -0.0030609254815989538 -0.013729324267102036 -0.022902606869906333 -0.054141485910284087 -0.016740181553386965 -0.0094175871266663335 -0.007307965831118441 -0.0042199556990337372 -0.0056884406912242119 -0.050505712707629546 0.0051532446917289089 0.0032784923744519829 -0.025086966919453103 -0.029883372014157413 0.0019946030261919993 -0.011553605534814385 -0.025848712394521352 -0.016315025473018947 -0.0017634815097341172 -0.0046290348184664428 0.0015866100148525894 -0.0092277469795761739 0.0002521626905148281
leaf_weight=75669 5925 20037 4479 6722 44551 1829 1581 3976 3250 1632 2348 3396 5211 4588 9219 2124 4277 15253 9179 2259 2368 870 6090 5500 421 1652 2950 5716 5907 4184
leaf_count=75669 5925 20037 4479 6722 44551 1829 1581 3976 3250 1632 2348 3396 5211 4588 9219 2124 4277 15253 9179 2259 2368 870 6090 5500 421 1652 2950 5716 5907 4184
internal_value=0.000213727 -0.00533083 -0.00299961 -0.0137891 0.00680627 -0.000827902 0.000145109 -0.00380204 -0.0181574 -0.00863155 -0.00943909 -0.0068409 -0.00685117 0.00205916 -0.00547901 -0.0133687 -0.0129726 0.00271044 0.000648043 -0.0168103 -0.00967504 -0.00880817 -0.00994002 -0.0215733 -0.00220033 -0.00668355 0.00131328 -0.00138011 -0.0142479 -0.00333545
internal_weight=263163 142943 112058 30885 120220 80873 72084 23540 18952 31185 10385 23646 11933 48544 20250 6731 7527 43956 13155 4607 6847 8789 7919 11425 3654 2073 28703 8666 7539 13403
internal_count=263163 142943 112058 30885 120220 80873 72084 23540 18952 31185 10385 23646 11933 48544 20250 6731 7527 43956 13155 4607 6847 8789 7919 11425 3654 2073 28703 8666 7539 13403
is_linear=0
shrinkage=0.05


Tree=2
num_leaves=31
num_cat=0
split_feature=0 24 24 0 0 21 18 17 29 0 21 18 17 18 24 0 21 27 27 29 20 24 27 3 4 18 20 18 0 0
split_gain=4176.45 646.01 657.916 549.157 441.564 250.698 192.934 127.746 107.125 97.1415 121.327 86.0951 81.2916 79.4967 78.1254 75.7805 67.8826 51.4208 50.9094 45.314 40.8872 39.5236 63.5106 39.4425 36.3429 47.7323 32.689 28.7812 28.7718 26.1858
threshold=4.9244151253434794 14.500000000000002 6.5000000000000009 5.3011333813679853 4.7012900704448422 33.500000000000007 27.617168420589575 8.5000000000000018 -0.66068530402962788 4.5311910660572687 33.500000000000007 33.275138505876264 4.5000000000000009 54.342627197387607 14.500000000000002 5.0517303177099064 33.500000000000007 21.500000000000004 20.500000000000004 0.56051074655438726 1.2782096704950086 10.500000000000002 8.5000000000000018 0.19396281470544016 -0.23779191060514679 15.849253963480669 0.017782572528646279 12.112820027334863 5.0517303177099064 4.7754847560736993
decision_type=2 2 2 2 2 2 2 2 2 2 2 2 2 2 2 2 2 2 2 2 2 2 2 2 2 2 2 2 2 2
left_child=1 2 5 8 9 6 7 17 14 -3 13 16 -4 24 15 20 27 -1 -8 -10 -2 -14 -23 -5 25 -11 -7 -6 -21 -18
right_child=3 4 12 23 11 26 18 -9 19 10 -12 -13 21 -15 -16 -17 29 -19 -20 28 -22 22 -24 -25 -26 -27 -28 -29 -30 -31
leaf_value=-0.0047000773553345331 -0.041853735469359422 -0.014300399543690402 -0.085058855872403749 0.011946344499624487 0.0037786325466507504 -0.015842253926142774 -0.019091202376309884 -0.019376788175143007 0.0045363873268915774 0.0012499454657679907 -0.0086331205360224289 -0.0033637076100885357 -0.039077920518266446 -0.010749443872977979 0.004372524124674467 0.00077968098726927744 -0.0043510028020464497 0.0051708455609738718 -0.01124664169877606 -0.0052658549835403147 -0.0032260417326634701 -0.043388713208317192 -0.011529778378754296 0.015016813690967863 -0.0058642777957271242 -0.0038809459213726967 -0.0096687573703124405 0.00066637922085928392 0.0025051722208665494 -0.00070128635116327833
leaf_weight=1819 1780 6365 6384 14530 8438 2894 1744 1377 87881 3578 5623 6170 7598 1712 3625 3540 2189 6074 2335 2362 1984 3946 4337 44267 3406 8632 1138 11968 2719 3237
leaf_count=1819 1780 6365 6384 14530 8438 2894 1744 1377 87881 3578 5623 6170 7598 1712 3625 3540 2189 6074 2335 2362 1984 3946 4337 44267 3406 8632 1138 11968 2719 3237
internal_value=0.00038566 -0.00760261 -0.0125766 0.00534317 -0.00438664 -0.00528652 -0.00198629 0.00200108 0.00315778 -0.00881976 -0.00730404 -0.000325604 -0.0182675 -0.00523315 -0.00152484 -0.00450301 0.000941856 0.00445268 -0.0110481 0.00370829 -0.00944208 -0.0163519 -0.0139629 0.00920464 -0.00411181 -0.00283784 -0.0162128 0.00226355 -0.0008827 -0.00402875
internal_weight=263652 100964 39646 162688 61318 17381 13349 9270 103891 29316 22951 32002 22265 17328 10929 7304 25832 7893 4079 92962 3764 15881 8283 58797 15616 12210 4032 20406 5081 5426
internal_count=263652 100964 39646 162688 61318 17381 13349 9270 103891 29316 22951 32002 22265 17328 10929 7304 25832 7893 4079 92962 3764 15881 8283 58797 15616 12210 4032 20406 5081 5426
is_linear=0
shrinkage=0.05


Tree=3
num_leaves=31
num_cat=0
split_feature=0 29 0 0 26 29 26 27 26 17 18 29 18 0 29 28 27 3 29 27 29 29 28 0 20 18 18 28 18 27
split_gain=3688.79 572.257 544.914 358.019 239.111 197.8 139.645 128.938 106.158 116.985 91.8512 82.6759 78.3686 65.0716 63.8042 48.1128 42.3486 41.7273 40.0931 39.6541 38.9809 38.5041 36.2051 33.6812 28.1102 26.8971 25.9389 26.0803 24.7553 24.6676
threshold=4.9296208115160445 -1.2530839403026801 5.3011333813679853 4.7012900704448422 1.0000000180025095e-35 0.026122464580513982 1.0000000180025095e-35 10.500000000000002 1.0000000180025095e-35 4.5000000000000009 26.7162527832748 -1.2530839403026801 29.679186642393145 4.5402900480898207 -2.0687998472287839 22.500000000000004 29.500000000000004 0.17960801658511008 -0.6161991890922468 8.5000000000000018 0.8194000712106887 2.8408173346488366 20.500000000000004 5.0763865755225819 0.027141895528492218 3.7538778984807712 12.78051326677349 11.500000000000002 15.61597331111186 18.500000000000004
decision_type=2 2 2 2 2 2 2 2 2 2 2 2 2 2 2 2 2 2 2 2 2 2 2 2 2 2 2 2 2 2
left_child=1 14 6 8 5 7 11 18 9 22 16 -2 13 25 -1 24 26 -4 -5 -16 -13 -7 28 -8 -15 -11 27 -9 -3 -23
right_child=2 3 17 4 -6 21 23 10 -10 12 -12 20 -14 15 19 -17 -18 -19 -20 -21 -22 29 -24 -25 -26 -27 -28 -29 -30 -31
leaf_value=-0.060268633220832452 -0.0057628145292608415 0.0033283267572345922 0.011101172825326369 -0.010468803798892706 -0.017142789934445533 -0.069809405749646947 -0.0067880689533633175 0.0062649947885497605 -0.024380419722814326 -0.0036346253647020683 -0.0024592747512011182 0.0047802452633877264 -0.014250170569328927 -0.0017325968735132438 -0.044156607598296843 -0.01388637980039055 -0.0027505168430619663 0.014349831069126568 -0.0018666155573658695 -0.011531546040952178 -0.00083033888353630154 -0.016122599659249653 -0.021799859982456742 -0.001192318354851746 -0.0057521777547923179 -0.012947054266618596 0.0021219646214342635 0.0027421503518883731 -0.002181440502146205 -0.0055903917270381112
leaf_weight=7012 3513 1479 14101 4835 3702 1174 2593 5387 1426 632 6961 86034 10440 6318 4246 2777 1709 44822 5066 7037 4118 1606 1445 6297 3572 5302 9648 4709 3699 1915
leaf_count=7012 3513 1479 14101 4835 3702 1174 2593 5387 1426 632 6961 86034 10440 6318 4246 2777 1709 44822 5066 7037 4118 1606 1445 6297 3572 5302 9648 4709 3699 1915
internal_value=0.000568055 -0.00687087 0.00527143 -0.00512183 -0.00220971 -0.00116019 0.00306982 2.67525e-05 -0.00878943 -0.00825454 0.00173893 0.00363823 -0.00962209 -0.0076762 -0.0148825 -0.00565209 0.00335827 0.00910332 -0.00488688 -0.0125547 0.00393147 -0.0108466 -0.00225804 -0.00291901 -0.00401921 -0.011997 0.00401185 0.00578348 -0.000305137 -0.00823204
internal_weight=263575 102097 161478 83802 46712 43010 102555 38315 37090 35664 28414 93665 29041 18601 18295 12667 21453 58923 9901 11283 90152 4695 6623 8890 9890 5934 19744 10096 5178 3521
internal_count=263575 102097 161478 83802 46712 43010 102555 38315 37090 35664 28414 93665 29041 18601 18295 12667 21453 58923 9901 11283 90152 4695 6623 8890 9890 5934 19744 10096 5178 3521
is_linear=0
shrinkage=0.05


Tree=4
num_leaves=31
num_cat=0
split_feature=10 29 18 24 7 17 26 29 29 17 18 20 26 24 24 29 18 24 24 9 24 26 20 19 28 19 20 26 18 24
split_gain=2688.6 645.456 383.819 284.674 217.607 147.019 154.295 152.003 107.516 105.407 114.781 104.345 91.91 82.6168 83.1143 79.3031 76.7897 49.0006 56.0843 48.4197 46.1103 43.5569 41.3162 34.4492 30.4022 29.8248 28.356 27.6905 27.5787 27.5127
threshold=0.7333333333333335 -0.92774906841375426 20.012939124463966 14.500000000000002 0.35658089066427145 9.5000000000000018 1.0000000180025095e-35 1.0000000180025095e-35 -0.16654116319873338 9.5000000000000018 44.858287520818259 0.016334962040818041 1.0000000180025095e-35 14.500000000000002 6.5000000000000009 -0.0063250976508995574 30.791296185257895 6.5000000000000009 10.500000000000002 0.66796670467771635 8.5000000000000018 1.0000000180025095e-35 1.0000000180025095e-35 59.99486014821899 8.5000000000000018 50.169020420015215 0.70712980943250281 1.0000000180025095e-35 33.275138505876264 10.500000000000002
decision_type=2 2 2 2 2 2 2 2 2 2 2 2 2 2 2 2 2 2 2 2 2 2 2 2 2 2 2 2 2 2
left_child=4 3 5 11 -1 6 7 8 13 10 12 -2 15 14 24 23 27 -9 -19 21 -13 -6 -8 -4 -3 -7 -17 -5 -25 -12
right_child=1 2 9 16 19 25 22 17 -10 -11 29 20 -14 -15 -16 26 -18 18 -20 -21 -22 -23 -24 28 -26 -27 -28 -29 -30 -31
leaf_value=0.012774619074574119 -0.038178777386194823 0.0047781182291425075 -0.0071550796490111998 -0.00060028488897492002 0.0067531654609186142 -0.0079692121931077674 -0.011853168247411115 -0.00012967585631956834 0.0054619210872022513 -0.013064883836254988 -0.020130878708396357 -0.016770210457314846 -0.014635699035749752 0.0026687525834683088 -0.011168520150340765 -0.025295404983397676 -0.0073485326093892175 -0.046616510446033765 -0.0017687792178855627 0.012230785873352702 -0.044146444818915297 0.00037654949011162457 -0.0041981801863544789 0.00042278783830947722 -0.0019525101609121028 0.0030457605973300658 -0.0044792028983327552 -0.0091009866658236117 -0.003084435865290557 -0.0065082516664367309
leaf_weight=39571 12159 2861 2723 8259 68182 6276 1103 2862 16227 5473 1552 4213 2181 21428 5630 1940 5575 2284 1645 6706 4176 5840 4129 14086 2425 688 1372 639 5987 5613
leaf_count=39571 12159 2861 2723 8259 68182 6276 1103 2862 16227 5473 1552 4213 2181 21428 5630 1940 5575 2284 1645 6706 4176 5840 4129 14086 2425 688 1372 639 5987 5613
internal_value=0.000771119 -0.00385043 -0.0019452 -0.00975229 0.00628422 0.000369609 0.00116035 0.00193599 0.00291563 -0.00576624 -0.00476928 -0.0135356 -0.00333752 0.00124938 -0.00229113 -0.00251379 -0.00438092 -0.00507068 -0.0086956 0.00479536 -0.00924604 0.00442679 -0.00704702 -0.00146341 0.0022115 -0.00651063 -0.00974336 -0.00149809 -0.000747521 -0.0104222
internal_weight=263805 143506 108485 35021 120299 67558 60594 55362 48571 40927 35454 20548 28289 32344 10916 26108 14473 6791 3929 80728 8389 74022 5232 22796 5286 6964 3312 8898 20073 7165
internal_count=263805 143506 108485 35021 120299 67558 60594 55362 48571 40927 35454 20548 28289 32344 10916 26108 14473 6791 3929 80728 8389 74022 5232 22796 5286 6964 3312 8898 20073 7165
is_linear=0
shrinkage=0.05


Tree=5
num_leaves=31
num_cat=0
split_feature=0 0 24 24 0 28 0 21 24 0 24 20 27 21 20 18 18 21 18 17 17 17 0 3 20 18 27 21 18 21
split_gain=2880.81 542.283 395.851 413.836 307.171 185.746 102.642 93.7692 90.34 149.271 122.29 115.227 74.4474 74.3784 66.7828 60.4101 59.1614 58.4912 46.1652 40.1148 36.9342 36.0435 32.2826 31.0033 30.6816 29.8537 29.2097 23.3776 22.9515 22.2703
threshold=4.9041128417203437 5.446138084545372 14.500000000000002 6.5000000000000009 4.707024031575016 9.5000000000000018 4.5208249664032918 34.500000000000007 14.500000000000002 5.0763865755225819 6.5000000000000009 1.2782096704950086 29.500000000000004 33.500000000000007 1.2782096704950086 54.342627197387607 27.617168420589575 33.500000000000007 19.214014412006815 8.5000000000000018 4.5000000000000009 4.5000000000000009 4.735226183131064 0.19396281470544016 0.023995289403189974 15.849253963480669 8.5000000000000018 33.500000000000007 24.736621419192343 29.500000000000004
decision_type=2 2 2 2 2 2 2 2 2 2 2 2 2 2 2 2 2 2 2 2 2 2 2 2 2 2 2 2 2 2
left_child=2 8 3 5 6 12 -4 15 9 10 14 27 16 20 -2 24 19 18 -6 -1 -5 -7 -15 -3 25 -8 -22 -12 29 -23
right_child=1 23 4 13 17 21 7 -9 -10 -11 11 -13 -14 22 -16 -17 -18 -19 -20 -21 26 28 -24 -25 -26 -27 -28 -29 -30 -31
leaf_value=0.0045485153210236377 0.0073506173761770342 0.010681366921861321 -0.013444619983753651 -0.084920422101970122 0.0029051138774454032 -0.0038764445592518629 0.0011080020694114762 -0.0072374293995148388 0.0046076917904179018 0.0030799481189107154 -0.046301108205557995 -0.00047093122344308468 -0.010943006643766087 -0.016375279172306505 -0.002067916339597188 -0.0085563799118980217 -0.0085333901560932322 -0.0022067326212648532 -0.0011144892668883439 -0.0086855977105989579 -0.04804399368480404 -0.0017800231576455294 -0.0049387597505433679 0.012926040462686467 -0.0048067281627136972 -0.0029230403259034089 -0.020334136587053627 -0.013225312905770909 -0.017061978021574827 -0.013351721542116902
leaf_weight=5368 3491 14062 5743 5408 12441 1146 4065 4908 61006 34188 3538 3509 1582 2857 2613 2084 2137 6284 9736 584 6253 738 2052 43664 4039 9707 4747 871 2818 2166
leaf_count=5368 3491 14062 5743 5408 12441 1146 4065 4908 61006 34188 3538 3509 1582 2857 2613 2084 2137 6284 9736 584 6253 738 2052 43664 4039 9707 4747 871 2818 2166
internal_value=0.000875174 0.00485516 -0.00598428 -0.0099749 -0.00342408 -0.00403984 -0.0069063 -0.00551163 0.00278338 0.00116573 -0.00317858 -0.00727835 0.0004255 -0.0145797 0.00213958 -0.00398467 0.00236556 0.000313236 0.00151982 0.00492776 -0.0161951 -0.0103276 -0.00918008 0.0087749 -0.00304222 -0.00191838 -0.0145318 -0.0126593 -0.0119486 -0.0088292
internal_weight=263805 166942 96863 37856 59007 16539 30546 24803 109216 48210 14022 7918 9671 21317 6104 19895 8089 28461 22177 5952 16408 6868 4909 57726 17811 13772 11000 4409 5722 2904
internal_count=263805 166942 96863 37856 59007 16539 30546 24803 109216 48210 14022 7918 9671 21317 6104 19895 8089 28461 22177 5952 16408 6868 4909 57726 17811 13772 11000 4409 5722 2904
is_linear=0
shrinkage=0.05


Tree=6
num_leaves=31
num_cat=0
split_feature=0 0 0 27 26 29 26 0 26 18 27 29 29 29 26 17 29 0 29 29 29 29 29 18 4 18 29 26 29 4
split_gain=2540.84 519.253 323.013 178.638 141.847 138.416 125.159 113.031 106.476 90.9701 63.8544 61.4365 66.1576 56.7192 42.6825 41.2205 41.0863 35.9273 33.3638 31.1703 28.7967 25.5695 25.115 24.8224 23.4572 22.0858 21.942 21.312 20.2098 18.9391
threshold=4.8935427106932758 5.446138084545372 4.7012900704448422 9.5000000000000018 1.0000000180025095e-35 -1.2530839403026801 1.0000000180025095e-35 4.5208249664032918 1.0000000180025095e-35 25.51950395513769 29.500000000000004 0.081224778036616985 -0.18126968021884013 -1.4571161936178669 1.0000000180025095e-35 4.5000000000000009 -1.5062216332329936 5.0517303177099064 -1.6214020128300053 1.0363813241343511 0.026122464580513982 -3.1903952382278615 -0.47967793934772801 43.562536307972401 0.11942066347086455 1.390733452337042 0.063671324687521 1.0000000180025095e-35 -0.16654116319873338 -0.23779191060514679
decision_type=2 2 2 2 2 2 2 2 2 2 2 2 2 2 2 2 2 2 2 2 2 2 2 2 2 2 2 2 2 2
left_child=2 4 5 14 13 21 9 25 11 10 16 12 15 -2 18 -9 -5 -6 -4 22 28 -1 -15 -17 -3 -7 -18 -23 -20 -14
right_child=1 24 3 6 17 7 -8 8 -10 -11 -12 -13 29 19 -16 23 26 -19 20 -21 -22 27 -24 -25 -26 -27 -28 -29 -30 -31
leaf_value=-0.12232391083230017 -0.0078253805447625144 0.010044902300534772 -0.079836183210593561 -0.0087780288220810302 -0.0073598600415921648 -0.0021049893395284529 -0.011972790830614385 -0.0010874761980633597 -0.021845842692965106 -0.0034605610141364217 -0.0057467035457859439 -0.018255968319250287 0.0015264353093381114 0.0018794497323647995 -0.042395417069927305 -0.0051254298495080446 0.0029560782000906624 -0.0013062064867754547 -0.0055528327010205044 -0.0007015600713845575 -0.045665516635533344 -0.020088530306814196 0.0046905621341708156 -0.008536022860672841 0.012348661140610263 -0.01474916429889208 -0.0050705936867189872 -0.075334397876508807 0.0032573407906379666 -0.0036458549270859115
leaf_weight=1333 3410 12771 2479 1077 3010 416 2337 4247 1329 10120 2501 2815 3700 14828 1190 12833 17838 6654 7924 4763 1437 7168 78565 3494 45062 7160 1167 352 724 1097
leaf_count=1333 3410 12771 2479 1077 3010 416 2337 4247 1329 10120 2501 2815 3700 14828 1190 12833 17838 6654 7924 4763 1437 7168 78565 3494 45062 7160 1167 352 724 1097
internal_value=0.00100479 0.00467811 -0.00555036 -0.00271734 0.00268003 -0.00855911 -0.000821917 -0.00721833 -0.00581992 -2.3086e-05 0.00174224 -0.00516781 -0.00439025 0.00323081 -0.00754617 -0.00562312 0.00268051 -0.00310844 -0.00668895 0.00345104 -0.0054115 -0.0141765 0.00365226 -0.00676456 0.008521 -0.0126663 0.00321889 -0.0130452 -0.00432239 0.000897436
internal_weight=263801 169063 94738 48794 111230 45944 35040 37091 29515 32703 22583 28186 25371 101566 13754 20574 20082 9664 12564 98156 10085 8853 93393 16327 57833 7576 19005 7520 8648 4797
internal_count=263801 169063 94738 48794 111230 45944 35040 37091 29515 32703 22583 28186 25371 101566 13754 20574 20082 9664 12564 98156 10085 8853 93393 16327 57833 7576 19005 7520 8648 4797
is_linear=0
shrinkage=0.05


Tree=7
num_leaves=31
num_cat=0
split_feature=0 0 0 26 27 26 26 21 28 0 18 21 20 18 27 28 0 27 0 3 27 18 0 1 18 23 23 18 0 21
split_gain=2242.12 469.775 295.793 155.007 130.645 125.83 105.93 93.0626 90.4063 100.887 80.8618 71.3006 45.4328 66.7777 40.6527 32.4542 37.3707 30.2011 28.1637 27.6183 27.4216 25.4566 23.7474 23.6217 21.5664 19.9684 23.4789 19.7006 18.3147 17.5266
threshold=4.9041128417203437 5.3011333813679853 4.6982027489592868 1.0000000180025095e-35 7.5000000000000009 1.0000000180025095e-35 1.0000000180025095e-35 32.500000000000007 22.500000000000004 4.4674786937065862 25.51950395513769 32.500000000000007 0.027141895528492218 42.406654588276702 29.500000000000004 22.500000000000004 5.0517303177099064 10.500000000000002 5.0590719231024197 0.19396281470544016 9.5000000000000018 14.651114474945253 4.7985492905656644 129.00000000000003 11.878326864882235 1.5000000000000002 2.5000000000000004 2.1274987103886649 4.7607705584681321 32.500000000000007
decision_type=2 2 2 2 2 2 2 2 2 2 2 2 2 2 2 2 2 2 2 2 2 2 2 2 2 2 2 2 2 2
left_child=2 5 6 4 -4 15 8 10 9 -1 14 12 13 20 17 27 23 -6 -7 25 -11 -22 -9 29 -19 -3 -27 -2 -5 -17
right_child=1 19 3 28 7 18 -8 22 -10 11 -12 -13 -14 -15 -16 16 -18 24 -20 -21 21 -23 -24 -25 -26 26 -28 -29 -30 -31
leaf_value=-0.015699192612647166 0.0062095711813045205 0.011175644937727314 -0.013005579708038398 -0.029844835052945742 -0.0045577205055627309 -0.0065126817477064256 -0.031899318362580656 -0.0044029317933646644 -0.018616569852733536 -0.022082083816780798 -0.002977210768903598 -0.008149713234241544 -0.0056499359168092388 -0.009597386660946056 -0.015391590968032068 -0.037586422369368759 0.0033647518601348098 0.0045969137799886086 -0.0011902605076757615 0.011740447118547092 0.0028406838967728796 -0.0011607809920842708 -0.0010289104683464539 0.0006750879666296163 0.0024544028492240627 0.001563783020761549 0.0096859206085244572 0.0036853104848848816 -0.017039010807905347 0.0012152934002512255
leaf_weight=3728 15133 4120 10503 1131 2022 2877 1767 6464 11256 804 7798 7216 5836 3335 799 1928 5661 7341 6516 44223 3307 7635 4474 3883 8680 2054 8303 71031 2609 868
leaf_count=3728 15133 4120 10503 1131 2022 2877 1767 6464 11256 804 7798 7216 5836 3335 799 1928 5661 7341 6516 44223 3307 7635 4474 3883 8680 2054 8303 71031 2609 868
internal_value=0.00110816 0.00462346 -0.00494778 -0.00237423 -0.00161155 0.00266509 -0.00791908 -0.000233647 -0.00742735 -0.00606651 0.00136074 -0.0050423 -0.00356385 -0.00211425 0.0031329 0.00319236 0.000794166 0.00362163 -0.00286437 0.00822317 -0.000341392 0.000313472 -0.00411684 -0.00173903 0.00434836 0.00632762 0.00515642 0.00353582 -0.0121791 -0.0052432
internal_weight=263302 166597 96705 51821 48081 107897 44884 37578 43117 31861 26640 28133 20917 15081 18842 98504 12340 18043 9393 58700 11746 10942 10938 6679 16021 14477 10357 86164 3740 2796
internal_count=263302 166597 96705 51821 48081 107897 44884 37578 43117 31861 26640 28133 20917 15081 18842 98504 12340 18043 9393 58700 11746 10942 10938 6679 16021 14477 10357 86164 3740 2796
is_linear=0
shrinkage=0.05


Tree=8
num_leaves=31
num_cat=0
split_feature=21 24 24 3 17 4 4 26 28 21 27 26 21 21 4 21 17 17 26 21 17 29 27 24 26 26 4 11 21 24
split_gain=1562.94 378.663 325.488 241.437 194.643 208.667 165.021 160.238 125.882 100.031 65.1579 56.4049 54.5615 50.5801 48.343 40.9223 37.5563 36.5943 36.3444 33.5947 30.038 32.616 29.8876 27.3991 25.2718 24.1229 23.9724 21.1625 19.8284 19.3424
threshold=15.000000000000002 14.500000000000002 6.5000000000000009 0.22397061954145348 9.5000000000000018 -0.91706966442293736 -0.4421279035433397 1.0000000180025095e-35 9.5000000000000018 34.500000000000007 29.500000000000004 1.0000000180025095e-35 33.500000000000007 34.500000000000007 -0.91706966442293736 48.000000000000007 9.5000000000000018 4.5000000000000009 1.0000000180025095e-35 55.500000000000007 8.5000000000000018 -1.0308775640211452 5.5000000000000009 10.500000000000002 1.0000000180025095e-35 1.0000000180025095e-35 -0.37497390282451076 0.20016927206842139 30.500000000000004 10.500000000000002
decision_type=2 2 2 2 2 2 2 2 2 2 2 2 2 2 2 2 2 2 2 2 2 2 2 2 2 2 2 2 2 2
left_child=3 2 8 18 5 7 12 9 10 17 20 19 24 25 22 -15 -16 -3 -1 -7 21 -2 28 -14 -4 29 -6 -19 -10 -8
right_child=1 4 6 -5 26 11 13 -9 14 -11 -12 -13 23 15 16 -17 -18 27 -20 -21 -22 -23 -24 -25 -26 -27 -28 -29 -30 -31
leaf_value=0.0055071409502033151 -0.0066260486475114566 0.0019987336635081347 -0.050900460432041751 0.010873881589613445 -0.013514951109208898 0.0041557094495968446 -0.033647674013527355 -0.012984308046469157 0.0022561364804091848 -0.0032829022489091449 -0.0060181286842544562 -0.0013268362761376276 -0.013253579219341609 0.00057471939893321211 -0.00080999373308952198 -0.027284194511677424 -0.027807145960951098 0.0011146837714833505 -9.8869583256122617e-05 -0.0098217306159323631 -0.0066110014572267825 0.0040378989189626992 -0.011205108719047466 -0.0037021423441059593 -0.068205077115660012 -0.033520922384447378 -0.0047800831657744828 -0.0015999981531718531 -0.0091414610267934876 -0.0064072054782865848
leaf_weight=70511 899 11086 12375 43845 2961 28825 5512 2694 945 8088 2303 4294 2025 4609 6460 397 1139 6324 6052 366 904 9641 3314 2187 954 1018 6323 12678 540 4502
leaf_count=70511 899 11086 12375 43845 2961 28825 5512 2694 945 8088 2303 4294 2025 4609 6460 397 1139 6324 6052 366 904 9641 3314 2187 954 1018 6323 12678 540 4502
internal_value=0.00116015 -0.0023671 -0.00540804 0.00535986 -0.000195662 0.000656648 -0.00866509 -0.00174089 -0.0012249 -0.000909209 0.00206991 0.00358295 -0.0120167 -0.00499938 -0.00487821 -0.000831002 -0.00239703 0.000417775 0.00366554 0.00437001 0.00361412 0.00436433 -0.00880704 -0.00705603 -0.0135843 -0.00689086 -0.00702176 -0.000914114 -0.00291246 -0.0061454
internal_weight=263771 143363 59724 120408 83639 74355 33579 40870 26145 38176 13747 33485 17541 16038 12398 5006 7599 30088 76563 29191 11444 10540 4799 4212 13329 11032 9284 19002 1485 10014
internal_count=263771 143363 59724 120408 83639 74355 33579 40870 26145 38176 13747 33485 17541 16038 12398 5006 7599 30088 76563 29191 11444 10540 4799 4212 13329 11032 9284 19002 1485 10014
is_linear=0
shrinkage=0.05


Tree=9
num_leaves=31
num_cat=0
split_feature=0 0 24 24 26 24 0 28 0 26 24 21 18 21 18 17 21 0 1 18 0 24 26 24 26 29 21 21 3 18
split_gain=1804.26 489.967 189.407 175.965 157.498 141.433 132.63 110.604 105.685 101.283 99.5514 79.6093 61.6932 52.1391 58.221 50.2558 51.1438 42.2041 41.694 40.1783 37.5677 35.7378 35.2343 32.0334 29.2479 25.0676 23.7253 22.1998 20.8804 20.3099
threshold=4.7985492905656644 5.446138084545372 14.500000000000002 6.5000000000000009 1.0000000180025095e-35 14.500000000000002 4.6098625740792736 10.500000000000002 5.1022775351308658 1.0000000180025095e-35 6.5000000000000009 33.500000000000007 25.51950395513769 33.500000000000007 16.877027262905322 8.5000000000000018 33.500000000000007 4.4236054436470065 129.00000000000003 29.083260393587619 5.0026325636191329 15.500000000000002 1.0000000180025095e-35 10.500000000000002 1.0000000180025095e-35 -0.75729439682244581 29.500000000000004 34.500000000000007 0.18673106969061218 54.342627197387607
decision_type=2 2 2 2 2 2 2 2 2 2 2 2 2 2 2 2 2 2 2 2 2 2 2 2 2 2 2 2 2 2
left_child=2 4 3 7 5 8 17 15 10 11 13 12 -8 14 -2 16 19 -4 -12 -1 21 -6 23 -5 -19 -25 -9 -20 -3 -14
right_child=1 28 6 22 20 -7 9 26 -10 -11 18 -13 29 -15 -16 -17 -18 24 27 -21 -22 -23 -24 25 -26 -27 -28 -29 -30 -31
leaf_value=0.0034980631717329634 0.0064427372265469587 0.0087591681032805676 -0.016974482887655337 -0.045444199842555932 -0.032139902892650569 0.0042099543660384471 0.0018920847651168714 -0.006377324762240958 0.0030822275157247861 -0.011457353052660935 -0.042769904662668085 -0.003074290035753686 -0.0011148045796168418 -0.0021489585345115742 -0.0018094166140352208 -0.013199468717628317 -0.010751650745898797 -0.0048301010651618115 -0.011275481770262559 -0.0068014907693965329 -0.0015567417405616237 -0.0034341469234439115 -0.080485159769097064 -0.027485830991761214 -0.021598562115726621 -0.0061528093472209928 -0.014892056651310404 0.0011417140433870976 0.010585557344794629 -0.0043784533922116061
leaf_weight=4077 4914 13851 2251 7637 1194 64449 13786 1371 31000 2281 4101 7744 7565 3347 2417 1132 669 11077 5832 1768 7525 2751 780 5019 529 2615 3604 2375 44053 2092
leaf_count=4077 4914 13851 2251 7637 1194 64449 13786 1371 31000 2281 4101 7744 7565 3347 2417 1132 669 11077 5832 1768 7525 2751 780 5019 529 2615 3604 2375 44053 2092
internal_value=0.00123837 0.00386874 -0.00526198 -0.00846889 0.0021637 0.00270549 -0.00331907 -0.00405158 0.00081762 -0.00161587 -0.0017515 -0.000871997 0.000579918 0.00178123 0.004142 -0.000275961 0.00141388 -0.0074327 -0.00481638 0.00291275 -0.00343069 -0.00738276 -0.0119422 -0.0114128 -0.00621747 -0.00912235 -0.00985427 -0.00275923 0.00769394 -0.00248473
internal_weight=263806 187809 75997 28672 129905 118435 47325 12621 53986 33468 22986 31187 23443 10678 7331 7646 6514 13857 12308 5845 11470 3945 16051 15271 11606 7634 4975 8207 57904 9657
internal_count=263806 187809 75997 28672 129905 118435 47325 12621 53986 33468 22986 31187 23443 10678 7331 7646 6514 13857 12308 5845 11470 3945 16051 15271 11606 7634 4975 8207 57904 9657
is_linear=0
shrinkage=0.05


Tree=10
num_leaves=31
num_cat=0
split_feature=0 0 24 26 0 24 24 26 17 0 24 18 1 27 4 0 27 0 24 18 17 17 18 0 4 26 27 18 1 18
split_gain=1573.89 448.519 157.997 138.801 126.922 125.419 117.264 89.2728 85.7122 78.4221 91.4056 57.6487 55.2788 46.3322 44.6969 38.5882 37.2724 31.7129 31.3983 27.9515 26.3637 25.6253 24.3748 23.8831 22.6963 20.2792 19.8349 20.0571 19.809 19.3922
threshold=4.7985492905656644 5.446138084545372 14.500000000000002 1.0000000180025095e-35 4.5989605807911609 6.5000000000000009 14.500000000000002 1.0000000180025095e-35 4.5000000000000009 5.0517303177099064 6.5000000000000009 29.083260393587619 153.00000000000003 20.500000000000004 -0.22994699080646538 4.4439066730957402 29.500000000000004 5.0590719231024197 15.500000000000002 32.587699804126515 4.5000000000000009 4.5000000000000009 3.9297587037262178 4.8696986285031327 -0.91706966442293736 1.0000000180025095e-35 16.500000000000004 9.508212964000732 157.00000000000003 13.711901041093762
decision_type=2 2 2 2 2 2 2 2 2 2 2 2 2 2 2 2 2 2 2 2 2 2 2 2 2 2 2 2 2 2
left_child=2 3 5 6 15 8 9 11 -1 10 12 21 29 -10 23 -4 19 18 -5 -15 -7 -6 -17 24 -12 -24 -8 -28 -20 -2
right_child=1 -3 4 17 7 20 26 -9 13 -11 14 -13 -14 16 -16 22 -18 -19 28 -21 -22 -23 25 -25 -26 -27 27 -29 -30 -31
leaf_value=0.0025526296129310096 0.0068156307294130461 0.009517462294961844 -0.014408615537780346 -0.027333942980272953 0.0022614987118673834 -0.082850897376936058 0.0038733082278176352 -0.010805479643249866 -0.014791309688390354 0.0024753680696022076 -0.0022187268526184449 -0.0026573008031857185 -0.0015057704204216476 0.00079509930156356282 -0.043706776448611068 0.0024072225947285868 -0.013770720993724703 -0.0010789457268725107 -0.00070588032063702549 -0.0098066024816407561 -0.021410679503887215 -0.00035915037250617448 -0.0049798015853622368 0.00072561827167671132 -0.051044651759580111 -0.022915078777215679 0.0053875557220670854 0.0031885736365663297 -0.0059432555550103109 0.0014479743909150036
leaf_weight=3368 3462 57808 2951 1459 7544 4312 49255 2367 3655 33668 1544 11849 4245 3209 4090 735 1244 6605 2183 1195 11621 13036 8434 3791 1461 396 6369 8906 1201 1710
leaf_count=3368 3462 57808 2951 1459 7544 4312 49255 2367 3655 33668 1544 11849 4245 3209 4090 735 1244 6605 2183 1195 11621 13036 8434 3791 1461 396 6369 8906 1201 1710
internal_value=0.00128813 0.00374449 -0.004787 0.00211456 -0.0030134 -0.0077206 0.00262247 -0.00146022 -0.00400797 0.000902615 -0.00155174 -0.000776002 0.00205533 -0.00648232 -0.00467206 -0.00733142 -0.00364377 -0.00314291 -0.00621619 -0.00148501 -0.0106731 0.000823616 -0.00578934 -0.00218658 -0.00551581 -0.00651755 0.0040609 0.00563503 -0.00357269 0.00552591
internal_weight=263673 187757 75916 129949 47312 28604 118501 34796 12671 53971 20303 32429 9417 9303 10886 12516 5648 11448 4843 4404 15933 20580 9565 6796 3005 8830 64530 15275 3384 5172
internal_count=263673 187757 75916 129949 47312 28604 118501 34796 12671 53971 20303 32429 9417 9303 10886 12516 5648 11448 4843 4404 15933 20580 9565 6796 3005 8830 64530 15275 3384 5172
is_linear=0
shrinkage=0.05


Tree=11
num_leaves=31
num_cat=0
split_feature=0 0 0 26 24 28 24 24 21 26 0 29 21 21 26 27 29 20 27 0 29 24 27 19 24 1 29 21 24 24
split_gain=1388.49 399.243 138.158 115.106 95.5639 81.8051 79.603 63.653 64.9496 56.9388 54.9341 59.4089 49.7333 41.6604 40.0211 39.3503 30.9882 30.7688 27.1347 26.9178 23.9107 22.5016 21.7751 20.7323 19.5853 18.7553 18.6521 18.4139 18.8774 18.172
threshold=4.7985492905656644 5.446138084545372 4.6638718775261703 1.0000000180025095e-35 14.500000000000002 9.5000000000000018 15.500000000000002 6.5000000000000009 32.500000000000007 1.0000000180025095e-35 4.4439066730957402 -1.6214020128300053 34.500000000000007 33.500000000000007 1.0000000180025095e-35 22.500000000000004 -0.60559424458584032 0.70715826172044671 6.5000000000000009 5.0321893123531218 -1.3663842572693345 9.5000000000000018 16.500000000000004 54.244096753380468 15.500000000000002 257.00000000000006 -0.81085743534099719 34.500000000000007 14.500000000000002 14.500000000000002
decision_type=2 2 2 2 2 2 2 2 2 2 2 2 2 2 2 2 2 2 2 2 2 2 2 2 2 2 2 2 2 2
left_child=2 3 10 4 5 26 7 8 15 13 -1 -12 14 -8 17 -4 24 18 -13 -7 -17 -19 -6 25 -5 -20 -2 28 -9 -23
right_child=1 -3 6 16 22 19 9 27 -10 -11 11 12 -14 -15 -16 20 -18 21 23 -21 -22 29 -24 -25 -26 -27 -28 -29 -30 -31
leaf_value=-0.015201072965746635 -0.0020022917173358233 0.0089936553828745391 -0.0055821345565965595 -0.030798174505276301 0.0036442349378228499 -0.0050299764872524955 0.0010134214362768348 -0.043531805273143959 -0.0080797890585067571 -0.0092513089580512822 -0.041361845588674159 -0.018511605624808379 -0.0085315952733536326 -0.0019114867129316902 -0.019937596588688739 -0.016856512236205802 -0.0015286706166134404 -0.024236159661850824 -0.00051368068977645338 0.00068564649812928374 0.0034705006779344968 0.0015880857697269737 0.0039043599525049053 -0.0037628528616804298 -0.003164569630761057 0.0047216349555537947 0.0033093540200562904 -0.0028584924626625483 -0.0029738492657345205 -0.0047009605116603717
leaf_weight=4140 2990 57845 1741 940 49176 11023 16674 7580 1972 1815 3434 1771 4728 5288 963 141 9420 1598 4118 7145 3350 890 15354 7226 1071 1181 32774 1998 1037 4344
leaf_count=4140 2990 57845 1741 940 49176 11023 16674 7580 1972 1815 3434 1771 4728 5288 963 141 9420 1598 4118 7145 3350 890 15354 7226 1071 1181 32774 1998 1037 4344
internal_value=0.00135957 0.00366772 -0.00434293 0.00212902 0.00259138 0.00103797 -0.00240432 -0.00493097 -0.00130344 -0.000510787 -0.00668755 -0.00594834 -0.00515549 0.000192606 -0.00415939 0.00161124 -0.0026625 -0.00370504 -0.00238598 -0.00169419 0.00467345 -0.00646516 0.00388966 -0.00156687 -0.00829687 0.000808644 0.0024259 -0.00739284 -0.00839561 -0.00487963
internal_weight=263727 187738 75989 129893 118462 53932 41596 17819 7204 23777 34393 30253 26819 21962 22091 5232 11431 21128 14296 18168 3491 6832 64530 12525 2011 5299 35764 10615 8617 5234
internal_count=263727 187738 75989 129893 118462 53932 41596 17819 7204 23777 34393 30253 26819 21962 22091 5232 11431 21128 14296 18168 3491 6832 64530 12525 2011 5299 35764 10615 8617 5234
is_linear=0
shrinkage=0.05


Tree=12
num_leaves=31
num_cat=0
split_feature=0 0 0 26 24 28 18 0 28 26 24 29 24 29 18 0 29 17 29 0 24 26 24 22 26 6 24 18 29 29
split_gain=1201.95 329.835 130.548 110.019 80.2184 63.3816 70.3554 57.2073 53.1154 47.5587 45.1266 51.5193 40.4461 27.4486 25.0514 23.1119 23.0397 24.3161 20.1439 19.7019 18.5953 17.9215 17.248 16.6316 15.9388 15.811 15.7104 14.4132 13.4627 15.2358
threshold=4.8161785264461434 5.3011333813679853 4.6676560430519158 1.0000000180025095e-35 12.500000000000002 19.500000000000004 13.953767183741615 4.4674786937065862 9.5000000000000018 1.0000000180025095e-35 14.500000000000002 -0.71934583574906996 14.500000000000002 -0.0063250976508995574 59.307370038592801 4.9965635965540569 -1.2530839403026801 4.5000000000000009 -0.15303629100651941 5.1286703667030071 15.500000000000002 1.0000000180025095e-35 7.5000000000000009 16.500000000000004 1.0000000180025095e-35 0.19209988291272687 6.5000000000000009 1.3256835252430694 0.086861271210942489 -0.15303629100651941
decision_type=2 2 2 2 2 2 2 2 2 2 2 2 2 2 2 2 2 2 2 2 2 2 2 2 2 2 2 2 2 2
left_child=2 3 7 4 8 6 23 -1 -2 10 11 -9 21 18 25 20 -8 -18 -13 22 -5 -7 -10 -4 28 -12 -15 -6 29 -19
right_child=1 -3 5 15 27 12 16 9 19 -11 14 13 -14 26 -16 -17 17 24 -20 -21 -22 -23 -24 -25 -26 -27 -28 -29 -30 -31
leaf_value=-0.013383398792751586 0.0025743520349384959 0.0084716860251154488 0.0032245030949413587 -0.02674778346362602 0.0050604170677344112 -0.016791051202434796 -0.0068290388674126781 -0.026818855693474742 -0.00042421740564356752 -0.024312053702013756 0.0016179266493037987 -0.0049749316513517626 -0.0014198257758459103 -0.0093533409877383841 -0.0073284039926961031 -0.0012708948901010645 0.00083059365353958076 -0.0020137073568500322 0.0031369444715786225 0.0019321069857252484 -0.0030923371674489329 -0.052166347955675652 -0.032744933614004559 0.00059833513467008668 -0.015165904067228904 -0.0026317878017871766 -0.036646627945914154 0.0035466599759875397 -0.009154839379063048 0.0026193449061180829
leaf_weight=5207 30964 58870 5423 1065 5708 7358 3275 4888 6410 1308 1587 2836 7831 1451 1429 7506 5870 7652 997 2613 2428 389 5559 4119 665 15174 568 62387 1062 1258
leaf_count=5207 30964 58870 5423 1065 5708 7358 3275 4888 6410 1308 1587 2836 7831 1451 1429 7506 5870 7652 997 2613 2428 389 5559 4119 665 15174 568 62387 1062 1258
internal_value=0.00138808 0.00362106 -0.00371196 0.00216423 0.00262639 -0.00192129 -0.000552107 -0.00598039 0.00100206 -0.00514683 -0.0047252 -0.00729516 -0.00449865 -0.00413021 -0.00320781 -0.00261069 -0.00225306 -0.001493 -0.00164493 -0.00148608 -0.00597051 -0.00706015 -0.00234481 0.00297422 -0.00291859 -0.00266601 -0.00884844 0.00371283 -0.00241877 -0.00178451
internal_weight=263857 183510 80347 124640 113641 44902 29324 35445 45546 30238 28930 10740 15578 5852 18190 10999 19782 16507 3833 14582 3493 7747 11969 9542 10637 16761 2019 68095 9972 8910
internal_count=263857 183510 80347 124640 113641 44902 29324 35445 45546 30238 28930 10740 15578 5852 18190 10999 19782 16507 3833 14582 3493 7747 11969 9542 10637 16761 2019 68095 9972 8910
is_linear=0
shrinkage=0.05


Tree=13
num_leaves=31
num_cat=0
split_feature=18 28 3 18 19 26 26 17 26 12 27 20 20 17 20 18 19 17 18 26 27 28 18 27 11 25 20 26 18 18
split_gain=889.183 216.23 148.746 100.128 101.292 48.556 40.147 34.668 32.5514 30.1083 29.4449 26.2738 26.0019 25.4771 25.2328 21.8158 19.5573 21.5093 18.1462 18.0628 18.856 17.4608 17.3831 16.4989 18.2385 15.7106 13.558 12.6324 12.0703 11.9211
threshold=12.78051326677349 18.500000000000004 0.24756238712469233 29.083260393587619 51.555051109777715 1.0000000180025095e-35 1.0000000180025095e-35 9.5000000000000018 1.0000000180025095e-35 0.18931679799952691 7.5000000000000009 0.030106700139120073 0.016334962040818041 5.5000000000000009 0.08413877842485229 3.5919980809026071 31.550804026682815 6.5000000000000009 20.936565974487191 1.0000000180025095e-35 30.500000000000004 19.500000000000004 59.307370038592801 29.500000000000004 0.16292784968131183 1.0000000180025095e-35 1.0000000180025095e-35 1.0000000180025095e-35 3.712738173735223 7.1352487120704451
decision_type=2 2 2 2 2 2 2 2 2 2 2 2 2 2 2 2 2 2 2 2 2 2 2 2 2 2 2 2 2 2
left_child=1 2 5 4 13 9 10 8 14 23 11 -6 27 21 22 -11 17 -17 -12 20 25 -2 -5 24 -1 -14 -8 -3 -7 -4
right_child=3 12 29 7 6 28 26 -9 -10 15 18 -13 19 -15 -16 16 -18 -19 -20 -21 -22 -23 -24 -25 -26 -27 -28 -29 -30 -31
leaf_value=0.0053043807399189395 -0.00034771774385235823 -0.0037391309110838254 0.0086287728264466193 -0.0043568201034596315 -0.030638091493118958 0.0016258910158851532 -0.033251561820391642 -0.012115321896183359 -0.016808979143405688 0.0044439547073620465 0.0020623709560391207 0.00017374086790634393 0.00023611225370665621 -0.0062085397731864011 -0.00041131986539317492 0.002038973070197648 0.0035520692796271965 -0.0035157799421661885 -0.00018569720255509276 -0.0085599130601543613 -0.041269681199491259 -0.015688419436670095 -0.0065171099577100841 0.0011019401044232585 0.0037980794094523611 0.0033018561581942066 -0.0042703647481790513 -0.040264874090068681 -0.0031871827791895369 0.0017025497551185279
leaf_weight=17581 4096 6475 41153 19801 2947 4653 867 3444 1726 31900 15411 4564 11419 9619 4303 26362 4851 1682 13062 1837 210 2006 4653 3025 16121 1831 2481 311 3711 1306
leaf_count=17581 4096 6475 41153 19801 2947 4653 867 3444 1726 31900 15411 4564 11419 9619 4303 26362 4851 1682 13062 1837 210 2006 4653 3025 16121 1831 2481 311 3711 1306
internal_value=0.00135102 0.00342588 0.00409613 -0.00271634 -0.00139965 0.00312497 -4.37297e-05 -0.00485292 -0.00431568 0.00342665 0.000443531 -0.00234123 -0.00119798 -0.004792 -0.00391539 0.00277838 0.00187491 0.00136785 0.00117813 -5.5239e-05 0.000579495 -0.00226483 -0.00453668 0.00457034 0.00488784 0.000815095 -0.00528076 -0.00377395 -0.000536824 0.00660955
internal_weight=263408 174428 152345 88980 55053 109886 39332 33927 30483 101522 35984 7511 22083 15721 28757 64795 32895 28044 28473 15297 13460 6102 24454 36727 33702 13250 3348 6786 8364 42459
internal_count=263408 174428 152345 88980 55053 109886 39332 33927 30483 101522 35984 7511 22083 15721 28757 64795 32895 28044 28473 15297 13460 6102 24454 36727 33702 13250 3348 6786 8364 42459
is_linear=0
shrinkage=0.05


Tree=14
num_leaves=31
num_cat=0
split_feature=0 0 26 24 24 0 21 28 28 27 26 18 0 18 24 1 4 26 27 0 24 18 27 24 26 21 29 27 5 0
split_gain=1000.33 295.938 96.2368 93.4175 78.9056 76.6019 66.6488 66.3896 63.9682 46.0893 38.8559 35.6161 28.962 28.1615 26.9714 26.6635 24.4165 23.9099 23.8605 22.0446 22.1434 20.8621 20.6082 20.1531 18.4736 17.9318 17.1949 16.3727 15.3251 14.3776
threshold=4.7640480011832471 5.446138084545372 1.0000000180025095e-35 14.500000000000002 14.500000000000002 4.5311910660572687 33.500000000000007 10.500000000000002 14.500000000000002 29.500000000000004 1.0000000180025095e-35 46.090845381258767 5.0321893123531218 27.617168420589575 6.5000000000000009 157.00000000000003 -0.23779191060514679 1.0000000180025095e-35 14.500000000000002 4.9859457890483005 15.500000000000002 15.849253963480669 29.500000000000004 25.500000000000004 1.0000000180025095e-35 36.500000000000007 0.45741735484948326 8.5000000000000018 0.73534297043717756 4.6461108844735088
decision_type=2 2 2 2 2 2 2 2 2 2 2 2 2 2 2 2 2 2 2 2 2 2 2 2 2 2 2 2 2 2
left_child=4 2 3 7 8 -6 10 22 9 13 11 16 -9 14 28 18 21 -10 -5 20 27 23 -2 -7 29 -11 -15 -4 -1 -8
right_child=1 -3 19 15 5 6 24 12 17 25 -12 -13 -14 26 -16 -17 -18 -19 -20 -21 -22 -23 -24 -25 -26 -27 -28 -29 -30 -31
leaf_value=-0.01026098990691595 0.0028095645000923214 0.0077437707532602351 -0.036585646434450329 0.003792994966744929 -0.0079446958003318684 0.00096555666881195331 -0.0053280826119101584 -0.0055299562346584402 -0.01793992136188341 -0.026343997088719817 -0.0090983860302233151 -0.0031002204260918431 0.00087537774320732727 -0.0068090672622694529 -0.016887570229318357 0.0022287044720395821 -0.0024063894848176501 -0.080604230558502257 0.0043472180942782882 -0.00092627133240883808 -0.0028321323241003097 0.00027153005105123016 -0.0019765534102086065 0.0040518348409960634 -0.015702084269488645 -0.0028001207853108985 -0.026474062330192297 -0.010837804821723786 0.002390936649871282 -0.002184012412093898
leaf_weight=311 34365 57836 702 19766 6402 3546 2626 12565 13156 2021 1827 3632 6922 2959 835 38061 3149 514 11683 7905 3035 11922 3549 2794 411 752 687 525 3554 5485
leaf_count=311 34365 57836 702 19766 6402 3546 2626 12565 13156 2021 1827 3632 6922 2959 835 38061 3149 514 11683 7905 3035 11922 3549 2794 411 752 687 525 3554 5485
internal_value=0.0013562 0.00314762 0.00189764 0.00230488 -0.00394177 -0.00261616 -0.00170575 0.000812094 -0.00617673 -0.00336046 -0.00048381 2.97494e-05 -0.00155976 -0.00150491 0.00105319 0.00353762 0.000806362 -0.00846745 0.00461493 -0.00235021 -0.00524871 0.0015075 0.00203118 0.00382492 -0.00555855 -0.00894519 -0.00480252 -0.0109169 0.00281371 -0.00503452
internal_weight=263497 196914 139078 126911 66583 41794 35392 57401 24789 11119 26870 25043 19487 8346 4700 69510 21411 13670 31449 12167 4262 18262 37914 6340 8522 2773 3646 1227 3865 8111
internal_count=263497 196914 139078 126911 66583 41794 35392 57401 24789 11119 26870 25043 19487 8346 4700 69510 21411 13670 31449 12167 4262 18262 37914 6340 8522 2773 3646 1227 3865 8111
is_linear=0
shrinkage=0.05


Tree=15
num_leaves=31
num_cat=0
split_feature=0 0 0 26 28 29 21 0 19 27 21 1 26 29 27 29 26 27 0 26 29 19 29 21 29 19 19 19 22 27
split_gain=886.771 262.594 96.9893 78.3964 53.8201 52.76 48.0555 37.1665 32.8043 31.6003 25.7884 27.0646 23.4625 21.6417 19.9336 33.8984 19.7547 18.3653 16.6286 16.5294 16.2112 15.7816 14.7511 13.6093 13.3826 13.3127 13.2954 13.2141 11.8812 11.5744
threshold=4.7985492905656644 5.3011333813679853 4.6344336593550848 1.0000000180025095e-35 20.500000000000004 -1.4571161936178669 32.500000000000007 4.4439066730957402 59.99486014821899 6.5000000000000009 32.500000000000007 233.00000000000003 1.0000000180025095e-35 0.35441858460372855 16.500000000000004 -0.10693060515370321 1.0000000180025095e-35 29.500000000000004 5.0085047394125981 1.0000000180025095e-35 -0.69522441631592968 44.718498577441011 -1.1041871305606306 32.500000000000007 -2.1968687689319921 8.9591621044582315 19.130718000470363 21.0638892258123 17.500000000000004 10.500000000000002
decision_type=2 2 2 2 2 2 2 2 2 2 2 2 2 2 2 2 2 2 2 2 2 2 2 2 2 2 2 2 2 2
left_child=2 3 7 5 6 -2 8 -1 19 22 11 16 24 14 25 26 -11 -10 -15 29 -5 -13 23 -9 -6 -7 28 -8 -16 -4
right_child=1 -3 4 20 12 13 27 9 17 10 -12 21 -14 18 15 -17 -18 -19 -20 -21 -22 -23 -24 -25 -26 -27 -28 -29 -30 -31
leaf_value=-0.01290448099729637 -0.0093707020217276612 0.0074211945875457073 -0.0075566745528382814 -0.015210133185887249 -0.087281202482545783 0.003937849140503746 -0.00022814169355914722 -0.10381331506701562 -0.0010913460027928595 -0.0033099509501473101 -0.0067833778214446113 0.0048992142209546294 -0.031686895244406391 -0.0032559541978513262 0.0052812519425944051 0.0049538509640602744 -0.024239961735781551 -0.051740517038644809 0.0019019335082168236 -0.0041695990535897598 -0.0013671674395022149 -0.0011416795675086705 -0.013290298397234224 -0.0043780060317849872 -0.0040729276979669009 0.0020895790354124983 0.0017731487571319004 -0.0042657152513857792 0.0021322268499830602 0.0020946949213481903
leaf_weight=4138 5405 58788 529 1612 1773 27322 1829 988 13868 9714 5359 1059 805 3684 1519 6523 631 534 7214 665 9743 1956 2132 300 13187 49092 15319 6765 1679 9898
leaf_count=4138 5405 58788 529 1612 1773 27322 1829 988 13868 9714 5359 1059 805 3684 1519 6523 631 534 7214 665 9743 1956 2132 300 13187 49092 15319 6765 1679 9898
internal_value=0.00134795 0.00319239 -0.00320439 0.00193111 -0.00190871 0.00231371 -0.00079148 -0.00566256 0.000298502 -0.00484959 -0.00404215 -0.00286677 -0.00432445 0.00254584 0.00277328 0.0039976 -0.00408168 -0.00127552 0.00042852 0.00234223 -0.00203655 0.00130182 -0.00926901 -0.0134938 -0.003877 0.00237208 0.00290571 -0.0040249 0.00583802 0.00282967
internal_weight=264030 187900 76130 129112 49853 117757 34088 26277 25494 22139 18719 13360 15765 112352 101454 25040 10345 14402 10898 11092 11355 3015 3420 1288 14960 76414 18517 8594 3198 10427
internal_count=264030 187900 76130 129112 49853 117757 34088 26277 25494 22139 18719 13360 15765 112352 101454 25040 10345 14402 10898 11092 11355 3015 3420 1288 14960 76414 18517 8594 3198 10427
is_linear=0
shrinkage=0.05


Tree=16
num_leaves=31
num_cat=0
split_feature=0 0 26 24 0 24 24 21 18 28 21 26 1 4 24 18 1 21 4 24 0 18 0 21 0 24 24 0 24 24
split_gain=781.43 248.347 78.1804 85.7072 71.203 69.273 67.074 52.9502 52.299 47.3837 42.2752 32.6607 32.563 31.7342 32.6374 27.6112 23.8193 23.785 26.8931 26.5314 24.8817 25.5399 22.1245 18.0209 17.9996 17.0762 24.5106 16.6982 18.6851 16.2282
threshold=4.7720400331370492 5.3011333813679853 1.0000000180025095e-35 14.500000000000002 4.5311910660572687 14.500000000000002 6.5000000000000009 33.500000000000007 42.406654588276702 10.500000000000002 33.500000000000007 1.0000000180025095e-35 161.00000000000003 -0.24636719143685762 2.5000000000000004 15.13058039051147 229.00000000000003 33.500000000000007 -0.2643514070792472 9.5000000000000018 4.6426673853605518 47.484748631825177 4.9665426635412357 25.500000000000004 4.3036100609115797 9.5000000000000018 2.5000000000000004 4.973239364658367 15.500000000000002 10.500000000000002
decision_type=2 2 2 2 2 2 2 2 2 2 2 2 2 2 2 2 2 2 2 2 2 2 2 2 2 2 2 2 2 2
left_child=4 2 3 9 24 6 8 11 10 -2 13 15 23 -6 -15 16 -7 18 20 -20 -8 -22 -11 -5 -1 26 -26 28 -4 -19
right_child=1 -3 27 12 5 7 17 -9 -10 22 -12 -13 -14 14 -16 -17 -18 29 19 -21 21 -23 -24 -25 25 -27 -28 -29 -30 -31
leaf_value=-0.020277625992124418 0.0020915741349315587 0.0070558187706162264 -0.023636905160552727 0.003714159887203531 0.0026826140591156731 0.00024941339458578904 -0.091736850106667378 -0.0029815069373689642 -0.0098243967341370662 -0.006104457746267989 -0.0084403940189417305 -0.0080248752514440087 0.001950756195969327 0.0023405503777963288 -0.035142534254292333 -0.0006940314291723241 0.0036219541720546745 -0.0098577058208284621 -0.020188844517624274 0.0042897154721132707 -0.058710171851723336 -0.00050711563796830051 0.00030213989400142382 0.0037621777312988889 -0.0032165948258860732 -0.0054778318596617826 -0.044415789966813307 -0.00084495713074999017 -0.0022546066488771028 0.00025908252409363009
leaf_weight=1024 37334 58738 1164 11061 5481 4425 2006 8822 1930 9267 1624 1910 35389 441 527 18216 3426 1385 407 714 5715 909 9830 21257 658 6585 1063 8036 2715 1534
leaf_count=1024 37334 58738 1164 11061 5481 4425 2006 8822 1930 9267 1624 1910 35389 441 527 18216 3426 1385 407 714 5715 909 9830 21257 658 6585 1063 8036 2715 1534
internal_value=0.00133196 0.00294991 0.00177684 0.00214817 -0.00324874 -0.00261165 -0.00478565 -0.00127218 -0.00172498 0.000709097 4.27356e-05 -0.000207134 0.00334759 0.00185843 -0.0064876 0.000255304 0.00273405 -0.00720205 -0.00838734 -0.00110169 -0.00933372 -0.00785628 -0.0013167 0.00449502 -0.00730975 -0.00653865 -0.0109733 -0.0020919 -0.00478603 -0.00324255
internal_weight=263593 194791 136053 124138 68802 59472 22673 36799 10003 56431 8073 27977 67707 6449 968 26067 7851 12670 9751 1121 8630 6624 19097 32318 9330 8306 1721 11915 3879 2919
internal_count=263593 194791 136053 124138 68802 59472 22673 36799 10003 56431 8073 27977 67707 6449 968 26067 7851 12670 9751 1121 8630 6624 19097 32318 9330 8306 1721 11915 3879 2919
is_linear=0
shrinkage=0.05


Tree=17
num_leaves=31
num_cat=0
split_feature=0 0 24 29 0 26 26 24 28 24 1 17 0 29 26 27 27 24 27 27 0 24 24 1 0 24 24 24 28 19
split_gain=689.676 228.544 70.7477 71.3909 64.1265 58.9796 58.042 41.1989 38.3794 42.0811 32.1735 29.6543 28.4696 27.8095 23.9696 23.7204 18.1367 19.7086 22.7249 17.6631 16.5009 17.3632 24.1748 16.1273 14.4829 16.7135 31.5419 13.5246 13.5103 12.8662
threshold=4.7512206636374144 5.3011333813679853 14.500000000000002 -0.50430115810215981 4.5311910660572687 1.0000000180025095e-35 1.0000000180025095e-35 14.500000000000002 10.500000000000002 6.5000000000000009 161.00000000000003 4.5000000000000009 5.0321893123531218 0.33712623919258983 1.0000000180025095e-35 14.500000000000002 22.500000000000004 6.5000000000000009 32.500000000000007 30.500000000000004 4.973239364658367 7.5000000000000009 4.5000000000000009 161.00000000000003 4.3895594239587075 9.5000000000000018 2.5000000000000004 23.500000000000004 4.5000000000000009 8.5710765106972051
decision_type=2 2 2 2 2 2 2 2 2 2 2 2 2 2 2 2 2 2 2 2 2 2 2 2 2 2 2 2 2 2
left_child=4 2 3 12 24 7 10 8 9 19 15 27 14 16 -2 -4 -5 18 -18 -6 21 22 -15 -23 -1 26 -26 -9 -11 -12
right_child=1 -3 6 13 5 -7 -8 11 -10 28 29 -13 -14 20 -16 -17 17 -19 -20 -21 -22 23 -24 -25 25 -27 -28 -29 -30 -31
leaf_value=-0.014335009039037103 -0.0051163331848016929 0.0066429617512761916 0.003240196660629482 0.0018607116253125313 0.0016599162331672624 -0.019019858677610725 -0.0012296495523355351 -0.00046130794499206712 -0.013857406900961284 -0.036202007657135625 0.0038006254310248228 -0.0015104406392483084 0.00086327145061443518 -0.0081119179756251047 -0.027655276500122519 0.0037182320543057514 0.0045042548024327679 0.00036371932195768293 -0.0045129504281800547 -0.0096791646534534689 0.00069986474417945755 -0.079890460015716258 0.004015930979282001 -0.0088427649189260025 -0.00093162698801308559 -0.0046886731600178661 -0.043234974767680234 0.0020589850637733856 -0.0025937322229257036 0.0012416466334006782
leaf_weight=2039 12172 58996 20405 28438 5007 2621 8646 4108 11262 1893 10761 22658 5596 587 1058 12223 4233 1740 158 493 5397 673 1512 891 591 5708 980 4225 961 27841
leaf_count=2039 12172 58996 20405 28438 5007 2621 8646 4108 11262 1893 10761 22658 5596 587 1058 12223 4233 1740 158 493 5397 673 1512 891 591 5708 980 4225 961 27841
internal_value=0.00131558 0.00274034 0.00165575 0.000395085 -0.00327055 -0.0026007 0.00264147 -0.00222193 -0.00401509 -0.00144721 0.00311105 -0.00108693 -0.00217837 0.00150554 -0.00344293 0.00426689 0.00215178 0.00461833 0.00640287 0.00110909 -0.000960264 -0.00355037 -0.000578846 -0.00753836 -0.00709702 -0.00605372 -0.0106206 0.00146346 -0.00637351 0.00213409
internal_weight=263873 201327 142331 62455 62546 53228 79876 50607 19616 8354 71230 30991 18826 43629 13230 32628 34569 6131 4391 5500 9060 3663 2099 1564 9318 7279 1571 8333 2854 38602
internal_count=263873 201327 142331 62455 62546 53228 79876 50607 19616 8354 71230 30991 18826 43629 13230 32628 34569 6131 4391 5500 9060 3663 2099 1564 9318 7279 1571 8333 2854 38602
is_linear=0
shrinkage=0.05


Tree=18
num_leaves=31
num_cat=0
split_feature=0 0 0 24 24 18 24 21 0 21 18 21 27 28 18 24 24 21 18 27 4 18 0 1 27 27 18 27 24 4
split_gain=619.9 139.686 125.396 53.1116 71.5923 56.0407 39.8539 39.8279 38.9326 38.1284 34.4941 32.7016 30.2494 27.1646 26.0571 24.8311 27.1615 24.863 23.642 18.1824 16.6224 21.5946 15.2963 13.7589 13.5725 13.5559 13.4206 13.4171 13.3463 18.1705
threshold=4.8935427106932758 5.3011333813679853 4.6638718775261703 14.500000000000002 6.5000000000000009 29.679186642393145 14.500000000000002 33.500000000000007 4.4674786937065862 33.500000000000007 18.942003188433187 33.500000000000007 13.500000000000002 14.500000000000002 42.406654588276702 14.500000000000002 2.5000000000000004 34.500000000000007 38.534589766573134 6.5000000000000009 -0.91706966442293736 54.342627197387607 4.973239364658367 157.00000000000003 29.500000000000004 22.500000000000004 44.858287520818259 2.5000000000000004 7.5000000000000009 -0.22994699080646538
decision_type=2 2 2 2 2 2 2 2 2 2 2 2 2 2 2 2 2 2 2 2 2 2 2 2 2 2 2 2 2 2
left_child=2 6 8 4 5 7 13 25 -1 10 -5 14 -8 -2 -6 16 18 20 -10 -18 21 -17 28 -14 -21 27 -12 -4 -15 -30
right_child=1 -3 3 9 11 -7 12 -9 15 -11 26 -13 23 22 -16 17 19 -19 -20 24 -22 -23 -24 -25 -26 -27 -28 -29 29 -31
leaf_value=-0.010373841871920711 0.0019999524523967192 0.0062125871781826139 0.0096474046300154895 0.0021575078756503273 -0.044243931977174682 -0.0058580850320627854 0.0025503101409013753 -0.0043397008137126582 0.0013843982507338415 -0.0013120362950601256 0.00051400889119373951 -0.00026234915070178291 0.0035900699782393797 0.00068421087204076619 0.0019477927703164767 0.0003653199056031706 -0.03634978373477004 -0.0045395596784361765 -0.012655440827876044 -0.0062604352562263162 -0.0030735281159741498 -0.0061182922073164531 8.0849557079902741e-05 0.0011978724003252469 -0.022797225932146243 0.0035616388741756457 -0.00207608649823162 -0.0035280889464159478 -0.00067112433599280795 -0.045068390045647652
leaf_weight=5137 36590 59154 594 13773 9461 2967 46122 1601 1727 8274 10611 3160 11492 1102 1290 8420 3108 3500 470 4142 5415 1255 8538 3839 1223 4378 2988 1131 982 1497
leaf_count=5137 36590 59154 594 13773 9461 2967 46122 1601 1727 8274 10611 3160 11492 1102 1290 8420 3108 3500 470 4142 5415 1255 8538 3839 1223 4378 2988 1131 982 1497
internal_value=0.00132403 0.0031355 -0.0019173 -0.000541774 -0.00232975 0.000751102 0.00208311 0.00299974 -0.00432581 0.000691242 0.00159031 -0.00469305 0.0029298 0.00101491 -0.00600735 -0.00362098 -0.00554358 -0.00251748 -0.00058944 -0.00682816 -0.00163684 -0.000395348 -0.0010368 0.00485389 -0.00506524 0.00484106 -0.00019597 0.00108696 -0.00377967 -0.00581484
internal_weight=263941 169316 94625 60228 24582 10671 110162 7704 34397 35646 27372 13911 61453 48709 10751 29260 10670 18590 2197 8473 15090 9675 12119 15331 5365 6103 13599 1725 3581 2479
internal_count=263941 169316 94625 60228 24582 10671 110162 7704 34397 35646 27372 13911 61453 48709 10751 29260 10670 18590 2197 8473 15090 9675 12119 15331 5365 6103 13599 1725 3581 2479
is_linear=0
shrinkage=0.05


Tree=19
num_leaves=31
num_cat=0
split_feature=0 0 26 0 26 28 0 28 27 17 19 22 19 0 19 13 19 0 14 0 2 1 22 13 1 27 27 0 4 27
split_gain=539.847 180.823 70.9863 50.4063 44.0806 36.4191 35.41 27.5639 27.8285 18.7271 18.689 20.9558 13.6066 12.7085 12.2377 11.8614 11.5372 11.1798 10.9731 10.7667 10.6607 9.8591 9.8247 9.40641 9.32926 9.2854 8.98193 8.95321 8.93933 8.60451
threshold=4.7482908581751948 5.446138084545372 1.0000000180025095e-35 4.5311910660572687 1.0000000180025095e-35 17.500000000000004 5.0195808124667609 14.500000000000002 27.500000000000004 4.5000000000000009 3.9452785422853376 7.5000000000000009 9.5917839092640822 4.9859457890483005 17.126373751135336 0.13681022460305042 56.363302583958479 4.6786224635956151 6.5393900661949003 4.3895594239587075 0.15394392585434327 229.00000000000003 13.500000000000002 0.19641428097657501 181.00000000000003 8.5000000000000018 11.500000000000002 4.6098625740792736 -0.91706966442293736 6.5000000000000009
decision_type=2 2 2 2 2 2 2 2 2 2 2 2 2 2 2 2 2 2 2 2 2 2 2 2 2 2 2 2 2 2
left_child=3 2 5 12 7 10 29 8 9 16 11 -2 22 25 -10 -12 21 24 28 -14 -3 -5 -1 -11 -9 -4 -6 -26 -17 -7
right_child=1 20 13 4 26 6 -8 17 14 23 15 -13 19 -15 -16 18 -18 -19 -20 -21 -22 -23 -24 -25 27 -27 -28 -29 -30 -31
leaf_value=0.0074941159115750576 0.0082605839688348875 0.0048475419969510238 -0.019292328893634036 0.00075048482294470028 -0.051625194237289 -0.0030344354623821064 0.0021838694326995248 -0.0024675871218652582 0.0012736984483272856 0.0010045569866654874 0.0028594650811046285 0.0031097714607721269 -0.012851314580591392 -0.00097626579735771201 -0.0049839409228482311 9.4528131412504454e-05 0.0007177916713032007 -0.0019481046328864429 0.0034780941088364105 -0.0065491655800124955 0.0065650566238735488 0.0045338496308671679 -0.0091693050133114917 -0.0012918885641268689 -0.012421529273169389 -0.0027644423581304868 -0.0098985880772943721 -0.0049545299270895328 0.00214716961411919 0.00021144530275060054
leaf_weight=441 2139 16188 1536 1028 761 9907 10393 4383 1183 3988 20482 6184 1807 7843 5539 7034 3105 11082 2308 6592 41773 1452 424 8302 2844 2986 1802 6806 62095 11595
leaf_count=441 2139 16188 1536 1028 761 9907 10393 4383 1183 3988 20482 6184 1807 7843 5539 7034 3105 11082 2308 6592 41773 1452 424 8302 2844 2986 1802 6806 62095 11595
internal_value=0.001327 0.00257353 0.00162718 -0.00277409 -0.00217169 0.00196618 0.000494592 -0.00184201 -0.000652315 0.000379022 0.00243441 0.00470323 -0.00617336 -0.00199555 -0.00339482 0.00222897 0.00277977 -0.00300717 0.00192484 -0.00678831 0.00493289 0.00532258 -0.000202312 -0.00071196 -0.00394463 -0.00410659 -0.00856613 -0.00481347 0.00181161 -0.000663659
internal_weight=264002 202463 144502 61539 52275 132137 31895 49712 24597 17875 100242 8323 9264 12365 6722 91919 5585 25115 71437 8399 57961 2480 865 12290 14033 4522 2563 9650 69129 21502
internal_count=264002 202463 144502 61539 52275 132137 31895 49712 24597 17875 100242 8323 9264 12365 6722 91919 5585 25115 71437 8399 57961 2480 865 12290 14033 4522 2563 9650 69129 21502
is_linear=0
shrinkage=0.05


Tree=20
num_leaves=31
num_cat=0
split_feature=0 0 0 24 26 28 0 26 24 24 21 24 29 5 29 17 29 29 21 1 27 0 21 24 20 26 5 24 4 20
split_gain=476.562 137.462 74.2263 51.4017 50.2854 36.0685 31.9221 27.0914 26.5798 26.5347 29.5455 25.9833 27.9835 25.7793 24.7211 22.5928 21.0832 19.8884 17.8793 16.0403 15.2514 14.4405 15.4067 32.815 13.7397 13.539 12.8163 12.0263 22.9524 19.134
threshold=4.8161785264461434 5.446138084545372 4.6786224635956151 14.500000000000002 1.0000000180025095e-35 11.500000000000002 4.4236054436470065 1.0000000180025095e-35 15.500000000000002 6.5000000000000009 33.500000000000007 11.500000000000002 -0.70794970971420623 1.0231256925298176 -0.0063250976508995574 4.5000000000000009 -1.2218905403000824 -0.25669524252401499 34.500000000000007 153.00000000000003 20.500000000000004 5.0763865755225819 33.500000000000007 7.5000000000000009 0.81136725302130219 1.0000000180025095e-35 1.1349619381775733 2.5000000000000004 -0.4421279035433397 0.064887111613456866
decision_type=2 2 2 2 2 2 2 2 2 2 2 2 2 2 2 2 2 2 2 2 2 2 2 2 2 2 2 2 2 2
left_child=2 3 6 5 13 -2 -1 11 9 10 16 12 -8 -5 17 -10 -4 -14 -13 -15 -18 22 23 -7 -11 -17 -25 28 -16 -29
right_child=1 -3 8 4 -6 21 7 -9 15 24 -12 18 14 19 27 25 20 -19 -20 -21 -22 -23 -24 26 -26 -27 -28 29 -30 -31
leaf_value=-0.010859736287881318 0.0017645411198559228 0.0057484058514318207 -0.00900179707720224 0.0024127114059722867 -0.0010990271639949041 0.0013451641693524841 -0.024325518839683393 -0.018479833904677816 0.0018816273746479575 -0.010768125906206079 -0.0050816000269212061 -0.0011799629037986586 -0.0046129902855247115 0.003571101053202669 -0.011749048283197899 -3.5258816260062729e-05 -0.0017882260378431218 0.0035412501435021144 -0.0034349077338350874 0.0013497841667931083 0.0028496043090980622 0.00074707977700446673 9.4609561525692821e-05 -0.010888961029361634 -0.046387498380936802 -0.0082794603833112983 -0.04075497695890256 -0.01557709343778787 0.0021897767912622016 -0.039182280212183236
leaf_weight=3044 38175 57997 618 42462 7891 2369 4230 1506 8318 9532 1666 19407 2031 13582 217 14308 1241 1445 4697 6406 3689 5264 4468 1921 1116 1256 3498 1150 556 363
leaf_count=3044 38175 57997 618 42462 7891 2369 4230 1506 8318 9532 1666 19407 2031 13582 217 14308 1241 1445 4697 6406 3689 5264 4468 1921 1116 1256 3498 1150 556 363
internal_value=0.00129847 0.00270139 -0.00191317 0.00177441 0.00267291 0.000639645 -0.00349221 -0.00307202 -0.000451322 -0.0019102 0.000431107 -0.00278214 -0.00492594 0.00314812 -0.0026588 0.000639813 0.00218457 -2.87627e-06 -0.00189346 0.00462878 0.00327586 -0.00123858 -0.00217934 -0.00352208 -0.00349643 -0.000484451 -0.00566802 -0.00669729 -0.00162354 -0.00928949
internal_weight=264423 184033 80390 126036 70341 55695 38646 35602 41744 17862 7214 34096 9992 62450 5762 23882 5548 3476 24104 19988 4930 17520 12256 7788 10648 15564 5419 2286 773 1513
internal_count=264423 184033 80390 126036 70341 55695 38646 35602 41744 17862 7214 34096 9992 62450 5762 23882 5548 3476 24104 19988 4930 17520 12256 7788 10648 15564 5419 2286 773 1513
is_linear=0
shrinkage=0.05


Tree=21
num_leaves=31
num_cat=0
split_feature=29 4 29 24 29 11 28 21 27 23 15 19 13 15 19 5 4 24 28 24 24 21 13 22 29 29 24 29 27 21
split_gain=282.466 129.657 76.1646 54.229 32.0076 30.21 26.1849 24.8097 23.177 21.3341 19.8049 16.2467 17.3947 21.434 14.552 14.442 13.748 24.7328 12.5676 12.3547 12.4763 10.7539 10.6169 9.89647 9.85712 10.2787 9.73577 21.2505 9.49955 11.6384
threshold=-0.54786112144431576 0.19106950438603915 0.8194000712106887 14.500000000000002 -0.14093016171411588 0.21937767880960984 17.500000000000004 31.500000000000004 17.500000000000004 1.5000000000000002 2.5000000000000004 18.064488651531587 0.19641428097657501 4.5000000000000009 24.408271411407821 3.6796983145944195 -0.5230896941165869 4.5000000000000009 28.500000000000004 6.5000000000000009 10.500000000000002 48.000000000000007 0.20758951056781663 2.5000000000000004 0.006879990237007339 -0.079601987813108552 8.5000000000000018 -1.7690543140210224 29.500000000000004 35.500000000000007
decision_type=2 2 2 2 2 2 2 2 2 2 2 2 2 2 2 2 2 2 2 2 2 2 2 2 2 2 2 2 2 2
left_child=3 2 4 6 11 22 14 26 -6 -3 23 -2 -13 -14 -1 -11 17 -4 24 -19 -21 -9 -5 -7 25 -10 -8 -28 -16 -30
right_child=1 9 16 5 8 10 7 21 18 15 -12 12 13 -15 28 -17 -18 19 -20 20 -22 -23 -24 -25 -26 -27 27 -29 29 -31
leaf_value=0.0014003487736909273 0.0022946862792044376 0.0037032820699233883 -0.0104077454336267 0.0020018942072642151 0.0025983724332191895 -0.0072942540962353574 -0.010719515758037127 -0.0028973859541516628 0.0020593537570889674 0.0068731655790767628 -0.0024490663172230163 0.0011723288592086845 0.00056399695459231805 -0.0020527838272443488 -0.0023150370354575798 -0.0071525254727329603 -0.00094385411408422432 0.0021222392200018472 -0.0087893944389991728 -0.04101510125114368 -0.00091703404230911655 -0.029207381581257987 5.2169505340757814e-05 0.00048729599100864461 -0.068907588078626167 0.0038341505393093573 -0.086834388443222471 -0.018432594132765136 -0.040729609103466236 -0.00034669610012831798
leaf_weight=3862 18654 11364 969 7875 72662 825 2466 6530 7058 28849 10561 17566 13459 8564 7637 258 7196 1273 173 1481 1442 294 6803 8952 125 6179 2875 5195 1769 881
leaf_count=3862 18654 11364 969 7875 72662 825 2466 6530 7058 28849 10561 17566 13459 8564 7637 258 7196 1273 173 1481 1442 294 6803 8952 125 6179 2875 5195 1769 881
internal_value=0.0012688 0.00221892 0.00156769 -0.00154867 0.00189006 -0.000194482 -0.00305357 -0.00435484 0.00250189 0.00474204 -0.00144213 0.000984582 0.000411352 -0.000524678 -0.00145699 0.00545934 -0.00219926 -0.00416747 0.00440155 -0.00250477 -0.00429524 -0.00200615 0.00153427 0.000179504 0.00457491 0.00470688 -0.00587604 -0.00671623 -0.00243949 -0.00501887
internal_weight=263797 197272 156801 66525 144440 35016 31509 17360 86197 40471 20338 58243 39589 22023 14149 29107 12361 5165 13535 4196 2923 6824 14678 9777 13362 13237 10536 8070 10287 2650
internal_count=263797 197272 156801 66525 144440 35016 31509 17360 86197 40471 20338 58243 39589 22023 14149 29107 12361 5165 13535 4196 2923 6824 14678 9777 13362 13237 10536 8070 10287 2650
is_linear=0
shrinkage=0.05


Tree=22
num_leaves=31
num_cat=0
split_feature=18 4 29 18 19 26 12 29 17 27 21 22 23 26 17 22 22 26 18 19 28 18 22 29 21 29 28 21 4 17
split_gain=348.917 106.641 50.3309 38.2009 46.7294 34.6642 24.9004 24.1232 19.7938 17.2873 24.744 18.0128 15.7517 14.7589 14.4995 14.362 12.2407 15.7002 10.6659 11.1495 9.88905 9.88412 9.76698 9.75051 9.56106 8.40158 8.33429 8.14851 7.97574 7.82897
threshold=15.13058039051147 0.17254456956901179 -0.94655401024601937 29.679186642393145 57.682278571424497 1.0000000180025095e-35 0.17300818854721556 -2.1968687689319921 9.5000000000000018 16.500000000000004 31.500000000000004 16.500000000000004 1.5000000000000002 1.0000000180025095e-35 8.5000000000000018 11.500000000000002 8.5000000000000018 1.0000000180025095e-35 1.6749658239256511 34.419190296246192 18.500000000000004 5.0982681107840397 5.5000000000000009 -0.45011877452317312 37.500000000000007 0.15783422048040818 14.500000000000002 31.500000000000004 -0.37497390282451076 5.5000000000000009
decision_type=2 2 2 2 2 2 2 2 2 2 2 2 2 2 2 2 2 2 2 2 2 2 2 2 2 2 2 2 2 2
left_child=1 2 20 4 29 6 9 -6 16 24 11 -11 -3 15 18 -9 -5 25 22 21 -1 -20 -8 -15 -4 -18 -21 -22 -10 -2
right_child=3 12 5 8 7 -7 14 13 28 10 -12 -13 -14 23 -16 -17 17 -19 19 26 27 -23 -24 -25 -26 -27 -28 -29 -30 -31
leaf_value=0.00039249315952587238 -0.0014302966907451327 0.004068433807752566 0.0029887494278761657 -0.0043143242250580941 -0.063870664763477844 -0.00072356368182057882 0.0060850457298484567 -0.00042445371417162156 -0.011272173688433883 0.0051785728511901758 0.0020649145461539213 0.0026510328208851201 0.0065104440933628676 -0.013675741668126197 -0.0016247900500880677 0.0015686101470831417 -0.0010130554715062467 -0.013406624285394523 0.0022801995874301615 0.0027647566500198124 -0.033103755556191945 0.00033254184818030122 0.0027956805304878438 0.00021597049837186635 -0.00091352727553416701 -0.0091940700659314291 0.0013447707965674144 -0.00052012504177929939 -0.0035626372311553995 -0.0039051923100488308
leaf_weight=6125 5226 11717 27308 9275 1436 10682 1558 10065 2064 4225 6731 3717 30443 1316 3181 17521 17390 1047 38368 5066 3676 15133 7745 1461 1525 1746 4359 3177 1201 8877
leaf_count=6125 5226 11717 27308 9275 1436 10682 1558 10065 2064 4225 6731 3717 30443 1316 3181 17521 17390 1047 38368 5066 3676 15133 7745 1461 1525 1746 4359 3177 1201 8877
internal_value=0.00127265 0.00245994 0.00180669 -0.00151701 -0.000586466 0.00210397 0.00234905 0.000475959 -0.00282233 0.00330161 0.00469877 0.00658902 0.00466912 0.000775451 0.0017995 0.00112521 -0.00241293 -0.00172199 0.00194499 0.00171138 -0.00116197 0.00143203 0.00352521 -0.00269896 0.00259061 -0.0013958 0.00329708 -0.0024668 -0.00651608 -0.00298199
internal_weight=263361 184736 142576 78625 45902 129598 118916 31799 32723 43506 14673 7942 42160 30363 75410 27586 29458 20183 72229 62926 12978 53501 9303 2777 28833 19136 9425 6853 3265 14103
internal_count=263361 184736 142576 78625 45902 129598 118916 31799 32723 43506 14673 7942 42160 30363 75410 27586 29458 20183 72229 62926 12978 53501 9303 2777 28833 19136 9425 6853 3265 14103
is_linear=0
shrinkage=0.05


Tree=23
num_leaves=31
num_cat=0
split_feature=0 0 0 29 18 27 18 1 0 1 28 27 22 29 29 18 27 2 23 2 29 18 29 11 27 7 0 27 23 5
split_gain=390.371 136.031 42.3936 37.8075 25.4643 52.7904 24.7671 30.758 18.4766 15.5967 15.0709 23.7934 12.6857 12.1806 16.7267 10.3584 10.2939 10.1682 10.4037 9.94114 9.56067 9.41015 9.36545 9.25185 9.08975 8.81362 8.5174 8.62995 8.27537 7.98255
threshold=4.7324720776733296 5.3011333813679853 4.4439066730957402 -1.409456967099425 16.122118396709503 13.500000000000002 19.214014412006815 229.00000000000003 5.0517303177099064 149.00000000000003 12.500000000000002 27.500000000000004 15.500000000000002 0.006879990237007339 -0.10995315093910753 11.664501020531697 29.500000000000004 0.093126783423842688 1.5000000000000002 -1.5310981106558179 0.051237293850239694 4.3614363920232879 -0.10083933790174561 0.2239382755115886 6.5000000000000009 0.8166267906501411 4.6245658589774434 5.5000000000000009 5.5000000000000009 1.343568312283745
decision_type=2 2 2 2 2 2 2 2 2 2 2 2 2 2 2 2 2 2 2 2 2 2 2 2 2 2 2 2 2 2
left_child=2 3 25 24 5 21 7 -4 20 13 11 23 15 14 -7 16 -11 28 -19 -8 22 -5 -6 -9 29 -1 27 -21 -3 -2
right_child=1 17 6 4 8 9 19 10 -10 12 -12 -13 -14 -15 -16 -17 -18 18 -20 26 -22 -23 -24 -25 -26 -27 -28 -29 -30 -31
leaf_value=-0.0072976390078740017 -0.010002748573336299 0.0042108816857110484 -0.0020562595598230568 0.0021673664067567082 -0.0001699294778341629 0.0027542506507672176 -0.0013239798285121244 0.0052452918064695752 0.0018864254243884473 0.0037950287926449364 -0.00049240679742974542 -0.00178900640843369 0.0007320296211445758 0.00097079627654940047 0.0039230452426219555 0.00063016259727190248 0.00083624137042965499 0.0040677823442315788 0.0059101617716825691 -0.027274634402004602 -0.0036636318101990251 0.00091191195875292997 0.0024982497937987339 0.001594225522595879 -0.0010192426563661778 -0.01380442707665016 -0.0031798768939312397 -0.0043549466795885063 -0.00060391593969299291 -0.057715995831331274
leaf_weight=2768 1548 10534 14265 45429 20564 8730 5550 1583 6287 3132 3202 1115 6395 1840 5427 1872 1117 13026 33408 1191 2758 33569 2096 1013 5724 1397 16124 8287 1652 1602
leaf_count=2768 1548 10534 14265 45429 20564 8730 5550 1583 6287 3132 3202 1115 6395 1840 5427 1872 1117 13026 33408 1191 2758 33569 2096 1013 5724 1397 16124 8287 1652 1602
internal_value=0.00118529 0.00219196 -0.00249801 0.00138497 0.00158667 0.00195389 -0.0021116 -0.000792331 0.000341429 0.00379809 0.00194489 0.00411345 0.00247603 0.00483247 0.00532987 0.00410309 0.00546835 0.00423064 0.00456799 -0.00300847 -0.000258871 0.00128826 7.94357e-05 0.00673729 -0.00177935 -0.00735294 -0.00342434 -0.00461384 0.00294518 -0.00393651
internal_weight=263205 206710 56495 148090 139216 107511 52330 21178 31705 28513 6913 3711 12516 15997 14157 6121 4249 58620 46434 31152 25418 78998 22660 2596 8874 4165 25602 9478 12186 3150
internal_count=263205 206710 56495 148090 139216 107511 52330 21178 31705 28513 6913 3711 12516 15997 14157 6121 4249 58620 46434 31152 25418 78998 22660 2596 8874 4165 25602 9478 12186 3150
is_linear=0
shrinkage=0.05


Tree=24
num_leaves=31
num_cat=0
split_feature=0 0 24 0 1 29 27 21 24 24 0 24 24 20 29 29 27 21 24 24 27 29 24 0 1 29 24 10 24 17
split_gain=333.609 116.887 54.5523 38.265 34.3353 33.3714 33.0766 18.9588 29.1335 41.4213 17.4911 16.9472 43.799 24.8351 17.4766 16.7321 19.155 21.3616 18.7471 16.4897 14.8949 14.331 12.581 12.3663 12.4254 11.2109 11.107 9.4051 8.91443 8.83566
threshold=4.7482908581751948 5.3011333813679853 14.500000000000002 4.6098625740792736 145.00000000000003 -0.50430115810215981 14.500000000000002 33.500000000000007 14.500000000000002 6.5000000000000009 4.3895594239587075 2.5000000000000004 9.5000000000000018 0.031137982242544479 -2.5608938885402721 0.33712623919258983 20.500000000000004 32.500000000000007 6.5000000000000009 6.5000000000000009 22.500000000000004 -1.8577800261288111 6.5000000000000009 5.1089575002527212 125.00000000000001 -1.1894795493740016 7.5000000000000009 0.91666666666666685 10.500000000000002 4.5000000000000009
decision_type=2 2 2 2 2 2 2 2 2 2 2 2 2 2 2 2 2 2 2 2 2 2 2 2 2 2 2 2 2 2
left_child=3 2 5 10 6 23 27 8 9 20 -1 -12 13 19 -14 16 -7 18 -18 -13 -5 -9 -3 24 -2 -22 -23 -4 -20 -10
right_child=1 22 4 7 -6 15 -8 21 29 -11 11 12 14 -15 -16 -17 17 -19 28 -21 25 26 -24 -25 -26 -27 -28 -29 -30 -31
leaf_value=-0.010953795050891032 -0.029288375637714956 0.0030254314274818848 0.0015202978539258594 -0.0044228075817640466 0.0011820963084587994 0.00113707485475916 0.0031048583093862062 0.0017347094483777222 0.0015083861519192016 -0.036571324756954855 0.0014682489074967506 0.0028657374911305296 -0.15185715217559959 -0.031324062495332781 -0.0022894568976033285 -0.00099125739348824345 0.0037877108241392444 -1.261051630471841e-05 -0.037131516870491259 -0.037767861979413522 -0.0154953557612843 -0.0085472628411498823 0.0051997067910721081 0.0014333712136106996 -0.0022543392490694289 0.0022434757399475615 -0.0020911572827688497 0.0026278647593240534 0.0051419133162390589 -7.0183381263198003e-05
leaf_weight=2029 2919 10799 9918 1771 50465 27734 10631 1338 6558 6608 1462 587 361 1644 14362 9208 4099 2324 326 455 181 1429 47987 3611 12554 3254 7661 9690 281 11959
leaf_count=2029 2919 10799 9918 1771 50465 27734 10631 1338 6558 6608 1462 587 361 1644 14362 9208 4099 2324 326 455 181 1429 47987 3611 12554 3254 7661 9690 281 11959
internal_value=0.00118213 0.00216242 0.00139434 -0.00203806 0.00225528 0.000292439 0.00358759 -0.00114613 -0.00051383 -0.00245387 -0.00377751 -0.00330322 -0.00373743 -0.00960908 -0.00266624 0.00105021 0.00155218 0.00388336 0.00582023 -0.00357006 0.000881676 -0.00298523 0.00404076 -0.00145357 -0.00206844 0.00280204 -0.00369637 0.00236995 -0.00238056 0.00072393
internal_weight=264205 202546 143760 61659 80704 63056 30239 40759 30331 11814 20900 18871 17409 2686 14723 43972 34764 7030 4706 1042 5206 10428 58786 19084 15473 3435 9090 19608 607 18517
internal_count=264205 202546 143760 61659 80704 63056 30239 40759 30331 11814 20900 18871 17409 2686 14723 43972 34764 7030 4706 1042 5206 10428 58786 19084 15473 3435 9090 19608 607 18517
is_linear=0
shrinkage=0.05


Tree=25
num_leaves=31
num_cat=0
split_feature=0 0 24 28 0 1 27 24 27 29 29 29 24 24 24 17 0 3 23 0 27 6 24 23 17 14 0 17 11 29
split_gain=305.963 104.895 43.5643 37.7054 36.0321 22.4413 39.8886 20.3876 27.9568 18.6286 22.2679 26.0903 17.9886 15.2691 18.7446 14.3198 13.5557 12.2286 16.48 12.0082 11.6509 11.6409 14.9809 10.4702 13.3009 9.78836 9.76795 9.42436 8.36287 8.39651
threshold=4.7512206636374144 5.3011333813679853 12.500000000000002 11.500000000000002 4.5208249664032918 149.00000000000003 14.500000000000002 8.5000000000000018 7.5000000000000009 -0.71934583574906996 0.12843151119100638 -0.17157768899314454 14.500000000000002 9.5000000000000018 2.5000000000000004 5.5000000000000009 4.3036100609115797 0.17960801658511008 1.5000000000000002 5.1022775351308658 30.500000000000004 0.077457843849513305 6.5000000000000009 5.5000000000000009 4.5000000000000009 6.5393900661949003 4.6603476403907047 4.5000000000000009 0.25441028021184392 -2.0687998472287839
decision_type=2 2 2 2 2 2 2 2 2 2 2 2 2 2 2 2 2 2 2 2 2 2 2 2 2 2 2 2 2 2
left_child=4 2 3 20 13 6 -4 -5 19 12 11 15 26 14 -1 -11 -15 23 -19 -9 21 22 -2 -3 -25 -23 -6 -7 -14 -30
right_child=1 17 5 7 9 27 -8 8 -10 10 -12 -13 28 16 -16 -17 -18 18 -20 -21 -22 25 -24 24 -26 -27 -28 -29 29 -31
leaf_value=-0.0023944993917212882 0.0059643638421656153 0.0041370678461144887 0.0018625544984875353 -0.000112196849001656 -0.020957822328503406 0.0022250500123648645 0.0028301492299369975 -0.049331729473360203 0.00035472689551892624 0.0003379706102891418 -0.0070406831818341804 0.0017968336813711243 0.00034575510105738647 -0.013106630864122035 -0.036970040450482924 -0.0018211041970184879 -0.0031996274753207932 0.0033398398575501657 0.0057795426681934723 0.005040733650068803 -0.0028532211649418713 0.0013599386701321908 -0.025475956470949634 -0.018400524109077717 0.0047092683863625782 0.004088333919509103 -0.0073344919428276131 0.0003346757546273053 0.0033913330817450546 -0.0019896243309517549
leaf_weight=694 994 12185 24263 10237 4354 33437 12537 4045 2805 10096 4140 6687 4998 875 959 9477 5777 12607 32345 339 2331 31474 319 821 1097 727 6218 18733 451 7706
leaf_count=694 994 12185 24263 10237 4354 33437 12537 4045 2805 10096 4140 6687 4998 875 959 9477 5777 12607 32345 339 2331 31474 319 821 1097 727 6218 18733 451 7706
internal_value=0.00122691 0.00217535 0.00143992 0.000309081 -0.00183111 0.00211701 0.0030625 -0.00159876 -0.00363959 -0.0013606 -0.000541118 -3.80748e-06 -0.00241054 -0.00489765 -0.00919843 -0.000924998 -0.00382892 0.00394675 0.00434975 -0.00613367 0.00123657 0.00147431 0.00608911 0.0026622 -0.000771637 0.00128614 -0.00394627 0.00145007 -0.00117636 -0.00216317
internal_weight=263728 201296 142241 53271 62432 88970 36800 17426 7189 54127 30400 26260 23727 8305 1653 19573 6652 59055 44952 4384 35845 33514 1313 14103 1918 32201 10572 52170 13155 8157
internal_count=263728 201296 142241 53271 62432 88970 36800 17426 7189 54127 30400 26260 23727 8305 1653 19573 6652 59055 44952 4384 35845 33514 1313 14103 1918 32201 10572 52170 13155 8157
is_linear=0
shrinkage=0.05


Tree=26
num_leaves=31
num_cat=0
split_feature=0 0 26 0 26 29 18 27 18 21 25 21 1 22 1 0 3 23 23 21 29 29 29 29 22 29 0 18 27 29
split_gain=296.447 101.773 48.9869 38.8927 30.8417 25.9694 23.9012 22.8792 38.8622 24.8059 19.9881 14.6941 14.5716 13.0572 13.6323 12.6342 11.6345 14.2145 11.626 10.9445 12.5433 12.6539 11.6302 10.0778 9.94964 9.19603 8.8799 8.61649 8.34215 8.20891
threshold=4.7640480011832471 5.3011333813679853 1.0000000180025095e-35 4.4674786937065862 1.0000000180025095e-35 -1.3267258088422953 15.61597331111186 14.500000000000002 13.217980032204883 32.500000000000007 1.0000000180025095e-35 31.500000000000004 233.00000000000003 16.500000000000004 137.00000000000003 5.0146537794266903 0.23955479830745183 1.5000000000000002 1.0000000180025095e-35 35.500000000000007 -2.5608938885402721 0.069507765043610711 -0.16654116319873338 -1.691767014093873 12.500000000000002 0.34574269584979694 4.6098625740792736 54.342627197387607 18.500000000000004 -2.3675210365522781
decision_type=2 2 2 2 2 2 2 2 2 2 2 2 2 2 2 2 2 2 2 2 2 2 2 2 2 2 2 2 2 2
left_child=3 2 5 -1 6 -2 10 25 9 13 -5 12 -12 -9 -15 -11 18 -18 -3 20 26 22 27 -21 -10 -7 -8 -22 -14 -6
right_child=1 16 -4 4 29 7 19 8 24 15 11 -13 28 14 -16 -17 17 -19 -20 23 21 -23 -24 -25 -26 -27 -28 -29 -30 -31
leaf_value=-0.0071790958917083807 -0.0034421643291953916 0.0069634708537857255 -0.0018775565965673821 -0.00068015328824362576 -0.12325745030112079 0.0016927156782756891 -0.15571314281698981 0.0041041372783054775 -0.00050669699341651545 9.7993252770754043e-05 0.0010294015087544404 -0.00016013726003773115 -0.00046787793892335276 0.0035688226131355759 0.0010619142051549973 0.0023288544901190291 0.0033627069688560839 0.0056363852647912903 0.0029004792248765693 0.00095705329417376881 -0.0010282999144268765 -0.010832575124799812 0.0012622688027605915 -0.0037925554205047924 0.001399907740346385 -0.0002234397992622816 -0.061519451091080771 -0.0032690874162827539 0.0048262731930463895 -0.010652324346684623
leaf_weight=5227 7635 2459 12010 13391 131 74530 318 5327 5670 3721 1607 2256 221 3189 2819 4406 11632 30030 14775 939 21602 2634 4110 4667 11104 7749 1418 3988 1484 2791
leaf_count=5227 7635 2459 12010 13391 131 74530 318 5327 5670 3721 1607 2256 221 3189 2819 4406 11632 30030 14775 939 21602 2634 4110 4667 11104 7749 1418 3988 1484 2791
internal_value=0.00118557 0.00216126 0.00141937 -0.00169337 -0.00134176 0.00170987 -0.00109192 0.00189196 0.00293879 0.00445895 0.000368427 0.00288614 0.00500604 0.00597045 0.0043725 0.00235081 0.00390162 0.00435361 0.00280898 -0.00178975 -0.00145289 -0.00123059 -0.000936026 -0.00383696 0.00117503 0.00143092 -0.00559332 -0.00133255 0.00822581 -0.00635524
internal_weight=263840 197056 138160 66784 61557 126150 58635 118515 36236 19462 18959 5568 3312 11335 6008 8127 58896 41662 17234 39676 34070 32334 29700 5606 16774 82279 1736 25590 1705 2922
internal_count=263840 197056 138160 66784 61557 126150 58635 118515 36236 19462 18959 5568 3312 11335 6008 8127 58896 41662 17234 39676 34070 32334 29700 5606 16774 82279 1736 25590 1705 2922
is_linear=0
shrinkage=0.05


Tree=27
num_leaves=31
num_cat=0
split_feature=0 0 0 24 26 27 29 29 21 24 20 26 21 0 26 27 24 24 20 29 24 3 23 23 23 1 23 29 5 8
split_gain=266.941 71.224 59.9428 33.1564 33.6715 32.8616 31.6986 28.8991 29.6747 21.4416 20.0792 17.9669 17.5396 17.0334 15.4441 14.1645 12.0637 36.8397 20.5752 15.2046 12.7974 11.4463 11.6415 11.4183 17.8291 15.1006 12.6018 10.9885 10.8509 9.97922
threshold=4.8935427106932758 5.446138084545372 4.6098625740792736 12.500000000000002 1.0000000180025095e-35 14.500000000000002 -0.54786112144431576 0.051237293850239694 33.500000000000007 14.500000000000002 0.81136725302130219 1.0000000180025095e-35 32.500000000000007 4.4236054436470065 1.0000000180025095e-35 22.500000000000004 2.5000000000000004 9.5000000000000018 0.031137982242544479 -2.8294749043545768 7.5000000000000009 0.070466364595715661 1.5000000000000002 1.5000000000000002 2.5000000000000004 257.00000000000006 5.5000000000000009 -0.43523374887946648 0.82076849548864261 0.35467846047183266
decision_type=2 2 2 2 2 2 2 2 2 2 2 2 2 2 2 2 2 2 2 2 2 2 2 2 2 2 2 2 2 2
left_child=2 3 13 27 5 29 9 8 15 11 -7 -4 -11 -1 16 -8 -15 18 20 -19 -18 23 -23 -3 25 -25 -26 -2 -28 -5
right_child=1 21 6 4 -6 10 7 -9 -10 12 -12 -13 -14 14 -16 -17 17 19 -20 -21 -22 22 -24 24 26 -27 28 -29 -30 -31
leaf_value=-0.0089312265205791323 -0.0013335665096816671 0.0049029973557220136 -0.0060348637257992936 0.0021416815541391182 -0.00095693505844841637 0.0030457973688914675 0.0010918761575803148 -0.0044114000648347541 -0.0013783979227381233 0.00056200581402362918 0.00091577829413234013 -0.035541699431200439 -0.0013585687888297403 0.0015236727565519916 -0.020597056180206113 0.0021928933116738144 0.0010441079093376569 -0.15375781990948306 -0.027644523934958157 -0.0014093746153163234 -0.10696543035042089 0.003351292752721999 0.004887524803303356 -0.0035121543954049609 0.0041429842786793606 -0.087588035720374269 -0.020612001058547429 0.00097149457537233142 0.0046243416458637528 0.0021603876782351305
leaf_weight=3093 11181 2634 16156 14284 8211 9065 16833 5898 4768 14430 4669 971 7754 1350 651 7042 745 241 1560 12909 310 13626 34893 1230 4043 88 700 30999 591 32881
leaf_count=3093 11181 2634 16156 14284 8211 9065 16833 5898 4768 14430 4669 971 7754 1350 651 7042 745 241 1560 12909 310 13626 34893 1230 4043 88 700 30999 591 32881
internal_value=0.00110911 0.00229945 -0.00101609 0.00155989 0.00223412 0.00263937 -0.000347586 0.000757506 0.00141378 -0.00131859 0.00479176 -0.00264757 -0.000292553 -0.00338295 -0.00278678 0.00213298 -0.00249927 -0.00288773 -0.00830784 -0.00180989 -0.00291469 0.00372329 0.0040311 0.00211501 0.00101173 -0.00419575 0.00229846 0.000455193 -0.00200232 0.00201262
internal_weight=263806 169095 94711 111290 69110 60899 73852 34541 28643 39311 13734 17127 22184 20859 17766 23875 17115 15765 2615 13150 1055 57805 48519 9286 6652 1318 5334 42180 1291 47165
internal_count=263806 169095 94711 111290 69110 60899 73852 34541 28643 39311 13734 17127 22184 20859 17766 23875 17115 15765 2615 13150 1055 57805 48519 9286 6652 1318 5334 42180 1291 47165
is_linear=0
shrinkage=0.05


Tree=28
num_leaves=31
num_cat=0
split_feature=0 0 26 24 0 18 28 1 27 28 21 1 24 27 21 18 19 18 24 24 3 23 26 24 24 0 26 28 24 27
split_gain=227.09 80.1515 45.5818 48.4792 32.9071 25.3462 22.2708 20.9758 30.6504 18.0777 22.2024 21.7901 13.1292 22.4386 20.3044 19.1541 13.5495 12.2703 11.2234 10.133 9.54546 12.0283 9.45554 9.32946 21.3359 10.4079 9.19288 8.99216 8.63723 23.0534
threshold=4.7640480011832471 5.446138084545372 1.0000000180025095e-35 12.500000000000002 4.5402900480898207 22.615139966694489 10.500000000000002 153.00000000000003 14.500000000000002 19.500000000000004 31.500000000000004 253.00000000000003 5.5000000000000009 22.500000000000004 34.500000000000007 16.122118396709503 12.990775911019623 5.6117468613232733 11.500000000000002 6.5000000000000009 0.23955479830745183 1.5000000000000002 1.0000000180025095e-35 9.5000000000000018 2.5000000000000004 4.3036100609115797 1.0000000180025095e-35 16.500000000000004 8.5000000000000018 7.5000000000000009
decision_type=2 2 2 2 2 2 2 2 2 2 2 2 2 2 2 2 2 2 2 2 2 2 2 2 2 2 2 2 2 2
left_child=4 2 3 6 17 9 12 8 -5 10 11 -6 13 -2 15 -15 -14 -1 27 -3 -21 -22 -11 24 -19 -25 -20 -7 -8 -30
right_child=1 19 -4 7 5 18 28 -9 -10 22 -12 -13 16 14 -16 -17 -18 23 26 20 21 -23 -24 25 -26 -27 -28 -29 29 -31
leaf_value=0.0020272114498847342 0.0010534509695974384 0.0023554675713246733 -0.0020021493149976251 0.002012137168827225 0.00072693942507261059 -0.004702549099577626 -0.00018966480319471346 0.0013984741454343547 0.0025208478027448043 -0.0021119360360987304 -0.0012446650517344479 0.0033553718613284315 0.0017780696735195209 0.0039068761649227483 -0.0017152529565006927 0.0011263282041191641 -0.0021801801136239157 -0.00096651727197389833 -0.00097493959027280099 0.0036113719947506902 0.0032801659964791815 0.0057264142529872856 -0.033141588172886205 -0.012685448356147331 -0.032494931501721745 -0.0033129162113780192 -0.0099358555899307071 -0.028437566558717473 -0.042647607863400161 0.001815881728702867
leaf_weight=896 10484 10563 12051 21351 10056 4972 10279 43383 11902 8571 5859 2726 9709 3597 774 1593 7993 738 18834 13484 9690 23902 330 771 1105 6887 1360 3499 3644 2485
leaf_count=896 10484 10563 12051 21351 10056 4972 10279 43383 11902 8571 5859 2726 9709 3597 774 1593 7993 738 18834 13484 9690 23902 330 771 1105 6887 1360 3499 3644 2485
internal_value=0.00112157 0.00197533 0.00132626 0.00160471 -0.00140217 -0.000924173 0.000402904 0.00239757 0.00334241 0.00015903 0.0010442 0.00221249 0.00113031 0.00214737 0.00459591 0.00572254 0.00018529 -0.00398625 -0.00196494 0.00354335 0.00385738 0.00430847 -0.00169475 -0.00451373 -0.00770754 -0.0037451 -0.00132416 -0.0034925 -0.00111104 -0.00259667
internal_weight=263488 196884 139245 127194 66604 56207 50558 76636 33253 27542 18641 12782 34150 16448 5964 5190 17702 10397 28665 57639 47076 33592 8901 9501 1843 7658 20194 8471 16408 6129
internal_count=263488 196884 139245 127194 66604 56207 50558 76636 33253 27542 18641 12782 34150 16448 5964 5190 17702 10397 28665 57639 47076 33592 8901 9501 1843 7658 20194 8471 16408 6129
is_linear=0
shrinkage=0.05


Tree=29
num_leaves=31
num_cat=0
split_feature=0 4 26 0 18 26 18 1 21 29 21 28 21 28 18 0 0 1 22 0 0 22 18 29 0 18 3 12 22 0
split_gain=215.671 88.9681 35.0414 29.4634 22.2152 21.5816 15.5653 15.9477 19.1184 15.5272 15.9016 27.0381 21.0373 15.1092 15.0027 14.838 13.4665 12.0583 10.9557 10.852 10.0933 9.78739 9.53031 9.15297 9.11777 8.0618 7.49603 6.73646 6.39152 6.38351
threshold=4.7324720776733296 0.19106950438603915 1.0000000180025095e-35 4.5208249664032918 15.849253963480669 1.0000000180025095e-35 19.214014412006815 233.00000000000003 31.500000000000004 -1.6214020128300053 3.5000000000000004 15.500000000000002 32.500000000000007 12.500000000000002 4.0769321009409785 5.0085047394125981 5.0258752632043366 145.00000000000003 8.5000000000000018 5.0321893123531218 4.9296208115160445 19.500000000000004 1.5214452982081119 0.50996145482694988 4.3036100609115797 11.475555918351697 0.083415534536859834 0.13691784394360254 13.500000000000002 5.2045861615751123
decision_type=2 2 2 2 2 2 2 2 2 2 2 2 2 2 2 2 2 2 2 2 2 2 2 2 2 2 2 2 2 2
left_child=3 2 4 22 9 6 7 -5 13 -2 14 12 17 27 29 26 -6 23 -8 -13 -4 25 28 -12 -24 -19 -14 -9 -1 -11
right_child=1 -3 20 5 16 -7 18 8 -10 10 11 19 15 -15 -16 -17 -18 21 -20 -21 -22 -23 24 -25 -26 -27 -28 -29 -30 -31
leaf_value=0.018882012952874439 -0.0076714475010350308 0.0042151187706533184 -0.0051691186705498963 -0.00075194025316269956 -6.7153472529505174e-05 -0.010650250320244289 -0.003347123372747899 0.0062241652022357067 -0.00092378710020522316 0.00080163955350133649 0.0033780096245091978 0.00061613330848054801 0.00014853113991224632 0.00051365201460648212 0.00081169670876468268 0.0022236110689341096 0.0014662590845024213 0.0035607731676093888 -0.0011142377996740658 0.0018971956566807122 -0.0002045270120642549 0.0009051757343615125 -0.013202228967504873 0.0013496479211207552 -0.0049277680220439829 0.0010750733177189685 -0.034645504258045114 0.0025730682708021597 -0.0047862754577315571 0.0029713285607357591
leaf_weight=223 3516 40787 3719 11999 25884 2246 8926 876 2677 5906 6974 13455 3094 1407 24034 3911 7357 2986 18472 6403 10542 3366 933 720 6987 1432 350 1363 248 43019
leaf_count=223 3516 40787 3719 11999 25884 2246 8926 876 2677 5906 6974 13455 3094 1407 24034 3911 7357 2986 18472 6403 10542 3366 933 720 6987 1432 350 1363 248 43019
internal_value=0.00114601 0.00189113 0.00137891 -0.00159687 0.00160068 -0.00111871 -0.000883639 0.000244515 0.00227661 0.00191951 0.00201902 0.00278548 0.00395896 0.00463247 0.00157054 0.00175731 0.000457718 0.00500517 -0.00163808 0.0014362 -0.000991164 0.00361768 -0.00433023 0.00640889 -0.00474116 0.00516523 -0.000635888 0.00718401 0.00257962 0.00207307
internal_weight=263812 207455 166668 56357 152407 47966 45720 18322 6323 119166 115650 42691 22833 3646 72959 7355 33241 15478 27398 19858 14261 7784 8391 7694 7920 4418 3444 2239 471 48925
internal_count=263812 207455 166668 56357 152407 47966 45720 18322 6323 119166 115650 42691 22833 3646 72959 7355 33241 15478 27398 19858 14261 7784 8391 7694 7920 4418 3444 2239 471 48925
is_linear=0
shrinkage=0.05


Tree=30
num_leaves=31
num_cat=0
split_feature=0 0 24 26 28 0 1 27 24 21 0 18 1 21 24 27 21 18 0 24 24 27 3 23 27 24 27 23 23 1
split_gain=194.101 86.532 40.178 39.4787 32.8843 24.9929 22.7471 30.8255 15.7671 29.0683 19.8379 15.0763 13.8734 16.279 13.6405 25.8391 29.0408 23.1322 18.8873 13.6372 17.5689 12.7319 12.2155 13.8893 11.8202 11.2088 10.775 10.6456 19.2054 17.4281
threshold=4.725996250845899 5.446138084545372 12.500000000000002 1.0000000180025095e-35 11.500000000000002 4.5311910660572687 141.00000000000003 14.500000000000002 8.5000000000000018 33.500000000000007 5.1022775351308658 19.214014412006815 257.00000000000006 31.500000000000004 6.5000000000000009 22.500000000000004 34.500000000000007 13.217980032204883 5.0517303177099064 9.5000000000000018 2.5000000000000004 17.500000000000004 0.17960801658511008 1.5000000000000002 10.500000000000002 11.500000000000002 2.5000000000000004 1.5000000000000002 2.5000000000000004 273.00000000000006
decision_type=2 2 2 2 2 2 2 2 2 2 2 2 2 2 2 2 2 2 2 2 2 2 2 2 2 2 2 2 2 2
left_child=5 2 4 6 14 19 7 -4 26 10 24 12 -7 21 15 -2 17 -17 -16 20 -1 -14 27 -24 25 -10 -6 -3 29 -29
right_child=1 22 3 -5 8 11 -8 -9 9 -11 -12 -13 13 -15 18 16 -18 -19 -20 -21 -22 -23 23 -25 -26 -27 -28 28 -30 -31
leaf_value=-0.0017490161354439962 0.00052848464581047646 0.004774861380347128 0.0019739189954801973 -0.0011584657892576436 0.0039748129442704833 -0.00054929662471304053 0.0012510499613593107 0.0025132948593852107 -0.0602542307844465 0.0018648773295304644 0.0052024019083433612 -0.0022565210335084972 0.00023123085556680099 -0.00073744382688892924 -0.012490490338157488 0.0038836132237430182 -0.0026158788460571205 0.0013566089518297342 0.0011908774437571969 -0.0032383333606412902 -0.031005770473676076 0.0048184469636295404 0.0026496317858504923 0.0042485883526968259 0.0056392522960833254 -0.009738824727055409 -0.0010993359976744993 -0.0028395304976178951 0.0032456010759920172 -0.090090126476116014
leaf_weight=785 12692 3902 17713 10925 2081 14331 56712 9703 3385 2387 487 27013 632 1582 4269 4020 1146 3287 12279 7454 1126 1208 12421 31983 397 1211 8944 1864 7740 67
leaf_count=785 12692 3902 17713 10925 2081 14331 56712 9703 3385 2387 487 27013 632 1582 4269 4020 1146 3287 12279 7454 1126 1208 12421 31983 397 1211 8944 1864 7740 67
internal_value=0.00110197 0.00179126 0.0011631 0.00179105 0.000108245 -0.00156722 0.00215826 0.00334075 -0.00159433 -0.00330431 -0.00531022 -0.00107582 5.60475e-05 0.00291642 0.000961585 0.00180303 0.00394475 0.00510538 -0.000113608 -0.00391618 -0.00768446 0.00611413 0.00343421 0.00383547 -0.00624975 -0.00696475 -0.000374149 0.00212149 0.00123203 -0.0032289
internal_weight=263746 209615 151638 95053 56585 54131 84128 27416 18892 7867 5480 44766 17753 3422 37693 21145 8453 7307 16548 9365 1911 1840 57977 44404 4993 4596 11025 13573 9671 1931
internal_count=263746 209615 151638 95053 56585 54131 84128 27416 18892 7867 5480 44766 17753 3422 37693 21145 8453 7307 16548 9365 1911 1840 57977 44404 4993 4596 11025 13573 9671 1931
is_linear=0
shrinkage=0.05


Tree=31
num_leaves=31
num_cat=0
split_feature=18 4 0 29 27 0 0 23 1 0 26 29 29 24 0 26 24 24 24 24 28 24 29 27 22 24 24 22 27 22
split_gain=175.593 66.9382 41.3137 27.7247 26.9604 33.0404 23.5451 19.5647 15.5505 14.9847 15.2009 14.687 21.5639 13.2548 12.2836 12.0718 15.7744 11.5079 11.0475 20.6431 10.6852 10.0175 15.5835 9.90383 8.98597 8.60139 9.01281 8.27993 7.94499 15.0064
threshold=15.61597331111186 0.19106950438603915 4.6676560430519158 -1.6214020128300053 14.500000000000002 4.6098625740792736 5.0517303177099064 1.5000000000000002 257.00000000000006 5.2641583409578194 1.0000000180025095e-35 -0.11317512005879747 0.006879990237007339 10.500000000000002 4.3036100609115797 1.0000000180025095e-35 11.500000000000002 12.500000000000002 8.5000000000000018 11.500000000000002 17.500000000000004 8.5000000000000018 -1.4571161936178669 8.5000000000000018 18.500000000000004 1.5000000000000002 10.500000000000002 9.5000000000000018 27.500000000000004 15.500000000000002
decision_type=2 2 2 2 2 2 2 2 2 2 2 2 2 2 2 2 2 2 2 2 2 2 2 2 2 2 2 2 2 2
left_child=1 3 14 18 9 8 15 -3 25 10 13 20 -13 -5 -2 16 21 -8 -1 -20 28 24 -23 -16 -4 -6 -27 -18 29 -7
right_child=2 7 6 4 5 11 17 -9 -10 -11 -12 12 -14 -15 23 -17 27 -19 19 -21 -22 22 -24 -25 -26 26 -28 -29 -30 -31
leaf_value=0.00077327469688094294 -0.012834163713165595 0.0020003035292476775 -0.0028326933095232784 -0.00010704223188080667 0.0033210356004526476 0.002626106018671491 1.2304775886997969e-05 0.0042631396143495539 0.0062206292634242244 0.0024282183404215688 -0.0024651643919396692 0.0026773716287023636 0.0015573622395104111 0.001530038725955928 -0.013527272244903256 -0.0058577795649071476 -0.00070703536158863215 0.0020996784760252906 -0.064441638686918906 0.0017458318118743381 -0.00066411111709221624 -0.082024916311407556 -0.0042447261747346086 -0.0020327447512609384 0.00082019568588179766 -0.017958725016398319 -0.0018276697852459467 0.0006632243675161936 0.0008244743790434023 0.0011378041420532839
leaf_weight=2385 813 11304 5756 20600 308 6724 2875 29186 372 29798 6324 7491 3175 47894 4943 3320 8917 4352 1882 1149 1930 1562 2201 18958 4639 611 2911 18157 5795 7507
leaf_count=2385 813 11304 5756 20600 308 6724 2875 29186 372 29798 6324 7491 3175 47894 4943 3320 8917 4352 1882 1149 1930 1562 2201 18958 4639 611 2911 18157 5795 7507
internal_value=0.00106688 0.0018911 -0.000951786 0.00139484 0.00152927 0.00269281 -0.000148998 0.00369104 -0.00148025 0.00111971 0.000742068 0.00323034 0.00475249 0.000958625 -0.00263373 -0.000578425 -0.000344877 0.00249827 -0.00211595 -0.0041191 0.00249089 -0.00169727 -0.00390779 -0.00242814 -0.000897065 -0.0024282 -0.0031289 0.000362341 0.00283332 0.00346884
internal_weight=263839 187346 76493 146856 141440 36824 51779 40490 4202 104616 74818 32622 10666 68494 24714 44552 41232 7227 5416 3031 21956 14158 3763 23901 10395 3830 3522 27074 20026 14231
internal_count=263839 187346 76493 146856 141440 36824 51779 40490 4202 104616 74818 32622 10666 68494 24714 44552 41232 7227 5416 3031 21956 14158 3763 23901 10395 3830 3522 27074 20026 14231
is_linear=0
shrinkage=0.05


Tree=32
num_leaves=31
num_cat=0
split_feature=0 4 0 28 18 24 5 22 24 21 23 24 21 24 28 21 26 21 26 18 0 18 11 24 24 26 1 24 24 22
split_gain=168.466 60.994 37.2695 26.9559 31.6249 26.9119 25.3515 24.9312 21.0396 18.8316 17.3635 15.0933 24.1909 18.4289 13.5831 13.4231 11.959 11.2663 11.2165 11.1778 11.1083 11.1048 11.0573 11.0089 23.5938 12.8606 10.7299 24.7184 12.8211 9.74883
threshold=4.9041128417203437 0.19106950438603915 4.6344336593550848 17.500000000000004 13.003328952775066 12.500000000000002 0.98736738348680431 16.500000000000004 14.500000000000002 33.500000000000007 1.5000000000000002 8.5000000000000018 33.500000000000007 11.500000000000002 10.500000000000002 32.500000000000007 1.0000000180025095e-35 34.500000000000007 1.0000000180025095e-35 26.7162527832748 4.4236054436470065 2.413183686715783 0.14070212066875659 2.5000000000000004 10.500000000000002 1.0000000180025095e-35 157.00000000000003 9.5000000000000018 7.5000000000000009 3.5000000000000004
decision_type=2 2 2 2 2 2 2 2 2 2 2 2 2 2 2 2 2 2 2 2 2 2 2 2 2 2 2 2 2 2
left_child=2 5 20 4 7 14 -7 9 11 22 -3 -5 13 -13 -2 19 -15 -10 -8 29 -1 -11 -4 -22 26 -26 27 -25 -28 -6
right_child=1 10 3 8 15 6 18 -9 17 21 -12 12 -14 16 -16 -17 -18 -19 -20 -21 23 -23 -24 24 25 -27 28 -29 -30 -31
leaf_value=-0.0065244742658442795 0.0012826674504376821 0.0020432893925371519 0.0044516304635357894 -0.0009736381740605394 -0.0027723595800409995 0.0015766189721644467 0.002094262607283738 0.00025827121846953627 0.00076114658186723038 0.0040320863287207952 0.004028885202179029 -0.076332150964509432 0.0038398717850899773 -0.0032007107647499169 -0.001056237059478546 -0.001778708099990441 -0.024559105326148266 -0.0012241445966533725 0.00042248124395492803 -0.00088065507884589633 0.0014259063651085222 -0.0014226541045628846 0.0019050786855534002 -0.023810241821690364 -0.0010306925071473562 -0.016305488963145622 5.9887357511904125e-05 0.0081302484952046287 -0.10240267554114257 0.0013423450311312621
leaf_weight=3088 36686 11385 2869 5052 1248 58456 16960 6132 11722 762 29431 3243 1404 3191 11401 6790 567 4115 2707 9495 1787 1286 2739 1694 16471 897 1239 262 802 9980
leaf_count=3088 36686 11385 2869 5052 1248 58456 16960 6132 11722 762 29431 3243 1404 3191 11401 6790 567 4115 2707 9495 1787 1286 2739 1694 16471 897 1239 262 802 9980
internal_value=0.00105592 0.00201789 -0.000603345 -5.31139e-06 0.000817535 0.00147453 0.00204735 0.00277198 -0.00116543 0.00467477 0.00369806 -0.00261908 -0.00391731 -0.00511855 0.000543911 -0.000161923 -0.0027355 6.97739e-05 0.00360019 0.000470251 -0.00221227 0.00057129 0.00617332 -0.00183656 -0.00215188 -0.00135479 -0.00561546 -0.00826176 -0.00307937 0.00153812
internal_weight=263861 167026 96835 70595 41301 126210 78123 13788 29294 7656 40816 13457 8405 7001 48087 27513 3758 15837 19667 20723 26240 2048 5608 23152 21365 17368 3997 1956 2041 11228
internal_count=263861 167026 96835 70595 41301 126210 78123 13788 29294 7656 40816 13457 8405 7001 48087 27513 3758 15837 19667 20723 26240 2048 5608 23152 21365 17368 3997 1956 2041 11228
is_linear=0
shrinkage=0.05


Tree=33
num_leaves=31
num_cat=0
split_feature=18 0 0 26 24 29 0 11 27 24 21 0 3 23 23 23 0 22 26 24 23 24 2 24 24 21 29 27 0 0
split_gain=162.025 65.8083 35.9192 28.3013 28.0119 23.0399 21.3241 19.5181 14.4956 19.0825 27.7529 19.7725 12.989 12.865 12.1815 14.7107 11.642 11.5558 11.5216 12.7806 11.1679 9.96307 9.95888 9.33293 8.75505 13.5838 10.3238 8.83849 8.48679 8.35838
threshold=15.61597331111186 5.446138084545372 4.6676560430519158 1.0000000180025095e-35 17.500000000000004 -0.52198419176418642 5.0517303177099064 0.17307407652755583 20.500000000000004 6.5000000000000009 34.500000000000007 5.0258752632043366 0.094987420286011301 1.5000000000000002 1.5000000000000002 2.5000000000000004 4.4942943846592813 9.5000000000000018 1.0000000180025095e-35 11.500000000000002 3.5000000000000004 10.500000000000002 -1.5310981106558179 6.5000000000000009 8.5000000000000018 33.500000000000007 -2.1968687689319921 6.5000000000000009 4.7482908581751948 4.6603476403907047
decision_type=2 2 2 2 2 2 2 2 2 2 2 2 2 2 2 2 2 2 2 2 2 2 2 2 2 2 2 2 2 2
left_child=1 3 16 4 5 29 18 17 -7 10 -10 -11 14 -14 -3 -16 -2 -6 19 24 -17 -8 -9 -15 -4 26 -26 -28 -24 -1
right_child=2 12 6 -5 7 8 21 22 9 11 -12 -13 13 23 15 20 -18 -19 -20 -21 -22 -23 28 -25 25 -27 27 -29 -30 -31
leaf_value=-0.010504692882428996 -0.0056070153150657694 0.0043415331021188419 -0.0011596158704621996 -0.0017823155445964361 0.0028585911437985206 0.0010767803492311319 -0.00014441501104389123 0.0022191836648531686 0.0031304084209817758 -0.0074687056525224119 -0.0028508667609479475 0.0027415492362592494 0.0024058962875283703 0.0014835018525849602 -0.0096238299794860326 0.0047493929241635797 -0.0023250829039975786 0.0015616438133731212 -0.0057001344367721115 0.00024709661701390978 0.00057998149783822261 0.0019003398074939741 -0.00048476266827527319 0.0042869635151397524 -0.083986573865474951 0.0021311198919371334 -0.066666287624864248 -0.005871506536231523 0.0016162812634854689 -0.00063165372537451613
leaf_weight=2194 4676 3018 10470 10127 6219 37796 2418 2054 5536 1648 842 1320 13222 6447 1482 1480 20095 13049 3350 27066 4514 4795 4636 27514 724 866 940 1241 29902 14218
leaf_count=2194 4676 3018 10470 10127 6219 37796 2418 2054 5536 1648 842 1320 13222 6447 1482 1480 20095 13049 3350 27066 4514 4795 4636 27514 724 866 940 1241 29902 14218
internal_value=0.00104293 0.00183567 -0.000893581 0.00121016 0.00142538 0.00070743 -0.000145556 0.00224221 0.00126914 0.00303231 0.00457353 -0.000279649 0.00324055 0.00359441 0.00164951 0.000567149 -0.00245993 0.00353021 -0.000552992 -0.000324279 0.00167 0.00237696 0.001564 0.00410957 -0.00153676 -0.00360249 -0.00524096 -0.00352361 0.00136285 -0.000906044
internal_weight=263859 187218 76641 129541 119414 63554 51870 55860 47142 9346 6378 2968 57677 47183 10494 7476 24771 19268 44657 41307 5994 7213 36592 33961 14241 3771 2905 2181 34538 16412
internal_count=263859 187218 76641 129541 119414 63554 51870 55860 47142 9346 6378 2968 57677 47183 10494 7476 24771 19268 44657 41307 5994 7213 36592 33961 14241 3771 2905 2181 34538 16412
is_linear=0
shrinkage=0.05


Tree=34
num_leaves=31
num_cat=0
split_feature=18 0 0 27 0 0 26 22 1 27 18 27 29 3 24 23 6 18 0 26 24 24 24 24 27 24 24 23 17 23
split_gain=148.887 58.2161 32.9554 28.1083 20.7996 20.6181 16.1424 15.8546 22.3318 19.1477 15.5392 18.573 14.544 14.5384 13.8803 13.0626 11.8847 11.1787 10.5893 9.95757 11.141 9.51516 9.32684 8.9686 13.0308 8.82639 14.508 8.60669 12.401 10.1814
threshold=15.13058039051147 5.446138084545372 4.6603476403907047 11.500000000000002 5.0517303177099064 4.5486059994538381 1.0000000180025095e-35 16.500000000000004 153.00000000000003 27.500000000000004 1.2544728625078301 15.500000000000002 -0.51305018789241741 0.19396281470544016 10.500000000000002 1.5000000000000002 0.12497221675438545 1.390733452337042 4.4942943846592813 1.0000000180025095e-35 11.500000000000002 22.500000000000004 6.5000000000000009 8.5000000000000018 6.5000000000000009 11.500000000000002 8.5000000000000018 5.5000000000000009 4.5000000000000009 4.5000000000000009
decision_type=2 2 2 2 2 2 2 2 2 2 2 2 2 2 2 2 2 2 2 2 2 2 2 2 2 2 2 2 2 2
left_child=1 3 18 6 19 -5 12 9 -9 10 11 -7 25 27 -6 -15 -12 -11 -2 20 23 -18 -17 -4 -25 26 -1 29 -29 -3
right_child=2 13 4 5 14 7 -8 8 -10 17 16 -13 -14 15 -16 22 21 -19 -20 -21 -22 -23 -24 24 -26 -27 -28 28 -30 -31
leaf_value=-0.00011372886545633443 -0.0052113270449916822 0.0024113721226613257 -0.00083166625520061607 -0.0026055918739499107 -0.00056414165422166446 0.00041248135855290603 -0.0023322662095989813 0.0017311863996247998 -0.00016893036425596049 0.0036097256672590647 0.0048522210629141135 0.0073377671920759752 0.0014659689745457698 0.0021896254968295161 0.0018609696451079402 0.0014249126390354116 0.0012468146840003589 0.00022026833368421548 -0.0020601856042637826 -0.0057375834500359071 0.00022697928722541073 0.0021940265737815565 0.0043692846012515557 -0.066474385025207625 -0.0037150037643073675 0.00047715426284708251 -0.04167984512258241 -0.02016972619581419 0.0030232602886574159 0.0045998210091096701
leaf_weight=3454 4808 10151 11035 2331 2608 386 7032 11026 9478 1618 1312 876 65160 12307 5145 6011 5895 5473 18986 3501 28659 5058 25428 1637 2381 5918 2235 777 1125 2096
leaf_count=3454 4808 10151 11035 2331 2608 386 7032 11026 9478 1618 1312 876 65160 12307 5145 6011 5895 5473 18986 3501 28659 5058 25428 1637 2381 5918 2235 777 1125 2096
internal_value=0.00105588 0.00183047 -0.000764982 0.00123244 -9.20563e-05 0.0022644 0.000697324 0.00252371 0.00153921 0.00350277 0.00460597 0.00988907 0.000907357 0.00314492 0.00230814 0.00359553 0.00406237 0.00139825 -0.00231949 -0.0004862 -0.0002807 0.00352369 0.00413611 -0.00138212 -0.00340468 -0.00072327 -0.00212955 0.00175171 -0.0013775 0.00223769
internal_weight=263907 185147 78760 127252 54966 43453 83799 41122 20504 20618 13527 1262 76767 57895 7753 43746 12265 7091 23794 47213 43712 10953 31439 15053 4018 11607 5689 14149 1902 12247
internal_count=263907 185147 78760 127252 54966 43453 83799 41122 20504 20618 13527 1262 76767 57895 7753 43746 12265 7091 23794 47213 43712 10953 31439 15053 4018 11607 5689 14149 1902 12247
is_linear=0
shrinkage=0.05


Tree=35
num_leaves=31
num_cat=0
split_feature=18 4 0 27 21 0 22 18 0 0 26 22 23 6 0 26 27 5 27 1 15 29 2 29 22 18 21 21 27 29
split_gain=138.878 72.0781 33.5871 26.9262 35.1643 18.5956 16.6164 18.3127 15.4302 15.3637 14.5494 16.6872 14.5106 14.1743 12.0165 11.6378 10.587 10.2692 8.6022 8.58484 8.51384 8.31367 8.15778 7.88065 7.86964 8.91645 7.82297 7.72322 7.1847 6.83801
threshold=14.651114474945253 0.19106950438603915 5.0517303177099064 16.500000000000004 31.500000000000004 4.4439066730957402 18.500000000000004 1.4619438035331098 5.2581167805262305 5.0085047394125981 1.0000000180025095e-35 7.5000000000000009 1.5000000000000002 0.11614345024925386 4.7229765984487448 1.0000000180025095e-35 4.5000000000000009 0.62832612114087827 20.500000000000004 129.00000000000003 3.5000000000000004 -1.8577800261288111 -1.4491239931265272 -1.6214020128300053 20.500000000000004 1.390733452337042 33.500000000000007 33.500000000000007 26.500000000000004 -2.5608938885402721
decision_type=2 2 2 2 2 2 2 2 2 2 2 2 2 2 2 2 2 2 2 2 2 2 2 2 2 2 2 2 2 2
left_child=1 3 5 8 6 -2 7 -5 15 24 11 16 -3 -9 -8 23 26 -15 -18 -16 29 -12 -19 27 25 -6 -7 -1 -27 -13
right_child=2 12 -4 4 9 10 14 13 -10 -11 21 20 -14 17 19 -17 18 22 -20 -21 -22 -23 -24 -25 -26 28 -28 -29 -30 -31
leaf_value=-0.034048655650106813 -0.0054997960475844775 0.0020717724153137928 0.0013129788071246785 0.0065489400671396086 0.0036159403853132117 -0.052591758442481977 -0.0010889017336834445 0.0062123193728556231 0.0020081748176995515 0.0016107652137621624 -0.057957136553047184 -0.042146303979573703 0.0036746994511695041 -0.002646750054514483 0.002641562615391644 -0.0023145706543777657 -0.00080872351623606183 0.0037631533692186916 -0.0030955346192719237 0.00097129475605009735 -0.00089055346840367163 -0.0057138638363987311 0.0018284710471091392 0.00079917226322192495 -0.0015785991838096532 0.0012802741444989474 0.0016019206828280569 0.0033869588802399476 -0.0013672791670988264 0.0006208592939243024
leaf_weight=2071 3452 11343 8060 975 1243 1406 1569 1022 33790 6276 284 1178 29099 528 2020 6215 10804 884 4654 3310 24490 4224 5418 66973 3789 2190 315 776 3464 21733
leaf_count=2071 3452 11343 8060 975 1243 1406 1569 1022 33790 6276 284 1178 29099 528 2020 6215 10804 884 4654 3310 24490 4224 5418 66973 3789 2190 315 776 3464 21733
internal_value=0.000981105 0.00174292 -0.000748138 0.00121424 0.002474 -0.00108836 0.00417716 0.00561403 0.00083929 0.000894942 -0.000909419 -0.000717714 0.00360591 0.00481151 0.00233875 0.000444204 -0.0020528 0.00398975 -0.00163863 0.00347092 -0.000233855 -0.00365572 0.00455094 0.00062876 -0.000258281 0.000747427 -0.00577281 -0.00194766 -9.5507e-05 0.00045895
internal_weight=263555 182955 80600 142513 32688 72540 15726 8827 109825 16962 69088 64580 40442 7852 6899 76035 17179 6830 15458 5330 47401 4508 6302 69820 10686 6897 1721 2847 5654 22911
internal_count=263555 182955 80600 142513 32688 72540 15726 8827 109825 16962 69088 64580 40442 7852 6899 76035 17179 6830 15458 5330 47401 4508 6302 69820 10686 6897 1721 2847 5654 22911
is_linear=0
shrinkage=0.05


Tree=36
num_leaves=31
num_cat=0
split_feature=18 28 12 24 22 16 26 11 22 18 24 24 21 21 21 17 24 21 24 24 17 12 2 19 18 29 8 29 29 19
split_gain=99.6524 27.1504 26.4747 25.1714 14.5922 13.4095 13.2291 13.0542 18.5432 11.3356 11.217 10.0347 20.9709 17.6557 9.64602 9.63497 9.5999 7.97582 7.93753 7.65038 15.3846 10.7148 7.15206 7.04624 8.8005 7.37265 6.68816 6.63623 6.60824 6.90567
threshold=15.61597331111186 16.500000000000004 0.17637778607216045 14.500000000000002 8.5000000000000018 0.75391690437614878 1.0000000180025095e-35 0.10070083388043331 2.5000000000000004 5.9619805275680928 11.500000000000002 7.5000000000000009 32.500000000000007 29.500000000000004 38.500000000000007 4.5000000000000009 11.500000000000002 48.000000000000007 11.500000000000002 6.5000000000000009 4.5000000000000009 0.76641719927060337 -2.095014047561524 51.555051109777715 25.146747155054797 -1.0000000180025095e-35 0.23906172586710583 -0.59509976453478841 -1.0546084750942197 29.050191801619054
decision_type=2 2 2 2 2 2 2 2 2 2 2 2 2 2 2 2 2 2 2 2 2 2 2 2 2 2 2 2 2 2
left_child=1 2 7 11 18 9 10 8 26 -4 19 13 16 -3 -5 -12 -13 -14 -2 21 -21 -6 -7 -17 -25 -26 -1 -8 -15 -30
right_child=4 3 5 14 6 22 27 -9 -10 -11 15 12 17 28 -16 23 -18 -19 -20 20 -22 -23 -24 24 25 -27 -28 -29 29 -31
leaf_value=0.0054531178168955551 -0.0067588498922046842 0.0059555013296003437 0.0012199639252498916 0.0012781330818837531 -0.0012172676218144749 0.0034754540835702282 -0.013281588192572219 0.0017207707208759142 0.002257006624833309 -0.00092967635828662297 0.0015783792735125316 -0.042832942490308466 0.0022619197675267755 0.001953244202697782 -0.00078097712526662799 -0.001715413919075657 -0.0035001509126779359 -0.016679876943047778 -0.0011641511205705815 -0.065699080186359213 -0.0034139961860906484 0.0023545370953504626 0.0014855693714332144 0.0010151279828280253 -0.00042196755732995441 0.0028659082673176141 0.0061544422729038484 -0.0016418935350420542 -0.0061394631628327737 1.317307136597546e-05
leaf_weight=1189 6250 1493 52055 12997 7129 906 1436 42811 19633 9001 8041 3481 2852 1234 2710 4007 3009 136 16902 1900 5472 2622 30387 6818 13246 557 833 2053 1432 1146
leaf_count=1189 6250 1493 52055 12997 7129 906 1436 42811 19633 9001 8041 3481 2852 1234 2710 4007 3009 136 16902 1900 5472 2622 30387 6818 13246 557 833 2053 1432 1146
internal_value=0.000827981 0.00144884 0.00171428 8.36346e-05 -0.000693483 0.00117148 -0.000238077 0.00249186 0.00349227 0.000740141 -2.95222e-05 -0.00139721 -0.00237181 0.000344016 0.00147737 0.00051379 -0.00396764 0.00109438 -0.00174153 -0.00106611 -0.00228161 -0.000147164 0.00201307 2.3145e-05 0.000395956 -0.00033 0.00805143 -0.00321439 -0.00146117 -0.00290147
internal_weight=263738 187305 156815 30490 76433 92349 53281 64466 21655 61056 49792 14783 9478 5305 15707 32669 6490 2988 23152 17123 7372 9751 31293 24628 20621 13803 2022 3489 3812 2578
internal_count=263738 187305 156815 30490 76433 92349 53281 64466 21655 61056 49792 14783 9478 5305 15707 32669 6490 2988 23152 17123 7372 9751 31293 24628 20621 13803 2022 3489 3812 2578
is_linear=0
shrinkage=0.05


Tree=37
num_leaves=31
num_cat=0
split_feature=18 28 24 12 4 4 11 22 22 15 19 29 26 24 18 24 6 22 29 29 24 6 26 18 22 26 24 4 12 24
split_gain=86.2215 31.6274 25.2979 19.8836 15.204 13.2543 12.7645 13.8102 10.6628 9.54505 9.49295 8.9531 8.71719 8.46602 8.37262 8.24908 8.17868 9.27214 8.14475 8.90793 8.11314 7.89302 7.21273 7.18149 7.08155 6.89664 6.82964 9.73401 6.83415 6.68891
threshold=19.214014412006815 18.500000000000004 14.500000000000002 0.17822859839754898 0.20050477490729349 -0.18669909107007937 0.10070083388043331 2.5000000000000004 8.5000000000000018 8.5000000000000018 57.682278571424497 -0.44252610937883896 1.0000000180025095e-35 11.500000000000002 59.307370038592801 11.500000000000002 1.6692493121805818 24.500000000000004 -1.0000000180025095e-35 -0.097839817786546074 7.5000000000000009 0.071444036019819121 1.0000000180025095e-35 2.9875949786540708 19.500000000000004 1.0000000180025095e-35 6.5000000000000009 -0.34407718751228883 0.53693820936836689 11.500000000000002
decision_type=2 2 2 2 2 2 2 2 2 2 2 2 2 2 2 2 2 2 2 2 2 2 2 2 2 2 2 2 2 2
left_child=1 3 11 6 9 -4 7 21 -2 16 -10 22 14 -8 15 26 23 -18 19 -13 -20 -1 29 24 -5 -25 28 -28 -12 -3
right_child=8 2 5 4 -6 -7 13 -9 10 -11 12 18 -14 -15 -16 -17 17 -19 20 -21 -22 -23 -24 25 -26 -27 27 -29 -30 -31
leaf_value=0.0071986488216849139 -0.002250676892821333 -0.014610776601840845 3.3001968898411892e-05 0.0029154719568120517 0.0027911688121932013 0.0017480807153514588 0.00064362691949694083 0.0020214115746730755 -0.002453960769064437 -0.00067577811146535987 -0.0010357288035830726 0.00065677177334720659 -0.0052492589097571686 0.0018604759511210414 -0.0027321463575319619 0.00071396321599685687 0.0025682371187673598 -0.0042205814972513548 0.00078649338155559276 0.0065495049362505166 -0.035270047645504982 0.0034180128181483687 -0.02295253045930673 0.00067560791220300286 0.00070491456406076842 -0.0019473762091620065 -0.039327958692833231 0.0026873778860513251 0.0027523806912068244 8.1272334212181968e-05
leaf_weight=542 19012 6710 8820 14847 15928 6568 15442 21481 6082 8882 4123 2936 2425 31770 3178 20389 2631 486 1642 524 1387 1572 764 42200 10508 3343 3528 1113 1996 2854
leaf_count=542 19012 6710 8820 14847 15928 6568 15442 21481 6082 8882 4123 2936 2425 31770 3178 20389 2631 486 1642 524 1387 1572 764 42200 10508 3343 3528 1113 1996 2854
internal_value=0.000810993 0.00131148 -0.00012498 0.00158419 0.00112598 0.00134001 0.00222372 0.00317334 -0.000822365 0.000854133 -0.000384974 -0.00146548 -8.21718e-05 0.00174913 0.000122499 0.000371923 0.00103999 0.00354668 -1.00164e-05 0.0016474 -0.00190327 0.00702933 -0.00237994 0.000929787 0.00160422 0.000554312 -0.000748141 -0.00219457 0.000348914 -0.00200648
internal_weight=263683 201837 32205 169632 98825 15388 70807 23595 61846 82897 42834 16817 36752 47212 34327 31149 74015 3117 6489 3460 3029 2114 10328 70898 25355 45543 10760 4641 6119 9564
internal_count=263683 201837 32205 169632 98825 15388 70807 23595 61846 82897 42834 16817 36752 47212 34327 31149 74015 3117 6489 3460 3029 2114 10328 70898 25355 45543 10760 4641 6119 9564
is_linear=0
shrinkage=0.05


Tree=38
num_leaves=31
num_cat=0
split_feature=0 0 24 24 27 21 1 27 0 4 24 0 1 18 29 29 24 27 4 24 24 21 27 24 5 21 0 20 18 29
split_gain=86.7281 28.2254 21.7555 16.6505 16.9939 21.5168 16.54 26.6037 15.8974 19.9125 18.218 14.8131 14.3036 12.262 11.1805 19.6676 9.93113 15.2113 10.6753 9.00865 16.5627 7.87921 7.46919 7.11939 7.0458 6.70004 9.233 6.64708 6.53099 7.78205
threshold=4.7482908581751948 5.4809756024847358 12.500000000000002 5.5000000000000009 23.500000000000004 33.500000000000007 145.00000000000003 8.5000000000000018 5.0376407589987657 -0.21650765130726377 7.5000000000000009 4.5311910660572687 161.00000000000003 10.405471555763617 -0.21643759867087295 -0.012310925937813548 8.5000000000000018 10.500000000000002 -0.36446768693646087 9.5000000000000018 2.5000000000000004 33.500000000000007 10.500000000000002 10.500000000000002 0.76642272296969061 34.500000000000007 4.953885222277969 0.73529432411517204 29.679186642393145 0.62705200687072382
decision_type=2 2 2 2 2 2 2 2 2 2 2 2 2 2 2 2 2 2 2 2 2 2 2 2 2 2 2 2 2 2
left_child=11 2 3 4 -2 13 7 -4 9 16 -11 19 -12 -6 -13 24 -5 18 21 20 -1 -18 -21 28 -16 -8 -27 -9 29 -17
right_child=1 -3 6 8 5 -7 25 27 -10 10 12 14 -14 -15 15 23 17 -19 -20 22 -22 -23 -24 -25 -26 26 -28 -29 -30 -31
leaf_value=-5.9930774952017193e-05 0.00039930572004680189 0.0026135105491450622 0.00093765109783464822 0.0015042717194469358 0.0033652793875366496 -0.0015850814044864048 0.00097840938089626935 0.0019986314801162378 0.00048863830651928815 0.00077971511499884123 -0.044656561786265543 -0.0009079020358173759 0.0031971533724728337 0.0014794014212108687 -0.0025313886491948752 -0.1245093569550933 -0.04983938126197783 0.0023549527833070911 0.0059444482766514229 0.0032062366323212946 -0.025740772270438018 0.0077662210448828902 -0.0026460987317363884 0.001464587639831251 0.0016746426220501421 -0.00093754069321722369 0.00091179352313656482 0.0010314263965821417 -0.021211089530463759 -0.001581735971662411
leaf_weight=758 17586 54771 16992 3985 2253 1269 50739 12268 18279 1067 2174 39928 364 2605 626 66 2270 2416 506 1063 1115 316 6365 1046 7450 4749 2481 5186 1104 1934
leaf_count=758 17586 54771 16992 3985 2253 1269 50739 12268 18279 1067 2174 39928 364 2605 626 66 2270 2416 506 1063 1115 316 6365 1046 7450 4749 2481 5186 1104 1934
internal_value=0.000839928 0.0013397 0.000979798 0.000193321 0.00119323 0.00346091 0.00144863 0.00231638 -0.000562354 -0.00189189 -0.00505548 -0.00080506 -0.00736013 0.0049753 -0.00047724 0.000845739 -0.000690508 -0.00206609 -0.00438874 -0.00264326 -0.00574212 -0.00568832 -0.00186187 -0.00195181 0.00228331 0.000932999 -0.000491009 0.00368741 -0.00315399 -0.00145
internal_weight=263731 202276 147505 55090 23713 6127 92415 34446 31377 13098 3605 61455 2538 4858 52154 12226 9493 5508 3092 9301 1873 2586 7428 4150 8076 57969 7230 17454 3104 2000
internal_count=263731 202276 147505 55090 23713 6127 92415 34446 31377 13098 3605 61455 2538 4858 52154 12226 9493 5508 3092 9301 1873 2586 7428 4150 8076 57969 7230 17454 3104 2000
is_linear=0
shrinkage=0.05


Tree=39
num_leaves=31
num_cat=0
split_feature=0 0 26 24 1 27 24 21 27 0 1 18 0 21 26 24 17 22 17 28 22 18 13 3 23 23 1 23 23 23
split_gain=86.1351 24.0534 19.4626 21.2731 20.5241 22.9488 16.9769 23.271 27.6128 22.1731 20.0313 17.6272 12.8462 12.3687 11.3105 10.9493 11.7703 8.87642 8.15974 8.01757 7.59007 7.58189 6.65014 6.63191 6.75509 9.57234 11.7998 9.23211 7.24061 12.6385
threshold=4.7199269281688467 5.3011333813679853 1.0000000180025095e-35 12.500000000000002 133.00000000000003 8.5000000000000018 6.5000000000000009 34.500000000000007 23.500000000000004 5.0321893123531218 129.00000000000003 10.624203996195957 4.4236054436470065 34.500000000000007 1.0000000180025095e-35 23.500000000000004 4.5000000000000009 18.500000000000004 4.5000000000000009 25.500000000000004 24.500000000000004 2.3481461580540919 0.20379411891707008 0.094987420286011301 1.5000000000000002 2.5000000000000004 273.00000000000006 3.5000000000000004 4.5000000000000009 5.5000000000000009
decision_type=2 2 2 2 2 2 2 2 2 2 2 2 2 2 2 2 2 2 2 2 2 2 2 2 2 2 2 2 2 2
left_child=12 2 3 6 5 -5 7 8 19 10 -8 20 -1 18 15 -14 -17 -13 -12 -2 -10 -18 -6 24 -3 26 -26 -27 -29 -30
right_child=1 23 -4 4 22 -7 9 -9 11 -11 13 17 14 -15 -16 16 21 -19 -20 -21 -22 -23 -24 -25 25 27 -28 28 29 -31
leaf_value=-0.0055691510951146536 0.00054994519998330296 0.0031390369756593589 -0.0011059396328261101 0.0012504306377020416 0.0010799331901142353 0.0018800121099667351 -0.035608280483473427 -0.0015371001048995903 0.0040522876096884463 0.00098360950956548452 -0.044488277651677108 -2.4536809969747472e-05 -0.0014360458623380505 0.0030328796768143997 -0.0096671713252263498 0.0017749267468923056 0.0031564160346415565 0.0027455275786693219 -0.0043927528511968489 0.005361744806504358 0.0016698704036717206 -0.00042447055952778406 0.00059509820443503928 0.0026294580527517139 -0.0034027994800790579 0.0040587408187095888 -0.08586327261556681 -0.0032093217867020839 0.0034455073244791176 -0.0025827557523314601
leaf_weight=3048 16255 3111 12798 10893 20948 11937 2510 4884 2113 14231 2687 1978 31635 2052 2140 3275 703 1754 4568 1279 932 11183 40974 47847 1495 1506 67 1606 1617 1508
leaf_count=3048 16255 3111 12798 10893 20948 11937 2510 4884 2113 14231 2687 1978 31635 2052 2140 3275 703 1754 4568 1279 932 11183 40974 47847 1495 1506 67 1606 1617 1508
internal_value=0.000812837 0.00126093 0.000930312 0.00110093 0.00159855 0.00287998 0.000337509 0.00116544 0.00179816 -0.000590448 -0.00219133 0.00450863 -0.0010107 -0.00112227 -0.000814533 -0.000651978 0.000452807 0.00220525 -0.00209166 0.000750542 0.00733169 -0.000278478 0.00112609 0.00212068 0.00100825 0.000222465 -0.00327785 0.00109909 1.37398e-05 0.001416
internal_weight=263534 211550 152793 139995 84752 22830 55243 29195 24311 26048 11817 6777 51984 9307 48936 46796 15161 3732 7255 17534 3045 11886 61922 58757 10910 7799 1562 6237 4731 3125
internal_count=263534 211550 152793 139995 84752 22830 55243 29195 24311 26048 11817 6777 51984 9307 48936 46796 15161 3732 7255 17534 3045 11886 61922 58757 10910 7799 1562 6237 4731 3125
is_linear=0
shrinkage=0.05


Tree=40
num_leaves=31
num_cat=0
split_feature=0 18 0 28 21 1 24 24 1 19 18 24 29 29 24 21 29 18 24 4 4 24 6 1 0 24 26 0 1 4
split_gain=77.8769 17.8428 17.2763 21.1179 21.2621 15.9196 15.7331 14.3301 14.5556 17.3735 11.7213 11.4428 18.2456 11.9569 9.51025 8.97023 9.26916 9.09389 8.87175 14.202 8.4662 8.42632 13.907 8.83511 10.0282 12.46 7.92674 7.75129 12.1003 7.94181
threshold=4.8161785264461434 3.9804812672850609 4.5208249664032918 11.500000000000002 31.500000000000004 249.00000000000003 11.500000000000002 12.500000000000002 137.00000000000003 23.763239852563007 14.405193574437424 8.5000000000000018 -1.409456967099425 -1.9534123769382994 9.5000000000000018 35.500000000000007 -1.6214020128300053 44.858287520818259 14.500000000000002 -0.28343323907410845 -0.2643514070792472 5.5000000000000009 0.071444036019819121 125.00000000000001 5.0590719231024197 7.5000000000000009 1.0000000180025095e-35 4.9665426635412357 145.00000000000003 -0.28343323907410845
decision_type=2 2 2 2 2 2 2 2 2 2 2 2 2 2 2 2 2 2 2 2 2 2 2 2 2 2 2 2 2 2
left_child=2 -2 -1 4 5 -4 11 21 9 -9 -7 13 -13 -5 -14 17 -17 18 19 -8 -16 22 -3 24 25 -23 -10 28 -24 -29
right_child=1 7 3 6 -6 10 15 8 26 -11 -12 12 14 -15 20 16 -18 -19 -20 -21 -22 23 27 -25 -26 -27 -28 29 -30 -31
leaf_value=-0.003445190844715962 0.0018471013616027541 0.0043938290147512637 0.00071375207891628909 0.0054108785738612849 -0.0011956570718269464 0.0036445585980034514 -0.0085715616308544296 -0.00057567802232497416 0.00064524351442012335 0.0016110204483227736 0.0015562474782443989 -0.08005009830785427 -0.031099758126958144 -0.004630407768374676 -0.0055296594039934465 0.0030457611939176885 -0.0021357610841229078 -0.0021155963481044259 0.00055763238575625297 0.0061013216585410878 0.012357356473658342 0.0014959438022916305 0.0031015202186737245 5.3034515563732901e-05 -0.00073729462021826975 -0.037876204985247561 -0.0014760050112173552 -0.002286084278440004 0.00015266676679295558 0.00025986408093761902
leaf_weight=8245 95650 563 14708 1329 9315 1553 3426 4354 30722 15605 2693 2358 720 5071 756 522 4752 4540 19211 553 349 660 1387 12897 3737 1582 3995 985 2267 9117
leaf_count=8245 95650 563 14708 1329 9315 1553 3426 4354 30722 15605 2693 2358 720 5071 756 522 4752 4540 19211 553 349 660 1387 12897 3737 1582 3995 985 2267 9117
internal_value=0.000754793 0.00132255 -0.000545998 -0.000297261 0.000767095 0.0017284 -0.000987565 0.000808174 0.00130569 0.00238163 0.00442534 -0.00266512 -0.00469878 -0.00133594 -0.000945205 -0.000449642 -0.00233978 -9.01545e-05 0.000310479 -0.0018384 0.00196833 -1.12963e-05 0.000903346 -0.000705128 -0.00229386 -0.00493756 0.000687128 0.000588108 0.00256158 -0.000125717
internal_weight=263622 183521 80101 71856 28269 18954 43587 87871 54676 19959 4246 10583 4183 6400 1825 33004 5274 27730 23190 3979 1105 33195 14319 18876 5979 2242 34717 13756 3654 10102
internal_count=263622 183521 80101 71856 28269 18954 43587 87871 54676 19959 4246 10583 4183 6400 1825 33004 5274 27730 23190 3979 1105 33195 14319 18876 5979 2242 34717 13756 3654 10102
is_linear=0
shrinkage=0.05


Tree=41
num_leaves=31
num_cat=0
split_feature=18 28 13 24 1 2 18 18 21 24 21 21 24 27 24 19 11 21 17 24 27 6 19 24 24 24 4 26 3 27
split_gain=54.2255 15.6689 18.2794 15.6486 12.1337 12.0399 14.3532 11.0148 10.0491 9.95038 20.6499 13.2769 9.70578 16.3466 12.9445 9.71718 9.25081 8.09711 8.08674 8.02034 7.47613 8.0878 7.33903 7.57363 7.55815 7.27637 7.05738 7.11874 6.70967 6.47243
threshold=15.13058039051147 17.500000000000004 0.14629976908977085 14.500000000000002 133.00000000000003 -1.5310981106558179 4.0769321009409785 54.342627197387607 34.500000000000007 7.5000000000000009 29.500000000000004 32.500000000000007 11.500000000000002 6.5000000000000009 8.5000000000000018 57.682278571424497 0.10070083388043331 33.500000000000007 8.5000000000000018 11.500000000000002 29.500000000000004 0.94194664212128043 36.936762974437904 10.500000000000002 6.5000000000000009 8.5000000000000018 -0.15214498962175604 1.0000000180025095e-35 0.17960801658511008 16.500000000000004
decision_type=2 2 2 2 2 2 2 2 2 2 2 2 2 2 2 2 2 2 2 2 2 2 2 2 2 2 2 2 2 2
left_child=1 2 16 9 -5 -4 28 12 -6 10 -3 18 13 14 -2 -14 29 -16 19 25 21 -15 -8 24 -24 -11 27 -17 -7 -1
right_child=7 3 5 4 8 6 22 -9 -10 11 -12 -13 15 20 17 26 -18 -19 -20 -21 -22 -23 23 -25 -26 -27 -28 -29 -30 -31
leaf_value=0.0021210650447112738 -0.0026081750268941999 0.0060120553902201154 0.0023439276194264745 0.0016077339741060526 0.00088455106940632056 0.0013455876385790862 -0.0001415887514328211 -0.002725915018957989 -0.0010749584495151636 -0.0074486310579138853 -0.0011770090672510217 0.0012378701369963002 -0.00099254508123543294 -0.00067306039633276951 -0.058243887946411978 0.00039053992519858503 0.0014874430779707366 0.012025432626323058 0.0056305407705442272 -0.0043272758496111282 -0.0070298106682080592 0.0018544112386532871 0.00063500680206768139 0.0011877886201391659 -0.020370705870077756 -0.045057244378245861 0.0010711202076728432 -0.0035092806554283631 0.0025168018502558123 0.002195041901070898
leaf_weight=10290 3204 1449 2829 5624 5116 42897 32271 7176 3109 635 3519 2811 11588 9900 2390 27398 34473 159 498 2658 2310 4468 1683 5192 737 2378 7294 2930 18723 8150
leaf_count=10290 3204 1449 2829 5624 5116 42897 32271 7176 3109 635 3519 2811 11588 9900 2390 27398 34473 159 498 2658 2310 4468 1683 5192 737 2378 7294 2930 18723 8150
internal_value=0.000741817 0.00120962 0.00140307 0.000115301 0.00130587 0.00101915 0.000929481 -0.000356458 8.20675e-05 -0.00106682 0.000728664 -0.00206013 -0.000169386 -0.00103138 -0.00332957 0.000223532 0.00216006 -0.00598862 -0.00335792 -0.00389437 -0.000238637 0.00018583 0.000190433 0.00158697 -0.00072314 -0.00566047 0.000613471 0.000277632 0.00140782 0.00306399
internal_weight=263859 185042 157245 27797 13849 104332 101503 78817 8225 13948 4968 8980 71641 22431 5753 49210 52913 2549 6169 5671 16678 14368 39883 7612 2420 3013 37622 30328 61620 18440
internal_count=263859 185042 157245 27797 13849 104332 101503 78817 8225 13948 4968 8980 71641 22431 5753 49210 52913 2549 6169 5671 16678 14368 39883 7612 2420 3013 37622 30328 61620 18440
is_linear=0
shrinkage=0.05


Tree=42
num_leaves=31
num_cat=0
split_feature=0 26 24 29 24 21 21 27 24 26 0 12 0 29 24 2 1 29 29 24 22 1 27 27 21 27 4 29 27 16
split_gain=62.3358 15.6249 19.1232 12.9191 16.5791 13.3436 12.8365 12.6666 27.9625 12.3326 13.0468 10.5112 9.94143 9.72479 9.37139 8.69519 7.86872 7.85267 11.0188 9.88719 7.58549 7.56 7.88569 6.61862 6.11672 9.45413 9.56851 6.31137 6.09984 6.06688
threshold=4.7482908581751948 1.0000000180025095e-35 11.500000000000002 -0.64858629318584227 8.5000000000000018 33.500000000000007 34.500000000000007 23.500000000000004 6.5000000000000009 1.0000000180025095e-35 4.5208249664032918 0.1680415873326021 5.0690024785453636 -1.3663842572693345 22.500000000000004 -0.17572064314598629 149.00000000000003 -0.44252610937883896 0.13421424592691172 14.500000000000002 8.5000000000000018 121.00000000000001 8.5000000000000018 4.5000000000000009 31.500000000000004 16.500000000000004 -0.22994699080646538 -1.9534123769382994 27.500000000000004 0.64927319423690266
decision_type=2 2 2 2 2 2 2 2 2 2 2 2 2 2 2 2 2 2 2 2 2 2 2 2 2 2 2 2 2 2
left_child=9 2 3 4 -2 13 7 -5 12 10 -1 21 16 -6 17 24 -9 23 19 -19 -17 22 -4 -12 25 -16 -27 -26 -25 -13
right_child=1 -3 11 6 5 -7 -8 8 -10 -11 14 29 -14 -15 15 20 -18 18 -20 -21 -22 -23 -24 28 27 26 -28 -29 -30 -31
leaf_value=-0.0029211714922649217 0.00058587575589905681 -0.00041182720458967661 0.0018439248675560995 0.00085933806454299591 -0.043727306016694875 0.0029364617806516696 -0.001158834802760195 0.0031184869774351842 -0.018393300299139114 -0.0097827203204127883 -0.020899207873428648 0.00084063354221332461 -0.00054640985741083046 -0.014008914139967348 -0.0017144523942441382 0.0046811704681903113 0.0016232130523489198 0.0023818278431217421 -0.0046775169358982084 -0.00034875465333306154 0.00058095046766467294 0.0013396854955723785 0.0018183713987955088 -0.00061853866796336926 0.0037151158672027312 0.0015496007111733834 -0.0017179186675784831 -0.00078571173342373074 -0.0046659807396159346 0.0011021400909659136
leaf_weight=8200 8043 16788 6125 44215 1891 1123 4558 2672 1465 2672 3506 36363 499 1314 2107 690 1994 4052 3639 4319 927 35392 6007 14402 257 6026 1243 6435 3126 33846
leaf_count=8200 8043 16788 6125 44215 1891 1123 4558 2672 1465 2672 3506 36363 499 1314 2107 690 1994 4052 3639 4319 927 35392 6007 14402 257 6026 1243 6435 3126 33846
internal_value=0.000665566 0.00108962 0.00122181 0.00055272 -0.000908172 -0.00340342 0.000878924 0.0011068 0.0031448 -0.000727017 -0.000576371 0.00160698 0.00487415 -0.0050468 -0.000277257 0.000651683 0.00559151 -0.000774421 0.000245629 0.00124418 0.00414657 0.00218121 0.00325833 -0.00135685 0.000299976 0.00112415 0.00197895 -0.000854751 -0.000960177 0.00121829
internal_weight=263896 202295 185507 67774 12371 4328 55403 50845 6630 61601 58929 117733 5165 3205 50729 17685 4666 33044 12010 8371 1617 47524 12132 21034 16068 9376 7269 6692 17528 70209
internal_count=263896 202295 185507 67774 12371 4328 55403 50845 6630 61601 58929 117733 5165 3205 50729 17685 4666 33044 12010 8371 1617 47524 12132 21034 16068 9376 7269 6692 17528 70209
is_linear=0
shrinkage=0.05


Tree=43
num_leaves=31
num_cat=0
split_feature=0 24 28 24 0 21 5 1 18 9 26 21 18 18 29 21 24 24 0 24 29 21 24 29 18 5 0 24 3 11
split_gain=57.8249 15.8116 14.7989 16.3538 14.4754 16.1096 12.5958 12.5901 13.5086 12.1997 8.85267 8.62734 8.40766 8.33753 7.98615 7.60094 7.49352 12.7687 7.40887 7.3155 21.8115 11.9082 11.4873 9.64786 6.85576 9.93069 6.72432 14.7878 13.6963 6.70112
threshold=4.8459066944144054 11.500000000000002 11.500000000000002 11.500000000000002 4.5311910660572687 32.500000000000007 2.5131780152855359 249.00000000000003 15.13058039051147 0.68136459237161984 1.0000000180025095e-35 35.500000000000007 66.380264837857311 5.4608212117519219 -1.9534123769382994 28.500000000000004 6.5000000000000009 23.500000000000004 4.6098625740792736 8.5000000000000018 -1.409456967099425 33.500000000000007 9.5000000000000018 -1.9534123769382994 7.1352487120704451 1.2281253662846803 4.6426673853605518 2.5000000000000004 -0.88374509716246219 0.24913428374551541
decision_type=2 2 2 2 2 2 2 2 2 2 2 2 2 2 2 2 2 2 2 2 2 2 2 2 2 2 2 2 2 2
left_child=2 13 4 19 -1 7 10 16 29 -8 -3 12 15 -2 -13 -5 -6 -18 24 23 21 -21 -22 -4 25 -17 27 28 -25 -9
right_child=1 6 3 11 5 -7 9 8 -10 -11 -12 14 -14 -15 -16 18 17 -19 -20 20 22 -23 -24 26 -26 -27 -28 -29 -30 -31
leaf_value=-0.0028052826569723755 0.00096224516200537507 0.0013309924002004986 0.0047770740070515565 -0.0032609828520485857 0.0015386010832825802 -0.0012059055479498135 0.0022418169908953898 0.0037987798004951515 0.00098784603580027801 0.00032800676649249663 0.00013127848976819109 0.0050031569864527519 -0.0036529641969069294 -0.00031214071123474073 -0.0018063926267762498 0.0086425003015066851 -0.0025335238670644478 0.00081719547884410342 0.00062164646132635863 -0.073783210670576846 -0.029569389917080548 0.0073385863341615988 0.0042349180313968971 -0.010344467585643648 -0.0018795080164192787 -0.008626959746076442 -0.001618883145989369 -0.018522933051920553 0.005965342039476392 0.0015720023872988103
leaf_weight=4013 40624 94733 1491 2780 5869 7385 6331 1453 2963 2954 12771 267 1394 20151 6344 410 4014 7859 21917 2345 897 330 1522 176 5735 243 4041 1694 506 561
leaf_count=4013 40624 94733 1491 2780 5869 7385 6331 1453 2963 2954 12771 267 1394 20151 6344 410 4014 7859 21917 2345 897 330 1522 176 5735 243 4041 1694 506 561
internal_value=0.000642959 0.00115879 -0.000419503 -0.000949665 0.000389982 0.000766012 0.00149916 0.00142546 0.00364778 0.00326602 0.00134656 -0.000438731 -0.000103605 0.000504731 -0.00208516 6.6753e-05 0.000802052 7.95929e-05 0.000311783 -0.00248577 -0.00396349 -0.00707477 -0.000522943 -0.00153389 -0.0011866 0.00366769 -0.00237572 -0.00448653 0.00173021 0.00680735
internal_weight=263773 177564 86209 52092 34117 30104 116789 22719 4977 9285 107504 39090 32479 60775 6611 31085 17742 11873 28305 13002 5094 2675 2419 7908 6388 653 6417 2376 682 2014
internal_count=263773 177564 86209 52092 34117 30104 116789 22719 4977 9285 107504 39090 32479 60775 6611 31085 17742 11873 28305 13002 5094 2675 2419 7908 6388 653 6417 2376 682 2014
is_linear=0
shrinkage=0.05


Tree=44
num_leaves=31
num_cat=0
split_feature=0 26 29 12 0 29 21 14 0 27 0 27 19 21 21 20 28 0 27 22 2 1 0 0 12 27 19 22 29 16
split_gain=50.8733 13.3608 10.5743 12.1115 9.85641 7.69398 7.55439 7.2505 9.6221 6.93254 7.74613 6.82711 10.4954 10.9542 6.68891 8.05135 14.1796 6.5 6.3078 8.71714 7.07953 7.03157 6.24123 5.40773 5.3707 5.66029 5.35855 5.91771 5.32389 5.16476
threshold=4.7041876600984978 1.0000000180025095e-35 -1.691767014093873 0.15710646810961224 4.4236054436470065 -0.71934583574906996 33.500000000000007 6.5393900661949003 5.225096175259913 10.500000000000002 4.8212977052136194 19.500000000000004 49.138707003432394 33.500000000000007 36.500000000000007 0.023043622235898547 9.5000000000000018 4.9296208115160445 29.500000000000004 18.500000000000004 -0.067339956733051556 129.00000000000003 5.446138084545372 5.0931594919370946 0.54625124810955883 17.500000000000004 1.4198908949445443 6.5000000000000009 0.038761191647520087 0.75391690437614878
decision_type=2 2 2 2 2 2 2 2 2 2 2 2 2 2 2 2 2 2 2 2 2 2 2 2 2 2 2 2 2 2
left_child=4 2 6 11 -1 26 -2 8 24 -9 -11 17 13 18 15 16 -7 28 19 20 -13 -21 -3 -15 -5 -26 27 -6 -4 -10
right_child=1 22 3 7 5 14 -8 9 29 10 -12 12 -14 23 -16 -17 -18 -19 -20 21 -22 -23 -24 -25 25 -27 -28 -29 -30 -31
leaf_value=-0.0046268356612615882 -0.015488748396312627 -0.001189423663511883 0.00037667202672777265 -7.9102844310856041e-05 0.010552312377859759 0.0018856978526946785 0.0021288507347257137 -0.00011167438687751516 0.0011925271712168299 0.0011527193065310219 0.0027310739261762421 0.0026464331978612466 0.00075988997743305922 -0.00015311672174252592 -0.0022587650963792525 -0.0010010004978345773 -0.00043220956632639205 0.0014752417984318681 6.300612650673571e-05 0.0024688967428506702 0.0059080083275871911 0.00034383381781887164 0.0014883805936765583 0.0014957463871932601 0.00030595860380523839 0.0010572558804262005 -0.0023607435885068576 -8.6681600690467601e-05 -0.03040749025403304 0.0024577894303168448
leaf_weight=3052 4808 13226 8868 35078 202 5649 2428 1654 42476 2312 1312 1881 7562 1765 2978 8404 8702 47068 541 1101 592 1181 4478 541 14117 7738 17497 482 754 15268
leaf_count=3052 4808 13226 8868 35078 202 5649 2428 1654 42476 2312 1312 1881 7562 1765 2978 8404 8702 47068 541 1101 592 1181 4478 541 14117 7738 17497 482 754 15268
internal_value=0.000612309 0.000935576 0.00105265 0.00112344 -0.000879572 -0.000688618 -0.000823659 0.000815932 0.000732536 0.00262789 0.0038521 0.00163679 0.00257914 0.00389108 -0.00013232 0.000159306 0.000879033 0.00138472 0.00514351 0.00572555 0.00778205 0.00349693 -0.000380704 0.00101474 0.000271284 0.000886525 -0.00147599 0.0028655 0.000200583 0.00118731
internal_weight=263715 216749 199045 191809 46966 43914 7236 119955 114677 5278 3624 71854 15164 7602 25733 22755 14351 56690 5296 4755 2473 2282 17704 2306 56933 21855 18181 684 9622 57744
internal_count=263715 216749 199045 191809 46966 43914 7236 119955 114677 5278 3624 71854 15164 7602 25733 22755 14351 56690 5296 4755 2473 2282 17704 2306 56933 21855 18181 684 9622 57744
is_linear=0
shrinkage=0.05


Tree=45
num_leaves=31
num_cat=0
split_feature=0 24 5 9 0 24 24 1 18 24 0 4 27 0 1 18 1 18 22 11 27 22 0 27 21 18 22 24 0 18
split_gain=46.487 14.6619 12.0399 10.9168 9.90058 10.5675 18.5992 18.7056 9.54685 8.78443 40.2921 23.5967 13.5828 11.3155 18.446 10.0563 9.21321 7.63745 13.2568 10.1842 7.63447 6.8787 6.85059 6.77273 6.68028 6.63633 17.4178 6.37167 6.18086 6.04241
threshold=4.7324720776733296 11.500000000000002 2.452464905224168 0.6720904624590458 4.6098625740792736 2.5000000000000004 9.5000000000000018 157.00000000000003 54.342627197387607 7.5000000000000009 5.0590719231024197 -0.21650765130726377 6.5000000000000009 5.0321893123531218 145.00000000000003 10.174782549762595 157.00000000000003 12.78051326677349 8.5000000000000018 0.1779733106502803 7.5000000000000009 6.5000000000000009 5.4874078435201818 1.5000000000000002 34.500000000000007 1.6749658239256511 6.5000000000000009 7.5000000000000009 5.2538158083088478 9.3195215921371357
decision_type=2 2 2 2 2 2 2 2 2 2 2 2 2 2 2 2 2 2 2 2 2 2 2 2 2 2 2 2 2 2
left_child=4 9 22 -4 5 -1 7 27 -8 13 11 12 -11 14 15 24 -13 18 19 20 -6 -19 25 -16 -2 26 -3 -7 -15 -22
right_child=1 2 3 -5 17 6 8 -9 -10 10 -12 16 -14 28 23 -17 -18 21 -20 -21 29 -23 -24 -25 -26 -27 -28 -29 -30 -31
leaf_value=0.0017965092237915521 0.0038777027427205021 0.0040723785223722771 0.00198880209546229 0.00023152859981034397 0.00083551688169541363 -0.02379504402359639 -0.00087673465643192227 -0.00040007832094314695 -0.0081720906679834809 -0.040245364483730922 0.0012889150734643417 -0.044855317440299199 0.0011699864431237497 -0.00044325376902880044 0.0072545879842200794 0.0015960927162764083 -1.7380830997039741e-05 -0.0019647645068254964 -0.00029116920950319889 0.00040054252063611288 0.0024037135688360204 -0.00010014921945306086 0.0023211859016584297 0.00028387316205532377 0.00056285071790815539 0.00057848583666514938 0.00077490801695090275 -0.010055060086081544 0.00093731697647277904 0.0056606439387376717
leaf_weight=1617 2228 1975 7030 3188 357 1248 15154 1065 1368 2708 16485 1966 3588 14679 574 2142 358 6884 5324 1398 475 20084 35712 8869 347 81223 7641 528 16597 749
leaf_count=1617 2228 1975 7030 3188 357 1248 15154 1065 1368 2708 16485 1966 3588 14679 574 2142 358 6884 5324 1398 475 20084 35712 8869 347 81223 7641 528 16597 749
internal_value=0.000604851 0.000950751 0.00125273 0.0029037 -0.000669943 -0.00153003 -0.00185431 -0.00559134 -0.00121172 0.000365249 -0.000385381 -0.00315545 -0.00156607 0.000779999 0.00195268 0.00450604 -0.00746127 -0.000158345 0.00116765 0.00383854 0.0065876 -0.000566597 0.00111943 0.000677222 0.00661165 0.000888771 0.00213082 -0.00873311 0.000249073 0.00846405
internal_weight=263561 207310 136769 10218 56251 20980 19363 2841 16522 70541 25105 8620 6296 45436 14160 4717 2324 35271 8303 2979 1581 26968 126551 9443 2575 90839 9616 1776 31276 1224
internal_count=263561 207310 136769 10218 56251 20980 19363 2841 16522 70541 25105 8620 6296 45436 14160 4717 2324 35271 8303 2979 1581 26968 126551 9443 2575 90839 9616 1776 31276 1224
is_linear=0
shrinkage=0.05


Tree=46
num_leaves=31
num_cat=0
split_feature=0 18 21 29 24 24 17 24 1 24 5 24 24 17 29 26 6 26 24 27 0 11 21 24 0 0 4 24 24 24
split_gain=44.3164 16.458 16.9034 24.7737 16.0395 21.2508 14.9815 18.9967 11.5149 10.9136 11.4644 10.1719 10.0781 9.24067 9.11272 8.72912 8.43471 7.82678 8.11835 8.41827 7.94548 7.24293 6.76797 6.34113 6.19776 5.98046 6.6488 5.87966 5.63093 5.62664
threshold=4.9244151253434794 22.615139966694489 34.500000000000007 -1.5596558316951226 6.5000000000000009 14.500000000000002 8.5000000000000018 2.5000000000000004 257.00000000000006 10.500000000000002 2.5131780152855359 14.500000000000002 8.5000000000000018 8.5000000000000018 -1.1598050193827298 1.0000000180025095e-35 1.5395601336132285 1.0000000180025095e-35 11.500000000000002 4.5000000000000009 4.4236054436470065 0.15236353585561158 33.500000000000007 8.5000000000000018 4.7451475581756286 5.1286703667030071 0.084212524191725077 9.5000000000000018 11.500000000000002 8.5000000000000018
decision_type=2 2 2 2 2 2 2 2 2 2 2 2 2 2 2 2 2 2 2 2 2 2 2 2 2 2 2 2 2 2
left_child=1 2 3 11 6 13 -5 -8 16 -2 15 12 -1 -6 -4 -11 21 18 19 22 -20 -7 23 -3 -9 26 -12 -15 -14 -16
right_child=9 17 14 4 5 8 7 24 -10 10 25 -13 28 27 29 -17 -18 -19 20 -21 -22 -23 -24 -25 -26 -27 -28 -29 -30 -31
leaf_value=0.00079814906905129306 0.00048983031019001302 -0.016254170364137937 0.0012139643965818755 0.0022349174740764512 -0.010388830187383673 0.00079390767338879389 0.0030182275958838805 -0.022735167811450487 0.0017783641956856007 0.0013077263088962523 0.0013243728067962605 0.0040988127928533371 -0.058628627380032661 -0.0078638239699485493 -0.0060930731082940517 -6.6782261452862966e-05 0.0017431075764914863 -0.0089832690402419473 -0.0043592424984380054 -0.0024376791215652972 -9.2840598993738493e-05 -0.00025460939253806085 0.004103586031801278 -0.071641437097220442 0.0051570474845768991 0.0019748265439504939 -0.0022079542337055829 0.0058179589843428831 -0.0069086395573619737 -0.0010776349677739014
leaf_weight=1057 50538 1200 2634 6750 5409 8653 605 543 4134 90739 5055 560 1956 422 1550 12375 3074 2369 1758 10697 27200 10906 247 886 58 3335 782 810 687 6810
leaf_count=1057 50538 1200 2634 6750 5409 8653 605 543 4134 90739 5055 560 1956 422 1550 12375 3074 2369 1758 10697 27200 10906 247 886 58 3335 782 810 687 6810
internal_value=0.000577088 -0.000245852 0.000319157 0.00074325 0.00111716 0.000636674 0.00313474 -0.00199834 0.0012648 0.00108743 0.00136206 -0.00288732 -0.00383784 -0.00189505 -0.00144079 0.00121138 0.000821589 -0.00096704 -0.000809278 -0.00184574 -0.00034291 0.000438929 -0.00456708 -0.00549377 -0.00829451 0.00305604 0.00209097 0.00201299 -0.00548808 -0.0022488
internal_weight=263799 100975 56618 45624 41364 33408 7956 1206 26767 162824 112286 4260 3700 6641 10994 103114 22633 44357 41988 13030 28958 19559 2333 2086 601 9172 5837 1232 2643 8360
internal_count=263799 100975 56618 45624 41364 33408 7956 1206 26767 162824 112286 4260 3700 6641 10994 103114 22633 44357 41988 13030 28958 19559 2333 2086 601 9172 5837 1232 2643 8360
is_linear=0
shrinkage=0.05


Tree=47
num_leaves=31
num_cat=0
split_feature=0 26 24 5 0 26 28 24 27 0 21 27 6 0 22 24 29 29 24 20 4 29 24 24 14 9 24 21 1 4
split_gain=37.4892 12.957 13.8443 11.0399 10.6005 9.67495 9.48231 10.6422 17.5523 10.362 11.0655 9.2949 8.81058 7.98243 7.57791 7.467 11.462 8.28956 10.5754 16.8397 10.4997 7.49914 7.06688 6.76441 6.44711 6.2345 5.68859 8.46346 5.2577 5.24147
threshold=4.7041876600984978 1.0000000180025095e-35 11.500000000000002 1.8215862334936765 5.0195808124667609 1.0000000180025095e-35 11.500000000000002 8.5000000000000018 6.5000000000000009 5.1227863320152851 33.500000000000007 2.5000000000000004 0.08327215003663524 4.3895594239587075 5.5000000000000009 11.500000000000002 -0.59509976453478841 -0.012310925937813548 2.5000000000000004 0.030106700139120073 -0.4421279035433397 -0.25669524252401499 15.500000000000002 9.5000000000000018 6.3890950716381338 0.71371719254304689 6.5000000000000009 34.500000000000007 177.00000000000003 -0.22994699080646538
decision_type=2 2 2 2 2 2 2 2 2 2 2 2 2 2 2 2 2 2 2 2 2 2 2 2 2 2 2 2 2 2
left_child=5 2 6 29 -5 13 12 11 9 10 23 -8 14 -1 -2 16 -15 21 20 26 -19 -18 -7 -9 -14 -6 27 -20 -3 -4
right_child=1 28 3 4 25 22 7 8 -10 -11 -12 -13 24 15 -16 -17 17 18 19 -21 -22 -23 -24 -25 -26 -27 -28 -29 -30 -31
leaf_value=-0.0054241352108918874 0.0049212505031643377 5.8889025144705082e-05 0.00026441910665039327 0.00087939881821847646 0.0018771140320561859 -0.044900320968619643 0.004348347862121839 -0.059567449445654223 0.0019178168759978514 0.01044947775370156 0.0092436086979698785 -0.00044235697879287409 0.00055897904876916517 -0.010426066115743374 0.001751752201392487 2.8312891417298707e-06 -0.00045152311329285639 -0.0051438522167864013 0.0049407301516452579 -0.024873200030014128 0.0038304900036025269 0.0030847489707025656 -0.0055418605578581061 -0.028344949330604236 0.0026183156575290858 0.00034839472826444698 -0.052152869498703215 -0.012471809757652741 -0.0024407508104047084 0.0013358277863659272
leaf_weight=2023 609 13315 27274 10619 4879 388 2275 1015 2346 167 295 9447 51424 6096 1531 30454 2004 287 639 393 595 1749 1455 1961 1194 1276 736 138 4361 82875
leaf_count=2023 609 13315 27274 10619 4879 388 2275 1015 2346 167 295 9447 51424 6096 1531 30454 2004 287 639 393 595 1749 1455 1961 1194 1276 736 138 4361 82875
internal_value=0.000569707 0.000847056 0.000962187 0.00127672 0.00247168 -0.000711182 0.000409748 -0.000603221 -0.00235823 -0.00463351 -0.00525374 0.000262754 0.000733592 -0.000566121 0.00387851 -0.000422013 -0.00144378 9.93791e-06 -0.00205524 -0.00415005 0.00247166 0.0015441 -0.00426207 -0.00616935 0.000605687 0.00412267 -0.00175479 0.00122909 -0.000450328 0.00109474
internal_weight=263820 216863 199187 126923 16774 46957 72264 17506 5784 3438 3271 11722 54758 45114 2140 43091 12637 6541 2788 1906 882 3753 1843 2976 52618 6155 1513 777 17676 110149
internal_count=263820 216863 199187 126923 16774 46957 72264 17506 5784 3438 3271 11722 54758 45114 2140 43091 12637 6541 2788 1906 882 3753 1843 2976 52618 6155 1513 777 17676 110149
is_linear=0
shrinkage=0.05


Tree=48
num_leaves=31
num_cat=0
split_feature=18 0 18 22 18 29 12 15 22 27 11 22 24 24 0 24 2 6 1 27 27 28 28 24 26 26 24 29 24 27
split_gain=37.0788 12.9417 11.1487 31.0702 13.8542 9.3728 8.51987 7.96127 9.38792 9.43433 7.1797 8.21727 7.10092 9.46628 6.03896 5.8964 5.89401 5.79834 5.76431 10.4653 5.25663 5.03887 5.00997 7.34865 4.95575 4.90931 5.88109 8.18036 7.74739 4.89123
threshold=19.214014412006815 4.9965635965540569 1.6749658239256511 5.5000000000000009 0.9153330097459661 -1.5062216332329936 0.18734659977136991 1.5000000000000002 2.5000000000000004 22.500000000000004 0.088008169148439314 2.5000000000000004 17.500000000000004 8.5000000000000018 4.3036100609115797 11.500000000000002 -1.5742715205010283 0.071444036019819121 233.00000000000003 19.500000000000004 16.500000000000004 23.500000000000004 19.500000000000004 13.500000000000002 1.0000000180025095e-35 1.0000000180025095e-35 9.5000000000000018 -3.1903952382278615 11.500000000000002 28.500000000000004
decision_type=2 2 2 2 2 2 2 2 2 2 2 2 2 2 2 2 2 2 2 2 2 2 2 2 2 2 2 2 2 2
left_child=2 14 3 4 21 12 10 8 9 -8 11 17 13 -4 -2 -15 22 -7 -13 -20 -10 29 -16 -24 -9 26 -18 28 -28 -1
right_child=1 -3 5 -5 -6 6 7 24 20 -11 -12 18 -14 15 16 -17 25 -19 19 -21 -22 -23 23 -25 -26 -27 27 -29 -30 -31
leaf_value=0.0053222908327288706 -0.0088006602866578069 0.00075442202791819318 0.00073608654670220841 0.00092484611526948775 0.0028551860369233073 0.0056042535187788506 -0.0010772086375884168 0.00021786768481540185 0.0011125829801289235 -0.011325395285287617 0.00073831080644593049 0.00095909963758960192 0.0029582099191393569 -0.042448496381709701 0.00097578314093705882 -0.00046449110230981858 -0.0028822420428004539 0.0025134810028057284 0.0020701694881286661 0.0057484513011939855 0.0012176026547818417 0.0035629095408910919 -0.034417941953094937 0.0012993451221151083 -0.0021011066895536205 -0.0055276402041104702 -0.11692102349122224 -0.00031504972623376347 0.012699919658483182 0.0047507957804820249
leaf_weight=842 827 6380 2515 25790 3377 289 2793 49394 31626 294 52348 14049 737 2015 5171 864 11538 1106 1886 571 6200 449 1246 1624 3992 2645 219 32095 58 693
leaf_count=842 827 6380 2515 25790 3377 289 2793 49394 31626 294 52348 14049 737 2015 5171 864 11538 1106 1886 571 6200 449 1246 1624 3992 2645 219 32095 58 693
internal_value=0.000545627 -0.000525945 0.000873756 0.0017436 0.00520705 0.000714998 0.000786519 0.000475987 0.00100078 -0.00165047 0.00120336 0.00206776 -0.00120453 -0.00183352 -0.00077143 -0.00379125 -0.000707194 0.00575269 0.00175633 0.00399064 0.00121715 0.00852319 0.000542844 -0.0011324 7.38027e-05 -0.000923101 -0.000797084 -0.000451624 -0.00900722 0.00988599
internal_weight=263633 61803 201830 31151 5361 170679 164548 94299 40913 3087 70249 17901 6131 5394 55423 2879 54596 1395 16506 2457 37826 1984 8041 2870 53386 46555 43910 32372 277 1535
internal_count=263633 61803 201830 31151 5361 170679 164548 94299 40913 3087 70249 17901 6131 5394 55423 2879 54596 1395 16506 2457 37826 1984 8041 2870 53386 46555 43910 32372 277 1535
is_linear=0
shrinkage=0.05


Tree=49
num_leaves=31
num_cat=0
split_feature=0 11 0 28 3 21 28 1 2 24 4 24 24 21 24 29 27 21 12 0 2 22 6 0 27 29 29 6 24 28
split_gain=34.3895 10.6958 8.60979 8.81556 9.08072 10.9818 8.22414 7.83588 7.764 7.6723 8.99406 22.4326 13.4699 8.18908 12.0651 9.78234 9.12134 7.42575 7.15469 6.8272 7.13125 6.56903 8.06313 6.36742 6.32475 6.48493 6.17792 5.85285 5.81002 5.53904
threshold=4.7482908581751948 0.12289746108861653 4.5086161124671804 11.500000000000002 -0.55076383544773055 31.500000000000004 22.500000000000004 249.00000000000003 -0.13614166746668496 14.500000000000002 -0.2643514070792472 9.5000000000000018 2.5000000000000004 33.500000000000007 8.5000000000000018 -2.8294749043545768 6.5000000000000009 34.500000000000007 0.14794074326073967 5.2440907012378011 -0.78075126073626044 2.5000000000000004 0.071444036019819121 5.2106208181773761 27.500000000000004 -0.60559424458584032 -1.8577800261288111 1.4569436542423087 9.5000000000000018 23.500000000000004
decision_type=2 2 2 2 2 2 2 2 2 2 2 2 2 2 2 2 2 2 2 2 2 2 2 2 2 2 2 2 2 2
left_child=2 6 24 4 5 7 18 -4 -9 10 13 12 -12 14 16 -16 -5 27 21 20 -3 22 -2 -8 -1 -26 -15 29 -28 -11
right_child=1 19 3 9 -6 -7 23 8 -10 17 11 -13 -14 26 15 -17 -18 -19 -20 -21 -22 -23 -24 -25 25 -27 28 -29 -30 -31
leaf_value=-0.0018495001901760592 0.0048272357161721485 0.0007371413952644765 0.00076306675031375553 0.0066680355076664116 -0.0018574851754158514 -0.00086693473917028431 -0.00026196966048956124 0.0016506558687564622 0.0063892025444095175 -0.00062690197760880166 0.0083329885707852363 0.0072043300969795061 -0.013830436893222685 0.0075527604341771113 -0.095113356263931637 -0.028673467656058632 -0.0094413525433099318 -0.0014225510167799884 0.00091030969517095865 0.0012585555603138255 2.346775318578592e-05 0.001307050639646214 0.002033297829082337 0.0027908941114864021 -0.017975035057981755 -0.0038147956764436313 -0.0046106976525704694 0.0016814896783823481 0.0043917109766995538 0.0020742781481369837
leaf_weight=5768 364 20040 9074 1419 3185 6128 8033 2843 315 10751 227 1035 1039 630 791 3841 725 4609 23599 59311 64617 24401 1566 332 476 976 1283 3514 761 2235
leaf_count=5768 364 20040 9074 1419 3185 6128 8033 2843 315 10751 227 1035 1039 630 791 3841 725 4609 23599 59311 64617 24401 1566 332 476 976 1283 3514 761 2235
internal_value=0.000495741 0.000810801 -0.000538336 -0.00032304 0.000462985 0.000890523 0.00138219 0.00175605 0.0039012 -0.000838405 -0.00186239 0.000940896 -0.00352291 -0.00254497 -0.0034696 -0.00490501 -0.00036847 -0.000268368 0.00162528 0.000579435 0.000291235 0.0021919 0.005 -6.87382e-05 -0.00216066 -0.00511019 -0.000201944 0.000227273 -0.0015362 -0.00026259
internal_weight=263888 202263 61625 54405 21545 18360 58295 12232 3158 32860 11751 2301 1266 9450 6776 4632 2144 21109 49930 143968 84657 26331 1930 8365 7220 1452 2674 16500 2044 12986
internal_count=263888 202263 61625 54405 21545 18360 58295 12232 3158 32860 11751 2301 1266 9450 6776 4632 2144 21109 49930 143968 84657 26331 1930 8365 7220 1452 2674 16500 2044 12986
is_linear=0
shrinkage=0.05


Tree=50
num_leaves=31
num_cat=0
split_feature=0 13 28 24 24 21 0 18 13 18 29 21 21 1 18 5 21 20 22 18 18 22 11 22 28 11 0 24 21 19
split_gain=28.0955 10.9889 11.0808 11.0213 12.0054 12.2404 15.2403 10.0018 9.85908 9.29315 10.2414 14.4198 8.92013 8.99642 9.78162 8.79624 7.89396 7.26446 6.99727 9.40626 6.47604 14.6797 12.844 5.95822 5.93319 5.57196 5.55497 5.43122 5.27985 8.11658
threshold=4.6638718775261703 0.16193044866632031 14.500000000000002 14.500000000000002 7.5000000000000009 33.500000000000007 5.0848964481369547 4.0769321009409785 0.48763528691685271 54.342627197387607 -2.8294749043545768 35.500000000000007 36.500000000000007 233.00000000000003 20.936565974487191 0.97617926019025292 31.500000000000004 0.84247624802388754 10.500000000000002 1.3580602092328122 12.112820027334863 12.500000000000002 0.07546448594314191 11.500000000000002 12.500000000000002 0.13033899973640775 5.2126377849865273 7.5000000000000009 34.500000000000007 52.219901575810034
decision_type=2 2 2 2 2 2 2 2 2 2 2 2 2 2 2 2 2 2 2 2 2 2 2 2 2 2 2 2 2 2
left_child=9 2 15 4 28 6 -6 18 -9 10 11 27 13 -12 24 -2 20 -5 19 -3 21 22 -17 -22 25 -15 -20 -1 29 -4
right_child=1 7 3 17 5 -7 -8 8 -10 -11 12 -13 -14 14 -16 16 -18 -19 26 -21 23 -23 -24 -25 -26 -27 -28 -29 -30 -31
leaf_value=0.0057172068806473674 0.0011526702588833949 0.003543256317407813 0.0064086860158220297 0.0008872097765622594 -0.021007478479405005 0.0024545683270047907 0.0052219511828140381 -0.00038290001923879029 0.00053218086089916233 -0.0045668723026356314 -0.00055032683889741937 0.0097371690267228847 -0.0026995951886079408 0.0062124152481870957 -0.00060916604581875457 0.004802879913340375 0.0006738121594210743 -0.00032592363145657175 -0.00051267431281764957 0.0014629836898426205 -0.00037728000522395443 0.0010526159703945245 0.0018085700783110595 0.0016549501225710567 0.0014051907554793726 0.0016003320194266282 0.001022326047847986 -0.10756138692400052 -0.00057491156558539622 0.00032773967459424392
leaf_weight=132 44796 2887 876 10044 4533 1479 557 46307 35886 3384 20296 166 4332 548 2828 1276 6819 3387 8903 17797 1525 3774 1458 3044 1104 901 31410 751 1853 1231
leaf_count=132 44796 2887 876 10044 4533 1479 557 46307 35886 3384 20296 166 4332 548 2828 1276 6819 3387 8903 17797 1525 3774 1458 3044 1104 901 31410 751 1853 1231
internal_value=0.000468852 0.000668416 0.00111284 0.000198248 -0.00101292 -0.00232379 -0.00348723 0.00039947 3.94808e-05 -0.000862899 -0.000591795 -0.00544805 -0.000422039 -6.79591e-05 0.00174968 0.00146239 0.00239942 0.00114772 0.000884552 0.00163218 0.00322335 0.00423633 0.00702634 0.00178048 0.00399334 0.00609731 0.000500956 -0.00798981 0.00116162 0.00287375
internal_weight=264284 229842 86652 23960 10529 6569 5090 143190 82193 34442 31058 1049 30009 25677 5381 62692 17896 13431 60997 20684 11077 6508 2734 4569 2553 1449 40313 883 3960 2107
internal_count=264284 229842 86652 23960 10529 6569 5090 143190 82193 34442 31058 1049 30009 25677 5381 62692 17896 13431 60997 20684 11077 6508 2734 4569 2553 1449 40313 883 3960 2107
is_linear=0
shrinkage=0.05


Tree=51
num_leaves=31
num_cat=0
split_feature=18 13 27 1 0 15 11 0 7 24 0 0 24 1 4 22 18 19 1 0 11 24 24 24 28 18 19 26 24 2
split_gain=23.9304 11.2924 9.81331 14.9141 10.4582 9.6396 8.58005 6.67935 6.64829 5.89985 15.2389 10.3656 12.8127 8.58007 5.48604 5.82164 5.48208 5.47299 5.44105 5.12654 5.11955 4.86154 11.76 5.83057 4.84874 4.81401 4.54157 4.51422 4.42625 4.318
threshold=19.214014412006815 0.16193044866632031 19.500000000000004 233.00000000000003 4.6500701778329185 4.5000000000000009 0.13033899973640775 4.4439066730957402 0.63777410266464118 6.5000000000000009 5.0763865755225819 5.0931594919370946 24.500000000000004 129.00000000000003 -0.31750909884288875 20.500000000000004 3.0514316619320252 16.666583340791949 149.00000000000003 5.1286703667030071 0.19629856121165934 14.500000000000002 8.5000000000000018 11.500000000000002 4.5000000000000009 7.9283622202937627 46.288837328121666 1.0000000180025095e-35 10.500000000000002 -1.7537145585892553
decision_type=2 2 2 2 2 2 2 2 2 2 2 2 2 2 2 2 2 2 2 2 2 2 2 2 2 2 2 2 2 2
left_child=1 2 8 4 -4 28 14 24 -1 10 18 12 17 -14 15 -5 -7 -11 25 -9 -19 22 -10 26 -2 -6 -24 -18 -3 -30
right_child=7 5 3 6 9 16 -8 19 21 11 -12 -13 13 -15 -16 -17 27 20 -20 -21 -22 -23 23 -25 -26 -27 -28 -29 29 -31
leaf_value=0.0011539016147230111 -0.0062340003549668822 0.00018948447266855267 -0.0019001107302434182 0.0057321476507420678 0.0033414334992375814 0.00065216956761509335 0.0010618221933738844 -0.00033437134690258085 0.0026481647943077408 0.00047463414335514615 -0.0017806435288862006 0.001484141059291252 0.001988054097437754 0.00021549644895148165 -0.0021292312293882901 0.00085485604160752133 -0.00040470164953858778 -0.023297033381360962 0.0015258299576005332 0.0014290116153591846 -0.0003092642821041088 0.0003041157358850579 -0.029975979085968132 -0.0045692091005159318 -0.0023746524958040628 0.0013132408465587539 -0.053411282076347155 -0.0039132847925047671 0.0017181346029826493 0.00080720026325172749
leaf_weight=51956 662 26039 1635 1047 1475 10351 1021 57254 1593 1149 675 2311 889 1680 66 223 23822 1238 1386 1558 699 6389 820 1282 2477 713 317 1861 3005 58415
leaf_count=51956 662 26039 1635 1047 1475 10351 1021 57254 1593 1149 675 2311 889 1680 66 223 23822 1238 1386 1558 699 6389 820 1282 2477 713 317 1861 3005 58415
internal_value=0.000458017 0.000721604 0.00119024 0.00228636 0.00166065 0.000423466 0.00596309 -0.000401688 0.000905352 0.00216332 0.00366792 0.00136078 0.000207781 0.00281627 0.0086003 0.00933071 -0.000264749 -0.00196371 0.00496922 -0.000281745 -0.00358544 -0.000248533 -0.00161266 -0.00380942 -0.00264893 0.00652194 -0.00641601 -0.00065627 0.000707018 0.00093862
internal_weight=264008 202057 78564 16207 13850 123493 2357 61951 62357 12215 4249 7966 5655 2569 1336 1270 36034 3086 3574 58812 1937 10401 4012 2419 3139 2188 1137 25683 87459 61420
internal_count=264008 202057 78564 16207 13850 123493 2357 61951 62357 12215 4249 7966 5655 2569 1336 1270 36034 3086 3574 58812 1937 10401 4012 2419 3139 2188 1137 25683 87459 61420
is_linear=0
shrinkage=0.05


Tree=52
num_leaves=31
num_cat=0
split_feature=0 26 29 21 29 24 24 24 29 0 27 24 29 21 24 27 4 21 27 27 1 4 6 29 21 0 9 24 19 1
split_gain=22.431 12.4704 9.68346 11.8994 9.63728 9.68897 8.96154 13.4173 27.2436 16.5697 8.96073 8.90149 8.60649 8.47777 7.68065 8.95944 11.0525 7.61521 7.56528 7.19982 6.57424 6.31887 6.08449 6.04852 7.09092 6.39622 5.60365 5.48341 5.44628 5.43396
threshold=4.9244151253434794 1.0000000180025095e-35 -0.53032473659995172 35.500000000000007 0.038761191647520087 6.5000000000000009 11.500000000000002 8.5000000000000018 -2.1968687689319921 4.5208249664032918 26.500000000000004 15.500000000000002 0.32943910009416355 33.500000000000007 12.500000000000002 15.500000000000002 -0.2643514070792472 33.500000000000007 7.5000000000000009 20.500000000000004 209.00000000000003 -0.11300553895317623 1.5811058314226976 -2.0687998472287839 32.500000000000007 4.4439066730957402 0.71874055748883492 7.5000000000000009 28.246414038399216 261.00000000000006
decision_type=2 2 2 2 2 2 2 2 2 2 2 2 2 2 2 2 2 2 2 2 2 2 2 2 2 2 2 2 2 2
left_child=1 2 6 4 5 -4 7 9 17 -1 22 13 -6 -3 -2 -16 -17 -9 -10 -13 -12 -11 29 -8 25 28 -18 -5 -25 -7
right_child=14 11 3 27 12 10 23 8 18 21 20 19 -14 -15 15 16 26 -19 -20 -21 -22 -23 -24 24 -26 -27 -28 -29 -30 -31
leaf_value=-0.019005453681216061 0.00037951681904472163 -0.02603398200450846 0.0016860068359646403 -0.0057624484709531193 -0.12374194948620194 0.00025709112611868514 0.004228106244742214 -0.069540655670538618 -0.024939062653549112 0.00076917792062662302 -0.0008837770308816593 -5.6154749064399626e-06 -0.0014681872251812334 0.0045493998876874218 0.00098610934247657942 5.4596658132479062e-06 0.0012007575281954238 0.0075075507935180698 0.0033389537823674772 -0.0061415804305794191 -0.0074153247086926376 -0.012615166016889801 0.0016589952040696118 0.0058336748703905423 -0.00083364006664491818 0.00041921180016262264 -0.00020667128242112646 -0.00051682595258046606 -0.004563182704734655 0.0015471296490208687
leaf_weight=639 60606 1208 6903 1208 83 19145 1293 2056 1703 8275 1283 3236 6452 268 89192 3711 8186 218 2096 1216 441 555 3131 142 10038 20793 963 4730 1171 2656
leaf_count=639 60606 1208 6903 1208 83 19145 1293 2056 1703 8275 1283 3236 6452 268 89192 3711 8186 218 2096 1216 441 555 3131 142 10038 20793 963 4730 1171 2656
internal_value=0.000443689 -0.000141818 -2.99906e-06 0.000517684 0.000827057 0.00116914 -0.000492353 -0.00148436 -0.00331879 -0.000307846 0.000736795 -0.00236673 -0.000929609 -0.00573171 0.000807031 0.00107181 0.0023056 -0.00764732 -0.000727823 -0.00125112 -0.00274942 0.000254814 0.00097786 -3.12522e-05 -0.000166127 0.000334299 0.00323915 -0.00157124 -0.00305027 0.00068185
internal_weight=263597 100939 95011 46032 40094 33559 48979 15542 6073 9469 26656 5928 6535 1476 162658 102052 12860 2274 3799 4452 1724 8830 24932 33437 32144 22106 9149 5938 1313 21801
internal_count=263597 100939 95011 46032 40094 33559 48979 15542 6073 9469 26656 5928 6535 1476 162658 102052 12860 2274 3799 4452 1724 8830 24932 33437 32144 22106 9149 5938 1313 21801
is_linear=0
shrinkage=0.05


Tree=53
num_leaves=31
num_cat=0
split_feature=0 18 13 24 24 1 22 27 18 27 4 13 27 0 24 24 26 24 21 18 22 12 24 18 27 22 24 1 26 4
split_gain=23.4708 11.2206 10.0512 10.0218 14.7391 12.473 8.99134 16.1261 14.2502 12.7248 9.08247 8.13706 8.03565 7.42551 6.93625 12.5635 6.67849 7.12642 6.60801 6.76336 11.996 9.6325 6.24475 6.16125 6.15739 5.70583 5.65099 5.50431 5.03069 4.3673
threshold=4.6098625740792736 3.5919980809026071 0.15728966573721112 2.5000000000000004 9.5000000000000018 157.00000000000003 9.5000000000000018 8.5000000000000018 1.1231435078544147 29.500000000000004 -0.28343323907410845 0.51428954098832336 9.5000000000000018 5.0690024785453636 6.5000000000000009 11.500000000000002 1.0000000180025095e-35 15.500000000000002 31.500000000000004 10.849431867776707 12.500000000000002 0.082164952132637539 8.5000000000000018 54.342627197387607 27.500000000000004 25.500000000000004 9.5000000000000018 101.00000000000001 1.0000000180025095e-35 -0.56778403148787893
decision_type=2 2 2 2 2 2 2 2 2 2 2 2 2 2 2 2 2 2 2 2 2 2 2 2 2 2 2 2 2 2
left_child=3 6 12 -1 5 24 7 -2 9 -9 -8 26 13 14 25 22 23 -18 19 20 21 -14 -16 -6 -5 -3 -4 -21 -28 -23
right_child=1 2 11 4 16 -7 10 8 -10 -11 -12 -13 18 -15 15 -17 17 -19 -20 27 -22 29 -24 -25 -26 -27 28 -29 -30 -31
leaf_value=0.0021173453400983263 0.0017180556483457139 -0.00019379765750297058 -0.0011802821046170725 -0.012224521553641824 -0.00040049191690820951 -0.00049658878982276986 -0.00068644992307681247 0.004334463000693115 0.00050968543728094849 0.0023267201592355696 0.0010662852873565187 0.00047253012586024142 0.0043864544584059388 0.00089047946152002577 -0.003846711120076693 -5.6849752722330501e-05 -0.075011610686082142 -0.0059364444374030972 0.00034411281812277047 0.0025555672566693224 0.00071398228340221483 0.0021980141055487675 -0.034622239462124962 -0.0053526786365455216 -0.026613233103338376 0.0065565686594717069 9.837043533860518e-05 0.00065162210793394859 -0.0017612921640437333 0.00016410956722873201
leaf_weight=1640 24552 552 16000 1211 14498 1063 5769 910 1356 909 57172 41694 1046 14059 802 5264 113 528 12137 569 3686 494 1712 1309 608 400 39345 9626 4212 616
leaf_count=1640 24552 552 16000 1211 14498 1063 5769 910 1356 909 57172 41694 1046 14059 802 5264 113 528 12137 569 3686 494 1712 1309 608 400 39345 9626 4212 616
internal_value=0.000443734 0.0005823 0.000320011 -0.00116118 -0.00147956 -0.00477793 0.00102263 0.00177282 0.00512598 0.00801814 0.000692157 3.17534e-05 0.000892707 0.000194612 -0.000950744 -0.00144382 -0.000901629 -0.00590484 0.00145737 0.00212353 0.00347997 0.00644249 -0.00435163 -0.00069874 -0.00729247 0.00307773 -0.000343284 0.00134625 -4.80973e-05 0.0031982
internal_weight=263852 242882 152214 20970 19330 2882 90668 27727 3175 1819 62941 101251 50963 22789 8730 7778 16448 641 28174 16037 5842 2156 2514 15807 1819 952 59557 10195 43557 1110
internal_count=263852 242882 152214 20970 19330 2882 90668 27727 3175 1819 62941 101251 50963 22789 8730 7778 16448 641 28174 16037 5842 2156 2514 15807 1819 952 59557 10195 43557 1110
is_linear=0
shrinkage=0.05


Tree=54
num_leaves=31
num_cat=0
split_feature=0 24 28 24 27 27 5 0 21 18 22 9 6 0 27 18 24 27 17 26 24 24 27 7 22 12 21 24 0 27
split_gain=21.4358 9.4016 10.8524 12.434 21.1351 11.8441 10.1057 9.87793 10.3339 9.05807 12.8058 8.2289 7.60974 7.14628 6.77729 7.0309 7.32525 6.62104 6.61423 6.45535 5.92416 5.28089 5.24957 5.0362 6.44902 5.22821 5.02019 11.7588 9.96003 6.76228
threshold=4.6461108844735088 11.500000000000002 11.500000000000002 8.5000000000000018 6.5000000000000009 2.5000000000000004 2.5131780152855359 5.1286703667030071 33.500000000000007 1.2544728625078301 7.5000000000000009 0.71371719254304689 0.13319415438563156 5.0195808124667609 29.500000000000004 54.342627197387607 2.5000000000000004 7.5000000000000009 5.5000000000000009 1.0000000180025095e-35 23.500000000000004 7.5000000000000009 14.500000000000002 0.4169140721928481 13.500000000000002 0.10514702172253368 33.500000000000007 14.500000000000002 5.0848964481369547 17.500000000000004
decision_type=2 2 2 2 2 2 2 2 2 2 2 2 2 2 2 2 2 2 2 2 2 2 2 2 2 2 2 2 2 2
left_child=9 2 12 5 7 -4 19 8 -5 10 -1 13 21 -8 15 16 -11 -18 -19 26 -21 23 -20 -2 25 -25 29 -28 -29 -3
right_child=1 6 3 4 -6 -7 11 -9 -10 14 -12 -13 -14 -15 -16 -17 17 18 22 20 -22 -23 -24 24 -26 -27 27 28 -30 -31
leaf_value=0.0088451819387989818 0.0011985157927090198 0.0008488955339594588 0.0044523096187649557 -0.035164858222718247 0.0014308335319820364 -0.00064755775456839138 0.00093157273762004597 0.0095835342611166469 0.0085462977495449465 0.0022788541925407089 -0.00017359329155024135 -8.8114819972039178e-05 0.00032795081672755221 0.0014345100931105151 -0.006154832921767165 -0.0046536429087773836 -0.0076882927465213996 0.00096689982150324056 0.00077452761669993169 0.00067714064217432794 -0.0014714125252037428 -0.00051287673492908103 -0.00150510965030872 0.0040980420457436741 0.0010070091096441296 0.00052121800587804918 0.0035265439052229348 -0.00044955668934807433 0.00078121843060382991 0.00085359007797690715
leaf_weight=466 1573 97765 2609 3770 2943 10514 3549 163 350 1653 990 2552 53364 5163 2396 2481 3897 5039 3227 9655 6127 1299 9107 809 938 217 2023 11939 1753 15210
leaf_count=466 1573 97765 2609 3770 2943 10514 3549 163 350 1653 990 2552 53364 5163 2396 2481 3897 5039 3227 9655 6127 1299 9107 809 938 217 2023 11939 1753 15210
internal_value=0.000446857 0.000606207 0.000160219 -0.000833701 -0.00249931 8.34419e-05 0.000831151 -0.00474084 -0.00521845 -0.000829231 0.00301511 0.00227362 0.000507733 0.00300505 -0.00103057 -0.00079082 -0.000517166 -0.000766337 -0.000348529 0.000718687 -0.000235711 0.00240695 -0.000972109 0.00340826 0.00509674 0.00783626 0.00083573 -1.59024e-06 -0.000527315 0.000952202
internal_weight=263541 234285 78549 20349 7226 13123 155736 4283 4120 29256 1456 11264 58200 8712 27800 25404 22923 21270 17373 144472 15782 4836 12334 3537 1964 1026 128690 15715 13692 112975
internal_count=263541 234285 78549 20349 7226 13123 155736 4283 4120 29256 1456 11264 58200 8712 27800 25404 22923 21270 17373 144472 15782 4836 12334 3537 1964 1026 128690 15715 13692 112975
is_linear=0
shrinkage=0.05


Tree=55
num_leaves=31
num_cat=0
split_feature=18 0 11 22 12 22 18 22 27 0 15 19 0 9 18 24 17 19 27 22 27 0 12 2 19 2 2 24 17 29
split_gain=19.8355 11.8617 11.2409 12.9975 9.87803 7.28646 6.03593 6.05203 8.56258 6.263 5.97283 5.97101 7.88542 6.85201 5.59013 5.02891 9.07141 5.01525 4.86046 8.29938 12.2705 9.97963 9.30617 7.61518 7.41021 4.85385 4.82023 4.6264 9.199 4.49791
threshold=13.711901041093762 5.1286703667030071 0.10070083388043331 2.5000000000000004 0.054980287780249888 4.5000000000000009 3.5919980809026071 17.500000000000004 15.500000000000002 5.2045861615751123 2.5000000000000004 33.922132115726804 5.2440907012378011 0.65881545841347433 1.390733452337042 15.500000000000002 4.5000000000000009 8.5710765106972051 19.500000000000004 13.500000000000002 29.500000000000004 4.898897116514747 0.14794074326073967 -0.0038155840165167878 59.99486014821899 -0.79264372268452676 -2.095014047561524 6.5000000000000009 4.5000000000000009 -2.5608938885402721
decision_type=2 2 2 2 2 2 2 2 2 2 2 2 2 2 2 2 2 2 2 2 2 2 2 2 2 2 2 2 2 2
left_child=2 5 3 4 -1 -2 7 8 -4 -9 15 12 26 25 -10 27 -17 -6 -5 20 22 23 24 -21 -20 -13 -8 -7 29 -29
right_child=1 -3 6 18 17 10 11 9 14 -11 -12 13 -14 -15 -16 16 -18 -19 19 21 -22 -23 -24 -25 -26 -27 -28 28 -30 -31
leaf_value=0.0045158877712818844 -0.0015927586911006844 0.001077502869821346 0.0012977656753656933 0.00077787511646405761 0.004507284421348328 0.00073615747455792429 0.002421793293172545 -0.0010848825583632626 0.0030940377576713579 0.00075695117185459247 -0.00048477601259357237 0.0013437940575988052 0.00072522295097786598 -0.0011300461933198573 0.00083957319191754168 0.0017094223933307329 0.0001233883855121017 0.00066146527848147537 0.004483638227329923 -0.0001631650774547838 1.9417685686616621e-05 0.0014088282640795959 0.00083461729548399215 -0.0045222824739179308 -0.00014807684758758367 0.00033289546804608479 -0.00078599562699660736 -0.076134811524180945 -6.2539356825206784e-05 -0.020779285359358451
leaf_weight=1142 13168 4293 33912 33003 710 4663 573 5637 1028 25139 41565 5130 22390 1671 1253 4130 10283 1569 1498 1760 1311 2489 779 428 214 9560 27546 308 4899 1588
leaf_count=1142 13168 4293 33912 33003 710 4663 573 5637 1028 25139 41565 5130 22390 1671 1253 4130 10283 1569 1498 1760 1311 2489 779 428 214 9560 27546 308 4899 1588
internal_value=0.00038494 -0.000244354 0.000683835 0.00136839 0.00433061 -0.00038075 0.000454166 0.000789694 0.001228 0.00027424 -0.00017068 0.00011814 -0.000150765 0.000948292 0.00419334 0.000425767 0.00104732 0.0024287 0.0011241 0.00219189 0.00392688 0.000781484 0.00598756 -0.0016819 0.00804907 0.0012934 -0.000708239 -0.000356082 -0.00118837 -0.00414557
internal_weight=263639 84897 178742 44903 3421 80604 133839 66969 36193 30776 67436 66870 50509 16361 2281 25871 14413 2279 41482 8479 3802 4677 2491 2188 1712 14690 28119 11458 6795 1896
internal_count=263639 84897 178742 44903 3421 80604 133839 66969 36193 30776 67436 66870 50509 16361 2281 25871 14413 2279 41482 8479 3802 4677 2491 2188 1712 14690 28119 11458 6795 1896
is_linear=0
shrinkage=0.05


Tree=56
num_leaves=31
num_cat=0
split_feature=18 11 22 12 19 0 26 26 24 2 0 27 1 4 1 18 19 0 22 15 11 24 24 29 0 4 22 24 27 14
split_gain=23.7391 9.07622 8.51369 18.0524 8.95481 7.09801 6.7763 6.0043 7.0552 5.93598 5.9025 5.89539 5.35258 5.30472 5.292 5.15824 8.15829 8.64069 5.10104 9.13604 7.92096 5.08859 5.06464 4.75065 4.5649 4.56295 4.34735 4.25798 4.21473 3.9639
threshold=19.214014412006815 0.097228178678724145 3.5000000000000004 0.054980287780249888 3.9452785422853376 4.9965635965540569 1.0000000180025095e-35 1.0000000180025095e-35 10.500000000000002 -1.6597463792871265 4.8696986285031327 31.500000000000004 289.00000000000006 0.055454571609730628 97.000000000000014 4.0769321009409785 51.555051109777715 5.0763865755225819 3.5000000000000004 1.5000000000000002 0.6756693214015842 11.500000000000002 6.5000000000000009 -1.409456967099425 5.446138084545372 -0.54491434864628052 16.500000000000004 14.500000000000002 16.500000000000004 1.3283738466901125
decision_type=2 2 2 2 2 2 2 2 2 2 2 2 2 2 2 2 2 2 2 2 2 2 2 2 2 2 2 2 2 2
left_child=1 2 3 13 -5 6 18 8 11 26 12 14 -4 -1 -3 29 27 21 19 -2 -20 25 23 -7 -9 -18 -10 -17 -25 -11
right_child=5 7 10 4 -6 22 -8 24 9 15 -12 -13 -14 -15 -16 16 17 -19 20 -21 -22 -23 -24 28 -26 -27 -28 -29 -30 -31
leaf_value=0.0044511136372252756 -0.03148330608484666 -0.0019161787963068594 -0.00012236550352667314 0.0044763608706079542 0.00036040520918477481 0.0046500888191915541 -0.0064862893781550126 -0.0014734534708180104 0.0019055095220493531 0.0010876327893044344 0.0010980127568731306 -0.0035491773014887564 0.0032876513851845591 0.0019465429297564855 0.00031869554171542666 0.0019573181840326455 -0.05863080248807561 0.0011796902748442588 -0.00074581206850000601 -0.00072406807946988534 0.00058154860533732777 0.00032942210880315676 0.00080002266960256584 5.5827412506508816e-05 0.0013508957431942216 -0.014092524647161049 0.00016632349781496412 -0.00015543464545230172 -0.0033831588842617704 0.0017861593051643971
leaf_weight=1347 1666 3168 10165 298 3329 274 3161 8680 2381 33911 32149 1157 315 367 41908 5225 76 3351 31012 5033 14635 6704 5111 510 3188 185 1233 28781 539 13780
leaf_count=1347 1666 3168 10165 298 3329 274 3161 8680 2381 33911 32149 1157 315 367 41908 5225 76 3351 31012 5033 14635 6704 5111 510 3188 185 1233 28781 539 13780
internal_value=0.00041244 0.000675367 0.0012758 0.00315765 0.00115936 -0.000443728 -0.000625956 0.000488005 0.000578388 0.000823565 0.00104002 7.127e-05 9.54258e-06 0.00738623 0.000161727 0.000745493 0.00035716 0.00158879 -0.000490199 -0.00177862 -0.000301114 0.000585069 0.00112838 -0.00162887 -0.000592349 -0.00626437 0.00281129 -1.64671e-05 -0.00316015 0.00110639
internal_weight=263639 201698 47970 5341 3627 61941 55507 153728 141860 95627 42629 46233 10480 1714 45076 92013 44322 10316 52346 6699 45647 6965 6434 1323 11868 261 3614 34006 1049 47691
internal_count=263639 201698 47970 5341 3627 61941 55507 153728 141860 95627 42629 46233 10480 1714 45076 92013 44322 10316 52346 6699 45647 6965 6434 1323 11868 261 3614 34006 1049 47691
is_linear=0
shrinkage=0.05


Tree=57
num_leaves=31
num_cat=0
split_feature=18 26 21 27 5 0 4 22 18 22 11 27 29 24 24 13 24 0 24 18 1 4 19 0 18 19 24 18 22 4
split_gain=16.5261 9.22529 9.89143 13.3016 14.5391 12.6333 9.86402 9.83732 15.4032 9.35756 16.0558 10.0749 8.78025 8.8221 8.24358 7.59727 7.05705 6.47828 6.43886 5.83702 5.73469 5.46281 5.26097 4.74219 4.59715 7.77677 4.58627 4.41024 9.00128 5.32077
threshold=22.975506823943658 1.0000000180025095e-35 33.500000000000007 18.500000000000004 0.88821823950593071 5.1344332579712679 0.057042794452091976 21.500000000000004 0.80007067171630586 7.5000000000000009 0.044462934737891265 29.500000000000004 -1.8577800261288111 8.5000000000000018 10.500000000000002 0.068233062348125359 8.5000000000000018 4.3036100609115797 14.500000000000002 10.405471555763617 253.00000000000003 -0.047694927049636418 0.38025422428337641 4.9965635965540569 14.405193574437424 27.044460523766247 9.5000000000000018 6.0588301190220601 8.5000000000000018 -0.41183370103793077
decision_type=2 2 2 2 2 2 2 2 2 2 2 2 2 2 2 2 2 2 2 2 2 2 2 2 2 2 2 2 2 2
left_child=1 2 3 12 -5 27 7 8 -6 10 15 19 13 -1 -7 -10 -13 -2 -15 -11 -21 22 -9 -19 25 -12 -14 28 -4 -30
right_child=17 -3 5 4 6 14 -8 21 9 11 24 16 26 18 -16 -17 -18 23 -20 20 -22 -23 -24 -25 -26 -27 -28 -29 29 -31
leaf_value=0.006655803525416653 -0.007089774214078551 -0.00065284005342459983 0.0012956921933199974 -0.00016572544203280037 0.0038627491101361211 -0.00015373336140649856 -0.00098253209392093845 -0.002589490779574764 0.0045641861133309146 0.0032677399302377362 -0.00098038951836791513 0.0038411535893035104 0.00017616065099397397 -0.031271117161287602 0.001311918630739653 0.0011682082384616192 -0.022535477566111888 -0.00052248142850485051 0.0049775178301972606 0.001397633523647687 0.0034250925522826305 0.0019426956166390787 0.00050295027804424502 0.00065061917153644278 -0.0014432270108786143 0.0010041258612773379 0.0008701010011395602 -0.00081890896393909155 -0.0013840200819567883 0.00024239092853136501
leaf_weight=789 792 16600 2502 5903 908 1554 1387 357 677 1718 847 365 37653 1723 2366 576 390 45096 162 3216 820 824 5114 3482 1444 1779 103976 14177 3029 3530
leaf_count=789 792 16600 2502 5903 908 1554 1387 357 677 1718 847 365 37653 1723 2366 576 390 45096 162 3216 820 824 5114 3482 1444 1779 103976 14177 3029 3530
internal_value=0.000360902 0.000550829 0.00064585 0.000786917 0.00182051 -0.000240444 0.00245226 0.00274888 0.00354788 0.00306626 0.00151137 0.00433784 0.00059836 -0.00224009 0.0023852 0.0064605 -0.00109271 -0.000463844 -0.00409814 0.0050504 0.0040114 0.00113185 0.000560227 -0.000390711 -1.22844e-05 0.00123382 0.00065195 -0.000683363 0.000178237 -0.00079509
internal_weight=263756 214386 197786 170628 26325 27158 20422 19035 12740 11832 5323 6509 144303 2674 3920 1253 755 49370 1885 5754 4036 6295 5471 48578 4070 2626 141629 23238 9061 6559
internal_count=263756 214386 197786 170628 26325 27158 20422 19035 12740 11832 5323 6509 144303 2674 3920 1253 755 49370 1885 5754 4036 6295 5471 48578 4070 2626 141629 23238 9061 6559
is_linear=0
shrinkage=0.05


Tree=58
num_leaves=31
num_cat=0
split_feature=0 26 18 27 22 27 18 13 18 25 0 2 22 22 27 1 21 9 2 12 2 22 27 27 22 16 0 22 1 1
split_gain=17.1071 6.98973 6.79699 6.95855 12.0171 11.2233 6.3327 6.01266 5.95632 7.00148 5.91602 5.70125 7.01907 5.00156 4.87666 4.78464 4.71366 4.69376 4.64395 4.322 4.17549 10.9772 4.14735 4.46568 3.82377 3.83358 3.60706 4.12492 3.49472 3.40316
threshold=4.7136623405178657 1.0000000180025095e-35 3.0174716476165595 16.500000000000004 19.500000000000004 28.500000000000004 0.64252069234894893 0.11531745297400052 59.307370038592801 1.0000000180025095e-35 5.2045861615751123 -1.4491239931265272 25.500000000000004 3.5000000000000004 9.5000000000000018 129.00000000000003 32.500000000000007 0.66992722111826331 0.35459761674593854 1.2846297319829549 -0.098672647007819927 8.5000000000000018 27.500000000000004 23.500000000000004 7.5000000000000009 1.8551935372537571 4.9859457890483005 2.5000000000000004 97.000000000000014 169.00000000000003
decision_type=2 2 2 2 2 2 2 2 2 2 2 2 2 2 2 2 2 2 2 2 2 2 2 2 2 2 2 2 2 2
left_child=1 8 3 10 5 6 -5 14 9 22 24 12 -9 -8 26 -6 -16 -3 -13 -12 -11 -22 23 -1 25 -2 27 -4 -26 -24
right_child=2 17 7 4 15 -7 13 11 -10 20 19 18 -14 -15 16 -17 -18 -19 -20 -21 21 -23 29 -25 28 -27 -28 -29 -30 -31
leaf_value=-0.0007206641068119152 0.00092350574777409528 -0.0069116303117589643 -0.049640828180827594 0.0037388829828818499 0.0009248284255646311 0.00096494691624147966 -0.00022921768879627681 0.0011686550133463377 -0.0028409112780457555 0.00041947676480206592 0.0015486037531966873 -8.6726558327872619e-05 -0.0018240307784231264 0.0021771275470232701 0.00099288185903376267 -0.00066422387295141485 0.00023176805909089972 -0.02098377150762968 0.0012099046266612124 -0.00072500261702068735 0.0063876037922625008 3.7096490425413759e-05 -0.0073544627575334674 0.0010883475062997258 0.001541875951401972 0.0030532364667800339 0.00077740271743946489 -0.0010679032997408309 -0.00097624963976294466 -0.0011826624708635666
leaf_weight=22731 1761 1981 274 684 1414 1677 244 6607 4013 12293 53037 83391 2141 422 11699 1758 5905 51 13522 2985 224 462 1836 3237 673 190 13691 3881 7622 3266
leaf_count=22731 1761 1981 274 684 1414 1677 244 6607 4013 12293 53037 83391 2141 422 11699 1758 5905 51 13522 2985 224 462 1836 3237 673 190 13691 3881 7622 3266
internal_value=0.000347705 -0.00048389 0.000542753 0.000936358 0.00253831 0.00479187 0.00818519 0.000340619 -0.000362448 -0.000194442 0.000786504 0.00015157 0.00137403 0.00471472 0.000904091 0.000387769 0.00149455 -0.0033563 4.12231e-05 0.000988541 0.000780877 0.00457726 -0.000601866 -0.00034581 -0.000318172 0.0016735 0.000321641 -0.000968712 -0.000786618 -0.00190513
internal_weight=263672 50094 213578 72467 6199 3027 1350 141111 48062 44049 66268 105661 8748 666 35450 3172 17604 2032 96913 56022 12979 686 31070 25968 10246 1951 17846 4155 8295 5102
internal_count=263672 50094 213578 72467 6199 3027 1350 141111 48062 44049 66268 105661 8748 666 35450 3172 17604 2032 96913 56022 12979 686 31070 25968 10246 1951 17846 4155 8295 5102
is_linear=0
shrinkage=0.05


Tree=59
num_leaves=31
num_cat=0
split_feature=18 18 22 0 29 0 27 24 24 21 13 2 22 27 1 21 2 0 1 19 24 7 3 1 29 2 28 24 27 24
split_gain=15.4322 8.53453 29.1234 7.35464 5.90066 6.01002 5.47946 5.21137 6.88892 4.93903 4.83223 6.41172 6.26488 6.223 13.4776 5.62027 4.67729 4.59248 5.63654 4.93871 4.59092 4.76702 4.29202 4.96823 4.17341 5.15396 3.99988 3.99977 3.98023 5.13326
threshold=19.214014412006815 1.2544728625078301 5.5000000000000009 4.6426673853605518 -1.8577800261288111 4.5311910660572687 4.5000000000000009 8.5000000000000018 11.500000000000002 35.500000000000007 0.14629976908977085 -1.6597463792871265 22.500000000000004 19.500000000000004 233.00000000000003 34.500000000000007 -0.11161934049214291 5.2366771055285311 109.00000000000001 55.034487268139024 2.5000000000000004 0.19160002667849954 0.030369814559519228 121.00000000000001 -0.11661615340548669 -0.63016557428911468 32.500000000000007 30.500000000000004 5.5000000000000009 13.500000000000002
decision_type=2 2 2 2 2 2 2 2 2 2 2 2 2 2 2 2 2 2 2 2 2 2 2 2 2 2 2 2 2 2
left_child=1 2 6 28 7 -6 -1 -3 -9 -4 13 12 15 -7 22 -12 -16 19 -19 24 -5 -22 23 -15 -13 -26 -23 -27 29 -2
right_child=3 4 9 20 5 10 -8 8 -10 -11 11 17 -14 14 16 -17 -18 18 -20 -21 21 26 -24 -25 25 27 -28 -29 -30 -31
leaf_value=0.0047453136655181277 -0.021719400745388834 0.00090304961155577342 0.00089988222886999464 -0.0017014940766415809 -0.0021648412295940996 0.0006613221439491048 0.0032924053728029972 -0.035000912614065433 0.002176327510145223 -0.00063348080814991934 0.0020835615606404098 -0.00050759981082667963 -0.00057192510017549305 0.001513532595635337 0.0017843937488068785 -0.00035214244702812936 0.0047759419771792357 -0.00083604121385525408 0.0011198973725032322 0.00042730299392554111 -0.051946443364874723 9.7121943393710706e-05 -0.00045646313386163624 0.00045378388477484522 0.0013395228112343201 -0.00022800861654508005 0.0019498514337953111 0.0029527615535656308 -0.0010422824045681555 0.00060586752931515025
leaf_weight=1421 1403 1945 11413 3173 2874 48529 1560 1632 652 3348 2784 22858 1364 2362 1229 699 401 6033 48431 10918 139 40654 2071 4664 2414 21459 966 793 14953 575
leaf_count=1421 1403 1945 11413 3173 2874 48529 1560 1632 652 3348 2784 22858 1364 2362 1229 699 401 6033 48431 10918 139 40654 2071 4664 2414 21459 966 793 14953 575
internal_value=0.000360254 0.000571998 0.00161932 -0.000330649 0.000471073 0.000514474 0.00612714 -0.00137503 -0.00299475 0.000708963 0.0005513 0.000365979 0.00214669 0.00091957 0.00200942 0.00327161 0.00619632 0.000289533 0.00061986 -1.83082e-05 4.00665e-06 0.000143323 0.00125921 0.00184885 -0.000238616 0.000212439 0.000174196 -2.56151e-05 -0.00121877 -0.00332659
internal_weight=263717 201854 17742 61863 184112 179883 2981 4229 2284 14761 177009 117753 4847 59256 10727 3483 1630 112906 54464 58442 44932 41759 9097 7026 47524 24666 41620 22252 16931 1978
internal_count=263717 201854 17742 61863 184112 179883 2981 4229 2284 14761 177009 117753 4847 59256 10727 3483 1630 112906 54464 58442 44932 41759 9097 7026 47524 24666 41620 22252 16931 1978
is_linear=0
shrinkage=0.05


Tree=60
num_leaves=31
num_cat=0
split_feature=18 24 24 29 29 21 21 21 29 27 24 4 17 19 18 27 22 18 27 4 22 19 29 24 18 4 6 20 29 13
split_gain=11.6603 7.7445 13.4895 27.2829 13.9653 14.3855 10.8407 9.32939 8.6756 8.3782 8.96956 7.94387 7.653 6.28055 9.13314 6.17254 13.2083 15.0594 16.9261 10.125 7.10699 5.84876 5.83237 5.73115 5.50849 5.493 5.34309 5.3352 5.03549 4.93586
threshold=5.6117468613232733 11.500000000000002 8.5000000000000018 -1.3663842572693345 0.098734064474746114 33.500000000000007 33.500000000000007 36.500000000000007 -2.0687998472287839 23.500000000000004 6.5000000000000009 0.060636400820476825 4.5000000000000009 34.924612040485123 20.315314811319141 16.500000000000004 17.500000000000004 0.64252069234894893 30.500000000000004 -0.28343323907410845 3.5000000000000004 33.922132115726804 -2.8294749043545768 9.5000000000000018 9.3195215921371357 0.055454571609730628 1.1124233223947333 0.16677339551427767 -1.7690543140210224 0.19284507468109566
decision_type=2 2 2 2 2 2 2 2 2 2 2 2 2 2 2 2 2 2 2 2 2 2 2 2 2 2 2 2 2 2
left_child=15 2 7 6 -5 11 22 9 -9 28 12 23 -11 -3 -15 25 17 18 -17 -18 -20 -10 24 -6 -4 -1 29 -21 -2 -14
right_child=1 13 3 4 5 -7 -8 8 21 10 -12 -13 26 14 -16 16 19 -19 20 27 -22 -23 -24 -25 -26 -27 -28 -29 -30 -31
leaf_value=0.00020794471072691593 0.0034355948723171119 -0.00042158697013474115 0.0047906878621801798 0.0023140341613551714 -0.066995461990217442 0.0056394439228152947 0.004241076299832231 0.0027658079891878518 -0.0094449405220955792 0.0018914410947936386 -0.0062400165783831583 0.0009431282972241742 0.00084613865859461371 0.00051793371948122226 -2.9573930287238315e-05 0.0039917064990105484 -0.0010755771252519825 0.00069081569026443611 0.005724644512321405 0.0018527495127231117 -0.0004981341455524708 -0.0020061177413723983 -0.034117790162489982 -0.0089214833762628135 -0.08270759162712317 0.0012372138864966001 0.002285987319566122 0.00028400437746402014 -0.00082531585308443563 -0.0013014029955956119
leaf_weight=56387 2086 20036 137 5141 732 363 625 814 570 3585 2154 406 2388 30712 39678 1018 2727 3884 325 878 637 2963 2343 450 1110 62603 1321 2186 13049 2253
leaf_count=56387 2086 20036 137 5141 732 363 625 814 570 3585 2154 406 2388 30712 39678 1018 2727 3884 325 878 637 2963 2343 450 1110 62603 1321 2186 13049 2253
internal_value=0.000314596 -1.51217e-05 -0.000571899 -0.00205138 -0.000157924 -0.00375961 -0.00523725 -3.54354e-05 -0.00218426 0.00031264 0.00131741 -0.00581234 0.00197497 0.0002465 0.000468817 0.000650045 0.00174818 0.00342087 0.0069697 5.43953e-05 0.00221414 -0.00325644 -0.00629526 -0.00788494 -0.00905774 0.000542483 0.000877223 0.00202676 -0.000464155 7.86474e-05
internal_weight=263561 132916 42490 11307 7092 1951 4215 31183 4347 26836 11701 1588 9547 90426 70390 130645 11655 5864 1980 5791 962 3533 3590 1182 1247 118990 5962 3064 15135 4641
internal_count=263561 132916 42490 11307 7092 1951 4215 31183 4347 26836 11701 1588 9547 90426 70390 130645 11655 5864 1980 5791 962 3533 3590 1182 1247 118990 5962 3064 15135 4641
is_linear=0
shrinkage=0.05


Tree=61
num_leaves=31
num_cat=0
split_feature=18 14 6 22 19 22 19 22 24 1 11 28 3 5 26 24 24 6 22 29 24 24 5 24 24 29 4 28 28 23
split_gain=10.1484 7.4917 10.3632 6.67491 16.4888 12.0195 7.83325 5.51768 5.16504 5.06726 4.99618 4.62421 4.56415 5.60272 4.54044 4.5009 7.60798 6.16796 5.47545 4.49852 6.45122 7.5733 5.13995 4.43911 5.15477 8.90505 4.35468 4.34909 4.05232 3.97669
threshold=4.0769321009409785 0.63949495727630767 0.1421017337975167 10.500000000000002 3.4635220791904842 5.5000000000000009 10.62415528749362 9.5000000000000018 11.500000000000002 293.00000000000006 0.14505728944897542 17.500000000000004 -0.59791147410268808 0.97617926019025292 1.0000000180025095e-35 6.5000000000000009 12.500000000000002 0.053754574504335205 14.500000000000002 -2.5608938885402721 8.5000000000000018 12.500000000000002 1.7707645836738664 9.5000000000000018 14.500000000000002 -2.1968687689319921 -0.20486876506717916 3.5000000000000004 6.5000000000000009 4.5000000000000009
decision_type=2 2 2 2 2 2 2 2 2 2 2 2 2 2 2 2 2 2 2 2 2 2 2 2 2 2 2 2 2 2
left_child=3 2 9 4 5 -1 12 8 -3 15 -10 27 28 -14 23 17 -17 18 -2 20 -9 29 -21 -4 25 -25 -19 -7 -5 -22
right_child=1 7 14 6 -6 11 -8 19 10 -11 -12 -13 13 -15 -16 16 -18 26 -20 22 21 -23 -24 24 -26 -27 -28 -29 -30 -31
leaf_value=0.0035830442572825729 0.0037911753348615317 -0.0012817604547956422 -0.0017723424340316506 0.0010194379897045045 0.00093974958053274257 0.0017599752163643984 0.0013702646780221813 0.0015409314837955151 0.00075689259687763662 0.0029864431673414893 -0.00012236907262992534 -0.0011674283608872106 0.00012740180857572731 0.0010269493661958422 -0.0036584146625345936 -0.0062884470823362437 0.00052932864748945292 0.0025435064067614033 0.0016040741366170946 0.00033593310674417352 -0.038203525188847558 0.0090203959660571011 0.00093352591316960768 -0.061102732331936596 -0.00044367431538165923 0.0026704260124733189 -0.00028411729052816979 0.0043736613931239744 -0.0013210271335248351 -0.08810895423461286
leaf_weight=2376 353 9406 11903 854 30505 913 22820 1205 5225 289 17174 975 37852 2557 3004 2557 8394 711 399 48269 651 107 16744 411 25937 5519 1360 341 4734 243
leaf_count=2376 353 9406 11903 854 30505 913 22820 1205 5225 289 17174 975 37852 2557 3004 2557 8394 711 399 48269 651 107 16744 411 25937 5519 1360 341 4734 243
internal_value=0.000331782 8.17278e-05 -0.000354964 0.000716417 0.00127741 0.00406623 0.0004302 0.000350017 -0.000192579 0.000835171 0.000220323 0.00142889 5.44607e-05 0.000239675 -0.000712789 0.000697692 0.000238792 0.00247786 0.00635638 0.000606749 -0.00161378 -0.00458042 0.000682095 -0.000583733 -0.00027599 0.00105396 0.00106953 0.003437 -0.0012849 -0.00608501
internal_weight=263788 159861 60837 103927 35110 4605 68817 99024 31805 14063 22399 2229 45997 40409 46774 13774 10951 2823 752 67219 2206 1001 65013 43770 31867 5930 2071 1254 5588 894
internal_count=263788 159861 60837 103927 35110 4605 68817 99024 31805 14063 22399 2229 45997 40409 46774 13774 10951 2823 752 67219 2206 1001 65013 43770 31867 5930 2071 1254 5588 894
is_linear=0
shrinkage=0.05


Tree=62
num_leaves=31
num_cat=0
split_feature=18 18 22 4 19 18 1 24 24 0 21 24 24 0 2 0 17 24 24 24 1 18 22 19 0 24 2 3 4 0
split_gain=10.3632 6.83211 24.6138 5.37662 6.37707 9.04034 6.84539 6.50823 6.08629 5.68607 6.56393 9.35428 30.9358 7.19389 5.74278 5.64488 5.54384 4.93104 10.3159 4.82708 5.97339 4.76526 6.51216 5.48593 4.74038 4.70254 5.35337 4.66866 4.51543 4.31272
threshold=22.257003997505439 1.3256835252430694 5.5000000000000009 0.11236170673522232 31.550804026682815 6.1663099423067758 289.00000000000006 5.5000000000000009 14.500000000000002 5.1286703667030071 33.500000000000007 6.5000000000000009 14.500000000000002 5.0448809385801114 -1.3915757337948456 5.0690024785453636 8.5000000000000018 8.5000000000000018 11.500000000000002 6.5000000000000009 233.00000000000003 11.475555918351697 7.5000000000000009 40.672777433114675 4.3036100609115797 8.5000000000000018 -1.3640509607722582 -1.1248032878720655 -0.28343323907410845 4.6786224635956151
decision_type=2 2 2 2 2 2 2 2 2 2 2 2 2 2 2 2 2 2 2 2 2 2 2 2 2 2 2 2 2 2
left_child=1 2 -1 4 29 7 9 -6 -9 10 11 13 15 21 -14 16 17 -13 -19 20 -5 -7 -23 -24 -2 -11 -27 -8 -4 -3
right_child=24 3 28 19 5 6 27 8 -10 25 -12 12 14 -15 -16 -17 -18 18 -20 -21 -22 22 23 -25 -26 26 -28 -29 -30 -31
leaf_value=0.0031297287758078581 -0.0060527406480976598 -0.0012142255911219402 -0.00051322614242341874 -0.00060645598121089497 0.0032639085862236038 0.0019776247204713444 -0.00096564168374960407 -0.0014249603139208982 0.0014728514187033782 -0.00014342815576903769 -0.00048752096483334003 -0.0029728658390055047 0.0014559869745116294 -0.001215559014361132 0.00037027759135816677 0.0034454008608954868 0.0047789323493658544 -0.039724116744179042 -0.0048846189879698347 0.0014585858508475086 0.0040130510069853317 -0.0011320074338775478 -0.0021647525587186515 0.0019992632977502141 -0.00021068830740297268 -0.030455868125004584 0.0011409771832921879 0.0020371636814986304 0.00091961969534568977 8.8875380893576342e-05
leaf_weight=3345 798 7702 5166 7321 666 1871 131 1050 1838 1514 10139 1783 3627 527 16633 492 460 2737 2846 42238 2052 894 450 2700 50708 94 3866 829 11182 78041
leaf_count=3345 798 7702 5166 7321 666 1871 131 1050 1838 1514 10139 1783 3627 527 16633 492 460 2737 2846 42238 2052 894 450 2700 50708 94 3866 829 11182 78041
internal_value=0.00034964 0.000504068 0.0013911 0.000413323 0.00025339 0.000672839 0.000504817 0.00311199 0.00208449 0.000425514 0.000241038 0.000565392 0.00017741 0.00228656 0.00123149 -0.00239 -0.00271659 -0.00304914 -0.00378023 0.000849916 -0.00017657 0.00278529 0.00181998 0.00288889 -0.000286568 0.00194739 0.00285354 0.0046875 0.00059151 -1.63856e-05
internal_weight=263700 212194 19693 192501 140890 55147 51593 3554 2888 50633 45159 35020 28578 6442 20260 8318 7826 7366 5583 51611 9373 5915 4044 3150 51506 5474 3960 960 16348 85743
internal_count=263700 212194 19693 192501 140890 55147 51593 3554 2888 50633 45159 35020 28578 6442 20260 8318 7826 7366 5583 51611 9373 5915 4044 3150 51506 5474 3960 960 16348 85743
is_linear=0
shrinkage=0.05


Tree=63
num_leaves=31
num_cat=0
split_feature=18 0 11 0 27 1 13 24 0 24 0 26 11 24 21 0 27 21 13 0 0 5 21 21 0 11 27 21 24 15
split_gain=13.8434 8.49019 7.49216 5.61902 5.60961 10.5247 7.18335 5.57613 10.5117 6.06555 6.24991 5.22895 5.75974 4.95222 4.91443 4.375 4.25095 4.24871 4.18122 4.12866 4.07402 3.59493 3.41163 3.40446 5.84264 3.52941 5.27931 5.14157 4.34324 3.23626
threshold=15.13058039051147 5.1227863320152851 0.10070083388043331 4.3036100609115797 19.500000000000004 233.00000000000003 0.18753631469431886 6.5000000000000009 5.1089575002527212 10.500000000000002 4.8066698993475034 1.0000000180025095e-35 0.75742808558791541 9.5000000000000018 32.500000000000007 4.7105902035041884 18.500000000000004 36.500000000000007 0.11531745297400052 5.2086614638248561 5.0517303177099064 1.4450547285963855 31.500000000000004 27.500000000000004 4.9798296441859744 0.68523801880228752 7.5000000000000009 31.500000000000004 14.500000000000002 26.500000000000004
decision_type=2 2 2 2 2 2 2 2 2 2 2 2 2 2 2 2 2 2 2 2 2 2 2 2 2 2 2 2 2 2
left_child=2 3 4 -2 17 7 14 8 18 20 -11 12 13 -4 -7 -8 -14 -1 -6 21 -9 -15 -18 24 -5 29 28 -28 -27 -25
right_child=1 -3 11 23 5 6 15 9 -10 10 -12 -13 16 19 -16 -17 22 -19 -20 -21 -22 -23 -24 25 -26 26 27 -29 -30 -31
leaf_value=0.00082908072237674257 -0.0075932289944984398 0.00090457259470690045 -0.00024482735601936631 -0.0025297214765850513 0.0022366092400489031 0.0041569996857756218 0.0027705747101739926 -0.025239360323333751 -0.006802930750042728 -0.0011038984703617108 0.00080926598616307523 -0.00087208179436256371 0.00074187024476310198 -0.00033514029184015929 0.0022265023361075424 -0.0015023744669464931 0.0016415685074183271 -0.000726145669388317 0.00071706064094267973 0.0011183060167612676 0.0014468259256166902 0.00037065059877302068 0.00071116957858896753 -0.00034057488837437586 0.0011533936882324395 -0.012335418837974656 0.0011251488130337879 -0.00032241885620928293 0.00061298076598318026 -0.0034910502407535498
leaf_weight=33932 841 3961 29129 3379 1930 887 189 1068 249 1406 3015 10577 23639 15235 259 216 2571 2128 887 46367 214 8358 2814 47413 693 3108 10201 6054 1455 1515
leaf_count=33932 841 3961 29129 3379 1930 887 189 1068 249 1406 3015 10577 23639 15235 259 216 2571 2128 887 46367 214 8358 2814 47413 693 3108 10201 6054 1455 1515
internal_value=0.000298268 -0.000257567 0.000534393 -0.000377248 0.00108452 0.0021124 0.00590909 0.00144087 0.00316047 0.000516395 0.00139448 0.000350422 0.000438637 0.000257194 0.00793194 0.000185186 0.00105809 0.00079035 0.00403088 0.000485278 -0.0025117 -5.31931e-05 0.00232591 -0.000330948 -0.00173625 -0.000248903 0.000296379 0.000718241 -0.00120644 -0.00048091
internal_weight=263690 78620 185070 74659 46380 10320 1551 8769 3066 5703 4421 138690 128113 99089 1146 405 29024 36060 2817 69960 1282 23593 5385 73818 4072 69746 20818 16255 4563 48928
internal_count=263690 78620 185070 74659 46380 10320 1551 8769 3066 5703 4421 138690 128113 99089 1146 405 29024 36060 2817 69960 1282 23593 5385 73818 4072 69746 20818 16255 4563 48928
is_linear=0
shrinkage=0.05


Tree=64
num_leaves=31
num_cat=0
split_feature=18 27 1 13 9 0 29 22 0 27 27 29 0 26 16 29 13 12 2 5 22 19 27 18 19 0 0 17 6 17
split_gain=10.3877 7.49248 9.69568 9.28773 7.64568 7.39973 6.25822 6.02023 4.96454 4.83966 4.90836 5.65647 4.62823 4.67949 4.19282 4.0971 4.23292 3.97735 4.41995 3.9506 4.11614 7.89635 6.25715 5.16172 4.10715 4.63873 3.98022 3.94749 3.94741 4.59554
threshold=14.885862422225669 19.500000000000004 257.00000000000006 0.14808046309421688 0.74278328224799639 5.1227863320152851 -0.085516350746877828 9.5000000000000018 4.5989605807911609 23.500000000000004 5.5000000000000009 -1.5062216332329936 5.2626579170538763 1.0000000180025095e-35 0.70387546403000079 1.0363813241343511 0.29606682118979605 1.3662730699813521 0.35459761674593854 2.452464905224168 8.5000000000000018 4.1037525592591368 6.5000000000000009 4.9207779672608334 52.822078734317309 5.2160289187615172 5.2160289187615172 8.5000000000000018 0.077457843849513305 7.5000000000000009
decision_type=2 2 2 2 2 2 2 2 2 2 2 2 2 2 2 2 2 2 2 2 2 2 2 2 2 2 2 2 2 2
left_child=1 12 4 14 6 7 -3 9 -5 10 11 -2 13 19 -4 -13 -17 -14 -19 20 21 28 23 -23 25 27 -21 -22 29 -1
right_child=5 2 3 8 -6 -7 -8 -9 -10 -11 -12 15 17 -15 -16 16 -18 18 -20 26 24 22 -24 -25 -26 -27 -28 -29 -30 -31
leaf_value=-0.0064205394929175846 -0.052359908741785234 0.00035512797722038881 0.0036302124658046872 0.0063717369165958732 -0.0026477579038143998 0.00081878620280287416 0.0011850410857978076 4.926679671910818e-05 0.00036405962202342205 -0.0023052296309952771 -0.00020189002541126254 -7.9448037593174276e-05 0.0010716414040256013 -0.0014116759228265114 0.0020123597287685278 -0.051850231591198365 0.001516535347411304 -0.0017017513756335024 0.010545692893083849 0.00062772662659624754 -0.0006561107185587829 0.00085837829848272392 0.00096420588781848636 -0.0018289308133383254 0.00069396305277392566 0.0004370729884281136 0.0015876092661166329 0.0016300418268870556 0.0033317014729923769 0.016379606168253274
leaf_weight=289 818 17175 604 122 975 4084 6483 49998 1488 4681 17960 1861 68267 6961 581 254 147 2511 242 6533 25648 8906 2931 4774 3453 22167 504 1291 1801 81
leaf_count=289 818 17175 604 122 975 4084 6483 49998 1488 4681 17960 1861 68267 6961 581 254 147 2511 242 6533 25648 8906 2931 4774 3453 22167 504 1291 1801 81
internal_value=0.000327782 0.000534614 0.00129685 0.00408766 0.00098019 -0.000148553 0.00115902 -0.00026037 0.00161491 -0.000881964 -0.000558459 -0.0024026 0.000400905 0.000152744 0.00744726 -0.00111406 -0.00569825 0.000699099 -0.00116418 0.000263085 0.000151596 0.000786924 0.000416291 -3.28941e-05 -7.54384e-05 -0.000192644 0.00139335 -0.000633468 0.00362276 -0.00108108
internal_weight=263590 183787 27428 2795 24633 79803 23658 75719 1610 25721 21040 3080 156359 85339 1185 2262 401 71020 2753 78378 71341 18782 16611 13680 52559 49106 7037 26939 2171 370
internal_count=263590 183787 27428 2795 24633 79803 23658 75719 1610 25721 21040 3080 156359 85339 1185 2262 401 71020 2753 78378 71341 18782 16611 13680 52559 49106 7037 26939 2171 370
is_linear=0
shrinkage=0.05


Tree=65
num_leaves=31
num_cat=0
split_feature=18 27 22 2 27 18 22 27 19 4 27 4 22 27 27 24 13 18 22 19 18 24 2 22 4 18 19 2 24 2
split_gain=8.35493 8.63896 10.4469 13.3326 11.405 9.56058 7.29304 8.90439 7.12869 10.6094 6.50845 6.47158 5.37036 5.99062 5.98337 6.75636 5.61234 5.56634 5.29873 5.11233 5.48427 5.09117 5.15556 4.98473 4.56557 4.45557 4.41764 4.33831 4.22747 4.1066
threshold=11.475555918351697 19.500000000000004 20.500000000000004 -0.057819188605537843 29.500000000000004 0.80007067171630586 7.5000000000000009 27.500000000000004 31.550804026682815 -0.4702168439600225 30.500000000000004 -0.28343323907410845 12.500000000000002 23.500000000000004 4.5000000000000009 11.500000000000002 0.23434064442472083 42.406654588276702 2.5000000000000004 55.034487268139024 25.51950395513769 11.500000000000002 -1.6169592519082843 3.5000000000000004 -0.070762425413367039 9.0979409974958525 0.12425885854174255 0.30538540334262315 8.5000000000000018 -0.067339956733051556
decision_type=2 2 2 2 2 2 2 2 2 2 2 2 2 2 2 2 2 2 2 2 2 2 2 2 2 2 2 2 2 2
left_child=1 21 3 5 -5 10 8 24 -7 -10 -3 26 13 14 15 16 -2 -16 -6 -14 -21 27 -23 -12 -8 -11 -4 -1 -20 -15
right_child=12 2 11 4 18 6 7 -9 9 25 23 -13 19 29 17 -17 -18 -19 28 20 -22 22 -24 -25 -26 -27 -28 -29 -30 -31
leaf_value=-0.00037595730456937613 -0.044304091948480173 0.003488899056999022 -0.0037485501190164063 0.003189746149767041 0.0054790588696340863 -0.00071465188936358165 0.0025098293546550587 0.00041854221666852068 0.002269428844885998 0.00049851733837011651 0.0038767277120724864 0.0006476412633828533 -0.00055025572254306513 -0.0013087973274288379 0.00026725289958106003 0.00025025597831099185 -0.0057164601791070144 -0.0014085084234970217 0.0036353895826427307 0.00061289619637302627 -3.1133941211156886e-05 0.0016690756829570359 0.00057827280397379879 -0.00027533714245065198 -0.00011291279649969704 -0.0025944464858876776 -0.00056309378878156261 0.0010925252546799406 -0.014773521350640018 0.0050181705562809932
leaf_weight=36616 1038 753 353 714 152 3256 1863 2965 782 916 211 3738 12233 8740 22676 1585 857 5723 128 20265 22340 1457 98457 560 348 470 3401 11120 197 95
leaf_count=36616 1038 753 353 714 152 3256 1863 2965 782 916 211 3738 12233 8740 22676 1585 857 5723 128 20265 22340 1457 98457 560 348 470 3401 11120 197 95
internal_value=0.000305236 0.000517076 0.0014709 0.0023113 0.00735936 0.00181541 0.00128302 0.00262558 1.84425e-06 0.00222325 0.00551837 -2.26903e-05 -6.82345e-05 -0.000503266 -0.000183976 -0.0021408 -0.00415567 5.58124e-05 0.00137317 0.000254751 0.000513438 0.000382662 0.000585604 0.00228924 0.00502714 -0.00040404 -0.00148908 -4.2106e-05 -0.00223077 -0.00165535
internal_weight=264009 168457 20807 13315 1191 12124 10600 5176 5424 2168 1524 7492 95552 40714 31879 3480 1895 28399 477 54838 42605 147650 99914 771 2211 1386 3754 47736 325 8835
internal_count=264009 168457 20807 13315 1191 12124 10600 5176 5424 2168 1524 7492 95552 40714 31879 3480 1895 28399 477 54838 42605 147650 99914 771 2211 1386 3754 47736 325 8835
is_linear=0
shrinkage=0.05


Tree=66
num_leaves=31
num_cat=0
split_feature=0 24 24 1 29 24 29 24 0 17 0 18 17 27 24 22 29 28 29 18 24 26 17 14 20 24 4 0 1 24
split_gain=8.93002 8.81215 13.2264 13.0699 12.066 5.7653 7.28479 7.60904 17.7447 15.9327 11.5616 15.0024 7.38981 7.20855 7.23412 6.49083 6.12037 5.69539 5.68604 5.62846 5.37743 5.2131 5.25048 5.32348 5.55299 8.28152 10.1874 5.40542 5.20519 5.17647
threshold=4.6098625740792736 2.5000000000000004 9.5000000000000018 157.00000000000003 -3.1903952382278615 11.500000000000002 5.8911258848236683 7.5000000000000009 5.0848964481369547 4.5000000000000009 5.0448809385801114 12.328031187125188 4.5000000000000009 6.5000000000000009 8.5000000000000018 18.500000000000004 -0.1447414298498155 31.500000000000004 -2.0687998472287839 62.107379387004379 11.500000000000002 1.0000000180025095e-35 8.5000000000000018 7.9742786010598756 1.2782096704950086 14.500000000000002 -0.4421279035433397 4.811192744896907 101.00000000000001 7.5000000000000009
decision_type=2 2 2 2 2 2 2 2 2 2 2 2 2 2 2 2 2 2 2 2 2 2 2 2 2 2 2 2 2 2
left_child=1 19 3 -3 -4 6 7 10 9 -9 11 12 -2 14 -11 -13 -14 -16 -7 -1 -6 22 23 24 -20 -26 -27 -28 -15 -5
right_child=5 2 4 29 20 18 -8 8 -10 13 -12 15 16 28 17 -17 -18 -19 21 -21 -22 -23 -24 -25 25 26 27 -29 -30 -31
leaf_value=0.0028492290074439239 0.0022924531531951261 -0.015753580600511057 -0.11280066564274989 0.0039411186795457335 0.0062620998522016818 0.0048001809011751053 -0.0048516570630762184 -0.035750842587119726 0.00055871138375237388 0.0065498640551343969 -0.00016229993303030056 -0.0007018416162088406 0.00024750112215134602 -0.02809201741245354 -0.031236555030837443 0.0013478029376986062 0.0018695214566417429 0.0073300938473449227 0.0005051727389876595 -0.011558050675267724 -0.00051580175971024966 -0.00036167853730001366 0.0014318168174891777 0.0014764506206591541 0.0030862994970641414 0.00039330903343497549 0.00061780324583839532 -0.00090816871291895065 0.0019427497867485868 -0.052524974748492909
leaf_weight=1561 3183 1818 210 743 792 1058 1487 4035 16144 648 30708 6865 2823 236 2289 5408 2172 275 122645 74 15349 17372 2952 4082 1703 4037 1041 6497 4787 342
leaf_count=1561 3183 1818 210 743 792 1058 1487 4035 16144 648 30708 6865 2823 236 2289 5408 2172 275 122645 74 15349 17372 2952 4082 1703 4037 1041 6497 4787 342
internal_value=0.000265973 -0.00072598 -0.00102524 -0.00413538 -0.000473059 0.000351438 7.40252e-06 7.21985e-05 -0.000583867 -0.00201711 0.000436581 0.00135764 0.00301663 -0.000755919 -0.00260585 0.00025218 0.00181682 -0.00379875 0.000524237 0.00279817 -0.000318133 0.000500128 0.000599517 0.000555516 0.000502086 -0.000469197 -0.000948164 -0.0020337 0.000427036 0.000207374
internal_weight=263336 20889 19254 2903 16351 242447 81060 79573 28414 12270 51159 20451 8178 8235 3212 12273 4995 2564 161387 1635 16141 160329 142957 140005 135923 13278 11575 7538 5023 1085
internal_count=263336 20889 19254 2903 16351 242447 81060 79573 28414 12270 51159 20451 8178 8235 3212 12273 4995 2564 161387 1635 16141 160329 142957 140005 135923 13278 11575 7538 5023 1085
is_linear=0
shrinkage=0.05


Tree=67
num_leaves=31
num_cat=0
split_feature=18 22 18 0 27 27 4 24 24 1 26 24 29 24 29 0 18 22 13 24 29 0 1 18 23 12 29 22 1 21
split_gain=9.37499 8.3714 17.5642 7.46046 6.48266 6.95974 6.31955 6.20627 9.33556 17.8593 4.99162 4.93801 5.99736 5.65135 11.8182 9.37426 12.7447 8.11457 8.08851 7.64018 5.44502 6.55284 8.11888 5.38255 5.16171 4.64889 4.64471 4.63099 4.54597 10.5742
threshold=3.0174716476165595 8.5000000000000018 0.9153330097459661 4.6245658589774434 7.5000000000000009 28.500000000000004 -0.28343323907410845 2.5000000000000004 6.5000000000000009 157.00000000000003 1.0000000180025095e-35 11.500000000000002 -2.0687998472287839 7.5000000000000009 -1.3267258088422953 5.0258752632043366 11.475555918351697 18.500000000000004 0.11084762384796588 9.5000000000000018 -0.98629016210140319 5.0085047394125981 161.00000000000003 52.454160089108875 3.5000000000000004 0.74118645805384509 6.8981135525598924 3.5000000000000004 133.00000000000003 2.5000000000000004
decision_type=2 2 2 2 2 2 2 2 2 2 2 2 2 2 2 2 2 2 2 2 2 2 2 2 2 2 2 2 2 2
left_child=1 2 4 7 -1 -6 -3 -2 9 26 11 13 -13 15 -15 16 18 -18 -5 20 -16 22 24 25 -22 -19 -9 -7 29 -14
right_child=3 6 -4 10 5 27 -8 8 -10 -11 -12 12 28 14 19 -17 17 23 -20 -21 21 -23 -24 -25 -26 -27 -28 -29 -30 -31
leaf_value=0.0015291277790186655 0.0016529563287240327 -0.00068068190998479112 0.0010072549498085601 0.0024632659872324374 0.0027035122348324689 0.0043586739320631614 0.00066259695202646493 -0.021647908305288548 -0.00071292621705112632 0.0019550477969439068 -0.00083502556229245488 0.0049422242236728383 -0.00045752409683382037 -0.024958237907198411 0.0058593458852060206 -0.00048265600068112555 -0.00083036793445179745 0.00093514923565968678 0.00098634300921386772 0.0022940397900115123 -0.076831287254816485 -0.00041583094233196079 -0.0047822298983138172 -0.0073447214761637111 -0.029499294878968692 0.0031574544366925351 -0.025847520712160052 0.00070914946220169918 0.00023729442159815527 0.00069697165031415399
leaf_weight=1301 1708 6028 17586 2209 794 477 48750 887 18979 785 12739 821 6860 4616 576 17765 7169 3502 3012 6359 524 4555 1564 405 387 1713 50 540 77042 14327
leaf_count=1301 1708 6028 17586 2209 794 477 48750 887 18979 785 12739 821 6860 4616 576 17765 7169 3502 3012 6359 524 4555 1564 405 387 1713 50 540 77042 14327
internal_value=0.000296747 0.000767662 0.00162431 0.000108245 0.00508676 0.00702098 0.000443974 -0.000748136 -0.00098715 -0.00451219 0.000223751 0.000302727 0.000512873 -8.02113e-05 -0.000787632 0.000287212 0.00109106 0.000241224 0.00317276 -6.2656e-05 -0.001132 -0.00151494 -0.00358586 0.0016637 -0.00733809 0.00209492 -0.00917289 0.0042822 0.000477304 0.00112593
internal_weight=264030 75476 20698 188554 3112 1811 54778 22409 20701 1722 166145 153406 99050 54356 18581 35775 18010 12789 5221 13965 7606 7030 2475 5620 911 5215 937 1017 98229 21187
internal_count=264030 75476 20698 188554 3112 1811 54778 22409 20701 1722 166145 153406 99050 54356 18581 35775 18010 12789 5221 13965 7606 7030 2475 5620 911 5215 937 1017 98229 21187
is_linear=0
shrinkage=0.05


Tree=68
num_leaves=31
num_cat=0
split_feature=0 2 22 2 11 22 12 19 2 26 0 11 22 27 27 11 29 29 21 1 21 11 20 13 29 16 1 12 14 2
split_gain=9.18861 5.0648 8.30628 4.91734 4.38405 5.2141 6.96226 4.98828 4.18189 3.97515 4.56178 4.583 5.89453 4.34873 3.90758 3.71518 5.63138 4.65071 5.45158 5.41831 4.07071 3.5762 3.27088 3.3728 4.52173 3.18264 3.10209 3.63455 3.09185 3.07267
threshold=4.7512206636374144 -0.17572064314598629 2.5000000000000004 -2.2061208945628308 0.10070083388043331 2.5000000000000004 1.0000000180025095e-35 8.6454315145531719 -0.13108311765750444 1.0000000180025095e-35 4.3036100609115797 0.68523801880228752 2.5000000000000004 9.5000000000000018 19.500000000000004 0.35513130051576586 -1.9534123769382994 -2.1968687689319921 33.500000000000007 189.00000000000003 33.500000000000007 1.0771579996889817 0.10064845542189506 0.10315861698874539 -0.58499218565636679 0.04712129531109268 253.00000000000003 0.74118645805384509 2.623059045705324 -0.81785249147740702
decision_type=2 2 2 2 2 2 2 2 2 2 2 2 2 2 2 2 2 2 2 2 2 2 2 2 2 2 2 2 2 2
left_child=1 9 8 -2 5 6 -5 -8 -3 10 -1 15 21 -11 -15 17 20 18 -12 -20 28 -13 23 24 -7 -24 -14 -28 29 -17
right_child=3 2 -4 4 -6 22 7 -9 -10 13 11 12 26 14 -16 16 -18 -19 19 -21 -22 -23 25 -25 -26 -27 27 -29 -30 -31
leaf_value=-0.006161798700207128 0.0016223992345601715 -0.00025797298038771971 0.00044574700281637238 0.0028071018971981918 0.00026539120025957283 -0.00067705713605365218 0.003182722461267825 0.00019527353733660171 0.0042982625477238842 -0.032744528114579279 -0.053148482542640735 0.0029422035203584608 0.00042197955626019845 0.0017018253203373624 -0.0064986272640554848 -0.082737033347948227 -0.0014385067721387054 -6.3443448328550251e-05 -0.10519865755465203 0.0055058752870028836 0.0065188078868076114 -0.0097625007562232025 -0.00099879454680906732 0.00067557932625743789 0.0016820292693097241 0.00031519767796388991 0.00045491666727551526 0.0029643293627922853 0.01032567292967293 -0.0037771573085843692
leaf_weight=946 1951 176 5375 684 152794 1281 664 1863 508 573 1174 317 12131 938 873 51 9999 24598 80 375 363 1116 2502 12192 5569 21633 1514 1115 214 179
leaf_count=946 1951 176 5375 684 152794 1281 664 1863 508 573 1174 317 12131 938 873 51 9999 24598 80 375 363 1116 2502 12192 5569 21633 1514 1115 214 179
internal_value=0.000266619 -0.000262317 0.00111157 0.000431282 0.000406814 0.000832543 0.00277639 0.0015651 0.00630117 -0.000409505 -0.000321568 -0.000260398 0.000441241 -0.00240772 -0.00120652 -0.000567196 -0.0013474 -0.000245739 -0.00283303 0.00181319 0.00267038 -0.00262038 0.000687983 0.00117792 0.00206569 0.00030143 0.000738483 0.00229555 -0.00054054 -0.00456522
internal_weight=263748 62615 6059 201133 199182 46388 3211 2527 684 56556 54172 53226 16193 2384 1811 37033 10806 26227 1629 455 807 1433 43177 19042 6850 24135 14760 2629 444 230
internal_count=263748 62615 6059 201133 199182 46388 3211 2527 684 56556 54172 53226 16193 2384 1811 37033 10806 26227 1629 455 807 1433 43177 19042 6850 24135 14760 2629 444 230
is_linear=0
shrinkage=0.05


Tree=69
num_leaves=31
num_cat=0
split_feature=18 13 15 28 4 18 1 24 29 11 28 11 2 24 24 29 24 21 21 24 7 2 24 2 28 28 28 14 21 13
split_gain=6.74306 6.18563 8.82378 4.72447 7.75319 6.64158 9.04299 4.53552 4.39028 4.07414 3.92839 3.32772 3.81051 3.50086 2.81812 2.99959 11.9421 6.76266 4.11813 8.4087 8.5881 4.9873 5.07277 4.74246 3.70633 3.57019 5.09437 3.47676 3.43361 3.35843
threshold=1.7334809611990238 0.14481157110135404 4.5000000000000009 11.500000000000002 -0.5230896941165869 14.651114474945253 261.00000000000006 27.500000000000004 -1.4571161936178669 0.21744176315733951 1.0000000180025095e-35 1.0267070413001731 -0.089270723784941969 6.5000000000000009 11.500000000000002 -1.3663842572693345 8.5000000000000018 33.500000000000007 33.500000000000007 7.5000000000000009 0.63267750195011807 -0.74097464325254292 6.5000000000000009 -2.6633747714126801 30.500000000000004 22.500000000000004 9.5000000000000018 2.623059045705324 29.500000000000004 1.9767836685517983
decision_type=2 2 2 2 2 2 2 2 2 2 2 2 2 2 2 2 2 2 2 2 2 2 2 2 2 2 2 2 2 2
left_child=10 3 14 4 5 6 -2 -6 -7 -8 -1 12 13 -10 15 16 -3 -18 21 20 24 22 25 -24 29 26 28 -21 -17 -20
right_child=1 2 -4 -5 7 8 9 -9 11 -11 -12 -13 -14 -15 -16 18 17 -19 19 27 -22 -23 23 -25 -26 -27 -28 -29 -30 -31
leaf_value=0.002735938476738824 0.0011589760287300241 0.0012550528228972243 -0.00050827117713605943 -1.0869384810165775e-05 0.00073284808515998109 -0.0076623495738104971 0.0032582087570346622 -0.00069531586649386012 0.0026611860597080608 0.0007870439365060529 0.00064176278599019051 0.0030308832835294836 0.0072656851327509656 -0.00073161778522333335 0.00035968968383630361 4.2388948763763742e-05 -0.03925863080886291 0.0085002503253619327 -8.4148312334532107e-05 -0.0011607702412282028 -0.0067606854471064324 -0.0001175925174450813 -0.081791442275490012 -0.00021739549496127111 0.0014293261313479424 0.0068959265231737059 -0.002063334615182915 0.0041249163069195464 0.0020331250842838306 -0.040564125118796521
leaf_weight=1102 1948 2552 55505 26018 33495 452 681 5841 606 168 31952 794 108 1617 70100 822 1625 289 659 641 1118 19613 87 1767 172 514 581 689 2075 102
leaf_count=1102 1948 2552 55505 26018 33495 452 681 5841 606 168 31952 794 108 1617 70100 822 1625 289 659 641 1118 19613 87 1767 172 514 581 689 2075 102
internal_value=0.000235483 0.000139764 -3.42009e-05 0.000525179 0.000831329 0.00244901 0.00427422 0.000569199 0.00102181 0.00858068 0.000903371 0.001688 0.000735736 0.000290149 0.000238768 -0.000139914 -0.00134572 -0.00433124 4.68106e-05 -0.00159272 -0.00360068 0.000264544 0.00154636 -0.000614886 -5.8949e-05 0.0025501 0.00197527 0.00150376 0.00283224 -0.00155716
internal_weight=263693 230639 158911 71728 45710 6374 2797 39336 3577 849 33054 3125 2331 2223 103406 33306 4466 1914 28840 3381 2051 25459 5846 1854 933 3992 3478 1330 2897 761
internal_count=263693 230639 158911 71728 45710 6374 2797 39336 3577 849 33054 3125 2331 2223 103406 33306 4466 1914 28840 3381 2051 25459 5846 1854 933 3992 3478 1330 2897 761
is_linear=0
shrinkage=0.05


Tree=70
num_leaves=31
num_cat=0
split_feature=18 0 26 11 11 29 24 29 27 29 23 0 18 5 28 1 0 18 14 2 5 0 28 7 24 24 27 20 24 29
split_gain=7.68331 5.80745 4.6841 4.14199 6.30565 4.51778 5.77162 4.24031 4.01913 3.82128 4.94724 3.56958 3.47279 6.82215 7.28635 10.5084 4.03714 3.45433 3.44363 3.39143 3.37084 3.32038 3.2895 3.1528 3.11519 9.25147 3.86858 3.16436 3.39313 5.94449
threshold=3.5919980809026071 4.5208249664032918 1.0000000180025095e-35 0.68523801880228752 0.14070212066875659 -2.8294749043545768 8.5000000000000018 -1.691767014093873 24.500000000000004 -1.8577800261288111 1.5000000000000002 4.6568054714595153 13.003328952775066 0.87998661605927075 11.500000000000002 233.00000000000003 5.0848964481369547 7.2971603810902161 0.88404990910509451 -1.5310981106558179 2.226293618553032 5.2581167805262305 29.500000000000004 0.36255532773163052 9.5000000000000018 1.5000000000000002 7.5000000000000009 0.70728938418057841 28.500000000000004 -0.15303629100651941
decision_type=2 2 2 2 2 2 2 2 2 2 2 2 2 2 2 2 2 2 2 2 2 2 2 2 2 2 2 2 2 2
left_child=8 24 3 4 7 6 20 -3 -1 10 -4 -8 13 -9 15 -15 23 -17 -11 -7 -5 22 -6 -14 25 -2 -26 -28 -29 -30
right_child=1 2 9 5 21 19 11 12 -10 18 -12 -13 16 14 -16 17 -18 -19 -20 -21 -22 -23 -24 -25 26 -27 27 28 29 -31
leaf_value=0.00059468234280448317 0.0014758481448413235 -0.00735241490583197 -0.083179333308491865 0.0055729355081516876 -0.00035845806162086323 0.001313875005913975 -0.096764863421678227 0.00010716924266957781 0.00096659778783788101 -0.0017057016996299178 -0.020385202420341395 -0.026737685356720931 -0.0053350250102794546 0.00086971403770068562 0.00050239910925013492 -0.00042408296742584874 0.00059511888929909601 0.0028327883214468216 0.00010129281464821022 0.00041799293835628314 -0.12142979593017096 0.00085197666578140966 0.00085709815876477589 -5.8467950708319179e-05 0.0050609598228051542 -0.015359807192199749 -0.0038351388662012363 0.0001876496246288704 -0.0014362441704999732 -0.010194026387190819
leaf_weight=87496 528 2523 80 491 58385 7177 224 10768 4857 4921 276 283 766 4669 6977 128 3377 1135 6730 27922 62 11196 3491 12228 399 932 1557 3409 764 137
leaf_count=87496 528 2523 80 491 58385 7177 224 10768 4857 4921 276 283 766 4669 6977 128 3377 1135 6730 27922 62 11196 3491 12228 399 932 1557 3409 764 137
internal_value=0.000261361 6.33987e-05 0.000126581 0.000201777 5.57325e-05 0.000668852 -0.00254717 0.000539452 0.000629054 -0.000824102 -0.00592697 -0.00640039 0.000664703 0.00105187 0.00182702 0.00311531 0.000104759 0.00716152 -0.000668182 0.000765977 0.000985534 -0.000226078 -0.000369448 -0.00029552 -0.00127621 -0.00335616 -0.000791573 -0.00111556 -0.000417633 -0.0031465
internal_weight=263888 171535 163809 151802 115643 36159 1060 42571 92353 12007 356 507 40048 23677 12909 5932 16371 1263 11651 35099 553 73072 61876 12994 7726 1460 6266 5867 4310 901
internal_count=263888 171535 163809 151802 115643 36159 1060 42571 92353 12007 356 507 40048 23677 12909 5932 16371 1263 11651 35099 553 73072 61876 12994 7726 1460 6266 5867 4310 901
is_linear=0
shrinkage=0.05


Tree=71
num_leaves=31
num_cat=0
split_feature=18 26 0 0 21 0 29 18 2 29 28 17 0 13 0 1 27 21 27 17 1 27 27 7 16 1 27 2 5 3
split_gain=7.20039 5.63324 5.02654 4.99516 4.85308 7.9645 8.11684 6.51709 4.98728 5.61617 4.59545 4.52992 4.42825 4.32681 4.77021 4.62501 4.25163 4.74066 4.08296 4.41842 3.99783 8.63439 3.84509 3.74791 3.72093 3.7189 3.50716 3.44213 3.88528 3.28407
threshold=28.511877617768629 1.0000000180025095e-35 4.5311910660572687 4.3036100609115797 34.500000000000007 5.1022775351308658 -1.4571161936178669 1.2544728625078301 -0.88887397286016012 -1.4571161936178669 1.0000000180025095e-35 8.5000000000000018 4.6603476403907047 0.14481157110135404 5.2160289187615172 109.00000000000001 18.500000000000004 32.500000000000007 16.500000000000004 8.5000000000000018 233.00000000000003 18.500000000000004 27.500000000000004 1.1173329741656242 0.032839772986434708 177.00000000000003 31.500000000000004 -0.0038155840165167878 1.3030995328642754 -0.28734107740991016
decision_type=2 2 2 2 2 2 2 2 2 2 2 2 2 2 2 2 2 2 2 2 2 2 2 2 2 2 2 2 2 2
left_child=1 4 -3 -2 7 6 -6 10 9 -9 -1 12 -8 20 -15 -16 -11 -18 19 24 26 -22 -23 -13 -12 -4 -10 -20 -29 -28
right_child=3 2 25 -5 5 -7 11 8 13 16 18 23 -14 14 15 -17 17 -19 27 -21 21 22 -24 -25 -26 -27 29 28 -30 -31
leaf_value=0.0043208292572084204 -0.0064853866430079387 -0.014056077771280243 -5.232677973195572e-05 -0.00031077356800688017 0.0021554876239678754 0.00045346951050951923 -0.0035303160336253234 -0.0048838298119349638 0.0004013254409271642 0.00049753421798813438 -0.0029649586728087238 0.00080032353824914429 -0.00057829384388508476 -0.00024342990320070469 -0.00096399544142023331 0.00075699543753715061 0.0012870955148412239 -0.00099212182372423996 0.0013655411277669616 0.0099179393070487083 0.0011846818166447847 0.0020196827590728442 -0.00099424681651537664 -0.01197330714907794 0.00074940927831961522 -0.0020035857438542438 -0.0038462751590506482 -0.015579586011452401 0.00091090018823715164 -0.048108910540840093
leaf_weight=382 747 85 13233 34181 2589 5997 1820 2463 42790 10539 621 2463 12721 36964 6642 55411 7002 908 2410 341 8688 1447 187 58 7930 4459 156 143 313 105
leaf_count=382 747 85 13233 34181 2589 5997 1820 2463 42790 10539 621 2463 12721 36964 6642 55411 7002 908 2410 341 8688 1447 187 58 7930 4459 156 143 313 105
internal_value=0.000235505 0.000337555 -0.000517241 -0.000433176 0.000409542 -0.000235105 -0.000721846 0.000498701 0.00042025 0.00114432 0.00161862 -0.00111769 -0.00145691 0.000320888 0.000125282 0.000393132 0.00144371 0.00231985 0.00144327 0.000914306 0.000683773 0.00156753 0.00490208 0.000838953 0.000691733 -0.000458964 0.000471883 0.00308444 -0.000899122 -0.00530651
internal_weight=263795 228867 17777 34928 211090 25648 19651 185442 173302 20912 12140 17062 14541 152390 99017 62053 18449 7910 11758 8892 53373 10322 1634 2521 8551 17692 43051 2866 456 261
internal_count=263795 228867 17777 34928 211090 25648 19651 185442 173302 20912 12140 17062 14541 152390 99017 62053 18449 7910 11758 8892 53373 10322 1634 2521 8551 17692 43051 2866 456 261
is_linear=0
shrinkage=0.05


Tree=72
num_leaves=31
num_cat=0
split_feature=0 5 20 14 21 18 29 5 24 0 17 24 24 21 24 29 18 29 29 24 17 29 18 0 22 5 21 24 0 5
split_gain=6.14125 6.4554 6.44241 5.20068 4.71017 4.6596 4.16282 4.1559 4.35621 3.96465 3.90004 9.16441 27.5341 9.00478 7.54841 4.87579 4.46041 5.52264 4.33772 3.8887 7.20429 4.62785 3.86939 3.78106 3.70817 3.66322 3.49298 6.10025 7.84994 4.94491
threshold=4.8459066944144054 0.88821823950593071 0.10779040109000047 7.4040204650865453 27.500000000000004 4.9207779672608334 -1.5062216332329936 1.2612351914490232 10.500000000000002 5.1571965680458716 5.5000000000000009 6.5000000000000009 11.500000000000002 34.500000000000007 8.5000000000000018 -2.8294749043545768 22.975506823943658 -0.54786112144431576 -0.40543560691002828 25.500000000000004 4.5000000000000009 -1.9534123769382994 30.205303573953547 4.5790689627974688 17.500000000000004 1.0231256925298176 38.500000000000007 7.5000000000000009 5.0026325636191329 3.8229127378424761
decision_type=2 2 2 2 2 2 2 2 2 2 2 2 2 2 2 2 2 2 2 2 2 2 2 2 2 2 2 2 2 2
left_child=4 5 -3 7 -1 -2 -5 -4 26 -10 11 -6 13 14 16 22 -13 -18 -17 23 -21 -22 -16 -14 -7 -20 27 28 -9 -29
right_child=1 2 3 6 10 24 -8 8 9 -11 -12 12 19 -15 15 18 17 -19 25 20 21 -23 -24 -25 -26 -27 -28 29 -30 -31
leaf_value=-0.0018952228083364737 0.000545950966080263 0.0010750392799029052 0.00060773570628744073 -0.022254211591898779 0.0013356585169816196 -0.00063986915488896368 0.0021678465700779555 0.0014353031020017102 0.00017298283931461452 0.0010933241035199776 -0.00034076360973002938 0.0028942975647436369 -0.0049042538054618716 0.0038142217407769459 -0.051906012770778179 -0.029805733322160549 -0.010179263685691445 -0.10611681895599892 0.0047915890545205675 0.0013603088196576366 0.0058158635986084468 -0.00011129672615416177 -0.094784310944150033 0.0002571239584421684 0.0002259227399552671 -0.10701056079663579 -0.0032139340474900352 -0.01950441457002049 -0.00098060168859761946 0.0036520010915306262
leaf_weight=3715 99593 10961 10626 107 7385 17500 1081 2092 13607 1144 38865 1034 998 842 587 1712 484 320 91 5353 122 5211 254 18845 15120 416 1439 1552 2166 279
leaf_count=3715 99593 10961 10626 107 7385 17500 1081 2092 13607 1144 38865 1034 998 842 587 1712 484 320 91 5353 122 5211 254 18845 15120 416 1439 1552 2166 279
internal_value=0.000250531 0.000418888 0.000935767 0.000596751 -9.55534e-05 0.000242753 0.0038468 0.000479411 9.13422e-05 0.000590808 -1.7147e-05 0.000307189 -1.97132e-05 -0.00319686 -0.00401797 -0.00553922 -0.00148531 -0.00427861 -0.0043105 0.000577648 0.00134662 4.5941e-05 -0.00878121 0.000163534 -0.000275904 -0.00837278 -0.000887353 -0.00036377 0.000674026 -0.00277717
internal_weight=263501 177267 45054 34093 86234 132213 1188 32905 22279 14751 82519 43654 36269 5740 4898 3060 1838 804 2219 30529 10686 5333 841 19843 32620 507 7528 6089 4258 1831
internal_count=263501 177267 45054 34093 86234 132213 1188 32905 22279 14751 82519 43654 36269 5740 4898 3060 1838 804 2219 30529 10686 5333 841 19843 32620 507 7528 6089 4258 1831
is_linear=0
shrinkage=0.05


Tree=73
num_leaves=31
num_cat=0
split_feature=24 29 24 21 20 29 14 6 21 24 1 28 29 14 2 24 22 6 24 22 6 24 6 16 17 24 26 24 18 4
split_gain=6.62489 6.19014 28.2052 9.26906 6.0689 6.41812 5.38873 6.79824 5.09206 11.6775 5.05906 4.98159 6.32835 5.15798 4.31364 4.9313 7.88491 4.79296 9.71186 4.82151 4.92323 4.83751 4.70689 4.54425 4.28671 4.27589 4.26224 4.55097 4.11438 3.92116
threshold=11.500000000000002 -1.3267258088422953 8.5000000000000018 33.500000000000007 0.70775324439171794 -2.3675210365522781 0.80771776118861682 0.20311600295204271 34.500000000000007 7.5000000000000009 245.00000000000003 16.500000000000004 -0.076288753815791491 3.0409405647810819 -0.90432378349369269 6.5000000000000009 12.500000000000002 0.08327215003663524 8.5000000000000018 9.5000000000000018 0.04061927638801887 4.5000000000000009 0.053754574504335205 7.1096240885869593 4.5000000000000009 10.500000000000002 1.0000000180025095e-35 23.500000000000004 39.41889611950149 -0.33600450774537866
decision_type=2 2 2 2 2 2 2 2 2 2 2 2 2 2 2 2 2 2 2 2 2 2 2 2 2 2 2 2 2 2
left_child=1 2 -1 4 5 -4 7 -2 14 11 -5 12 -10 -14 15 16 -3 18 19 20 21 -16 -20 24 -17 -11 -9 -28 -7 -8
right_child=6 8 3 10 -6 28 29 26 9 25 -12 -13 13 -15 17 23 -18 -19 22 -21 -22 -23 -24 -25 -26 -27 27 -29 -30 -31
leaf_value=0.0015633935086699692 0.00054257138118186433 -0.00071847179758559115 -0.063288845809306729 0.008046631924973735 -0.012131177182244832 -0.031638572710222294 0.00016609858182658658 -9.7437203581214314e-05 -0.0055783523512857591 0.00013790437851031811 -0.093555068496835272 -0.0013472907370841534 0.00086815140057581097 -0.0072505447219325895 0.0022866538440595996 -0.038276227527618438 0.0019679157800554154 -7.5415599704812199e-05 -0.0428599090778434 0.001032334117338829 0.0009438595717143187 0.0029779624713899364 0.0033798495089407718 -0.083599891232413459 0.0042145671819723311 0.0047632982524157801 -0.00068087667374283232 -0.0044403171802452892 0.01033005286967173 0.00072360032932589861
leaf_weight=6747 24844 1262 1634 713 1168 1175 42026 47001 1171 2348 142 3369 554 167 264 675 3690 56509 236 1431 410 273 210 122 1454 865 2908 2010 258 58218
leaf_count=6747 24844 1262 1634 713 1168 1175 42026 47001 1171 2348 142 3369 554 167 264 675 3690 56509 236 1431 410 273 210 122 1454 865 2908 2010 258 58218
internal_value=0.000212656 -0.000145025 -0.00120765 -0.00401768 -0.00497639 -0.00614444 0.000388149 7.28873e-05 2.26642e-05 -0.0011317 0.000730995 -0.00258221 -0.00463531 -0.000950069 0.000169683 0.00132514 0.00220719 2.94109e-05 0.00203966 0.0033095 0.00607709 0.00922719 -0.00473094 -0.000615282 -7.75006e-05 0.00124339 -0.000252604 -0.00165311 -0.00370202 0.000629564
internal_weight=263854 86847 11837 5090 4235 3067 177007 76763 75010 8474 855 5261 1892 721 66536 7203 4952 59333 2824 2378 947 537 446 2251 2129 3213 51919 4918 1433 100244
internal_count=263854 86847 11837 5090 4235 3067 177007 76763 75010 8474 855 5261 1892 721 66536 7203 4952 59333 2824 2378 947 537 446 2251 2129 3213 51919 4918 1433 100244
is_linear=0
shrinkage=0.05


Tree=74
num_leaves=31
num_cat=0
split_feature=18 24 24 5 21 24 0 6 0 24 26 27 27 0 27 4 27 28 29 4 24 29 0 24 5 5 23 16 27 0
split_gain=6.54736 4.97112 7.65602 11.7029 8.17218 7.8453 8.08304 7.50031 7.41983 11.242 7.17744 6.31136 7.19554 6.03542 7.49328 5.80792 5.39585 5.65522 8.64623 5.5974 5.15343 4.55929 4.27267 6.68134 3.98185 4.72885 4.16084 4.01082 3.95709 3.94377
threshold=59.307370038592801 10.500000000000002 7.5000000000000009 1.0928004516098981 34.500000000000007 8.5000000000000018 5.0848964481369547 0.053754574504335205 4.5311910660572687 2.5000000000000004 1.0000000180025095e-35 25.500000000000004 6.5000000000000009 5.0258752632043366 2.5000000000000004 -0.24636719143685762 32.500000000000007 7.5000000000000009 -1.1041871305606306 -0.28343323907410845 6.5000000000000009 -1.0791108000276988 4.8459066944144054 2.5000000000000004 2.452464905224168 4.1755266833202755 1.0000000180025095e-35 0.0078129445522450176 9.5000000000000018 4.5486059994538381
decision_type=2 2 2 2 2 2 2 2 2 2 2 2 2 2 2 2 2 2 2 2 2 2 2 2 2 2 2 2 2 2
left_child=1 2 7 -4 5 15 11 -1 9 -9 24 12 -7 14 -10 -5 17 20 -19 -20 -16 -18 23 -21 -3 26 -26 -27 -6 -12
right_child=-2 10 3 4 28 6 -8 8 13 -11 29 -13 -14 -15 16 -17 21 18 19 22 -22 -23 -24 -25 25 27 -28 -29 -30 -31
leaf_value=0.0017381731491063783 -0.0017988629307905371 0.00034457603681488461 -3.0124786291763843e-06 0.0042420455915631585 0.0049049927881653728 -0.031353310948032204 0.0041203212900847519 0.00087698133189046334 0.0052148061149900069 -0.019818626207248672 -0.014119091747030557 -0.078757313217613312 0.0013174419824394615 -0.00020125749267368328 0.0010270337602009988 -0.030705534068645235 0.00072550393500862582 0.0024092143809742879 -0.0022273002499195731 0.0062036278422726264 -0.004591458601434513 -0.0049015467914657017 0.0016541979600632865 -0.014871386333415696 -0.00036242475456574699 -0.01680433272388995 0.00092231460206951667 -0.00011014733104144393 -0.00066818838486548411 -0.00059648461858617327
leaf_weight=1691 5179 147412 14099 1355 434 2148 303 698 2025 707 221 878 753 31321 8323 592 354 2447 4309 111 1010 436 1240 350 1503 69 10127 2520 1748 19021
leaf_count=1691 5179 147412 14099 1355 434 2148 303 698 2025 707 221 878 753 31321 8323 592 354 2447 4309 111 1010 436 1240 350 1503 69 10127 2520 1748 19021
internal_value=0.000202974 0.00023828 -9.72425e-05 -0.000878529 -0.00237912 -0.00332808 -0.00457374 0.000219549 0.000115599 -0.00346975 0.000381733 -0.00520376 -0.00407963 0.000212611 0.000877215 -0.000716486 0.000562433 0.00074199 -0.000194513 -0.00121464 0.00159059 -0.00348101 0.00121399 -0.00289588 0.000490408 0.00128947 0.00171969 -0.000643105 0.000242897 -0.000531129
internal_weight=263384 258205 77332 22310 8211 6029 4082 55022 53331 1405 180873 3779 2901 51926 20605 1947 18580 17790 8457 6010 9333 790 1701 461 161631 14219 11630 2589 2182 19242
internal_count=263384 258205 77332 22310 8211 6029 4082 55022 53331 1405 180873 3779 2901 51926 20605 1947 18580 17790 8457 6010 9333 790 1701 461 161631 14219 11630 2589 2182 19242
is_linear=0
shrinkage=0.05


Tree=75
num_leaves=31
num_cat=0
split_feature=18 0 18 24 24 1 29 24 29 21 29 24 5 28 16 17 1 21 4 27 13 28 2 4 24 27 29 5 4 2
split_gain=6.22013 4.83393 4.505 5.49721 5.297 20.0128 7.30847 5.42296 6.62479 4.7183 4.44909 4.26486 4.07568 4.07793 3.93906 3.78041 3.39138 4.07487 5.31426 3.3442 3.1733 3.39384 3.43545 3.70641 3.15656 5.98372 4.19611 7.56939 3.37119 3.96711
threshold=2.0313041476632363 4.6461108844735088 42.406654588276702 1.5000000000000002 7.5000000000000009 157.00000000000003 -2.8294749043545768 2.5000000000000004 6.8981135525598924 36.500000000000007 -1.6214020128300053 12.500000000000002 1.920339662692834 1.0000000180025095e-35 0.10375505042060677 9.5000000000000018 153.00000000000003 32.500000000000007 -0.49783181269883786 29.500000000000004 0.14481157110135404 28.500000000000004 -2.2061208945628308 0.38172238949568843 23.500000000000004 14.500000000000002 -0.25669524252401499 1.2506092511041185 0.11942066347086455 -0.17572064314598629
decision_type=2 2 2 2 2 2 2 2 2 2 2 2 2 2 2 2 2 2 2 2 2 2 2 2 2 2 2 2 2 2
left_child=12 2 3 16 5 7 -6 19 -9 -7 -11 14 13 -1 -8 20 -2 18 -18 -5 -3 22 -22 -24 25 -13 28 -28 29 -26
right_child=1 15 -4 4 6 9 11 8 -10 10 -12 24 -14 -15 -16 -17 17 -19 -20 -21 21 -23 23 -25 26 -27 27 -29 -30 -31
leaf_value=0.0030551670197161412 0.0032653619445850075 0.00034877659171141605 -0.0025251069157710237 -0.0022651726048916569 -0.075111548888958823 0.003428992158542254 -0.0090124863911115478 -0.015664148999684095 -0.019999357650530014 0.0046452049936810081 -0.019908921194730061 0.00038212406781826903 0.0010998867079698934 0.00047391687554858877 0.0054603672194969378 0.0013391845701717564 0.0024234425419930039 -0.0071098240791302118 -0.014662973653906595 0.0049879172021233507 0.0011129573727210989 0.0007313085092018317 -0.00012220900859006003 0.0021579532143208326 0.00084055034015355931 -0.002133978038839419 -0.0037167614684531659 0.00099124310042513169 -0.0030373051313101551 0.0048223884784232398
leaf_weight=1390 655 59885 5223 168 476 1099 206 1198 54 61 76 4115 3494 38839 1931 2504 474 166 80 51 3437 6047 114680 6043 4888 3555 1138 1543 184 307
leaf_count=1390 655 59885 5223 168 476 1099 206 1198 54 61 76 4115 3494 38839 1931 2504 474 166 80 51 3437 6047 114680 6043 4888 3555 1138 1543 184 307
internal_value=0.000209894 0.000101751 -0.000516492 -0.000208472 -0.00040855 -0.00247322 -0.000103854 -0.006414 -0.00768371 0.00221683 -0.00653285 5.9048e-05 0.000754638 0.00061237 0.00215489 0.000190503 0.00285455 0.000486112 0.00254513 0.000844749 0.000165079 2.65353e-05 -2.97997e-05 -7.41775e-05 -0.000225683 -0.00095176 0.000465261 -0.00115069 0.00127068 0.00150626
internal_weight=263967 220244 27648 22425 21050 2707 18343 1471 1252 1236 137 17867 43723 40229 2137 192596 1375 720 554 219 190092 130207 124160 120723 15730 7670 8060 2681 5379 5195
internal_count=263967 220244 27648 22425 21050 2707 18343 1471 1252 1236 137 17867 43723 40229 2137 192596 1375 720 554 219 190092 130207 124160 120723 15730 7670 8060 2681 5379 5195
is_linear=0
shrinkage=0.05


Tree=76
num_leaves=31
num_cat=0
split_feature=18 22 27 19 27 21 22 19 22 2 5 22 6 28 2 11 27 11 0 17 18 24 27 16 4 29 12 19 4 13
split_gain=5.1472 6.38017 7.9959 9.38715 14.2778 6.60655 5.77349 5.12113 4.90228 4.43452 4.17262 3.97302 13.2263 9.18469 6.4072 5.71445 5.04775 4.79842 4.2978 4.18351 4.18028 4.07412 3.33557 4.71722 3.49694 3.30618 3.62022 3.21939 6.4765 4.7093
threshold=3.9804812672850609 17.500000000000004 15.500000000000002 2.6707671678651699 28.500000000000004 34.500000000000007 2.5000000000000004 12.393604118861655 3.5000000000000004 -0.70282275414732154 2.5131780152855359 10.500000000000002 0.04061927638801887 22.500000000000004 -0.79264372268452676 0.1243206573082981 27.500000000000004 0.68523801880228752 4.9340266432096351 6.5000000000000009 12.328031187125188 7.5000000000000009 4.5000000000000009 0.76300146849490524 -0.1793608401508468 -0.47967793934772801 0.81985400610092041 53.611617177332597 -0.4931170701548131 0.18753631469431886
decision_type=2 2 2 2 2 2 2 2 2 2 2 2 2 2 2 2 2 2 2 2 2 2 2 2 2 2 2 2 2 2
left_child=1 2 22 4 -4 7 -5 10 -6 -8 -3 12 13 16 20 27 -2 18 -13 -20 -14 -18 23 -1 -24 -19 -27 28 29 -16
right_child=11 5 3 6 8 -7 9 -9 -10 -11 -12 17 14 -15 15 -17 21 25 19 -21 -22 -23 24 -25 -26 26 -28 -29 -30 -31
leaf_value=0.00056197910224189366 0.0031029286895399156 -0.00023224053775190638 0.0026526942460316314 -0.00096092860660634914 0.0037418612338750768 -0.0010039772354094745 0.0018911271287263176 0.0013266560346982534 -0.0003957184413366527 -3.1814536147052452e-05 0.0011163105294784996 -0.00029825793687260452 0.00087371712158324844 -0.0015160419669851312 0.0024097627339915847 -0.0010043785817454166 0.0033508056252524393 0.00010827067180439445 0.00012386677114599605 0.00081086483001406237 -2.1046541404681562e-05 -0.023162680707049417 -0.0017027329097661992 0.0020271269604408781 0.00076301421368769201 0.0005523795319726443 0.0015535515921372175 -0.00046293367927783272 -3.3412881126708785e-05 1.214501550021543e-05
leaf_weight=33976 399 31998 892 509 451 3362 879 10771 828 987 771 40678 3717 370 1119 28777 124 11222 33370 4214 13855 93 1957 12632 1513 10323 4473 4547 4304 611
leaf_count=33976 399 31998 892 509 451 3362 879 10771 828 987 771 40678 3717 370 1119 28777 124 11222 33370 4214 13855 93 1957 12632 1513 10323 4473 4547 4304 611
internal_value=0.000181176 0.000460375 0.000827659 0.00283546 0.00521188 3.26218e-05 0.000663158 0.00019752 0.00182565 0.0019507 -0.000113369 6.41259e-06 -0.000325643 0.00541582 -0.000425083 -0.000779511 0.00915584 0.000190833 -4.72711e-06 0.000380748 0.000368769 0.00301843 0.000645394 0.000756738 -0.000850143 0.000779077 0.00126994 0.000214064 0.000971164 0.00355491
internal_weight=263722 101526 54624 4546 2171 46902 2375 43540 1279 1866 32769 162196 57916 986 56930 39358 616 104280 78262 37584 17572 217 50078 46608 3470 26018 14796 10581 6034 1730
internal_count=263722 101526 54624 4546 2171 46902 2375 43540 1279 1866 32769 162196 57916 986 56930 39358 616 104280 78262 37584 17572 217 50078 46608 3470 26018 14796 10581 6034 1730
is_linear=0
shrinkage=0.05


Tree=77
num_leaves=31
num_cat=0
split_feature=0 24 24 1 27 17 18 18 24 24 0 21 24 6 22 0 1 24 17 24 0 5 27 27 27 17 27 17 1 3
split_gain=5.09592 5.73474 8.82471 13.5129 6.28206 5.52891 4.57633 4.15714 4.11387 4.36039 13.2359 16.4766 9.70314 8.16589 7.59562 5.36483 8.05516 7.82779 8.04265 5.25877 7.62428 5.97679 5.83479 10.4659 4.76987 4.59659 4.41153 4.40134 4.37556 4.27418
threshold=4.6098625740792736 2.5000000000000004 7.5000000000000009 157.00000000000003 27.500000000000004 9.5000000000000018 62.107379387004379 54.342627197387607 11.500000000000002 7.5000000000000009 5.0085047394125981 33.500000000000007 8.5000000000000018 0.063193627739669814 11.500000000000002 5.0085047394125981 145.00000000000003 2.5000000000000004 4.5000000000000009 9.5000000000000018 4.6786224635956151 1.3139557310191345 25.500000000000004 9.5000000000000018 1.5000000000000002 4.5000000000000009 20.500000000000004 6.5000000000000009 129.00000000000003 -0.38080928179244405
decision_type=2 2 2 2 2 2 2 2 2 2 2 2 2 2 2 2 2 2 2 2 2 2 2 2 2 2 2 2 2 2
left_child=1 6 3 4 -3 8 -1 -4 9 13 11 12 25 14 26 16 -15 18 -18 22 21 -21 23 27 -19 -11 -2 -14 -13 -12
right_child=5 2 7 -5 -6 -7 -8 -9 -10 10 29 28 19 15 -16 -17 17 24 -20 20 -22 -23 -24 -25 -26 -27 -28 -29 -30 -31
leaf_value=0.0021929897358063432 0.00062783243532665812 -0.0094738929722770066 -0.00017675222826793932 0.0023336212943626932 -0.024186169142342773 0.0014116886067792335 -0.018918796616264062 -0.0047556714229220233 0.00027698158070926419 -0.039366883122430481 0.0032837364720020713 -0.032869465286103752 -0.054029916034175146 0.0015037567593783972 0.00021506789562653473 -0.00030144743291764551 0.00082638140818714657 0.0069662866802728584 -0.0018652864176618021 -0.10701506054247251 -0.013901969281605695 -0.060449728219139291 -0.10422239964798362 0.0078580186819730887 0.00066264895473834887 0.0054475176911323231 0.0019806675687904654 0.034771837771736924 0.0034626289622638057 5.5936114483005183e-05
leaf_weight=1597 191 758 15845 737 510 3689 69 1416 159251 793 1525 196 1089 3482 991 31579 1559 642 3627 250 3477 421 549 310 8821 1253 592 120 2408 15985
leaf_count=1597 191 758 15845 737 510 3689 69 1416 159251 793 1525 196 1089 3482 991 31579 1559 642 3627 250 3477 421 549 310 8821 1253 592 120 2408 15985
internal_value=0.000179084 -0.000569462 -0.00081283 -0.00395262 -0.00708202 0.000243617 0.0022449 -0.000448119 0.000213981 -7.88875e-05 -0.000576543 -0.00194736 -0.00304043 0.000195401 0.00352875 7.6444e-05 0.000761955 0.00024814 -0.00131315 -0.00402349 -0.00299662 -0.0078763 -0.00608317 -0.0044865 0.00110377 -5.37628e-05 0.00720945 -0.00658809 0.00152074 0.00027413
internal_weight=263732 20932 19266 2005 1268 242800 1666 17261 239111 79860 28376 10866 8262 51484 1774 49710 18131 14649 5186 6216 4148 671 2068 1519 9463 2046 783 1209 2604 17510
internal_count=263732 20932 19266 2005 1268 242800 1666 17261 239111 79860 28376 10866 8262 51484 1774 49710 18131 14649 5186 6216 4148 671 2068 1519 9463 2046 783 1209 2604 17510
is_linear=0
shrinkage=0.05


Tree=78
num_leaves=31
num_cat=0
split_feature=18 5 24 3 1 3 2 1 18 21 13 13 27 2 24 24 27 21 4 13 13 0 28 7 0 24 24 0 24 21
split_gain=5.34182 4.13971 4.31948 4.15563 4.11846 3.29604 3.24215 3.37877 4.31325 3.09942 3.01097 4.12126 4.48857 3.26438 3.18989 6.6274 4.91667 6.32892 4.94514 4.78053 3.81941 3.72905 3.70288 3.12963 3.07141 3.05297 6.08903 5.52314 5.40023 5.13366
threshold=4.8623173323366915 1.8215862334936765 4.5000000000000009 0.34974379813510542 241.00000000000003 0.12909294262910034 -2.0191565006508445 225.00000000000003 54.342627197387607 56.500000000000007 0.1772581132431926 0.67840576512906681 28.500000000000004 -1.6169592519082843 9.5000000000000018 14.500000000000002 9.5000000000000018 33.500000000000007 -0.41640813660162795 0.3311750958972301 0.21786262007595331 4.4439066730957402 26.500000000000004 0.20486529385727628 4.5086161124671804 5.5000000000000009 11.500000000000002 5.1286703667030071 8.5000000000000018 34.500000000000007
decision_type=2 2 2 2 2 2 2 2 2 2 2 2 2 2 2 2 2 2 2 2 2 2 2 2 2 2 2 2 2 2
left_child=1 2 4 9 -1 -3 7 8 -2 -4 24 14 -13 -14 21 16 17 18 20 -17 -16 -12 -23 -21 -8 -26 27 28 -27 -30
right_child=6 5 3 -5 -6 -7 10 -9 -10 -11 11 12 13 -15 15 19 -18 -19 -20 23 -22 22 -24 -25 25 26 -28 -29 29 -31
leaf_value=-0.00074398552718192752 0.00050969973613256773 0.00094290379866781941 0.0003618217458954619 0.0023190866795154454 0.0024618060197546861 -0.00094513132287449883 -0.0020157683730054055 0.0016677759240151611 -0.083458965431881235 -0.0142036842483461 -0.017319397230918781 0.00031895348070302575 -0.010126687612439176 -0.00092498104128111564 -0.046185737384683449 -4.4546507707496728e-05 0.0039630187608177443 0.0080795756564224774 0.0012065733761863645 -0.045226343762700884 -0.007377364530265617 -0.0016966211094702117 0.0010831222487225497 -0.0010758012763175356 0.00068467272506107454 -0.00026667658956207508 0.00025618389320057193 0.0014418053842810107 -0.025173672733155579 0.0016512151188115638
leaf_weight=12316 4212 5588 79802 18416 2063 711 2064 2322 136 82 221 28300 336 2685 389 18299 3093 399 2451 64 1189 11541 1929 13732 8288 3607 33370 1939 3021 608
leaf_count=12316 4212 5588 79802 18416 2063 711 2064 2322 136 82 221 28300 336 2685 389 18299 3093 399 2451 64 1189 11541 1929 13732 8288 3607 33370 1939 3021 608
internal_value=0.000185031 0.000433022 0.000363289 0.000481689 -0.000446136 0.00168043 -1.95909e-05 0.00105697 0.000234591 0.000325598 -7.18045e-05 -0.00025677 0.00019843 -0.00163356 -0.000524227 -0.000296849 0.00103909 -2.9358e-05 -0.000624224 -0.000609907 -0.00280735 -0.00118216 -0.00107647 -0.0013127 0.000224115 0.000300888 0.000129863 -0.0010109 -0.00164594 -0.00300772
internal_weight=263173 118978 112679 98300 14379 6299 144195 6670 4348 79884 137525 84628 31321 3021 53307 39616 7521 4428 4029 32095 1578 13691 13470 13796 52897 50833 42545 9175 7236 3629
internal_count=263173 118978 112679 98300 14379 6299 144195 6670 4348 79884 137525 84628 31321 3021 53307 39616 7521 4428 4029 32095 1578 13691 13470 13796 52897 50833 42545 9175 7236 3629
is_linear=0
shrinkage=0.05


Tree=79
num_leaves=31
num_cat=0
split_feature=18 15 28 21 5 28 5 21 13 15 9 7 21 24 24 7 24 15 18 9 24 1 18 28 21 29 24 24 24 24
split_gain=5.00881 3.61062 3.53804 4.51416 3.33161 4.59812 3.65107 3.72255 3.2951 4.07798 3.31269 3.19424 3.7607 2.99658 3.31195 2.98759 2.8378 3.85797 2.82718 2.77439 2.82657 2.73072 2.67943 2.65427 2.84798 6.36116 5.59249 4.34172 4.20676 5.78971
threshold=1.6749658239256511 29.500000000000004 1.0000000180025095e-35 32.500000000000007 1.920339662692834 13.500000000000002 0.97617926019025292 29.500000000000004 0.13533029037819297 4.5000000000000009 0.75258060464991583 0.46065474692103298 35.500000000000007 6.5000000000000009 23.500000000000004 0.48884708404199501 27.500000000000004 15.500000000000002 33.275138505876264 0.69650962390943805 14.500000000000002 189.00000000000003 1.2544728625078301 33.500000000000007 33.500000000000007 -2.3675210365522781 8.5000000000000018 11.500000000000002 5.5000000000000009 14.500000000000002
decision_type=2 2 2 2 2 2 2 2 2 2 2 2 2 2 2 2 2 2 2 2 2 2 2 2 2 2 2 2 2 2
left_child=2 8 3 22 5 6 13 -8 10 23 18 12 -7 -4 -15 -3 -9 21 -2 -6 -21 -18 -1 24 25 26 -10 -28 -26 -30
right_child=1 15 4 -5 19 11 7 16 9 -11 -12 -13 -14 14 -16 -17 17 -19 -20 20 -22 -23 -24 -25 28 -27 27 -29 29 -31
leaf_value=0.0049115033267356795 0.00047600379420735121 -0.0039579225680164525 -0.00061703848491058769 -0.0011514389364125656 0.0011993332613943119 0.0020437044557878301 0.0019955223688499098 0.0011156624593144644 0.0011613088193351752 -0.00029578438600270631 -0.00091740736517693933 -0.00086220867589563281 -0.00069640592473240088 0.0015956018576808392 -0.00010541159042310214 0.00050137920087078912 -0.0018396449621389994 -0.039497895004292606 -0.00064732318515006325 0.0032123914603304988 -0.0023855088865097646 0.0012831034948703674 0.0039199014255848399 0.00099470920792253822 -0.003069708381266364 0.00032759393572238141 -0.041445193583355647 0.0040604485493316326 0.0016544669019730399 -0.00035830206354020908
leaf_weight=351 58196 1083 3680 225 2929 569 880 1583 757 56904 3471 4429 299 10141 5027 590 119 53 5188 77 98 180 446 1405 2068 90602 868 172 3563 7681
leaf_count=351 58196 1083 3680 225 2929 569 880 1583 757 56904 3471 4429 299 10141 5027 590 119 53 5188 77 98 180 446 1405 2068 90602 868 172 3563 7681
internal_value=0.00020942 0.000129737 0.000805508 0.00369863 0.000707159 0.000528561 0.000851452 0.00253108 0.000146508 2.59121e-05 0.000442376 -0.000791957 0.00198157 0.000600595 0.000911129 -0.0021847 0.00130491 -0.00275568 0.000524739 0.00225838 -0.00385714 -0.000551839 0.00546424 0.000207626 0.000178932 0.000277439 -0.00266834 -0.00504808 -0.000504807 -0.000123621
internal_weight=263634 232548 31086 1022 30064 26960 21663 2815 230875 164020 66855 5297 868 18848 15168 1673 1935 352 63384 3104 175 299 797 107116 105711 92399 1797 1040 13312 11244
internal_count=263634 232548 31086 1022 30064 26960 21663 2815 230875 164020 66855 5297 868 18848 15168 1673 1935 352 63384 3104 175 299 797 107116 105711 92399 1797 1040 13312 11244
is_linear=0
shrinkage=0.05


Tree=80
num_leaves=31
num_cat=0
split_feature=26 29 1 0 0 7 11 23 11 22 18 11 11 22 16 13 13 29 27 19 29 28 18 29 8 1 18 11 19 1
split_gain=4.40954 4.43468 3.93601 3.92391 3.89646 3.70733 3.31722 3.22927 3.00711 5.35899 8.05772 4.477 4.42096 3.88454 4.92987 4.82166 4.77902 3.87258 3.47126 4.30502 3.77769 4.23423 3.58465 3.8221 3.40246 3.45121 3.36002 3.21196 5.05976 3.15904
threshold=1.0000000180025095e-35 -1.8577800261288111 177.00000000000003 4.5486059994538381 4.3036100609115797 1.2225928741084042 0.18857255147125171 1.5000000000000002 0.68523801880228752 2.5000000000000004 1.4887696960900234 0.19629856121165934 1.1044788873463955 25.500000000000004 5.2250839448840321 0.68916910016066002 0.26242354332569406 -2.3675210365522781 8.5000000000000018 39.717397654028026 -2.0687998472287839 14.500000000000002 72.055489930407177 -0.34163659229328819 1.0442462284866445 109.00000000000001 11.269544797355497 1.003829685941797 17.900391597266253 157.00000000000003
decision_type=2 2 2 2 2 2 2 2 2 2 2 2 2 2 2 2 2 2 2 2 2 2 2 2 2 2 2 2 2 2
left_child=4 7 3 -3 5 -1 -5 -2 11 10 -10 17 -12 15 27 16 -11 29 24 -20 -21 26 -23 -24 25 -13 -22 -15 -29 -6
right_child=1 2 -4 6 8 -7 -8 -9 9 13 12 18 -14 14 -16 -17 -18 -19 19 20 21 22 23 -25 -26 -27 -28 28 -30 -31
leaf_value=-0.0042987514678080657 -0.063884929104364371 -0.013711724398518017 -0.0019853900585958296 0.001026755889142514 0.0022091632019038661 -0.023106951327204975 -0.00085363459714391768 -0.022404064246323577 0.004378043544080174 0.00085446250799501515 0.00048380493834853381 -0.0013084374885963088 -0.0060140609638960488 0.001574663744991781 -0.0055276757620947988 0.001303791941168917 -0.00022373362927186817 0.00030789442758502616 -0.0010266258284884675 0.0034931860309268589 0.0011400150960343644 -0.00090811756889279881 -0.097358804217430941 0.001847753310275761 0.0048946182561811387 0.00033724741281867827 2.0924752308998631e-05 -0.0021818256101647686 0.00030907797473613517 -0.025605276126906718
leaf_weight=955 87 206 5128 6300 835 56 7462 302 269 16604 1516 5467 2251 4260 940 11189 9481 102277 8414 1313 563 7315 226 64 319 48057 12694 2269 5306 1549
leaf_count=955 87 206 5128 6300 835 56 7462 302 269 16604 1516 5467 2251 4260 940 11189 9481 102277 8414 1313 563 7315 226 64 319 48057 12694 2269 5306 1549
internal_value=0.000186253 -0.000537592 -0.000429932 5.01205e-06 0.000244012 -0.00285361 0.000107543 -0.00582262 0.000256891 0.000585653 -0.001167 0.000162857 -0.001764 0.000726988 -2.54397e-05 0.000984869 0.000612422 0.000381375 -0.000108015 -0.000533361 -0.000167981 -0.000331703 -0.00127219 -0.00672414 0.00013363 0.000102945 0.000207815 0.000251374 -0.000366336 -0.00161074
internal_weight=263674 19485 19096 13968 244189 1011 13762 389 243178 54085 4036 189093 3767 50049 12775 37274 26085 104661 84432 30589 22175 20862 7605 290 53843 53524 13257 11835 7575 2384
internal_count=263674 19485 19096 13968 244189 1011 13762 389 243178 54085 4036 189093 3767 50049 12775 37274 26085 104661 84432 30589 22175 20862 7605 290 53843 53524 13257 11835 7575 2384
is_linear=0
shrinkage=0.05


Tree=81
num_leaves=31
num_cat=0
split_feature=18 21 29 13 26 6 21 0 28 0 18 27 17 29 12 5 29 29 24 0 24 21 24 27 13 28 21 12 24 29
split_gain=5.01001 3.70687 4.57843 3.57538 3.52768 3.73784 3.56917 6.13392 5.30828 6.03781 4.29248 3.72917 6.83068 7.48134 5.41878 3.89591 3.68593 3.53547 3.49381 3.43721 8.82328 4.86842 4.04081 3.43631 3.39183 3.35862 3.33815 3.13228 3.00957 2.98997
threshold=1.3580602092328122 35.500000000000007 -1.0308775640211452 0.018644057129502966 1.0000000180025095e-35 1.8839739249646514 31.500000000000004 5.1497057863820919 1.5000000000000002 4.6245658589774434 12.560022105663213 19.500000000000004 4.5000000000000009 -1.7690543140210224 0.087331604679705091 0.35964551885601487 -1.691767014093873 -1.0791108000276988 8.5000000000000018 4.8882269033423915 15.500000000000002 32.500000000000007 23.500000000000004 23.500000000000004 0.11835925273376312 1.0000000180025095e-35 32.500000000000007 0.21977845111554598 10.500000000000002 -0.81085743534099719
decision_type=2 2 2 2 2 2 2 2 2 2 2 2 2 2 2 2 2 2 2 2 2 2 2 2 2 2 2 2 2 2
left_child=1 23 -3 -4 5 6 11 8 9 10 -8 -2 13 18 -15 -14 27 -12 -13 20 26 -22 -21 25 29 -1 -6 -10 -9 -11
right_child=4 2 3 -5 19 -7 7 28 16 24 17 12 15 14 -16 -17 -18 -19 -20 22 21 -23 -24 -25 -26 -27 -28 -29 -30 -31
leaf_value=0.0068053501801210517 0.00015203350392920681 0.0021900529549609502 -0.0017035976149211611 -6.7764285155678499e-05 -0.023302684274573996 0.00085169535021417577 0.00034937379990908839 -1.4739450260485386e-05 -0.0011615751413883574 -0.049692990012200081 -0.084827242803607261 -0.0040304115542082975 -0.010095167869728149 0.0015446607985581059 0.00073394211617263674 0.00017078298798431097 -0.0002454278521008327 -0.033324724341299322 -0.075775286074495685 0.00046172635233936729 0.00063534835755101049 -0.0052912444741919119 -0.0016401571783359688 0.001272517377321279 -0.00049086043267377634 0.00064411509605120487 -0.0015636289432307653 0.0029065283510203263 0.0008729046162342549 -0.00099601284567517995
leaf_weight=306 142134 930 1081 2182 935 8215 80 1367 1552 194 92 157 60 2099 5899 16558 39869 99 144 9110 2891 865 3828 1973 1610 14344 254 2684 2162 298
leaf_count=306 142134 930 1081 2182 935 8215 80 1367 1552 194 92 157 60 2099 5899 16558 39869 99 144 9110 2891 865 3828 1973 1610 14344 254 2684 2162 298
internal_value=0.000177406 0.000921888 -0.00040663 -0.00128869 0.000113672 0.000167331 0.000127708 -0.000242865 -0.000395455 -0.00269911 -0.00972325 0.00023864 0.000802866 0.00197433 0.00226557 0.000217837 -0.000271511 -0.0137958 -0.00576412 -0.000562265 -0.00168352 -0.000495207 -0.000133714 0.00125699 -0.00179353 0.000993175 -0.00543734 0.00113078 0.00176679 -0.00542683
internal_weight=263972 20816 4193 3263 243156 225273 217058 50007 46478 2373 271 167051 24917 8299 7998 16618 44105 191 301 17883 4945 3756 12938 16623 2102 14650 1189 4236 3529 492
internal_count=263972 20816 4193 3263 243156 225273 217058 50007 46478 2373 271 167051 24917 8299 7998 16618 44105 191 301 17883 4945 3756 12938 16623 2102 14650 1189 4236 3529 492
is_linear=0
shrinkage=0.05


Tree=82
num_leaves=31
num_cat=0
split_feature=6 18 26 0 6 1 24 0 24 24 0 17 13 4 24 18 23 24 0 24 21 21 18 13 18 0 21 11 17 5
split_gain=4.77482 4.77012 4.09266 3.30218 3.0003 3.565 3.07498 6.81554 4.72888 2.81851 7.63012 7.57211 4.23591 3.99354 5.86372 5.15273 6.71982 3.90223 7.7381 8.24359 3.78157 3.63258 3.52503 3.33384 3.05802 3.43899 3.04824 3.94377 3.03677 2.80087
threshold=1.8839739249646514 3.0174716476165595 1.0000000180025095e-35 4.6461108844735088 0.094806816002675501 233.00000000000003 9.5000000000000018 4.4674786937065862 2.5000000000000004 8.5000000000000018 5.0763865755225819 4.5000000000000009 0.26764792396949283 -0.14273078841449968 2.5000000000000004 29.083260393587619 2.5000000000000004 1.5000000000000002 4.6948551260747839 2.5000000000000004 34.500000000000007 37.500000000000007 5.8721800727056737 0.42206519457008557 12.328031187125188 4.6383966752493375 29.500000000000004 0.92991112836643042 3.5000000000000004 1.920339662692834
decision_type=2 2 2 2 2 2 2 2 2 2 2 2 2 2 2 2 2 2 2 2 2 2 2 2 2 2 2 2 2 2
left_child=1 29 4 -4 5 -3 7 8 -6 13 11 20 -13 14 15 16 -9 28 19 -19 -11 -18 -21 -14 25 -16 27 -17 -15 -1
right_child=-2 2 3 -5 6 -7 -8 9 -10 10 -12 12 23 17 24 26 21 18 -20 22 -22 -23 -24 -25 -26 -27 -28 -29 -30 -31
leaf_value=0.00038353136033720809 0.00094483843572317676 0.00035684869673031461 -0.0081205321636802514 -0.00074209644281761919 -0.00078570357768000931 0.0023694555148825788 0.00011935500640273296 -0.0013268069310755151 -0.020736447925415898 -0.075321495587831286 0.0013948880951063149 -0.028522391035739288 0.0075472742909705797 -0.0026484616133662371 -0.0044645506555348055 -0.011069377027935952 0.0012043055094753305 0.0047691257453021663 -0.00065547030669259364 -0.030845086015872849 0.0048124527750666906 -0.0031191098192075127 -0.011623526438270179 -0.0065249000118737053 0.0006865751287424358 0.0014746082597275599 -0.0025684401810037627 0.0025078315950049449 0.0014203642606241216 0.00066716453958628812
leaf_weight=71024 9153 6103 914 11965 397 1018 113824 1452 490 672 2024 952 328 967 215 389 2073 141 16551 54 93 224 835 656 9594 3226 1473 91 2838 4037
leaf_count=71024 9153 6103 914 11965 397 1018 113824 1452 490 672 2024 952 328 967 215 389 2073 141 16551 54 93 224 835 656 9594 3226 1473 91 2838 4037
internal_value=0.000172099 0.000131766 -8.15828e-06 -0.000866915 5.81959e-05 0.00106235 1.33812e-05 -0.000332895 -0.00467305 -0.000247056 -0.00140212 -0.00314143 -0.00147727 -0.000111033 0.000421893 -0.000915468 0.000169379 -0.000577948 -0.000892156 -0.00509709 -0.00735294 0.00185242 -0.00687851 0.000823171 0.00100691 0.00228567 -0.00299795 -0.00645833 0.000873851 0.000466488
internal_weight=263773 254620 179559 12879 166680 7121 159559 45735 887 44848 4725 2701 1936 40123 18737 5702 3749 21386 17581 1030 765 2297 889 984 13035 3441 1953 480 3805 75061
internal_count=263773 254620 179559 12879 166680 7121 159559 45735 887 44848 4725 2701 1936 40123 18737 5702 3749 21386 17581 1030 765 2297 889 984 13035 3441 1953 480 3805 75061
is_linear=0
shrinkage=0.05


Tree=83
num_leaves=31
num_cat=0
split_feature=26 29 27 11 0 29 24 6 20 4 27 24 20 18 5 24 1 21 24 21 6 29 24 24 17 27 17 9 24 24
split_gain=3.75652 3.5994 3.51099 3.41258 4.003 3.79024 4.90982 4.40016 3.85882 5.0858 4.44509 3.57757 4.79501 4.52329 3.44369 3.92628 5.77424 3.29112 3.09919 4.25172 3.09311 3.02085 4.68985 3.16185 2.97821 5.75445 4.96326 4.6527 4.36407 11.7348
threshold=1.0000000180025095e-35 -1.8577800261288111 29.500000000000004 0.75742808558791541 4.9296208115160445 -0.84205718744538371 9.5000000000000018 0.053754574504335205 0.71486544026091525 -0.20969438039806546 20.500000000000004 13.500000000000002 1.2782096704950086 20.315314811319141 1.2080310487157713 12.500000000000002 125.00000000000001 27.500000000000004 7.5000000000000009 36.500000000000007 0.053754574504335205 -2.8294749043545768 8.5000000000000018 11.500000000000002 5.5000000000000009 12.500000000000002 7.5000000000000009 0.6720904624590458 6.5000000000000009 11.500000000000002
decision_type=2 2 2 2 2 2 2 2 2 2 2 2 2 2 2 2 2 2 2 2 2 2 2 2 2 2 2 2 2 2
left_child=3 -2 -3 4 17 14 7 18 9 -9 -10 13 -13 -8 -6 16 -16 20 19 -7 -1 22 -5 -24 27 26 -26 28 -19 -30
right_child=1 2 -4 21 5 6 11 8 10 -11 -12 12 -14 -15 15 -17 -18 24 -20 -21 -22 -23 23 -25 25 -27 -28 -29 29 -31
leaf_value=0.0025632710319709109 -0.030260733805200276 -0.00069508660638237837 0.0020671219429302273 0.004369550193787518 0.0018385735718747362 0.001777647382863728 0.0013974159193562033 0.002594630160732839 -0.00019904422014544216 -0.00027021434809285219 -0.002640771725124847 0.00036150607235543457 -0.00048207188168891127 0.0046161910318582846 -0.018282976598866425 0.0014954112569114178 0.0024199510236524416 0.00085941954767992153 -0.014492593645441993 -0.0019787996692354178 -0.0017810977491156295 0.00053101869473299245 -0.053769163950506675 0.0091890662340145136 -0.00027588890571958924 -0.00070115333794695681 0.002743660121629582 -0.006290143288747687 -0.017756580378898452 0.00030007795153136493
leaf_weight=87 379 18289 820 549 2650 594 12629 295 1757 30599 1100 66319 3905 499 1186 794 980 6807 132 65 2982 48514 446 61 6814 21425 3344 334 5192 24358
leaf_count=87 379 18289 820 549 2650 594 12629 295 1757 30599 1100 66319 3905 499 1186 794 980 6807 132 65 2982 48514 446 61 6814 21425 3344 334 5192 24358
internal_value=0.000176485 -0.000491584 -0.000395886 0.000229751 0.000135517 0.000307764 0.000247341 -0.000253893 -0.000340286 -0.000177704 -0.00209835 0.000455059 0.000313426 0.00121268 0.00157754 0.000405406 -0.000697137 -0.000162664 0.00343236 0.00483308 -0.00176442 0.000600162 -0.00204545 -0.00551282 -9.06635e-05 -0.0004466 0.00053357 0.000215721 0.000269687 6.76879e-06
internal_weight=263905 19488 19109 244417 194847 123504 117894 34542 33751 30894 2857 83352 70224 13128 5610 2960 2166 71343 791 659 3069 49570 1056 507 68274 31583 10158 36691 36357 29550
internal_count=263905 19488 19109 244417 194847 123504 117894 34542 33751 30894 2857 83352 70224 13128 5610 2960 2166 71343 791 659 3069 49570 1056 507 68274 31583 10158 36691 36357 29550
is_linear=0
shrinkage=0.05


Tree=84
num_leaves=31
num_cat=0
split_feature=21 0 29 5 29 9 9 28 28 0 19 22 5 0 3 27 3 4 16 11 19 28 23 16 0 6 22 16 13 19
split_gain=4.22742 3.78248 4.36763 3.69949 4.76567 3.82171 3.59605 3.7567 3.56856 3.32602 3.09707 12.3762 4.08393 3.23415 3.03624 2.93218 2.7925 3.24118 2.72803 2.72185 2.59968 4.62986 2.59845 2.58938 2.51233 2.55626 3.14925 2.93398 2.76571 3.34389
threshold=38.500000000000007 5.1497057863820919 -1.6214020128300053 1.8215862334936765 -1.6214020128300053 0.61450221568337382 0.63072861771374622 33.500000000000007 1.0000000180025095e-35 4.7512206636374144 4.1037525592591368 7.5000000000000009 0.77255834920795341 4.6568054714595153 0.57855146471576868 29.500000000000004 0.075372383116613054 -0.00084538254036352789 0.27766312293429213 0.11697771716489062 23.763239852563007 8.5000000000000018 4.5000000000000009 0.00066425331935711872 4.5402900480898207 1.8839739249646514 25.500000000000004 0.99225683663195241 0.12295287278535988 6.9839222246380492
decision_type=2 2 2 2 2 2 2 2 2 2 2 2 2 2 2 2 2 2 2 2 2 2 2 2 2 2 2 2 2 2
left_child=3 2 -2 6 8 9 7 10 -5 -6 11 13 -13 -1 19 20 17 18 -10 22 21 -7 -4 -21 -12 28 -27 -28 29 -26
right_child=1 -3 14 4 5 15 -8 -9 16 -11 24 12 -14 -15 -16 -17 -18 -19 -20 23 -22 -23 -24 -25 25 26 27 -29 -30 -31
leaf_value=0.0052627352781203594 0.0019125542262547431 0.00077035641750270464 -0.001654549536500562 -0.07160101186560934 0.00042183827171837594 -0.014221337435455787 0.0011702277416357238 0.001167805047144119 0.0064556872021998574 0.00077825672301256113 -0.0010934673242699905 0.00092259426446445782 -0.0009098756301161153 0.0018834927834968694 -0.0048927844710659613 0.0013905644462696334 0.0052087585337749001 -0.040392038933196067 -0.006026988999878872 0.0031810982465509904 -5.6045320055445725e-05 -0.000595344961272921 5.358701023403946e-05 -0.00037311317441696601 -0.0010580699913499071 0.0011280891901596219 0.0072653409501130476 -0.0031593501202427619 -0.00010413617434009734 0.00035945651309449422
leaf_weight=363 1599 944 2421 122 11364 134 32135 878 365 14826 7379 5368 3624 2479 391 523 326 111 2039 54 5003 480 926 9247 2442 2946 57 863 118102 36139
leaf_count=363 1599 944 2421 122 11364 134 32135 878 365 14826 7379 5368 3624 2479 391 523 326 111 2039 54 5003 480 926 9247 2442 2946 57 863 118102 36139
internal_value=0.000178267 -0.000620587 -0.000818417 0.000228446 0.000702548 0.000878442 0.000149807 6.31095e-05 -0.00121667 0.00114166 4.71741e-05 0.000828968 -8.00706e-05 0.00370514 -0.00112087 -0.000244299 -0.000857092 -0.00142147 -0.00103577 -0.000986717 -0.00057771 -0.00364821 -0.00220944 -0.000546715 -7.91946e-06 3.35418e-05 0.00130367 -0.00125 2.20249e-06 0.000369742
internal_weight=263650 15582 14638 248068 35293 32330 212775 180640 2963 26190 179762 11834 8992 2842 13039 6140 2841 2515 2404 12648 5617 614 3347 9301 167928 160549 3866 920 156683 38581
internal_count=263650 15582 14638 248068 35293 32330 212775 180640 2963 26190 179762 11834 8992 2842 13039 6140 2841 2515 2404 12648 5617 614 3347 9301 167928 160549 3866 920 156683 38581
is_linear=0
shrinkage=0.05


Tree=85
num_leaves=31
num_cat=0
split_feature=4 14 6 22 6 6 28 22 19 28 17 19 1 0 22 1 27 19 13 27 17 29 27 27 22 27 0 13 13 25
split_gain=3.82983 3.49682 5.61723 6.53362 8.84503 5.43759 5.39459 4.692 5.53768 4.46342 3.54755 3.33988 3.05819 2.99214 3.77147 2.7913 2.66798 2.74112 2.82161 2.63577 2.40421 6.49903 4.4741 6.07969 4.94763 3.94197 4.68568 3.39819 6.59511 3.19247
threshold=0.28723500240346106 0.80771776118861682 0.1421017337975167 4.5000000000000009 0.053754574504335205 1.0000000180025095e-35 25.500000000000004 19.500000000000004 8.26365763342916 4.5000000000000009 6.5000000000000009 0.65023692081831774 137.00000000000003 4.8935427106932758 9.5000000000000018 293.00000000000006 12.500000000000002 26.632372745804521 0.05458365522592127 37.500000000000007 4.5000000000000009 -2.1968687689319921 31.500000000000004 10.500000000000002 2.5000000000000004 15.500000000000002 4.8751815933909866 0.026825385527065589 0.25193393789087143 1.0000000180025095e-35
decision_type=2 2 2 2 2 2 2 2 2 2 2 2 2 2 2 2 2 2 2 2 2 2 2 2 2 2 2 2 2 2
left_child=1 2 3 4 6 13 9 8 10 -1 15 -6 16 14 -5 19 -13 -18 -19 -4 21 25 23 -23 -25 26 27 -3 -29 -22
right_child=-2 20 7 5 11 -7 -8 -9 -10 -11 -12 12 -14 -15 -16 -17 17 18 -20 -21 29 22 -24 24 -26 -27 -28 28 -30 -31
leaf_value=0.0013373663844073328 0.0012725366755589381 0.027870636571994702 0.00015595203217197396 0.0013706155513404489 0.0032386949316297281 0.00034190764507865663 0.00088341531604659365 0.00016207972214843218 -0.00092101312148562976 0.0027325055383689129 0.003173875627135911 0.00095851880734177872 0.00066993395366273011 0.0001080056019934399 -0.0034644744021635021 0.0069887926839189516 -0.0019224610472567271 -0.0084094903040710448 3.6463891675751498e-05 -0.0083433165609737292 0.0002160961489829189 0.00041338131455796859 -0.0016789028052674488 -0.00075200382453621492 0.00080107893832592693 -0.065525525976334542 0.0099816978975585113 -0.039417333855919376 0.00015673731270762658 -0.00027624061662125701
leaf_weight=395 32078 58 8226 271 126 14919 265 30827 39095 352 610 288 1080 925 1155 222 83 74 207 54 55214 40117 791 1300 16004 467 159 234 439 18075
leaf_count=395 32078 58 8226 271 126 14919 265 30827 39095 352 610 288 1080 925 1155 222 83 74 207 54 55214 40117 791 1300 16004 467 159 234 439 18075
internal_value=0.000180607 0.000109813 -0.000114848 0.000630586 0.00283972 0.000263463 0.00660079 -0.000304805 -0.000612877 0.0087751 0.000497147 0.000791174 0.0002194 -0.0019715 -0.00340813 0.000232887 -0.00248466 -0.00532967 -0.00297153 8.45417e-05 0.000277515 0.000513439 0.000593177 0.000644625 0.00142799 -0.00290715 -0.000955056 -0.00264706 -0.00364784 8.5757e-05
internal_weight=264110 232032 99174 20140 2870 17270 1012 79034 48207 747 9112 1858 1732 2351 1426 8502 652 364 281 8280 132858 59569 58212 57421 17304 1357 890 731 673 73289
internal_count=264110 232032 99174 20140 2870 17270 1012 79034 48207 747 9112 1858 1732 2351 1426 8502 652 364 281 8280 132858 59569 58212 57421 17304 1357 890 731 673 73289
is_linear=0
shrinkage=0.05


Tree=86
num_leaves=31
num_cat=0
split_feature=28 18 22 6 22 28 0 27 0 18 0 27 24 24 21 1 21 24 29 29 17 27 9 18 22 21 24 0 24 24
split_gain=3.71579 6.15127 7.40586 6.59212 8.25044 6.87424 5.693 6.65825 5.51182 4.77611 4.45883 4.42386 6.08607 10.1321 5.66767 5.13733 5.50235 8.27123 9.15345 6.90336 6.476 5.48766 5.07731 5.03208 4.72195 4.16832 3.99635 3.70482 4.94307 4.81933
threshold=11.500000000000002 0.9153330097459661 16.500000000000004 0.063193627739669814 13.500000000000002 2.5000000000000004 4.6676560430519158 31.500000000000004 5.225096175259913 17.371167667115831 4.9244151253434794 2.5000000000000004 8.5000000000000018 11.500000000000002 33.500000000000007 157.00000000000003 30.500000000000004 27.500000000000004 -1.8577800261288111 -1.9534123769382994 4.5000000000000009 8.5000000000000018 0.66992722111826331 18.13999714096234 9.5000000000000018 30.500000000000004 17.500000000000004 4.7324720776733296 11.500000000000002 8.5000000000000018
decision_type=2 2 2 2 2 2 2 2 2 2 2 2 2 2 2 2 2 2 2 2 2 2 2 2 2 2 2 2 2 2
left_child=1 2 6 4 5 -3 -1 -8 11 -6 -4 12 23 14 -14 22 17 18 27 26 -21 -22 -13 25 -19 -2 -18 28 29 -17
right_child=8 3 10 -5 9 -7 7 -9 -10 -11 -12 15 13 -15 -16 16 19 24 -20 20 21 -23 -24 -25 -26 -27 -28 -29 -30 -31
leaf_value=0.0055539785043592534 0.0066207350015824607 0.0014256983055406067 -0.0018904224900218487 0.00017510875603456277 -0.00042413337824785761 0.002346231071288651 0.0017818319361615775 -0.00053352082553399576 0.0015112835339194655 0.0041141230858982086 0.00084463291828410663 0.00019045840093968882 -0.023840615178494302 0.0007860779050430823 0.012901374902607232 -0.011691886981919178 0.0034258451772530025 -0.0016347299328269252 -0.00047681610382564884 0.00068670870566723283 0.00032636495431035816 -0.001063360493717837 -0.0015308929443228047 0.00012070677300926732 -0.0058302135041786267 0.00065524129889601719 0.0045281814691899317 -0.0080657596771491393 -0.0038945504524072723 -0.066424938445903317
leaf_weight=346 1533 382 837 168416 988 475 1533 738 891 176 1413 29667 1426 3666 147 181 1820 466 14522 6670 5355 14090 3151 1301 594 588 349 716 423 631
leaf_count=346 1533 382 837 168416 988 475 1533 738 891 176 1413 29667 1426 3666 147 181 1820 466 14522 6670 5355 14090 3151 1301 594 588 349 716 423 631
internal_value=0.000128715 0.000261889 0.00201459 0.000211838 0.00305047 0.00677363 0.00382308 0.00291281 -0.000136017 0.000309279 -8.88883e-05 -0.000175952 0.000896548 -0.000174651 -0.00353147 -0.00029408 -0.000636117 -0.00133206 -0.00105658 -0.000204709 -0.000429829 -0.000890974 0.000183437 0.00253653 -0.00561321 0.00403819 0.00250576 -0.00427217 -0.00593117 -0.00821429
internal_weight=263491 175304 4867 170437 2021 857 2617 2271 88187 1164 2250 87296 8661 5239 1573 78635 45817 17533 16473 28284 26115 19445 32818 3422 1060 2121 2169 1951 1235 812
internal_count=263491 175304 4867 170437 2021 857 2617 2271 88187 1164 2250 87296 8661 5239 1573 78635 45817 17533 16473 28284 26115 19445 32818 3422 1060 2121 2169 1951 1235 812
is_linear=0
shrinkage=0.05


Tree=87
num_leaves=31
num_cat=0
split_feature=18 27 28 16 21 5 20 3 6 6 27 15 1 27 16 27 21 29 1 12 15 9 1 0 16 28 29 15 29 21
split_gain=2.88558 2.57065 4.31553 3.02397 3.75402 2.76665 2.67159 2.55314 3.03565 2.76501 5.99773 6.12931 4.23833 2.75263 3.1546 2.69621 2.39954 4.2838 3.06313 3.10773 2.39352 3.00974 2.23816 2.16893 2.23876 2.54371 2.5968 2.15092 2.14076 2.12987
threshold=1.2544728625078301 19.500000000000004 1.0000000180025095e-35 0.032839772986434708 31.500000000000004 0.63798244929616177 0.84247624802388754 0.32308042656374097 1.5395601336132285 0.063193627739669814 20.500000000000004 21.500000000000004 221.00000000000003 29.500000000000004 5.8599370567950073 6.5000000000000009 34.500000000000007 -2.5608938885402721 157.00000000000003 1.3662730699813521 15.500000000000002 0.53936924082412008 213.00000000000003 4.7482908581751948 7.1096240885869593 6.5000000000000009 -1.1894795493740016 8.5000000000000018 0.038761191647520087 55.500000000000007
decision_type=2 2 2 2 2 2 2 2 2 2 2 2 2 2 2 2 2 2 2 2 2 2 2 2 2 2 2 2 2 2
left_child=1 2 -1 4 -4 -6 -3 8 9 10 -2 12 22 14 -10 -16 18 -18 -5 20 21 -20 -12 24 25 -17 -27 29 -21 -11
right_child=7 6 3 16 5 -7 -8 -9 13 27 11 -13 -14 -15 15 23 17 -19 19 28 -22 -23 -24 -25 -26 26 -28 -29 -30 -31
leaf_value=0.0066283916417795748 -0.00012951161888727263 0.00095318418709300053 -0.0040253205732291124 0.0011087769738371016 0.017943209384417388 -1.0575736340970383e-05 -0.00011524969987226003 0.00071285299796436895 0.00075939155143177047 1.048924028325194e-05 0.0014879030731690997 -0.0017847639786022045 0.0029190510927913972 -0.0014829999365549582 -0.015651965089875469 -0.013307898528273885 0.006689068339202223 -0.00063533818734918548 -0.00086613760784942965 -0.0011614107774549191 0.0055509680562992655 0.0030021084746632456 -0.0023563505455697657 0.0011981052331282085 0.00088480738625250788 0.0034396257941238934 -0.0027471427809275298 -0.00033622375107493811 -0.0069366330860109598 0.002322360742727389
leaf_weight=194 2785 3478 649 5510 50 234 1307 33243 11968 155385 1064 177 241 1162 560 112 78 2135 2627 211 155 896 76 658 883 118 406 37015 136 533
leaf_count=194 2785 3478 649 5510 50 234 1307 33243 11968 155385 1064 177 241 1162 560 112 78 2135 2627 211 155 896 76 658 883 118 406 37015 136 533
internal_value=0.000132894 0.000750284 0.000382525 0.000269301 -0.00247052 0.00232394 0.00173981 8.8642e-05 2.50777e-05 -2.84367e-05 0.0012192 0.00370347 0.00482621 0.000690427 0.000875553 -0.000655827 0.000486892 -0.000996384 0.000831149 -0.000217391 0.000209354 -5.81884e-05 0.00355263 0.000140102 -0.000898617 -0.00316038 -0.00169847 -5.65216e-05 -0.00474063 2.48213e-05
internal_weight=264046 17660 12875 12681 933 284 4785 246386 213143 197276 4343 1558 1381 15867 14705 2737 11748 2213 9535 4025 3678 3523 1140 2177 1519 636 524 192933 347 155918
internal_count=264046 17660 12875 12681 933 284 4785 246386 213143 197276 4343 1558 1381 15867 14705 2737 11748 2213 9535 4025 3678 3523 1140 2177 1519 636 524 192933 347 155918
is_linear=0
shrinkage=0.05


Tree=88
num_leaves=31
num_cat=0
split_feature=26 24 29 3 28 24 21 29 29 28 21 3 6 19 22 20 20 24 5 17 21 5 29 17 28 28 1 21 29 21
split_gain=4.14853 4.14408 7.64422 4.81862 4.25212 4.20444 9.99337 7.97448 7.12332 4.91033 4.76572 9.14247 5.4863 5.11547 10.2915 4.48918 4.14883 3.92574 8.197 8.71682 5.33812 7.64676 7.33827 5.28191 6.12195 5.15382 5.02523 4.7974 4.52259 5.83036
threshold=1.0000000180025095e-35 10.500000000000002 2.8408173346488366 0.24756238712469233 11.500000000000002 13.500000000000002 35.500000000000007 -2.5608938885402721 -2.8294749043545768 1.0000000180025095e-35 34.500000000000007 -0.60451242112916326 1.5395601336132285 3.0888116236248222 7.5000000000000009 0.023043622235898547 0.84247624802388754 7.5000000000000009 1.1149093255348597 4.5000000000000009 36.500000000000007 0.80628925514093874 -1.0791108000276988 4.5000000000000009 25.500000000000004 7.5000000000000009 141.00000000000003 34.500000000000007 -0.19247936463101048 30.500000000000004
decision_type=2 2 2 2 2 2 2 2 2 2 2 2 2 2 2 2 2 2 2 2 2 2 2 2 2 2 2 2 2 2
left_child=1 17 3 5 -4 6 8 -7 -3 -10 12 -12 13 14 -9 -16 -11 20 -19 27 21 -1 26 -23 25 -25 -22 -20 -21 -30
right_child=-2 2 4 -5 -6 7 -8 10 9 16 11 -13 -14 -15 15 -17 -18 18 19 28 22 23 -24 24 -26 -27 -28 -29 29 -31
leaf_value=-0.00029120983523074016 -0.0007351210844351449 -0.047757702284967604 0.0030281524023509435 0.0011606018208768314 0.0014347522728645483 0.0077801089784742677 0.0037950274386884574 0.0023459769800373677 -0.0049872329446680446 0.00084209937987263109 -0.00088299088365823486 0.00021366425513036087 0.00082167304994056891 -2.1652372813770776e-05 -0.0018707675556916159 0.00060584969454817277 0.0048936531027563845 6.0760287768079393e-05 -0.03257189060796295 -1.2176441279318804e-05 -0.032389656923907072 0.0010679571137925195 -0.0025154172791021171 0.00054925297092383565 0.0037040574920276566 -0.0013448835198634932 0.0026616925709586001 0.00065750755525243246 -0.051214028378697318 -0.0014279288087507376
leaf_weight=28147 19539 406 912 29377 1570 254 1789 913 527 11561 9982 6219 7653 89443 794 2417 1526 14337 2291 4275 593 7735 3374 7384 1999 5441 1349 392 518 859
leaf_count=28147 19539 406 912 29377 1570 254 1789 913 527 11561 9982 6219 7653 89443 794 2417 1526 14337 2291 4275 593 7735 3374 7384 1999 5441 1349 392 518 859
internal_value=0.000121939 0.000178068 0.000320214 0.000278244 0.00307413 0.000150655 0.000916251 4.78017e-05 0.00046719 0.000661819 2.86582e-05 -0.000767545 0.000156096 5.08198e-05 0.00177255 0.000440673 0.000852373 -0.000120593 -0.000675723 -0.00192261 0.000104067 0.0002621 -0.00140331 0.000947959 0.000395306 -5.84736e-06 0.00104531 -0.00426947 -0.000808563 -0.00330065
internal_weight=263576 244037 165343 162861 2482 133484 15809 117675 14020 13614 117421 16201 101220 93567 4124 3211 13087 78694 22672 8335 56022 50706 5316 22559 14824 12825 1942 2683 5652 1377
internal_count=263576 244037 165343 162861 2482 133484 15809 117675 14020 13614 117421 16201 101220 93567 4124 3211 13087 78694 22672 8335 56022 50706 5316 22559 14824 12825 1942 2683 5652 1377
is_linear=0
shrinkage=0.05


Tree=89
num_leaves=31
num_cat=0
split_feature=15 12 12 2 22 21 16 12 27 18 28 2 17 18 22 5 28 22 22 23 7 24 15 18 11 22 13 27 27 12
split_gain=2.32164 2.85842 2.79279 2.73922 5.74144 4.11202 3.06025 3.35018 2.95972 3.38539 2.95749 2.6558 2.67211 2.61934 3.41008 3.06031 2.79853 4.47697 2.42757 2.37595 2.61657 2.72031 2.53542 2.27023 2.10113 5.44115 7.90077 10.9069 7.83361 5.7807
threshold=17.500000000000004 0.10342637597321774 0.9489467609945802 -1.5742715205010283 25.500000000000004 28.500000000000004 2.706609501487613 0.80559825771558813 35.500000000000007 9.720595012534277 21.500000000000004 0.31873571726751332 4.5000000000000009 1.2139476720512721 10.500000000000002 0.35964551885601487 28.500000000000004 33.500000000000007 23.500000000000004 5.5000000000000009 0.44911440505072786 24.500000000000004 4.5000000000000009 3.0174716476165595 0.13923118961334396 8.5000000000000018 1.0000000180025095e-35 11.500000000000002 27.500000000000004 0.021225772796737857
decision_type=2 2 2 2 2 2 2 2 2 2 2 2 2 2 2 2 2 2 2 2 2 2 2 2 2 2 2 2 2 2
left_child=1 24 -2 4 8 6 -6 -8 9 10 18 13 -13 14 -5 23 -17 -18 -3 -14 21 22 -21 -15 25 26 27 -1 -29 -27
right_child=2 3 -4 11 5 -7 7 -9 -10 -11 -12 12 19 15 -16 16 17 -19 -20 20 -22 -23 -24 -25 -26 29 -28 28 -30 -31
leaf_value=0.00055934525887901864 -0.00062763235756648406 0.0018754107149036763 0.0019678494695561061 0.0014573945457954417 0.00073391565797914081 -0.0006133017111432939 -0.065668305970586399 -0.01614708581198265 -0.0022886683591955576 0.00065016172669315239 8.6602759579130627e-05 -0.00016178273331765076 0.00089334702773324632 0.0052359350414310432 5.3461128564979763e-05 -0.0001727876002065786 0.00030601901131934069 0.0031486712613396322 -0.0021579970944931286 0.0048571822350132023 0.0046653379776203123 0.008275960284374044 -0.0021148838373738345 0.00032009374830450324 0.00013425233930099075 -0.00031454601102016684 0.00055585696479271412 0.0026657514884696355 0.0015266202630707484 0.00071077770724871456
leaf_weight=899 11223 1228 1203 2444 98 2844 93 157 206 8884 546 11003 12077 797 4996 138306 7122 364 66 734 190 449 521 1214 29153 10703 5505 718 475 9358
leaf_count=899 11223 1228 1203 2444 98 2844 93 157 206 8884 546 11003 12077 797 4996 138306 7122 364 66 734 190 449 521 1214 29153 10703 5505 718 475 9358
internal_value=0.000119093 0.000152101 -0.000548044 6.08993e-05 0.000731483 -0.00113408 -0.00626437 -0.0092 0.0012763 0.00139034 0.00334239 8.35164e-06 0.000486907 -6.86337e-05 0.000846775 -0.000114713 -0.000141434 0.000800161 0.00464451 0.000945889 0.0025924 0.00197183 0.000776893 0.00182248 0.000464083 0.000776268 0.00191589 0.00453155 0.00766555 0.000344699
internal_weight=263576 251150 12426 194339 14122 3192 348 250 10930 10724 1840 180217 24974 155243 7440 147803 145792 7486 1294 13971 1894 1704 1255 2011 56811 27658 7597 2092 1193 20061
internal_count=263576 251150 12426 194339 14122 3192 348 250 10930 10724 1840 180217 24974 155243 7440 147803 145792 7486 1294 13971 1894 1704 1255 2011 56811 27658 7597 2092 1193 20061
is_linear=0
shrinkage=0.05


Tree=90
num_leaves=31
num_cat=0
split_feature=26 24 29 27 0 24 29 17 5 29 27 27 29 4 0 0 5 13 22 22 18 24 29 29 27 28 27 17 4 29
split_gain=3.60297 3.87549 4.07731 3.9302 3.47756 3.44908 6.50159 6.13352 6.50132 7.54808 5.41645 5.46378 4.95568 4.21948 4.08911 4.08841 4.05039 4.11826 5.05072 3.95665 6.4172 3.31571 7.34181 6.33398 5.03811 8.08219 4.86293 4.83707 5.60306 5.37501
threshold=1.0000000180025095e-35 10.500000000000002 2.8408173346488366 18.500000000000004 4.4439066730957402 7.5000000000000009 -2.1968687689319921 5.5000000000000009 1.0484622314962253 -0.6161991890922468 24.500000000000004 32.500000000000007 -4.5835963978295169 -0.29148703440002455 4.6786224635956151 5.1286703667030071 4.3892368686248622 0.072833702173975695 6.5000000000000009 27.500000000000004 8.6764120889635752 13.500000000000002 -2.5608938885402721 -2.8294749043545768 7.5000000000000009 2.5000000000000004 34.500000000000007 4.5000000000000009 -0.20969438039806546 0.12233327623614838
decision_type=2 2 2 2 2 2 2 2 2 2 2 2 2 2 2 2 2 2 2 2 2 2 2 2 2 2 2 2 2 2
left_child=1 4 21 -4 -1 10 14 8 -8 13 12 16 -6 -10 -7 -15 17 -12 -19 20 -20 23 -23 -3 -25 26 -26 29 -29 -24
right_child=-2 2 3 -5 5 6 7 -9 9 -11 11 -13 -14 15 -16 -17 -18 18 19 -21 -22 22 27 24 25 -27 -28 28 -30 -31
leaf_value=-0.0079401653238206082 -0.00057131225574590073 -0.036665727328913232 0.00069855717962317445 0.0023379310765468653 0.0082010725248328111 -0.064602017756577645 -0.00021071011816199697 0.0014972414389266364 0.0057155857456453307 -0.031504333481584872 0.0011512793772894779 -0.0017431964893280902 -0.00015815504385224426 -0.0283004404960738 -0.010182529115085047 0.0027569103058942943 -0.0070792140765192375 -0.0007141295272912625 0.0027571113460549759 -0.00068934336505608847 0.00087246107589927606 0.0081486656722623407 0.00057988946840466498 0.00091288408681062085 -0.012971310237277498 0.0035643866100443719 0.0044845735186119081 -0.00025937196860972817 0.00023628409264208185 -0.00022102604726174344
leaf_weight=843 19498 449 1230 1240 386 832 10587 5487 1322 2150 2802 1109 42358 447 1571 125 124 1823 838 1123 4785 250 44862 13511 670 4568 153 38609 40250 19915
leaf_count=843 19498 449 1230 1240 386 832 10587 5487 1322 2150 2802 1109 42358 447 1571 125 124 1823 838 1123 4785 250 44862 13511 670 4568 153 38609 40250 19915
internal_value=0.00016276 0.000214939 0.000352158 0.00236842 -7.39398e-05 -3.93604e-05 -0.000561031 -0.000267422 -0.000802064 -0.00250742 0.000172907 0.00108378 -9.56853e-05 -0.000205913 -0.00301914 -0.00379371 0.00140713 0.00150515 0.000961023 0.00159206 0.0021332 0.000321649 0.000239009 0.000936128 0.00107555 0.00236784 -0.0021932 0.000224109 -3.88662e-05 0.000544252
internal_weight=263917 244419 165707 2470 78712 77869 22521 20118 14631 4044 55348 12604 42744 1894 2403 572 11495 11371 8569 6746 5623 163237 143886 19351 18902 5391 823 143636 78859 64777
internal_count=263917 244419 165707 2470 78712 77869 22521 20118 14631 4044 55348 12604 42744 1894 2403 572 11495 11371 8569 6746 5623 163237 143886 19351 18902 5391 823 143636 78859 64777
is_linear=0
shrinkage=0.05


Tree=91
num_leaves=31
num_cat=0
split_feature=26 29 24 29 29 24 24 21 17 20 4 29 29 5 24 29 21 20 29 2 6 18 22 20 18 3 28 24 29 24
split_gain=4.58693 4.43758 3.16659 3.83428 3.52866 4.9837 3.68562 10.4166 10.7412 7.69988 7.78151 7.38996 6.66083 6.40228 4.62971 3.81007 3.77814 4.93214 5.22691 3.70805 3.40201 3.19076 4.48168 4.02261 3.8562 3.13824 2.8253 2.81008 4.9913 5.53414
threshold=1.0000000180025095e-35 -1.8577800261288111 9.5000000000000018 3.7506147206528282 -3.1903952382278615 13.500000000000002 14.500000000000002 34.500000000000007 8.5000000000000018 1.2782096704950086 -0.4421279035433397 -1.3267258088422953 -2.5608938885402721 3.3465682936610741 11.500000000000002 0.60199955426817631 34.500000000000007 0.012633978948977347 -0.26383335995364116 -1.7070389538898059 0.04061927638801887 1.0040241493716906 6.5000000000000009 0.023043622235898547 0.17587554226132504 0.2684026855020028 1.0000000180025095e-35 7.5000000000000009 0.6935744829748387 8.5000000000000018
decision_type=2 2 2 2 2 2 2 2 2 2 2 2 2 2 2 2 2 2 2 2 2 2 2 2 2 2 2 2 2 2
left_child=2 -2 27 4 5 -4 7 8 11 12 -11 14 -8 15 26 -13 19 -18 -19 -14 -12 22 24 -24 -21 -9 -6 -1 -29 -30
right_child=1 -3 3 -5 6 -7 9 25 -10 10 20 13 16 -15 -16 -17 17 18 -20 21 -22 -23 23 -25 -26 -27 -28 28 29 -31
leaf_value=7.6130048371421497e-05 -0.031735911897771786 -0.00058685951956361632 -0.04508861011263314 0.001681629410560076 -0.062681934324690852 0.010170976118252212 0.0082656830709056609 0.0029257652180428389 0.0053262478828206457 0.00024587824646952463 0.00098079181810161093 0.00092765228622393578 0.00097352479082780062 0.0060923695539995782 0.0010496941017516623 -0.0025416283899329832 -0.00083363408877066875 0.00071853860754828133 -0.00025551565416037999 0.0021573969939607798 -0.00083408445543403621 0.0002549101494388985 -0.0012983019673970886 0.00079878502913218689 0.00094296436789205983 -0.002750488824130785 -0.014695656588619 -0.00056346774021297946 -0.001002310979796559 -0.038255342346066264
leaf_weight=55777 377 19109 523 2382 147 52 184 3703 1596 5410 345 21237 5005 399 1766 1157 7813 2836 2756 254 8959 101085 776 1795 353 341 2302 13034 1054 943
leaf_count=55777 377 19109 523 2382 147 52 184 3703 1596 5410 345 21237 5005 399 1766 1157 7813 2836 2756 254 8959 101085 776 1795 353 341 2302 13034 1054 943
internal_value=0.000155236 -0.000582982 0.000214195 0.000329376 0.000301592 -0.0036087 0.000314801 0.000792392 0.00045658 0.00020146 -0.000879434 0.000221046 0.000330914 0.000576713 -0.00170225 0.000464857 0.000316655 -0.000475568 0.000658084 0.000413845 -0.00175623 0.000350029 0.00191001 0.000997667 0.0057743 0.00316766 -0.00310943 -6.75059e-05 -0.000674273 -0.003002
internal_weight=263470 19486 243984 173176 170794 575 170219 32648 28604 137571 14714 27008 122857 22793 4215 22394 122673 13405 5592 109268 9304 104263 3178 2571 607 4044 2449 70808 15031 1997
internal_count=263470 19486 243984 173176 170794 575 170219 32648 28604 137571 14714 27008 122857 22793 4215 22394 122673 13405 5592 109268 9304 104263 3178 2571 607 4044 2449 70808 15031 1997
is_linear=0
shrinkage=0.05


Tree=92
num_leaves=31
num_cat=0
split_feature=4 11 22 18 15 7 15 11 21 5 19 22 27 13 27 12 4 24 22 28 11 27 27 18 19 13 18 24 29 29
split_gain=2.89563 3.06349 2.99651 5.32326 3.32012 3.06251 2.97833 3.06616 3.23427 4.08798 4.52307 7.39621 7.81938 8.53413 8.98896 7.54133 6.26853 5.14301 4.07572 5.08853 3.8877 3.33405 3.15837 3.02826 7.94086 3.21808 4.56817 2.99113 3.15186 3.03026
threshold=0.37130062653243162 0.75742808558791541 2.5000000000000004 1.5214452982081119 1.0000000180025095e-35 0.48062161047914059 22.500000000000004 0.14070212066875659 38.500000000000007 0.88821823950593071 52.219901575810034 9.5000000000000018 8.5000000000000018 0.018644057129502966 30.500000000000004 0.087331604679705091 -0.018115850111238459 7.5000000000000009 12.500000000000002 10.500000000000002 0.091556536260371177 31.500000000000004 1.5000000000000002 4.9207779672608334 2.1354914317872797 0.18055712624711576 14.405193574437424 14.500000000000002 4.8373071902499918 -1.2218905403000824
decision_type=2 2 2 2 2 2 2 2 2 2 2 2 2 2 2 2 2 2 2 2 2 2 2 2 2 2 2 2 2 2
left_child=1 6 3 -3 5 -5 7 8 9 -1 11 12 17 14 15 -14 22 -11 19 -12 -20 -18 -13 24 -15 26 -25 -10 29 -29
right_child=-2 2 -4 4 -6 -7 -8 -9 27 10 18 16 13 23 -16 -17 21 -19 20 -21 -22 -23 -24 25 -26 -27 -28 28 -30 -31
leaf_value=-5.0447345378995463e-05 0.0013255565427565796 0.0048069133229735606 0.00041326262783544738 0.00033305219737177113 0.00056176800971274421 -0.0092212110148018438 -0.0012244910595470909 -0.00014415743594499834 0.00051485293699458663 0.0056340839480438932 -0.0024651598212556188 0.0044468797180648332 0.0022991061759199466 0.0014941829116907508 -0.001705231673311708 -9.7193836880089658e-05 0.001343495931168141 -0.0018090759989406173 -6.4491139747310894e-05 4.3225468330475766e-05 0.00096087174119709792 -0.020231535644657302 -0.00014599949758930381 0.001883226398479639 -0.00099636082961170112 0.00053790776032798342 -0.0024524523878339988 0.0014150755284996614 0.0026867952213905414 -0.0011752976552636427
leaf_weight=32896 17471 248 47307 654 1311 1564 4611 117376 1997 387 1911 402 888 432 216 180 3289 1652 5371 3827 3616 68 10379 1072 532 1174 83 210 97 2401
leaf_count=32896 17471 248 47307 654 1311 1564 4611 117376 1997 387 1911 402 888 432 216 180 3289 1652 5371 3827 3616 68 10379 1072 532 1174 83 210 97 2401
internal_value=0.000102913 5.87653e-05 0.000403454 -0.000951813 -0.00144942 -0.00262849 -3.15014e-05 -1.10202e-06 0.000253148 0.000340403 0.000712676 0.00118821 0.00256802 0.00371532 0.0071729 0.00905431 0.00054251 -7.35595e-06 4.24454e-05 -0.000998605 0.000707133 0.00242925 -4.4986e-05 0.00236714 1.0374e-05 0.00334264 0.00521645 -0.00101488 -0.00209749 -0.00242627
internal_weight=263622 246151 51084 3777 3529 2218 195067 190456 73080 68375 35479 20754 6616 4577 1284 1068 14138 2039 14725 5738 8987 3357 10781 3293 964 2329 1155 4705 2708 2611
internal_count=263622 246151 51084 3777 3529 2218 195067 190456 73080 68375 35479 20754 6616 4577 1284 1068 14138 2039 14725 5738 8987 3357 10781 3293 964 2329 1155 4705 2708 2611
is_linear=0
shrinkage=0.05


Tree=93
num_leaves=31
num_cat=0
split_feature=18 27 22 2 27 22 27 19 18 4 19 4 18 22 6 19 26 17 18 15 16 27 22 27 27 6 11 20 24 22
split_gain=2.80826 5.7031 8.28714 7.24193 10.2147 6.56368 9.06603 8.41786 4.61161 4.59123 4.14713 7.19649 4.23566 4.04957 5.05197 4.24647 3.91937 3.63271 3.13263 2.97901 2.94528 2.87314 2.80002 2.9097 2.77418 3.02114 2.76505 2.74139 2.69222 4.12263
threshold=11.048218693646772 19.500000000000004 20.500000000000004 -0.053304017702522861 27.500000000000004 7.5000000000000009 28.500000000000004 0.38025422428337641 2.0038796786137936 -0.28343323907410845 30.993730150117567 -0.43753426832425962 2.413183686715783 17.500000000000004 0.92701573875340959 54.244096753380468 1.0000000180025095e-35 9.5000000000000018 7.4781274162522324 5.5000000000000009 0.16408153453955945 47.500000000000007 2.5000000000000004 28.500000000000004 22.500000000000004 0.063193627739669814 0.14220164680872774 0.71486544026091525 7.5000000000000009 3.5000000000000004
decision_type=2 2 2 2 2 2 2 2 2 2 2 2 2 2 2 2 2 2 2 2 2 2 2 2 2 2 2 2 2 2
left_child=1 17 3 5 -5 7 8 -3 -7 -4 12 26 22 14 -2 21 -10 -1 20 -8 -13 -15 23 27 -17 -26 -12 -9 -6 -30
right_child=13 2 9 4 28 6 19 10 16 -11 11 18 -14 15 -16 24 -18 -19 -20 -21 -22 -23 -24 -25 25 -27 -28 -29 29 -31
leaf_value=0.00012624430251510383 -0.00054172314113937962 0.003107780317892089 -0.00077903055244650857 0.0013985320318020572 0.001282515923753613 0.0034421388650891522 0.00087082307794460038 -0.0015310575430008066 0.0018892003027970836 0.00033734781134566876 0.0020169765843787882 -0.0047913996343890465 -0.0012757099753392819 -0.00058190691762077514 0.00022634314033035112 0.00013983533901994958 -0.0007356203295308736 0.001999449323432215 -0.0012660880566835516 -0.00097074865648909953 0.0012858854819708112 0.007383693196767971 0.00084502416811960135 0.00062262939968111284 0.002765989128365239 0.00064485351175622022 0.00071473248195823725 0.00042433581369973094 0.0039272540161024065 -0.01360032698788901
leaf_weight=144447 36395 359 3648 499 290 276 1849 177 2115 3689 488 68 2377 9189 19132 21714 123 1970 665 1048 512 71 869 237 168 10907 312 57 141 207
leaf_count=144447 36395 359 3648 499 290 276 1849 177 2115 3689 488 68 2377 9189 19132 21714 123 1970 665 1048 512 71 869 237 168 10907 312 57 141 207
internal_value=0.000134982 0.00025985 0.00105169 0.00182611 0.00563325 0.00145075 0.00271946 0.000329195 0.00491647 -0.000285538 -0.000133634 0.00167482 -0.0011286 -7.79899e-05 -0.000358294 0.00029216 0.00416443 0.000151656 -0.000702811 0.000812911 0.00198276 -0.000653347 0.0011194 -0.00198514 0.000559182 0.00120316 0.005375 -0.00594017 0.00144201 -0.00152299
internal_weight=263999 166423 20006 12669 1137 11532 5411 6121 2514 7337 5762 2045 3717 97576 55527 42049 2238 146417 1245 2897 580 9260 1340 471 32789 11075 800 234 638 348
internal_count=263999 166423 20006 12669 1137 11532 5411 6121 2514 7337 5762 2045 3717 97576 55527 42049 2238 146417 1245 2897 580 9260 1340 471 32789 11075 800 234 638 348
is_linear=0
shrinkage=0.05


Tree=94
num_leaves=31
num_cat=0
split_feature=27 28 0 9 24 17 18 0 18 29 29 29 1 24 24 27 24 21 21 29 17 24 18 24 0 29 23 1 20 19
split_gain=3.74793 3.5301 5.54495 4.42344 4.2623 7.4022 4.26889 3.94334 3.88685 3.4687 3.58655 4.13503 3.45312 5.72643 14.3064 8.38067 5.15672 8.25004 6.00298 4.50256 4.13056 4.10232 5.95853 4.30101 3.65009 3.49129 4.03139 3.40814 3.39208 3.54838
threshold=59.500000000000007 11.500000000000002 5.1914582650287837 0.42607370293052055 27.500000000000004 8.5000000000000018 8.5080550058377042 4.6786224635956151 0.9153330097459661 -1.691767014093873 -0.62662308157277502 -0.89127533738544151 153.00000000000003 7.5000000000000009 2.5000000000000004 10.500000000000002 14.500000000000002 34.500000000000007 33.500000000000007 -1.8577800261288111 5.5000000000000009 8.5000000000000018 25.932938302285212 11.500000000000002 4.6383966752493375 -0.30685480284904904 1.5000000000000002 265.00000000000006 0.70822378247410345 0.12425885854174255
decision_type=2 2 2 2 2 2 2 2 2 2 2 2 2 2 2 2 2 2 2 2 2 2 2 2 2 2 2 2 2 2
left_child=1 8 4 -4 7 9 -7 12 27 -6 11 -11 13 14 -3 -15 18 -18 21 -20 -21 22 -14 -23 -16 -17 -27 -1 29 -12
right_child=-2 2 3 -5 5 6 -8 -9 -10 10 28 -13 16 15 24 25 17 -19 19 20 -22 23 -24 -25 -26 26 -28 -29 -30 -31
leaf_value=0.00056988709256100046 -0.041395189151136963 0.0064330858620139306 0.0030696492011471717 0.00058309271976726825 0.0020563393671523792 0.0061569097544768754 0.00073523972095747249 8.7678978079676464e-05 0.00019708856321345392 -0.00089932494694446377 -0.0037947499129993112 -0.0036480446385200984 0.0080527308005782002 0.0051822905383492081 -0.010806873882527965 0.00052832211587678182 0.00028551689039810755 -0.0030704044110378571 0.010870063771858479 0.0035402544684904145 -0.0050990317129542368 -0.065335386199002476 -0.013039741805442071 -0.013076338049572606 -0.028037135679810615 -0.0040548674858631719 -0.00042032165648804776 0.0022281464673608387 -0.0011914414630293064 0.00011292730257417245
leaf_weight=4587 58 356 240 1968 264 210 509 57423 170536 1304 54 1086 437 1875 924 2242 7223 1660 383 423 646 1059 636 1421 50 408 1032 331 1707 2690
leaf_count=4587 58 356 240 1968 264 210 509 57423 170536 1304 54 1086 437 1875 924 2242 7223 1660 383 423 646 1059 636 1421 50 408 1032 331 1707 2690
internal_value=0.000122583 0.000125378 -0.000132607 0.00234149 -0.000196112 -0.00130879 0.00352573 -8.47842e-05 0.00025511 -0.00179803 -0.00201506 -0.00357741 -0.00067509 0.000240308 -0.00270677 0.000945655 -0.00112903 -0.000405831 -0.00241259 0.000296144 -0.00137044 -0.00351956 -0.000936626 -0.0046371 -0.00584189 -0.000439978 -0.00236111 0.00164091 -0.00117614 -8.7463e-05
internal_weight=263742 263684 88230 2208 86022 7824 719 78198 175454 7105 6841 2390 20775 6887 1330 5557 13888 8883 5005 1452 1069 3553 1073 2480 974 3682 1440 4918 4451 2744
internal_count=263742 263684 88230 2208 86022 7824 719 78198 175454 7105 6841 2390 20775 6887 1330 5557 13888 8883 5005 1452 1069 3553 1073 2480 974 3682 1440 4918 4451 2744
is_linear=0
shrinkage=0.05


Tree=95
num_leaves=31
num_cat=0
split_feature=12 22 11 27 13 27 12 19 22 22 27 6 19 3 0 16 4 0 0 4 13 6 0 7 3 27 17 12 27 13
split_gain=2.35839 4.14971 14.1141 6.6276 6.55911 7.65316 4.76198 2.73947 9.79002 3.45431 5.69171 3.66418 2.94936 3.94128 3.83689 2.66659 3.75232 2.63657 2.72295 2.62557 2.4929 2.42129 3.1729 2.35536 2.24763 3.15488 2.22252 2.71958 2.13841 2.1279
threshold=0.10514702172253368 8.5000000000000018 1.0000000180025095e-35 7.5000000000000009 0.018644057129502966 27.500000000000004 0.021225772796737857 4.1037525592591368 8.5000000000000018 8.5000000000000018 23.500000000000004 1.1318644225234415 59.99486014821899 0.34034077118967859 5.0763865755225819 0.043557095429969162 -0.18285179575064528 4.6676560430519158 4.6916983434607848 -0.5088919993798815 0.1698830832819655 1.0000000180025095e-35 4.9041128417203437 0.2131333887832296 0.57855146471576868 13.500000000000002 5.5000000000000009 0.240338146506965 10.500000000000002 1.1119986890868603
decision_type=2 2 2 2 2 2 2 2 2 2 2 2 2 2 2 2 2 2 2 2 2 2 2 2 2 2 2 2 2 2
left_child=1 2 3 -1 5 -5 21 8 17 10 -9 15 13 -11 23 16 -12 -2 -19 20 -6 22 28 -14 -15 -26 -10 -28 -3 -4
right_child=7 6 29 4 19 -7 -8 9 26 12 11 -13 14 24 -16 -17 -18 18 -20 -21 -22 -23 -24 -25 25 -27 27 -29 -30 -31
leaf_value=0.0018475166526041313 0.0050677683025322079 -0.00017568440596394967 1.6017100740617209e-05 0.0022827004935703703 0.0035417200919144682 0.0017884390951351113 0.00047630714854854096 -0.00011805575889373883 0.00032602058311569071 -0.00012565272138498131 -0.0013255635923414401 0.00032716977443434948 -0.02663295776150721 0.0014558276127298671 0.000607368016440847 -0.001167046403934776 -0.045857743395347705 -0.0048475260222729539 0.0022633581586056785 4.4463480211544172e-05 0.0014399764062836711 -0.00013166773101082945 0.00021848373929268122 0.00025519295197958133 0.00095978608757416668 -0.0091729366366761003 0.00031644066442740483 -0.0030366640390293051 -0.0026711393169732357 0.0010651471134496627
leaf_weight=1906 287 347 11817 695 195 565 20616 48228 5349 82027 91 1438 219 13148 5478 5705 108 54 2219 615 203 22806 757 34959 160 137 581 705 866 1618
leaf_count=1906 287 347 11817 695 195 565 20616 48228 5349 82027 91 1438 219 13148 5478 5705 108 54 2219 615 203 22806 757 34959 160 137 581 705 866 1618
internal_value=0.000129728 0.000396629 0.00104803 0.00358579 0.00540915 0.00781746 0.000143859 4.60201e-05 0.000889071 5.58229e-06 -0.000326614 -0.00162354 0.000141191 -1.06832e-05 0.000497836 -0.0021748 -0.00786432 0.00351563 0.00294545 0.00241362 0.00557789 -0.000323296 -0.00200508 0.000306158 0.000782819 -0.00351852 -0.00012434 -0.00199067 -0.00359027 0.000258653
internal_weight=263899 63006 17614 4179 2273 1260 45392 200893 9195 191698 55570 7342 136128 95472 40656 5904 199 2560 2273 1013 398 24776 1970 35178 13445 297 6635 1286 1213 13435
internal_count=263899 63006 17614 4179 2273 1260 45392 200893 9195 191698 55570 7342 136128 95472 40656 5904 199 2560 2273 1013 398 24776 1970 35178 13445 297 6635 1286 1213 13435
is_linear=0
shrinkage=0.05


Tree=96
num_leaves=31
num_cat=0
split_feature=2 22 13 1 27 21 6 5 13 28 29 7 10 13 29 21 14 17 27 5 6 13 5 22 14 29 29 5 7 22
split_gain=3.00188 3.46958 3.07821 2.64531 6.08939 6.43965 4.04172 3.03199 2.85323 2.55124 2.98466 2.63739 2.40743 2.96787 3.72543 2.66897 3.45686 2.38738 2.71689 2.76301 2.45761 2.41017 2.34209 2.33513 2.31476 2.25225 3.23206 3.51615 2.21766 2.1756
threshold=-2.095014047561524 25.500000000000004 0.19107325073635506 233.00000000000003 21.500000000000004 31.500000000000004 0.11191186438626136 0.59633184997586997 0.14808046309421688 30.500000000000004 -1.691767014093873 0.65700557536233639 0.18333333333333338 0.68916910016066002 -2.8294749043545768 34.500000000000007 3.0409405647810819 7.5000000000000009 16.500000000000004 0.53674640719026689 0.60678906894102413 0.54174860476222664 2.9804490709113423 22.500000000000004 0.96982378087972942 0.086861271210942489 -0.076288753815791491 0.79984908459656368 0.29142337565840487 28.500000000000004
decision_type=2 2 2 2 2 2 2 2 2 2 2 2 2 2 2 2 2 2 2 2 2 2 2 2 2 2 2 2 2 2
left_child=1 -1 3 -2 7 6 23 -5 -8 12 -11 29 -4 17 -15 25 -17 -14 21 20 24 -19 -9 -6 -20 26 -16 -28 -27 -12
right_child=2 -3 9 4 5 -7 8 22 -10 10 11 -13 13 14 15 16 -18 18 19 -21 -22 -23 -24 -25 -26 28 27 -29 -30 -31
leaf_value=0.0010273498852464695 0.00014834649516398094 -0.0012909199761169041 0.00029486250180349861 0.0021494617899585591 0.0022802581514381952 -6.9395069359054384e-05 0.001678056875871194 3.3983500503835381e-05 5.4638350561639695e-05 0.0061695582732763645 0.0005892705060428807 -0.00031562859479051847 -0.00049166024256520099 -0.022271857009237322 0.00025350071304338555 0.00012560222676098509 -0.0015705671196743869 0.0018234723966176151 -0.0028523651128308384 8.5979158205924948e-05 -0.009142811203599931 -0.0019985851332059482 -0.0021156233224816252 0.00056248086475427239 0.0025252811990075217 0.0053997327417925822 0.00076504284473818355 0.001507735119198435 -0.0011324820677593519 0.0022810952860148129
leaf_weight=4745 91101 1381 44204 6021 386 1238 1278 10085 491 563 1635 2261 53541 813 22273 3035 2282 2274 430 3642 76 531 307 71 61 373 1975 1316 5162 375
leaf_count=4745 91101 1381 44204 6021 386 1238 1278 10085 491 563 1635 2261 53541 813 22273 3035 2282 2274 430 3642 76 531 307 71 61 373 1975 1316 5162 375
internal_value=0.000145079 0.00123898 0.000119085 0.000317811 0.000840419 0.00274538 0.0043531 0.000438373 0.00327021 -3.11255e-05 0.00109847 0.00064739 -6.95827e-05 -0.000208009 0.000143303 0.000218037 -0.00081719 -0.000423994 0.0004434 -0.000359942 -0.0036067 0.00164884 -7.89063e-05 0.00854486 -0.00231161 0.000395029 0.000593022 0.00205561 -0.000519421 0.00196517
internal_weight=263926 6126 257800 110978 19877 3464 2226 16413 1769 146822 4834 4271 141988 97784 37229 36416 5317 60555 7014 4209 567 2805 10392 457 491 31099 25564 3291 5535 2010
internal_count=263926 6126 257800 110978 19877 3464 2226 16413 1769 146822 4834 4271 141988 97784 37229 36416 5317 60555 7014 4209 567 2805 10392 457 491 31099 25564 3291 5535 2010
is_linear=0
shrinkage=0.05


Tree=97
num_leaves=31
num_cat=0
split_feature=2 22 18 24 21 13 12 14 18 17 21 0 21 24 1 19 17 24 24 24 21 3 0 23 0 24 24 4 0 16
split_gain=2.53931 5.14505 4.43565 3.56765 2.9061 2.89558 2.93498 2.76926 2.58367 4.10011 3.65379 3.96262 3.94111 3.81759 3.72595 3.58521 3.33008 5.71783 8.71815 7.73063 6.66276 5.84259 3.63007 3.61536 3.4093 3.13709 3.24035 4.47387 3.90465 3.08497
threshold=-1.8749923332131402 25.500000000000004 9.720595012534277 13.500000000000002 34.500000000000007 0.60269545744804309 0.46759748730291856 2.4573938308905419 4.9207779672608334 8.5000000000000018 28.500000000000004 4.8513391169975835 2.5000000000000004 30.500000000000004 105.00000000000001 16.131242201659806 4.5000000000000009 25.500000000000004 5.5000000000000009 12.500000000000002 35.500000000000007 0.055701684289899918 5.2106208181773761 4.5000000000000009 4.725996250845899 18.500000000000004 9.5000000000000018 0.15667436118434777 5.142527586041834 0.93441537830536037
decision_type=2 2 2 2 2 2 2 2 2 2 2 2 2 2 2 2 2 2 2 2 2 2 2 2 2 2 2 2 2 2
left_child=1 2 4 5 -1 -3 -7 -6 9 -2 11 13 14 15 -13 -10 17 18 -12 20 23 -22 25 -20 -25 26 27 -18 -28 -11
right_child=8 3 -4 -5 7 6 -8 -9 10 29 16 12 -14 -15 -16 -17 22 -19 19 -21 21 -23 -24 24 -26 -27 28 -29 -30 -31
leaf_value=0.0022836667725351124 0.00019917793431485157 0.0014644214674022619 0.00062971223569212331 0.00099833024727672835 -0.0056051223611618389 0.00092035748467380338 -0.040221539126666622 0.00096509958652899245 0.0017538088681140086 0.0029874066367803335 0.00099927184918604823 -0.0030142393561306503 0.00045062656862332673 0.0014939307634630238 -0.00061152342367068024 -0.0017475145291938835 -0.00015857668588801675 0.00083565744722310454 -0.008562359395514911 0.00025603349018778632 0.0055204949081321848 -0.024126115571233227 0.00098288496687088138 -0.063415902813969291 -0.013379277732036563 -0.00024448297722932255 0.00047612066666874019 -0.0098297660419277705 0.0016191285714564189 0.00019771492087836836
leaf_weight=766 117645 388 5964 962 72 182 599 346 168 1123 4124 1710 7366 282 17407 7169 18818 5842 3453 11370 500 203 1168 428 993 34288 18676 297 795 949
leaf_count=766 117645 388 5964 962 72 182 599 346 168 1123 4124 1710 7366 282 17407 7169 18818 5842 3453 11370 500 203 1168 428 993 34288 18676 297 795 949
internal_value=0.000107346 0.00091982 0.00156268 -0.00123651 0.00435811 -0.00309239 -0.00484635 0.00100479 7.77558e-05 0.000246874 -7.21541e-05 -0.000519617 -0.000230525 -0.00152448 -0.000609143 -0.0017439 7.89962e-05 0.000555308 0.000171563 -0.000330146 -0.00185494 0.00269559 -9.41352e-05 -0.00251128 -0.00463406 -0.000138458 0.000170788 -0.000291655 0.000624776 0.00245174
internal_weight=264053 9279 7148 2131 1184 1169 781 418 254774 119717 135057 34102 26483 7619 19117 7337 100955 26913 21071 16947 5577 703 74042 4874 1421 72874 38586 19115 19471 2072
internal_count=264053 9279 7148 2131 1184 1169 781 418 254774 119717 135057 34102 26483 7619 19117 7337 100955 26913 21071 16947 5577 703 74042 4874 1421 72874 38586 19115 19471 2072
is_linear=0
shrinkage=0.05


Tree=98
num_leaves=31
num_cat=0
split_feature=21 3 5 1 16 28 0 0 0 2 24 0 1 19 24 19 21 0 1 3 1 0 3 4 22 18 12 22 0 18
split_gain=2.26742 3.04472 2.83743 3.01051 2.73838 3.77023 2.78765 2.629 2.45844 3.69318 3.35541 3.15992 3.76225 3.00314 2.90833 3.09399 2.88269 2.7648 3.33609 4.00332 3.33538 3.08368 2.94698 3.34364 2.75348 2.8009 2.79627 3.06316 5.52186 2.75454
threshold=39.500000000000007 0.57855146471576868 1.7707645836738664 97.000000000000014 0.11740296863049494 6.5000000000000009 4.3036100609115797 5.2290240876469687 5.2551598285955636 0.088289651865322907 5.5000000000000009 5.2824497881599219 217.00000000000003 13.8824939102561 27.500000000000004 38.829539515071261 1.5000000000000002 5.5341598236142326 257.00000000000006 0.032561898936193566 201.00000000000003 5.5783001407402253 0.058026853622023263 0.40100311072909972 7.5000000000000009 8.875161798013778 1.2846297319829549 4.5000000000000009 5.5716632714668153 1.7040741207189505
decision_type=2 2 2 2 2 2 2 2 2 2 2 2 2 2 2 2 2 2 2 2 2 2 2 2 2 2 2 2 2 2
left_child=2 4 3 -1 5 -2 -6 -4 9 -5 11 13 -13 -10 24 17 -15 22 20 -20 21 -19 -16 -24 26 -26 29 -28 -29 -12
right_child=1 -3 7 8 6 -7 -8 -9 10 -11 14 12 -14 16 15 -17 -18 18 19 -21 -22 -23 23 -25 25 -27 27 28 -30 -31
leaf_value=-0.0010324101698402546 -0.044867506697287583 -0.0051121745241527565 0.00027140598990200505 4.5242819017074394e-05 -0.015280229854941605 -0.0014218899803093816 -5.6384444762282878e-05 0.0012100641746197269 0.0028611864811432901 -0.00094424206996084146 0.0026203238125065554 -0.0012405364199311372 0.0013529542810560809 0.0044685591479252168 -0.001700081271721898 -0.0077370606314715934 -0.0036149193113073374 -0.002833575087603337 -0.0077483486109852871 -0.0029196469450656136 0.0025093058608608313 -4.9353337263661775e-05 0.0035873196117315233 -0.0018993270637666588 0.0011631481031231148 -0.0046836873946603805 -0.00036094758956627002 -0.0007294313395701797 -0.042475933279992127 -0.00029084180170995918
leaf_weight=6427 97 335 37781 114560 172 900 9573 932 1528 20294 2155 6739 2349 162 1340 53 422 951 116 758 1313 1382 2840 1306 38916 89 314 144 114 9645
leaf_count=6427 97 335 37781 114560 172 900 9573 932 1528 20294 2155 6739 2349 162 1340 53 422 951 116 758 1313 1382 2840 1306 38916 89 314 144 114 9645
internal_value=9.57698e-05 -0.000604405 0.00012647 5.51856e-05 -0.000458015 -0.00295386 -0.000202667 0.000520368 8.81976e-05 -3.81147e-05 0.000322706 -0.000473214 -0.00087808 0.00126894 0.000467804 -0.000309672 -0.00178082 -0.000245852 -0.0011615 -0.00393593 -0.000496434 -0.00163095 0.000508568 0.00116739 0.000620025 0.000826177 -2.99056e-05 -0.00344406 -0.00748062 0.000135594
internal_weight=263707 11077 252630 213917 10742 997 9745 38713 207490 134854 72636 11200 9088 2112 61436 10059 584 10006 4520 874 3646 2333 5486 4146 51377 39005 12372 572 258 11800
internal_count=263707 11077 252630 213917 10742 997 9745 38713 207490 134854 72636 11200 9088 2112 61436 10059 584 10006 4520 874 3646 2333 5486 4146 51377 39005 12372 572 258 11800
is_linear=0
shrinkage=0.05


Tree=99
num_leaves=31
num_cat=0
split_feature=14 6 28 18 28 23 7 27 27 24 29 29 24 0 18 15 0 26 0 0 7 12 13 0 8 24 27 6 28 18
split_gain=2.76287 4.8152 3.46996 2.55459 3.39635 2.5327 2.41004 2.36322 2.36179 2.26616 4.27029 4.01329 3.91805 6.75325 3.45145 3.14912 3.11439 3.095 3.68249 2.82608 2.73398 2.68468 2.44473 2.5838 2.63239 2.29597 3.98463 3.85345 3.08234 2.72481
threshold=0.79909914190638831 0.20635415146073929 22.500000000000004 1.2139476720512721 12.500000000000002 1.5000000000000002 0.59367885758365302 2.5000000000000004 1.5000000000000002 8.5000000000000018 -3.6915046855524722 -1.9534123769382994 1.5000000000000002 4.5208249664032918 34.597550769338447 11.500000000000002 4.7380940108345344 1.0000000180025095e-35 4.5402900480898207 4.6819840796372594 0.44911440505072786 2.3164918742227187 2.1458219453169609 5.2366771055285311 0.74408904322944203 14.500000000000002 1.0000000180025095e-35 0.21985587829160461 1.0000000180025095e-35 3.2602564571534898
decision_type=2 2 2 2 2 2 2 2 2 2 2 2 2 2 2 2 2 2 2 2 2 2 2 2 2 2 2 2 2 2
left_child=1 2 5 4 -2 -1 -4 -6 -8 11 15 16 14 -14 19 -11 -3 21 -19 -13 -21 25 23 24 -15 26 29 -28 -29 -12
right_child=3 9 6 -5 7 -7 8 -9 -10 10 17 12 13 22 -16 -17 -18 18 -20 20 -22 -23 -24 -25 -26 -27 27 28 -30 -31
leaf_value=-6.1447151658117918e-05 0.0013155928128917461 0.0086805126146963438 0.00020970595705498227 0.00017147287181508338 0.0018744038519346079 0.00055277456088665832 0.0021249609827136274 -0.00050799259753263575 -0.0027355771880301842 -0.022055024090171842 -0.0025974922093508538 0.0026402316568152244 -0.017550031142944251 -0.0017113840712255808 -0.0057489063355570177 -0.095270583456324054 -0.0025733778864821099 -0.023843897419558016 -0.0013180834580708845 0.0029205967449887488 -0.0014475263476504306 -0.0023011088795993986 -0.0048725709880554332 -0.00026175735310853443 -0.0075932785973878633 -0.0001230828698534347 -0.0095669524345091961 -0.0040692380521925205 0.0026288318667299485 0.00093687287172286148
leaf_weight=8904 4855 437 3598 141880 332 23241 463 2409 2869 85 1838 571 483 5841 384 58 365 101 5099 1033 1312 1460 370 6238 319 39356 296 385 6934 1985
leaf_count=8904 4855 437 3598 141880 332 23241 463 2409 2869 85 1838 571 483 5841 384 58 365 101 5099 1033 1312 1460 370 6238 319 39356 296 385 6934 1985
internal_value=0.000122448 -6.29242e-05 0.000387077 0.000263856 0.00115719 0.000605849 -0.000627705 -0.000249908 -0.00159664 -0.000297531 -0.000146622 -0.00079842 -0.000965802 -0.00134971 0.000575758 -0.00877622 0.00265586 -0.000125143 -0.00128846 0.00116255 0.000394457 -9.37668e-06 -0.00113017 -0.00101065 -0.00173701 5.13846e-05 0.000674944 0.00133618 0.00156237 -0.000642165
internal_weight=263501 114025 39075 149476 7596 32145 6930 2741 3332 74950 57597 17353 16551 13251 3300 143 802 57454 5200 2916 2345 52254 12768 12398 6160 50794 11438 7615 7319 3823
internal_count=263501 114025 39075 149476 7596 32145 6930 2741 3332 74950 57597 17353 16551 13251 3300 143 802 57454 5200 2916 2345 52254 12768 12398 6160 50794 11438 7615 7319 3823
is_linear=0
shrinkage=0.05


Tree=100
num_leaves=31
num_cat=0
split_feature=11 11 29 0 5 22 12 11 28 19 4 16 29 17 0 16 19 22 28 19 0 21 0 12 18 18 12 1 29 17
split_gain=2.62198 3.24958 3.27205 2.93506 2.70566 2.54247 5.65214 4.27699 3.83737 2.78381 2.59892 2.28083 2.28073 3.78954 2.80161 3.29779 2.34216 3.52413 2.23501 2.19082 2.14906 2.74729 2.92512 2.12847 2.12081 2.09534 2.05284 2.03756 4.05813 2.39925
threshold=0.68523801880228752 0.14070212066875659 3.3334073898702967 5.2581167805262305 0.40747828828078908 2.5000000000000004 1.0000000180025095e-35 0.055870501080268989 16.500000000000004 9.2681136455936066 0.44099366544005086 3.865127940442854 -2.8294749043545768 4.5000000000000009 4.6603476403907047 3.5231002308095758 56.363302583958479 3.5000000000000004 1.0000000180025095e-35 39.285608497592428 5.0146537794266903 32.500000000000007 4.6500701778329185 0.18557945820485852 26.341942685659273 12.112820027334863 1.9072835476382204 149.00000000000003 -0.19247936463101048 3.5000000000000004
decision_type=2 2 2 2 2 2 2 2 2 2 2 2 2 2 2 2 2 2 2 2 2 2 2 2 2 2 2 2 2 2
left_child=1 2 5 -3 -5 6 7 24 9 18 -7 -4 13 14 -2 23 -14 -18 -8 27 21 22 -15 -16 -1 -19 -11 28 -6 -30
right_child=12 3 11 4 19 10 8 -9 -10 26 -12 -13 16 20 15 -17 17 25 -20 -21 -22 -23 -24 -25 -26 -27 -28 -29 29 -31
leaf_value=0.0024085886190671943 -0.067040171115546485 -0.00024185954221645734 0.0015184901787566407 0.0023559774291650069 0.0023542350966429585 6.4546669730786212e-05 0.0069581834400062412 -0.00045855571535586572 0.0018426292718284718 -0.00053990069775993225 0.0064811969083645813 -0.0051817556238674201 0.00018575359278914016 -0.06655022084577461 -0.029890374745660881 -0.095170828409823063 -0.0019572858066853605 0.0011430187106372708 3.7098842459484277e-05 -0.005037113976664973 -0.036880729995706872 0.0088243819520316385 0.004253235360096445 0.011038390637997855 -0.0034446464815306057 0.00062657800502280219 -0.0036762682817526129 0.00070547823673147779 0.00078551852051143758 -0.0015263638265469745
leaf_weight=853 121 89311 2964 2346 1978 73054 373 355 991 2779 746 82 36739 155 56 61 2235 1427 567 126 58 233 344 115 61 17210 152 18991 2449 6400
leaf_count=853 121 89311 2964 2346 1978 73054 373 355 991 2779 746 82 36739 155 56 61 2235 1427 567 126 58 233 344 115 61 17210 152 18991 2449 6400
internal_value=0.000119356 3.48039e-05 0.000276041 -0.000129809 0.000278725 0.000214748 0.00119312 0.0041647 0.000417524 -0.000293205 0.000133469 0.00188444 0.00041376 -0.0017979 -0.00610482 -0.00288793 0.000457639 0.000880606 0.00207447 0.000150615 0.000126583 0.000860656 -0.00123246 0.000672515 0.00597374 0.0011056 -0.00105254 0.000178416 -0.000368984 -0.000826646
internal_weight=263332 204578 82977 121601 32290 79931 6131 1269 4862 3871 73800 3046 58754 1143 353 232 57611 20872 940 29944 790 732 499 171 914 18637 2931 29818 10827 8849
internal_count=263332 204578 82977 121601 32290 79931 6131 1269 4862 3871 73800 3046 58754 1143 353 232 57611 20872 940 29944 790 732 499 171 914 18637 2931 29818 10827 8849
is_linear=0
shrinkage=0.05


Tree=101
num_leaves=31
num_cat=0
split_feature=2 22 16 9 29 13 29 0 28 1 29 21 27 24 24 9 18 22 19 0 1 28 5 21 21 22 2 0 24 1
split_gain=2.67448 2.43973 2.52642 2.34988 2.34765 2.55575 2.76276 2.14191 4.58522 3.59165 3.86407 3.36949 3.60388 3.10303 3.06058 3.6074 3.11266 2.97803 3.46284 2.85201 3.64343 2.82098 4.17848 6.19489 5.85554 5.54472 5.91955 5.45532 4.61362 4.55408
threshold=-1.9450584503085147 25.500000000000004 0.25091460757403544 0.84916852147817357 -0.55713965335263338 0.14959614701612509 -0.67210302198578964 5.2207973539074883 14.500000000000002 109.00000000000001 -0.018088961058912559 26.500000000000004 1.0000000180025095e-35 5.5000000000000009 23.500000000000004 0.56279801168505261 6.3629099779192284 6.5000000000000009 4.2761266608149802 5.5125765798679067 229.00000000000003 11.500000000000002 0.66992565501501522 33.500000000000007 31.500000000000004 3.5000000000000004 -0.053304017702522861 4.8022471230451886 4.5000000000000009 249.00000000000003
decision_type=2 2 2 2 2 2 2 2 2 2 2 2 2 2 2 2 2 2 2 2 2 2 2 2 2 2 2 2 2 2
left_child=1 2 -1 7 5 6 -5 11 9 10 -9 17 -13 19 16 -16 -15 18 -2 -11 -21 22 23 -14 25 26 -24 -28 -29 -27
right_child=3 -3 -4 4 -6 -7 -8 8 -10 13 -12 12 21 14 15 -17 -18 -19 -20 20 -22 -23 24 -25 -26 29 27 28 -30 -31
leaf_value=-0.063977949095801886 0.0069558931980856099 -0.00089271145469299379 0.00093823311034407037 -0.013416279978318013 -0.0016547051777926576 0.001364395736609359 0.0018254903547087636 0.00068004779302872952 0.0012585772050895728 0.00033798000635524986 -0.0012966707007918828 0.0040639093855220952 -0.0011407216084953651 0.0010863895184964015 -0.00086070656880984908 0.00085617742520521789 -0.0013451453260050973 -0.0011321221542047368 5.594612075802162e-05 -0.001351915296631745 0.0019828129040119938 -7.4447663126391133e-05 -0.00056322118899667631 0.0011778920386060166 -9.7076879111616271e-05 0.00048551225882197802 0.0023419556817494171 -0.00030954545072499058 0.00071771679246293097 0.0014907711457507482
leaf_weight=115 462 1864 6206 191 2030 503 51 4371 869 7684 7634 342 4469 47367 11306 14623 2502 16567 4367 4953 1257 78768 3189 987 17720 19893 154 57 105 3190
leaf_count=115 462 1864 6206 191 2030 503 51 4371 869 7684 7634 342 4469 47367 11306 14623 2502 16567 4367 4953 1257 78768 3189 987 17720 19893 154 57 105 3190
internal_value=0.000115203 0.00100489 0.00147366 8.67144e-05 -0.00136036 0.00104027 -0.00318182 0.000102597 0.000278748 0.000247845 -0.000564348 -1.76343e-05 7.88373e-05 0.000356554 0.000482467 4.18456e-05 0.000711565 -0.000598709 0.000493892 -0.000330358 -0.00112721 6.51984e-05 0.000359899 -0.000945747 0.000520674 0.000989921 -0.000863052 0.00566456 -0.00074074 0.00127128
internal_weight=263796 8185 6321 255611 2775 745 242 252836 102566 101697 12005 150270 128874 89692 75798 25929 49869 21396 4829 13894 6210 128532 49764 5456 44308 26588 3505 316 162 23083
internal_count=263796 8185 6321 255611 2775 745 242 252836 102566 101697 12005 150270 128874 89692 75798 25929 49869 21396 4829 13894 6210 128532 49764 5456 44308 26588 3505 316 162 23083
is_linear=0
shrinkage=0.05


Tree=102
num_leaves=31
num_cat=0
split_feature=13 0 13 0 29 0 24 24 13 29 28 7 28 28 1 8 1 19 24 29 17 17 13 24 24 29 24 5 13 22
split_gain=2.03097 2.63796 2.46198 3.15861 3.78116 3.17595 3.30118 4.26656 4.31749 3.58629 3.35333 3.18577 2.95193 3.58037 2.92408 2.91689 3.51023 3.33249 2.87814 2.71167 2.51931 2.92249 2.82122 2.78324 5.97996 4.02098 3.10759 4.20319 3.55258 4.01594
threshold=0.84599432996080337 4.4236054436470065 0.13533029037819297 5.2106208181773761 -1.1313414534795427 4.6426673853605518 11.500000000000002 8.5000000000000018 0.19810279258732857 -2.0687998472287839 28.500000000000004 0.59367885758365302 23.500000000000004 31.500000000000004 113.00000000000001 0.18619290110867501 109.00000000000001 8.0285122994969864 8.5000000000000018 -1.3663842572693345 4.5000000000000009 7.5000000000000009 0.13838892484063886 18.500000000000004 7.5000000000000009 4.4656086771559433 14.500000000000002 0.83720797665618663 0.7014537670687695 11.500000000000002
decision_type=2 2 2 2 2 2 2 2 2 2 2 2 2 2 2 2 2 2 2 2 2 2 2 2 2 2 2 2 2 2
left_child=1 -1 -3 4 5 12 7 10 11 -8 -7 -9 -4 -14 -6 -5 17 -17 -18 -12 -16 23 -23 24 -22 -25 28 -28 -26 -30
right_child=-2 2 3 15 14 6 9 8 -10 -11 19 -13 13 -15 20 16 18 -19 -20 -21 21 22 -24 25 26 -27 27 -29 29 -31
leaf_value=-0.0021031489196630311 0.00026183806806416034 0.00018125698409147788 8.8236046085820774e-05 0.0018863096957307522 0.00023062685163299635 0.00051241042016968239 0.0052730403577427153 0.009689893789885386 -0.0015457963749977886 0.0011347964071150734 0.0087412216779256917 -0.036372958157160323 -0.020097272476137431 0.0028873114999326596 -0.00013445401355109836 0.00083747256918425747 -0.0004915545755542238 -0.001665152714534276 0.00060024172824648249 -0.053170106131807851 -0.0016186423071756176 -0.040001259287902331 0.00027717540004315204 -0.00091482565848398129 0.0023977354865244377 0.0012779334150969642 -0.002806527946364443 -4.4729478000640524e-06 0.0052498808000550909 -0.04901647426635744
leaf_weight=2204 46828 79849 1663 567 7597 2722 466 118 1399 4176 420 461 718 165 18523 1953 13591 5114 42960 67 4936 51 4687 13564 4286 486 722 2980 51 84
leaf_count=2204 46828 79849 1663 567 7597 2722 466 118 1399 4176 420 461 718 165 18523 1953 13591 5114 42960 67 4936 51 4687 13564 4286 486 722 2980 51 84
internal_value=6.59439e-05 1.38577e-06 1.90792e-05 -0.000111464 -0.000342896 0.000450506 0.000858175 -8.67494e-06 -0.00183519 0.0018268 0.00111717 -0.00546632 -0.00112333 -0.0034598 -0.000512274 0.000142168 0.000110347 -0.000940285 0.000241641 0.0049384 -0.000650188 -0.000919866 0.000225834 -0.00112011 -0.000594608 -0.00160854 0.000239444 -0.000829281 0.00113436 -0.00685185
internal_weight=263408 216580 214376 134527 70342 12375 9829 5187 1978 4642 3209 579 2546 883 57967 64185 63618 7067 56551 487 50370 31847 4738 27109 13059 14050 8123 3702 4421 135
internal_count=263408 216580 214376 134527 70342 12375 9829 5187 1978 4642 3209 579 2546 883 57967 64185 63618 7067 56551 487 50370 31847 4738 27109 13059 14050 8123 3702 4421 135
is_linear=0
shrinkage=0.05


Tree=103
num_leaves=31
num_cat=0
split_feature=14 6 17 24 19 26 24 0 5 29 21 7 2 27 4 22 27 11 15 21 19 16 21 24 0 24 3 24 3 22
split_gain=2.48968 3.38559 2.54519 3.1384 2.9308 2.46234 3.22047 2.56261 2.38591 3.55538 3.82878 2.34631 2.32374 3.10581 3.56464 10.1762 5.61623 3.22395 2.84441 4.37441 2.51639 2.3768 2.23974 2.18539 3.38144 5.93659 2.74035 2.72366 2.82266 2.42851
threshold=0.79909914190638831 0.20311600295204271 8.5000000000000018 11.500000000000002 21.835356526909088 1.0000000180025095e-35 23.500000000000004 4.6098625740792736 0.67799834232326905 -0.47249933133932337 29.500000000000004 0.67702452202027141 -0.13614166746668496 21.500000000000004 -0.54491434864628052 22.500000000000004 26.500000000000004 0.091556536260371177 18.500000000000004 38.500000000000007 0.16997065332559536 0.96746471571845671 36.500000000000007 9.5000000000000018 4.5086161124671804 2.5000000000000004 -0.51475799797007971 6.5000000000000009 -0.57792416978614225 26.500000000000004
decision_type=2 2 2 2 2 2 2 2 2 2 2 2 2 2 2 2 2 2 2 2 2 2 2 2 2 2 2 2 2 2
left_child=1 2 12 11 22 23 7 -7 -9 10 -10 -4 -1 18 15 16 -15 -17 -14 20 -20 -18 -5 24 25 26 -3 -27 -29 -25
right_child=-2 5 3 4 -6 6 -8 8 9 -11 -12 -13 13 14 -16 17 21 -19 19 -21 -22 -23 -24 29 -26 27 -28 28 -30 -31
leaf_value=-0.00028010419261271911 0.00017435213599809667 -0.0018539195169223256 0.00033997824754942383 0.0064411292778903569 0.00083367029228219075 -0.075991010675947768 -0.0040670593712926603 -0.001350141211127904 -0.015387434710738985 0.003082694019365409 0.0027249435434486772 -0.042903579605434332 0.00023662547181125702 0.0023320934630858192 0.00026276282096010013 -0.001813378411970322 0.0020959549119804535 0.0026101194665942842 -0.0038613605728038724 -0.013446701480550386 -0.0002071207349719747 -0.0046728309400426585 -0.00091729268473038611 -0.00017228256378360054 -0.00063144083613588409 -0.0280926075118706 0.0047710231139621029 0.0015817923258072035 -0.022942436897787671 0.00064392931272451057
leaf_weight=6192 149422 244 543 411 696 51 2009 1891 125 945 255 62 22448 523 3876 436 401 149 371 99 1955 66 73 40883 19085 238 105 125 96 9924
leaf_count=6192 149422 244 543 411 696 51 2009 1891 125 945 255 62 22448 523 3876 436 401 149 371 99 1955 66 73 40883 19085 238 105 125 96 9924
internal_value=9.1715e-05 -8.39621e-05 0.00029934 0.00214286 0.00364407 -0.000277192 -0.00131918 -0.000350474 -0.000174129 0.00145283 -0.00263158 -0.000785123 0.000209224 0.000389461 0.00147037 0.00347619 0.00656566 -0.00175214 0.000152576 -0.00147423 -0.00103611 0.0025803 0.00663223 -0.000199434 -0.000643693 -0.00381188 0.00110315 -0.00754902 -0.00355204 -2.5488e-05
internal_weight=263699 114277 38301 1785 1180 75976 5276 3267 3216 1325 380 605 36516 30324 5451 1575 990 585 24873 2425 2326 467 484 70700 19893 808 349 459 221 50807
internal_count=263699 114277 38301 1785 1180 75976 5276 3267 3216 1325 380 605 36516 30324 5451 1575 990 585 24873 2425 2326 467 484 70700 19893 808 349 459 221 50807
is_linear=0
shrinkage=0.05


Tree=104
num_leaves=31
num_cat=0
split_feature=18 17 16 1 28 7 28 29 27 0 28 27 24 29 29 27 27 27 27 23 29 0 0 1 1 23 27 20 29 20
split_gain=2.02607 2.92892 3.02234 2.85469 2.83166 2.9345 3.00049 2.48122 2.31578 2.30653 2.61927 2.45098 2.35559 3.53149 3.98692 2.90789 2.20688 2.09267 2.08658 2.04098 2.01409 1.9905 2.74309 2.53082 2.07881 1.98745 1.92293 2.17916 2.30284 3.24537
threshold=1.3256835252430694 8.5000000000000018 0.85718575074990777 129.00000000000003 13.500000000000002 0.4935789703943842 1.0000000180025095e-35 5.8911258848236683 1.5000000000000002 4.3036100609115797 28.500000000000004 29.500000000000004 26.500000000000004 -0.58499218565636679 -1.3267258088422953 28.500000000000004 26.500000000000004 19.500000000000004 1.0000000180025095e-35 1.0000000180025095e-35 -1.2218905403000824 4.6676560430519158 4.6982027489592868 221.00000000000003 281.00000000000006 1.5000000000000002 15.500000000000002 0.70759620634253517 -0.25669524252401499 0.72448600594899382
decision_type=2 2 2 2 2 2 2 2 2 2 2 2 2 2 2 2 2 2 2 2 2 2 2 2 2 2 2 2 2 2
left_child=1 4 3 -3 5 6 -1 8 -6 12 -11 18 13 14 -2 16 20 -15 -12 -7 -14 24 23 -23 -21 -22 -20 -28 -29 -30
right_child=9 2 -4 -5 7 19 -8 -9 -10 10 11 -13 15 17 -16 -17 -18 -19 26 21 25 22 -24 -25 -26 -27 27 28 29 -31
leaf_value=0.0030444505894388087 0.00091502443041533799 0.0020562711578327865 -0.00011751633448985036 0.0094215123565849108 0.0016339018785078993 0.0018694099354955444 -0.00017183450837784283 -0.0033426028836979296 -0.00029287868414865249 7.8336276048803777e-06 0.0042288982344085933 -0.01558740005248397 -0.0091432150721419345 -0.0058982397921341747 -0.016284063586275987 0.019306264910090389 -0.0088685794183766247 0.0056125314863752634 0.0003782818036699058 0.0017346274122419976 -0.0014818438384914267 0.0020068781277479131 0.00055597258286434637 -0.0077778993170553833 0.0045172766887919937 0.0097531573059688598 -0.0011285945888592503 0.0059862163048307439 0.0051468363352416063 -0.0040730050449554059
leaf_weight=209 79 371 366 168 465 1015 5618 109 5477 230582 185 70 50 104 234 55 85 160 11261 351 74 57 5337 61 97 75 210 298 190 70
leaf_count=209 79 371 366 168 465 1015 5618 109 5477 230582 185 70 50 104 234 55 85 160 11261 351 74 57 5337 61 97 75 210 298 190 70
internal_value=7.64571e-05 0.000564185 0.00334254 0.00572356 0.000430411 0.000853276 2.66009e-05 -0.000460254 -0.000323123 3.70419e-05 4.64871e-05 0.000757897 -0.00246725 -0.00441074 -0.00800319 0.000840709 -0.00119718 -0.000151515 0.000811365 0.00154958 0.00168342 0.00119346 0.00093034 -0.00661017 0.00439732 0.00459732 0.000730319 0.00315104 0.00478495 0.00134615
internal_weight=263483 19701 905 539 18796 12745 5827 6051 5942 243782 242866 12284 916 577 313 339 284 264 12214 6918 199 5903 5455 118 448 149 12029 768 558 260
internal_count=263483 19701 905 539 18796 12745 5827 6051 5942 243782 242866 12284 916 577 313 339 284 264 12214 6918 199 5903 5455 118 448 149 12029 768 558 260
is_linear=0
shrinkage=0.05


Tree=105
num_leaves=31
num_cat=0
split_feature=16 6 23 23 0 22 11 20 2 2 7 24 24 13 18 0 19 18 13 29 0 24 24 29 29 29 21 13 7 0
split_gain=2.34866 2.5419 3.38069 3.37127 3.32927 4.36574 2.93882 2.75837 2.53153 2.51382 2.50584 2.41931 2.48722 2.42165 2.39458 2.32353 2.31281 2.30709 2.27807 4.07865 5.16236 3.88637 5.93642 4.4036 4.1696 4.02881 2.90226 3.24285 2.88013 2.79338
threshold=0.5568351022463871 0.20311600295204271 5.5000000000000009 1.5000000000000002 5.5539350593281904 6.5000000000000009 2.3882854864935839 1.2782096704950086 -0.12642407371067743 0.39240015445872917 0.55554568815937821 10.500000000000002 8.5000000000000018 0.10937195610428289 54.342627197387607 5.0026325636191329 6.0255762158768356 81.762926457593622 0.7945753853909544 -0.87527059907807514 4.9965635965540569 11.500000000000002 8.5000000000000018 -1.3663842572693345 -2.0687998472287839 -2.3675210365522781 31.500000000000004 0.30766669672913755 0.35071519013389857 4.735226183131064
decision_type=2 2 2 2 2 2 2 2 2 2 2 2 2 2 2 2 2 2 2 2 2 2 2 2 2 2 2 2 2 2
left_child=1 3 17 11 16 -6 8 -5 -7 18 -10 12 13 -1 -13 -14 -4 -3 19 20 21 22 25 29 -23 -2 -21 -28 -22 -24
right_child=9 2 4 7 5 6 -8 -9 10 -11 -12 14 15 -15 -16 -17 -18 -19 -20 26 28 24 23 -25 -26 -27 27 -29 -30 -31
leaf_value=0.0004184940557935506 0.0043186366125546761 -7.2164741254750704e-05 0.0011564012891894745 0.00060434628319482259 -0.017223826308928696 -0.030614564062052874 -0.037985873667845588 -0.00031563003011608092 -0.0011948584745250059 0.0014562016010002731 0.0058403932715392877 -3.1458803651296921e-05 -0.032380091286270438 -0.0021224084237838467 0.0073099414025245158 -0.003487910547170299 -0.0010625324252651256 -0.03733765930005447 0.00033394138344027018 6.906268961251367e-05 0.0044970575970547603 0.0045916677720628666 -0.049401314317515557 0.0039277771368318223 0.00063985832476654491 -0.00090311837228472666 -0.00012193403747878412 -0.0011130615351096329 0.0018741898201234425 -0.0088468318698499242
leaf_weight=1259 1558 72421 1333 19976 294 78 71 3372 1016 9595 103 6098 281 913 60 456 8479 145 38484 56685 169 780 1164 796 10121 2573 16846 5619 1783 1091
leaf_count=1259 1558 72421 1333 19976 294 78 71 3372 1016 9595 103 6098 281 913 60 456 8479 145 38484 56685 169 780 1164 796 10121 2573 16846 5619 1783 1091
internal_value=0.000108813 -5.90858e-05 -0.000204312 0.000316983 -0.0010058 -0.00314981 -0.00187697 0.000634744 -0.00129073 0.000241472 -0.000683646 -0.000501268 -0.00168958 -0.000837937 6.0085e-05 -0.00419946 -0.000664492 -7.86864e-05 0.000186934 6.02416e-05 0.00069753 0.000433833 -0.000469228 -0.00214192 0.00102881 0.000766159 -0.000101073 -0.000582016 0.00314037 -0.00327051
internal_weight=263619 116355 83940 32415 11374 1562 1268 23348 1197 147264 1119 9067 2909 2172 6158 737 9812 72566 137669 99185 20035 18083 7182 3051 10901 4131 79150 22465 1952 2255
internal_count=263619 116355 83940 32415 11374 1562 1268 23348 1197 147264 1119 9067 2909 2172 6158 737 9812 72566 137669 99185 20035 18083 7182 3051 10901 4131 79150 22465 1952 2255
is_linear=0
shrinkage=0.05


Tree=106
num_leaves=31
num_cat=0
split_feature=6 18 22 12 28 21 18 27 16 21 24 27 27 13 11 27 27 28 13 5 18 5 0 4 27 27 20 24 18 19
split_gain=2.355 2.67919 3.38995 3.24733 2.34748 2.19838 2.48553 2.27224 2.38863 2.63452 2.28797 2.1899 2.2594 2.00346 1.68179 2.31102 1.60469 2.30507 1.91139 1.64315 1.61345 1.60155 3.49715 3.1153 3.14025 2.64258 3.61833 2.32174 2.28701 2.69746
threshold=1.9524119417911521 14.885862422225669 21.500000000000004 3.4237635428084059 22.500000000000004 29.500000000000004 56.5969227937276 3.5000000000000004 2.1482527496590573 31.500000000000004 30.500000000000004 59.500000000000007 48.500000000000007 0.42206519457008557 3.5899999668743359 21.500000000000004 4.5000000000000009 22.500000000000004 0.39002747657158837 1.7962374405998924 28.015168045621891 1.8464518028468426 5.217701139306512 0.057042794452091976 12.500000000000002 3.5000000000000004 0.15728206021823488 27.500000000000004 1.6463133361002953 5.5150598165666507
decision_type=2 2 2 2 2 2 2 2 2 2 2 2 2 2 2 2 2 2 2 2 2 2 2 2 2 2 2 2 2 2
left_child=11 2 13 -4 -5 6 14 8 -7 -10 -9 12 21 -2 16 -16 20 18 -18 -20 -3 -1 23 27 25 26 -25 28 -23 -30
right_child=1 5 3 4 -6 7 -8 10 9 -11 -12 -13 -14 -15 15 -17 17 -19 19 -21 -22 22 -24 24 -26 -27 -28 -29 29 -31
leaf_value=1.4077366645288815e-05 0.00045006530560589772 0.012227279363171676 0.00089251281260610766 -0.04283118038186691 0.0025281921101982263 0.011496349785581741 -0.13490554521523865 0.0011423065550814253 -0.06751486428030877 0.00040017383339548021 -0.0026634301256829992 -0.032675715708145647 0.0044476668684537068 0.001842210099270179 0.0008906808798678236 0.003881655730090681 -0.0081355344354306011 -0.053386589816913479 -0.0017891639542816603 0.00085230700466903421 -0.045021475427836771 0.00071403054457347078 0.00082668013389003273 0.00062285400196073425 -0.00083670392416397652 0.0010315575820137031 -0.014298289576977707 0.00074764445294023838 -0.0075175408341578353 0.00013228256615337964
leaf_weight=219105 383 68 672 81 50 70 81 3565 128 111 85 54 194 1218 236 64 166 84 355 633 51 2866 1630 361 4222 1553 181 3910 140 21110
leaf_count=219105 383 68 672 81 50 70 81 3565 128 111 85 54 194 1218 236 64 166 84 355 633 51 2866 1630 361 4222 1553 181 3910 140 21110
internal_value=9.45429e-05 0.000933836 0.00233361 -0.000317559 -0.00751908 0.000343164 -0.00113924 0.000993938 -0.00312298 -0.00550209 0.00134247 6.79138e-05 7.00435e-05 0.00366334 -0.000721182 0.00266667 -0.00147015 -0.00200323 -0.00142114 -0.000587044 0.00407563 6.59412e-05 0.000375143 0.000267741 -0.000735317 0.000847256 -0.00215867 0.000493828 0.000310583 0.000131765
internal_weight=263427 8101 2404 803 131 5697 1738 3959 309 239 3650 255326 255272 1601 1657 300 1357 1238 1154 988 119 255078 35973 34343 6317 2095 542 28026 24116 21250
internal_count=263427 8101 2404 803 131 5697 1738 3959 309 239 3650 255326 255272 1601 1657 300 1357 1238 1154 988 119 255078 35973 34343 6317 2095 542 28026 24116 21250
is_linear=0
shrinkage=0.05


Tree=107
num_leaves=31
num_cat=0
split_feature=16 13 18 17 1 0 28 22 4 22 0 29 29 3 13 0 3 4 29 1 22 16 11 18 13 11 24 10 2 18
split_gain=2.67935 1.85965 2.21284 2.5249 2.18674 4.35151 4.44947 2.36951 2.07382 1.90174 1.89247 1.66361 3.09941 2.69576 1.92211 1.92432 3.65733 2.87603 2.33606 2.32441 2.08729 3.16656 2.42269 2.88814 2.39583 1.92145 1.86871 2.93438 1.83287 1.72674
threshold=0.50084593926267829 0.20379411891707008 1.8250748663455971 9.5000000000000018 261.00000000000006 4.6533718866885332 15.500000000000002 17.500000000000004 0.40967519038616002 16.500000000000004 4.7905409102862082 -0.1302736918517787 -0.49619527688194393 -1.2989473524795698 0.15122385667250698 5.2353610653920999 0.30870022075787201 0.36371651624299423 -0.34831608344536885 225.00000000000003 3.5000000000000004 0.095382913138773853 0.0202217690411708 11.878326864882235 0.018644057129502966 0.091556536260371177 23.500000000000004 0.083333333333333356 -1.331326636437254 5.0982681107840397
decision_type=2 2 2 2 2 2 2 2 2 2 2 2 2 2 2 2 2 2 2 2 2 2 2 2 2 2 2 2 2 2
left_child=1 4 3 8 11 6 7 -6 9 10 -3 12 -1 -14 15 20 18 19 -17 -18 21 -15 -23 -24 -25 -16 29 -28 -22 -13
right_child=-2 2 -4 -5 5 -7 -8 -9 -10 -11 -12 26 13 14 25 16 17 -19 -20 -21 28 22 23 24 -26 -27 27 -29 -30 -31
leaf_value=-0.00023573021488376071 0.00014447267311749017 0.0043818090601088168 -0.00056687136651375515 0.01267035794941322 0.0040089326729887921 0.00056407870950850108 -0.0006830554618742473 0.0009451049776370052 0.011777953502504978 -0.00072542360470785269 0.0011968943876723816 0.00028317211518887281 0.0041906936625673461 0.0030061139304038871 -0.00079857644398619206 0.0035692776279256096 -0.0022894323828987844 0.0064504314418627855 0.0017243791923315524 -0.0095495669636976623 -0.056134219755869554 0.0014386300406738636 -0.0018100473716874503 0.0061280142908172715 -0.0019460162516378868 0.0018036460448329712 -0.0028403064402240342 -0.00036226270060429639 -6.3063850489385409e-05 -0.00055352335371229567
leaf_weight=10110 155622 123 46070 70 265 3943 180 65 149 2980 2813 16527 53 195 488 451 488 300 1379 51 53 102 116 68 71 1694 1140 7056 5305 5806
leaf_count=10110 155622 123 46070 70 265 3943 180 65 149 2980 2813 16527 53 195 488 451 488 300 1379 51 53 102 116 68 71 1694 1140 7056 5305 5806
internal_value=7.20242e-05 -0.000119182 -0.00033378 0.000558273 8.12083e-05 0.00114417 0.0054902 0.00893939 0.0004493 0.00030257 0.00120572 -1.07859e-05 0.000332633 0.000921029 0.000865626 0.000528617 0.00164294 -0.00109058 0.00289618 -0.00327458 2.53813e-05 0.0029529 0.000154062 -0.00245098 0.00241007 0.00219065 -0.000246159 -0.000891898 -0.000276222 -9.17865e-06
internal_weight=263733 108111 52205 6135 55906 4453 510 330 6065 5916 2936 51453 20924 10814 10761 8579 2669 839 1830 539 5910 552 357 255 139 2182 30529 8196 5358 22333
internal_count=263733 108111 52205 6135 55906 4453 510 330 6065 5916 2936 51453 20924 10814 10761 8579 2669 839 1830 539 5910 552 357 255 139 2182 30529 8196 5358 22333
is_linear=0
shrinkage=0.05


Tree=108
num_leaves=31
num_cat=0
split_feature=6 22 18 16 5 14 14 28 28 0 5 13 1 0 1 0 1 28 0 24 12 22 6 27 6 24 18 3 5 18
split_gain=2.20611 3.71924 3.53409 2.54432 4.45571 2.61739 2.846 2.51013 3.60804 4.21536 4.12379 4.91568 5.57329 4.79751 3.71124 3.47506 3.34775 4.08524 3.54999 3.62083 3.26731 3.25472 6.93141 3.85069 3.41305 3.15091 3.29946 3.14702 3.10279 3.05951
threshold=1.5395601336132285 22.500000000000004 11.269544797355497 2.8265600006889202 1.238635444301361 4.6140699006742665 5.1890257250113203 28.500000000000004 11.500000000000002 5.2290240876469687 0.96366298025398334 0.16014301357048588 189.00000000000003 5.2067576393223733 109.00000000000001 4.8812865822448641 201.00000000000003 15.500000000000002 4.6344336593550848 27.500000000000004 0.034897783064122473 11.500000000000002 0.089147974015846856 26.500000000000004 0.17974791284276739 8.5000000000000018 7.7666708361089514 0.030369814559519228 0.42698667930656026 12.560022105663213
decision_type=2 2 2 2 2 2 2 2 2 2 2 2 2 2 2 2 2 2 2 2 2 2 2 2 2 2 2 2 2 2
left_child=7 2 3 4 -2 -5 -7 8 10 16 13 12 15 28 -15 -12 17 18 -10 -20 -11 22 23 -14 -23 -16 -27 -17 -1 -24
right_child=1 -3 -4 5 -6 6 -8 -9 9 20 11 -13 21 14 25 27 -18 -19 19 -21 -22 24 29 -25 -26 26 -28 -29 -30 -31
leaf_value=-0.0026034917938839901 0.0033135783753977474 -0.00057098067717508696 0.00033991344028626487 -0.0021027762969500754 0.0011779679517540669 0.0026360142425975006 0.00046232810254277556 0.00044543839598658536 -0.0027116536291705465 -0.039639469002575513 -0.00042553484025020094 2.2355671443233833e-05 0.0021039886761619396 -0.00084523702297202281 -0.00036758559038148808 0.00057320168014741708 -0.00083060487271943055 9.0079084467352115e-05 -7.0848739938450935e-05 -0.0018090102801061412 0.0016575305536523453 -0.00098233618600000283 0.0013551709090821055 0.0017784061652785868 0.0011225182550917284 0.00060140302163327864 -0.0026853088815890084 -0.00024649473795720531 -0.00040730458039347817 0.00041033323597841907
leaf_weight=2359 185 4839 8910 108 1092 99 1060 13177 1932 64 3258 20953 325 11978 22852 5164 21986 31922 7371 862 539 660 1341 245 2094 71672 1088 2214 22250 1246
leaf_count=2359 185 4839 8910 108 1092 99 1060 13177 1932 64 3258 20953 325 11978 22852 5164 21986 31922 7371 862 539 660 1341 245 2094 71672 1088 2214 22250 1246
internal_value=3.76174e-05 0.000601179 0.0010922 0.00273585 0.00431089 0.00114838 0.00184211 5.25738e-07 -3.72261e-05 -0.000355 8.38844e-05 0.000546667 0.00119085 -4.73901e-05 9.66639e-05 0.00050677 -0.000394159 -0.000132938 -0.0010059 -0.000553261 0.00380597 0.00242176 0.00351758 0.00850877 0.00116558 0.000200603 0.000361463 0.00110735 -0.000677191 0.00241786
internal_weight=263845 16293 11454 2544 1277 1267 1159 247552 234375 64676 169699 37500 16547 132199 107590 10636 64073 42087 10165 8233 603 5911 3157 570 2754 95612 72760 7378 24609 2587
internal_count=263845 16293 11454 2544 1277 1267 1159 247552 234375 64676 169699 37500 16547 132199 107590 10636 64073 42087 10165 8233 603 5911 3157 570 2754 95612 72760 7378 24609 2587
is_linear=0
shrinkage=0.05


Tree=109
num_leaves=31
num_cat=0
split_feature=6 0 27 17 26 0 14 6 4 20 24 24 18 27 4 1 4 0 24 3 27 3 6 24 18 22 18 17 3 6
split_gain=2.40001 1.97803 3.63667 3.54161 2.76901 2.63352 2.60762 3.59412 3.7621 4.54134 2.39371 3.13008 2.62276 2.34353 4.31543 3.6467 2.8691 3.1534 2.54453 2.26285 2.51779 2.14419 2.53726 2.11384 2.12217 2.11089 2.72793 2.34322 2.14674 2.10233
threshold=1.3124140536424937 4.9244151253434794 1.5000000000000002 6.5000000000000009 1.0000000180025095e-35 4.5790689627974688 1.3798869410184831 0.42401253126340183 -0.074259299310960661 0.75543956705845494 5.5000000000000009 20.500000000000004 34.597550769338447 16.500000000000004 -0.018115850111238459 209.00000000000003 0.066687580167451521 5.1802844912163515 30.500000000000004 0.57855146471576868 11.500000000000002 -0.55076383544773055 0.5361242264933137 8.5000000000000018 22.257003997505439 5.5000000000000009 17.637850739205444 5.5000000000000009 -1.1608654100088913 0.7532791549682113
decision_type=2 2 2 2 2 2 2 2 2 2 2 2 2 2 2 2 2 2 2 2 2 2 2 2 2 2 2 2 2 2
left_child=1 2 23 6 19 21 7 -3 9 -9 -5 12 -12 14 -13 -15 -16 -18 -19 -4 -21 -6 -23 24 -1 27 28 -7 -27 -10
right_child=-2 3 4 10 5 25 -8 8 29 -11 11 13 -14 15 16 -17 17 18 -20 20 -22 22 -24 -25 -26 26 -28 -29 -30 -31
leaf_value=0.0057385053067988481 0.00037695966202028658 0.00014556305166819872 -8.5182616494370363e-05 -0.00033670504125036588 -0.0022800627720250002 0.0049089032526869339 0.00034957421350990768 0.0011556961601654277 -0.00061319292377106879 -0.00054343779065125651 0.0012117361161194317 -0.00087352238363221785 0.0028773959694972321 0.00060656368979228597 0.0017075285140945977 -0.0063463028017107783 -0.044395486596860004 -0.00036263575453710081 0.011929863315456157 0.00071795358070415134 -0.0056459805669818851 -0.017798249984989824 -0.0026527060094707392 0.00068656739882867117 -0.00010396343620545394 0.0034448688194814465 -0.0060204149785728078 -0.0037698747333509059 -0.00109358749103733 -0.00207287069207716
leaf_weight=888 23505 75618 72878 2063 164 387 37045 1462 29812 658 5842 944 95 1186 464 82 93 1296 100 128 301 84 53 1450 369 178 1589 296 1844 2962
leaf_count=888 23505 75618 72878 2063 164 387 37045 1462 29812 658 5842 944 95 1186 464 82 93 1296 100 128 301 84 53 1450 369 178 1589 296 1844 2962
internal_value=9.32024e-05 4.60413e-05 -0.000155875 0.000147945 -0.000218479 -0.00140914 8.03424e-05 -4.13524e-05 -0.00046111 0.00158019 0.000967941 0.00128489 0.00202207 0.000234094 -0.000550569 0.00202681 0.000791091 -0.00027871 0.000315187 -0.000143847 -0.00376457 -0.00593023 -0.0105474 0.00164573 0.00314638 -0.00109222 -0.00157436 0.00145681 -0.000356082 -0.000593153
internal_weight=263836 240331 80609 159722 77902 4595 147557 110512 34894 2120 12165 10102 5937 4165 2897 1268 1953 1489 1396 73307 429 301 137 2707 1257 4294 3611 683 2022 32774
internal_count=263836 240331 80609 159722 77902 4595 147557 110512 34894 2120 12165 10102 5937 4165 2897 1268 1953 1489 1396 73307 429 301 137 2707 1257 4294 3611 683 2022 32774
is_linear=0
shrinkage=0.05


Tree=110
num_leaves=31
num_cat=0
split_feature=26 27 24 27 0 0 1 8 0 20 0 13 29 28 29 18 1 16 29 24 18 24 29 29 29 27 27 29 14 29
split_gain=2.00068 3.3858 3.01186 6.58535 3.98531 3.01079 3.36617 3.10608 2.65892 2.3674 2.33664 2.23737 2.19274 3.36927 2.81602 2.74377 2.67171 2.50839 2.2264 2.13284 2.79076 2.23315 2.60655 2.45315 3.30385 2.23291 2.18183 2.10359 2.0803 1.97625
threshold=1.0000000180025095e-35 33.500000000000007 11.500000000000002 8.5000000000000018 5.2315852847058562 4.5486059994538381 177.00000000000003 2.618283908619643 5.5652581246838251 0.84247624802388754 4.3036100609115797 0.46360025950556477 0.019957140152332232 11.500000000000002 1.0363813241343511 3.9804812672850609 145.00000000000003 0.32784009668238173 0.086861271210942489 26.500000000000004 50.504317098060362 2.5000000000000004 -1.2877420863276781 -0.59509976453478841 -0.22971457122045122 19.500000000000004 18.500000000000004 -0.0063250976508995574 3.9442914651114314 0.52481491963791538
decision_type=2 2 2 2 2 2 2 2 2 2 2 2 2 2 2 2 2 2 2 2 2 2 2 2 2 2 2 2 2 2
left_child=10 2 3 4 9 11 7 8 12 -2 19 -4 27 14 15 16 17 18 -14 21 -21 -1 -23 26 25 -25 -24 -7 29 -8
right_child=1 -3 5 -5 -6 6 28 -9 -10 -11 -12 -13 13 -15 -16 -17 -18 -19 -20 20 -22 22 23 24 -26 -27 -28 -29 -30 -31
leaf_value=0.0079151404821388421 -0.034626733000822994 0.0030809145777659689 -0.011159575156638138 0.0037750306955604447 -0.0020961094425699768 0.00039015570126509688 -0.0025537344847107579 -0.040022472679465342 0.0022769282265993613 -0.014369293133282338 0.00011257165869095669 -0.0024147677179055306 -0.0064319061304240633 -0.029333565294613697 0.0058225543592157133 -0.0037043135250960043 0.0035496598407651022 -0.0034980665303480569 0.0034655235502473441 0.0057719013715123238 -0.0047461266758882983 0.0014607797352507073 -0.0063047693033471842 -0.0044076028409151318 -0.025142066964540202 0.0068579412517110697 -0.020942374679380205 0.0061684261917843725 0.0011807422431683605 0.0042364726659612382
leaf_weight=106 345 305 111 308 540 7690 4024 79 1655 135 243558 101 55 167 55 998 911 600 317 217 134 95 116 77 54 92 126 179 686 280
leaf_count=106 345 305 111 308 540 7690 4024 79 1655 135 243558 101 55 167 55 998 911 600 317 217 134 95 116 77 54 92 126 179 686 280
internal_value=9.61326e-05 -0.000390716 -0.000473591 -0.00277108 -0.00470588 -0.000303216 -0.000232255 0.000199906 0.000261741 -0.00802083 0.000135031 -0.00622641 -2.00504e-05 -0.00114566 -0.000752724 -0.000966678 0.000156665 -0.00166667 0.00155914 -0.00225664 0.000897436 -0.00391892 -0.00517857 -0.00672043 -0.00293722 0.000502959 -0.0102066 0.000423816 -0.00133266 -0.00174024
internal_weight=264116 19541 19236 1328 1020 17908 17696 12706 12627 480 244575 212 10972 3103 2936 2881 1883 972 372 1017 351 666 560 465 223 169 242 7869 4990 4304
internal_count=264116 19541 19236 1328 1020 17908 17696 12706 12627 480 244575 212 10972 3103 2936 2881 1883 972 372 1017 351 666 560 465 223 169 242 7869 4990 4304
is_linear=0
shrinkage=0.05


Tree=111
num_leaves=31
num_cat=0
split_feature=0 27 5 24 24 29 29 29 2 19 29 29 24 28 28 24 4 21 18 24 5 0 24 0 24 21 0 18 19 24
split_gain=2.07246 3.01329 2.47724 2.23778 4.41803 4.13 2.64086 3.10425 2.44514 2.28585 2.22659 5.05796 3.47704 3.42876 3.58514 2.97178 5.96932 3.76138 3.70367 2.45773 2.25215 2.55084 2.49629 2.24285 2.22251 3.30089 2.25351 2.41147 2.20506 2.17951
threshold=4.4942943846592813 17.500000000000004 0.43652824427803755 23.500000000000004 1.5000000000000002 -0.022870959790247915 -0.59509976453478841 -0.69522441631592968 -0.58078522006601885 55.034487268139024 4.1337886697869566 5.8911258848236683 12.500000000000002 27.500000000000004 21.500000000000004 4.5000000000000009 -0.18285179575064528 35.500000000000007 47.484748631825177 5.5000000000000009 2.0592856403001472 4.811192744896907 4.5000000000000009 4.6676560430519158 6.5000000000000009 33.500000000000007 4.7985492905656644 33.275138505876264 27.871945639996966 17.500000000000004
decision_type=2 2 2 2 2 2 2 2 2 2 2 2 2 2 2 2 2 2 2 2 2 2 2 2 2 2 2 2 2 2
left_child=1 2 -1 4 -3 6 7 9 -7 -6 -2 13 20 14 15 16 17 18 -12 -16 22 -22 -13 -21 25 -24 27 -26 -25 -30
right_child=10 3 -4 -5 5 8 -8 -9 -10 -11 11 12 -14 -15 19 -17 -18 -19 -20 23 21 -23 24 28 26 -27 -28 -29 29 -31
leaf_value=0.015359039147496704 6.6129498142163047e-05 0.0013244343868452425 0.00039267594111756722 -0.00066700548665803302 -0.0049749265807926503 -0.024265044043345212 -0.0019637779134965105 -0.024340767348562123 -0.039564427121521084 -0.013742772928629311 -0.0079590277184941847 -0.0041290542657630202 0.00070364975237786692 0.0047747807644115394 0.0021580531550223435 0.0025568683047798389 0.0020995134930587574 0.00096109994271368249 0.0035193588921515009 -0.033009608624613912 0.0050209852910126918 -0.01129470409290196 0.0029827622982815279 0.0041057371348689562 0.004297044465716277 -0.0040124621280063204 -0.088422530977242689 -0.11041344341812193 -0.040024105439058669 0.0016999963403036571
leaf_weight=59 250924 362 2175 2401 303 63 602 83 59 102 146 514 1043 595 228 2058 269 104 50 59 217 197 333 76 155 105 193 124 247 60
leaf_count=59 250924 362 2175 2401 303 63 602 83 59 102 146 514 1043 595 228 2058 269 104 50 59 217 197 333 76 155 105 193 124 247 60
internal_value=8.69255e-05 -0.000815751 0.000653537 -0.00164151 -0.00310673 -0.00455445 -0.00357798 -0.00631147 -0.0132787 -0.00450617 0.000108675 0.00100325 -0.000584866 0.00217883 0.00154838 0.00238104 -0.000817223 -0.00566667 -0.0097449 -0.00171642 -0.00189336 0.00135266 -0.00283708 -0.0038914 -0.00126374 0.00130137 -0.00364407 -0.000770609 -0.00249347 -0.00438111
internal_weight=263906 6209 2234 3975 1574 1212 1090 488 122 405 257697 6773 2881 3892 3297 2627 569 300 196 670 1838 414 1424 442 910 438 472 279 383 307
internal_count=263906 6209 2234 3975 1574 1212 1090 488 122 405 257697 6773 2881 3892 3297 2627 569 300 196 670 1838 414 1424 442 910 438 472 279 383 307
is_linear=0
shrinkage=0.05


Tree=112
num_leaves=31
num_cat=0
split_feature=27 6 22 12 11 0 13 18 21 11 16 7 1 7 14 23 27 29 22 5 7 6 11 6 5 14 29 11 11 13
split_gain=2.35312 2.23566 3.22328 3.47352 2.56476 2.39987 2.39437 2.1358 2.5612 2.24495 1.93851 2.09249 1.87912 1.67125 2.13908 1.66752 1.64002 1.73785 1.53918 2.67202 1.67801 1.51242 1.70822 1.52804 1.58853 1.59049 1.46263 1.63991 1.56143 1.79954
threshold=59.500000000000007 1.9524119417911521 25.500000000000004 0.4831227083900958 2.7566182520224847 4.9041128417203437 0.39455858149480216 13.465590563590967 34.500000000000007 0.66429506473521316 4.9866279302169172 1.1173329741656242 225.00000000000003 1.1072875806867697 4.0220505084470437 3.5000000000000004 47.500000000000007 -0.27061159832106957 13.500000000000002 1.5035767645172997 0.89503252676652878 3.0241792532641099 3.0952901223972566 2.0265819270546817 1.6863658757265843 13.651224984796185 0.17541648597320103 0.17469436624952303 0.42351794922385272 1.5224722502256451
decision_type=2 2 2 2 2 2 2 2 2 2 2 2 2 2 2 2 2 2 2 2 2 2 2 2 2 2 2 2 2 2
left_child=1 16 4 10 6 26 13 8 -8 -10 -4 -12 21 14 15 -3 -1 -18 19 -9 -20 22 -6 -24 -25 -26 27 -5 -29 -30
right_child=-2 2 3 5 12 -7 7 18 9 -11 11 -13 -14 -15 -16 -17 17 -19 20 -21 -22 -23 23 24 25 -27 -28 28 29 -31
leaf_value=2.9996356913013571e-05 -0.03467605367757489 -0.016322840238092429 0.0035482085836151451 0.0019477097137114954 0.0047588638299459595 0.0048201626818916987 0.0018813852665674289 0.001844540108458176 0.00055544253258819453 -0.0034804754272430242 -0.02698665401373599 0.0035201089074958199 0.0032672684581332664 -0.0027080331048825661 0.0018548728463986118 0.00087626546017310837 0.0071474667635319043 0.00012246743043377038 -0.0012204845404798579 -0.0010204531334544835 0.0012281071762473977 0.0039551386414806034 0.0046235947854422537 -0.0033763334129088525 0.0011449638341732439 -0.072106402506286832 -0.05278160060197154 -0.035301881743760158 0.00057691408242610824 -0.02545284957627483
leaf_weight=255123 58 67 377 149 115 79 734 311 170 51 67 73 640 457 355 58 107 102 188 1194 977 138 112 195 427 54 114 162 423 393
leaf_count=255123 58 67 377 149 115 79 734 311 170 51 67 73 640 457 355 58 107 102 188 1194 977 138 112 195 427 54 114 162 423 393
internal_value=7.00275e-05 7.22448e-05 0.00089109 -0.000949918 0.00143281 -0.00231061 0.000817624 0.0014 0.00342932 -0.00128959 0.00252418 -0.0025 0.00310232 -0.00143543 0.000625001 -0.005 4.63324e-05 0.00447368 0.000674158 -0.000382059 0.00203863 0.00179155 0.00104651 0.000215737 -0.000680473 0.000862786 -0.00284851 -0.00230257 -0.00304703 -0.00215686
internal_weight=263470 263412 8080 1837 6243 1320 4562 3625 955 221 517 140 1681 937 480 125 255332 209 2670 1505 1165 1041 903 788 676 481 1241 1127 978 816
internal_count=263470 263412 8080 1837 6243 1320 4562 3625 955 221 517 140 1681 937 480 125 255332 209 2670 1505 1165 1041 903 788 676 481 1241 1127 978 816
is_linear=0
shrinkage=0.05


Tree=113
num_leaves=31
num_cat=0
split_feature=29 24 4 24 23 0 28 0 29 24 7 1 18 0 28 24 24 0 0 4 19 28 18 0 1 23 0 1 5 0
split_gain=1.80435 6.48795 7.54652 8.13641 4.58523 4.34184 4.33329 2.91192 2.8906 6.33985 4.81294 4.16314 3.90789 3.56399 3.41515 2.67805 6.5133 3.46761 4.20209 4.47279 2.64246 2.51408 2.46188 3.54967 3.86746 3.19158 3.4844 2.36344 2.34344 2.32958
threshold=2.8408173346488366 4.5000000000000009 -0.24636719143685762 2.5000000000000004 1.0000000180025095e-35 4.4674786937065862 4.5000000000000009 5.1701421864534813 1.0363813241343511 8.5000000000000018 0.55800247903510469 169.00000000000003 18.654576501014109 4.7640480011832471 23.500000000000004 6.5000000000000009 9.5000000000000018 5.0690024785453636 4.7607705584681321 -0.091335160072792868 9.5060712062393069 15.500000000000002 29.679186642393145 4.8255613764400245 169.00000000000003 1.0000000180025095e-35 5.0085047394125981 141.00000000000003 3.0390391577334959 4.5402900480898207
decision_type=2 2 2 2 2 2 2 2 2 2 2 2 2 2 2 2 2 2 2 2 2 2 2 2 2 2 2 2 2 2
left_child=8 2 4 7 -2 -3 -5 -4 -1 12 28 -12 27 14 -13 17 22 18 19 20 -7 29 25 24 -24 26 -17 -10 -11 -6
right_child=1 5 3 6 21 15 -8 -9 9 10 11 13 -14 -15 -16 16 -18 -19 -20 -21 -22 -23 23 -25 -26 -27 -28 -29 -30 -31
leaf_value=7.4824664857875813e-05 -0.0081351828168960902 -0.033385571299921687 0.0028116335153844721 -0.021280616632814331 -0.00086456623836066279 -0.0078448474464084001 -0.0019279452559937127 -0.026472350154100543 -0.00060257916087989155 -0.0031900731809611596 -0.059149688395379867 -0.10254044613813791 -0.004894773291966868 0.00056459522194129367 -0.030281051928444748 -0.10803076285713831 0.0015393337885674623 -0.0056040899316358306 0.0033152937446464803 -0.011231411921994073 0.0034501527971259002 -0.00028006309718358864 -0.23945308648251673 0.0086882695444776507 -0.06497716342949976 0.00110936389629269 0.004963898136264959 0.0028321968943634617 0.0037382345764627187 -0.005306523498575035
leaf_weight=251911 140 52 762 98 195 76 309 101 250 228 172 74 471 157 82 120 3107 199 1145 85 912 562 52 68 264 1337 68 571 69 485
leaf_count=251911 140 52 762 98 195 76 309 101 250 228 172 74 471 157 82 120 3107 199 1145 85 912 562 52 68 264 1337 68 571 69 485
internal_value=0.000105936 0.000760087 -0.00136501 0.00141732 -0.00392185 0.00151303 -0.00441032 0.0041657 7.98281e-05 -0.00177917 -0.00533248 -0.00840206 0.000371518 -0.00496805 -0.0103205 0.00161375 0.000954945 0.00298097 0.00354824 0.00130009 0.00224696 -0.00295491 -0.00134363 -0.00492187 -0.0071519 -0.000442622 -0.00654255 0.00245432 -0.000319865 -0.005
internal_weight=264122 10137 2652 1270 1382 7485 407 863 253985 2074 782 485 1292 313 156 7433 5016 2417 2218 1073 988 1242 1909 384 316 1525 188 821 297 680
internal_count=264122 10137 2652 1270 1382 7485 407 863 253985 2074 782 485 1292 313 156 7433 5016 2417 2218 1073 988 1242 1909 384 316 1525 188 821 297 680
is_linear=0
shrinkage=0.05


Tree=114
num_leaves=31
num_cat=0
split_feature=12 22 11 4 28 12 21 22 18 4 18 27 5 4 27 13 14 16 7 4 2 0 28 1 29 18 18 22 2 22
split_gain=2.06077 2.64639 10.5988 4.95846 3.62461 3.0533 2.66896 3.17289 3.20289 3.13245 2.73992 2.75681 2.7686 2.44274 2.40586 2.77216 2.72827 2.39816 2.39669 2.37629 2.29691 2.25917 3.76054 2.46414 2.96654 3.35091 2.25708 4.62663 2.65637 3.57411
threshold=0.096619454592744805 8.5000000000000018 1.0000000180025095e-35 -0.5088919993798815 17.500000000000004 0.021225772796737857 29.500000000000004 15.500000000000002 13.217980032204883 0.0088804802825922322 6.1663099423067758 14.500000000000002 0.8707311855036276 -0.16333323227328525 26.500000000000004 0.14959614701612509 1.5625483357710288 0.078517297365095065 0.67161732101621063 0.042820225849680447 -2.0191565006508445 5.2192758234586298 3.5000000000000004 109.00000000000001 0.65717519895737342 1.2544728625078301 1.6749658239256511 7.5000000000000009 -0.64026004383631818 19.500000000000004
decision_type=2 2 2 2 2 2 2 2 2 2 2 2 2 2 2 2 2 2 2 2 2 2 2 2 2 2 2 2 2 2
left_child=1 2 3 4 14 6 17 -8 9 10 -9 -12 -13 -10 15 -1 -17 -3 -5 -11 -2 26 23 24 25 -23 27 -22 -28 -30
right_child=20 5 -4 18 -6 -7 7 8 13 19 11 12 -14 -15 -16 16 -18 -19 -20 -21 21 22 -24 -25 -26 -27 28 -29 29 -31
leaf_value=0.0024026401532400194 0.00064519798800662348 0.0014511636088355845 8.0510684976174116e-05 0.0010364330240589194 0.002095953155794905 0.00041534834559824757 0.00040536448271311342 -0.00057478722202518599 0.00042333686296764766 0.0018147749836011776 -0.0015556259392725624 5.6404897667494866e-05 -0.0035573088226452478 -0.0016036957546057826 0.0020124719320578281 -0.0017749456257988177 0.0063865249753936419 6.5406014209264535e-06 -0.00069570235818947187 -0.00071721603741836985 0.0015688105443225405 0.0020075159900365892 0.0011667722063631448 0.00030574499112045648 0.00565150594601555 -0.0011834176200306798 3.220197252346665e-05 -1.5928647489060046e-05 -0.00058978429370897065 2.4843723803052046e-05
leaf_weight=425 6615 1801 12318 2233 461 17415 3652 2793 2306 328 680 163 880 1058 392 65 64 10877 363 346 1631 874 968 73515 373 8015 48369 4924 36508 23656
leaf_count=425 6615 1801 12318 2233 461 17415 3652 2793 2306 328 680 163 880 1058 392 65 64 10877 363 346 1631 874 968 73515 373 8015 48369 4924 36508 23656
internal_value=8.39562e-05 0.000345446 0.000886282 0.00312141 0.00551173 0.000136765 -0.000218614 -0.000746354 -0.00127309 -0.00205202 -0.00252657 -0.0040946 -0.00570949 -7.1343e-05 0.0072833 0.00940433 0.0029845 0.000289478 0.00182589 0.0011276 9.34603e-06 -2.11478e-05 0.000176429 0.000140197 -0.000628373 -0.000811677 -0.000164917 0.00073608 -0.000219334 -0.000441127
internal_weight=264068 58620 16321 4003 1407 42299 24884 12206 8554 5190 4516 1723 1043 3364 946 554 129 12678 2596 674 205448 198833 83745 82777 9262 8889 115088 6555 108533 60164
internal_count=264068 58620 16321 4003 1407 42299 24884 12206 8554 5190 4516 1723 1043 3364 946 554 129 12678 2596 674 205448 198833 83745 82777 9262 8889 115088 6555 108533 60164
is_linear=0
shrinkage=0.05


Tree=115
num_leaves=31
num_cat=0
split_feature=6 22 18 21 16 27 11 22 5 26 27 24 24 27 23 3 21 11 12 12 4 0 11 12 21 29 23 19 10 2
split_gain=2.25068 2.30298 3.47748 2.91886 3.29684 2.40232 2.85615 3.37948 2.78518 2.10638 3.39465 2.76434 4.15798 2.86169 3.36338 2.76664 2.37912 2.71638 2.98466 2.48053 2.3812 2.33527 2.26948 3.13523 2.22277 3.24224 2.19934 2.09779 2.04883 2.73387
threshold=1.5395601336132285 21.500000000000004 11.269544797355497 32.500000000000007 2.8265600006889202 27.500000000000004 2.6613997082239762 2.5000000000000004 1.365119990819762 1.0000000180025095e-35 33.500000000000007 12.500000000000002 24.500000000000004 9.5000000000000018 5.5000000000000009 -0.76617981026263171 38.500000000000007 0.15998370879165644 0.72832483967263173 0.18734659977136991 -0.45009688409743603 4.7105902035041884 0.28161215106637122 0.17300818854721556 38.500000000000007 -0.64858629318584227 5.5000000000000009 38.829539515071261 0.15000000000000002 0.3845157052508919
decision_type=2 2 2 2 2 2 2 2 2 2 2 2 2 2 2 2 2 2 2 2 2 2 2 2 2 2 2 2 2 2
left_child=9 2 3 4 27 6 -4 -8 -7 -1 11 13 21 15 -15 -11 17 -14 19 20 -19 -13 23 -18 -23 -26 -17 -2 -22 -30
right_child=1 -3 5 -5 -6 8 7 -9 -10 10 -12 12 16 14 -16 26 22 18 -20 -21 28 24 -24 -25 25 -27 -28 -29 29 -31
leaf_value=5.0366009835756191e-05 0.0029085978257691915 -0.00021319365002322543 0.00013107422644172321 0.00027263467530644369 0.00076987849199314251 0.0016755813089053169 -0.014703018855430692 0.0017608664996042142 -0.0023294363040890485 -0.047353342106462797 0.0028637213497698516 -0.014343544365768943 0.00042425967217584555 0.0038268087897093046 -0.0053062719679317291 -0.0057378820324941772 -0.0017862050781026588 0.0029371446097516507 0.00095137954884423788 -0.0047719557487203032 0.00018049184456839348 0.00076987007713450167 -0.00011429347030065389 -0.014044300729270907 -0.058708614266674446 -0.00054325414742158456 -0.00042200020085428791 0.0015738881839519915 -0.0028341813279351706 -0.011096122462417131
leaf_weight=229526 446 5232 5748 1057 750 138 258 1932 564 224 295 449 1883 286 277 868 60 322 595 1521 280 9287 89 82 91 399 919 206 362 65
leaf_count=229526 446 5232 5748 1057 750 138 258 1932 564 224 295 449 1883 286 277 868 60 322 595 1521 280 9287 89 82 91 399 919 206 362 65
internal_value=6.30752e-05 0.000631621 0.00103928 0.00269825 0.00419401 0.00056713 0.000815067 0.0023516 -0.00223647 2.56178e-05 -0.000489811 -0.00057672 -0.000324507 -0.00209402 0.00105684 -0.00297613 -0.00146701 -0.00123906 -0.00213831 -0.00288235 -0.000986394 0.000263056 -0.00642857 -0.0103521 0.000424978 -0.00285714 -0.00231953 0.00679448 -0.00260962 -0.00478923
internal_weight=264211 16331 11099 2459 1402 8640 7938 2190 702 247880 18354 18059 15485 2574 563 2011 5259 5028 3145 2550 1029 10226 231 142 9777 490 1787 652 707 427
internal_count=264211 16331 11099 2459 1402 8640 7938 2190 702 247880 18354 18059 15485 2574 563 2011 5259 5028 3145 2550 1029 10226 231 142 9777 490 1787 652 707 427
is_linear=0
shrinkage=0.05


Tree=116
num_leaves=31
num_cat=0
split_feature=29 24 4 24 28 0 0 17 29 24 5 18 17 5 24 17 24 27 21 24 27 24 28 4 1 27 23 23 0 4
split_gain=2.28138 4.66883 7.82467 7.07517 6.00295 4.52878 3.95789 3.36312 3.12215 4.87812 5.55191 3.2764 3.05993 3.02283 2.78394 3.18553 2.9805 4.50959 2.66945 3.02163 2.75648 2.52393 3.26277 2.36267 2.59684 2.53157 2.34583 2.22271 2.2106 2.48134
threshold=2.8408173346488366 4.5000000000000009 -0.23779191060514679 2.5000000000000004 3.5000000000000004 4.7412328621058295 4.4674786937065862 6.5000000000000009 1.0363813241343511 8.5000000000000018 3.0390391577334959 31.967459209194732 3.5000000000000004 0.7927719893309938 5.5000000000000009 4.5000000000000009 10.500000000000002 21.500000000000004 35.500000000000007 1.5000000000000002 19.500000000000004 6.5000000000000009 1.5000000000000002 0.0088804802825922322 177.00000000000003 27.500000000000004 1.5000000000000002 1.5000000000000002 4.9913979866649205 -0.09513749344293139
decision_type=2 2 2 2 2 2 2 2 2 2 2 2 2 2 2 2 2 2 2 2 2 2 2 2 2 2 2 2 2 2
left_child=8 2 5 7 -5 -2 -3 -4 -1 11 13 12 -10 -11 23 21 -17 -18 20 -20 27 22 -16 24 28 -26 -13 -7 -8 -30
right_child=1 6 3 4 -6 18 14 -9 9 10 -12 26 -14 -15 15 16 17 -19 19 -21 -22 -23 -24 -25 25 -27 -28 -29 29 -31
leaf_value=3.697720976001686e-05 -0.0015428272686008845 -0.031814135387874393 3.4054281900757596e-05 -0.025623242769715955 -0.00013814937709018531 -0.0086158171205184594 0.0040078565334448063 0.0038825658306738489 -0.034181455159479679 -8.3282658361806105e-05 0.0036281509595741911 0.0023414542352424256 0.0015428636640968003 -0.046844365356573124 0.0057470675858279094 0.00095100820654703483 0.001001314714969987 0.0025878130154476774 -0.01025936223789861 0.00057971953908019891 -0.0059543780321214684 -0.0056807845335929271 7.4400210001125341e-05 -0.011877395950027297 -0.00076826660258856876 0.004119344402413576 -0.08619045468762955 -0.0020809861644553876 -0.0019264714873807359 0.0025902439110657618
leaf_weight=251213 783 51 298 86 334 50 472 540 106 136 96 51 1023 527 84 2221 1410 934 64 154 164 1215 284 129 389 172 113 172 81 86
leaf_count=251213 783 51 298 86 334 50 472 540 106 136 96 51 1023 527 84 2221 1410 934 64 154 164 1215 284 129 389 172 113 172 81 86
internal_value=6.15711e-05 0.000795734 -0.00101134 0.0018442 -0.00345238 -0.0036013 0.00143066 0.00449881 3.20816e-05 -0.00191033 -0.00509223 -4.25361e-05 0.000916741 -0.00671946 0.00152534 0.00107677 0.00174699 0.00299061 -0.0068543 -0.00243119 -0.00935233 -0.000855969 0.00277174 0.00360045 0.00429167 0.00180927 -0.00664634 -0.00572072 0.00647105 0.00152695
internal_weight=263438 10173 2645 1258 420 1387 7528 838 253265 2052 759 1293 1129 663 7477 6148 4565 2344 604 218 386 1583 368 1329 1200 561 164 222 639 167
internal_count=263438 10173 2645 1258 420 1387 7528 838 253265 2052 759 1293 1129 663 7477 6148 4565 2344 604 218 386 1583 368 1329 1200 561 164 222 639 167
is_linear=0
shrinkage=0.05


Tree=117
num_leaves=31
num_cat=0
split_feature=13 20 24 5 6 13 4 27 14 13 12 12 14 27 29 9 11 14 4 21 29 27 3 18 29 18 13 24 12 24
split_gain=2.16806 2.8508 3.34877 2.77246 2.95993 2.57431 2.41354 2.35506 2.31526 3.36949 2.43086 3.77235 3.30373 2.70814 2.61235 2.24893 2.24028 2.18316 2.11313 3.03647 3.18246 4.37121 3.92989 3.49142 3.84067 2.65746 2.48224 3.70462 2.69002 2.82092
threshold=0.17167403648573409 0.078724198701539363 28.500000000000004 0.73033347616674782 0.04061927638801887 0.84599432996080337 -0.56778403148787893 28.500000000000004 1.0941392027211012 1.2492506122464631 0.27434899899890169 0.19899137241606016 5.5496851046683151 21.500000000000004 -0.073191992052533711 0.83246054453473639 0.75742808558791541 1.3283738466901125 -0.56778403148787893 27.500000000000004 -0.87527059907807514 5.5000000000000009 -1.2989473524795698 9.3195215921371357 -0.15722160775239588 37.582006658413199 0.22035102057653758 14.500000000000002 0.084130892432518242 4.5000000000000009
decision_type=2 2 2 2 2 2 2 2 2 2 2 2 2 2 2 2 2 2 2 2 2 2 2 2 2 2 2 2 2 2
left_child=1 -1 6 4 -4 18 -3 8 16 15 11 -11 -13 -12 -15 -10 -7 -8 19 -2 26 -22 -23 24 -24 -25 27 28 -21 -30
right_child=5 2 3 -5 -6 7 17 -9 9 10 13 12 -14 14 -16 -17 -18 -19 -20 20 21 22 23 25 -26 -27 -28 -29 29 -31
leaf_value=0.00048466038175303439 -0.0036524476733342361 0.0021762490918908503 0.0089251124815682547 -0.0010515288074385656 -0.00019984835537448069 -0.00065824310729098836 -5.9232622072897139e-05 -0.00060926609642929837 0.0011832710271342901 0.0001299535938184672 0.00024711267707111615 -0.0020760808814326227 0.0010876265702490719 0.00050829948799151876 0.0024252782750402032 -0.0062507748915141262 0.0013820632506199929 0.00035987455949501156 -3.6379847091452347e-05 0.0071991708576484032 0.0011360928512443899 0.0012396285503726108 -0.0012525759608166159 -0.00039478322572457868 -0.0043010677468957948 -0.0025225809513077183 0.00055651316282844703 0.00061880972300943141 0.003242665739226722 -0.044781399309841631
leaf_weight=42731 1550 287 50 2571 2644 8271 38216 3581 9051 8297 10608 1946 438 2398 570 91 1687 15410 84204 146 1973 1289 1440 8619 472 3917 9620 932 134 686
leaf_count=42731 1550 287 50 2571 2644 8271 38216 3581 9051 8297 10608 1946 438 2398 570 91 1687 15410 84204 146 1973 1289 1440 8619 472 3917 9620 932 134 686
internal_value=7.48028e-05 0.000255474 3.07553e-05 -0.00117284 -5.19667e-05 -3.89075e-05 0.000148295 0.000273127 0.000374911 0.000574419 0.000266109 -0.000298192 -0.00205117 0.000710077 0.00204515 0.00139247 -0.000294235 0.000123821 -0.000166286 -0.000520826 -0.000406459 -0.000827216 -0.00110536 -0.00134136 -0.00333159 -0.00103781 0.000240494 -0.00141201 -0.00358178 -0.00469512
internal_weight=263829 101909 59178 5265 2694 161920 53913 46938 43357 33399 24257 10681 2384 13576 2968 9142 9958 53626 114982 30778 29228 17710 15737 14448 1912 12536 11518 1898 966 820
internal_count=263829 101909 59178 5265 2694 161920 53913 46938 43357 33399 24257 10681 2384 13576 2968 9142 9958 53626 114982 30778 29228 17710 15737 14448 1912 12536 11518 1898 966 820
is_linear=0
shrinkage=0.05


Tree=118
num_leaves=31
num_cat=0
split_feature=12 22 18 27 2 2 1 11 22 7 18 6 18 4 0 16 10 22 11 6 4 27 24 27 13 0 13 2 4 26
split_gain=1.69777 2.31674 6.37125 5.7267 2.69305 2.45021 3.72216 2.49596 2.25837 2.21164 2.17728 2.92714 2.17664 2.71953 2.10681 2.06324 1.96128 2.06333 7.78355 3.87839 3.82553 4.41968 3.11659 3.06779 4.36312 2.75769 2.24909 2.501 2.21341 3.57143
threshold=0.10692433483270597 7.5000000000000009 0.80007067171630586 19.500000000000004 0.36201874672074746 -0.29725720609185419 113.00000000000001 2.6613997082239762 2.5000000000000004 0.19160002667849954 0.29495474440805097 0.094806816002675501 1.6463133361002953 0.051142243406728724 5.2106208181773761 2.8265600006889202 0.05000000000000001 8.5000000000000018 1.0000000180025095e-35 1.0000000180025095e-35 -0.5088919993798815 12.500000000000002 11.500000000000002 26.500000000000004 0.19107325073635506 4.7229765984487448 2.8838566901552962 -0.23899936940298599 -0.31060534683096153 1.0000000180025095e-35
decision_type=2 2 2 2 2 2 2 2 2 2 2 2 2 2 2 2 2 2 2 2 2 2 2 2 2 2 2 2 2 2
left_child=16 2 -2 -4 5 9 -7 10 -5 -3 -8 -12 -9 -14 -11 -10 -1 18 20 25 21 -18 -20 24 -23 28 -21 -28 29 -19
right_child=1 4 3 8 -6 6 7 12 15 14 11 -13 13 -15 -16 -17 17 19 22 26 -22 23 -24 -25 -26 -27 27 -29 -30 -31
leaf_value=-0.001150887219431149 0.0018364453195530925 -0.042743738782548807 -8.1198781966772561e-05 -0.0014600617520318072 0.00089247118366655152 -0.00098177802247501034 -0.002144456721778743 0.0031653449972221582 -0.00075632186867483379 0.00012763569413931216 0.0013064250011271747 -2.5000163386954483e-05 -0.01057603303396841 -0.0019238314146851532 0.0014144238761138633 0.00047038167312351414 0.0013632154711097964 -0.0077419230728974636 -0.00087558519678785697 0.00020922690875945952 0.00064908918144114297 0.0022218552187044287 0.00045893308336175122 0.0015788301491962181 0.00016385907051391763 -0.00037283702420522571 -0.0021011414663784627 0.0024159722676388774 0.0018874621544266524 0.0038319884363910714
leaf_weight=1894 835 75 39756 3127 15464 10127 255 155 5865 62532 783 56600 107 198 2258 1549 457 324 4394 41550 2685 483 8773 414 114 1508 870 204 122 54
leaf_count=1894 835 75 39756 3127 15464 10127 255 155 5865 62532 783 56600 107 198 2258 1549 457 324 4394 41550 2685 483 8773 414 114 1508 870 204 122 54
internal_value=7.22119e-05 4.51304e-07 -0.000289837 -0.000361751 0.000100368 2.78013e-05 -0.000181385 -2.71948e-05 -0.00139787 0.000247823 2.08256e-06 2.25683e-05 -0.00369565 -0.00614754 0.000257756 -0.000922578 0.000296652 0.000345106 0.000808315 0.000165353 0.00269564 0.00474796 0.000213033 0.00659248 0.0088861 -0.00198207 0.000266517 -0.00199255 -0.0052 -0.00708995
internal_weight=263532 199686 51132 50297 148554 133090 68225 58098 10541 64865 57638 57383 460 305 64790 7414 63846 61952 17320 44632 4153 1468 13167 1011 597 2008 42624 1074 500 378
internal_count=263532 199686 51132 50297 148554 133090 68225 58098 10541 64865 57638 57383 460 305 64790 7414 63846 61952 17320 44632 4153 1468 13167 1011 597 2008 42624 1074 500 378
is_linear=0
shrinkage=0.05


Tree=119
num_leaves=31
num_cat=0
split_feature=2 0 22 15 0 28 22 18 21 1 5 21 17 0 27 18 6 4 11 16 5 14 22 23 11 27 12 27 28 3
split_gain=1.83274 4.06704 3.39725 6.66232 3.31933 4.84976 3.15692 4.06504 4.5226 3.1528 3.79967 2.82734 2.684 3.03354 2.8995 2.67611 2.67222 2.64738 2.71465 2.7712 2.53987 2.80021 2.67227 3.20411 2.53374 2.80813 2.40364 2.38795 2.38244 2.74571
threshold=-0.78075126073626044 4.7985492905656644 1.5000000000000002 1.5000000000000002 5.2160289187615172 14.500000000000002 20.500000000000004 6.1663099423067758 31.500000000000004 261.00000000000006 3.1112395439170961 27.500000000000004 6.5000000000000009 4.4942943846592813 11.500000000000002 30.205303573953547 0.76965752928610587 -0.1998963438845042 0.11986598464265888 0.15047289288447632 1.156743766152758 1.9714888961171237 10.500000000000002 2.5000000000000004 0.065086149839666388 14.500000000000002 0.44643249835120546 9.5000000000000018 22.500000000000004 -0.49873409722183726
decision_type=2 2 2 2 2 2 2 2 2 2 2 2 2 2 2 2 2 2 2 2 2 2 2 2 2 2 2 2 2 2
left_child=1 2 3 -1 9 -6 7 8 -3 12 24 -4 13 -2 28 -9 -15 18 -8 -20 -18 -22 23 -23 25 26 -11 -21 29 -14
right_child=4 6 11 -5 5 -7 17 15 -10 10 -12 -13 14 16 -16 -17 20 -19 19 27 21 22 -24 -25 -26 -27 -28 -29 -30 -31
leaf_value=-0.059862274736047966 -0.0054003155305542127 0.0018581803094507171 -0.0021729041013495371 0.00029995362739556719 0.0002118750209414757 0.0012035709290692956 -0.002096539071287869 0.00027502547383686523 0.00058529251771491017 -0.0017616613749255928 -0.0048446461841932338 0.00017189439231779196 0.00086600275238817503 -0.00022290799423631066 -0.00010410689144690598 0.0017727900831667105 -0.0043564207527067465 0.00079694425545033325 0.0049606879979987211 0.0010890371672061777 -0.034780103887368595 -0.037130621826673406 0.0015780510536859635 0.0005352686055263453 0.00037593134049024605 0.001349870923453867 0.0061510537470374068 -0.00072563671700924418 0.00036791831771599073 0.0030259018623823466
leaf_weight=612 273 747 1586 1000 105015 959 788 7010 1557 477 259 33297 894 69704 16058 981 766 2320 102 1478 137 79 418 121 7059 1031 120 2384 5075 828
leaf_count=612 273 747 1586 1000 105015 959 788 7010 1557 477 259 33297 894 69704 16058 981 766 2320 102 1478 137 79 418 121 7059 1031 120 2384 5075 828
internal_value=6.90716e-05 0.000329175 2.94567e-05 -0.00221464 2.12701e-06 0.000198729 0.000959003 0.00151773 0.00336806 -0.000199566 0.000697519 0.00013316 -0.000284622 -0.000435396 0.000187049 0.000984233 -0.000415233 0.000145645 -0.000530302 2.5233e-06 -0.00248849 -0.000430463 0.00100324 -0.00375 0.000875447 0.00265356 -7.53763e-05 -0.000212325 0.00105267 0.0026597
internal_weight=263135 53862 36495 1612 209273 105974 17367 10295 2304 103299 8946 34883 94353 71498 22855 7991 71225 7072 4752 3964 1521 755 618 200 8687 1628 597 3862 6797 1722
internal_count=263135 53862 36495 1612 209273 105974 17367 10295 2304 103299 8946 34883 94353 71498 22855 7991 71225 7072 4752 3964 1521 755 618 200 8687 1628 597 3862 6797 1722
is_linear=0
shrinkage=0.05


Tree=120
num_leaves=31
num_cat=0
split_feature=17 24 24 0 28 29 7 4 20 7 24 0 29 29 24 22 0 20 1 5 21 21 5 28 29 18 23 21 21 24
split_gain=2.15123 5.75438 6.10746 5.42911 5.16226 5.09932 4.80766 3.66755 3.65873 3.38832 3.32906 3.26484 3.33774 3.23487 3.21208 3.10747 3.05853 2.88038 2.75992 3.6886 2.64159 2.57249 3.3743 2.55701 2.49509 2.7888 2.88963 2.72182 2.6894 2.27264
threshold=7.5000000000000009 1.5000000000000002 9.5000000000000018 4.5860089852518895 17.500000000000004 -0.45759740947364863 1.1644602231055816 -0.060715144358704481 0.73529432411517204 0.56309747423779422 11.500000000000002 4.8882269033423915 -0.30685480284904904 -0.6161991890922468 15.500000000000002 2.5000000000000004 4.735226183131064 0.031137982242544479 157.00000000000003 0.62556457913787422 40.500000000000007 30.500000000000004 0.46985207912071225 8.5000000000000018 -0.71934583574906996 17.371167667115831 2.5000000000000004 31.500000000000004 31.500000000000004 25.500000000000004
decision_type=2 2 2 2 2 2 2 2 2 2 2 2 2 2 2 2 2 2 2 2 2 2 2 2 2 2 2 2 2 2
left_child=-1 8 3 -3 11 6 -6 15 16 17 20 12 13 21 -12 -5 23 -9 19 -10 -7 22 -4 -2 25 -23 27 -27 -26 -28
right_child=1 2 4 7 5 10 -8 9 18 -11 14 -13 -14 -15 -16 -17 -18 -19 -20 -21 -22 24 -24 -25 28 26 29 -29 -30 -31
leaf_value=8.4143468876492351e-06 0.002146862471819732 -0.0074792209578364056 -0.0034142047862244641 -0.014825891254720695 0.0033391889643383157 0.008775960086345137 -0.01089471199180805 -0.027161272125951139 -0.0056996259183056987 -0.024652291933443381 -0.0025433995780404584 0.00080030327369464121 -0.0011668210646950334 0.0012230971209833596 0.00054071954203449742 0.0021838612921071883 -0.00021867044525777552 -8.8606391601685376e-05 -0.013085876612724088 0.0035879590517235308 -0.010846280460970454 0.0031177883669172182 0.00073631569572598071 0.010847662515249953 -0.0018084571798811632 0.0091682393436450359 -0.0017379777483842813 -0.0046966526155473387 -0.0069196893225273162 -0.019599830570352583
leaf_weight=241929 422 1731 64 65 2557 329 108 63 50 165 779 2135 3019 3034 2020 1332 164 873 83 190 51 307 1382 281 84 102 180 121 95 164
leaf_count=241929 422 1731 64 65 2557 329 108 63 50 165 779 2135 3019 3034 2020 1332 164 873 83 190 51 307 1382 281 84 102 180 121 95 164
internal_value=5.22404e-05 0.000526196 0.000332371 -0.00136321 0.000766137 0.00196099 0.00357411 0.000128103 0.00390756 -0.00202997 0.000608683 0.000112754 -0.0003239 0.000405748 1.25051e-05 0.00182892 0.00559977 -0.000865384 -0.000634674 0.00208333 0.005 -0.00092637 0.000442601 0.00703414 -0.00280627 -0.0017048 -0.00378307 0.000650225 -0.00818436 -0.00665698
internal_weight=263879 21950 20760 4229 16531 5844 2665 2498 1190 1101 3179 10687 8552 5533 2799 1397 867 936 323 240 380 2499 1446 703 1053 874 567 223 179 344
internal_count=263879 21950 20760 4229 16531 5844 2665 2498 1190 1101 3179 10687 8552 5533 2799 1397 867 936 323 240 380 2499 1446 703 1053 874 567 223 179 344
is_linear=0
shrinkage=0.05


Tree=121
num_leaves=31
num_cat=0
split_feature=14 13 2 6 10 5 23 9 16 10 29 29 0 4 3 9 16 8 6 0 28 14 23 1 0 14 24 29 3 11
split_gain=1.88399 3.39449 3.69793 3.65613 4.28989 2.43992 2.9369 4.06191 2.57798 3.96896 2.39935 2.28299 2.50884 2.00142 1.99244 3.98142 2.76181 2.63838 1.91536 2.0121 1.8627 1.82272 1.70653 1.8824 2.12322 2.94017 2.55258 2.48867 2.41453 2.7532
threshold=1.0941392027211012 0.29291392018277806 -0.79264372268452676 0.73573198068793122 0.18333333333333338 0.60264412435075865 5.5000000000000009 0.5999943793148429 0.32243011156469464 0.15000000000000002 -0.70794970971420623 -0.27061159832106957 5.2067576393223733 0.053939843395424299 0.030369814559519228 0.5660363720596121 0.082375315979194383 0.48978270013480169 0.27832056062710414 5.6049807601895782 2.5000000000000004 0.9517498342380345 2.5000000000000004 133.00000000000003 5.5125765798679067 0.56501554457641612 29.500000000000004 -0.1302736918517787 0.004111449187599845 0.093350665611367803
decision_type=2 2 2 2 2 2 2 2 2 2 2 2 2 2 2 2 2 2 2 2 2 2 2 2 2 2 2 2 2 2
left_child=1 22 13 4 5 10 20 8 -8 -10 -4 12 -12 -3 21 -16 -17 -18 -6 -20 -7 -5 23 24 26 -26 -1 -28 29 -29
right_child=-2 2 3 14 18 6 7 -9 9 -11 11 -13 -14 -15 15 16 17 -19 19 -21 -22 -23 -24 -25 25 -27 27 28 -30 -31
leaf_value=-4.9658976266149917e-05 0.00014731355228268491 0.00097747089971610916 0.010148733968080772 -0.0031289414824736748 4.5013658706213297e-05 -0.00052293793168653913 -0.0045884932273836197 0.0011801537627741865 -0.019615635147061716 0.0016213043680446877 -0.0070662475012690379 0.00094016067378662773 -0.0010386303899713905 0.0054004591441104456 -0.0096143641905584269 0.010227041962400964 0.0030650516838966828 -0.0055831308493587044 -0.0010721298952589544 -0.0038188214630258282 0.0090251429043424515 0.0027482091434887532 0.00022204702668381627 9.1000649379322873e-05 -0.00045117119059666448 -0.0037674854017764169 0.00090166104974739652 -0.012365416448159796 -0.0010266250334152534 -0.00049037759006059984
leaf_weight=8702 125337 3185 98 964 4410 4865 255 300 157 59 93 11021 761 67 241 58 73 446 19805 232 157 265 52653 26401 1838 1255 132 87 129 89
leaf_count=8702 125337 3185 98 964 4410 4865 255 300 157 59 93 11021 761 67 241 58 73 446 19805 232 157 265 52653 26401 1838 1255 132 87 129 89
internal_value=6.61599e-05 -6.07351e-05 -0.000403476 -0.000523045 -0.000422973 0.0001683 -0.000674089 -0.00354734 -0.00644374 -0.010463 0.00057588 0.00051158 -0.00197892 0.00122386 -0.00258671 -0.00449878 -0.00224437 -0.00340077 -0.00085266 -0.00106029 -0.000232974 -0.00131408 0.000117653 -0.000134729 -0.000647481 -0.00177982 -0.000264252 -0.00399313 -0.00647541 -0.0102841
internal_weight=264135 138798 47512 44260 42213 17766 5793 771 471 216 11973 11875 854 3252 2047 818 577 519 24447 20037 5022 1229 91286 38633 12232 3093 9139 437 305 176
internal_count=264135 138798 47512 44260 42213 17766 5793 771 471 216 11973 11875 854 3252 2047 818 577 519 24447 20037 5022 1229 91286 38633 12232 3093 9139 437 305 176
is_linear=0
shrinkage=0.05


Tree=122
num_leaves=31
num_cat=0
split_feature=2 22 18 16 13 2 19 12 11 7 11 16 0 13 14 14 22 11 13 12 27 0 2 11 13 13 14 3 12 22
split_gain=2.67522 2.19988 2.56239 1.94882 2.19271 1.93264 3.13964 2.05442 1.91914 2.69063 1.96666 2.14698 1.97448 2.56416 1.92563 1.91926 2.03313 2.46285 1.90124 1.79984 2.45811 1.73581 1.72146 2.601 1.87853 1.72617 1.70046 2.38519 1.67702 3.39698
threshold=-1.8749923332131402 25.500000000000004 15.371277410323176 8.425911474463307 0.84599432996080337 0.31873571726751332 5.5150598165666507 0.49906955925552587 0.68523801880228752 0.19160002667849954 1.1340303632662712 0.00066425331935711872 4.3036100609115797 1.4200759745327287 7.1407970139160017 5.4386776702900805 13.500000000000002 0.82453793490313221 0.4161819019864485 3.5813617883888722 13.500000000000002 5.2160289187615172 0.42731146828776417 0.9639078894990426 0.092455024041594044 0.15283379206343312 7.1407970139160017 -1.1043935387134467 0.10015745179792641 8.5000000000000018
decision_type=2 2 2 2 2 2 2 2 2 2 2 2 2 2 2 2 2 2 2 2 2 2 2 2 2 2 2 2 2 2
left_child=1 2 18 -3 -5 8 -7 21 28 -10 14 -12 13 -13 15 19 -17 -18 26 -11 -21 -8 23 -23 -25 -26 -1 -28 29 -2
right_child=5 3 -4 4 -6 6 7 -9 9 10 11 12 -14 -15 -16 16 17 -19 -20 20 -22 22 -24 24 25 -27 27 -29 -30 -31
leaf_value=-0.0015394642480723632 0.00043102982379808453 -0.00012745708422230988 0.00040671916330877242 0.00085411884034126561 -0.12503727891709238 -0.004303460831958243 -0.00086500794775286175 0.0014088030581560602 -0.037105027955895716 0.00062248206161558334 0.0042681561168800772 -0.0085655160073124688 9.9877541826199039e-08 0.0043408336498532108 0.0037619698994964556 -0.0078524924881086533 -0.0056387405485110861 0.0020431781649788774 0.0012123234335068105 -0.00069941919338814529 0.004165838648940488 0.0016804959034838994 3.5864886099443224e-05 0.0064026476630188768 -0.0041311358145278204 -0.00078121219852019192 -0.0029447258400784118 0.0024975370700969488 -0.00017059688645756224 -6.7396256784194632e-05
leaf_weight=268 11674 1955 4773 87 88 296 2884 6193 64 19064 120 172 28157 54 158 122 59 100 1743 113 191 10168 15531 107 152 264 95 170 128473 30198
leaf_count=268 11674 1955 4773 87 88 296 2884 6193 64 19064 120 172 28157 54 158 122 59 100 1743 113 191 10168 15531 107 152 264 95 170 128473 30198
internal_value=5.3114e-05 0.00089171 0.00131721 -0.000516431 -0.00557143 2.28464e-05 0.000364518 0.000407519 -3.27583e-05 0.000245174 0.000258746 -7.19163e-06 -3.54079e-05 -0.00469026 0.00064144 0.000597232 -0.00350534 0.000220126 0.00269772 0.000656754 0.00447368 0.000231568 0.000359622 0.00084791 -0.00259082 -0.00411058 8.44284e-05 0.00292453 -0.000111685 0.000163117
internal_weight=263493 9179 7049 2130 175 254314 35595 35299 218719 48374 48310 28503 28383 226 19807 19649 281 159 2276 19368 304 29106 26222 10691 523 416 533 265 170345 41872
internal_count=263493 9179 7049 2130 175 254314 35595 35299 218719 48374 48310 28503 28383 226 19807 19649 281 159 2276 19368 304 29106 26222 10691 523 416 533 265 170345 41872
is_linear=0
shrinkage=0.05


Tree=123
num_leaves=31
num_cat=0
split_feature=27 2 27 17 5 1 24 24 17 3 28 28 28 18 3 27 27 7 29 18 0 22 0 28 5 18 13 0 17 24
split_gain=1.83348 1.77819 1.6568 2.14324 1.79031 3.20235 2.48445 2.55756 2.28551 2.21343 2.81025 2.05627 2.2053 2.66487 3.12988 3.08516 2.64648 2.49755 2.36659 2.91633 4.72327 2.96168 2.9022 4.6575 2.42896 2.38191 2.30461 2.23433 4.36934 2.92085
threshold=59.500000000000007 -2.095014047561524 48.500000000000007 8.5000000000000018 4.1755266833202755 165.00000000000003 15.500000000000002 1.5000000000000002 4.5000000000000009 0.57855146471576868 31.500000000000004 44.500000000000007 28.500000000000004 47.484748631825177 -1.0841491704791257 25.500000000000004 9.5000000000000018 1.0678070014331265 -1.5062216332329936 0.64252069234894893 4.5649191543146843 34.500000000000007 4.6245658589774434 31.500000000000004 0.41569851066072167 1.2544728625078301 6.0399561090005731 4.8459066944144054 8.5000000000000018 23.500000000000004
decision_type=2 2 2 2 2 2 2 2 2 2 2 2 2 2 2 2 2 2 2 2 2 2 2 2 2 2 2 2 2 2
left_child=1 -1 4 -4 11 -6 7 -7 -9 10 -8 12 27 14 16 18 -14 -15 22 20 -20 24 23 -16 -21 -26 -27 29 -29 -3
right_child=-2 2 3 -5 5 6 9 8 -10 -11 -12 -13 13 17 15 -17 -18 -19 19 21 -22 -23 -24 -25 25 26 -28 28 -30 -31
leaf_value=0.00058070486469222519 -0.030766043377754668 -0.00036881326547455104 -0.0041673873031460931 0.0068011189260229815 -0.0017568588620001449 -0.0037499307593228193 -0.00024871636291772637 -0.006858296170630683 0.0029052408582071389 -0.0035238520658766623 0.0053104236507448182 -0.0035620294751097775 -0.0018817387911579876 0.0010296525093723191 -0.049827471415968952 0.0069241297101987733 -0.030898127028596609 0.0066911675310615711 0.012219762279817491 -0.011821128794408248 -0.0012574225133071325 0.0023163751714548675 0.0050647154819160392 0.0081094969437235653 0.0019805050065047048 0.00026646070755247201 -0.05500320421987745 0.00010168668417382663 0.0011835693730608305 0.00017085612315983738
leaf_weight=6143 59 48365 54 128 2191 94 684 107 639 250 87 183 1140 703 106 190 61 282 59 72 983 199 1439 52 242 7116 57 164829 2602 24363
leaf_count=6143 59 48365 54 128 2191 94 684 107 639 250 87 183 1140 703 106 190 61 282 59 72 983 199 1439 52 242 7116 57 164829 2602 24363
internal_value=8.43906e-05 8.63646e-05 6.6291e-05 0.00483517 6.29151e-05 -0.000979762 0.000545406 0.00255952 0.00353887 -0.00111165 0.000214008 7.96116e-05 8.3446e-05 0.000725534 0.000515535 0.000791727 -0.00190258 0.00322335 0.000675545 0.000351742 -0.00213052 0.000688265 0.00244521 -0.00398734 0.00052825 0.000616993 0.000452392 4.94886e-05 0.000150003 -0.00018191
internal_weight=263479 263420 257277 182 257095 4052 1861 840 746 1021 771 253043 252860 12701 11716 10515 1201 985 10325 8728 1042 7686 1597 158 7487 7415 7173 240159 167431 72728
internal_count=263479 263420 257277 182 257095 4052 1861 840 746 1021 771 253043 252860 12701 11716 10515 1201 985 10325 8728 1042 7686 1597 158 7487 7415 7173 240159 167431 72728
is_linear=0
shrinkage=0.05


Tree=124
num_leaves=31
num_cat=0
split_feature=2 18 22 1 27 11 0 14 16 29 0 29 22 1 28 28 24 0 4 8 29 23 22 16 20 26 27 0 28 24
split_gain=1.61745 1.8214 2.73996 1.93374 2.37409 1.8493 1.7972 1.61165 1.98572 1.85596 1.90134 2.0731 1.67705 2.41794 2.19457 1.59756 1.68373 2.48729 1.56876 1.94448 1.76303 1.67832 2.25005 1.58179 1.74932 1.55476 2.78069 2.51281 3.68842 2.50027
threshold=-1.9450584503085147 13.217980032204883 18.500000000000004 185.00000000000003 14.500000000000002 2.8436285499473768 4.6603476403907047 2.8873529631386776 4.7749535734160036 -3.6915046855524722 4.7041876600984978 0.65717519895737342 13.500000000000002 197.00000000000003 23.500000000000004 18.500000000000004 13.500000000000002 4.6461108844735088 0.45325867381061058 0.89318922896646069 0.24469882651462146 4.5000000000000009 15.500000000000002 0.054430764531600964 0.12486752312931275 1.0000000180025095e-35 33.500000000000007 4.6344336593550848 27.500000000000004 27.500000000000004
decision_type=2 2 2 2 2 2 2 2 2 2 2 2 2 2 2 2 2 2 2 2 2 2 2 2 2 2 2 2 2 2
left_child=1 2 5 -4 -5 6 -1 -3 12 -10 11 15 14 -14 -9 -11 17 -17 25 23 -21 22 -22 -20 -25 -2 27 28 -27 -29
right_child=18 7 3 4 -6 -7 -8 8 9 10 -12 -13 13 -15 -16 16 -18 -19 19 20 21 -23 -24 24 -26 26 -28 29 -30 -31
leaf_value=0.0049190475722480746 5.7168061239635974e-05 -0.0021206467965078852 0.001810370334366781 0.00087677943423950075 -0.0087027725930641803 0.0027131265313054286 0.00062317623146282528 -0.00045034962844926356 -0.11839198643391931 0.0022980237031787159 -0.00093176108182527336 -0.062745461142777723 0.00039414543083120241 0.0030533155195278032 0.0065743030962958004 -0.071545292963217391 0.0016612358424108306 0.0011943787732489545 -0.0021422537134257861 0.0061782504457190569 -0.013671282321919664 0.0065972910530001198 -0.0010894881605640905 0.0096879636045481624 -0.0026433135364381816 -0.0039749819012393278 0.0021023788197810575 -0.000203064114861252 -0.025775914303406269 -0.0031524572553633711
leaf_weight=159 235531 444 410 226 206 245 816 1276 65 688 1172 78 1017 776 164 71 295 94 111 114 75 52 68 515 110 708 305 16569 79 1288
leaf_count=159 235531 444 410 226 206 245 816 1276 65 688 1172 78 1017 776 164 71 295 94 111 114 75 52 68 515 110 708 305 16569 79 1288
internal_value=7.45284e-05 0.000765668 0.00205141 -0.000142517 -0.00247685 0.00356557 0.00258974 0.000333877 0.000560043 -0.000509541 -0.000283569 0.00109299 0.00137488 0.00239543 0.000104167 0.00162892 -0.000652173 -0.00469697 5.23438e-05 0.00198565 -0.00134304 -0.00423077 -0.00702797 0.00338315 0.00436 4.44049e-05 -0.000391313 -0.000468783 -0.0032338 -0.000346922
internal_weight=263727 8202 2062 842 432 1220 975 6140 5696 2463 2398 1226 3233 1793 1440 1148 460 165 255525 1045 309 195 143 736 625 254480 18949 18644 787 17857
internal_count=263727 8202 2062 842 432 1220 975 6140 5696 2463 2398 1226 3233 1793 1440 1148 460 165 255525 1045 309 195 143 736 625 254480 18949 18644 787 17857
is_linear=0
shrinkage=0.05


Tree=125
num_leaves=31
num_cat=0
split_feature=29 29 0 28 2 0 24 16 11 12 11 13 6 29 7 0 28 29 24 29 0 24 24 0 28 29 11 9 13 29
split_gain=2.35342 3.50968 3.25326 2.65048 2.44797 2.4416 2.4834 3.07083 2.56535 2.29581 2.29051 2.01152 1.99239 1.93051 2.76814 1.85838 3.27564 2.60805 5.91583 3.218 3.8418 3.07457 3.84124 6.14523 5.95639 4.69074 4.05578 2.61177 2.5722 2.34551
threshold=4.1337886697869566 5.8911258848236683 4.4674786937065862 27.500000000000004 -1.1401100374850313 4.6245658589774434 4.5000000000000009 1.4751393079418531 0.60914849291001449 0.44643249835120546 0.077603631898907233 0.84599432996080337 0.2754849908539459 -0.15722160775239588 0.38988528062591404 5.2106208181773761 14.500000000000002 -0.30685480284904904 5.5000000000000009 -0.11317512005879747 4.7041876600984978 9.5000000000000018 8.5000000000000018 5.0763865755225819 10.500000000000002 0.62705200687072382 0.10887468932395857 0.62511285369998049 0.16525638659537104 -0.19811758492869305
decision_type=2 2 2 2 2 2 2 2 2 2 2 2 2 2 2 2 2 2 2 2 2 2 2 2 2 2 2 2 2 2
left_child=11 2 9 -4 10 -6 7 -7 -9 -2 -3 15 13 14 -13 17 -17 -1 19 20 -19 22 25 24 -24 27 -26 -20 -22 -30
right_child=1 4 3 -5 5 6 -8 8 -10 -11 -12 12 -14 -15 -16 16 -18 18 21 -21 28 -23 23 -25 26 -27 -28 -29 29 -31
leaf_value=2.3332143251595468e-06 0.0015724499771115918 -0.031239966483918014 0.0011978268800151872 0.004413565799738027 0.00160035592815688 -0.0010957008586402381 -0.00081539768610810494 -0.066467670112101779 -0.0030561073967856241 -0.017431409266602107 0.0024509588801326287 -0.0041573647709013352 0.00020360820120144158 0.0030385342248442182 0.0015508718625227231 9.4264133318241501e-05 0.0009684524792606293 0.0017260333158854977 -0.0025259267489077097 0.00065032235890345779 -0.00010036504808817157 -0.00031617459735266387 -0.11850276324965187 0.00018769499992786004 -0.048230653717687831 0.0014990805343658648 -0.015103514424487322 -0.038985677650170587 -0.0008219320426615615 -0.0033448002525320272
leaf_weight=69427 71 53 3324 603 557 223 1453 101 55 73 614 131 44282 744 178 95953 941 536 1562 5642 1084 32961 198 404 136 1273 265 156 475 352
leaf_count=69427 71 53 3324 603 557 223 1453 101 55 73 614 131 44282 744 178 95953 941 536 1562 5642 1084 32961 198 404 136 1273 265 156 475 352
internal_value=3.75441e-05 0.000933774 0.00189511 0.00216578 -0.000346858 -0.0010946 -0.00197598 -0.00558047 -0.0109615 -0.00548611 0.00233133 1.26613e-05 0.000314879 0.00246439 -0.000857605 -5.21604e-05 0.000108986 -0.000188562 -0.000484859 0.000739894 -0.000774417 -0.000752942 -0.00206309 -0.00474078 -0.00795492 -0.00116516 -0.00445137 -0.00286962 -0.00182365 -0.00392382
internal_weight=263827 7127 4071 3927 3056 2389 1832 379 156 144 667 256700 45335 1053 309 211365 96894 114471 45044 8089 2447 36955 3994 1003 599 2991 401 1718 1911 827
internal_count=263827 7127 4071 3927 3056 2389 1832 379 156 144 667 256700 45335 1053 309 211365 96894 114471 45044 8089 2447 36955 3994 1003 599 2991 401 1718 1911 827
is_linear=0
shrinkage=0.05


Tree=126
num_leaves=31
num_cat=0
split_feature=24 29 0 29 24 23 5 4 19 29 16 6 1 4 24 6 2 23 2 5 17 16 0 15 7 29 19 19 24 23
split_gain=1.47876 3.6335 2.46933 3.83473 3.93151 4.49177 4.15335 4.02683 3.11463 3.82739 2.88447 2.54428 2.4854 2.83078 3.99809 2.78505 2.93722 2.42731 6.51037 3.57253 3.74193 3.25299 3.01826 2.87049 2.92991 2.88217 2.84588 3.39546 2.41788 3.17317
threshold=10.500000000000002 3.7506147206528282 5.2067576393223733 0.006879990237007339 30.500000000000004 1.0000000180025095e-35 2.9176656931190181 0.10910669148715564 8.6454315145531719 0.29886960067755736 0.016525580660306158 0.6694263095848928 257.00000000000006 0.031471677640922117 28.500000000000004 0.6694263095848928 -0.83255819764883865 5.5000000000000009 0.28694789977656471 0.55443892981682474 5.5000000000000009 0.17870444844612846 5.6273578383842873 1.0000000180025095e-35 0.51029969839749023 0.12843151119100638 14.099980151486303 17.900391597266253 24.500000000000004 1.5000000000000002
decision_type=2 2 2 2 2 2 2 2 2 2 2 2 2 2 2 2 2 2 2 2 2 2 2 2 2 2 2 2 2 2
left_child=-1 2 3 -2 5 7 -7 -5 9 10 -4 -11 15 14 -14 17 -17 28 19 22 21 -21 -19 24 -23 26 -25 -28 -10 -30
right_child=1 -3 8 4 -6 6 -8 -9 12 11 -12 -13 13 -15 -16 16 -18 18 -20 20 -22 23 -24 25 -26 -27 27 -29 29 -31
leaf_value=-9.215227468097696e-05 2.2195395378360755e-05 0.0013269177483494579 -0.0021603363622651195 0.0036611638672911333 0.0055927520226272485 -0.0028619073115630964 0.0035312812565974371 -0.0085557502849006178 0.00091190973572171416 -0.00071772472548209171 0.0016828780894916715 0.0029538770911497259 -0.0013148048052960902 -0.00071129526843576865 -0.0093581122850184308 0.0020890786014908353 -0.0016787354673587344 0.00030578823329636485 0.0017916033387978929 -0.011628886659152975 0.00083904640382679837 -0.011918461368894226 -0.019686424744162254 -0.0006580851968147703 -0.00045620335216367325 0.0015047629994279785 -0.013128325201438827 -0.0010202429472723844 -0.0013896298183208354 0.00060335617690704488
leaf_weight=78694 98915 2386 453 688 262 4521 154 106 25333 4892 17666 469 205 6543 106 77 3206 1449 2744 453 361 172 59 247 99 375 93 120 4042 8664
leaf_count=78694 98915 2386 453 688 262 4521 154 106 25333 4892 17666 469 205 6543 106 77 3206 1449 2744 453 361 172 59 247 99 375 93 120 4042 8664
internal_value=7.55449e-05 0.000152819 0.000127471 -3.11521e-05 -0.00128861 -0.00157524 -0.00216577 0.00190176 0.000340752 0.000821977 0.00116922 -0.000351613 0.000132848 -0.000757221 -0.00541801 0.000261297 -0.00114377 0.000365634 -0.000554115 -0.002007 -0.0034375 -0.00449968 -0.000185676 -0.00303797 -0.00750922 -0.00158683 -0.00423913 -0.00847418 0.000514867 -4.80082e-05
internal_weight=263554 184860 182474 104646 5731 5469 4675 794 77828 23480 18119 5361 54348 6854 311 47494 3283 44211 6172 3428 1920 1559 1508 1106 271 835 460 213 38039 12706
internal_count=263554 184860 182474 104646 5731 5469 4675 794 77828 23480 18119 5361 54348 6854 311 47494 3283 44211 6172 3428 1920 1559 1508 1106 271 835 460 213 38039 12706
is_linear=0
shrinkage=0.05


Tree=127
num_leaves=31
num_cat=0
split_feature=29 24 4 24 27 0 23 20 3 24 21 24 0 12 29 5 4 0 7 3 18 23 29 18 7 26 21 29 24 24
split_gain=3.07626 3.88333 5.76564 5.53671 3.67068 3.55171 3.46671 3.06675 2.68248 2.61566 5.26587 4.17409 3.38961 3.83263 3.37446 3.02819 2.72347 2.51148 4.23264 2.44477 2.8538 3.9461 2.19054 6.09542 4.79152 4.00629 3.61951 6.67181 4.51568 15.8999
threshold=2.8408173346488366 4.5000000000000009 -0.1998963438845042 2.5000000000000004 24.500000000000004 4.4674786937065862 1.0000000180025095e-35 0.73529432411517204 -0.39529716972910883 6.5000000000000009 33.500000000000007 10.500000000000002 4.6982027489592868 0.3884359303357327 6.8981135525598924 0.5218132257820286 0.062600019134425519 4.7640480011832471 0.76134196649763342 -0.86139363135592462 33.275138505876264 4.5000000000000009 0.12233327623614838 5.8721800727056737 0.43840607423425176 1.0000000180025095e-35 34.500000000000007 -1.8577800261288111 7.5000000000000009 14.500000000000002
decision_type=2 2 2 2 2 2 2 2 2 2 2 2 2 2 2 2 2 2 2 2 2 2 2 2 2 2 2 2 2 2
left_child=22 2 6 7 -5 -3 -2 -4 -9 10 15 14 13 -12 17 -7 -17 18 -11 20 21 -8 26 -24 -25 -26 -1 -28 -29 -30
right_child=1 5 3 4 -6 9 19 8 -10 11 12 -13 -14 -15 -16 16 -18 -19 -20 -21 -22 -23 23 24 25 -27 27 28 29 -31
leaf_value=0.00013643960334699021 -0.0090078557341717602 -0.018990079727675999 0.0023716113966920846 0.00035005652575757784 -0.015861363439262428 -0.012029387205571772 -0.0039230109846556246 -0.048288388505496688 0.0041223138974531099 -0.076268023454988301 -0.046790687179717211 0.0012898833154487374 0.00020924476386688438 0.0012760971525707496 -0.05291255579033044 0.0033872143645493195 -0.0239094239273232 0.0030729175447446284 -0.0015301003323284661 -4.702044996215708e-05 -0.0013394729638126798 -0.013255655679426936 -0.00010947454090664367 -0.00021900559572855371 -0.0038139388498662323 -0.012975012976282167 0.0026323366431412428 -0.0018185939567499636 0.001804097667918923 -0.00042842376442041395
leaf_weight=158535 152 53 721 258 138 62 151 52 51 129 63 2849 364 50 323 1795 69 1262 475 749 292 118 57379 2874 3591 186 2780 4226 5817 18378
leaf_count=158535 152 53 721 258 138 62 151 52 51 129 63 2849 364 50 323 1795 69 1262 475 749 292 118 57379 2874 3591 186 2780 4226 5817 18378
internal_value=4.57682e-05 0.000898192 -0.000734526 0.00180328 -0.00305555 0.00148252 -0.00285226 0.00413835 -0.00393204 0.00157439 0.00293175 0.000926956 -0.00177149 -0.00933628 -0.000714938 0.00409657 0.00445816 0.000101823 -0.00254967 -0.0020229 -0.00451872 -0.0082342 1.15861e-05 -0.000241293 -0.00167418 -0.00284485 9.69247e-05 -0.000395339 -0.00062401 -0.000360611
internal_weight=263942 10176 2682 1220 396 7494 1462 824 103 7441 2403 5038 477 113 2189 1926 1864 1866 604 1310 561 269 253766 64030 6651 3777 189736 31201 28421 24195
internal_count=263942 10176 2682 1220 396 7494 1462 824 103 7441 2403 5038 477 113 2189 1926 1864 1866 604 1310 561 269 253766 64030 6651 3777 189736 31201 28421 24195
is_linear=0
shrinkage=0.05


Tree=128
num_leaves=31
num_cat=0
split_feature=9 1 7 3 13 22 16 14 2 12 1 9 22 1 24 21 28 23 28 15 0 16 0 3 16 19 19 2 2 12
split_gain=2.39054 2.89888 2.78756 2.74617 1.92063 1.92578 4.34342 2.11298 2.34568 1.97269 2.37591 2.18629 1.86612 1.80545 2.78063 1.76441 2.28958 2.14763 1.72313 1.69473 2.10017 1.74509 2.07082 1.6805 2.37018 2.86963 2.27789 4.48586 2.13578 2.06806
threshold=0.84916852147817357 285.00000000000006 0.25270673430335894 0.16223955107892893 0.68916910016066002 23.500000000000004 8.425911474463307 0.49877466842308094 0.43566542615854942 0.74118645805384509 125.00000000000001 0.74630642109515921 13.500000000000002 117.00000000000001 16.500000000000004 40.500000000000007 37.500000000000007 2.5000000000000004 41.500000000000007 19.500000000000004 4.5724882964329003 0.066393472442230955 4.6426673853605518 -1.0282067125303618 0.79090886409392647 8.6454315145531719 10.17749678333649 -1.5310981106558179 -0.79264372268452676 0.49071961031747696
decision_type=2 2 2 2 2 2 2 2 2 2 2 2 2 2 2 2 2 2 2 2 2 2 2 2 2 2 2 2 2 2
left_child=4 2 -2 -4 -1 9 7 8 -7 11 13 23 19 -11 -15 17 -17 -5 -18 20 -12 -22 -23 26 -25 -26 27 -6 -28 -30
right_child=1 -3 3 15 5 6 -8 -9 -10 10 12 -13 -14 14 -16 16 18 -19 -20 -21 21 22 -24 24 25 -27 28 -29 29 -31
leaf_value=2.2835601588151169e-05 -0.017458820237576882 -0.0077730678572011302 -0.012146716929731276 -0.0018903575538116891 0.0032694208350334099 -0.0020659724434795349 -0.069930183126233197 0.00016036670031686182 -0.012248393695541596 -6.6784853777304595e-05 -0.0026905743519574669 0.0020115529070595353 0.001376604028064343 -0.00084989174612248733 -0.018657558526236521 -0.0028246128374273816 0.0041568752379914989 0.00092883998425976754 -0.0014928395146070143 0.0038970919016454381 -0.056559953937121821 0.0027394785945997046 0.00048589438958328849 -0.00021064157967800115 0.0019820172018173037 0.00031534310787798789 -0.00057545643374130558 -0.0044825958796926788 0.00062640655673764593 0.0067778359402755816
leaf_weight=203903 62 63 105 828 93 1600 120 14436 56 1475 614 964 3931 130 60 527 61 1034 73 235 60 632 4854 11053 1990 11211 2804 211 581 50
leaf_count=203903 62 63 105 828 93 1600 120 14436 56 1475 614 964 3931 130 60 527 61 1034 73 235 60 632 4854 11053 1990 11211 2804 211 581 50
internal_value=8.35437e-05 -0.00138213 -0.00113383 -0.000886605 9.89997e-05 0.000355144 -0.000106094 -3.54207e-05 -0.00172705 0.000537756 0.00107706 0.000314432 0.00135968 -0.000675675 -0.00526316 -0.000556876 -0.0027761 0.000230935 0.0030597 0.000832682 0.000673702 0.000980888 0.00107364 0.000233809 0.000385916 0.000838195 -0.000752875 -0.00490132 -0.000385734 0.00224247
internal_weight=263816 2753 2690 2628 261063 57160 16212 16092 1656 40948 11991 28957 10326 1665 190 2523 661 1862 134 6395 6160 5546 5486 27993 24254 13201 3739 304 3435 631
internal_count=263816 2753 2690 2628 261063 57160 16212 16092 1656 40948 11991 28957 10326 1665 190 2523 661 1862 134 6395 6160 5546 5486 27993 24254 13201 3739 304 3435 631
is_linear=0
shrinkage=0.05


Tree=129
num_leaves=31
num_cat=0
split_feature=6 17 24 24 3 28 21 29 29 9 5 28 4 13 20 27 2 7 2 29 2 17 24 18 7 5 5 29 22 21
split_gain=1.99206 1.83154 3.66721 4.4533 5.30506 4.45766 3.82654 3.55099 4.03711 5.14948 3.10319 2.78674 3.08232 2.78666 2.5902 2.22009 2.3689 2.47781 2.21649 2.13382 2.51923 2.58847 2.38414 2.09248 2.08768 2.08026 3.25568 2.22993 2.15863 2.07767
threshold=2.0265819270546817 7.5000000000000009 1.5000000000000002 7.5000000000000009 -0.92792533338804872 15.500000000000002 35.500000000000007 -1.9534123769382994 -0.12325831839925346 0.54350928595928016 0.68977667960227718 6.5000000000000009 -0.2643514070792472 0.26242354332569406 0.72054207635881962 28.500000000000004 -0.88887397286016012 0.75463276786944278 -0.07164580169570138 -0.45759740947364863 -1.5310981106558179 8.5000000000000018 26.500000000000004 23.293648310416959 0.37649690422634013 0.61081686976367988 0.6480752648450866 -0.47967793934772801 27.500000000000004 28.500000000000004
decision_type=2 2 2 2 2 2 2 2 2 2 2 2 2 2 2 2 2 2 2 2 2 2 2 2 2 2 2 2 2 2
left_child=1 -1 11 4 -4 6 15 14 25 10 24 -3 -13 18 -6 -5 17 -17 -11 20 -7 29 -23 -8 -10 27 -27 -9 -28 -22
right_child=-2 2 3 5 7 19 23 8 9 13 -12 12 -14 -15 -16 16 -18 -19 -20 -21 21 22 -24 -25 -26 26 28 -29 -30 -31
leaf_value=3.6854595569133097e-05 0.00058365775230887612 0.00051661758042373786 0.0057350675732656753 -0.00042684619052761098 -0.0072290525278006059 -0.0028218800647462454 0.00075832243447024263 -0.0055622951710087411 0.0029832179277840209 -0.0076524383724144648 0.0021009389944785287 0.00075712360517035519 0.0065080849965956011 -0.020423582996165784 0.0070837988602236368 -0.028620509415276864 0.0023286193907154826 0.0017846494069756001 0.0039850212893219501 0.0003882028430781491 -0.058165587832420131 0.0028040783538887072 0.0052636601293436129 0.0030452236228210245 -0.0085929564430730267 -0.030476897318207331 -0.010908506584431647 0.0051735539878538846 -0.00022137286419020817 0.00060041589610868983
leaf_weight=234920 7024 637 160 8078 115 210 923 264 70 83 589 211 348 153 129 51 580 57 76 3974 51 2406 244 139 213 89 884 79 239 725
leaf_count=234920 7024 637 160 8078 115 210 923 264 70 83 589 211 348 153 129 51 580 57 76 3974 51 2406 244 139 213 89 884 79 239 725
internal_value=0.000103197 8.04651e-05 0.000519126 0.000362714 -0.00136971 0.000674963 -2.84894e-05 -0.00184546 -0.00236035 -0.000160472 0.00181193 0.0032107 0.00578712 -0.00567308 0.00393443 -0.000371891 0.00235465 -0.00444444 -0.00103774 0.00158344 0.00245875 0.00278459 0.0035283 0.00280603 -0.00249117 -0.00403537 -0.00500825 -0.000597667 -0.00427872 0.000244846
internal_weight=263721 256697 21777 20581 3143 17438 9828 2983 2739 1184 872 1196 559 312 244 8766 688 108 159 7610 3636 3426 2650 1062 283 1555 1212 343 1123 776
internal_count=263721 256697 21777 20581 3143 17438 9828 2983 2739 1184 872 1196 559 312 244 8766 688 108 159 7610 3636 3426 2650 1062 283 1555 1212 343 1123 776
is_linear=0
shrinkage=0.05


Tree=130
num_leaves=31
num_cat=0
split_feature=0 5 24 17 27 24 15 29 20 28 0 0 24 20 18 29 27 0 5 29 29 27 29 29 6 11 24 16 6 14
split_gain=2.56815 2.373 2.39886 1.75479 3.38833 6.19891 4.10019 3.22379 2.86766 2.63847 3.90872 3.01069 3.30052 3.04519 2.45881 2.24763 2.15571 2.32319 2.59086 2.59729 2.11974 1.8133 1.80879 2.18727 2.17471 1.88347 1.77882 2.05067 1.94582 1.76903
threshold=4.3036100609115797 1.4450547285963855 26.500000000000004 8.5000000000000018 12.500000000000002 9.5000000000000018 3.5000000000000004 -0.42790448429647959 0.12688924073349397 31.500000000000004 4.9097895749028941 4.973239364658367 2.5000000000000004 0.73529432411517204 0.45961432632493199 -1.1313414534795427 47.500000000000007 4.8812865822448641 1.3231736199539006 2.8408173346488366 -0.96610888091398417 40.500000000000007 4.1337886697869566 5.8911258848236683 1.1318644225234415 4.5038351693978269 6.5000000000000009 0.76300146849490524 0.49197573659244798 3.53983288891656
decision_type=2 2 2 2 2 2 2 2 2 2 2 2 2 2 2 2 2 2 2 2 2 2 2 2 2 2 2 2 2 2
left_child=1 2 -1 21 5 9 7 -7 -9 11 20 12 13 -5 -8 -16 17 -6 -19 -20 -11 22 -2 25 29 -24 27 -14 -29 -25
right_child=3 -3 -4 4 16 6 14 8 -10 10 -12 -13 26 -15 15 -17 -18 18 19 -21 -22 -23 23 24 -26 -27 -28 28 -30 -31
leaf_value=-0.0045524223243718067 4.8440121212831436e-05 -0.01460478447694602 0.00448801273144501 0.0082489837679855585 -0.00021175843507947639 0.0024756234308204333 0.010012421891365674 0.0024404368621695561 -0.0031469214302535147 0.013944064204509707 -0.051626405558828692 0.0053788556059401983 -0.01467375299905368 -0.0025776619958123078 0.011149898683126276 0.0025625604624074615 0.0053098438001928814 0.0015089284595381845 -0.0001322413033965046 0.002668458844050774 -0.013802219575685021 -0.0038768097645621408 0.00140332144523194 -0.00020672802897114562 0.0017954606753689132 -0.0065253861075823157 -0.0013950498316889987 0.0050074722234847583 -0.010544922293309273 -0.013816669348539002
leaf_weight=556 240035 156 311 194 9317 513 138 173 482 57 95 228 247 85 173 1918 134 677 858 102 50 224 3422 1717 623 79 668 89 183 237
leaf_count=556 240035 156 311 194 9317 513 138 173 482 57 95 228 247 85 173 1918 134 677 858 102 50 224 3422 1717 623 79 668 89 183 237
internal_value=0.000100535 -0.0023998 -0.00137832 0.000110271 0.00061138 0.00165218 0.00293053 0.000530823 -0.00179389 -0.000638185 -0.0060396 5.90378e-06 -0.000825375 0.0040681 0.00418798 0.00376136 0.000114539 3.74298e-05 0.00177459 0.000104167 0.000514019 7.6948e-05 8.10406e-05 0.000932873 -0.000172681 0.00174664 -0.00197557 -0.00417148 -0.00117647 -0.000992835
internal_weight=263741 1023 867 262718 16381 5293 3397 1168 655 1896 202 1694 1466 279 2229 2091 11088 10954 1637 960 107 246337 246113 6078 2577 3501 1187 519 272 1954
internal_count=263741 1023 867 262718 16381 5293 3397 1168 655 1896 202 1694 1466 279 2229 2091 11088 10954 1637 960 107 246337 246113 6078 2577 3501 1187 519 272 1954
is_linear=0
shrinkage=0.05


Tree=131
num_leaves=31
num_cat=0
split_feature=28 21 24 0 29 21 18 23 0 24 18 16 18 24 6 0 24 29 1 0 29 0 6 23 2 16 24 29 20 6
split_gain=1.9283 2.65087 2.96832 2.46851 3.02291 3.95099 3.41523 3.31486 3.35013 2.9503 2.65331 2.44526 2.36324 2.34393 2.28873 2.22394 2.28764 2.06765 2.11084 2.36361 2.06 2.18702 2.01361 1.94061 2.48693 2.12994 1.88382 1.8281 1.82048 1.80449
threshold=28.500000000000004 30.500000000000004 8.5000000000000018 5.1227863320152851 -1.1313414534795427 33.500000000000007 14.189292361214495 1.0000000180025095e-35 4.5860089852518895 18.500000000000004 0.054903876563013647 0.50746203327686368 20.639761824153961 5.5000000000000009 0.24190509576079486 5.0376407589987657 6.5000000000000009 -1.8577800261288111 153.00000000000003 4.6638718775261703 6.8981135525598924 4.5311910660572687 0.10380993542242617 4.5000000000000009 -1.0041234460077189 0.35653553355081996 10.500000000000002 -1.2530839403026801 0.70734206224835539 0.44010893344750518
decision_type=2 2 2 2 2 2 2 2 2 2 2 2 2 2 2 2 2 2 2 2 2 2 2 2 2 2 2 2 2 2
left_child=-1 2 20 4 5 12 7 10 -9 13 -6 -12 -3 14 -10 17 29 -7 -19 27 21 -2 -8 25 -25 -14 -4 -20 -16 -17
right_child=1 3 26 -5 6 15 22 8 9 -11 11 -13 23 -15 28 16 -18 18 19 -21 -22 -23 -24 24 -26 -27 -28 -29 -30 -31
leaf_value=1.5439009245136485e-05 -0.0012916721232717741 0.0040808767279776961 -0.021936945702258834 0.00067757254607370913 -0.038606585148523526 0.0068424006351681058 -0.0040776405408760388 0.0040132199783928955 -0.060392926127013725 -0.0012260894796902071 0.00061166222876097188 -0.0036945572493047849 -0.063344468971155574 0.00065669823189824479 -0.0055585171253148928 -0.064138940445456344 0.003173988338991714 0.0063650409629758794 -0.00032205355548806829 0.0022964279973064958 -0.026478697678803554 0.0087760238912632342 0.00058391108697928836 -0.087348717283203245 -0.021827984993921599 0.0015218799493229157 0.0013053123975377903 -0.12776353751429106 0.00018411150002033892 -0.019676074868228529
leaf_weight=249172 74 788 117 1319 63 610 162 561 102 1210 164 389 74 1653 114 51 74 127 186 623 73 489 4295 78 108 356 152 59 209 66
leaf_count=249172 74 788 117 1319 63 610 162 561 102 1210 164 389 74 1653 114 51 74 127 186 623 73 489 4295 78 108 356 152 59 209 66
internal_value=4.90295e-05 0.000612715 0.00323204 0.000436352 0.000212837 0.00153125 -0.000260031 -0.0012374 -0.000692387 -0.0013017 -0.00464286 -0.00353526 -0.00045584 -0.000158806 -0.00347059 0.00308463 -0.00201571 0.00369159 0.00228643 0.00140553 0.00509434 0.00611901 0.000719094 -0.00277597 -0.00704301 -0.000930232 -0.001171 -0.0027551 -0.00140867 -0.00636752
internal_weight=263518 14346 905 13441 12122 3200 8922 4465 3849 3288 616 553 1404 2078 425 1796 191 1605 995 868 636 563 4457 616 186 430 269 245 323 117
internal_count=263518 14346 905 13441 12122 3200 8922 4465 3849 3288 616 553 1404 2078 425 1796 191 1605 995 868 636 563 4457 616 186 430 269 245 323 117
is_linear=0
shrinkage=0.05


Tree=132
num_leaves=31
num_cat=0
split_feature=17 27 19 24 24 24 7 7 5 16 7 16 6 24 6 24 21 18 2 20 24 24 28 27 24 18 18 13 20 28
split_gain=2.49505 3.05519 3.96593 2.67228 3.20323 2.44937 2.40715 2.68379 2.36254 2.29563 2.14693 2.1018 2.55034 1.67743 2.63378 2.29762 3.33983 1.6735 1.64223 1.96986 1.63978 4.25527 5.2625 3.86094 2.75512 4.03384 2.61107 1.91519 1.87153 2.6467
threshold=8.5000000000000018 12.500000000000002 0.24464730749110022 6.5000000000000009 2.5000000000000004 16.500000000000004 0.41907490447099455 0.25270673430335894 2.5923042418178937 3.7482156010591576 0.79596445721630371 0.75391690437614878 0.34619535079014269 14.500000000000002 0.16159424001309894 16.500000000000004 30.500000000000004 13.711901041093762 -0.25159941989637685 0.73529432411517204 2.5000000000000004 10.500000000000002 23.500000000000004 27.500000000000004 4.5000000000000009 12.560022105663213 23.630710723644555 0.31745363307671831 0.70746245085067916 4.5000000000000009
decision_type=2 2 2 2 2 2 2 2 2 2 2 2 2 2 2 2 2 2 2 2 2 2 2 2 2 2 2 2 2 2
left_child=-1 2 5 4 8 -2 7 -3 18 13 -11 12 -6 14 -5 16 -15 -9 19 -4 26 22 23 -22 25 -25 -8 -27 -28 -30
right_child=1 6 3 9 11 -7 20 17 -10 10 -12 -13 -14 15 -16 -17 -18 -19 -20 -21 21 -23 -24 24 -26 27 28 -29 29 -31
leaf_value=4.2524887241131708e-05 0.00345979665970279 -0.0048047098753992391 0.0056440273580711624 -0.0095524820335116875 -0.025181049396580526 0.01280254123082916 0.002661583991994084 0.0020786936398017658 0.0057204923366885934 -0.035517254607669288 0.00081957196088277738 -0.0010653612251707665 -0.0087609003865091028 0.0021473279411892607 0.0047046714930911613 0.0011424846714834826 -0.0047934683449020752 0.00088047898432941059 -0.0032041292001177691 -0.0040348885599268362 0.0018881233117680964 0.00010972039636392101 -0.033412697103099527 -0.0034343545498367761 -0.0041184629926605569 -0.010139771296782505 0.0027375703318016538 -0.0407920561597939 -0.0069506130214527706 0.0043312365910626897
leaf_weight=246394 89 151 135 117 124 87 580 564 84 90 152 394 148 148 2275 1144 311 759 63 85 364 8395 117 95 370 60 114 77 125 52
leaf_count=246394 89 151 135 117 124 87 580 564 84 90 152 394 148 148 2275 1144 311 759 63 85 364 8395 117 95 370 60 114 77 125 52
internal_value=8.98691e-05 0.000670856 0.00165075 0.00140418 -0.000876088 0.00903409 0.000219488 0.00210991 0.00287466 0.00196011 -0.00276859 -0.00294294 -0.00632353 0.00224656 0.00308528 0.00099501 -0.00199346 0.00283069 0.000689047 0.00272727 -4.97627e-05 -0.000240556 -0.00319021 -0.00197723 -0.00443522 -0.0087069 0.00202641 -0.0141971 -0.00183849 -0.0050565
internal_weight=263663 17269 5446 5270 1033 176 11823 1474 367 4237 242 666 272 3995 2392 1603 459 1323 283 220 10349 9478 1083 966 602 232 871 137 291 177
internal_count=263663 17269 5446 5270 1033 176 11823 1474 367 4237 242 666 272 3995 2392 1603 459 1323 283 220 10349 9478 1083 966 602 232 871 137 291 177
is_linear=0
shrinkage=0.05


Tree=133
num_leaves=31
num_cat=0
split_feature=19 1 18 28 16 14 27 8 24 12 7 28 24 3 1 28 24 27 24 7 20 5 24 19 17 7 28 19 11 2
split_gain=1.44646 3.47134 2.89558 1.7725 4.62049 3.8078 3.40732 2.11799 2.14113 2.84496 2.29147 2.00854 2.96255 2.86435 3.09061 2.61887 2.90029 6.49025 5.82437 4.22785 4.21361 4.0759 3.18715 3.16999 3.87779 4.21493 3.56758 2.94725 2.91076 2.87966
threshold=4.1037525592591368 289.00000000000006 2.2161319225417695 20.500000000000004 7.1096240885869593 13.651224984796185 1.0000000180025095e-35 1.0442462284866445 9.5000000000000018 0.20102715566912349 0.5196312966465132 11.500000000000002 27.500000000000004 -1.0081313278807704 101.00000000000001 2.5000000000000004 23.500000000000004 25.500000000000004 16.500000000000004 0.52874694714470971 0.71486544026091525 0.67799834232326905 10.500000000000002 56.363302583958479 7.5000000000000009 0.56881630343600953 9.5000000000000018 12.898696282763149 0.089873601561975755 -1.0224716314124549
decision_type=2 2 2 2 2 2 2 2 2 2 2 2 2 2 2 2 2 2 2 2 2 2 2 2 2 2 2 2 2 2
left_child=1 2 -1 7 6 -6 -5 11 9 10 -9 15 -13 -14 -15 -2 18 23 22 -19 21 -21 29 24 27 26 -26 -18 -28 -17
right_child=3 -3 -4 4 5 -7 -8 8 -10 -11 -12 12 13 14 -16 16 17 19 -20 20 -22 -23 -24 -25 25 -27 28 -29 -30 -31
leaf_value=0.00027026180341900889 -7.9714592138718608e-05 0.0017955695150462887 -0.012299398025413008 0.0037021249480230197 -0.0058459921860417275 -0.079813743993092656 0.00028784505427787934 -0.0031252928069546121 0.0010821331363292635 0.0024404904849981129 -0.032901749722802923 -0.00012376718068823409 0.00058661779604973893 0.00081097572923028544 -0.0018266675213807638 0.00082085385232650145 -5.188820158436296e-05 0.0010015301713601668 -0.00060391538625091407 -0.0054468641140179791 0.00049579162343589491 -0.0014303336519560629 0.0011718289249552215 0.00026126501682506039 -0.0029580845379058511 0.0015151187743363847 -0.0024914461437854194 0.0011866684023415701 0.0044866293357503457 -0.00015851341607724383
leaf_weight=16223 122326 355 51 322 567 110 42532 284 1821 279 52 33471 947 217 2614 3266 787 805 6042 80 771 1802 3807 6899 672 1043 51 5289 133 10405
leaf_count=16223 122326 355 51 322 567 110 42532 284 1821 279 52 33471 947 217 2614 3266 787 805 6042 80 771 1802 3807 6899 672 1043 51 5289 133 10405
internal_value=7.98989e-05 0.000531301 0.000424604 4.95572e-05 0.000339184 -0.00375923 0.00040393 -1.22871e-05 0.0014532 -0.00109756 -0.00419643 -3.00103e-05 -0.000361486 -0.00168872 -0.00248499 4.51954e-05 0.000386601 0.000858063 1.91332e-05 -0.00109312 -0.00205616 -0.00333156 0.000481749 0.00131169 0.0019906 1.84313e-05 -0.00258178 0.00260698 0.00358696 0.000125449
internal_weight=264023 16629 16274 247394 43531 677 42854 203863 2436 615 336 201427 37249 3778 2831 164178 41852 18332 23520 3458 2653 1882 17478 14874 7975 1899 856 6076 184 13671
internal_count=264023 16629 16274 247394 43531 677 42854 203863 2436 615 336 201427 37249 3778 2831 164178 41852 18332 23520 3458 2653 1882 17478 14874 7975 1899 856 6076 184 13671
is_linear=0
shrinkage=0.05


Tree=134
num_leaves=31
num_cat=0
split_feature=29 0 27 17 0 28 8 27 28 22 2 19 0 2 29 18 27 25 17 29 2 1 19 27 3 3 27 27 4 26
split_gain=2.12384 1.82965 3.27166 2.69114 1.82553 4.45105 2.90688 3.96957 2.39555 2.78906 9.53714 6.82339 5.26393 3.94732 3.21542 6.74186 3.52481 2.51674 5.00855 3.76312 3.75459 3.15282 5.0095 4.53215 2.69735 2.5067 3.16201 2.40107 3.979 2.38713
threshold=4.1337886697869566 5.0448809385801114 10.500000000000002 6.5000000000000009 5.2106208181773761 14.500000000000002 0.37591757753944505 2.5000000000000004 11.500000000000002 4.5000000000000009 -0.053304017702522861 0.38025422428337641 4.7136623405178657 -0.0038155840165167878 -0.59509976453478841 4.1620889701818866 21.500000000000004 1.0000000180025095e-35 4.5000000000000009 -1.5596558316951226 -0.74097464325254292 181.00000000000003 49.138707003432394 16.500000000000004 -0.59149908510406424 -1.2746328245152851 6.5000000000000009 31.500000000000004 -0.011384710608677292 1.0000000180025095e-35
decision_type=2 2 2 2 2 2 2 2 2 2 2 2 2 2 2 2 2 2 2 2 2 2 2 2 2 2 2 2 2 2
left_child=4 -2 -3 -4 6 -6 7 29 9 10 11 -9 -12 -11 -13 27 -17 -10 20 24 -19 -21 23 25 -20 -23 -27 28 -16 -1
right_child=1 2 3 -5 5 -7 -8 8 17 13 12 14 -14 -15 15 16 -18 18 19 21 -22 22 -24 -25 -26 26 -28 -29 -30 -31
leaf_value=0.0009390106310568358 0.00038968745137411809 0.0026920298845386024 -0.00021430718045840447 0.0016152923799506733 0.00018286977564167101 0.00097289219145654045 -0.0010521185211737382 0.0022034852182142165 -9.7125219624564062e-05 0.00019895619344112198 0.0022431030735932085 -4.2303931226280276e-05 0.00022775063703094124 -0.0016334855216307551 -0.0022159383511505312 0.00044201552824561612 -0.0013175888662016457 0.00098758951669577436 0.00074357462678436952 -0.00022225307956951469 -0.00022198204364697012 -0.0075300888091070581 -0.0010661508088656438 -0.00059529120357324774 0.0060681449838601315 -0.00073871840842076875 -0.0051781709689962428 -0.00030166653508923407 0.00024219111885510097 -0.0032733703101233804
leaf_weight=9028 5961 301 648 237 108488 1117 13890 198 58820 41479 202 2672 457 808 390 944 2750 1421 545 4603 2130 67 4202 651 60 263 603 143 93 548
leaf_count=9028 5961 301 648 237 108488 1117 13890 198 58820 41479 202 2672 457 808 390 944 2750 1421 545 4603 2130 67 4202 651 60 263 603 143 93 548
internal_value=4.60155e-05 0.000896181 0.00268971 0.00115819 2.23335e-05 0.000176772 -9.28434e-05 -2.10023e-05 -9.70432e-05 0.00016934 -0.000696266 -0.00122392 0.0050607 0.000330007 -0.00148312 -0.00232639 -0.00151326 -0.000279083 -0.000867995 -0.00139531 0.000764574 -0.00161854 -0.00239544 -0.00479167 0.00243802 -0.00702572 -0.00630485 -0.0071246 -0.00880952 0.000959691
internal_weight=263719 7147 1186 885 256572 109605 146967 133077 123501 50136 7849 7190 659 42287 6992 4320 3694 73365 14545 10994 3551 10389 5786 1584 605 933 866 626 483 9576
internal_count=263719 7147 1186 885 256572 109605 146967 133077 123501 50136 7849 7190 659 42287 6992 4320 3694 73365 14545 10994 3551 10389 5786 1584 605 933 866 626 483 9576
is_linear=0
shrinkage=0.05


Tree=135
num_leaves=31
num_cat=0
split_feature=29 27 27 29 0 27 12 0 7 1 0 2 21 24 24 27 0 17 27 24 7 21 0 14 21 5 24 14 18 18
split_gain=1.85044 2.10064 2.8456 2.08359 3.39217 2.35479 2.21518 2.01144 2.26984 2.397 2.08677 2.02706 2.00895 2.986 2.79865 4.49348 3.73488 2.14819 2.11901 2.76075 3.10353 3.26 2.02444 1.90855 1.89234 2.3301 2.31608 2.92893 1.83561 1.80194
threshold=4.1337886697869566 59.500000000000007 47.500000000000007 5.8911258848236683 4.4439066730957402 28.500000000000004 0.060860326441175207 4.8298264345200224 0.67702452202027141 177.00000000000003 4.9386601029930661 -0.63016557428911468 35.500000000000007 4.5000000000000009 2.5000000000000004 21.500000000000004 4.7136623405178657 8.5000000000000018 6.5000000000000009 6.5000000000000009 0.517659868012041 29.500000000000004 5.0690024785453636 1.9011553250159035 36.500000000000007 2.1790946396082007 9.5000000000000018 2.1979135166804951 16.122118396709503 10.624203996195957
decision_type=2 2 2 2 2 2 2 2 2 2 2 2 2 2 2 2 2 2 2 2 2 2 2 2 2 2 2 2 2 2
left_child=1 2 -1 4 5 -2 -6 24 9 10 28 -10 13 14 16 -16 -8 -14 19 -15 -21 -22 23 -18 -5 26 27 -26 -9 -12
right_child=3 -3 -4 7 6 -7 12 8 11 -11 29 -13 17 18 15 -17 22 -19 -20 20 21 -23 -24 -25 25 -27 -28 -29 -30 -31
leaf_value=2.7634401593100456e-05 -0.019997436887908351 -0.028246277993491709 0.0049873621141687911 0.0020680456720305876 0.0024368515924173243 0.0044562818638906616 0.0033369441147765746 -0.086883459264750579 -0.00097829311089534009 0.0031293903148626209 0.0015909658236939826 -0.052782771736188533 0.0016048335718741296 0.0064189496792830163 -0.0025349343284163076 -0.036913040992576654 -0.065270224954377273 0.0036951576151319932 0.0019723931653954909 0.0042602167946167212 -0.072492763790970971 -0.00075634366001274198 0.0010219274390055491 -0.0037499906222540724 -0.0007322904727070415 0.004678253088402114 -7.4669224709814557e-05 -0.0189219821787548 0.00094278242559093931 -0.001234675744967972
leaf_weight=256428 66 57 200 1630 780 51 166 89 112 67 245 101 835 158 105 58 55 90 1302 61 115 90 62 68 81 77 226 91 57 270
leaf_count=256428 66 57 200 1630 780 51 166 89 112 67 245 101 835 158 105 58 55 90 1302 61 115 90 62 68 81 77 226 91 57 270
internal_value=5.81712e-05 3.61344e-05 3.82661e-05 0.000853968 0.00159527 -0.00679487 0.00184411 -0.000134602 -0.00205632 -0.000728021 -0.00164145 -0.00659624 0.00125592 0.000446429 -0.00289883 -0.00831288 -0.000384615 0.00321622 0.00144264 -0.00162736 -0.00473684 -0.00768293 -0.00527027 -0.00898374 0.000724466 -0.00205263 -0.00359296 -0.00796512 -0.00691781 -0.00014563
internal_weight=263793 256685 256628 7108 4062 117 3945 3046 941 728 661 213 3165 2240 514 163 351 925 1726 424 266 205 185 123 2105 475 398 172 146 515
internal_count=263793 256685 256628 7108 4062 117 3945 3046 941 728 661 213 3165 2240 514 163 351 925 1726 424 266 205 185 123 2105 475 398 172 146 515
is_linear=0
shrinkage=0.05


Tree=136
num_leaves=31
num_cat=0
split_feature=29 24 9 24 29 0 0 29 16 24 1 0 15 1 27 0 29 22 16 15 22 18 0 15 29 1 18 1 3 18
split_gain=2.18084 2.29291 3.51939 3.12873 3.00863 2.61806 2.14012 2.0862 1.84974 3.57473 2.59375 2.46497 2.07753 1.76842 2.23214 1.90476 1.65285 1.97009 2.70645 2.89286 1.72295 1.70121 1.68944 1.68297 1.67476 2.05141 1.61182 1.5061 1.54625 1.47836
threshold=4.1337886697869566 4.5000000000000009 0.4597714812788109 1.5000000000000002 6.8981135525598924 4.4942943846592813 4.3895594239587075 4.8373071902499918 1.8265939905570898 3.5000000000000004 225.00000000000003 4.6982027489592868 21.500000000000004 205.00000000000003 17.500000000000004 4.6568054714595153 5.8911258848236683 17.500000000000004 0.45136296775246826 8.5000000000000018 31.500000000000004 5.6117468613232733 4.5923386465912319 17.500000000000004 6.8981135525598924 181.00000000000003 0.9153330097459661 261.00000000000006 -0.85413270163532928 52.454160089108875
decision_type=2 2 2 2 2 2 2 2 2 2 2 2 2 2 2 2 2 2 2 2 2 2 2 2 2 2 2 2 2 2
left_child=-1 2 6 7 -5 -3 -2 -4 10 13 12 -12 -8 14 -10 -15 21 18 19 -18 22 23 -19 -7 -24 -26 -20 29 -29 -23
right_child=1 5 3 4 -6 16 8 -9 9 -11 11 -13 -14 15 -16 -17 17 20 26 -21 -22 27 24 -25 25 -27 -28 28 -30 -31
leaf_value=7.9348822640662946e-05 0.0042659110267109718 -0.024024274160229519 -0.0028990359325147107 0.0017052181677238926 -0.013266624656067209 0.0031624624124614725 0.00050552894798772412 0.0051329988404195019 -0.00021104256427888153 -0.073793240928952092 -7.9028200506457103e-05 -0.11225926135690689 -0.0068768557246762759 -0.0087785503596604069 -0.0058195686600977436 0.0042994016340416824 -0.053723487177137201 -0.0096518178651179842 0.0046559189288423843 -0.0015910046030597749 -0.0021124154686825583 0.0012459426220213382 0.0012590640398218514 -0.027876139927128313 0.0024454556569273836 0.0053283602011179867 -2.4050745527806636e-05 0.0070841052796383162 -0.00091170936269344854 -0.088623071569552639
leaf_weight=256547 125 53 54 128 51 552 666 160 90 80 55 56 75 54 120 135 56 52 65 200 248 2117 248 50 230 200 892 118 50 76
leaf_count=256547 125 53 54 128 51 552 666 160 90 80 55 56 75 54 120 135 56 52 65 200 248 2117 248 50 230 200 892 118 50 76
internal_value=0.000123463 0.000990647 -0.000521903 0.00367685 -0.00120112 0.00152775 -0.00165522 0.00775701 -0.00224267 -0.0047286 -0.00084507 -0.00797297 0.000222673 -0.00279449 -0.00595238 0.000714286 0.00164144 0.000600183 -0.000746083 -0.0053125 0.00226994 0.00241141 0.00349315 0.00478405 0.00415929 0.00604651 0.000475445 0.00180644 0.00636905 0.00145691
internal_weight=263603 7056 1849 393 179 5207 1456 214 1331 479 852 111 741 399 210 189 5154 2191 1213 256 978 2963 730 602 678 430 957 2361 168 2193
internal_count=263603 7056 1849 393 179 5207 1456 214 1331 479 852 111 741 399 210 189 5154 2191 1213 256 978 2963 730 602 678 430 957 2361 168 2193
is_linear=0
shrinkage=0.05


Tree=137
num_leaves=31
num_cat=0
split_feature=15 20 20 11 17 24 24 6 0 21 4 28 3 27 14 0 6 16 13 19 27 24 2 0 1 2 24 0 0 14
split_gain=1.79662 2.32836 2.28897 2.25281 1.93123 3.45138 4.31937 3.0241 2.89487 3.5219 3.02231 3.45618 2.74629 2.71431 3.33663 3.61794 2.94727 2.14154 2.09616 2.03295 1.95555 1.92555 1.8043 2.97941 2.40001 2.44263 4.76985 3.43595 3.19195 3.19621
threshold=17.500000000000004 0.069870069092757184 0.017782572528646279 0.079620346218316929 9.5000000000000018 2.5000000000000004 7.5000000000000009 1.0367160935106472 4.6717755082532104 31.500000000000004 0.018918523527748619 20.500000000000004 -0.59149908510406424 10.500000000000002 1.4762419807280656 4.6152523066285216 0.16635297516700287 2.891246311064875 0.23671672760374432 28.246414038399216 8.5000000000000018 23.500000000000004 -0.74097464325254292 5.1802844912163515 109.00000000000001 -0.19456295742253807 14.500000000000002 4.5989605807911609 4.7946504408654791 0.35478854425713918
decision_type=2 2 2 2 2 2 2 2 2 2 2 2 2 2 2 2 2 2 2 2 2 2 2 2 2 2 2 2 2 2
left_child=3 2 -2 -1 22 18 7 8 10 -10 -7 -12 -11 16 15 -15 -8 19 -6 -16 -18 -21 23 -5 -24 26 -26 -27 -28 -30
right_child=1 -3 -4 4 5 6 13 -9 9 12 11 -13 -14 14 17 -17 20 -19 -20 21 -22 -23 24 -25 25 27 28 -29 29 -31
leaf_value=0.00026082484004317624 -0.0005970539713870827 -4.5240624967468043e-06 -0.0026813919183223513 0.00013224757605001405 0.0044109636170090302 -0.0060990335548892563 -0.0064972971271027944 0.0051529039220284574 0.0052904370983002172 -0.060699306847067973 -0.027784156152014489 -0.014879486757476879 0.00039492353267780306 0.00031003107108483257 -0.0040279258624169893 0.0016588820018994502 0.0021073900983492734 0.00081348301221738448 0.0016262441864823549 -0.0020324422406704217 0.0038656719765223259 0.0009320460456957038 -0.00048689449559476285 0.0015003306250192209 0.00023666192866151942 0.0050684379238404107 -4.5770919933715166e-05 0.00010942542056767624 -0.0015151117374518014 -0.00044166031968984602
leaf_weight=44950 3603 7894 1015 46204 302 472 90 129 101 51 51 101 111 2643 495 841 1101 665 419 552 412 549 16781 289 17206 194 9438 93316 2146 11785
leaf_count=44950 3603 7894 1015 46204 302 472 90 129 101 51 51 101 111 2643 495 841 1101 665 419 552 412 549 16781 289 17206 194 9438 93316 2146 11785
internal_value=5.16857e-05 -0.000533088 -0.00142486 8.07901e-05 1.09479e-05 0.000723721 0.00043759 -0.00261811 -0.0036584 0.000741445 -0.00551282 -0.0116447 -0.00382716 0.000860099 0.000352481 0.00132319 0.00267935 -0.0011433 0.004043 -0.00213659 0.00320225 -0.000940054 -2.18631e-05 0.000250468 -0.000105789 -3.52382e-05 -0.000359211 0.000105337 -0.000824382 -0.00130536
internal_weight=263906 12512 4618 251394 206444 9085 8364 1016 887 263 624 152 162 7348 5745 3484 1603 2261 721 1596 1513 1101 197359 46493 150866 134085 40575 93510 23369 13931
internal_count=263906 12512 4618 251394 206444 9085 8364 1016 887 263 624 152 162 7348 5745 3484 1603 2261 721 1596 1513 1101 197359 46493 150866 134085 40575 93510 23369 13931
is_linear=0
shrinkage=0.05


Tree=138
num_leaves=31
num_cat=0
split_feature=29 18 29 11 27 3 13 5 18 1 7 29 14 22 7 5 11 21 15 20 20 3 27 12 27 6 23 14 1 3
split_gain=2.70349 2.07094 2.35024 2.19974 2.08047 2.07154 2.07038 2.44989 1.99976 2.89515 2.57216 1.90692 1.73849 1.70064 1.69683 3.03492 1.66737 1.60669 1.60349 1.49087 1.70229 1.68166 1.61387 1.48941 1.35143 1.33556 2.40251 2.76644 2.50591 3.86602
threshold=4.1337886697869566 66.380264837857311 -1.9534123769382994 0.29331350004232642 8.5000000000000018 -0.99208991628968779 0.36184058421471016 1.9709976097904913 20.315314811319141 189.00000000000003 0.48560349827513305 5.8911258848236683 5.1890257250113203 27.500000000000004 1.0773958866456528 1.8709337091417737 0.20416471067950068 28.500000000000004 1.5000000000000002 0.71827297368433685 0.71412733633231518 -0.86139363135592462 32.500000000000007 2.3164918742227187 16.500000000000004 0.21335977560589955 1.5000000000000002 0.45609069672732877 237.00000000000003 -0.49090066997545873
decision_type=2 2 2 2 2 2 2 2 2 2 2 2 2 2 2 2 2 2 2 2 2 2 2 2 2 2 2 2 2 2
left_child=1 25 3 -3 -5 6 7 -4 11 14 -11 12 19 -7 -10 -16 -8 -13 24 20 22 -21 -2 -19 -18 26 -1 28 29 -28
right_child=8 2 5 4 -6 13 16 -9 9 10 -12 17 -14 -15 15 -17 18 23 -20 21 -22 -23 -24 -25 -26 -27 27 -29 -30 -31
leaf_value=-0.00018988457777458021 0.0016543979306918389 -0.071927187613064991 0.0034332576914891141 -0.02623079703248481 0.0084991091575786128 -0.0054361217801948197 -0.0053880219677106345 -0.077772061371881016 -0.00065373704821591958 -0.007869183614439678 0.0022911196304257137 0.0026912541131872704 -0.0029550674373921442 0.0019543072150737715 -0.076410954544195303 0.00096080809414539857 -0.0038712829172029839 -0.00046703390679098643 0.00063978688157087125 -0.030841091883853866 -0.0058255187392273425 0.0022517435947149163 -0.013205213786740605 0.0027488983501641985 -0.015031295028525939 -2.2059084846554275e-05 -0.00038787032333394752 0.0019174341939005768 0.00087929901909886707 0.00037663788426375112
leaf_weight=11414 1363 126 390 76 157 1311 87 86 1326 51 1516 129 181 197 77 87 84 1307 329 53 89 731 61 114 52 213256 8096 4050 3973 12938
leaf_count=11414 1363 126 390 76 157 1311 87 86 1326 51 1516 129 181 197 77 87 84 1307 329 53 89 731 61 114 52 213256 8096 4050 3973 12938
internal_value=3.50964e-05 8.49558e-06 -0.00132124 0.00246518 0.00534335 -0.00185725 -0.000126459 0.00228992 0.000998589 3.4348e-05 0.00153478 0.00173039 0.0025908 -0.00303713 -0.00154362 -0.00634146 -0.00221014 0.000354839 -0.0010215 0.00296256 0.00204561 0.00473214 0.00246489 -0.000130189 -0.00558823 2.36678e-05 0.000286996 0.000528445 0.000332108 0.000114577
internal_weight=263707 256622 2895 359 233 2536 1028 476 7085 3057 1567 4028 2478 1508 1490 164 552 1550 465 2297 1513 784 1424 1421 136 253727 40471 29057 25007 21034
internal_count=263707 256622 2895 359 233 2536 1028 476 7085 3057 1567 4028 2478 1508 1490 164 552 1550 465 2297 1513 784 1424 1421 136 253727 40471 29057 25007 21034
is_linear=0
shrinkage=0.05


Tree=139
num_leaves=31
num_cat=0
split_feature=29 17 27 24 19 29 12 3 4 0 13 23 14 6 20 28 6 6 28 16 15 29 0 0 27 29 13 22 6 20
split_gain=3.07586 1.58137 4.25237 5.01999 3.68877 2.52189 3.0103 2.20425 3.03423 2.18464 1.87188 1.98881 2.81578 2.00868 2.15336 1.89501 1.97049 2.10369 1.84381 2.88095 1.94051 1.80626 2.33775 2.00543 2.24305 3.31531 2.02649 1.90982 1.84566 1.76225
threshold=3.3334073898702967 8.5000000000000018 12.500000000000002 9.5000000000000018 0.24464730749110022 -0.44252610937883896 2.3164918742227187 -0.59149908510406424 0.021530283230810011 5.5652581246838251 1.9767836685517983 3.5000000000000004 5.2970496461560215 0.19209988291272687 0.71005125860713447 1.0000000180025095e-35 0.0093013831142493061 0.32550125659298984 1.5000000000000002 1.7142411753174722 8.5000000000000018 -0.60559424458584032 4.3036100609115797 4.3895594239587075 29.500000000000004 -0.89127533738544151 0.85984188221753721 2.5000000000000004 0.5979466458972037 0.72448600594899382
decision_type=2 2 2 2 2 2 2 2 2 2 2 2 2 2 2 2 2 2 2 2 2 2 2 2 2 2 2 2 2 2
left_child=1 -1 3 9 -5 -6 7 -7 -9 -3 11 12 15 14 -13 -4 -17 -18 19 20 -19 23 -23 26 28 -26 -15 -24 -25 -29
right_child=-2 2 10 4 5 6 -8 8 -10 -11 -12 13 -14 21 -16 16 17 18 -20 -21 -22 22 27 24 25 -27 -28 29 -30 -31
leaf_value=-1.9307747800656736e-06 0.00071652587501091244 -0.0019921739217665922 0.0018345795897229365 0.010836429770762903 0.0034708802362768375 0.0025226906401797119 -0.011503353704679803 -0.0011490382533055159 0.0021753354783653161 0.012555112786746724 0.0014629479505734577 0.00019862548705575374 0.0035659888880488892 -0.0066965680989916334 0.0050620095718698225 -0.014496720704338221 0.00063385551518716312 0.0052757628808658454 -0.00095550150609889813 -0.013038540469663133 -0.004732362172292782 0.0091306076166616512 0.0020251302064808064 0.0023412931751712793 0.0011917706472838574 -0.017384643946756605 0.00067380972790532546 -0.0005264694853512838 -0.002363644838549203 0.001313927849839164
leaf_weight=238844 9106 1501 201 116 1504 470 74 658 617 53 716 205 100 180 198 62 1380 58 3900 63 68 80 303 420 110 95 51 1575 325 797
leaf_count=238844 9106 1501 201 116 1504 470 74 658 617 53 716 205 100 180 198 62 1380 58 3900 63 68 80 303 420 110 95 51 1575 325 797
internal_value=6.23514e-05 3.00724e-05 0.000513225 0.00172141 0.00278715 0.00248119 0.0012287 0.00164757 0.000568628 -0.000637065 -4.08738e-05 -0.000214826 -0.000817901 0.00059576 0.00395782 -0.000963014 -0.00113632 -0.00103584 -0.00160553 -0.00642857 -0.00206349 0.000251525 0.000952814 -0.00138442 -0.00036842 -0.005 -0.00556277 0.000700935 0.000906041 0.000223441
internal_weight=263830 254724 15880 4993 3439 3323 1819 1745 1275 1554 10887 10171 5832 4339 403 5732 5531 5469 4089 189 126 3936 2755 1181 950 205 231 2675 745 2372
internal_count=263830 254724 15880 4993 3439 3323 1819 1745 1275 1554 10887 10171 5832 4339 403 5732 5531 5469 4089 189 126 3936 2755 1181 950 205 231 2675 745 2372
is_linear=0
shrinkage=0.05


Tree=140
num_leaves=31
num_cat=0
split_feature=29 28 21 2 29 27 28 6 1 27 20 1 24 13 27 28 24 7 28 6 7 23 3 20 3 24 13 24 17 3
split_gain=1.85428 1.94363 1.96404 1.73169 1.88188 1.67249 2.4325 2.35358 2.22765 1.71289 1.69734 1.6708 3.87246 2.46934 1.72864 2.66278 1.69191 2.4331 2.39276 1.55135 2.07569 1.9766 2.93628 2.51916 2.438 2.49761 2.91521 2.89749 2.52991 2.42579
threshold=4.1337886697869566 27.500000000000004 27.500000000000004 -1.9450584503085147 -4.5835963978295169 25.500000000000004 5.5000000000000009 0.071444036019819121 269.00000000000006 18.500000000000004 0.71152972300205597 189.00000000000003 4.5000000000000009 0.34203655523566939 30.500000000000004 3.5000000000000004 6.5000000000000009 0.93922431852011889 1.0000000180025095e-35 0.36611404620065424 0.19160002667849954 1.5000000000000002 0.46213578783789483 0.81136725302130219 0.48477228857636528 10.500000000000002 1.3291452827411223 14.500000000000002 4.5000000000000009 0.45280236710279859
decision_type=2 2 2 2 2 2 2 2 2 2 2 2 2 2 2 2 2 2 2 2 2 2 2 2 2 2 2 2 2 2
left_child=3 2 -2 4 -1 6 -4 10 -9 -10 -8 16 13 -13 -14 -16 -7 18 -18 21 -21 24 29 -24 25 26 -5 28 -27 -23
right_child=1 -3 5 19 -6 11 7 8 9 -11 -12 12 14 -15 15 -17 17 -19 -20 20 -22 22 23 -25 -26 27 -28 -29 -30 -31
leaf_value=-0.044208980433520055 0.0022937508897577764 0.0022003722996097822 -0.045895334260530836 -0.00061111204160187692 0.00051881436059179041 0.0010205894433444331 0.0010209132064948375 -0.00073912616289209391 0.0012897503849740987 0.0059789695949086308 0.0052186418650207534 0.0040818140467403881 0.0042212043409180127 -0.0055733301158968091 0.0045683402199914762 -0.0017884208868159089 -0.089755153596717027 -0.2606764014409263 9.9059193407086395e-05 -0.018314708213065318 -4.5202596917233963e-05 0.00021139488173536059 0.003169397749677433 -0.0023561111977840089 -0.0035557202656281359 0.00014721557610471194 -0.016617263304316225 -3.4962676618189525e-05 0.0034040018903334236 -0.0029403038599078823
leaf_weight=97 358 1129 81 7502 7748 1173 65 2618 87 67 54 60 454 66 108 77 72 52 597 170 152521 65316 2942 161 778 1419 69 15506 1759 518
leaf_count=97 358 1129 81 7502 7748 1173 65 2618 87 67 54 60 454 66 108 77 72 52 597 170 152521 65316 2942 161 778 1419 69 15506 1759 518
internal_value=7.78008e-05 0.000873842 0.000515112 5.57108e-05 0.000787126 0.000286806 -0.000528263 -0.000288827 -0.000584415 0.00525974 0.00659664 0.00119782 0.00316994 -0.00484127 0.00474961 0.000675676 0.000401268 -0.00150485 -0.000695067 3.26354e-05 -6.63753e-05 0.000190164 0.00033226 0.00183532 -0.000172196 -9.04584e-05 -0.000856557 0.000219975 0.00159534 0.000261416
internal_weight=263624 7118 5989 256506 7845 5631 2972 2891 2772 154 119 2659 765 126 639 185 1894 721 669 248661 152691 95970 68937 3103 27033 26255 7571 18684 3178 65834
internal_count=263624 7118 5989 256506 7845 5631 2972 2891 2772 154 119 2659 765 126 639 185 1894 721 669 248661 152691 95970 68937 3103 27033 26255 7571 18684 3178 65834
is_linear=0
shrinkage=0.05


Tree=141
num_leaves=31
num_cat=0
split_feature=29 29 24 24 29 0 7 11 27 29 0 29 5 9 0 14 19 28 28 6 28 22 24 27 12 7 0 19 7 18
split_gain=3.17187 2.2288 3.92767 10.8409 5.9209 4.75774 4.56711 4.36662 3.82146 3.34846 3.47341 3.0754 3.54547 3.04855 2.93136 2.89121 2.88214 4.06349 2.876 2.85997 2.70602 2.68304 2.65325 2.82529 3.20402 3.13524 2.60178 2.35973 2.35513 2.34472
threshold=4.1337886697869566 -0.90936145708900018 11.500000000000002 8.5000000000000018 -3.1903952382278615 4.6461108844735088 0.47090383446713463 0.19837360080459365 7.5000000000000009 -2.5608938885402721 4.7867880060511725 -2.1968687689319921 2.3902029425572091 0.82108562567001642 5.0517303177099064 0.34122399528462533 59.99486014821899 4.5000000000000009 8.5000000000000018 0.17068661504435592 28.500000000000004 13.500000000000002 30.500000000000004 12.500000000000002 0.49906955925552587 0.33599156553472248 4.5486059994538381 39.285608497592428 0.88890360102877197 23.988904727922019
decision_type=2 2 2 2 2 2 2 2 2 2 2 2 2 2 2 2 2 2 2 2 2 2 2 2 2 2 2 2 2 2
left_child=1 2 3 6 5 28 13 14 19 -4 22 12 20 -1 29 -12 -7 -18 -10 -9 21 -8 23 24 -11 -25 27 -13 -5 -6
right_child=-2 -3 9 4 7 16 11 8 18 10 15 26 -14 -15 -16 -17 17 -19 -20 -21 -22 -23 -24 25 -26 -27 -28 -29 -30 -31
leaf_value=0.0040080164059445519 0.00087486183361611114 -3.2497460284076165e-06 0.0073604930902559504 -0.077055881955816113 -0.019704026937066191 0.0013832355249952747 0.0039133725462043986 -0.036610344560339514 -0.0032072681435129959 0.00027485829675548353 3.6723480067486442e-05 -0.013869308964052186 -0.022238825499411159 -0.021570654412544885 0.0075431772117044663 0.0012823668844045167 -0.11358084325725598 -0.0160682931906088 0.0081847272218783813 -0.0075774145652198243 0.0079955775852459283 0.00044475391132912543 0.002481193929721195 -0.055411102669688739 0.0026910374616475443 -0.00016958330712567261 2.7907145389305781e-05 -0.0001866351445693185 -0.058223570002257176 0.00027172317336679371
leaf_weight=1370 7141 219671 418 125 1788 415 1078 56 730 3851 1638 205 348 60 172 3823 73 236 918 1518 402 1400 537 62 2466 7375 4455 214 287 465
leaf_count=1370 7141 219671 418 125 1788 415 1078 56 730 3851 1638 205 348 60 172 3823 73 236 918 1518 402 1400 537 62 2466 7375 4455 214 287 465
internal_value=8.30057e-05 5.40302e-05 0.000415925 -0.000160894 -0.00168878 -0.00498239 0.000926354 -0.00102621 0.000180013 0.000882499 0.000788781 0.000466552 0.00166357 0.00353147 -0.00262887 0.00186138 -0.00254144 -0.00619741 0.00186286 -0.00158196 0.00223958 0.00162228 0.00037891 0.000244293 0.00102185 -0.000416162 -0.00032622 -0.00409308 -0.00927184 -0.00310919
internal_weight=263297 256156 36485 16315 6783 1136 9532 5647 3222 20170 19752 8102 3228 1430 2425 5461 724 309 1648 1574 2880 2478 14291 13754 6317 7437 4874 419 412 2253
internal_count=263297 256156 36485 16315 6783 1136 9532 5647 3222 20170 19752 8102 3228 1430 2425 5461 724 309 1648 1574 2880 2478 14291 13754 6317 7437 4874 419 412 2253
is_linear=0
shrinkage=0.05


Tree=142
num_leaves=31
num_cat=0
split_feature=5 3 19 21 6 22 17 28 3 5 5 1 4 29 29 11 19 29 14 7 5 11 5 7 17 12 21 17 29 24
split_gain=2.17479 1.66799 3.11984 3.09564 2.93603 3.64036 3.04842 2.74439 2.73466 2.5538 3.81007 4.45278 2.49671 3.27876 2.60937 2.41198 2.329 2.14875 2.11813 2.08715 2.77897 2.05897 2.05799 2.50094 2.04622 2.03877 1.97514 1.98014 2.22931 1.96693
threshold=1.6129722275535059 -0.99208991628968779 57.682278571424497 28.500000000000004 0.82481013292718997 23.500000000000004 5.5000000000000009 20.500000000000004 -1.1248032878720655 1.1775610131385938 1.408920355789758 217.00000000000003 0.055454571609730628 3.3334073898702967 0.30638167750459183 0.37215953403747787 0.65023692081831774 -4.5835963978295169 6.9314320908372045 0.35658089066427145 0.68594293058874634 1.8077593722639484 0.77255834920795341 0.57445391074428176 6.5000000000000009 6.1502866828504965 37.500000000000007 4.5000000000000009 0.41060245380955612 6.5000000000000009
decision_type=2 2 2 2 2 2 2 2 2 2 2 2 2 2 2 2 2 2 2 2 2 2 2 2 2 2 2 2 2 2
left_child=1 2 3 8 12 6 29 16 -1 -5 11 -11 13 14 21 26 -7 -8 -19 -9 -21 -3 23 -15 -13 -18 27 28 -16 -6
right_child=-2 4 -4 9 5 7 17 19 -10 10 -12 24 -14 22 15 -17 25 18 -20 20 -22 -23 -24 -25 -26 -27 -28 -29 -30 -31
leaf_value=-0.0061973081348623768 0.00018475248373726449 -9.4769658248821458e-05 0.00012216327986702235 0.0014159546584458548 0.0015927760898987319 -0.060662283583860811 0.016082606207063636 -0.069860539121383861 -0.0019350635103374072 -0.0004887510739972551 -4.6068162258516424e-05 -0.0027591470837941222 0.00023495081703320972 0.0002874691654232389 -0.0032108446523743599 -1.9714691900298162e-05 -0.00073061967907716077 -8.2687403638266477e-05 0.0013798343874257702 0.0070865375428674883 0.00064329056991828219 -0.0009683927086499317 0.0013268178975796717 -0.0050241064392459248 -0.078024583712833162 -0.031632390513535689 0.0033019556501483619 -0.004214858574059714 0.00016755122173072435 0.00067146608670660144
leaf_weight=202 51495 87684 6250 320 1948 50 67 62 497 878 2391 884 71250 1066 1604 2846 4117 7321 599 157 2839 3792 2444 194 76 64 82 1531 1593 9471
leaf_count=202 51495 87684 6250 320 1948 50 67 62 497 878 2391 884 71250 1066 1604 2846 4117 7321 599 157 2839 3792 2444 194 76 64 82 1531 1593 9471
internal_value=5.36829e-05 -1.70289e-05 -0.000602713 -0.00150152 1.65111e-05 0.000504777 0.00086262 -0.000447935 -0.00459943 -0.0010255 -0.00135138 -0.00306311 -5.83614e-05 -0.000215974 -0.000270548 -0.00115726 -0.00127275 0.00011331 3.78794e-05 0.000693264 0.000881175 -0.000196335 0.0012446 -0.000396825 -0.00541667 -0.00114446 -0.00183992 -0.00197335 -0.00126525 0.00138672
internal_weight=263774 212279 11498 5248 200781 26695 19406 7289 699 4549 4229 1838 174086 102836 99132 7656 4231 7987 7920 3058 2996 91476 3704 1260 960 4181 4810 4728 3197 11419
internal_count=263774 212279 11498 5248 200781 26695 19406 7289 699 4549 4229 1838 174086 102836 99132 7656 4231 7987 7920 3058 2996 91476 3704 1260 960 4181 4810 4728 3197 11419
is_linear=0
shrinkage=0.05


Tree=143
num_leaves=31
num_cat=0
split_feature=29 13 28 3 21 17 27 24 18 29 13 1 17 29 27 19 29 27 24 24 24 17 23 27 27 13 12 5 24 20
split_gain=2.48269 2.54088 1.98938 2.0632 2.19042 1.98289 3.663 4.80372 3.46383 2.85724 2.45279 1.9809 3.53125 3.5526 3.53788 4.58872 3.27386 3.63852 3.42035 3.43941 3.32396 3.19083 3.1862 3.17141 4.54919 2.999 4.06209 2.89866 2.73378 3.35156
threshold=4.1337886697869566 3.5471479290388523 28.500000000000004 -1.1889665180603852 27.500000000000004 8.5000000000000018 12.500000000000002 9.5000000000000018 0.29495474440805097 -0.44252610937883896 1.9767836685517983 233.00000000000003 5.5000000000000009 -1.3663842572693345 13.500000000000002 8.8041263553313325 -1.6214020128300053 7.5000000000000009 11.500000000000002 9.5000000000000018 1.5000000000000002 4.5000000000000009 1.0000000180025095e-35 31.500000000000004 7.5000000000000009 0.15728966573721112 0.034897783064122473 0.4517033272139131 19.500000000000004 0.14195189186974558
decision_type=2 2 2 2 2 2 2 2 2 2 2 2 2 2 2 2 2 2 2 2 2 2 2 2 2 2 2 2 2 2
left_child=5 2 3 -2 -5 11 7 -7 -9 -10 -8 -1 13 21 15 27 18 28 19 20 -14 23 -23 24 -13 -16 -27 -15 -18 -30
right_child=1 -3 -4 4 -6 6 10 8 9 -11 -12 12 16 14 25 -17 17 -19 -20 -21 -22 22 -24 -25 -26 26 -28 -29 29 -31
leaf_value=-8.348757264305706e-05 0.0033372907116241131 -0.0034540425507426455 0.0021053500304626326 0.0021459048016326285 0.00025864082754960651 -0.00085206716148098676 -0.00012786923288192256 0.0095602431797401997 0.0031186380139827698 0.00057378243300891735 0.001780213752875648 -0.037444233277428178 -0.033769603880766795 0.0050037666229527543 0.00099243126637928256 -0.00011508623488171576 0.0025829804240693746 -0.0010488129747821629 0.004199077494672218 -0.061140164679989263 0.004281247389038882 0.0043104399104583399 -0.00084211729888205601 -0.10951895166370473 0.0010217000323107367 -0.0017310387613617331 0.0006668188758664447 0.00098329524160512905 -0.0013343634241017597 0.0028947262993777711
leaf_weight=187522 437 299 846 337 5148 1676 10358 164 1484 1750 731 526 67 1912 3382 20398 1735 6470 519 152 452 184 1428 59 511 572 6455 6012 1615 332
leaf_count=187522 437 299 846 337 5148 1676 10358 164 1484 1750 731 526 67 1912 3382 20398 1735 6470 519 152 452 184 1428 59 511 572 6455 6012 1615 332
internal_value=2.4267e-05 0.000948777 0.00114805 0.000824047 0.00056062 -1.20814e-06 0.000534864 0.00164762 0.00272808 0.00236858 2.57017e-05 -3.72649e-05 0.000233323 0.000447285 0.000569699 0.000279995 -0.000548404 -0.000839243 0.00193277 -0.000424739 0.00151252 -0.00130354 0.000111663 -0.00338504 -0.00274349 0.00135796 0.000769177 0.00130111 0.000415536 -0.00087057
internal_weight=263533 7067 6768 5922 5485 256466 16163 5074 3398 3234 11089 240303 52781 41439 38731 28322 11342 10152 1190 671 519 2708 1612 1096 1037 10409 7027 7924 3682 1947
internal_count=263533 7067 6768 5922 5485 256466 16163 5074 3398 3234 11089 240303 52781 41439 38731 28322 11342 10152 1190 671 519 2708 1612 1096 1037 10409 7027 7924 3682 1947
is_linear=0
shrinkage=0.05


Tree=144
num_leaves=31
num_cat=0
split_feature=29 24 9 27 21 17 17 20 12 5 9 24 5 27 24 17 29 3 24 6 28 5 20 17 29 9 29 29 29 21
split_gain=1.90393 2.02334 3.8863 3.22759 5.98223 3.70074 3.25837 3.58652 2.91408 2.6348 2.46312 2.77317 2.47655 2.1761 2.24583 2.16569 2.96008 2.15122 2.10409 2.08815 2.07086 2.48042 2.32164 2.02222 4.14264 3.65119 4.08733 3.43045 2.60586 2.48453
threshold=4.1337886697869566 27.500000000000004 0.84916852147817357 22.500000000000004 31.500000000000004 8.5000000000000018 9.5000000000000018 0.72899796287935059 2.8933516997180186 2.9804490709113423 0.53844113811767125 30.500000000000004 1.3231736199539006 26.500000000000004 29.500000000000004 6.5000000000000009 -0.30685480284904904 -1.4467414105168883 28.500000000000004 0.063193627739669814 13.500000000000002 0.68977667960227718 0.71936151845197727 4.5000000000000009 -0.92774906841375426 0.54350928595928016 0.74295216348336446 0.27135662890653545 -1.9534123769382994 31.500000000000004
decision_type=2 2 2 2 2 2 2 2 2 2 2 2 2 2 2 2 2 2 2 2 2 2 2 2 2 2 2 2 2 2
left_child=1 -1 3 6 5 19 7 17 -9 -8 11 12 13 14 18 -13 -17 -3 -6 -5 21 -4 -22 24 -19 27 -27 28 -25 -26
right_child=-2 2 20 4 10 -7 9 8 -10 -11 -12 15 -14 -15 -16 16 -18 23 -20 -21 22 -23 -24 25 29 26 -28 -29 -30 -31
leaf_value=8.3532327776229918e-05 0.00073480382109116556 0.0022261520535062306 -0.011284241802310621 0.0010762511721249875 -0.0034523131402241455 -0.00080269173275457426 0.0039624778937104059 -0.0009981932857260835 -0.044089688628623315 -0.0033778554145252855 0.00069349230914993567 0.0011619657291751624 -0.0022722196588488438 0.00029214864152743561 0.0011138289282485085 0.0023728981520446165 -0.0051121711907886613 0.0024415452745876406 -0.0056299341018132242 0.00077050930685531433 -0.022212989936281236 0.00062341413102369903 -0.0029199079506186283 0.0035245463349866378 -0.00034816448543742364 -0.0001977404645108958 0.010366360761614865 -0.005713010678695298 -0.0010745000307309422 0.00060728373879564241
leaf_weight=220214 7092 196 53 327 120 1614 368 1824 53 76 505 340 871 690 129 91 79 339 117 3907 55 171 125 128 12300 4708 162 364 6163 689
leaf_count=220214 7092 196 53 327 120 1614 368 1824 53 76 505 340 871 690 129 91 79 339 117 3907 55 171 125 128 12300 4708 162 364 6163 689
internal_value=7.03004e-05 4.79798e-05 -0.000296466 -0.000241979 0.000591582 0.00151676 -0.000509682 -0.000579736 -0.0026878 0.00373874 -0.00124745 -0.00190603 -0.00277374 -0.00114583 -0.00426229 0.00137255 -0.00323529 -0.000421773 -0.0071519 0.00229334 -0.00517327 -0.00196429 -0.00916667 -0.000462921 -4.35168e-05 -0.000947939 9.24031e-05 -0.00170924 -0.00143618 -0.000185926
internal_weight=263870 256778 36564 36160 8790 5848 27370 26926 1877 444 2942 2437 1927 1056 366 510 170 25049 237 4234 404 224 180 24853 13328 11525 4870 6655 6291 12989
internal_count=263870 256778 36564 36160 8790 5848 27370 26926 1877 444 2942 2437 1927 1056 366 510 170 25049 237 4234 404 224 180 24853 13328 11525 4870 6655 6291 12989
is_linear=0
shrinkage=0.05


Tree=145
num_leaves=31
num_cat=0
split_feature=2 0 19 22 0 24 6 18 24 5 21 24 24 27 24 3 1 23 6 24 24 0 27 1 26 2 12 12 3 13
split_gain=1.47 3.10762 2.35286 10.6592 5.83538 3.42434 3.2783 2.71294 2.67713 2.26358 2.33676 3.1881 6.91508 4.09551 3.6202 3.57868 3.01984 3.55799 2.86438 2.8596 3.68022 2.66926 2.77141 2.5105 2.47684 2.59346 2.40328 2.61429 2.32681 2.29298
threshold=-0.88887397286016012 5.1752994071594012 4.1037525592591368 7.5000000000000009 4.6568054714595153 27.500000000000004 0.17974791284276739 1.9412876566259316 16.500000000000004 1.156743766152758 31.500000000000004 8.5000000000000018 11.500000000000002 1.5000000000000002 3.5000000000000004 -1.5286001963439027 165.00000000000003 1.5000000000000002 1.8839739249646514 14.500000000000002 10.500000000000002 4.6461108844735088 8.5000000000000018 177.00000000000003 1.0000000180025095e-35 -1.3640509607722582 0.54625124810955883 0.26258678285149284 -1.1138925735580842 0.14481157110135404
decision_type=2 2 2 2 2 2 2 2 2 2 2 2 2 2 2 2 2 2 2 2 2 2 2 2 2 2 2 2 2 2
left_child=1 9 3 4 8 6 -6 -5 -2 -1 11 13 21 -11 16 -16 -15 -18 19 20 23 22 -13 28 -21 -26 27 -23 -12 -27
right_child=2 -3 -4 7 5 -7 -8 -9 -10 10 18 12 -14 14 15 -17 17 -19 -20 24 -22 26 -24 -25 25 29 -28 -29 -30 -31
leaf_value=0.00062085947325511682 0.0027420415692043006 0.0016096474473889261 -2.4709289539427553e-05 -6.1327366972001063e-05 5.8879738552674906e-05 -0.0004997761444799747 0.0023306215283735139 -0.011317037935322535 0.0052597304505467317 0.0074710172388095034 -0.015312754492674338 -0.057942091832968529 0.00030411040558760735 0.0011540193461979772 -0.079904447667696499 0.0024605959655623374 -0.0036787869327424959 -0.00021279455581510771 0.00057915174171404725 -0.00083905849045561422 0.0025711291216036943 -0.012903502056252189 0.011758811615465744 0.00055853189967706226 0.003956793431977741 -0.040486942207397028 -0.021744670426279478 0.017609822208793337 -0.0016382238035844321 0.00077476139380299239
leaf_weight=10545 222 281 203357 11233 833 403 1800 53 299 336 121 245 14357 405 59 2109 223 1091 2863 6326 1446 414 60 1885 186 64 758 219 1254 260
leaf_count=10545 222 281 203357 11233 833 403 1800 53 299 336 121 245 14357 405 59 2109 223 1091 2863 6326 1446 414 60 1885 186 64 758 219 1254 260
internal_value=6.90355e-05 0.000327533 1.51243e-05 0.000622853 0.00300956 0.00217062 0.00282757 -0.000129363 0.00789827 0.000294964 9.99112e-05 0.000445848 0.000124276 0.00166825 0.00121045 0.00256919 -0.000503199 -0.00166667 -0.000387018 -0.000738173 0.00021037 -0.00289505 -0.00713115 -0.000720858 -0.00139116 0.00196078 -0.00196621 0.000308057 -0.00234545 -0.00074074
internal_weight=263707 45507 218200 14843 3557 3036 2633 11286 521 45226 34681 20276 16053 4223 3887 2168 1719 1314 14405 11542 4706 1696 305 3260 6836 510 1391 633 1375 324
internal_count=263707 45507 218200 14843 3557 3036 2633 11286 521 45226 34681 20276 16053 4223 3887 2168 1719 1314 14405 11542 4706 1696 305 3260 6836 510 1391 633 1375 324
is_linear=0
shrinkage=0.05


Tree=146
num_leaves=31
num_cat=0
split_feature=29 24 20 29 21 14 24 12 21 16 4 7 3 2 6 27 21 27 15 16 16 5 15 21 11 1 15 22 16 16
split_gain=2.45096 2.01867 2.91463 2.5448 2.91734 2.66354 1.78271 2.61495 2.45592 3.35019 2.16361 1.87624 2.0375 1.75698 2.28159 1.7325 1.78271 1.82913 2.0162 2.12493 1.67961 1.91184 2.92987 2.57093 1.88016 1.63318 1.81797 1.57103 1.56335 1.78612
threshold=4.1337886697869566 10.500000000000002 0.71827297368433685 6.8981135525598924 28.500000000000004 7.1407970139160017 1.5000000000000002 2.3164918742227187 33.500000000000007 1.4535229010927175 0.045414351683201036 0.52328444348436676 -1.2387197883639813 -0.61957887891948327 0.33307660944393752 29.500000000000004 40.500000000000007 1.5000000000000002 18.500000000000004 0.070473867310820934 0.078517297365095065 1.2080310487157713 10.500000000000002 37.500000000000007 0.40578042996502595 161.00000000000003 25.500000000000004 34.500000000000007 0.074602673179880633 2.0242127973809079
decision_type=2 2 2 2 2 2 2 2 2 2 2 2 2 2 2 2 2 2 2 2 2 2 2 2 2 2 2 2 2 2
left_child=-1 3 20 15 -5 6 8 10 9 -6 11 -8 -13 -14 -15 16 17 -2 19 -19 -3 23 -23 24 -22 26 -20 -21 -17 -30
right_child=1 2 -4 4 5 -7 7 -9 -10 -11 -12 12 13 14 -16 28 -18 18 25 27 21 22 -24 -25 -26 -27 -28 -29 29 -31
leaf_value=1.5857468126951368e-05 0.0058760449717672886 -0.017238137343964448 0.0017458520061041729 0.0052932585354591166 0.0019963053388347874 -0.063974386612665579 0.0011971714522062478 0.0050983249083026462 0.0046583649163386654 -0.019099820445105997 -0.02292585714316402 0.0056822527645660655 -0.0032517525697912707 -0.0071344986163104267 -0.075508859745280682 0.0079642067869636051 0.0025653852617601308 0.0051259656954304239 -0.025546204825575944 0.00023306862994793129 0.0022274725902196096 0.0010080309156019658 0.0039993572144903745 -0.0058155126892608213 -0.0076643397574780005 0.0046210749307152247 -0.00013110454513511494 -0.014846746683786383 0.00086160753179344339 0.0053726568057705544
leaf_weight=256698 239 64 631 98 160 58 170 51 113 60 53 58 232 143 134 50 119 91 79 2287 213 893 140 103 107 58 56 64 400 156
leaf_count=256698 239 64 631 98 160 58 170 51 113 60 53 58 232 143 134 50 119 91 79 2287 213 893 140 103 107 58 56 64 400 156
internal_value=4.27259e-05 0.000960453 0.00223849 0.000402719 -0.00146616 -0.00212662 -0.00160988 -0.00283591 0.00148649 -0.00159091 -0.0035443 -0.0028426 -0.00422399 -0.00523576 -0.00792419 0.00109336 0.000599733 0.000351427 -2.84624e-05 0.000360361 0.00105263 0.0014011 0.0025605 -0.00143026 0.000781251 -0.00494819 -0.00796296 7.01835e-05 0.00353135 0.00276978
internal_weight=263778 7080 2151 4929 1330 1232 1174 841 333 220 790 737 567 509 277 3599 2993 2874 2635 2442 1520 1456 1033 423 320 193 135 2351 606 556
internal_count=263778 7080 2151 4929 1330 1232 1174 841 333 220 790 737 567 509 277 3599 2993 2874 2635 2442 1520 1456 1033 423 320 193 135 2351 606 556
is_linear=0
shrinkage=0.05


Tree=147
num_leaves=31
num_cat=0
split_feature=29 0 24 6 23 17 0 0 24 13 13 11 22 7 0 29 7 5 23 13 19 23 13 3 5 20 4 5 22 18
split_gain=3.26808 1.51709 3.23471 1.29647 1.26107 1.60441 1.939 1.6792 1.89366 1.59679 1.58584 1.35807 1.56552 1.59231 4.26452 1.72506 1.23638 1.66024 1.97487 1.42807 1.19989 2.34225 3.67674 1.6492 2.1008 2.79946 2.18688 1.89029 1.62717 2.44916
threshold=4.1337886697869566 4.4674786937065862 2.5000000000000004 2.6742267498477394 1.0000000180025095e-35 3.5000000000000004 4.6717755082532104 4.7412328621058295 6.5000000000000009 0.47074946832169778 2.9853825634157407 4.5038351693978269 5.5000000000000009 1.2225928741084042 4.7041876600984978 -0.47967793934772801 1.1926585445815248 2.2697029209294435 2.5000000000000004 3.0980581599930539 49.630314285091309 3.5000000000000004 3.2248087733833573 0.075372383116613054 1.0484622314962253 0.70719335053881871 -0.10118092283066267 1.1879734282520555 20.500000000000004 11.475555918351697
decision_type=2 2 2 2 2 2 2 2 2 2 2 2 2 2 2 2 2 2 2 2 2 2 2 2 2 2 2 2 2 2
left_child=3 2 -2 -1 10 -6 -7 8 -8 -9 -5 12 -10 15 -15 -14 20 19 -19 -18 21 -3 23 24 25 -23 -27 -26 -29 -30
right_child=1 16 -4 4 5 6 7 9 11 -11 -12 -13 13 14 -16 -17 17 18 -20 -21 -22 22 -24 -25 27 26 -28 28 29 -31
leaf_value=1.8932830342436753e-05 0.00091057592243101086 0.0018689917584040067 -0.02471189296093302 -0.0028141034574892484 -0.0018525794598693959 0.0037978157677857395 0.0029060017233141326 0.0038215900170103221 0.0048044860553288805 0.0008137743125530239 0.0015895976271179488 -0.053908202051643518 -0.0028778560229629291 0.0012452710847805333 -0.095800307118114159 0.0037602129933123722 0.0048642137680841389 0.0030234245012476079 -0.0098327885827093134 -0.0015872536200896904 0.00040065459228904102 0.0055293774121087519 -0.019096970574322549 0.0035895392593042505 -0.0063969119085561287 0.0024015301983633507 -0.00105126922548779 0.0012526205654748582 -0.0011533437193075354 -0.044361330779608223
leaf_weight=254729 229 1400 64 172 222 465 67 93 50 422 108 50 125 61 54 59 319 83 80 56 3734 71 50 130 88 188 88 381 146 53
leaf_count=254729 229 1400 64 172 222 465 67 93 50 422 108 50 125 61 54 59 319 83 80 56 3734 71 50 130 88 188 88 381 146 53
internal_value=6.36952e-05 0.00111732 -0.00240614 3.43044e-05 0.0013193 0.00184053 0.00244813 0.00118756 -0.000987124 0.00315534 -0.00178571 -0.00229323 -0.00118911 -0.00255853 -0.00717391 0.000326088 0.00126766 0.00356877 -0.000644171 0.0054 0.00107205 0.00189788 0.000271967 0.000851529 0.000172414 0.00332853 0.00105073 -0.00146707 -0.000431034 -0.00409548
internal_weight=263837 7160 293 256677 1948 1668 1446 981 466 515 280 399 349 299 115 184 6867 538 163 375 6329 2595 1195 1145 1015 347 276 668 580 199
internal_count=263837 7160 293 256677 1948 1668 1446 981 466 515 280 399 349 299 115 184 6867 538 163 375 6329 2595 1195 1145 1015 347 276 668 580 199
is_linear=0
shrinkage=0.05


Tree=148
num_leaves=31
num_cat=0
split_feature=29 18 1 21 3 24 0 12 0 5 0 24 24 3 4 3 4 27 3 5 18 0 29 18 5 0 24 1 28 24
split_gain=4.13361 2.0853 1.95418 2.37057 2.13791 2.10217 4.21141 2.69601 2.50596 2.52116 1.86957 1.84286 2.58738 2.14746 2.12593 2.23539 1.7602 2.73865 2.36314 2.15435 2.10753 3.20277 1.65805 4.95142 2.74521 2.74239 6.64814 3.29261 2.99284 2.96978
threshold=4.1337886697869566 9.720595012534277 189.00000000000003 27.500000000000004 -1.1043935387134467 5.5000000000000009 4.6152523066285216 0.043764441002198791 5.0517303177099064 3.2552462797750565 4.7754847560736993 4.5000000000000009 2.5000000000000004 -0.61001418667700025 -0.49783181269883786 -0.98403503154277649 -0.5230896941165869 4.5000000000000009 -0.51475799797007971 1.7707645836738664 26.7162527832748 4.7041876600984978 0.12233327623614838 5.6117468613232733 2.9176656931190181 4.7985492905656644 8.5000000000000018 193.00000000000003 24.500000000000004 4.5000000000000009
decision_type=2 2 2 2 2 2 2 2 2 2 2 2 2 2 2 2 2 2 2 2 2 2 2 2 2 2 2 2 2 2
left_child=22 10 3 -3 -4 7 -7 -5 16 -10 -2 12 13 14 15 -9 20 18 -18 -19 -8 -22 -1 -24 25 26 29 28 -28 -25
right_child=1 2 4 5 -6 6 8 11 9 -11 -12 -13 -14 -15 -16 -17 17 19 -20 -21 21 -23 23 24 -26 -27 27 -29 -30 -31
leaf_value=7.718289995407637e-05 8.9414921440280178e-05 0.0020805639050886179 0.0040603271589546297 0.0035207753025512573 0.0008455076209249213 -0.01962197317607375 0.0040320665849048511 -0.0060928311578404264 0.0021227071169632496 -0.012584561950114171 0.001820710965899072 0.0018336287465616522 -0.011374697175069903 0.0012607314829628661 -0.038406054377227591 0.0029185091385979444 -0.076334351448791735 -0.00046977187278793628 -0.011302095797225801 -0.049906786472902892 -0.13777538707741624 0.0023265568867602959 5.6522303559258857e-06 -0.0072968657116608097 0.0013804961974781512 -0.0012483741832249391 -0.10711246867868032 -0.048718640678579173 -0.045028787577479107 9.6930021294289867e-05
leaf_weight=189592 598 167 486 227 1559 116 186 75 258 119 1402 341 223 357 104 85 97 390 50 97 74 112 56552 315 641 7821 62 349 72 932
leaf_count=189592 598 167 486 227 1559 116 186 75 258 119 1402 341 223 357 104 85 97 390 50 97 74 112 56552 315 641 7821 62 349 72 932
internal_value=6.76961e-05 0.00125579 0.000721258 -7.47233e-05 0.00191932 -0.000407076 -0.00171114 0.000977338 -0.0009436 0.00253316 0.002625 2.10976e-05 -0.00123223 0.000426732 -0.00299242 0.000625001 -0.00224652 -0.00384858 -0.00982993 -0.00204312 0.000483872 -0.00327957 3.46816e-05 -0.000179641 -0.00119407 -0.00140666 -0.00320809 -0.00818841 -0.0148507 -0.00127907
internal_weight=263459 7123 5123 3078 2045 2911 1499 1412 1383 377 2000 1185 844 621 264 160 1006 634 147 487 372 186 256336 66744 10192 9551 1730 483 134 1247
internal_count=263459 7123 5123 3078 2045 2911 1499 1412 1383 377 2000 1185 844 621 264 160 1006 634 147 487 372 186 256336 66744 10192 9551 1730 483 134 1247
is_linear=0
shrinkage=0.05


Tree=149
num_leaves=31
num_cat=0
split_feature=16 2 19 28 2 24 23 24 13 1 2 18 4 2 16 14 18 8 5 12 20 27 29 5 1 15 12 29 18 19
split_gain=2.26668 2.11428 1.97717 3.64375 2.10698 1.86776 1.86735 2.34081 2.33502 1.86148 3.26054 4.01175 3.26602 2.41071 2.37025 2.16972 2.04372 1.8048 1.87341 1.77959 2.20558 1.7559 1.72142 1.72118 1.70899 1.62326 1.62741 1.8128 1.60081 1.60069
threshold=0.60590125375101178 -2.6633747714126801 4.2761266608149802 14.500000000000002 0.39240015445872917 3.5000000000000004 1.5000000000000002 3.5000000000000004 0.10315861698874539 117.00000000000001 -0.16370853013943396 8.5080550058377042 -0.12223793300729312 0.029729724784469096 2.5351851135752379 1.3913533153448374 25.932938302285212 0.79419592737129963 0.68977667960227718 0.35739674127151244 0.71486544026091525 1.5000000000000002 6.8981135525598924 0.48781555934674509 289.00000000000006 13.500000000000002 1.759114315677379 -0.50430115810215981 16.344347621319347 5.5150598165666507
decision_type=2 2 2 2 2 2 2 2 2 2 2 2 2 2 2 2 2 2 2 2 2 2 2 2 2 2 2 2 2 2
left_child=-1 -2 3 5 9 -3 7 17 -9 10 11 12 14 29 19 -15 22 -6 -19 -4 -21 -5 -13 -14 -8 26 -23 -28 -10 -12
right_child=1 2 4 21 6 -7 24 8 28 -11 13 16 23 15 -16 -17 -18 18 -20 20 -22 25 -24 -25 -26 -27 27 -29 -30 -31
leaf_value=-7.1192011892716404e-05 0.0012534280186818477 0.0021643021560613339 0.0012063577957276423 0.0031154586833797454 0.0001520042679976787 0.0011540323124673956 0.0019670172774942096 -0.0026037680897700241 0.00073665242447003396 4.5454202517344305e-06 0.0065875673604832794 5.3381967667487266e-05 -0.0061245311176894475 -0.00085959801537565717 0.0028330272197781324 0.0026080894550582386 0.0017574252491338296 -0.014167110266576105 -0.0018612809091046066 0.0011973713528144712 -0.0022363619873908675 -0.00075860109323893385 -0.0096483299545166851 0.00062338350450494013 -0.0033117033128267706 0.0032698501766493613 -0.00066640051628804437 0.0021886691003844901 0.0018029394207603304 -0.0020171188488679781
leaf_weight=123553 1964 529 820 205 73 4334 6039 603 1494 103979 83 7532 75 1470 307 1005 884 69 50 412 140 2414 100 3233 207 55 127 114 193 1735
leaf_count=123553 1964 529 820 205 73 4334 6039 603 1494 103979 83 7532 75 1470 307 1005 884 69 50 412 140 2414 100 3233 207 55 127 114 193 1735
internal_value=7.15326e-05 0.000209099 0.000185963 0.000960402 0.000139806 0.00179827 0.000890239 -0.000269943 0.000174673 8.60199e-05 0.000558553 0.000940162 0.00206637 -0.000641742 0.00386242 0.000373738 0.000280649 -0.00557292 -0.00936975 0.00297376 0.000778986 -0.000437392 1.70341e-05 0.00115478 0.00135127 -0.000774907 -0.000951035 0.00296681 0.00112922 -0.0020242
internal_weight=263798 140245 138281 7778 130503 4863 8728 2482 2290 121775 17796 13503 4987 4293 1679 2475 8516 192 119 1372 552 2915 7632 3308 6246 2710 2655 241 1687 1818
internal_count=263798 140245 138281 7778 130503 4863 8728 2482 2290 121775 17796 13503 4987 4293 1679 2475 8516 192 119 1372 552 2915 7632 3308 6246 2710 2655 241 1687 1818
is_linear=0
shrinkage=0.05


Tree=150
num_leaves=31
num_cat=0
split_feature=28 29 29 19 27 4 2 29 16 23 28 4 9 29 15 27 5 27 15 11 2 13 16 4 19 27 15 6 5 28
split_gain=2.27762 2.35259 2.56402 2.4191 2.08703 2.29901 2.88704 2.62836 2.26275 2.02922 1.91321 2.42825 2.04305 1.89226 1.67598 1.67064 1.65313 1.64936 1.59956 1.58205 1.96268 1.57217 3.20957 2.26877 2.19273 2.0002 1.75037 1.53598 1.52612 3.02633
threshold=28.500000000000004 -1.5596558316951226 3.7506147206528282 59.99486014821899 1.0000000180025095e-35 -0.4702168439600225 -1.2793093783136558 -0.066391480319114252 1.316230349320306 2.5000000000000004 30.500000000000004 -0.050854599000037394 0.63555929982221682 2.1505055889027402 20.500000000000004 4.5000000000000009 0.7791949656539513 46.500000000000007 13.500000000000002 0.029282661969955132 -0.02910994880725061 0.47074946832169778 1.4535229010927175 -0.4931170701548131 22.949364118069074 9.5000000000000018 7.5000000000000009 0.1078551959075424 1.1879734282520555 30.500000000000004
decision_type=2 2 2 2 2 2 2 2 2 2 2 2 2 2 2 2 2 2 2 2 2 2 2 2 2 2 2 2 2 2
left_child=17 9 3 4 -3 21 10 -8 28 14 -7 12 -12 27 18 16 -11 -1 -2 20 -18 23 24 25 -23 -6 -27 -5 -9 -30
right_child=1 2 -4 13 5 6 7 8 -10 15 11 -13 -14 -15 -16 -17 19 -19 -20 -21 -22 22 -24 -25 -26 26 -28 -29 29 -31
leaf_value=3.038824195548437e-05 0.007140509411310194 0.0024645819316169784 0.0016435335733832647 -0.0015535217709696837 2.5095999805031774e-05 -0.029877368955862457 0.00045320344290334199 0.00057976224381902535 0.0020271956898068248 0.0080195355936981145 -0.00083612190902056119 -0.028406588719950655 0.0016645509852513203 -0.029445778991048745 0.015030827064781108 0.0054408463227652738 0.011365379433942016 0.0041889603938855572 -0.013046043484148477 -0.0073487856982551343 -0.034659909643268649 -0.11361892823272335 -0.0013376923496655471 -0.0050964692333172468 -0.0038629711984141894 -0.00072504843838365495 -0.069222178421593866 0.00066912379499083259 -0.068736659908341435 -0.0095930947691824486
leaf_weight=249143 782 151 992 342 1375 95 3447 66 96 96 130 68 53 140 63 300 108 217 96 738 52 80 551 71 109 52 57 4116 58 136
leaf_count=249143 782 151 992 342 1375 95 3447 66 96 96 130 68 53 140 63 300 108 217 96 738 52 80 551 71 109 52 57 4116 58 136
internal_value=7.90437e-05 0.000690014 0.000416496 0.000200572 -0.000413191 -0.000549348 0.00015305 0.000550881 -0.00353933 0.00218121 -0.00421965 -0.00193227 0.00106557 0.00108091 0.00394793 0.000896446 -9.05427e-05 4.37125e-05 0.00338269 -0.000757238 0.00375 -0.00181917 -0.00371622 -0.000916398 -0.00933862 -0.000498652 -0.00701835 0.00126066 -0.00596154 -0.00819588
internal_weight=263780 14420 12185 11193 6595 6444 4149 3803 356 2235 346 251 183 4598 941 1294 994 249360 878 898 160 2295 740 1555 189 1484 109 4458 260 194
internal_count=263780 14420 12185 11193 6595 6444 4149 3803 356 2235 346 251 183 4598 941 1294 994 249360 878 898 160 2295 740 1555 189 1484 109 4458 260 194
is_linear=0
shrinkage=0.05


Tree=151
num_leaves=31
num_cat=0
split_feature=13 17 18 16 0 24 24 24 24 21 21 7 0 0 4 16 16 18 12 5 23 15 6 7 7 0 24 13 16 4
split_gain=2.41436 2.39961 2.83832 3.30564 2.76077 2.96283 10.0666 2.90607 2.7029 3.01325 2.49377 2.32207 2.20282 2.18512 2.21155 2.15607 2.15084 2.09098 2.0182 2.39909 1.79656 1.83464 1.77474 1.9018 1.94957 1.8663 2.34452 1.76619 1.71272 1.68614
threshold=7.7110302438202263 8.5000000000000018 5.5301261445485546 0.074602673179880633 4.6302655068254284 2.5000000000000004 6.5000000000000009 14.500000000000002 15.500000000000002 32.500000000000007 39.500000000000007 0.39966322770451418 4.4236054436470065 4.5311910660572687 -0.033645560161340383 3.7482156010591576 0.39080713210172197 18.654576501014109 0.65273463215482574 1.8464518028468426 1.0000000180025095e-35 17.500000000000004 0.8454790669376645 0.39451811510703 0.47562521100911209 4.5402900480898207 3.5000000000000004 0.68916910016066002 1.0525016680048993 -0.014145735271747261
decision_type=2 2 2 2 2 2 2 2 2 2 2 2 2 2 2 2 2 2 2 2 2 2 2 2 2 2 2 2 2 2
left_child=1 -1 3 -3 5 13 22 10 9 27 -8 -12 -5 14 16 -6 -4 -10 19 -19 21 -20 23 -7 -25 26 -26 -9 29 -14
right_child=-2 2 4 12 15 6 7 8 17 -11 11 -13 28 -15 -16 -17 -18 18 20 -21 -22 -23 -24 24 25 -27 -28 -29 -30 -31
leaf_value=-7.3269215483891904e-06 0.001250451178155902 0.012157897713150271 -0.0047224463464385557 -0.0082941365417965023 0.00091135598254075034 0.0025161030468018159 0.0034304496831622008 -0.0046213699441484887 -0.00093625802317665648 -0.012688585920568526 0.0043004826521182348 -0.0075347585673397168 0.0028416749815251669 0.0041004294465663083 0.0092433857330824314 -0.0015064594535941955 0.0011277785067070609 0.00055334300611328423 -0.0012223844797918174 0.003719278636729214 -0.00018722986855750589 -0.010327778833456187 -0.0022148796281706547 -0.020516024184048992 -0.022498711237782784 -0.0051463211484896014 -0.012697423076258908 0.0023285472851966075 0.0002286321151748322 0.00085344037736714167
leaf_weight=246108 868 151 94 121 3263 52 1804 151 2700 60 60 196 612 344 87 336 378 2514 157 382 1368 51 161 133 74 175 237 76 947 527
leaf_count=246108 868 151 94 121 3263 52 1804 151 2700 60 60 196 612 344 87 336 378 2514 157 382 1368 51 161 133 74 175 237 76 947 527
internal_value=4.01426e-05 3.14643e-05 0.000602232 0.00221374 0.000346395 -3.90966e-05 -0.000278716 0.000182268 -0.000276846 -0.00503484 0.00184466 -0.00277344 0.00172406 0.00270764 0.000778176 0.00155182 -0.000572033 -8.64467e-05 0.000576924 0.0013605 -0.000862944 -0.00519231 -0.00555288 -0.00668405 -0.00745557 -0.00598765 -0.0083119 -0.00240088 0.00210451 0.00341089
internal_weight=264187 263319 17211 2358 14853 11254 10351 9519 7459 287 2060 256 2207 903 559 3599 472 7172 4472 2896 1576 208 832 671 619 486 311 227 2086 1139
internal_count=264187 263319 17211 2358 14853 11254 10351 9519 7459 287 2060 256 2207 903 559 3599 472 7172 4472 2896 1576 208 832 671 619 486 311 227 2086 1139
is_linear=0
shrinkage=0.05


Tree=152
num_leaves=31
num_cat=0
split_feature=29 5 29 13 29 17 7 22 7 8 18 24 27 17 5 5 23 12 11 24 21 24 10 12 4 27 20 29 19 27
split_gain=4.1993 1.63413 2.58376 3.23094 2.43261 2.3007 2.82473 3.24892 1.98312 1.83866 1.79378 1.67336 1.63885 2.49587 1.60882 1.96411 2.01413 2.04281 1.92611 2.59324 2.2812 2.25612 1.78733 3.66016 2.26689 1.77449 1.73703 1.89847 4.46042 1.73641
threshold=4.1337886697869566 0.35964551885601487 -0.097839817786546074 0.25715276270526682 -0.063050411244714041 4.5000000000000009 0.41286470972901129 24.500000000000004 0.38700857388545812 0.67670646174758464 6.3629099779192284 11.500000000000002 20.500000000000004 5.5000000000000009 1.8464518028468426 1.9445920004237425 1.5000000000000002 8.0395037546596537 0.25441028021184392 12.500000000000002 34.500000000000007 26.500000000000004 0.95000000000000007 0.13848893605807461 0.060636400820476825 14.500000000000002 0.81136725302130219 -2.3675210365522781 53.611617177332597 2.5000000000000004
decision_type=2 2 2 2 2 2 2 2 2 2 2 2 2 2 2 2 2 2 2 2 2 2 2 2 2 2 2 2 2 2
left_child=1 2 3 12 -4 8 7 -7 -6 -5 -10 -12 13 -1 -3 18 22 26 21 29 -21 -16 23 -17 -25 -19 27 28 -18 -20
right_child=-2 14 4 9 5 6 -8 -9 10 -11 11 -13 -14 -15 15 16 17 25 19 20 -22 -23 -24 24 -26 -27 -28 -29 -30 -31
leaf_value=0.0012719611666273467 0.00080774322861121772 -3.2319726467992608e-05 0.010560031287986327 -0.0031479666706526058 0.00035168331620074743 -0.001685738284429764 -0.006669181972018704 0.0079266902684853729 0.005827692311953632 -0.0090240983055001021 0.0047752094631045442 -0.0064665566139799641 -0.0089184295025447058 0.0045431101551736824 0.0010057377297177708 0.00086200463566631135 0.0055916546031984961 2.6613806195919042e-05 0.014969353882070725 -1.7518596414826804e-05 -0.0035149909570465643 0.0020976815373181844 -0.00013704535615928403 -0.0026722915314865729 -0.030828957512596608 0.0031716998924312409 -0.00060696772849781625 0.00028841175413717304 -0.031362571244497116 0.0019877906052168468
leaf_weight=277 7108 215464 124 420 574 266 65 82 842 50 50 88 88 126 1651 147 365 164 73 1091 223 419 9393 61 91 192 2083 21408 543 506
leaf_count=277 7108 215464 124 420 574 266 65 82 842 50 50 88 88 126 1651 147 365 164 73 1091 223 419 9393 61 91 192 2083 21408 543 506
internal_value=5.60919e-05 2.29255e-05 0.001173 -0.000972944 0.00215925 0.00173106 -0.00158596 0.00020115 0.00261261 -0.00393617 0.00397959 -0.00130435 0.00186354 0.0032134 9.0996e-06 0.000307212 0.000185938 0.000425167 0.00136134 0.000208664 -0.00101979 0.00241546 -0.000425092 -0.00423077 -0.00967105 0.00418539 0.000370303 0.000499194 -0.00174009 0.00299655
internal_weight=264034 256926 3052 961 2091 1967 413 348 1554 470 980 138 491 403 253874 38410 34447 24755 3963 1893 1314 2070 9692 299 152 356 24399 22316 908 579
internal_count=264034 256926 3052 961 2091 1967 413 348 1554 470 980 138 491 403 253874 38410 34447 24755 3963 1893 1314 2070 9692 299 152 356 24399 22316 908 579
is_linear=0
shrinkage=0.05


Tree=153
num_leaves=31
num_cat=0
split_feature=29 0 1 20 7 5 14 27 11 2 2 0 7 4 24 24 21 4 24 28 21 24 0 21 29 0 5 0 24 14
split_gain=2.73038 1.84567 2.13808 2.10987 2.24105 2.00997 2.51194 2.34852 1.77082 1.72462 1.88793 1.72949 1.57392 1.48712 4.18698 2.3892 2.45722 2.61295 3.68348 1.47906 3.60002 2.94241 2.77805 2.4654 4.18245 2.91899 2.81017 2.49835 2.75002 2.48218
threshold=4.1337886697869566 4.9386601029930661 269.00000000000006 0.70786665939843174 0.66221672086324612 1.630474832658535 5.1890257250113203 31.500000000000004 0.40578042996502595 -1.4179801864013173 -1.1401100374850313 4.6426673853605518 1.0589556470193893 0.0240666179738813 2.5000000000000004 6.5000000000000009 36.500000000000007 -0.51527502160955929 14.500000000000002 28.500000000000004 30.500000000000004 8.5000000000000018 4.5208249664032918 33.500000000000007 -1.1313414534795427 5.0376407589987657 1.343568312283745 4.3036100609115797 19.500000000000004 1.3173073788978713
decision_type=2 2 2 2 2 2 2 2 2 2 2 2 2 2 2 2 2 2 2 2 2 2 2 2 2 2 2 2 2 2
left_child=19 2 5 4 -3 6 12 13 -5 11 -11 -8 -2 15 -15 -7 17 18 -17 -1 21 22 -21 26 25 -25 -22 28 -26 -27
right_child=1 3 -4 8 -6 7 9 -9 -10 10 -12 -13 -14 14 -16 16 -18 -19 -20 20 23 -23 -24 24 27 29 -28 -29 -30 -31
leaf_value=1.0206483319042205e-05 0.00039472780694051548 0.0004587923641604008 0.0030243404543538275 0.001617902303233106 -0.043162497348320158 0.003347872575627419 -0.11535528042587849 -0.017544220968434131 2.3242991667190769e-05 0.0027381832238008112 -0.05609439736526764 -0.00968477414946824 -0.0063489993559475589 0.002846389508778384 -0.021519643179416952 0.011183549008204854 0.0039008544569297541 -0.086821429814071913 -0.0039785965236365517 -0.0024959501799539014 0.00044320562208919603 -0.00017538651118581168 0.0074778888372802462 0.0034165644062394427 -0.021485158353437575 -0.047924820707320993 -0.006411237782667438 0.00016101007152116351 0.00038017822508658642 0.0032977149003749866
leaf_weight=242973 2576 620 342 1124 52 591 50 73 299 146 72 199 216 127 67 239 110 91 105 51 1693 251 408 1609 66 148 1643 7424 80 124
leaf_count=242973 2576 620 342 1124 52 591 50 73 299 146 72 199 216 127 67 239 110 91 105 51 1693 251 408 1609 66 148 1643 7424 80 124
internal_value=6.59606e-05 0.00103324 0.000511591 0.00227924 -2.97613e-05 0.000231661 -0.000449524 0.00181397 0.00336964 -0.00384368 -0.00059633 -0.00668675 0.000118195 0.00229323 -0.00175258 0.00298416 0.000596331 -0.00109195 0.000901163 3.91865e-05 0.000548641 0.00401409 0.00639434 0.000356222 0.000768702 0.00287879 -0.00081235 0.000244386 -0.00623288 -0.00191176
internal_weight=263569 7099 5004 2095 672 4662 3259 1403 1423 467 218 249 2792 1330 194 1136 545 435 344 256470 13497 710 459 12787 9451 1881 3336 7570 146 272
internal_count=263569 7099 5004 2095 672 4662 3259 1403 1423 467 218 249 2792 1330 194 1136 545 435 344 256470 13497 710 459 12787 9451 1881 3336 7570 146 272
is_linear=0
shrinkage=0.05


Tree=154
num_leaves=31
num_cat=0
split_feature=29 4 24 24 24 21 3 17 23 21 3 17 0 19 12 0 5 27 12 29 28 27 27 4 5 4 0 27 27 3
split_gain=2.99333 2.17168 2.44789 3.89661 4.75364 3.82716 3.6792 3.2102 3.29321 2.92322 2.54566 2.45969 2.39559 2.34826 2.1334 2.10502 1.98804 1.95167 1.91847 1.91449 1.88775 3.15555 4.01336 3.14577 1.80112 1.84965 1.91087 1.78101 1.89147 1.72014
threshold=2.8408173346488366 0.015261923683561348 4.5000000000000009 6.5000000000000009 9.5000000000000018 33.500000000000007 -0.86139363135592462 6.5000000000000009 1.0000000180025095e-35 55.500000000000007 -0.69146891765641738 3.5000000000000004 4.6916983434607848 19.130718000470363 1.5124841460464775 4.9435104813910415 2.8531236761025296 30.500000000000004 0.11177868358109715 4.1337886697869566 27.500000000000004 6.5000000000000009 17.500000000000004 -0.53144464011021608 0.51645642043789863 -0.30102930505198938 4.8576412516912386 27.500000000000004 6.5000000000000009 -1.0841491704791257
decision_type=2 2 2 2 2 2 2 2 2 2 2 2 2 2 2 2 2 2 2 2 2 2 2 2 2 2 2 2 2 2
left_child=-1 2 6 5 7 24 -2 8 10 14 -5 -6 -7 -3 -8 -12 19 20 -13 -15 21 29 -23 -22 -4 27 -27 28 -26 -10
right_child=1 13 3 4 11 12 9 -9 17 -11 15 18 -14 16 -16 -17 -18 -19 -20 -21 23 22 -24 -25 25 26 -28 -29 -30 -31
leaf_value=-5.3119040928331161e-06 -0.0037901530760530103 -0.017232963734413787 -0.014304570652749208 -0.029965074580384499 -0.031103387117059473 -0.01172273128905198 -2.0148191251934161e-05 0.0055314707646477073 -0.12382785387619943 0.0064379486808246377 -0.20703659324348617 -5.7006221765195687e-05 0.00052714072728997114 -0.032533034484227605 0.0030449167275184135 -0.046991699521900215 0.0010159043622551005 0.011215104210241612 0.0017759106314880627 -8.7591039421540717e-06 0.016533730833102282 0.0089672828603764836 -0.022975910749750784 -0.043658070615694891 0.0085652539215988668 -0.00010212763025927535 0.0033339908656481914 0.0036515474676757885 -1.816486989967451e-06 -0.039469632491229069
leaf_weight=253874 613 95 50 78 102 93 1438 242 58 55 50 603 298 173 157 53 689 107 2153 226 127 93 590 123 295 68 400 506 447 201
leaf_count=253874 613 95 50 78 102 93 1438 242 58 55 50 603 298 173 157 53 689 107 2153 226 127 93 590 123 295 68 400 506 447 201
internal_value=2.80438e-05 0.000868605 0.00113333 0.00161125 0.000786027 0.00336347 -0.000289438 -0.0012892 -0.00216216 0.000939395 -0.00848066 0.00203639 -0.00111253 -0.00114539 0.00054859 -0.0136408 -0.000487132 -0.00128175 0.00231858 -0.00329574 -0.00186242 -0.00288747 -0.00110542 0.002 0.00435447 0.00462704 0.00730769 0.0036218 0.002062 -0.00758687
internal_weight=264057 10183 9000 6737 4580 2157 2263 1722 1480 1650 181 2858 391 1183 1595 103 1088 1299 2756 399 1192 942 683 250 1766 1716 468 1248 742 259
internal_count=264057 10183 9000 6737 4580 2157 2263 1722 1480 1650 181 2858 391 1183 1595 103 1088 1299 2756 399 1192 942 683 250 1766 1716 468 1248 742 259
is_linear=0
shrinkage=0.05


Tree=155
num_leaves=31
num_cat=0
split_feature=28 21 21 21 16 25 18 11 2 12 12 21 13 27 27 13 27 20 3 3 27 13 28 10 23 5 16 16 9 19
split_gain=3.52439 3.08706 2.64998 2.81037 2.09322 2.438 1.72186 1.86692 2.06573 1.92687 2.48763 1.71073 2.76008 2.6492 2.25961 2.40215 2.09232 1.94588 2.08089 3.6546 2.31211 1.92238 2.11684 2.769 2.23318 2.43788 2.54441 3.19116 2.38669 2.37673
threshold=28.500000000000004 30.500000000000004 33.500000000000007 37.500000000000007 1.180895197251709 1.0000000180025095e-35 20.936565974487191 0.19034427810396096 -1.8749923332131402 0.066669612194819441 0.17822859839754898 34.500000000000007 1.7611445145961853 33.500000000000007 30.500000000000004 0.85984188221753721 29.500000000000004 0.71152972300205597 0.004111449187599845 0.17366963873331212 31.500000000000004 0.29291392018277806 24.500000000000004 0.18333333333333338 5.5000000000000009 0.38833895030583537 0.78051517059538711 0.59138538078949954 0.60128350235853867 4.2761266608149802
decision_type=2 2 2 2 2 2 2 2 2 2 2 2 2 2 2 2 2 2 2 2 2 2 2 2 2 2 2 2 2 2
left_child=11 -2 6 -4 -5 -6 -3 9 -9 -8 -11 13 16 14 15 21 -13 18 -16 20 -20 -1 23 24 -23 -26 27 28 29 -27
right_child=1 2 3 4 5 -7 7 8 -10 10 -12 12 -14 -15 17 -17 -18 -19 19 -21 -22 22 -24 -25 25 26 -28 -29 -30 -31
leaf_value=7.6278059190658739e-05 0.0043418150091790409 0.00028474143020176676 0.00089687290903338974 -0.00022555548380059827 0.0010469530812262221 -0.00045390079507466103 -0.067588344040110368 -0.04451681400099515 -6.3073593800304389e-05 0.004141305205963763 -0.036606158016375581 -0.00033273753564566779 -0.0010358751353451432 0.0025476661781674952 -0.0026750191103185081 0.00033428058610082565 0.00023382078250756247 0.00074488451433569764 -0.010300299740789172 0.0011069074628721209 -0.05648363029831785 0.00038152513245392946 0.0015421998057129852 -0.00057835928417739469 0.0049747053105756176 0.0097367759062955625 0.0017975808277999141 -0.0061968330207410084 0.0017889164045930316 -0.0030544351647744262
leaf_weight=126138 918 2081 3926 3212 2105 782 69 94 879 95 206 15005 3099 270 1580 37671 7637 784 67 76 71 19951 2220 32302 264 66 583 397 509 1262
leaf_count=126138 918 2081 3926 3212 2105 782 69 94 879 95 206 15005 3099 270 1580 37671 7637 784 67 76 71 19951 2220 32302 264 66 583 397 509 1262
internal_value=4.96943e-05 0.000811235 0.000619749 0.00102993 0.000358256 0.0013353 -0.000581191 -0.00197692 -0.000827338 -0.005 -0.00327242 5.92173e-06 -0.000380132 5.02434e-05 4.42757e-05 6.14156e-05 -0.000188587 -0.00142746 -0.00233556 -0.00696262 -0.0118116 -1.31736e-05 -0.000252632 -0.000313369 0.000105506 -0.00114735 -0.00157792 -0.00234557 -0.00146707 -0.00258283
internal_weight=264319 14367 13449 10025 6099 2887 3424 1343 973 370 301 249952 25741 224211 223941 221363 22642 2578 1794 214 138 183692 57554 55334 23032 3081 2817 2234 1837 1328
internal_count=264319 14367 13449 10025 6099 2887 3424 1343 973 370 301 249952 25741 224211 223941 221363 22642 2578 1794 214 138 183692 57554 55334 23032 3081 2817 2234 1837 1328
is_linear=0
shrinkage=0.05


Tree=156
num_leaves=31
num_cat=0
split_feature=29 29 20 24 24 29 29 17 20 12 4 28 0 0 7 28 5 0 5 24 4 29 24 0 21 0 17 24 24 24
split_gain=3.43765 2.57433 3.53327 4.57271 13.2931 7.14067 5.91307 5.19293 4.52376 3.71119 3.66878 3.63018 3.38419 3.34306 3.26703 3.1285 2.67474 3.43186 3.50387 3.32281 2.6333 2.51655 2.41506 2.34415 2.34028 5.47733 3.81194 4.06175 5.39032 5.55914
threshold=4.1337886697869566 -0.98629016210140319 0.70759620634253517 11.500000000000002 8.5000000000000018 -3.1903952382278615 -1.9534123769382994 4.5000000000000009 0.70723773393373945 0.14640145376289973 -0.13081917134225238 1.0000000180025095e-35 4.6676560430519158 4.7985492905656644 0.72920380333587043 28.500000000000004 1.2080310487157713 4.953885222277969 0.43652824427803755 14.500000000000002 -0.070762425413367039 -1.3267258088422953 21.500000000000004 5.217701139306512 33.500000000000007 5.1286703667030071 8.5000000000000018 18.500000000000004 9.5000000000000018 14.500000000000002
decision_type=2 2 2 2 2 2 2 2 2 2 2 2 2 2 2 2 2 2 2 2 2 2 2 2 2 2 2 2 2 2
left_child=1 2 3 4 -1 13 22 9 21 15 -8 -4 -11 14 -6 -7 17 18 -13 -18 -21 -9 -5 -12 -3 26 27 28 -26 -30
right_child=-2 24 11 6 5 7 10 8 -10 12 23 16 -14 -15 -16 -17 19 -19 -20 20 -22 -23 -24 -25 25 -27 -28 -29 29 -31
leaf_value=0.0015863263935902577 0.0007744744219635195 1.371083368267123e-05 -0.012644880454894467 0.0028568653715222562 -0.072278807803435999 -0.038849745627125572 0.00014001544066070883 -0.0084871248851886762 -0.028818989030433263 -0.072582790656496893 0.002833229984119637 -0.007567839705020063 -0.0021459212597694731 0.027168887300761557 -0.044327135281548989 0.0025974301586192045 -0.001349326985666767 0.0028858510578115585 0.0016889447404125413 0.0017002702585006146 -0.0019095770089594954 0.0080492917093815623 0.003594040024271274 -0.0015825425607547822 -0.0014709130832446316 0.00042507620794771854 0.00046382440307220387 -0.00072289025651376293 0.0019248792997739635 -0.00028605610424909512
leaf_weight=5598 7148 195739 329 1143 100 337 11837 1749 96 118 332 66 555 62 753 72 2760 1418 3181 689 115 517 591 101 4358 4062 2989 11139 3116 3162
leaf_count=5598 7148 195739 329 1143 100 337 11837 1749 96 118 332 66 555 62 753 72 2760 1418 3181 689 115 517 591 101 4358 4062 2989 11139 3116 3162
internal_value=4.7421e-05 1.7349e-05 0.000433132 0.000121657 -0.000697499 -0.00276784 0.000704085 -0.00172474 -0.000410668 -0.00459335 0.000317849 0.00130521 -0.00231055 -0.00669399 -0.00750879 -0.00834963 0.00151112 0.00229904 0.00140283 0.000479799 0.00330846 3.97182e-05 0.00343714 0.00483834 -4.286e-05 -0.00046347 -0.00074261 -0.000972445 -0.000273599 0.000664225
internal_weight=264232 257084 32519 23961 9957 4359 14004 3444 2362 1082 12270 8558 673 915 853 409 8229 4665 3247 3564 804 2266 1734 433 224565 28826 24764 21775 10636 6278
internal_count=264232 257084 32519 23961 9957 4359 14004 3444 2362 1082 12270 8558 673 915 853 409 8229 4665 3247 3564 804 2266 1734 433 224565 28826 24764 21775 10636 6278
is_linear=0
shrinkage=0.05


Tree=157
num_leaves=31
num_cat=0
split_feature=29 24 9 0 5 28 1 16 13 29 19 20 28 29 4 1 21 29 24 24 24 29 4 0 29 29 28 24 6 4
split_gain=2.78484 2.50882 3.55249 2.55919 2.29782 2.6013 2.59717 2.76236 2.39961 2.18584 1.89069 3.77788 2.31239 3.17218 3.07052 2.13303 2.10276 3.73671 8.80231 3.69576 7.29626 4.1439 3.33746 3.22315 2.78856 3.26804 4.1656 3.88002 3.26945 3.13394
threshold=3.7506147206528282 4.5000000000000009 0.46160786607983462 4.4942943846592813 2.3902029425572091 13.500000000000002 261.00000000000006 0.082375315979194383 2.1458219453169609 5.8911258848236683 4.2761266608149802 0.70940201632684652 28.500000000000004 -0.027833274582046184 0.053939843395424299 105.00000000000001 33.500000000000007 -3.1903952382278615 8.5000000000000018 14.500000000000002 10.500000000000002 -2.5608938885402721 -0.16333323227328525 4.8696986285031327 -1.0308775640211452 -0.21038776322965347 19.500000000000004 7.5000000000000009 0.32816553634397277 0.10910669148715564
decision_type=2 2 2 2 2 2 2 2 2 2 2 2 2 2 2 2 2 2 2 2 2 2 2 2 2 2 2 2 2 2
left_child=10 2 4 -3 5 8 7 -7 -2 -5 11 -1 16 -14 -15 -13 17 18 -12 20 24 -21 -23 -20 -18 26 27 28 -26 -29
right_child=1 3 -4 9 -6 6 -8 -9 -10 -11 12 15 13 14 -16 -17 19 -19 23 21 -22 22 -24 -25 25 -27 -28 29 -30 -31
leaf_value=0.00064893049141233924 -0.0016723681408609605 -0.013574873772706811 0.0015273488812330336 0.0017296854642968665 -0.014482561339507745 0.0064812732893862572 0.0063581220019406004 -0.00059809949323192421 -0.0059519454917529302 0.00039843041745498125 0.0034326892477959318 -0.0027966476595045159 0.00050139844944665352 -0.0066189587475029843 -0.05663969128904503 -8.678136013894561e-05 0.00094938271969234275 3.9740041293373637e-05 -0.043585273745537945 0.0060987781215757157 0.0020742758346453259 -0.00079319246127564135 2.6521831026434295e-05 0.023013511878776795 -0.00043332912555718161 0.00027024155021481078 0.00020864134960032416 7.214434515167843e-05 -0.0070312491535809559 -0.046209179203315021
leaf_weight=12754 789 64 465 3691 71 52 66 638 73 2226 886 631 11081 515 75 3306 3149 199442 764 83 3208 10267 4734 70 352 1489 1030 689 878 62
leaf_count=12754 789 64 465 3691 71 52 66 638 73 2226 886 631 11081 515 75 3306 3149 199442 764 83 3208 10267 4734 70 352 1489 1030 689 878 62
internal_value=6.96136e-05 0.000980332 -0.000482822 0.00150727 -0.00154825 -0.00116193 0.000978837 7.24644e-05 -0.00303944 0.00161484 4.06128e-05 0.00055509 4.64934e-06 0.00069103 -0.00288136 -0.000798831 -3.06243e-05 2.40111e-05 -0.00229651 -0.0004543 0.000249149 -0.00096062 -0.00102226 -0.00598321 -0.000590273 -0.00138889 -0.00233643 -0.00367744 -0.0054065 -0.000845539
internal_weight=263600 8135 2154 5981 1689 1618 756 690 862 5917 255465 16691 238774 11671 590 3937 227103 201162 1720 25941 10857 15084 15001 834 7649 4500 3011 1981 1230 751
internal_count=263600 8135 2154 5981 1689 1618 756 690 862 5917 255465 16691 238774 11671 590 3937 227103 201162 1720 25941 10857 15084 15001 834 7649 4500 3011 1981 1230 751
is_linear=0
shrinkage=0.05


Tree=158
num_leaves=31
num_cat=0
split_feature=29 9 29 0 19 28 1 0 23 24 13 5 24 17 23 5 27 0 24 7 19 20 23 23 24 18 29 23 19 5
split_gain=2.99357 1.44574 1.38146 4.17816 3.77493 3.25696 2.66577 3.31916 3.97106 4.82561 2.88747 2.74355 2.3894 2.28076 2.23807 2.26897 2.15945 1.95946 1.81138 1.7761 1.7613 1.75819 1.70178 1.69459 3.56308 3.33653 3.36162 2.96699 2.53155 2.34202
threshold=2.8408173346488366 1.0021672713445475 0.24469882651462146 4.7985492905656644 49.138707003432394 24.500000000000004 165.00000000000003 5.0590719231024197 2.5000000000000004 7.5000000000000009 1.4729746290576966 0.99824353718710557 8.5000000000000018 3.5000000000000004 5.5000000000000009 0.76060303671141982 7.5000000000000009 4.7041876600984978 8.5000000000000018 0.22725211428327399 3.0888116236248222 0.025121025815113076 2.5000000000000004 1.5000000000000002 15.500000000000002 4.9730814939498087 0.46942941679837918 3.5000000000000004 4.4166819120041954 0.5218132257820286
decision_type=2 2 2 2 2 2 2 2 2 2 2 2 2 2 2 2 2 2 2 2 2 2 2 2 2 2 2 2 2 2
left_child=2 -2 -1 4 12 18 7 8 9 -5 -10 13 17 14 15 21 19 -4 -6 -9 -21 -8 -7 24 -15 -26 -27 29 -29 -25
right_child=1 -3 3 6 5 22 11 16 10 -11 -12 -13 -14 23 -16 -17 -18 -19 -20 20 -22 -23 -24 27 25 26 -28 28 -30 -31
leaf_value=6.5265456486624575e-05 0.00065083434309341434 0.0030776886727511533 -0.0029529118115270148 0.0014162434963706999 -0.048025922224882611 0.012675057888966735 0.0078614870867200707 0.0019861325477161613 -0.00557070649141167 -0.053324587020897901 0.0070336008070663522 0.0026887335930036098 -0.037371262341957166 0.0016765825206118486 -0.0047310544460637477 -0.0089039441637911616 0.0022931484123674688 0.013981489290851688 -0.092432383185042932 0.0039841190284655246 -0.00088132384077012349 -0.0011847653707520961 -0.02977190526153714 3.3653441373564519e-05 -0.0010344110791840834 -0.0070245948840559277 0.0020005243671458515 0.0072536741406480408 -0.00024078534356247809 0.0034402370909302152
leaf_weight=210575 10072 90 99 68 195 94 156 1116 290 191 56 763 111 2270 435 52 195 103 97 222 15664 2987 137 2015 2849 292 132 168 8475 3906
leaf_count=210575 10072 90 99 68 195 94 156 1116 290 191 56 763 111 2270 435 52 195 103 97 222 15664 2987 137 2015 2849 292 132 168 8475 3906
internal_value=7.17202e-05 0.000913207 3.8016e-05 -0.000219759 -0.0037201 -0.00631931 -0.000150583 -0.000616222 -0.0042562 -0.00893822 -0.000751444 0.000187756 0.000623004 9.28935e-05 -0.00106061 -0.000602503 -0.000488166 0.00386139 -0.00982877 -0.00054817 -0.00068362 -0.000431116 -0.00188312 0.00030114 -0.0004429 -0.00149862 -0.00563679 0.000584318 -6.36294e-06 0.00144655
internal_weight=263875 10162 253713 43138 836 523 42302 17802 605 259 346 24500 313 23737 3630 3195 17197 202 292 17002 15886 3143 231 20107 5543 3273 424 14564 8643 5921
internal_count=263875 10162 253713 43138 836 523 42302 17802 605 259 346 24500 313 23737 3630 3195 17197 202 292 17002 15886 3143 231 20107 5543 3273 424 14564 8643 5921
is_linear=0
shrinkage=0.05


Tree=159
num_leaves=31
num_cat=0
split_feature=29 6 5 21 13 19 16 27 21 4 13 21 12 21 24 29 1 13 16 22 16 17 16 4 12 19 27 20 13 5
split_gain=2.51453 1.78457 1.55542 1.90392 1.98978 1.36324 2.24429 1.31745 2.45104 1.79676 2.06749 1.66389 1.65102 1.76218 1.72141 1.56212 1.57683 1.54574 2.65682 1.54363 1.49942 1.41511 1.9275 2.25281 2.15047 1.91349 1.53537 1.41372 1.90155 1.86857
threshold=4.1337886697869566 2.6742267498477394 0.59119116799249061 29.500000000000004 0.10315861698874539 41.161199835587631 1.316230349320306 27.500000000000004 33.500000000000007 -0.1793608401508468 3.3823721723844007 34.500000000000007 0.051673844422519523 27.500000000000004 4.5000000000000009 5.2412648361803713 229.00000000000003 0.15875932302668008 1.0653631443542781 2.5000000000000004 1.9530577532893723 4.5000000000000009 1.9193247128032682 -0.39083512000525017 0.33148711215452947 59.187244281006727 28.500000000000004 0.70734206224835539 0.64502757916050302 2.3902029425572091
decision_type=2 2 2 2 2 2 2 2 2 2 2 2 2 2 2 2 2 2 2 2 2 2 2 2 2 2 2 2 2 2
left_child=1 -1 3 -2 -5 -3 -7 8 12 10 21 17 20 14 -14 -13 27 18 -10 -15 -4 -9 23 26 -24 -26 -23 28 29 -17
right_child=2 5 7 4 -6 6 -8 9 11 -11 -12 15 13 19 -16 16 -18 -19 -20 -21 -22 22 24 -25 25 -27 -28 -29 -30 -31
leaf_value=3.6720484657943561e-06 -0.0046303038064571091 0.0022848513431271366 0.00091485418406924205 0.0022984737710009754 -0.001376809482841997 -0.028337052102126659 0.0010374908281040255 0.0044129907026978247 0.0034468140675708485 0.00011289409272504865 -0.0044365818635876573 0.0019544241270998317 -0.014452119099808381 0.003132662128370173 0.0021378392071615179 -0.0012432385742529991 0.0016429610112391729 0.0045374038274196317 -0.019228833528231275 -0.0023018855199207675 0.0074475564095672093 0.0022934522581557278 0.0066492599023670433 0.0021223663257243157 -0.00085389421499170175 0.0073471583441424406 -0.002507894149269935 0.00071517140567156938 -0.0059168490934618 0.0023503780037138406
leaf_weight=255097 103 400 424 125 242 115 1440 278 56 694 90 654 64 152 238 265 216 220 50 1817 64 102 145 107 109 96 311 297 111 66
leaf_count=255097 103 400 424 125 242 115 1440 278 56 694 90 654 64 152 238 265 216 220 50 1817 64 102 145 107 109 96 311 297 111 66
internal_value=4.24768e-05 1.68454e-05 0.00097097 -0.00180851 -0.000122615 0.00152174 0.000852091 0.00116813 0.000715808 0.00226708 0.00340872 0.0020801 -0.000241029 -0.000808013 0.00274834 0.00142014 0.000130891 0.00533742 0.000377359 -0.00135348 0.00239754 0.00398084 0.00298851 0.00105769 0.00585714 0.00256098 -0.000617433 -0.000967523 -0.00276018 -0.000861027
internal_weight=264148 257052 7096 470 367 1955 1555 6626 4694 1932 1238 1935 2759 2271 302 1609 955 326 106 1969 488 1148 870 520 350 205 413 739 442 331
internal_count=264148 257052 7096 470 367 1955 1555 6626 4694 1932 1238 1935 2759 2271 302 1609 955 326 106 1969 488 1148 870 520 350 205 413 739 442 331
is_linear=0
shrinkage=0.05


Tree=160
num_leaves=31
num_cat=0
split_feature=29 0 22 22 5 12 21 12 24 5 9 12 14 24 21 1 24 29 21 1 27 27 21 3 16 19 2 6 2 13
split_gain=1.74634 1.45037 1.47459 1.68684 2.08558 2.31684 1.57104 2.4945 1.5223 3.24006 2.81905 2.67225 2.09294 1.71684 3.04282 2.05644 2.47277 2.38817 2.01261 1.73776 1.99995 2.20106 2.44906 1.47544 2.09498 1.96365 1.90015 1.39637 1.78349 1.38
threshold=2.8408173346488366 4.9435104813910415 32.500000000000007 13.500000000000002 0.60815907576025086 0.40350953892336588 39.500000000000007 0.3884359303357327 4.5000000000000009 2.5131780152855359 0.50670854429977974 0.55605905447213622 3.3815553193664418 5.5000000000000009 35.500000000000007 177.00000000000003 8.5000000000000018 6.8981135525598924 33.500000000000007 153.00000000000003 27.500000000000004 7.5000000000000009 30.500000000000004 -1.1043935387134467 2.2667025232815408 29.050191801619054 -0.46074312852063432 0.32816553634397277 0.93753317022132199 2.777068318338022
decision_type=2 2 2 2 2 2 2 2 2 2 2 2 2 2 2 2 2 2 2 2 2 2 2 2 2 2 2 2 2 2
left_child=29 2 3 6 5 -5 -2 -8 9 11 13 -6 -13 14 19 16 17 -15 -18 -10 21 -21 -23 -4 25 -25 -27 28 -3 -1
right_child=1 27 23 4 8 -7 7 -9 10 -11 -12 12 -14 15 -16 -17 18 -19 -20 20 -22 22 -24 24 -26 26 -28 -29 -30 -31
leaf_value=4.7417480086223255e-05 -0.00063962365878185933 0.00057859059215120212 -0.0464242690613689 0.00035191956089805328 -0.0038053225256923931 -0.013072400955156341 0.0040934445093140683 -0.0029161815393990045 0.0049419965806417367 0.004756632735624408 -0.025276098484929801 0.0039099726177885749 -0.0028072404665570507 0.0044915081784133535 -0.0041197652578371389 0.0030351003284588315 -0.066731244066292203 -0.040365935505321748 0.0017218194999613246 0.012455371377309217 0.0050951950975141229 -0.013164725747365311 0.0025184871597524541 0.0010379810504405071 0.003677394985614028 -0.071759983543244948 -0.0082272991474728868 0.0011547172458231296 -0.031501214048010671 -0.00030034548639569882
leaf_weight=242804 2820 1339 51 123 347 84 157 112 114 143 85 134 81 383 52 1166 142 105 76 61 110 53 71 97 109 80 112 1885 80 11068
leaf_count=242804 2820 1339 51 123 347 84 157 112 114 143 85 134 81 383 52 1166 142 105 76 61 110 53 71 97 109 80 112 1885 80 11068
internal_value=5.85514e-05 0.000700944 0.000286838 0.000480605 0.00126126 -0.00359903 -0.000360958 0.00328996 0.00158341 -0.000460992 0.00217949 -0.00217082 0.0022093 0.00250536 0.00523861 0.00183227 -0.00029745 0.00168033 -0.00472477 0.00668704 0.00466102 0.00148649 -0.00233871 -0.0024833 -0.00145729 -0.00368512 -0.00661458 0.00156174 0.000377027 3.28124e-05
internal_weight=264044 10172 6868 6419 3330 207 3089 269 3123 705 2418 562 215 2333 461 1872 706 488 218 409 295 185 124 449 398 289 192 3304 1419 253872
internal_count=264044 10172 6868 6419 3330 207 3089 269 3123 705 2418 562 215 2333 461 1872 706 488 218 409 295 185 124 449 398 289 192 3304 1419 253872
is_linear=0
shrinkage=0.05


Tree=161
num_leaves=31
num_cat=0
split_feature=29 28 4 5 29 11 14 12 29 6 23 13 18 18 6 28 2 12 19 19 18 18 20 21 14 21 28 21 13 2
split_gain=2.24997 1.82385 1.3761 1.46097 1.61456 1.71104 1.78926 1.42133 1.41414 1.19666 2.05567 2.00064 1.18222 1.84096 1.39073 3.66951 2.30772 1.99907 1.7966 1.37436 2.65343 2.35844 1.8816 1.78557 2.09137 1.53785 1.50729 1.41356 1.40556 1.58315
threshold=2.8408173346488366 27.500000000000004 0.037662519150641761 2.0274090822564257 5.8911258848236683 0.083950696720561976 1.4335310340312846 0.71677649195308335 4.1337886697869566 2.6742267498477394 1.0000000180025095e-35 2.9853825634157407 3.0514316619320252 3.3690800644701731 0.29740825722078224 24.500000000000004 1.8234617698618236 0.096619454592744805 17.271031546443897 47.322143331148027 11.664501020531697 12.328031187125188 0.73213851691960474 37.500000000000007 1.3913533153448374 31.500000000000004 14.500000000000002 28.500000000000004 1.9767836685517983 -2.2061208945628308
decision_type=2 2 2 2 2 2 2 2 2 2 2 2 2 2 2 2 2 2 2 2 2 2 2 2 2 2 2 2 2 2
left_child=9 12 3 4 5 6 8 -5 -3 -1 11 -11 -2 -14 15 16 18 -17 -15 20 22 -22 23 25 -25 27 -27 -16 -21 -30
right_child=1 2 -4 7 -6 -7 -8 -9 -10 10 -12 -13 13 14 19 17 -18 -19 -20 28 21 -23 -24 24 -26 26 -28 -29 29 -31
leaf_value=2.6112185099930616e-06 0.0014458322303491839 -0.023957873322762224 -0.013528093187146399 0.0038213387533003063 -0.00075870871740672764 0.0036862991636757627 0.0035600772132636793 -5.8521631323542127e-05 0.001804381943488473 -0.005258323658034224 0.0012078273746663106 0.0016519612352234984 -0.0065666809407696584 -0.0023280374936977604 0.0025030019997908299 -0.0057438459152546707 -0.034225759054115922 -0.040498682238795221 0.00037225726780334674 0.0012604053115825202 -0.017059442574646016 -0.0011981061389297835 0.0027124195121436719 0.00032908538268358698 -0.04827470764961362 0.0031732726801340333 -0.002666067878336939 -0.0041758996411603638 0.0060693934199091649 -0.0023074525796056718
leaf_weight=251624 945 60 137 266 387 616 65 70 66 171 1630 99 57 50 53 88 56 139 1538 3453 70 679 290 50 68 185 51 193 64 532
leaf_count=251624 945 60 137 266 387 616 65 70 66 171 1630 99 57 50 53 88 56 139 1538 3453 70 679 290 50 68 185 51 193 64 532
internal_value=4.23889e-05 0.000769457 0.00228254 0.00271242 0.0018928 0.00316605 -0.000968586 0.005625 -0.00444444 1.30566e-05 0.00126316 -0.00277778 0.000474828 0.000267858 0.000335362 -0.00084714 -2.43303e-05 -0.00680617 0.000327457 0.000724333 -0.000497254 -0.00269025 0.00134832 -0.000249999 -0.00576271 0.00109959 0.00398305 -0.00166667 0.00121882 -0.00102349
internal_weight=263752 10228 1667 1530 1194 807 191 336 126 253524 1900 270 8561 7616 7559 1871 1644 227 1588 5688 1639 749 890 600 118 482 236 246 4049 596
internal_count=263752 10228 1667 1530 1194 807 191 336 126 253524 1900 270 8561 7616 7559 1871 1644 227 1588 5688 1639 749 890 600 118 482 236 246 4049 596
is_linear=0
shrinkage=0.05


Tree=162
num_leaves=31
num_cat=0
split_feature=29 6 24 3 24 17 12 24 17 27 27 24 17 18 14 21 21 27 4 27 21 27 4 5 11 11 2 17 27 24
split_gain=2.95972 2.60641 1.84226 5.50027 3.14564 4.23775 3.6858 3.03666 2.90734 3.05868 3.23905 2.46544 2.45522 2.35401 2.21802 2.17199 2.02079 2.50939 1.95293 1.86112 2.55077 2.42156 2.21662 1.9204 1.88045 2.78907 1.99135 1.82189 4.1667 2.91882
threshold=2.8408173346488366 2.6742267498477394 4.5000000000000009 -0.69146891765641738 2.5000000000000004 8.5000000000000018 0.11908961571246528 5.5000000000000009 5.5000000000000009 19.500000000000004 23.500000000000004 3.5000000000000004 3.5000000000000004 17.371167667115831 2.1979135166804951 33.500000000000007 35.500000000000007 18.500000000000004 -0.38568843879292997 26.500000000000004 29.500000000000004 4.5000000000000009 -0.28343323907410845 2.6590401044876883 0.2394300125026381 0.46921417063070087 -0.36768121067505771 8.5000000000000018 12.500000000000002 9.5000000000000018
decision_type=2 2 2 2 2 2 2 2 2 2 2 2 2 2 2 2 2 2 2 2 2 2 2 2 2 2 2 2 2 2
left_child=1 27 3 11 8 14 -7 12 9 -5 -11 18 -4 -8 -6 -10 17 -13 -2 21 -21 -14 24 -22 26 -26 -23 -1 29 -29
right_child=2 -3 7 4 5 6 13 -9 15 10 -12 16 19 -15 -16 -17 -18 -19 -20 20 23 22 -24 -25 25 -27 -28 28 -30 -31
leaf_value=-3.5578213595698492e-05 -0.0011980542119317131 0.0011132069203723767 0.0044439381173660688 0.0017662565301524661 0.00090477909369023719 0.0029542872039375564 -0.01649888368050877 0.00072958310975907554 0.0013346233759619639 -0.02984567302029589 -0.00062967430500296797 -0.067979059298003255 0.0058985687168949886 -0.034794293819025816 -0.0027730833189198107 0.0032500054303173371 -0.0024874914977212519 -0.10238275560937123 -0.008250813477665481 -0.0013488051613815167 0.0036329064743207749 0.0029240446951818684 0.0015665106474093593 -0.00040075215449933112 -0.064241939761729511 -0.0015525417590476287 -0.0015556038693097061 -4.8707477780939913e-05 -4.3847823956708325e-05 0.0018624075240874516
leaf_weight=235796 739 1925 135 155 313 50 64 6179 578 50 82 60 226 51 92 270 51 50 72 89 308 80 199 67 76 104 63 1515 10876 3410
leaf_count=235796 739 1925 135 155 313 50 64 6179 578 50 82 60 226 51 92 270 51 50 72 89 308 80 199 67 76 104 63 1515 10876 3410
internal_value=3.19468e-05 -1.65606e-06 0.000866902 -0.000259618 0.00145161 -0.00157895 -0.00833333 0.00126761 0.00297357 -0.00137631 -0.0069697 -0.00326132 0.00341871 -0.0132609 0.00117284 0.00444576 -0.00891304 -0.0127273 -0.00213933 0.00270627 0.00519397 0.0011631 -0.000708812 0.007 -0.00326625 -0.00666667 0.00101399 -1.56792e-05 0.000504083 0.00171066
internal_weight=263725 253522 10203 2677 1705 570 165 7526 1135 287 132 972 1347 115 405 848 161 110 811 1212 464 748 522 375 323 180 143 251597 15801 4925
internal_count=263725 253522 10203 2677 1705 570 165 7526 1135 287 132 972 1347 115 405 848 161 110 811 1212 464 748 522 375 323 180 143 251597 15801 4925
is_linear=0
shrinkage=0.05


Tree=163
num_leaves=31
num_cat=0
split_feature=29 9 2 2 6 27 20 29 28 29 24 24 12 5 24 28 27 0 21 0 5 21 29 20 6 26 18 21 18 19
split_gain=2.11864 1.8607 2.09337 2.25564 1.67569 2.71927 3.13558 2.54247 2.17189 2.05455 1.68927 1.57727 1.53833 1.50854 1.80386 2.66584 5.37276 4.58025 4.63738 6.8991 4.47145 3.31526 3.28218 3.27587 3.59257 3.11009 3.06038 2.94226 2.84358 2.81807
threshold=2.8408173346488366 0.84916852147817357 -0.78075126073626044 -1.2538136050197781 0.60678906894102413 26.500000000000004 0.71712902252051836 -0.47967793934772801 11.500000000000002 -0.19811758492869305 26.500000000000004 8.5000000000000018 0.68456801204181628 1.7962374405998924 27.500000000000004 11.500000000000002 2.5000000000000004 4.5649191543146843 32.500000000000007 5.0195808124667609 0.82076849548864261 32.500000000000007 0.12233327623614838 0.84247624802388754 0.063193627739669814 1.0000000180025095e-35 39.41889611950149 34.500000000000007 1.4887696960900234 39.717397654028026
decision_type=2 2 2 2 2 2 2 2 2 2 2 2 2 2 2 2 2 2 2 2 2 2 2 2 2 2 2 2 2 2
left_child=1 13 3 -3 7 6 12 8 -4 11 -10 -9 -6 14 -1 21 -17 20 19 -19 -18 22 23 24 -16 -26 -20 -23 -24 -27
right_child=-2 2 4 -5 5 -7 -8 9 10 -11 -12 -13 -14 -15 15 16 17 18 26 -21 -22 27 28 -25 25 29 -28 -29 -30 -31
leaf_value=4.7712369690181428e-05 0.00054393057011157913 -0.0010992025136902399 0.0020345788432553883 0.0022793006902803235 -0.0090866581167799096 -0.038803974891304584 0.00024770938833930351 -0.02007800911699173 0.00034083655182337482 -0.0010201072244254746 -0.055870138075176282 -0.0019037568917692829 -0.0022347755690793184 0.00018060472430157708 0.0014010681986855662 0.0015677327354787309 0.012626085956975067 -0.0038541858507034504 -0.00071757079273972527 0.0011090948758768922 -0.00030201698959437373 -0.0031770879245655911 -0.003000152355709571 -0.00087441201991666356 0.00058549047906931637 -0.0050437274882754422 0.0015036568931479002 -0.00038898185739830751 -0.00065241976791699519 0.0044246510437459512
leaf_weight=182904 10100 85 177 228 97 79 284 57 356 793 50 333 66 37325 289 449 88 1985 1873 186 150 346 799 1647 13314 453 626 1004 7546 120
leaf_count=182904 10100 85 177 228 97 79 284 57 356 793 50 333 66 37325 289 449 88 1985 1873 186 150 346 799 1647 13314 453 626 1004 7546 120
internal_value=6.21099e-05 3.38386e-05 -0.00129558 0.00253994 -0.00181937 -0.00429658 -0.00278523 -0.00108154 0.00162093 -0.00241336 -0.000394088 -0.00538461 -0.00831288 4.76303e-05 -3.57787e-06 -0.000357084 -0.0013711 -0.00185004 -0.00219486 -0.00388531 0.00491597 -0.000144211 -9.51612e-06 0.000413639 0.000658861 0.000544035 -0.00072629 -0.00255555 -0.000811863 -0.00306283
internal_weight=263809 253709 2605 313 2292 526 447 1766 583 1183 406 390 163 251104 213779 30875 5357 4908 4670 2171 238 25518 24168 15823 14176 13887 2499 1350 8345 573
internal_count=263809 253709 2605 313 2292 526 447 1766 583 1183 406 390 163 251104 213779 30875 5357 4908 4670 2171 238 25518 24168 15823 14176 13887 2499 1350 8345 573
is_linear=0
shrinkage=0.05


Tree=164
num_leaves=31
num_cat=0
split_feature=29 5 18 24 21 27 7 28 21 18 0 23 29 0 13 3 12 29 21 15 0 21 20 24 21 1 27 18 19 27
split_gain=2.16858 1.9081 1.68042 1.8378 2.16584 2.15964 1.81812 1.44475 4.35906 2.23861 2.59413 2.28647 2.42982 2.16756 2.28212 2.24049 2.27845 2.12388 3.674 2.10907 1.97896 3.20229 4.75319 3.56961 3.12133 3.47012 3.85135 3.1829 3.89391 3.99664
threshold=2.8408173346488366 0.65879290766176501 15.849253963480669 2.5000000000000004 35.500000000000007 27.500000000000004 0.31791857866717926 25.500000000000004 28.500000000000004 43.562536307972401 4.6533718866885332 1.0000000180025095e-35 -0.57590045483512864 5.1497057863820919 0.20180959575023172 0.27532809102508149 0.029023125979080067 -1.8577800261288111 33.500000000000007 14.500000000000002 5.2143931956182241 28.500000000000004 0.050293105824460498 30.500000000000004 31.500000000000004 113.00000000000001 5.5000000000000009 6.854282228145804 26.244045471071626 27.500000000000004
decision_type=2 2 2 2 2 2 2 2 2 2 2 2 2 2 2 2 2 2 2 2 2 2 2 2 2 2 2 2 2 2
left_child=7 2 6 -4 5 -5 -2 20 19 13 11 -11 17 -10 15 16 -15 18 -13 -9 21 22 23 -1 25 -23 -27 28 -26 -30
right_child=1 -3 3 4 -6 -7 -8 8 9 10 -12 12 -14 14 -16 -17 -18 -19 -20 -21 -22 24 -24 -25 27 26 -28 -29 29 -31
leaf_value=-0.0014943095179393751 0.0044116397119780106 0.00075949867187928674 0.00040288095333200502 -0.010945097236179419 0.0018147714654127298 -0.030053433360765859 -0.00050226432423879249 0.0033547411669103823 2.1551796216870094e-07 0.008909473025873622 0.0022255604741344068 -0.09249965829849191 -0.056398965593712228 -0.037373451256878111 0.0016140517859393527 -0.001966462328106489 0.00099615228671726965 0.0026467277102473624 0.0059373018193256159 -0.055308979971482652 0.00019142161294670272 0.00056965200614814832 -9.5992266577917521e-05 0.0011700621212753001 -1.5225902798723478e-05 -0.0059869155318487532 0.0001084420166338964 -0.00034607012832324588 0.0013839363305033249 -0.00027839252925137951
leaf_weight=9564 82 9090 190 238 51 63 380 677 19553 126 1419 117 193 80 317 79 650 393 53 51 107102 6830 19242 344 7965 1442 43979 31033 1252 618
leaf_count=9564 82 9090 190 238 51 63 380 677 19553 126 1419 117 193 80 317 79 650 393 53 51 107102 6830 19242 344 7965 1442 43979 31033 1252 618
internal_value=6.49579e-05 0.000783634 -0.00128486 -0.00317343 -0.0053125 -0.00692691 0.000930737 3.62936e-05 0.00040788 0.000287207 0.00176662 -0.000362811 -0.00140212 0.000122589 0.00225577 0.000846725 0.00171233 0.000257549 -0.00441176 0.00421703 -2.11388e-06 -0.000139569 -0.000596912 -0.00148668 3.59814e-06 0.000259613 0.000101606 -0.000323725 0.000460092 0.00251337
internal_weight=263173 10094 1004 542 352 301 462 253079 23708 22980 2301 882 756 20679 1126 809 730 563 170 728 229371 122269 29150 9908 93119 52251 45421 40868 9835 1870
internal_count=263173 10094 1004 542 352 301 462 253079 23708 22980 2301 882 756 20679 1126 809 730 563 170 728 229371 122269 29150 9908 93119 52251 45421 40868 9835 1870
is_linear=0
shrinkage=0.05


Tree=165
num_leaves=31
num_cat=0
split_feature=29 24 5 28 21 24 29 5 29 29 24 0 24 21 5 5 26 23 27 18 0 24 29 7 0 29 21 28 3 21
split_gain=2.91408 2.1922 2.91605 3.32303 5.87162 3.09396 4.10483 3.01435 2.93782 2.68789 5.22949 3.24021 2.72731 7.8341 5.41248 6.95918 8.53577 5.24509 4.2502 4.06663 3.83418 3.78213 3.85654 3.76391 3.62805 3.59112 3.88397 5.43271 3.61971 3.37927
threshold=2.8408173346488366 9.5000000000000018 4.1755266833202755 25.500000000000004 28.500000000000004 8.5000000000000018 -3.6915046855524722 0.96366298025398334 -0.14093016171411588 -3.1903952382278615 12.500000000000002 4.6500701778329185 14.500000000000002 34.500000000000007 3.3465682936610741 1.1149093255348597 1.0000000180025095e-35 3.5000000000000004 9.5000000000000018 54.342627197387607 4.5989605807911609 11.500000000000002 -0.50430115810215981 0.46575157517672378 5.0931594919370946 -1.9534123769382994 34.500000000000007 23.500000000000004 -0.38080928179244405 29.500000000000004
decision_type=2 2 2 2 2 2 2 2 2 2 2 2 2 2 2 2 2 2 2 2 2 2 2 2 2 2 2 2 2 2
left_child=1 2 3 -1 -5 6 -6 -7 -8 10 11 -3 13 14 15 17 19 23 -15 -17 21 -19 -23 -11 29 -14 27 -27 -28 -18
right_child=-2 9 -4 4 5 7 8 -9 -10 12 -12 -13 25 18 -16 16 24 20 -20 -21 -22 22 -24 -25 -26 26 28 -29 -30 -31
leaf_value=-0.00027512829879523131 0.00065108624539974137 -0.060452195976861904 -0.003197495327371111 0.0057824095158289113 0.0094780716033713071 0.0039068452589811472 4.3973671299548421e-05 -0.028506026889909525 0.0030421687735114333 0.0007134400246435735 0.0094983201667422877 -0.0021930450649457066 0.0021658232123133092 0.0050864390363936527 0.0050511776969838426 -0.002517167672503822 -0.028020761820677215 0.010372438797931753 0.001471055554705317 0.012791757580546809 -0.00066390265478723871 0.0051946810047901262 -0.0082787407450575397 0.0028356512880924225 0.0050513961848076923 9.3955533772735138e-07 -0.00048372371839593815 0.00076515902795818574 0.00013278898161750961 -0.012573271220913019
leaf_weight=56580 10143 299 947 430 340 297 3733 892 747 6870 76 243 1003 869 624 7426 411 268 3720 477 10615 186 158 5371 50 124432 13349 7353 5145 650
leaf_count=56580 10143 299 947 430 340 297 3733 892 747 6870 76 243 1003 869 624 7426 411 268 3720 477 10615 186 158 5371 50 124432 13349 7353 5145 650
internal_value=3.60638e-05 2.82043e-06 -0.000250289 -0.000208905 0.000867371 0.000463472 0.00102697 -0.00182086 0.000625001 8.82149e-05 -0.00320388 -0.0049262 9.89809e-05 0.000479507 0.000211141 0.00012253 -0.00105835 0.000576104 0.00241556 -0.000481462 -0.000204417 0.00364379 0.000174419 0.00129197 -0.00516202 4.165e-06 -1.57368e-05 7.94861e-05 -0.000694279 -0.00578228
internal_weight=263704 253561 63966 63019 6439 6009 4820 1189 4480 189595 618 542 188977 37695 33106 32482 9014 23468 4589 7903 11227 612 344 12241 1111 151282 150279 131785 18494 1061
internal_count=263704 253561 63966 63019 6439 6009 4820 1189 4480 189595 618 542 188977 37695 33106 32482 9014 23468 4589 7903 11227 612 344 12241 1111 151282 150279 131785 18494 1061
is_linear=0
shrinkage=0.05


Tree=166
num_leaves=31
num_cat=0
split_feature=5 28 24 21 27 21 2 23 28 3 28 20 0 10 0 2 22 18 3 11 28 12 19 20 0 28 24 16 23 24
split_gain=2.1389 2.44861 2.39068 3.88929 2.38966 2.39453 1.81719 1.73976 2.21115 2.31442 2.11105 2.0085 1.78996 1.7078 2.40175 2.23339 3.67618 3.76132 3.72438 3.31811 2.86975 2.63155 2.39056 2.4338 2.19651 2.53944 2.32955 2.42451 2.30477 2.26234
threshold=1.6129722275535059 28.500000000000004 8.5000000000000018 30.500000000000004 45.500000000000007 48.000000000000007 -0.12170726555580469 5.5000000000000009 11.500000000000002 0.29862804952661659 15.500000000000002 0.70741574513579075 4.7324720776733296 0.18333333333333338 5.2067576393223733 -1.0041234460077189 23.500000000000004 15.13058039051147 -1.1043935387134467 0.12886235876039284 1.0000000180025095e-35 0.13539003953491638 15.443880419852485 0.73983898590684893 5.1752994071594012 1.5000000000000002 29.500000000000004 0.14132827692478514 4.5000000000000009 3.5000000000000004
decision_type=2 2 2 2 2 2 2 2 2 2 2 2 2 2 2 2 2 2 2 2 2 2 2 2 2 2 2 2 2 2
left_child=1 4 3 -3 5 13 -4 -2 9 -9 12 -11 -10 14 24 16 17 18 -15 21 -19 -18 -21 -24 25 28 29 -28 -1 -26
right_child=7 2 6 -5 -6 -7 -8 8 10 11 -12 -13 -14 15 -16 -17 19 20 -20 22 -22 -23 23 -25 26 -27 27 -29 -30 -31
leaf_value=0.0022542248434337521 0.00012297574170261417 0.0062032974114706943 0.00029881685146544273 0.00089713876990450713 0.0090987738092441883 -0.011264188581857159 -0.001789167831120456 0.00089516996180258237 -0.0047951098617585817 -0.043415789069540876 0.00055888076085570785 0.00012944316882770946 -0.00010885568515783863 -0.0012379175458253934 0.00023978494191815547 -0.00019463159013625051 0.00074091542100699357 -0.0040950353739619173 0.00086918950583010982 -0.0028738522011702216 0.00013864127059458559 -0.015606895789039342 -0.00053894249166034378 0.0018778890675112438 0.0035951901789836151 -0.0020934788339159274 0.016705916451393667 0.0028740485421192689 0.020350970971884152 -0.0028699298813028283
leaf_weight=253 44707 447 5465 1790 88 50 715 2381 267 53 3565 125 598 503 77184 101657 206 225 4641 403 10345 624 3328 912 300 259 55 180 103 2469
leaf_count=253 44707 447 5465 1790 88 50 715 2381 267 53 3565 125 598 503 77184 101657 206 225 4641 403 10345 624 3328 912 300 259 55 180 103 2469
internal_value=4.89589e-05 -2.12999e-05 0.000814424 0.00221502 -5.5818e-05 -5.93768e-05 0.000307444 0.000337357 0.00107097 0.00224111 0.000395034 -0.00325843 -0.00182081 -5.66906e-05 0.00012184 -0.000174123 0.000292869 0.000681558 0.00179044 -0.000823131 0.000141912 -0.00373494 -0.000302605 4.71704e-05 -0.00113705 0.00158537 -0.00169441 0.00308511 0.00432584 -0.00210004
internal_weight=263898 212202 8417 2237 203785 203697 6180 51696 6989 2559 4430 178 865 203647 80803 122844 21187 15714 5144 5473 10570 830 4643 4240 3619 615 3004 235 356 2769
internal_count=263898 212202 8417 2237 203785 203697 6180 51696 6989 2559 4430 178 865 203647 80803 122844 21187 15714 5144 5473 10570 830 4643 4240 3619 615 3004 235 356 2769
is_linear=0
shrinkage=0.05


Tree=167
num_leaves=31
num_cat=0
split_feature=28 24 27 18 24 21 17 1 0 0 21 24 0 22 18 16 4 26 11 1 21 24 1 3 0 11 0 18 1 23
split_gain=4.01347 3.52495 4.5875 4.67859 4.27814 10.9168 9.15867 5.73837 5.67944 4.09535 3.96903 3.91801 3.61263 3.22458 3.20209 2.98246 3.41161 2.58414 2.39402 2.24152 2.24797 3.63097 2.71427 3.99889 2.49252 2.93862 2.34692 2.22827 2.21118 2.20176
threshold=20.500000000000004 8.5000000000000018 2.5000000000000004 18.13999714096234 11.500000000000002 33.500000000000007 6.5000000000000009 153.00000000000003 5.1227863320152851 4.6603476403907047 38.500000000000007 14.500000000000002 5.0848964481369547 30.500000000000004 5.0388546290953782 0.53496307822260436 -0.12223793300729312 1.0000000180025095e-35 0.27046375314330356 281.00000000000006 38.500000000000007 4.5000000000000009 249.00000000000003 -0.78157656049389301 4.688499415564281 0.12886235876039284 5.0590719231024197 81.762926457593622 121.00000000000001 5.5000000000000009
decision_type=2 2 2 2 2 2 2 2 2 2 2 2 2 2 2 2 2 2 2 2 2 2 2 2 2 2 2 2 2 2
left_child=-1 2 3 12 5 6 8 -8 9 -3 27 -12 -2 19 -7 16 -5 -13 -19 20 26 22 23 -22 25 -23 -4 -6 -14 -11
right_child=1 4 13 15 10 14 7 -9 -10 29 11 17 28 -15 -16 -17 -18 18 -20 -21 21 24 -24 -25 -26 -27 -28 -29 -30 -31
leaf_value=-1.7355965942772484e-05 0.0043611783935763064 -0.050599413430321274 0.00041621845247911287 -0.0019662873543026395 0.00050072422983833437 -0.0050834045180965055 0.0080366121895305825 -0.02435289737356907 0.0088012202187614918 -0.015201780305915864 0.0024924832822967209 -0.00044311676826532697 -0.0066219551085093427 0.0022702744892637728 0.0047474308116873453 0.0034252886912030846 -0.035718153921885432 -0.048824482278287805 -0.00040410538218612729 -0.0096821571065774277 -0.0096528648944444913 0.0001377139047031414 0.008768372040816954 0.00093839108801878075 -0.0060229569685314004 -0.022064570043975777 0.0020589713745779552 -0.0048453490743793444 0.0020080065959743655 0.0089321464158329776
leaf_weight=215955 1948 644 3619 241 24806 413 829 310 168 3261 725 3832 103 1226 1103 942 91 150 109 93 118 50 57 693 622 152 851 215 80 277
leaf_count=215955 1948 644 3619 241 24806 413 829 310 168 3261 725 3832 103 1226 1103 942 91 150 109 93 118 50 57 693 622 152 851 215 80 277
internal_value=7.05209e-05 0.00048546 0.00127595 0.00279736 0.000251887 -0.000860099 -0.00189743 0.00209394 -0.00294253 -0.00330464 0.000512954 -0.000801494 0.00423041 0.000583479 0.00289578 0.000400315 -0.0036747 -0.00140186 -0.00623552 0.000123901 0.000240182 -0.00131206 0.000944701 0.000203453 -0.00368932 -0.00851485 0.000827741 0.000765957 -0.00248634 -0.00263708
internal_weight=263683 47728 10886 3405 36842 7005 5489 1139 4350 4182 29837 4816 2131 7481 1516 1274 332 4091 259 6255 6162 1692 868 811 824 202 4470 25021 183 3538
internal_count=263683 47728 10886 3405 36842 7005 5489 1139 4350 4182 29837 4816 2131 7481 1516 1274 332 4091 259 6255 6162 1692 868 811 824 202 4470 25021 183 3538
is_linear=0
shrinkage=0.05


Tree=168
num_leaves=31
num_cat=0
split_feature=29 29 28 0 3 24 24 27 29 0 0 29 29 18 29 28 14 28 27 0 20 2 11 24 1 14 24 5 21 1
split_gain=2.06789 2.08486 4.24538 4.21178 3.21271 2.52665 7.1176 4.71027 4.47156 4.17021 4.03661 4.96798 4.09397 3.44287 3.42215 2.77278 3.16841 2.74952 2.88632 2.81472 2.89871 2.34408 2.30347 2.48777 2.23068 2.22928 2.21417 2.35712 2.14474 2.30316
threshold=3.7506147206528282 -1.1313414534795427 1.0000000180025095e-35 4.5649191543146843 -1.2746328245152851 11.500000000000002 8.5000000000000018 8.5000000000000018 -3.1903952382278615 4.5208249664032918 4.7105902035041884 -1.3663842572693345 -2.0687998472287839 19.505212689514291 -1.9534123769382994 2.5000000000000004 1.9356777089113701 28.500000000000004 27.500000000000004 4.8696986285031327 0.70728938418057841 -0.46976325319848483 3.8081322656428704 26.500000000000004 133.00000000000003 2.5931280368787957 27.500000000000004 1.9709976097904913 33.500000000000007 165.00000000000003
decision_type=2 2 2 2 2 2 2 2 2 2 2 2 2 2 2 2 2 2 2 2 2 2 2 2 2 2 2 2 2 2
left_child=1 2 3 -1 25 6 9 10 -9 21 11 28 -12 22 -15 16 -16 18 -11 -19 -21 -6 23 -7 -17 -4 -26 -28 29 -8
right_child=-2 -3 4 -5 5 13 7 8 -10 17 12 -13 -14 14 15 24 -18 19 -20 20 -22 -23 -24 -25 26 -27 27 -29 -30 -31
leaf_value=0.017381184082346981 0.00057447783876224975 7.939637985815471e-07 -0.025795311574777005 -0.023247069463362951 -0.0044217111839503697 0.0016432233098220218 0.0024535727218378336 -0.064299528806217837 0.0075875234006290114 0.00069891284451104843 0.0036904449519590114 0.018898245092016295 -0.013723982285888418 0.003202609759893245 -0.052142172467128295 0.0028169344736401584 0.00015388794809559353 0.011694895755076354 0.0041378914319274733 -0.041779782633501746 0.0027222023885358992 -0.014961940560724217 -0.0020111041973132448 0.0022650877125056056 0.00048729942855750189 -0.00035167902931549559 -0.0027181913981449007 0.0055760232936807033 0.023229852916116064 -0.043073425806696451
leaf_weight=52 8115 229181 595 959 153 3649 118 242 1559 4629 1029 78 1123 1003 112 276 131 522 1226 63 430 105 188 850 4013 1330 798 63 54 816
leaf_count=52 8115 229181 595 959 153 3649 118 242 1559 4629 1029 78 1123 1003 112 276 131 522 1226 63 430 105 188 850 4013 1330 798 63 54 816
internal_value=7.37494e-05 4.87774e-05 0.000471605 -0.00270524 0.000599285 0.000761946 0.000263852 -0.00117852 0.000868962 0.00127946 -0.00232442 -0.00484052 -0.00107807 0.00130786 0.000553472 5.47011e-05 -0.00516461 0.00151383 0.00109735 0.00391626 0.0012069 -0.00496124 0.00233732 0.0025639 0.000300971 -0.00136364 5.33449e-05 -0.00224739 -0.00579959 -0.00635974
internal_weight=263462 255347 26166 1011 25155 23230 12147 5019 1801 7128 3218 1066 2152 11083 6396 5393 243 6870 5855 1015 493 258 4687 4499 5150 1925 4874 861 988 934
internal_count=263462 255347 26166 1011 25155 23230 12147 5019 1801 7128 3218 1066 2152 11083 6396 5393 243 6870 5855 1015 493 258 4687 4499 5150 1925 4874 861 988 934
is_linear=0
shrinkage=0.05


Tree=169
num_leaves=31
num_cat=0
split_feature=28 21 5 26 1 0 15 29 12 27 21 18 24 7 27 13 17 4 7 29 3 24 3 4 24 1 29 5 28 29
split_gain=2.93138 7.13901 2.13556 2.62732 2.05573 2.05309 2.03596 1.95822 2.28504 1.94674 2.31024 2.78068 2.70253 3.21395 4.07888 3.4582 2.64242 2.38807 2.20986 2.14625 2.24456 2.13193 3.9622 3.60242 3.3321 3.85381 3.36818 4.64957 3.633 2.72455
threshold=24.500000000000004 28.500000000000004 0.53438450497641943 1.0000000180025095e-35 265.00000000000006 4.5649191543146843 4.5000000000000009 -1.2218905403000824 0.039228897668412289 1.5000000000000002 30.500000000000004 41.280443992448596 19.500000000000004 0.76134196649763342 4.5000000000000009 0.10151514400863491 7.5000000000000009 -0.37066367681558954 0.31791857866717926 -0.46518392472356479 -0.8909393653097758 8.5000000000000018 -1.2989473524795698 -0.41183370103793077 11.500000000000002 181.00000000000003 -0.77071677021972174 0.8971610293389668 26.500000000000004 0.038761191647520087
decision_type=2 2 2 2 2 2 2 2 2 2 2 2 2 2 2 2 2 2 2 2 2 2 2 2 2 2 2 2 2 2
left_child=-1 4 3 5 6 -3 -2 -7 -9 -4 21 12 13 -12 15 -15 -14 -16 -18 20 -20 22 -11 -24 25 29 -26 28 -28 -23
right_child=1 2 9 -5 -6 7 -8 8 -10 10 11 -13 16 14 17 -17 18 -19 19 -21 -22 24 23 -25 26 -27 27 -29 -30 -31
leaf_value=8.3044222031229458e-06 0.0030518415853432084 0.0092883170415585144 0.0010793727058451153 0.0045965691022840649 -0.07503282338302221 0.0076996058523828683 0.0029178062792541235 -0.002955079577781029 0.00069814270276637299 -0.069366245479033362 0.00091591093578001406 0.001585091154847529 -0.00043652219464572549 -0.030399291183820582 0.0013982476382286134 -0.0023469819353233194 -0.0084851745155040698 -0.017851764747965723 -0.0024529894449091833 0.00017352860417001298 0.0040805107410254171 0.0019179290808036991 0.0085427004101643281 -0.0021840327445045997 0.0043484518715817032 -0.029037905107243064 -0.0037076046834208631 3.7455047307879239e-05 -0.054440475898744768 -0.052935604130151671
leaf_weight=233202 819 260 3833 56 53 64 612 90 462 52 7515 2418 4702 399 2324 1456 88 255 51 638 234 682 744 602 596 764 90 524 65 134
leaf_count=233202 819 260 3833 56 53 64 612 90 462 52 7515 2418 4702 399 2324 1456 88 255 51 638 234 682 744 602 596 764 90 524 65 134
internal_value=7.20671e-05 0.00053234 0.000359819 0.00271459 0.00391509 0.00204338 0.00427324 0.00047078 -0.00048913 0.000281901 0.00011692 0.000341136 0.000123429 0.000551093 -0.000516463 -0.00230458 -0.000771048 0.000769679 0.00154797 0.00226977 0.00587719 -0.000941688 0.000658084 0.00118128 -0.00172504 -0.00325949 0.000176471 -0.00223122 -0.00983871 -0.000870097
internal_weight=263784 30582 29098 932 1484 876 1431 616 552 28166 24333 20080 17662 11949 4434 1855 5713 2579 1011 923 285 4253 1398 1346 2855 1580 1275 679 155 816
internal_count=263784 30582 29098 932 1484 876 1431 616 552 28166 24333 20080 17662 11949 4434 1855 5713 2579 1011 923 285 4253 1398 1346 2855 1580 1275 679 155 816
is_linear=0
shrinkage=0.05


Tree=170
num_leaves=31
num_cat=0
split_feature=28 21 24 27 16 14 4 29 22 22 19 18 16 27 24 29 29 29 0 5 16 18 0 16 3 16 24 21 24 19
split_gain=2.69107 6.15963 2.3548 2.04238 1.97609 2.19183 1.79199 1.76302 1.88209 1.79593 2.27749 2.23569 1.96933 1.7232 1.76272 3.88276 5.01695 3.37582 2.2856 3.36524 3.64699 2.90136 3.35943 2.48096 2.39348 3.72897 1.98268 3.64289 3.01544 2.94406
threshold=25.500000000000004 28.500000000000004 19.500000000000004 47.500000000000007 7.1096240885869593 12.170365494167324 -0.16333323227328525 2.8408173346488366 12.500000000000002 32.500000000000007 23.21291170634921 11.475555918351697 0.34502689178976759 30.500000000000004 7.5000000000000009 -3.6915046855524722 -0.10083933790174561 -0.022870959790247915 4.5649191543146843 0.6480752648450866 0.02922305802498695 43.562536307972401 4.6302655068254284 0.070473867310820934 -0.84677781986561651 2.0242127973809079 19.500000000000004 32.500000000000007 11.500000000000002 55.034487268139024
decision_type=2 2 2 2 2 2 2 2 2 2 2 2 2 2 2 2 2 2 2 2 2 2 2 2 2 2 2 2 2 2
left_child=3 2 -2 7 13 -6 -4 -1 -9 10 -10 -12 -11 14 15 -3 -17 -18 19 -16 -21 22 23 -20 25 -22 27 28 -24 -29
right_child=1 4 6 -5 5 -7 -8 8 9 12 11 -13 -14 -15 18 16 17 -19 21 20 24 -23 26 -25 -26 -27 -28 29 -30 -31
leaf_value=-1.2224411554859587e-05 0.0045208579563371714 0.0080885112040904317 -0.004061070814684601 0.004379158021738965 -0.0020348346036785903 -0.058810084560953428 0.001229515597948598 -0.00010328336977726868 -0.00047429218743006373 0.0018480234198444895 0.0019862137545331874 0.0013355906007778825 -0.0031351473444752977 -0.0091140237082168105 0.0088010331383325015 -8.3045971266601775e-05 0.0049053284435950171 0.0019794930932490189 -0.048865020709474738 -0.0046489408661432594 -0.022791878314393652 0.0018008162286448541 -0.0086529957896436579 -0.0035998136472840873 0.0025504062724072615 0.0081887413544264095 -0.00020089931830919599 0.00040657125956528007 0.0009455591563243892 0.0016021920206913819
leaf_weight=229512 665 245 122 193 257 80 81 3252 602 146 539 2760 398 201 230 3286 211 1576 66 171 185 1804 2860 948 1156 101 5034 2667 2790 1570
leaf_count=229512 665 245 122 193 257 80 81 3252 602 146 539 2760 398 201 230 3286 211 1576 66 171 185 1804 2860 948 1156 101 5034 2667 2790 1570
internal_value=6.71961e-05 0.000547024 0.00468894 1.40274e-05 0.000405693 -0.00339763 -2.46299e-05 9.84424e-06 0.000754191 0.00142295 0.00179826 0.00231434 -0.00126838 0.000456755 0.000493976 0.00130124 0.00100434 0.00313654 0.000274743 0.00195062 0.00114383 0.000100626 -0.000114527 -0.00289941 0.00196255 -0.00213287 7.47275e-05 0.000485992 -0.000345132 0.00159429
internal_weight=263708 26306 868 237402 25438 337 203 237209 7697 4445 3901 3299 544 25101 24900 5318 5073 1787 19582 1843 1613 17739 15935 1014 1442 286 14921 9887 5650 4237
internal_count=263708 26306 868 237402 25438 337 203 237209 7697 4445 3901 3299 544 25101 24900 5318 5073 1787 19582 1843 1613 17739 15935 1014 1442 286 14921 9887 5650 4237
is_linear=0
shrinkage=0.05


Tree=171
num_leaves=31
num_cat=0
split_feature=27 20 24 0 0 5 29 29 6 5 20 12 22 22 0 4 24 14 12 6 22 7 0 4 7 11 7 14 15 8
split_gain=2.75046 4.88837 1.8908 3.50334 3.21315 5.17808 2.95896 2.10942 2.02578 2.2603 1.98805 1.90025 2.56444 2.25135 2.49352 2.54895 2.32196 1.9825 1.86653 1.84126 1.82331 1.97135 1.79961 1.90671 2.06679 2.40721 1.91903 2.07144 1.85421 2.70943
threshold=1.0000000180025095e-35 0.010396394390677272 29.500000000000004 5.5226691910697721 5.217701139306512 0.41969223722859583 -0.30685480284904904 0.051237293850239694 0.37081916692340655 1.1149093255348597 0.07046429112474896 1.2846297319829549 3.5000000000000004 7.5000000000000009 5.5716632714668153 0.025351293128581632 23.500000000000004 1.3798869410184831 1.0124085635017008 0.50752096852210327 26.500000000000004 0.40180990909697661 5.1571965680458716 -0.057612994079110504 0.55285001270483702 0.65245696597040592 0.57134043822731684 1.5505255164625436 2.5000000000000004 0.9167573944654922
decision_type=2 2 2 2 2 2 2 2 2 2 2 2 2 2 2 2 2 2 2 2 2 2 2 2 2 2 2 2 2 2
left_child=1 19 8 4 5 -4 -5 -6 18 11 -7 17 -13 14 15 -14 -15 -10 -3 -1 21 -18 -19 -24 28 26 27 -26 -25 -30
right_child=-2 2 3 6 7 10 -8 -9 9 -11 -12 12 13 16 -16 -17 20 22 -20 -21 -22 -23 23 24 25 -27 -28 -29 29 -31
leaf_value=0.0028992268139122184 8.1551194611691039e-05 -0.00017262825366550345 -0.007210340943038674 0.012426816482736795 0.007190968169635362 -0.0048295895217045247 -0.0026667616372544143 0.00238596704702104 -0.0010076065659946384 0.0056901108665213364 0.0033497052909637112 0.008380489246475855 -0.0077765121788605967 -0.00078225030450249739 -0.023927821257794465 0.00065402679191682057 0.0088858986221948977 -0.0052528150358448576 0.00500007902986688 0.0058069576538597907 -0.0081013534093753586 -0.0052808236466623977 -0.0077978812987382559 -0.00060374210025542809 0.012340052397222632 0.0068835447705415378 -0.0024431337987469875 0.00072395589278205323 0.0031146039888586417 -0.0055113236373893577
leaf_weight=479 201684 25280 96 82 721 169 1128 1374 20209 86 360 86 73 1245 85 126 64 83 532 238 56 263 77 6327 71 479 342 120 1501 94
leaf_count=479 201684 25280 96 82 721 169 1128 1374 20209 86 360 86 73 1245 85 126 64 83 532 238 56 263 77 6327 71 479 342 120 1501 94
internal_value=2.95987e-05 -0.000262102 -0.000310245 0.000750637 0.00174632 -0.0014 -0.0014876 0.00268496 -0.000383135 -0.000652977 0.000538753 -0.000675217 -0.00216717 -0.00254707 -0.00665493 -0.00359296 -0.00183047 -0.00057349 -5.50126e-05 0.0038424 -0.00523499 -0.00380734 3.95871e-05 0.000107092 0.000174614 0.00230237 -9.38027e-06 0.00400524 -9.71971e-05 0.00142633
internal_weight=263530 61846 61129 3930 2720 625 1210 2095 57199 31387 529 31301 1998 1912 284 199 1628 29303 25812 717 383 327 9094 9011 8934 1012 533 191 7922 1595
internal_count=263530 61846 61129 3930 2720 625 1210 2095 57199 31387 529 31301 1998 1912 284 199 1628 29303 25812 717 383 327 9094 9011 8934 1012 533 191 7922 1595
is_linear=0
shrinkage=0.05


Tree=172
num_leaves=31
num_cat=0
split_feature=17 27 28 19 29 5 12 22 2 16 4 5 28 8 11 22 18 3 16 16 22 11 3 14 16 29 28 3 4 7
split_gain=1.8553 1.71269 1.68568 2.30501 1.69681 1.91704 1.64391 1.62688 1.62166 2.41345 2.37638 2.28808 2.23532 2.11981 2.06952 2.19823 4.82116 2.44391 2.29265 2.1407 2.08428 3.11297 2.50987 2.74813 2.60169 2.32357 2.06919 2.04762 2.53552 1.97901
threshold=9.5000000000000018 11.500000000000002 21.500000000000004 0.12425885854174255 -0.71934583574906996 0.73534297043717756 0.13691784394360254 2.5000000000000004 0.3845157052508919 0.78051517059538711 0.45325867381061058 0.50047965505621983 1.5000000000000002 0.80279543016923249 0.68523801880228752 2.5000000000000004 2.0645452624414653 0.21542235901923742 1.0156360363538293 0.066393472442230955 26.500000000000004 2.3882854864935839 -1.2989473524795698 1.0000000180025095e-35 6.3318920565616708 -0.84205718744538371 25.500000000000004 0.16223955107892893 0.092036905063434996 1.2773628707378741
decision_type=2 2 2 2 2 2 2 2 2 2 2 2 2 2 2 2 2 2 2 2 2 2 2 2 2 2 2 2 2 2
left_child=8 2 4 -4 -2 6 -6 -5 10 27 13 12 -11 14 -1 16 -16 19 -19 -18 22 26 24 -24 25 -17 29 28 -10 -22
right_child=1 -3 3 7 5 -7 -8 -9 9 11 -12 -13 -14 -15 15 20 17 18 -20 -21 21 -23 23 -25 -26 -27 -28 -29 -30 -31
leaf_value=-5.3069203916664305e-05 0.0066715996857014768 0.00016225610541136524 0.0095415351511711627 0.0048629805004687379 0.0033865563078348498 0.0033373124560246549 -0.0015821644668856821 0.00034291911382239732 0.00034180353602139075 0.002843222963915917 0.014252482023996767 0.0016732173995877419 -0.0029236804267597626 -0.0013504918282838032 0.0030646673952347122 -0.0010527757083260124 0.0084882318169868156 0.013936621619150725 -0.00057814503026652059 -0.0040433192008760659 9.731805506182098e-05 -0.0017960615082760465 0.0016051173190684686 0.00024885852905962746 0.0045737816222949533 0.0016473956204772551 0.00176660371212562 -4.5176176763550441e-05 0.0024905158918716568 -0.041295173550720092
leaf_weight=169636 222 10864 94 296 148 391 244 2746 1672 560 195 4834 449 2580 510 493 79 77 137 2889 6775 2918 2791 31293 300 907 1030 17425 707 198
leaf_count=169636 222 10864 94 296 148 391 244 2746 1672 560 195 4834 449 2580 510 493 79 77 137 2889 6775 2918 2791 31293 300 907 1030 17425 707 198
internal_value=7.15485e-05 0.000611463 0.0014767 0.000905613 0.00325871 0.00216475 -0.000306122 0.000667325 3.89412e-05 0.000415449 -4.39781e-06 0.0013084 -0.000857284 -9.23067e-06 7.47675e-06 0.000288807 -0.000885698 -0.00160905 0.0035514 -0.00198113 0.000381651 -0.000222964 0.000566175 0.000472656 0.00244118 0.00153571 0.000286768 0.00015199 0.00152795 -2.2228e-05
internal_weight=263460 15005 4141 3136 1005 783 392 3042 248455 25647 222808 5843 1009 222613 220033 50397 3692 3182 214 2968 46705 10921 35784 34084 1700 1400 8003 19804 2379 6973
internal_count=263460 15005 4141 3136 1005 783 392 3042 248455 25647 222808 5843 1009 222613 220033 50397 3692 3182 214 2968 46705 10921 35784 34084 1700 1400 8003 19804 2379 6973
is_linear=0
shrinkage=0.05


Tree=173
num_leaves=31
num_cat=0
split_feature=29 29 0 24 24 21 20 29 0 29 27 27 27 5 0 20 29 7 24 0 8 27 7 16 1 27 27 21 21 0
split_gain=2.72246 1.71344 3.02345 3.42532 9.34103 6.5014 4.75587 3.45627 3.31492 3.17632 2.87214 6.2749 5.75444 3.72719 3.13278 3.99279 3.7174 2.7562 2.8384 2.71837 2.43732 2.37916 2.62352 2.33792 2.32438 2.22416 2.22396 2.18435 2.27311 2.60408
threshold=2.8408173346488366 -0.90936145708900018 5.0590719231024197 11.500000000000002 8.5000000000000018 33.500000000000007 0.71655497229069254 -4.5835963978295169 4.5086161124671804 -2.0687998472287839 30.500000000000004 9.5000000000000018 25.500000000000004 2.2697029209294435 4.6603476403907047 0.069870069092757184 -2.5608938885402721 0.47562521100911209 8.5000000000000018 4.7324720776733296 0.48650828215543845 12.500000000000002 0.50207758985788631 0.019285063711521284 97.000000000000014 5.5000000000000009 6.5000000000000009 31.500000000000004 28.500000000000004 4.6461108844735088
decision_type=2 2 2 2 2 2 2 2 2 2 2 2 2 2 2 2 2 2 2 2 2 2 2 2 2 2 2 2 2 2
left_child=1 2 3 4 7 6 10 -1 -9 -5 11 14 -13 -12 15 -6 19 24 -19 -16 -20 22 -10 26 -4 -7 -11 28 29 -25
right_child=-2 -3 17 9 5 25 -8 8 21 23 13 12 -14 -15 16 -17 -18 18 20 -21 -22 -23 -24 27 -26 -27 -28 -29 -30 -31
leaf_value=0.0067012768355080802 0.00061343429535928786 -5.9573355789316776e-06 -0.0033677811452453976 0.0030597439174820189 -0.047595613377151548 0.01908016365022773 0.00028203349056712734 -0.010868955209681699 0.0052798002942757768 0.0065349452694759254 -0.066380411267675951 0.015760260821835695 -0.033502349113874529 -0.052874316840498981 -0.011796100455537526 0.016156846223841198 -0.019404398683848842 -0.0027342316254105243 0.0017096991617630939 0.009200592802230163 -0.0030883422104744174 -8.9622972403444153e-06 0.0021880653524540146 -0.0075337650027346818 0.0032650633096910479 0.0022302389700906457 -0.028889296024471191 -3.7494431134933253e-05 0.0012786660974434718 0.00015606691460698095
leaf_weight=642 10157 216949 183 1407 693 143 1271 330 344 146 302 370 391 53 326 59 1429 1066 499 345 50 4186 2278 241 994 1150 302 7592 8032 1715
leaf_count=642 10157 216949 183 1407 693 143 1271 330 344 146 302 370 391 53 326 59 1429 1066 499 345 50 4186 2278 241 994 1150 302 7592 8032 1715
internal_value=7.89894e-05 4.68273e-05 0.000363585 0.000232762 -0.000354248 -0.00174832 -0.00253197 0.000816196 0.000500141 0.000665038 -0.00338458 -0.00296291 0.00107096 -0.00767606 -0.00403927 -0.00680851 -0.00304762 0.00194484 0.000603716 2.23553e-05 0.00352459 0.000737368 0.00191838 0.000486466 0.00378505 0.00142691 -0.00308036 0.000577361 0.00106328 -0.000465235
internal_weight=263645 253488 36539 33747 14312 6532 5239 7780 7138 19435 3968 3613 761 355 2852 752 2100 2792 1615 671 549 6808 2622 18028 1177 1293 448 17580 9988 1956
internal_count=263645 253488 36539 33747 14312 6532 5239 7780 7138 19435 3968 3613 761 355 2852 752 2100 2792 1615 671 549 6808 2622 18028 1177 1293 448 17580 9988 1956
is_linear=0
shrinkage=0.05


Tree=174
num_leaves=31
num_cat=0
split_feature=28 24 27 4 18 11 0 29 24 27 3 7 16 1 20 24 28 20 29 7 0 18 0 2 28 0 24 29 17 29
split_gain=2.29403 2.54415 4.24056 3.14968 4.03793 3.82994 3.15045 2.88589 2.82672 4.11027 4.04857 2.78253 3.12375 2.73921 2.6405 4.77709 3.87666 3.48549 2.74113 2.57478 2.40066 2.95684 2.22461 2.35399 2.2186 2.20897 2.17913 2.23167 4.4102 2.11505
threshold=25.500000000000004 8.5000000000000018 2.5000000000000004 -0.0082291034614279338 18.942003188433187 0.25685888386045203 4.5923386465912319 -0.89127533738544151 2.5000000000000004 12.500000000000002 -1.045963050626052 0.57134043822731684 0.95585526433196322 125.00000000000001 0.70843453455691086 10.500000000000002 33.500000000000007 0.70913457253491197 -0.94655401024601937 0.90172786385990167 4.6344336593550848 41.280443992448596 4.6603476403907047 -0.12170726555580469 34.500000000000007 4.8696986285031327 14.500000000000002 -0.012310925937813548 5.5000000000000009 -0.28503810553964043
decision_type=2 2 2 2 2 2 2 2 2 2 2 2 2 2 2 2 2 2 2 2 2 2 2 2 2 2 2 2 2 2
left_child=-1 2 3 4 6 -6 -2 -7 10 13 -4 -11 -13 -10 15 16 -3 -16 22 26 -17 -22 -19 25 -8 -24 27 29 -29 -20
right_child=1 14 8 -5 5 7 24 -9 9 11 -12 12 -14 -15 17 20 -18 18 19 -21 21 -23 23 -25 -26 -27 -28 28 -30 -31
leaf_value=3.8457263218115028e-06 -0.00064572193790620044 -0.018357905323441011 -0.0086305637383070032 -0.0086656901421838985 -0.0080317422252541102 0.015695916761811209 0.0053472974295359138 0.0014608046192285625 -0.012623460919127766 -0.00045631369748096558 0.0015258230300151561 -0.064486067354775231 -0.040331370910358842 0.00096654704571005597 0.0019803612744649199 -0.0018311985170278815 0.012866924957837179 0.010605902889174941 0.0018502217794070367 -0.01442249453299862 7.9996686189426797e-05 0.0018515226734098292 0.0025141462126539683 -0.011018629806921358 0.00044860782755827029 0.0029041528814423749 -6.4577990761741422e-05 -0.03781391354046109 0.0060305204137416973 0.0039564842188827849
leaf_weight=237641 214 1592 97 319 436 222 1374 444 714 124 873 51 87 1936 353 1880 110 110 916 216 6791 1426 457 243 250 527 3872 160 82 347
leaf_count=237641 214 1592 97 319 436 222 1374 444 714 124 873 51 87 1936 353 1880 110 110 916 216 6791 1426 457 243 250 527 3872 160 82 347
internal_value=5.55595e-05 0.000499371 0.00130444 0.00263424 0.00314626 0.000753177 0.00458107 0.00313814 0.000188048 -0.000590659 0.00252577 -0.00656488 -0.0114493 5.96046e-10 0.000198093 -0.000264005 -0.00271445 0.000946726 0.000699856 0.000213661 0.000149055 0.000517829 0.00273373 0.00212306 0.00533251 0.00321138 0.000428678 0.00204319 -0.00235537 0.00288599
internal_weight=263864 26223 7141 3259 2940 1102 1838 666 3882 2912 970 262 138 2650 19082 11799 1702 7283 6930 5593 10097 8217 1337 1227 1624 984 5377 1505 242 1263
internal_count=263864 26223 7141 3259 2940 1102 1838 666 3882 2912 970 262 138 2650 19082 11799 1702 7283 6930 5593 10097 8217 1337 1227 1624 984 5377 1505 242 1263
is_linear=0
shrinkage=0.05


Tree=175
num_leaves=31
num_cat=0
split_feature=29 27 22 18 0 4 27 20 1 24 29 20 29 1 4 0 21 21 0 6 22 13 24 29 0 13 3 27 0 3
split_gain=2.1229 2.17149 2.16093 2.35799 1.81451 1.71025 1.69495 4.09944 2.76084 2.39494 4.80676 3.55655 3.00872 4.58897 3.45736 2.82108 3.61844 3.08507 2.74362 2.6545 3.46064 2.50004 3.0052 5.12279 3.67697 3.15182 2.89434 2.69203 2.58249 2.4527
threshold=2.8408173346488366 59.500000000000007 12.500000000000002 2.6389240956144726 4.4674786937065862 -0.48806046527325248 1.0000000180025095e-35 0.010396394390677272 101.00000000000001 18.500000000000004 -1.691767014093873 1.2782096704950086 -0.21038776322965347 185.00000000000003 -0.29148703440002455 4.9193525064942056 28.500000000000004 30.500000000000004 4.7607705584681321 1.0000000180025095e-35 18.500000000000004 0.13533029037819297 9.5000000000000018 -3.1903952382278615 4.6500701778329185 0.68916910016066002 -0.86139363135592462 29.500000000000004 4.4674786937065862 -0.75219827463459066
decision_type=2 2 2 2 2 2 2 2 2 2 2 2 2 2 2 2 2 2 2 2 2 2 2 2 2 2 2 2 2 2
left_child=1 6 3 -2 5 -4 7 -1 -9 19 -11 -12 14 -14 -13 17 -17 -15 -16 20 -8 -21 25 24 26 28 -24 -27 29 -23
right_child=2 -3 4 -5 -6 -7 9 8 -10 10 11 12 13 15 18 16 -18 -19 -20 21 -22 22 23 -25 -26 27 -28 -29 -30 -31
leaf_value=0.0048583086490342434 0.0019726063991795796 -0.024862321934099624 0.0026342693256233489 -0.00054089987913265238 0.0011000318630748635 -0.011189913437986733 -7.3077519784219333e-05 -0.0013502170603040741 -0.00019735503266877499 0.0020598029700098714 -2.6400661581760674e-06 6.1297664735764811e-05 -0.00048905822010232212 0.0019033095278784312 0.0034454702079174749 -0.082679303388391634 -0.0017078257302808415 -0.0035655770215501231 -0.0013259916910268073 0.00050604537947794527 -0.0033569937454489517 0.004313296669071264 -0.045991535922154526 0.00050124080053926977 0.0024155838365686449 0.00058613937918573973 -0.070226240847313284 -0.0024903628695654772 -0.00054658012492165187 -0.022085011754134819
leaf_weight=698 475 54 50 3725 5809 118 927 4357 56824 1506 76256 6816 3820 91 160 68 244 156 1421 31207 454 74 172 36396 177 9509 61 788 20793 148
leaf_count=698 475 54 50 3725 5809 118 927 4357 56824 1506 76256 6816 3820 91 160 68 244 156 1421 31207 454 74 172 36396 177 9509 61 788 20793 148
internal_value=5.39584e-05 2.54966e-05 0.000762013 -0.000107142 0.00137276 -0.00375 2.76354e-05 -0.000199825 -0.000243294 0.000101233 -8.53779e-05 -0.000132761 -0.000904821 -0.00196734 -0.00035072 -0.00619857 -0.00935897 -0.00220648 -0.0024573 0.000269001 -0.00190804 0.000299271 0.000129482 0.000435799 -0.00512195 -0.000230582 -0.00924893 0.000486064 -0.000581727 -0.00594595
internal_weight=263354 253177 10177 4200 5977 168 253123 61879 61181 191244 90538 89032 12776 4379 8397 559 312 247 1581 100706 1381 99325 68118 36806 410 31312 233 10297 21015 222
internal_count=263354 253177 10177 4200 5977 168 253123 61879 61181 191244 90538 89032 12776 4379 8397 559 312 247 1581 100706 1381 99325 68118 36806 410 31312 233 10297 21015 222
is_linear=0
shrinkage=0.05


Tree=176
num_leaves=31
num_cat=0
split_feature=2 0 27 28 18 14 14 0 23 18 2 5 23 17 29 7 22 19 13 27 18 27 9 22 28 0 29 27 13 5
split_gain=1.68756 3.64174 2.33231 4.07155 2.72682 2.54464 3.52883 2.57384 2.45171 1.86942 2.65484 2.65872 2.09081 2.61708 2.29617 2.02775 2.48864 2.77699 2.43232 2.05975 2.27658 4.23274 3.07444 2.6839 2.54149 2.39042 2.36715 3.50465 2.26907 2.01746
threshold=-0.83255819764883865 5.1752994071594012 2.5000000000000004 28.500000000000004 16.344347621319347 5.0647189479613592 1.2984010329713327 4.6383966752493375 4.5000000000000009 62.107379387004379 -0.96942499188174791 1.7031484211795049 3.5000000000000004 5.5000000000000009 -1.3663842572693345 1.1072875806867697 19.500000000000004 2.8897763494231739 2.9853825634157407 36.500000000000007 11.475555918351697 15.500000000000002 0.73927911961622217 7.5000000000000009 10.500000000000002 5.1344332579712679 -0.89127533738544151 24.500000000000004 0.55139799909330434 1.630474832658535
decision_type=2 2 2 2 2 2 2 2 2 2 2 2 2 2 2 2 2 2 2 2 2 2 2 2 2 2 2 2 2 2
left_child=1 2 3 4 -1 6 8 -7 -5 15 -11 12 14 -14 -12 16 18 -18 19 20 21 25 23 24 -23 -4 27 -22 -29 -17
right_child=-2 -3 9 5 -6 7 -8 -9 -10 10 11 -13 13 -15 -16 29 17 -19 -20 -21 26 22 -24 -25 -26 -27 -28 28 -30 -31
leaf_value=0.0055150252311654963 5.336531312097766e-06 0.0015372492154411095 0.00026643413458300258 -0.00055639834007063381 0.0034335035550882064 -0.054541569628741876 0.0017528930077912446 -0.0012721303914159142 -0.051813480716212737 -0.00034258807166081661 -0.005313348664764652 0.0056478073035301016 0.0056201067548823933 -0.0085877241668160555 -0.12609206378088356 -0.00099503529293204127 -0.0033889103834799056 5.232122950564992e-05 -0.00020000515250471608 -0.001467932989571655 0.0023353811146380496 -4.7887344402656443e-05 -0.0057988443403924304 0.0015905344347512968 0.0015706030209375955 -0.028267448628867264 0.00018117993675055457 -0.0054149549955228166 0.001370247897440279 5.7939492804560955e-05
leaf_weight=375 214234 333 1644 125 582 105 950 586 59 1386 57 67 62 108 164 3102 481 11981 3255 330 2702 721 107 1588 484 66 9297 491 224 8058
leaf_count=375 214234 333 1644 125 582 105 950 586 59 1386 57 67 62 108 164 3102 481 11981 3255 330 2702 721 107 1588 484 66 9297 491 224 8058
internal_value=6.62062e-05 0.00032936 0.000294058 0.00170022 0.00434169 0.000315069 0.00177249 -0.0020767 -0.00456522 0.000209704 -0.00135032 -0.00465065 -0.00622762 -0.00205882 -0.00943439 0.000274304 0.00046942 -8.98726e-05 0.000802765 0.00103433 0.00110887 0.00206074 0.00322414 0.00354279 0.00176349 8.77199e-05 0.000763726 0.00188908 -0.00122378 -0.000309139
internal_weight=263724 49490 49157 2782 957 1825 1134 691 184 46375 1844 458 391 170 221 44531 33371 12462 20909 17654 17324 4610 2900 2793 1205 1710 12714 3417 715 11160
internal_count=263724 49490 49157 2782 957 1825 1134 691 184 46375 1844 458 391 170 221 44531 33371 12462 20909 17654 17324 4610 2900 2793 1205 1710 12714 3417 715 11160
is_linear=0
shrinkage=0.05


Tree=177
num_leaves=31
num_cat=0
split_feature=6 29 4 24 0 13 7 3 16 11 0 5 20 16 6 24 2 4 3 4 24 23 11 24 19 22 0 6 24 19
split_gain=2.04875 1.5861 1.87806 2.34181 2.3447 2.84769 1.90255 3.39813 1.56685 2.25851 1.55878 1.80788 1.41996 1.98856 1.76733 1.68672 2.13494 1.47755 1.84138 1.40952 1.34219 1.52493 1.45384 1.65722 1.32281 8.92542 5.11699 4.40276 2.39173 2.32368
threshold=2.6742267498477394 2.8408173346488366 -0.0062512085268867897 1.5000000000000002 5.0085047394125981 0.7402602832815055 0.56309747423779422 0.070466364595715661 0.24552476800917519 0.11842040211938039 4.9244151253434794 3.4526602689219836 0.15728206021823488 0.20461923281557745 0.34619535079014269 16.500000000000004 -0.46074312852063432 0.031471677640922117 0.23186112550867749 0.11942066347086455 29.500000000000004 1.0000000180025095e-35 0.20416471067950068 10.500000000000002 4.1037525592591368 7.5000000000000009 4.6568054714595153 0.1205827845631116 16.500000000000004 1.050797484154723
decision_type=2 2 2 2 2 2 2 2 2 2 2 2 2 2 2 2 2 2 2 2 2 2 2 2 2 2 2 2 2 2
left_child=1 24 10 6 5 8 7 -4 -5 -10 11 -3 14 -14 17 16 -15 -6 -19 -9 21 22 -12 -24 25 26 28 29 -1 -28
right_child=-2 2 3 4 12 -7 -8 19 9 -11 20 -13 13 15 -16 -17 -18 18 -20 -21 -22 -23 23 -25 -26 -27 27 -29 -30 -31
leaf_value=0.0014874026336570982 0.0009834620414973811 0.00034250774182244134 -0.0036661451629666471 -0.035215135338778507 -0.039367335891629184 -0.024779674302663986 0.0046960126515786715 0.0035709603041875443 0.0042847940046940617 -0.012373609352985133 0.0014022012473106802 0.0035928031915296609 0.0031853947602006674 -5.868117825591482e-05 0.002189778093714624 0.00064710953028873099 -0.036141352924831387 0.002426081933064924 -0.023645673894196202 0.00011727969365472636 -0.0010857019515948686 0.001156542342099122 -0.044385032250843164 0.0016114052045415493 5.8061355485123634e-06 -0.00011755476773384626 -0.00013121785782580297 0.0014503062332377674 0.0042078575571560589 -0.0022461108195838131
leaf_weight=186 1985 5982 65 80 50 53 51 70 72 124 224 166 65 77 186 67 151 183 64 53 83 2127 104 50 236263 11963 635 2503 339 79
leaf_count=186 1985 5982 65 80 50 53 51 70 72 124 224 166 65 77 186 67 151 183 64 53 83 2127 104 50 236263 11963 635 2503 339 79
internal_value=7.47829e-05 6.26639e-05 0.00067557 -0.00101701 -0.00193686 -0.00551672 0.00349372 0.00117021 -0.00347826 -0.00107143 0.000948947 0.000515615 -0.000539738 -0.00291667 0.00123188 -0.00466102 -0.00671053 -0.00116162 0.000425102 0.00605691 0.00197836 0.00218563 -0.00074074 -0.00448052 3.79816e-05 0.000482331 0.00261358 0.00186665 0.00719048 -0.00159664
internal_weight=264100 262115 10147 1411 1172 329 239 188 276 196 8736 6148 843 360 483 295 228 297 247 123 2588 2505 378 154 251968 15705 3742 3217 525 714
internal_count=264100 262115 10147 1411 1172 329 239 188 276 196 8736 6148 843 360 483 295 228 297 247 123 2588 2505 378 154 251968 15705 3742 3217 525 714
is_linear=0
shrinkage=0.05


Tree=178
num_leaves=31
num_cat=0
split_feature=28 21 24 4 21 24 4 0 16 21 24 23 0 5 21 5 5 1 28 13 19 19 9 13 27 17 0 23 3 19
split_gain=1.89392 4.85897 2.295 2.93198 3.18096 2.97515 4.11258 3.09879 2.83447 2.24831 2.71536 3.67621 3.69584 3.73682 2.21167 2.13416 2.80093 2.05047 2.92108 2.61183 2.02552 1.93971 2.78785 2.60798 2.33201 3.79127 2.5728 2.4544 2.27268 2.03805
threshold=25.500000000000004 28.500000000000004 8.5000000000000018 -0.41183370103793077 37.500000000000007 2.5000000000000004 -0.18285179575064528 4.5402900480898207 2.5910601580427728 30.500000000000004 10.500000000000002 1.0000000180025095e-35 4.7985492905656644 1.9445920004237425 29.500000000000004 1.7962374405998924 1.3762185003026113 121.00000000000001 27.500000000000004 0.23671672760374432 52.219901575810034 50.812282665323643 1.0000000180025095e-35 0.15875932302668008 9.5000000000000018 8.5000000000000018 4.9193525064942056 1.5000000000000002 0.57855146471576868 32.016114133320826
decision_type=2 2 2 2 2 2 2 2 2 2 2 2 2 2 2 2 2 2 2 2 2 2 2 2 2 2 2 2 2 2
left_child=-1 -2 3 4 -3 6 -5 -7 -6 10 11 -4 13 14 -13 16 -12 -9 19 -19 -16 22 24 -23 25 -11 29 -26 -24 -27
right_child=1 2 9 5 8 7 -8 17 -10 21 15 12 -14 -15 20 -17 -18 18 -20 -21 -22 23 28 -25 27 26 -28 -29 -30 -31
leaf_value=2.1570691410607277e-05 0.0024590234483887721 0.0042320352101274062 -0.082834849288306367 -0.0021375418739184872 0.001067450223359447 -0.012953700940545579 0.0018350119270380636 -0.011181182858822273 -0.0041028271907126582 -0.00052850686056914783 -0.00029317527476684373 -0.089802371941689982 0.0037757751678081535 0.03852292705368799 -0.013426243085235979 -0.0033404585052373907 0.0047656167129126294 -0.031559727596748029 0.0019212493627078051 0.0019012091203535039 -0.035044016547233423 -0.00018251809848140001 0.00096048867001105674 0.00096502453222715415 -0.020098030240463052 0.006921090583560479 -0.00087260098168748896 -0.00067174667560523395 -0.0032295040614977524 0.00077816135488433425
leaf_weight=237268 867 2415 76 227 515 340 627 1022 239 4398 775 89 349 119 155 309 301 182 923 129 191 3093 1956 5610 266 235 79 710 135 105
leaf_count=237268 867 2415 76 227 515 340 627 1022 239 4398 775 89 349 119 155 309 301 182 923 129 191 3093 1956 5610 266 235 79 710 135 105
internal_value=7.53689e-05 0.000476794 0.000351976 0.0011535 0.0022515 0.000144928 0.00270492 -0.000697226 -0.000583554 7.20285e-05 -0.00137056 -0.00338611 -0.00249723 -0.0050361 -0.00718391 5.41522e-05 0.00110595 -2.65951e-05 0.00134522 -0.00284566 -0.00537572 0.000277628 -0.000290461 0.000792256 -0.000855342 -0.000403778 0.00414081 -0.00308402 0.00127451 0.00602941
internal_weight=263705 26437 25570 6619 3169 3450 854 2596 754 18951 2364 979 903 554 435 1385 1076 2256 1234 311 346 16587 7884 8703 5793 4817 419 976 2091 340
internal_count=263705 26437 25570 6619 3169 3450 854 2596 754 18951 2364 979 903 554 435 1385 1076 2256 1234 311 346 16587 7884 8703 5793 4817 419 976 2091 340
is_linear=0
shrinkage=0.05


Tree=179
num_leaves=31
num_cat=0
split_feature=2 16 24 29 1 14 12 1 28 16 29 7 16 5 13 16 28 0 12 7 11 16 13 11 28 29 1 10 23 7
split_gain=2.29762 2.95415 2.3696 5.46358 2.45657 2.35857 2.62122 2.39007 2.39673 3.01944 2.30427 2.57716 2.01489 2.78877 2.31928 2.49808 2.16947 2.00176 2.27345 2.23498 1.97115 2.86827 1.91952 1.94878 2.24662 3.56407 2.16471 1.91452 2.1826 3.00498
threshold=-0.46074312852063432 0.003600789203555103 18.500000000000004 -1.691767014093873 293.00000000000006 3.0046151432422592 1.2448114420507665 161.00000000000003 14.500000000000002 1.7953993681539062 -0.048647120297597581 1.5336695567011727 1.2489986561424047 0.93903965249392052 0.18055712624711576 4.7749535734160036 2.5000000000000004 5.142527586041834 0.31812575331608944 0.55800247903510469 0.2729399880609768 1.563371744354265 2.9853825634157407 3.2349386549367032 25.500000000000004 -0.22267175236315265 237.00000000000003 0.15000000000000002 5.5000000000000009 0.40650656479063169
decision_type=2 2 2 2 2 2 2 2 2 2 2 2 2 2 2 2 2 2 2 2 2 2 2 2 2 2 2 2 2 2
left_child=1 -1 4 -4 17 6 27 8 9 -7 11 12 -5 22 15 -15 -16 18 -3 -20 21 -18 23 24 26 -26 -14 28 -2 -30
right_child=5 2 3 10 -6 7 -8 -9 -10 -11 -12 -13 13 14 16 -17 20 -19 19 -21 -22 -23 -24 -25 25 -27 -28 -29 29 -31
leaf_value=0.0024422345075361222 0.00045520228940362128 4.8508570304618604e-05 0.0024147129831385275 0.00016659546017573279 -0.0035662065462975403 -0.0022775799501869218 -0.00086266861773700253 0.0034367762755010364 -0.0045209700194137345 0.0022119202953970038 0.00058013649232820108 0.0016644019349849209 -0.00051999116793005715 0.00010180459478767871 -0.0015967225641002171 0.0017442368637667419 -0.00094712302940371624 0.0011206855786050098 0.0014117209121304638 0.00057681523279117539 -0.00042722014105622499 0.0003140726462038608 0.0013608206041026616 0.0022512463418085642 -0.00069131136710455813 -0.011406626452080876 -0.0022820092006218097 -9.4109488664523562e-05 0.00055430938424466886 -0.0019589013342859144
leaf_weight=547 49829 19691 1069 9701 273 116 7113 497 159 158 1867 412 3270 4641 748 605 941 1759 3441 20554 10051 4835 195 89 313 112 395 112595 4163 3615
leaf_count=547 49829 19691 1069 9701 273 116 7113 497 159 158 1867 412 3270 4641 748 605 941 1759 3441 20554 10051 4835 195 89 313 112 395 112595 4163 3615
internal_value=6.39238e-05 0.000276989 0.000253408 -3.15966e-05 0.000498054 -3.82894e-05 -5.14615e-05 0.00247312 -0.000242494 0.00259124 -0.00013032 -0.000218409 -0.000263539 -0.000491505 -0.000260528 0.000655738 -0.000550527 0.000526461 0.000459873 0.000786623 -0.00042617 0.000309904 -0.0016438 -0.00187006 -0.00202934 -0.00547059 -0.00163029 -1.21614e-05 0.000222283 -0.000556698
internal_weight=263754 85509 84962 39244 45718 178245 177315 930 433 274 38175 36308 35896 26195 21821 5246 16575 45445 43686 23995 15827 5776 4374 4179 4090 425 3665 170202 57607 7778
internal_count=263754 85509 84962 39244 45718 178245 177315 930 433 274 38175 36308 35896 26195 21821 5246 16575 45445 43686 23995 15827 5776 4374 4179 4090 425 3665 170202 57607 7778
is_linear=0
shrinkage=0.05


Tree=180
num_leaves=31
num_cat=0
split_feature=29 22 18 13 13 24 9 24 4 13 28 19 6 4 5 4 27 27 29 24 9 5 1 20 5 13 28 20 21 18
split_gain=1.93364 1.81688 2.23186 1.89956 2.28495 1.69416 4.22628 2.03785 2.22562 2.9518 3.1687 2.69889 2.29596 1.86256 1.94089 1.76825 1.75097 3.0043 1.68535 5.64553 3.89137 2.3018 2.09821 3.08455 2.69218 2.17908 2.08938 1.9189 1.95231 1.89225
threshold=2.8408173346488366 12.500000000000002 2.7652120112715428 0.060731357493461202 0.018644057129502966 4.5000000000000009 0.62175225168482362 5.5000000000000009 -0.17510083151372932 0.3311750958972301 15.500000000000002 51.555051109777715 0.42123559590394816 -0.36446768693646087 1.5831026804476112 0.040226138725350517 4.5000000000000009 27.500000000000004 1.0363813241343511 8.5000000000000018 0.72158921252340558 1.4337600366147198 189.00000000000003 0.3948836546645465 0.80628925514093874 1.2876091881539071 26.500000000000004 0.70712073794109964 29.500000000000004 19.754392572490939
decision_type=2 2 2 2 2 2 2 2 2 2 2 2 2 2 2 2 2 2 2 2 2 2 2 2 2 2 2 2 2 2
left_child=18 2 3 4 -2 6 -3 16 13 10 12 -11 -10 -9 -15 -13 -7 -18 -1 21 22 29 24 -24 -21 27 -23 -26 -29 -20
right_child=1 5 -4 -5 -6 7 -8 8 9 11 -12 15 -14 14 -16 -17 17 -19 19 20 -22 26 23 -25 25 -27 -28 28 -30 -31
leaf_value=3.5041943632842816e-05 0.0011598576876869836 -0.0005680468566627092 -0.00054105633013653751 0.0027599772579359749 -0.0023346356311518949 0.0063571831149315319 0.0021846593629079496 0.0013627699859847468 0.0010467643594102693 -0.036057488718975128 -0.0017526392281840446 -0.0063405252835449484 0.0026402746626431241 0.0038442459102463835 -0.030420706162867819 0.0035922754068711186 0.00043638142513952369 0.0038131436397331035 0.00023143766218863579 -0.0011232665754892666 0.0039117483785268753 0.0027386942555240618 -0.038895697794153784 0.0027216307230698324 -0.056387896476823823 -0.012695598441603423 -0.026148697439171861 -0.0089255385506807131 -0.049941466620058918 -0.0063294736377916654
leaf_weight=251089 136 1299 3678 302 50 170 181 2110 302 102 359 136 147 369 64 56 452 223 418 95 67 456 224 84 108 55 158 73 77 241
leaf_count=251089 136 1299 3678 302 50 170 181 2110 302 102 359 136 147 369 64 56 452 223 418 95 67 456 224 84 108 55 158 73 77 241
internal_value=6.17787e-05 0.000738951 -6.24094e-05 0.00311475 -0.000860214 0.00129816 -0.000168918 0.00178174 0.00126886 -0.000607985 0.000952971 -0.00489796 0.00375278 0.00208219 0.00506928 -0.00140625 0.00399408 0.00285185 3.46645e-05 -0.00139105 -0.0047318 0.000663787 -0.00581006 -0.0026948 -0.00816176 -0.0103994 0.00286645 -0.0123256 -0.00866667 -0.00138847
internal_weight=263281 10136 4166 488 186 5970 1480 4490 3645 1102 808 294 449 2543 433 192 845 675 253145 2056 783 1273 716 308 408 313 614 258 150 659
internal_count=263281 10136 4166 488 186 5970 1480 4490 3645 1102 808 294 449 2543 433 192 845 675 253145 2056 783 1273 716 308 408 313 614 258 150 659
is_linear=0
shrinkage=0.05


Tree=181
num_leaves=31
num_cat=0
split_feature=29 5 28 18 0 4 28 7 22 11 0 1 20 21 14 17 7 16 7 22 7 0 18 22 6 28 0 29 5 5
split_gain=1.96678 2.12333 2.60757 3.31406 2.16748 2.16869 2.65762 2.68426 2.13925 3.05748 2.07769 4.06589 2.0624 2.04034 3.04258 2.40352 2.26903 2.14712 3.15124 2.59511 1.82799 1.75405 2.66969 2.57428 2.36692 2.00267 2.00184 2.45228 2.3134 1.9321
threshold=-1.1313414534795427 0.68594293058874634 1.0000000180025095e-35 44.858287520818259 5.0321893123531218 -0.050854599000037394 13.500000000000002 0.29699048739027689 1.5000000000000002 0.23508516446072983 4.5790689627974688 129.00000000000003 0.70775324439171794 30.500000000000004 13.651224984796185 3.5000000000000004 0.50689153867292835 3.2732179436284303 1.4507961983565558 13.500000000000002 0.63777410266464118 4.8459066944144054 21.941426293570924 32.500000000000007 0.82481013292718997 5.5000000000000009 4.7012900704448422 -1.8577800261288111 1.3231736199539006 1.1249258713123969
decision_type=2 2 2 2 2 2 2 2 2 2 2 2 2 2 2 2 2 2 2 2 2 2 2 2 2 2 2 2 2 2
left_child=1 4 3 8 5 6 -1 -8 -3 -10 11 -4 -9 15 17 16 -12 18 -15 -19 -21 23 29 24 26 -26 27 28 -17 -23
right_child=-2 2 10 -5 -6 -7 7 12 9 -11 13 -13 -14 14 -16 21 -18 19 -20 20 -22 22 -24 -25 25 -27 -28 -29 -30 -31
leaf_value=-0.0020176205671496826 1.0499170334108054e-05 0.0076798889721423017 0.0063944913203202967 0.0062209348333830683 0.00468601186018791 -0.012202171406417744 -0.055486138265609358 -0.00064308729792384063 -0.033978073288697792 -0.0017302190057386681 0.0090526647974197433 -0.0047230688224085401 0.0055570784464021219 0.0010835259382396387 -0.074027823005384671 -0.06287539549387125 -0.018306191095888668 0.0028431839578361554 -0.030452445280281411 0.0067273667546217638 0.00047650781253280258 -0.003306479881700926 0.0029629275182797739 -0.012511398368640486 -0.0040161477732194584 0.0018401267043589159 0.00015103037481398535 -0.00054225995811172279 -0.018075495174761376 0.0022339138888314287
leaf_weight=429 237688 63 264 106 490 77 94 133 385 355 51 1571 412 10310 80 181 592 1368 143 108 1489 335 432 390 263 2607 1658 578 260 851
leaf_count=429 237688 63 264 106 490 77 94 133 385 355 51 1571 412 10310 80 181 592 1368 143 108 1489 335 432 390 263 2607 1658 578 260 851
internal_value=6.04526e-05 0.000472676 0.000355974 -0.00227173 0.00221713 0.0010262 0.00161049 0.00365415 -0.00336862 -0.00412162 0.000457482 -0.00115804 0.005 0.000594119 0.000971996 -2.8055e-05 -0.00296267 0.00102996 0.000693103 0.00221754 0.000848466 0.000221708 0.00168109 -0.000176014 0.000100055 0.00109756 -0.000969368 -0.00271344 -0.00552154 0.000455313
internal_weight=263763 26075 24440 909 1635 1145 1068 639 803 740 23531 1835 545 21696 13498 8198 643 13418 10453 2965 1597 7555 1618 5937 5547 2870 2677 1019 441 1186
internal_count=263763 26075 24440 909 1635 1145 1068 639 803 740 23531 1835 545 21696 13498 8198 643 13418 10453 2965 1597 7555 1618 5937 5547 2870 2677 1019 441 1186
is_linear=0
shrinkage=0.05


Tree=182
num_leaves=31
num_cat=0
split_feature=28 21 18 0 11 14 3 27 1 23 22 1 1 0 22 11 27 0 22 12 2 1 21 17 22 18 19 6 22 1
split_gain=2.01907 6.11125 1.58044 3.45686 2.15508 2.2381 2.13972 2.61519 3.06818 1.65293 1.63638 2.23106 1.90074 1.85936 1.49862 1.49695 2.14516 2.19346 2.35746 3.12011 2.26127 1.90072 1.84452 2.61431 2.02682 2.54551 1.9348 1.67286 1.65787 1.68257
threshold=25.500000000000004 28.500000000000004 41.280443992448596 4.6533718866885332 1.4615970716302862 1.5747813859518967 -0.91282500487816998 10.500000000000002 233.00000000000003 1.0000000180025095e-35 14.500000000000002 269.00000000000006 289.00000000000006 4.757598829281628 25.500000000000004 0.68523801880228752 18.500000000000004 4.5486059994538381 32.500000000000007 0.12218387853063457 -0.63016557428911468 97.000000000000014 32.500000000000007 7.5000000000000009 5.5000000000000009 11.664501020531697 2.1354914317872797 0.40046790417427613 5.5000000000000009 249.00000000000003
decision_type=2 2 2 2 2 2 2 2 2 2 2 2 2 2 2 2 2 2 2 2 2 2 2 2 2 2 2 2 2 2
left_child=15 -2 6 4 9 -6 7 -3 14 -4 12 13 -5 -12 -9 -1 -17 21 22 -20 -21 -18 28 26 -25 -26 -24 -27 -19 -30
right_child=1 2 3 10 5 -7 -8 8 -10 -11 11 -13 -14 -15 -16 16 17 18 19 20 -22 -23 23 24 25 27 -28 -29 29 -31
leaf_value=-1.4431305595482233e-05 0.0025409601781504693 -0.00047863478019454192 0.0077782202310333476 0.00032970803207993648 -0.037561971452084432 -0.037497056398149341 0.0002923401722416627 -0.0073153628203910803 -0.096712272298974666 -0.00063718185453006326 0.0038144222719260889 -0.00093912191740729326 0.0034262035336758197 0.00021960023100811655 0.0024779383591404481 7.150118131102688e-05 -0.0063501248892462534 -0.00020199394936717093 0.00099556579675200195 -0.0045477286896409277 0.0010662404402329109 -0.00040433891011103457 0.0033623282853537011 -0.0031873266632893265 0.0036368076338975895 0.0027262740572271196 -0.00011730882802816064 -0.00014029665776021401 0.00082102519055070235 0.0019702785540699889
leaf_weight=185368 888 4954 112 778 60 175 17352 138 94 728 580 54 179 191 76 37203 107 1075 170 342 127 1443 72 89 147 57 4092 186 6169 1081
leaf_count=185368 888 4954 112 778 60 175 17352 138 94 728 580 54 179 191 76 37203 107 1075 170 342 127 1443 72 89 147 57 4092 186 6169 1081
internal_value=9.07093e-05 0.0005059 0.000363748 0.00147182 -0.000767441 -0.005 0.000223756 -0.000659444 -0.00512987 0.000416667 0.00282267 0.00445455 0.00141588 0.00514267 -0.00182243 4.46735e-05 0.000280749 0.000782147 0.000985155 -0.00197966 -0.00408316 -0.000999999 0.00113125 0.00033276 0.0038309 0.00538462 -6.9644e-05 0.0022428 0.00157658 0.00184828
internal_weight=264087 26359 25471 2857 1075 235 22614 5262 308 840 1782 825 957 771 214 237728 52360 15157 13607 639 469 1550 12968 4643 479 390 4164 243 8325 7250
internal_count=264087 26359 25471 2857 1075 235 22614 5262 308 840 1782 825 957 771 214 237728 52360 15157 13607 639 469 1550 12968 4643 479 390 4164 243 8325 7250
is_linear=0
shrinkage=0.05


Tree=183
num_leaves=31
num_cat=0
split_feature=28 24 27 9 0 18 19 28 23 19 6 0 27 9 0 17 24 28 20 26 28 12 27 6 0 2 0 14 16 4
split_gain=3.04555 3.79073 3.07185 2.7334 2.60187 2.80498 2.39031 2.38889 4.04898 3.19804 2.17854 2.13026 2.79033 2.09059 2.02114 1.91247 2.696 5.94097 6.1729 3.96752 3.3588 3.15626 2.94833 2.82936 2.46144 3.11889 2.36521 2.45138 2.19155 3.36545
threshold=25.500000000000004 8.5000000000000018 2.5000000000000004 0.83246054453473639 5.1802844912163515 18.13999714096234 54.244096753380468 29.500000000000004 2.5000000000000004 45.784357802777031 1.9524119417911521 4.6568054714595153 7.5000000000000009 0.90958291410186376 5.0763865755225819 8.5000000000000018 11.500000000000002 31.500000000000004 0.70775324439171794 1.0000000180025095e-35 37.500000000000007 1.5124841460464775 3.5000000000000004 0.351014517246446 4.8696986285031327 -0.11161934049214291 4.6948551260747839 2.7741413236991019 0.3169438906124164 0.10910669148715564
decision_type=2 2 2 2 2 2 2 2 2 2 2 2 2 2 2 2 2 2 2 2 2 2 2 2 2 2 2 2 2 2
left_child=10 2 4 6 5 7 -4 14 -9 -10 -1 12 -12 -5 -2 16 17 18 19 26 -18 23 24 -22 -20 -26 27 -3 -17 -30
right_child=1 15 3 13 -6 -7 -8 8 9 -11 11 -13 -14 -15 -16 28 20 -19 22 -21 21 -23 -24 -25 25 -27 -28 -29 29 -31
leaf_value=-3.1474106260042951e-05 0.0045957273337052162 -0.044029286488720044 -0.00038450477152348494 -0.033508802952866838 -0.036432315995651651 0.0017771478942348491 0.0013764830395834409 0.0039189844998196244 -0.0032253710322097968 0.0018541304825523978 -0.038085888169146903 0.00012281537456782464 0.0023457810532680006 -0.002835368721568986 -0.0029445821712514365 0.0054330915487807163 0.00024797432713774103 0.0075102421764932682 -0.022479219484758811 -0.062286600160358412 -0.0041373978076332729 -0.015098619698702668 0.0048147691760272076 0.00036183000406847949 0.012888359331435621 -0.016222170875784019 -0.0071372073078864728 -0.017630683171220546 0.00082567590671442598 -0.003550685807400763
leaf_weight=230446 1326 405 1981 56 51 1211 1726 257 270 59 139 5121 1599 108 51 423 12878 474 304 71 170 84 478 310 313 101 1210 306 1492 116
leaf_count=230446 1326 405 1981 56 51 1211 1726 257 270 59 139 5121 1599 108 51 423 12878 474 304 71 170 84 478 310 313 101 1210 306 1492 116
internal_value=3.63903e-05 0.000547635 0.00153467 0.000585121 0.00267442 0.00285444 0.000864581 0.00402191 0.00134812 -0.00232523 -2.01212e-05 0.000857997 0.00237054 -0.00573171 0.00515977 0.000181605 9.35513e-06 -0.00119334 -0.00196989 -0.0036747 0.000337004 -0.00343972 0.000869566 -0.001875 -0.00115599 0.00135266 -0.0032457 -0.00553446 0.0016322 0.000789802
internal_weight=263536 26231 7096 3871 3225 3174 3707 1963 586 329 237305 6859 1738 164 1377 19135 17104 3662 3188 1992 13442 564 1196 480 718 414 1921 711 2031 1608
internal_count=263536 26231 7096 3871 3225 3174 3707 1963 586 329 237305 6859 1738 164 1377 19135 17104 3662 3188 1992 13442 564 1196 480 718 414 1921 711 2031 1608
is_linear=0
shrinkage=0.05


Tree=184
num_leaves=31
num_cat=0
split_feature=28 24 0 27 18 28 11 18 18 12 0 29 20 4 1 24 19 22 0 28 24 14 3 29 24 0 7 22 12 6
split_gain=2.35818 3.58312 3.88015 3.15057 3.40663 3.70813 2.11179 2.26307 1.82261 1.785 1.74212 1.69374 1.76436 3.26708 3.14762 3.56628 2.73475 5.70162 4.22622 4.38966 3.9107 2.63923 3.77529 2.40556 3.33875 2.41408 3.3987 2.37145 2.50125 2.32744
threshold=25.500000000000004 7.5000000000000009 4.4674786937065862 2.5000000000000004 18.13999714096234 30.500000000000004 1.2760418371562345 26.341942685659273 62.107379387004379 0.084130892432518242 4.6948551260747839 2.1505055889027402 1.2782096704950086 -0.56778403148787893 181.00000000000003 15.500000000000002 4.1037525592591368 12.500000000000002 4.6568054714595153 22.500000000000004 27.500000000000004 0.49877466842308094 -0.79553172732202504 -1.0791108000276988 9.5000000000000018 4.9146515907655006 0.53674612676591082 2.5000000000000004 0.20298221741558156 0.6475644112884763
decision_type=2 2 2 2 2 2 2 2 2 2 2 2 2 2 2 2 2 2 2 2 2 2 2 2 2 2 2 2 2 2
left_child=11 2 6 4 5 -4 7 9 -3 -2 -10 12 16 -14 -15 23 17 18 -1 20 21 22 -20 29 25 26 -25 28 -22 -16
right_child=1 8 3 -5 -6 -7 -8 -9 10 -11 -12 -13 13 14 15 -17 -18 -19 19 -21 27 -23 -24 24 -26 -27 -28 -29 -30 -31
leaf_value=0.0034385683044493168 0.0022264890611867262 9.7883823314663838e-05 0.0041449317294324182 0.00069364912279247808 0.0015809923878682083 -4.0281021346497401e-05 -0.019381043898817629 0.012479675098199815 0.0018510709383266677 -0.010601201900014958 0.0048913369824499665 0.00050614546491118534 0.0015410599106748712 -8.761738038040431e-05 -0.0009095937403465036 -0.0013097657919890549 1.2980651503967523e-05 -1.9295644194604104e-05 0.0021920838673181644 -0.01933967750780766 -0.0017655359720044495 0.002421003574566467 -0.00056966722857237223 -0.0088028442256514339 0.0013376532409496295 -0.0040090003019423405 0.0011347490660041325 -5.8764389129544883e-06 3.3497106972747414e-05 0.004166361530456999
leaf_weight=480 64 19931 1270 3031 898 320 52 91 460 123 130 8362 440 18008 265 2560 194931 7030 221 176 66 2112 778 98 548 366 277 438 56 216
leaf_count=480 64 19931 1270 3031 898 320 52 91 460 123 130 8362 440 18008 265 2560 194931 7030 221 176 66 2112 778 98 548 366 277 438 56 216
internal_value=8.99179e-05 0.000538491 0.00163019 0.0019451 0.00326367 0.00465409 -0.00363636 -0.00190647 0.000227329 -0.00505348 0.0029661 4.0097e-05 1.45815e-05 -0.00040302 -0.000487062 -0.00169746 6.06924e-05 0.000814917 0.00224289 0.00169093 0.00206075 0.00275313 0.000635636 2.82492e-05 -0.00109775 -0.0032861 -0.000466666 -0.00178571 -0.00795082 0.00304574
internal_weight=263798 26370 5849 5519 2488 1590 330 278 20521 187 590 237428 229066 22778 22338 4330 206288 11357 4327 3847 3671 3111 999 1770 1289 741 375 560 122 481
internal_count=263798 26370 5849 5519 2488 1590 330 278 20521 187 590 237428 229066 22778 22338 4330 206288 11357 4327 3847 3671 3111 999 1770 1289 741 375 560 122 481
is_linear=0
shrinkage=0.05


Tree=185
num_leaves=31
num_cat=0
split_feature=28 21 24 29 0 21 24 29 20 5 7 11 15 2 6 28 19 7 21 7 12 20 24 0 0 0 0 29 0 7
split_gain=2.10497 6.39585 1.78493 3.29175 2.36602 2.04003 3.66751 2.20774 2.80476 2.48353 2.63123 2.00083 2.02227 2.42873 1.90199 2.03276 1.90108 1.87274 1.84158 2.45399 2.13886 2.10414 2.48963 2.92545 2.7626 2.38492 3.8464 2.28643 2.14536 2.0252
threshold=25.500000000000004 28.500000000000004 8.5000000000000018 -3.6915046855524722 4.4439066730957402 30.500000000000004 11.500000000000002 -0.77071677021972174 1.2782096704950086 0.88821823950593071 0.47908903604429715 1.2369955598646747 14.500000000000002 -0.60080069168530958 0.20635415146073929 26.500000000000004 44.203173123004881 0.3389386867849849 36.500000000000007 0.58336934057549772 1.5124841460464775 0.082548966799131623 7.5000000000000009 4.6916983434607848 4.6207751646789132 4.8298264345200224 4.9146515907655006 -0.11661615340548669 4.973239364658367 0.47245318693324684
decision_type=2 2 2 2 2 2 2 2 2 2 2 2 2 2 2 2 2 2 2 2 2 2 2 2 2 2 2 2 2 2
left_child=-1 -2 3 -3 11 6 -4 -8 9 10 -9 12 13 -5 -11 -16 -17 -6 21 20 29 -19 23 24 -23 -24 -27 28 -25 -20
right_child=1 2 5 4 17 -7 7 8 -10 14 -12 -13 -14 -15 15 16 -18 18 19 -21 -22 22 25 27 -26 26 -28 -29 -30 -31
leaf_value=4.1083350256175015e-05 0.0022457204215131175 0.0076623107462032575 -0.013489736165904554 0.00021147839349978763 0.0026134718818685097 0.00019944313798213095 0.0044353233250404439 -0.00054909012832193274 0.002453264548673765 0.0025040049176696388 -0.044321006345175273 -0.0248434312003054 0.0059907886836041624 -0.014004649954439702 0.0024798532078534117 0.0017297658841362914 -0.012295775604570822 0.0041863230672975144 -0.0027382084930803103 -0.0014388546211391486 0.0040026877905053456 -4.6614089921585394e-05 0.0067119164266246124 -0.0023598101660288733 -0.021511234552507245 -0.21793739199624015 -0.02570885817551051 0.0037726842361109911 0.0025682939516216848 0.0011049586713537368
leaf_weight=237675 880 327 1258 76 256 16487 432 66 132 52 63 60 103 61 106 67 156 1695 339 1336 111 478 115 210 65 78 189 377 242 477
leaf_count=237675 880 327 1258 76 256 16487 432 66 132 52 63 60 103 61 106 67 156 1695 339 1336 111 478 115 210 65 78 189 377 242 477
internal_value=0.000100713 0.000525215 0.000380106 0.00108795 0.000832802 0.000132048 -0.00125214 0.000893855 -0.000965731 -0.00264706 -0.00864341 -0.0035 -0.00145833 -0.00543796 -0.000616797 -0.00202128 -0.00473094 0.0010506 0.000863096 -0.000245249 0.00173139 0.00159032 0.000376283 0.00137026 -0.0014825 -0.00319372 -0.00578652 0.00323884 0.000840709 0.000845589
internal_weight=263969 26294 25414 6595 6268 18819 2332 1074 642 510 129 300 240 137 381 329 223 5968 5712 2263 927 3449 1754 1372 543 382 267 829 452 816
internal_count=263969 26294 25414 6595 6268 18819 2332 1074 642 510 129 300 240 137 381 329 223 5968 5712 2263 927 3449 1754 1372 543 382 267 829 452 816
is_linear=0
shrinkage=0.05


Tree=186
num_leaves=31
num_cat=0
split_feature=5 0 21 18 22 26 29 5 12 29 24 12 11 29 16 0 7 18 24 12 6 19 18 1 6 16 0 16 6 29
split_gain=1.53857 1.83568 2.53829 2.52449 2.62501 1.88014 1.88066 1.75588 1.72946 1.70383 1.69279 1.62188 1.93265 1.61241 1.60427 1.76032 2.39905 1.69299 2.51539 1.98967 1.86206 1.8243 2.9915 1.67836 1.87715 1.786 1.59185 1.96931 2.91353 1.58094
threshold=1.8464518028468426 5.2106208181773761 34.500000000000007 2.8913950297375899 4.5000000000000009 1.0000000180025095e-35 -0.56603449248727311 1.9709976097904913 0.2110248339110514 -3.1903952382278615 14.500000000000002 0.075889935982454887 0.20016927206842139 -0.66068530402962788 0.5568351022463871 4.6152523066285216 0.41486821413055597 52.454160089108875 14.500000000000002 0.21501923032014481 0.9026011049224818 47.906838449641093 21.263223200823713 105.00000000000001 0.71376173517511254 1.0525016680048993 4.6245658589774434 0.025853326908751001 0.44796431123003039 -0.45759740947364863
decision_type=2 2 2 2 2 2 2 2 2 2 2 2 2 2 2 2 2 2 2 2 2 2 2 2 2 2 2 2 2 2
left_child=-1 2 7 4 10 6 -3 -2 11 -9 -4 -8 -13 -12 -11 16 -16 19 -19 20 29 22 -21 24 -17 -26 27 28 -5 -18
right_child=1 5 3 26 -6 -7 8 9 -10 14 13 12 -14 -15 15 23 17 18 -20 21 -22 -23 -24 -25 25 -27 -28 -29 -30 -31
leaf_value=3.1514895690096341e-06 0.00091904746335422271 0.0016446178138532247 0.0038321965128850703 -0.0082736287918357843 0.00029625512963364891 0.0033847440918317756 0.00041789967443324862 -0.012519572467431756 0.00090874273038364151 -0.00011953833654654003 0.004774394224913622 -0.0001097114347652823 -0.0025201724212880823 -0.00060278847670331955 0.0079381637738304197 0.0014056819082795304 -0.0045415176785086973 -0.092122739160566486 0.0093925555152327214 -0.001587863404380818 0.0041870902682148011 -0.0069844915540660073 0.0058136870294622891 0.00035290300497052346 0.002282112987408848 -0.0012324906067636421 -0.00061807566082414242 0.00079734157741560602 0.0021528367930834661 0.0013991578079902262
leaf_weight=223672 4292 365 119 96 1568 153 488 409 329 7261 56 436 185 81 54 1351 119 55 78 452 116 388 69 11863 96 500 7002 1954 98 206
leaf_count=223672 4292 365 119 96 1568 153 488 409 329 7261 56 436 185 81 54 1351 119 55 78 452 116 388 69 11863 96 500 7002 1954 98 206
internal_value=5.67053e-05 0.000341336 0.000265001 -0.000377255 0.00132127 0.00183538 0.00138381 0.000523088 0.000570237 0.000349959 0.00601563 -0.00037421 -0.00206924 0.00222628 0.000407821 0.000697531 -0.000907612 -0.00128456 0.00409774 -0.00181481 0.000941044 -0.00315181 -0.00121881 0.000876177 0.00223678 -0.000100671 -0.000715846 0.000474861 -0.0043299 -0.000999999
internal_weight=263911 40239 38283 10974 1824 1956 1803 27309 1438 23017 256 1109 621 137 22608 15347 1537 1483 133 1350 441 909 521 13810 1947 596 9150 2148 194 325
internal_count=263911 40239 38283 10974 1824 1956 1803 27309 1438 23017 256 1109 621 137 22608 15347 1537 1483 133 1350 441 909 521 13810 1947 596 9150 2148 194 325
is_linear=0
shrinkage=0.05


Tree=187
num_leaves=31
num_cat=0
split_feature=29 29 24 21 24 1 1 27 0 1 29 1 18 0 2 7 11 29 5 29 2 20 22 29 5 4 5 29 7 18
split_gain=3.0197 1.96106 3.26392 7.4867 5.40885 4.13133 3.38971 3.07823 3.38096 7.12997 2.86433 3.06709 2.70753 2.50368 2.94196 2.39746 2.37953 2.31993 2.31528 2.2054 2.56221 2.17683 3.03795 2.70662 2.17654 2.17417 2.17343 2.10531 3.59633 2.8391
threshold=2.8408173346488366 -1.1313414534795427 11.500000000000002 33.500000000000007 8.5000000000000018 277.00000000000006 177.00000000000003 30.500000000000004 4.6500701778329185 153.00000000000003 -2.0687998472287839 157.00000000000003 41.280443992448596 4.8696986285031327 -0.95219010203812959 0.74768817098010221 0.03502285097609234 -3.6915046855524722 2.0592856403001472 -2.3675210365522781 -0.27798732298778545 0.75543956705845494 31.500000000000004 -4.5835963978295169 0.74501559757316538 -0.31060534683096153 2.0939217757954247 -2.0687998472287839 0.54826160929652334 12.328031187125188
decision_type=2 2 2 2 2 2 2 2 2 2 2 2 2 2 2 2 2 2 2 2 2 2 2 2 2 2 2 2 2 2
left_child=1 2 3 4 5 19 24 8 9 -6 -4 -12 13 14 -10 -11 -13 -9 -19 20 21 22 23 -1 -5 -15 -22 -27 -29 -30
right_child=-2 -3 10 6 7 -7 -8 17 12 15 11 16 -14 25 -16 -17 -18 18 -20 -21 26 -23 -24 -25 -26 27 -28 28 29 -31
leaf_value=0.0088189464767846372 0.00066095075731891851 2.3019484461579968e-06 0.0031214916135741729 0.0030377898018037466 0.018779565304686233 -0.10409810483167546 0.0036270318993331337 -0.090799276901144144 -0.00055551170273967696 -0.075447153415510351 0.0019292039882582972 0.0019862071356351861 0.020395926440165135 0.02281043184042263 -0.017289798195016134 -0.040151984237396007 0.00010851563022883999 -0.026339477016516885 -0.057474478847199965 -0.00083931404513006491 0.0096853273971502368 0.0056781578023161229 -0.092616504765665311 -0.0016285013036293227 -0.0017529490771566779 0.0071779984981882499 -0.013266209492026788 0.0038881082023227587 -0.026569225691130932 -0.000133159076140486
leaf_weight=239 10171 227419 1434 324 80 74 2443 86 854 108 1829 1162 293 220 1347 562 8173 281 56 2523 314 236 85 780 1809 287 80 263 151 93
leaf_count=239 10171 227419 1434 324 80 74 2443 86 854 108 1829 1162 293 220 1347 562 8173 281 56 2523 314 236 85 780 1809 287 80 263 151 93
internal_value=8.5831e-05 5.19515e-05 0.000461698 -7.58016e-05 -0.000912117 0.000361349 0.00157124 -0.00209036 -0.00168624 -0.00473333 0.00104144 0.00077123 -0.00103478 -0.00145412 -0.00240118 -0.00641791 0.000404393 -0.00615839 -0.00428783 0.000564952 0.00193772 0.000895523 -3.62313e-05 0.000721296 0.000114862 0.000601579 0.00548223 -0.000617128 -0.00255424 -0.00692623
internal_weight=263776 253605 26186 13588 9012 4331 4576 4681 4258 750 12598 11164 3508 3215 2201 670 9335 423 337 4257 1734 1340 1104 1019 2133 1014 394 794 507 244
internal_count=263776 253605 26186 13588 9012 4331 4576 4681 4258 750 12598 11164 3508 3215 2201 670 9335 423 337 4257 1734 1340 1104 1019 2133 1014 394 794 507 244
is_linear=0
shrinkage=0.05


Tree=188
num_leaves=31
num_cat=0
split_feature=28 21 18 0 11 7 4 29 18 21 5 21 29 13 14 0 11 11 23 5 11 16 7 16 14 3 13 11 7 20
split_gain=3.12756 3.373 2.66291 2.23514 2.60688 1.68556 2.1732 1.86949 2.12518 1.56818 1.52067 1.68651 2.22684 2.48386 2.05805 2.42647 1.47003 1.66331 1.48597 1.90042 2.14668 2.07923 1.79933 1.64853 1.88862 1.61946 1.54149 1.69701 1.47567 1.44295
threshold=25.500000000000004 28.500000000000004 43.562536307972401 4.6046610299420534 1.5104137162834885 0.90927485060792834 -0.30102930505198938 -1.5596558316951226 34.597550769338447 31.500000000000004 3.1888770413588818 38.500000000000007 -1.9534123769382994 0.52378505918432794 5.6785847193382484 4.7136623405178657 0.0202217690411708 0.093350665611367803 2.5000000000000004 1.4568475996519774 0.25685888386045203 1.8551935372537571 1.0037348242180901 3.7482156010591576 4.5082225661233091 -0.96764510440433205 0.063084786336669668 1.6799458840419905 1.3643067907702577 0.70775324439171794
decision_type=2 2 2 2 2 2 2 2 2 2 2 2 2 2 2 2 2 2 2 2 2 2 2 2 2 2 2 2 2 2
left_child=-1 -2 5 4 -4 7 10 8 29 -6 11 16 -13 -14 15 -15 -7 -18 26 20 22 25 -20 24 -21 -22 27 -19 -25 -3
right_child=1 2 3 -5 9 6 -8 -9 -10 -11 -12 12 13 14 -16 -17 17 18 19 23 21 -23 -24 28 -26 -27 -28 -29 -30 -31
leaf_value=-1.4264693865506367e-05 0.0018644197972282367 0.0031603784807364165 0.0028447867916972067 0.0019871883629025886 -0.093328751725350892 0.0025386881121938431 -0.024506021091975527 0.00016414131239257494 -0.037248115348711974 -0.0066596920025738865 0.0036293260211773927 0.0069067007314104912 -0.0006986690522743157 -0.12452714409971735 -0.00045311704397352172 -0.0056353771390289286 -0.021975354409762188 -0.00034956457240129142 -0.011195356361704186 -5.5631994313670777e-05 -0.07512708255609174 0.00092941452079339435 -0.076255935675378528 -0.0022000843871090884 0.0041335978842476475 0.0027900247085088127 0.0013946560880382841 -0.039244720152154883 -0.051759906281357376 0.0043795140016164276
leaf_weight=237592 881 1008 369 2069 61 586 109 15237 170 76 69 104 511 110 92 60 245 110 103 866 98 277 68 365 246 53 1322 52 65 1107
leaf_count=237592 881 1008 369 2069 61 586 109 15237 170 76 69 104 511 110 92 60 245 110 103 866 98 277 68 365 246 53 1322 52 65 1107
internal_value=3.52739e-05 0.000550607 0.000445955 0.00197087 -0.0010079 0.000275475 -0.000487207 0.000515353 0.00184902 -0.00689781 -0.000346167 -0.00044159 -0.00244584 -0.00336999 -0.00732824 -0.0105882 -4.71269e-05 -0.000400516 -0.000131034 -0.000973843 -0.00336394 -0.00147196 -0.00809941 -4.5395e-05 0.000971224 -0.00619205 0.00108491 -0.00351852 -0.00267442 0.00228132
internal_weight=264081 26489 25608 2575 506 23033 5511 17522 2285 137 5402 5333 877 773 262 170 4456 3870 3625 2141 599 428 171 1542 1112 151 1484 162 430 2115
internal_count=264081 26489 25608 2575 506 23033 5511 17522 2285 137 5402 5333 877 773 262 170 4456 3870 3625 2141 599 428 171 1542 1112 151 1484 162 430 2115
is_linear=0
shrinkage=0.05


Tree=189
num_leaves=31
num_cat=0
split_feature=2 27 21 21 5 18 16 6 5 7 16 18 5 21 29 5 3 24 29 18 18 24 22 24 24 18 5 5 23 29
split_gain=2.26593 2.49355 3.57372 3.3236 2.24103 2.20739 2.00597 1.68428 1.68034 1.5766 3.08998 1.89872 1.73778 3.71187 2.32824 1.71052 2.32581 1.98805 1.91108 2.33633 1.69372 1.6816 1.62308 1.81518 1.59075 3.12822 3.93477 2.67657 3.62031 3.05184
threshold=-0.83255819764883865 2.5000000000000004 30.500000000000004 28.500000000000004 1.3543796053240111 16.877027262905322 2.390169314937999 0.87907762625061514 1.156743766152758 1.1279771646527588 3.865127940442854 39.41889611950149 1.6129722275535059 28.500000000000004 -0.42083534739551903 2.0003250782998951 -1.1608654100088913 24.500000000000004 -1.9534123769382994 11.475555918351697 11.664501020531697 26.500000000000004 23.500000000000004 12.500000000000002 1.5000000000000002 20.315314811319141 2.5923042418178937 0.45954278253865488 2.5000000000000004 -0.052392860855832203
decision_type=2 2 2 2 2 2 2 2 2 2 2 2 2 2 2 2 2 2 2 2 2 2 2 2 2 2 2 2 2 2
left_child=1 2 5 -3 -4 6 -1 -6 -5 24 11 12 13 -11 -15 17 18 -14 19 -17 -16 -22 23 -13 25 26 27 29 -29 -2
right_child=9 3 4 8 7 -7 -8 -9 -10 10 -12 22 15 14 20 16 -18 -19 -20 -21 21 -23 -24 -25 -26 -27 -28 28 -30 -31
leaf_value=0.0057691248353495686 0.0084931003430080004 -0.00053060654089929213 0.0017557854198480859 0.00060931244343420047 0.0033697957681404381 0.0022492598686649 0.0024142808797858943 -0.0021171624376879828 0.00014339486105602336 -0.005675674350814312 0.0044704259053425215 -0.0045961232913875561 0.00046049135485671296 0.00088269439832258613 -0.0070239753696936654 0.0017532343618451931 0.0013511468788063362 0.0018137559435698553 -0.00027907112656691622 -0.051615337317065094 -0.0050528839863586044 0.0015209499641169731 0.0045263790800416622 0.0018741576419051835 -5.9416533992081932e-05 -0.0012855696535219658 0.0016852730305090724 -0.00071637505798071918 0.0008218536397267258 0.0019841990919491365
leaf_weight=253 210 5367 638 10642 60 694 283 829 30828 72 180 281 1054 491 59 86 398 427 1964 128 140 71 272 532 198855 1478 672 2198 3737 902
leaf_count=253 210 5367 638 10642 60 694 283 829 30828 72 180 281 1054 491 59 86 398 427 1964 128 140 71 272 532 198855 1478 672 2198 3737 902
internal_value=4.95266e-05 0.000354076 0.00181538 0.000268058 0.000199739 0.00382114 0.00623134 -0.00142295 0.000419581 -2.09838e-05 0.000767669 0.000573222 0.000153375 -0.00192677 -0.000900131 0.000580479 -0.000197981 0.0019345 -0.00084022 -0.0053271 -0.00462963 -0.00253554 0.00246544 0.00134686 -4.43152e-05 0.000598565 0.00100207 0.00065347 0.000231677 0.00290468
internal_weight=263801 49594 2757 46837 1527 1230 536 889 41470 214207 6155 5975 4890 833 761 4057 2576 1481 2178 214 270 211 1085 813 208052 9197 7719 7047 5935 1112
internal_count=263801 49594 2757 46837 1527 1230 536 889 41470 214207 6155 5975 4890 833 761 4057 2576 1481 2178 214 270 211 1085 813 208052 9197 7719 7047 5935 1112
is_linear=0
shrinkage=0.05


Tree=190
num_leaves=31
num_cat=0
split_feature=28 21 24 29 27 24 27 4 6 21 23 20 7 24 1 4 29 0 3 18 0 29 27 28 1 24 0 5 5 19
split_gain=2.46872 4.00392 2.26735 3.92949 2.70781 2.03488 4.08353 3.25855 1.96216 2.68901 2.83915 1.85828 1.82231 1.68076 1.92612 2.32599 1.67531 2.92243 3.06515 1.69038 2.60839 2.17099 3.0946 2.14063 3.27842 2.05495 2.83409 2.5248 2.37515 2.16646
threshold=25.500000000000004 28.500000000000004 8.5000000000000018 -3.6915046855524722 2.5000000000000004 2.5000000000000004 12.500000000000002 -0.12529938290828072 0.85636459197469328 31.500000000000004 2.5000000000000004 0.70734206224835539 0.56604128412975718 6.5000000000000009 213.00000000000003 -0.15954060733698083 -3.1903952382278615 4.6603476403907047 -0.88374509716246219 39.41889611950149 4.6426673853605518 1.0363813241343511 3.5000000000000004 27.500000000000004 189.00000000000003 19.500000000000004 4.7412328621058295 3.8229127378424761 0.82076849548864261 11.724891578114079
decision_type=2 2 2 2 2 2 2 2 2 2 2 2 2 2 2 2 2 2 2 2 2 2 2 2 2 2 2 2 2 2
left_child=-1 13 3 -3 8 7 -7 -6 -5 -10 -11 -9 -8 -2 15 -15 17 18 -4 21 -21 25 -23 24 -24 27 28 -18 29 -27
right_child=1 2 16 4 5 6 12 11 9 10 -12 -13 -14 14 -16 -17 19 -19 -20 20 -22 22 23 -25 -26 26 -28 -29 -30 -31
leaf_value=1.2046434679126906e-05 0.0030684104846166443 0.0071228637841586982 -0.031270487362028941 0.0016757934411826736 -0.0001654815903327412 -3.9249577882139232e-05 -0.0097463593072830354 -0.0014480496545841281 0.0062945250537185526 0.0030485870485820916 -0.0059071473677086263 0.0027969388520454066 -0.052732389319545984 -0.0047603855120705828 0.003037195178594132 0.0011254728395765057 0.00042632117324523881 0.0025400298897060628 -0.040754930793538292 -0.0013843019714086633 0.0016993906808566298 -0.033395501353980277 -0.043320348319709018 0.0019655636815790879 0.0027705340134686835 0.0084827515390570405 -0.00040822554085242205 0.0021104458563343865 0.00030646925643506109 -2.3682706804748977e-06
leaf_weight=237780 400 317 154 1945 581 2429 107 96 537 69 110 307 122 209 135 119 8480 307 66 742 1702 431 93 270 92 98 3871 535 1860 61
leaf_count=237780 400 317 154 1945 581 2429 107 96 537 69 110 307 122 209 135 119 8480 307 66 742 1702 431 93 270 92 98 3871 535 1860 61
internal_value=6.65663e-05 0.000526768 0.000412892 0.00120846 0.00093527 4.9424e-05 -0.000669676 0.00199187 0.00214769 0.00438548 -0.000921787 0.00544665 -0.0070524 0.00387601 0.00182505 -0.000243902 0.000132183 -0.00264706 -0.00704545 0.000212504 0.00143617 2.3115e-05 -0.00238149 0.000494506 -0.00364865 0.000166052 -0.000560271 0.0006406 0.000958396 0.0068239
internal_weight=264025 26245 25382 6620 6303 3642 2658 984 2661 716 179 403 229 863 463 328 18762 527 220 18235 2444 15791 886 455 185 14905 5890 9015 2019 159
internal_count=264025 26245 25382 6620 6303 3642 2658 984 2661 716 179 403 229 863 463 328 18762 527 220 18235 2444 15791 886 455 185 14905 5890 9015 2019 159
is_linear=0
shrinkage=0.05


Tree=191
num_leaves=31
num_cat=0
split_feature=29 29 0 24 24 7 1 4 4 5 27 4 27 24 5 24 23 16 0 0 0 28 29 14 24 18 28 28 24 29
split_gain=2.75079 1.59366 4.21241 3.07419 3.48263 3.18618 5.0546 3.19826 2.21522 3.39084 2.28731 2.37948 2.25779 2.86287 3.76493 3.23336 3.16405 2.5358 2.47215 3.51867 2.16972 2.15828 2.28046 2.20078 2.14803 4.18459 4.09227 2.8125 2.56566 2.9254
threshold=2.8408173346488366 -0.87527059907807514 4.7324720776733296 11.500000000000002 1.5000000000000002 0.48391616971816248 101.00000000000001 0.097217299422049319 -0.31060534683096153 0.7103432039503933 27.500000000000004 0.031471677640922117 4.5000000000000009 8.5000000000000018 1.4568475996519774 11.500000000000002 5.5000000000000009 0.51411916391558043 4.6152523066285216 4.7229765984487448 5.0448809385801114 25.500000000000004 -2.1968687689319921 2.7188439467348187 2.5000000000000004 32.587699804126515 11.500000000000002 4.5000000000000009 7.5000000000000009 -3.6915046855524722
decision_type=2 2 2 2 2 2 2 2 2 2 2 2 2 2 2 2 2 2 2 2 2 2 2 2 2 2 2 2 2 2
left_child=1 2 8 4 -4 6 20 -8 9 -1 -10 -12 13 -11 15 17 18 -15 -16 -20 -6 -7 23 -23 25 26 27 -14 -26 -30
right_child=-2 -3 3 -5 5 21 7 -9 10 12 11 -13 24 14 16 -17 -18 -19 19 -21 -22 22 -24 -25 28 -27 -28 -29 29 -31
leaf_value=-0.0095973887010632059 0.00057207296492308758 -4.1642325060620801e-05 0.0029580818729906394 0.00081582905152288341 -0.023812639129410687 -0.0029276125866429014 0.0023473338497956753 0.0076714040014012721 0.003031593672039892 0.0066252477269119064 8.4891117844021133e-05 -0.012282315425544241 -0.0012897932386016484 -0.052578622984436274 -0.047465370013122871 -0.0077901328341412699 0.0081187016126764936 -0.020334391277264413 0.0022180144068914259 -0.038380873131823506 -0.00051206627839121941 0.0022269924909528835 -0.0013294457211024723 0.0091163723190799042 0.0029942519129778616 -0.011091015725610493 -0.0064904012772371393 0.0086491342249536349 -0.03516124039934386 3.4571885866312229e-06
leaf_weight=404 10221 215341 472 9315 143 5441 1599 190 1025 513 249 62 72 120 220 728 165 361 531 64 228 614 1451 362 1316 418 101 120 343 12013
leaf_count=404 10221 215341 472 9315 143 5441 1599 190 1025 513 249 62 72 120 220 728 165 361 531 64 228 614 1451 362 1316 418 101 120 343 12013
internal_value=2.39595e-05 -8.40554e-06 0.000287268 0.000796115 0.000209524 1.19671e-05 0.00171296 0.00281442 -0.000248339 -0.00039825 0.00171407 -0.0020418 -0.000291191 -0.00161732 -0.00240521 -0.00427213 -0.00010204 -0.00745322 -0.00138037 0.000294118 -0.00359838 -0.000455007 0.00078492 0.00265369 -4.2063e-05 -0.00272152 0.00186007 0.00614583 9.72797e-05 -0.000126254
internal_weight=264202 253981 38640 19815 10500 10028 2160 1789 18825 17489 1336 311 17085 2702 2189 1209 980 481 815 595 371 7868 2427 976 14383 711 293 192 13672 12356
internal_count=264202 253981 38640 19815 10500 10028 2160 1789 18825 17489 1336 311 17085 2702 2189 1209 980 481 815 595 371 7868 2427 976 14383 711 293 192 13672 12356
is_linear=0
shrinkage=0.05


Tree=192
num_leaves=31
num_cat=0
split_feature=29 28 0 28 6 2 27 5 12 17 22 23 23 23 17 0 23 12 18 5 18 29 16 6 22 2 2 5 28 2
split_gain=2.56083 2.27349 2.07303 2.40503 2.55908 2.71573 2.27644 2.34315 2.21944 1.94634 2.891 2.21912 2.04267 2.46849 1.89677 1.85162 3.20193 1.96943 2.84697 2.36372 2.06574 2.00288 2.04232 4.04857 2.46397 1.98173 2.17121 1.88036 2.31362 2.01407
threshold=-0.98629016210140319 32.500000000000007 4.7041876600984978 1.0000000180025095e-35 0.37618197968457612 -0.88887397286016012 33.500000000000007 0.61364818447876657 6.1502866828504965 3.5000000000000004 3.5000000000000004 4.5000000000000009 1.0000000180025095e-35 1.5000000000000002 4.5000000000000009 5.6367995858928763 1.0000000180025095e-35 0.81985400610092041 1.0040241493716906 0.85386807938112075 0.9153330097459661 0.32943910009416355 0.58375037070349445 0.33574877541815024 18.500000000000004 0.062077276997434767 -0.02910994880725061 1.8215862334936765 1.0000000180025095e-35 -1.8749923332131402
decision_type=2 2 2 2 2 2 2 2 2 2 2 2 2 2 2 2 2 2 2 2 2 2 2 2 2 2 2 2 2 2
left_child=1 2 6 4 -4 -6 7 -1 9 10 -9 12 -12 -14 -3 27 -17 19 -19 20 -18 -22 23 -23 -24 26 -25 -2 29 -29
right_child=15 14 3 -5 5 -7 -8 8 -10 -11 11 -13 13 -15 -16 16 17 18 -20 -21 21 22 24 25 -26 -27 -28 28 -30 -31
leaf_value=0.0029005723707040635 -5.4607788337402344e-05 0.0056537831624942306 -0.034288646115143394 0.00077412567939288079 -0.018923693691843699 0.0035841138586890789 0.0026907014372952332 0.0071291401988849675 0.0047777174331972982 -0.00033960444304513234 -0.0561718551741896 -0.048376497352608683 0.010469846595669966 -0.030028993033544095 0.0015887229420097231 0.0026403834439606986 0.01164834374664666 0.0044575806484116699 -0.002920052834775515 0.0023980167787065105 0.00048701323169437588 0.00045348348285027817 -0.0028579636630756688 -0.014373643295888637 0.0086271368158321714 -0.010100303276659815 0.00096607758159575276 -0.0012156546793585729 0.00012055182143758641 0.0012186175557252841
leaf_weight=434 191331 162 239 17801 212 246 563 65 166 10823 67 140 60 218 1145 893 94 79 589 833 2992 243 107 75 92 117 69 72 32596 802
leaf_count=434 191331 162 239 17801 212 246 563 65 166 10823 67 140 60 218 1145 893 94 79 589 833 2992 243 107 75 92 117 69 72 32596 802
internal_value=6.92116e-05 0.000485916 0.000399885 0.000736296 -0.00214491 4.36687e-05 -9.65214e-05 -0.000242629 -0.000378282 -0.000462059 -0.00336364 -0.00469072 -0.00253623 -0.000647481 0.00252869 1.08671e-05 0.000864468 0.000396976 -0.00214072 0.000763739 0.000233571 4.73619e-05 -0.0023542 -0.00404762 0.00193467 -0.00837165 -0.00444444 -1.26106e-05 0.000333135 0.00287185
internal_weight=263325 32341 31034 18498 697 458 12536 11973 11539 11373 550 485 345 278 1307 230984 6183 5290 668 4622 3789 3695 703 504 199 261 144 224801 33470 874
internal_count=263325 32341 31034 18498 697 458 12536 11973 11539 11373 550 485 345 278 1307 230984 6183 5290 668 4622 3789 3695 703 504 199 261 144 224801 33470 874
is_linear=0
shrinkage=0.05


Tree=193
num_leaves=31
num_cat=0
split_feature=28 0 3 29 11 24 6 28 0 17 24 27 29 27 3 21 7 7 23 19 2 21 4 0 18 0 5 24 29 2
split_gain=2.78294 2.55822 3.18464 2.32261 1.93792 1.96948 1.91632 2.53735 2.78803 2.05824 5.09181 4.50251 4.06139 3.9997 3.87454 3.68255 3.49976 3.10288 2.70473 4.20653 3.59323 3.20863 2.19586 2.18794 2.13525 2.32604 2.06283 2.04787 2.50872 2.11513
threshold=19.500000000000004 5.1497057863820919 -0.45578255683736135 -1.6214020128300053 1.561759448688816 16.500000000000004 1.9524119417911521 11.500000000000002 5.2401580962086403 4.5000000000000009 25.500000000000004 10.500000000000002 -1.9534123769382994 15.500000000000002 -1.0841491704791257 30.500000000000004 1.0773958866456528 0.29699048739027689 2.5000000000000004 49.630314285091309 -1.2070313515381357 27.500000000000004 0.11577830079605211 5.0590719231024197 19.754392572490939 4.8255613764400245 1.156743766152758 9.5000000000000018 2.8408173346488366 -1.1192573320287642
decision_type=2 2 2 2 2 2 2 2 2 2 2 2 2 2 2 2 2 2 2 2 2 2 2 2 2 2 2 2 2 2
left_child=6 -2 -3 -4 5 -5 7 27 9 11 15 16 -12 18 -15 17 23 -11 20 -20 -14 -22 -16 -9 25 26 -13 29 -29 -1
right_child=1 2 3 4 -6 -7 -8 8 -10 10 12 24 13 14 22 -17 -18 -19 19 -21 21 -23 -24 -25 -26 -27 -28 28 -30 -31
leaf_value=0.00070024858161693527 0.00023241333881259148 0.0014493741218441264 -0.032208205653087359 0.0014594298161624576 0.0016615445856929248 -0.00021713448686279231 0.00040417645739308436 -0.020034992294546888 0.0013720613216870996 0.002211142295275405 0.004854503189432942 0.00029602368437589154 -0.094977171716706443 0.0013614130198762702 -0.0010453379754661787 -0.0005078147097225587 -0.06348144673323973 0.0001500740357775833 -0.0048427114751642348 -0.00066869981721035042 0.0023761810251458661 -0.056825729673911612 -0.03717277832155038 0.0024146047524318242 0.0010826779388392826 0.00025648678152983612 -0.00094613412960330157 0.00011041544629176113 0.0012355813971254381 -0.00025708525542709625
leaf_weight=2986 49486 526 78 854 134 901 5199 382 207 139 64 590 89 491 2697 10713 90 8550 160 646 94 400 98 55 3214 3318 1929 120251 1145 48029
leaf_count=2986 49486 526 78 854 134 901 5199 382 207 139 64 590 89 491 2697 10713 90 8550 160 646 94 400 98 55 3214 3318 1929 120251 1145 48029
internal_value=5.28439e-05 0.000380635 0.00194344 0.00101932 0.00136845 0.000925927 -2.77015e-05 -5.15898e-05 -0.000446854 -0.000482368 -0.000728428 0.000137816 -0.00219772 -0.00236898 -0.00141814 -0.000369549 -0.00435484 0.000395328 -0.00461843 -0.00274193 -0.00721269 -0.00554656 -0.00213775 -0.00250572 0.000399404 -0.000170464 -0.001316 2.6188e-05 0.000137896 -0.000239635
internal_weight=263515 51979 2493 1967 1889 1755 211536 206337 33926 33719 24141 9578 4739 4675 3286 19402 527 8689 1389 806 583 494 2795 437 9051 5837 2519 172411 121396 51015
internal_count=263515 51979 2493 1967 1889 1755 211536 206337 33926 33719 24141 9578 4739 4675 3286 19402 527 8689 1389 806 583 494 2795 437 9051 5837 2519 172411 121396 51015
is_linear=0
shrinkage=0.05


Tree=194
num_leaves=31
num_cat=0
split_feature=28 26 21 9 3 21 2 29 0 5 9 7 5 23 1 0 2 1 14 18 5 29 1 29 12 5 12 7 17 19
split_gain=2.93439 2.32751 1.86 3.22761 2.18878 1.85597 1.77621 2.61178 2.37846 2.77658 2.354 2.10722 2.07552 2.06673 3.62001 2.87477 2.43071 2.40474 2.31841 2.26612 2.36832 2.49724 2.58693 2.18194 2.12773 2.04169 2.18725 2.01912 1.95365 1.94401
threshold=19.500000000000004 1.0000000180025095e-35 29.500000000000004 0.44459845607475873 -1.1889665180603852 27.500000000000004 0.26411033353649244 -0.68361147894660335 5.4809756024847358 0.35964551885601487 0.57517396422040878 0.42657334683777942 0.76060303671141982 1.5000000000000002 149.00000000000003 5.5125765798679067 0.36201874672074746 173.00000000000003 0.55656000624229185 4.5721495599185102 0.6164047284810853 0.49506689351185157 197.00000000000003 0.45741735484948326 0.25504238407327745 0.77255834920795341 0.21303139162110718 0.26329951490995479 6.5000000000000009 27.871945639996966
decision_type=2 2 2 2 2 2 2 2 2 2 2 2 2 2 2 2 2 2 2 2 2 2 2 2 2 2 2 2 2 2
left_child=6 -2 3 4 -3 -6 27 -8 9 11 12 -9 -10 14 16 17 18 -16 -12 -17 23 22 -22 -21 25 26 -19 -1 -18 -24
right_child=1 2 -4 -5 5 -7 7 8 10 -11 13 -13 -14 -15 15 19 28 24 -20 20 21 -23 29 -25 -26 -27 -28 -29 -30 -31
leaf_value=-0.0010956066298084999 0.00037160699569167588 -0.061321464805708117 -0.00029489682392835187 0.005638826109364563 0.0028467635458878384 -0.013726588595505386 0.0024611965477880698 -0.0022081157314960622 0.0019382749303619451 -0.00025733456871101173 0.0075206620410952166 -0.011230827784407231 0.0046064318526538566 0.0011033385121181269 -0.0032672516090007349 0.00017891445904475388 -0.0045454642447043227 0.0067906969021852316 -0.0016638692974390839 -0.0026056384540702349 0.0095950800385047035 -0.019210631847984022 -0.0099359998271032063 0.0072270587342504692 0.013347829506325404 -0.0088608227393279487 -0.0060323924788141352 -2.4648340665527795e-05 0.0041647833578950166 -0.0031903989787876461
leaf_weight=3783 47731 51 3582 76 72 427 687 189 4498 12456 162 59 481 18039 160 3264 1079 723 364 328 66 52 64 119 278 53 57 164455 163 61
leaf_count=3783 47731 51 3582 76 72 427 687 189 4498 12456 162 59 481 18039 160 3264 1079 723 364 328 66 52 64 119 278 53 57 164455 163 61
internal_value=9.42228e-05 0.000430987 -0.000696292 -0.00321086 -0.00454545 -0.00353707 1.15769e-05 0.000296761 0.000247572 -0.000325881 0.000490321 -0.00556452 0.00148323 0.000292826 -0.000436865 0.000224881 -0.00239253 0.00229347 0.000456274 -0.00044006 -0.00304348 -0.00701646 -0.00437173 -0.000883668 0.00311881 0.00185474 0.0025 -6.19949e-05 -0.00359903 -0.0086
internal_weight=263579 51939 4208 626 550 499 211640 43402 42715 12704 30011 248 4979 25032 6993 5225 1768 1271 526 3954 690 243 191 447 1111 833 780 168238 1242 125
internal_count=263579 51939 4208 626 550 499 211640 43402 42715 12704 30011 248 4979 25032 6993 5225 1768 1271 526 3954 690 243 191 447 1111 833 780 168238 1242 125
is_linear=0
shrinkage=0.05


Tree=195
num_leaves=31
num_cat=0
split_feature=29 28 29 29 21 19 22 0 6 19 22 28 28 29 4 4 22 27 22 1 27 27 18 5 6 28 18 1 29 1
split_gain=2.20901 2.63436 2.77364 2.32543 2.59026 2.44816 5.15641 7.22176 2.92692 3.95764 3.8409 4.29952 2.9535 2.91923 3.43007 2.26818 5.01931 3.21417 2.37135 2.24909 2.20338 2.08526 2.03375 3.11854 1.99577 1.94085 2.49157 2.28643 4.99292 2.43276
threshold=-1.1313414534795427 3.5000000000000004 -3.6915046855524722 3.3334073898702967 35.500000000000007 4.1037525592591368 14.500000000000002 4.6046610299420534 0.11614345024925386 0.38025422428337641 2.5000000000000004 7.5000000000000009 17.500000000000004 -0.35512439264318191 -0.43753426832425962 -0.050854599000037394 2.5000000000000004 13.500000000000002 5.5000000000000009 289.00000000000006 31.500000000000004 19.500000000000004 2.4419317637934359 2.3902029425572091 0.2693496615313174 24.500000000000004 44.858287520818259 273.00000000000006 -0.18126968021884013 237.00000000000003
decision_type=2 2 2 2 2 2 2 2 2 2 2 2 2 2 2 2 2 2 2 2 2 2 2 2 2 2 2 2 2 2
left_child=1 2 -1 4 5 6 7 -2 10 12 11 -9 -10 14 -12 16 21 24 -19 -17 -3 -11 23 -4 -18 26 -7 29 -29 -27
right_child=3 20 22 -5 -6 25 -8 8 9 15 13 -13 -14 -15 -16 19 17 18 -20 -21 -22 -23 -24 -25 -26 27 -28 28 -30 -31
leaf_value=-0.034737669321788456 0.0051827762796894774 0.00073336956105996345 0.0049768800199088215 0.00060688357759389969 -0.00024417951777844297 -3.5940663514655789e-06 -9.270638117732373e-05 -0.0013403895051733057 0.0020243209610006333 -0.00023899367976805107 0.00066791684574929553 0.00015516561605741406 0.00078255284037747133 0.0006265754983207669 -0.024056757976585227 0.0020977891463141861 0.0022487322540120399 -0.0001693247675897181 0.0021400819601307417 0.0088929377029737262 0.0024875686782584471 -0.0024051642153530566 -0.0012803548791796529 -0.023485805648431952 -0.0020647567979149299 0.00034627123224286496 -0.0010745035862630404 -0.00025010983694378884 -0.1054654257702056 0.0021632061821098081
leaf_weight=384 341 22035 307 9214 20813 179143 6297 93 190 57 138 53 149 327 193 2561 83 97 148 90 667 90 2681 58 339 9607 5846 360 63 1195
leaf_count=384 341 22035 307 9214 20813 179143 6297 93 190 57 138 53 149 327 193 2561 83 97 148 90 667 90 2681 58 339 9607 5846 360 63 1195
internal_value=6.80344e-05 0.000504363 -0.000787171 2.00227e-05 -1.14112e-05 4.19364e-05 0.000759382 0.00196706 0.00144748 0.00202681 -0.00129353 -0.00863014 0.00718289 0.000334347 -0.00297583 0.00152237 -0.00078624 0.00105697 0.00561225 0.00223123 0.000699498 -0.00914966 -0.000282337 0.00321918 -0.00158768 8.16032e-07 -3.79206e-05 0.000639199 -0.0029669 0.000780412
internal_weight=263619 26132 3430 237487 228273 207460 11246 4949 4608 3804 804 146 339 658 331 3465 814 667 245 2651 22702 147 3046 365 422 196214 184989 11225 423 10802
internal_count=263619 26132 3430 237487 228273 207460 11246 4949 4608 3804 804 146 339 658 331 3465 814 667 245 2651 22702 147 3046 365 422 196214 184989 11225 423 10802
is_linear=0
shrinkage=0.05


Tree=196
num_leaves=31
num_cat=0
split_feature=28 0 17 19 22 29 29 26 0 2 2 16 12 0 13 28 22 14 16 28 0 22 0 15 12 16 1 0 0 6
split_gain=2.76627 3.19363 2.19534 2.91154 3.1495 2.33636 2.83912 2.10565 2.11228 1.91067 1.77177 1.87847 1.7673 1.88174 2.73247 1.83686 2.32026 2.05277 2.36721 1.94375 1.97969 1.89137 1.7329 2.84129 2.1173 1.72891 1.72762 3.54559 2.58687 3.27996
threshold=20.500000000000004 5.2160289187615172 6.5000000000000009 0.65023692081831774 7.5000000000000009 -0.98629016210140319 4.4656086771559433 1.0000000180025095e-35 4.5790689627974688 -0.038676561733484834 -0.88887397286016012 0.016525580660306158 3.1286778461015454 4.6603476403907047 2.1458219453169609 28.500000000000004 5.5000000000000009 0.96027993280213353 0.24552476800917519 27.500000000000004 4.9859457890483005 11.500000000000002 4.3895594239587075 7.5000000000000009 0.89812497318229412 0.32784009668238173 97.000000000000014 4.5486059994538381 5.0763865755225819 0.65828419519274306
decision_type=2 2 2 2 2 2 2 2 2 2 2 2 2 2 2 2 2 2 2 2 2 2 2 2 2 2 2 2 2 2
left_child=26 2 7 4 -4 -5 22 8 -2 -6 11 -10 13 14 25 16 -15 18 21 -18 -21 -17 23 -7 -25 -9 27 -1 29 -29
right_child=1 -3 3 5 9 6 -8 12 10 -11 -12 -13 -14 15 -16 17 19 -19 -20 20 -22 -23 -24 24 -26 -27 -28 28 -30 -31
leaf_value=-0.0038631041025279887 -0.0030320230809229728 0.00087867344032204701 0.0073891307522541321 0.0031356491099971055 0.0022135580738992721 0.0025470949746168041 0.0027743052516263833 -0.074966431183386847 0.0035960613205665566 -0.00051345305921130738 6.8134614390040317e-05 0.00073804067195311265 0.0061552266519144571 0.0024858235495531108 -0.074843724043436463 -0.036872382469713354 -0.0023818495766084269 -0.00032916043081631117 0.0061970433785452283 -0.014337114409706348 -0.047056737474625646 0.0038168898201665132 0.00018177140176294966 -0.014639029067293606 -0.00084504278507526733 0.00057835891010897067 1.4000035829174989e-05 0.00049083691151913115 -0.00071373626582047303 -0.0050045981322153626
leaf_weight=470 1074 687 172 2513 226 128 589 53 83 211 20896 10548 152 250 52 54 1635 349 94 75 54 77 7291 134 78 135 206123 2471 6926 185
leaf_count=470 1074 687 172 2513 226 128 589 53 83 211 20896 10548 152 250 52 54 1635 349 94 75 54 77 7291 134 78 135 206123 2471 6926 185
internal_value=6.24568e-05 0.000407478 0.000357927 0.000963675 0.00432677 0.000772851 0.000364964 0.000164836 0.000281127 0.00207094 0.00035541 0.000880915 -0.00110738 -0.00138967 -0.005625 -0.000996908 -0.00170804 0.00149826 0.00522222 -0.00234694 -0.00825581 0.000877863 0.000106802 -0.00338235 -0.00693396 -0.00281915 -1.35301e-05 -0.000653601 -0.000445627 0.000881025
internal_weight=263785 47610 46923 11342 609 10733 8220 35581 32601 437 31527 10631 2980 2828 240 2588 2014 574 225 1764 129 131 7631 340 212 188 216175 10052 9582 2656
internal_count=263785 47610 46923 11342 609 10733 8220 35581 32601 437 31527 10631 2980 2828 240 2588 2014 574 225 1764 129 131 7631 340 212 188 216175 10052 9582 2656
is_linear=0
shrinkage=0.05


Tree=197
num_leaves=31
num_cat=0
split_feature=28 21 4 24 5 5 24 13 29 20 29 16 6 29 6 12 29 19 18 0 18 22 12 24 29 21 29 5 0 5
split_gain=3.03826 3.4022 2.15427 2.28343 2.0885 2.31031 2.02298 1.88472 2.73815 1.92991 1.87344 3.0194 3.47416 2.63384 2.2554 1.98127 1.85273 2.31149 1.79987 1.79539 1.78973 1.75717 1.75372 1.66817 3.81336 3.02366 2.97871 2.13398 3.40897 2.83597
threshold=25.500000000000004 28.500000000000004 -0.08100052246738286 2.5000000000000004 1.630474832658535 1.2506092511041185 14.500000000000002 0.099686049338349639 -0.32813146147528488 0.097018581260853567 -0.81085743534099719 0.20461923281557745 0.10380993542242617 -0.48787656737298651 0.57978285844791833 0.26258678285149284 -0.51305018789241741 40.162470820005133 33.275138505876264 5.1089575002527212 25.146747155054797 17.500000000000004 0.039228897668412289 8.5000000000000018 -3.6915046855524722 35.500000000000007 6.8981135525598924 3.3465682936610741 5.0848964481369547 5.2797220901521653
decision_type=2 2 2 2 2 2 2 2 2 2 2 2 2 2 2 2 2 2 2 2 2 2 2 2 2 2 2 2 2 2
left_child=7 6 19 16 5 10 20 8 -1 -10 14 15 -13 -14 -5 -12 -4 -18 -6 23 -2 -22 -7 24 -3 26 -26 28 -25 -29
right_child=1 2 3 4 18 22 -8 -9 9 -11 11 12 13 -15 -16 -17 17 -19 -20 -21 21 -23 -24 27 25 -27 -28 29 -30 -31
leaf_value=0.00050867351669393553 0.0037606112447403327 0.0077320115956674472 0.0050960684060911811 -0.00052086123099594867 5.3515774028016484e-05 -0.034676832917298395 -6.7289444436579278e-07 -4.4408233907025705e-05 0.00027616214266106578 -0.0002355126787217072 0.0012405121361817131 -0.025551268934284516 -0.030455971551675089 -0.00029758046807182059 0.0034603962011822437 -0.0081745600676865655 0.0027922495803237479 -0.0010709988698057319 -0.018923777203517362 0.0007620670124096258 -0.084064892681497458 0.0067568007121724689 -0.0014216901925271739 0.00026472041121527074 0.0030806195308717209 -0.00055231180071844055 -0.029016834377935792 0.0031957843773730565 -0.0036592899352364452 -0.00092336900072377743
leaf_weight=18297 488 292 63 210 3489 55 274 184787 16760 17260 175 57 183 484 71 50 164 202 54 1033 52 82 272 13248 2804 1603 133 346 186 148
leaf_count=18297 488 292 63 210 3489 55 274 184787 16760 17260 175 57 183 484 71 50 164 202 54 1033 52 82 272 13248 2804 1603 133 346 186 148
internal_value=7.73963e-05 0.000588146 0.000481005 -0.000391571 -0.000686274 -0.00221259 0.00361607 2.09197e-05 0.000285854 2.05767e-05 -0.00121951 -0.00228135 -0.00385359 -0.00284108 0.00236655 0.00277778 0.00311189 0.00174863 -1.5523e-05 0.000724752 0.00519293 7.46275e-05 -0.00594801 0.000613007 0.00141349 0.00105727 0.00201056 0.000335296 0.000216615 0.00356275
internal_weight=263322 26218 25322 5529 5100 1557 896 237104 52317 34020 1230 949 724 667 281 225 429 366 3543 19793 622 134 327 18760 4832 4540 2937 13928 13434 494
internal_count=263322 26218 25322 5529 5100 1557 896 237104 52317 34020 1230 949 724 667 281 225 429 366 3543 19793 622 134 327 18760 4832 4540 2937 13928 13434 494
is_linear=0
shrinkage=0.05


Tree=198
num_leaves=31
num_cat=0
split_feature=28 21 18 13 29 0 24 24 21 3 11 12 16 18 0 7 24 29 29 5 28 22 24 28 28 18 15 14 18 22
split_gain=2.8697 3.26675 2.43356 1.92833 1.96181 1.89293 2.10001 1.70952 2.30532 1.65622 1.74746 1.59963 2.63189 1.75526 1.67421 2.30571 2.08445 2.52727 1.89634 2.05028 1.88958 2.20713 2.18679 1.6973 1.64653 2.13322 1.932 2.5785 1.57169 4.63297
threshold=25.500000000000004 28.500000000000004 39.41889611950149 6.0399561090005731 -0.44252610937883896 4.6568054714595153 3.5000000000000004 14.500000000000002 33.500000000000007 -0.97709547061350077 0.42351794922385272 0.33498101978704492 7.1096240885869593 35.316506877593163 4.5563455921752096 0.8595655465529195 19.500000000000004 -0.81085743534099719 5.2412648361803713 3.1112395439170961 29.500000000000004 15.500000000000002 29.500000000000004 27.500000000000004 35.500000000000007 8.875161798013778 18.500000000000004 1.6832863798406101 2.0038796786137936 10.500000000000002
decision_type=2 2 2 2 2 2 2 2 2 2 2 2 2 2 2 2 2 2 2 2 2 2 2 2 2 2 2 2 2 2
left_child=3 -2 11 28 -5 6 -4 8 9 10 -8 12 14 -13 15 24 18 20 -16 23 21 -18 -22 -20 25 -3 27 -27 29 -1
right_child=1 2 5 4 -6 -7 7 -9 -10 -11 -12 13 -14 -15 16 -17 17 -19 19 -21 22 -23 -24 -25 -26 26 -28 -29 -30 -31
leaf_value=0.00076921452475199657 0.0016840409272340373 0.0060328527962106564 0.0070208883244219774 0.0001167858644721422 0.0015919484620628137 0.0019746231114592195 0.025584160800670559 0.0011474415491916185 0.0075277607505334692 -0.04910687428619076 -0.037814959894823585 0.00071965662458077896 -0.065003966691439083 -0.0098138591964031796 0.0003426147368415597 -0.013416090545307636 -0.0030580241325819497 -0.00064851217104191085 -0.053438538755936807 0.004618569363381857 0.0017420807615306237 0.0012485915686919436 -0.00062925658098353517 -0.0033298802003098754 -0.00031353837256113904 -0.0023305717526235256 0.0073185123441110462 0.01011088223609757 -4.0759980514675259e-05 -6.1545116048182668e-05
leaf_weight=12886 871 236 88 820 659 1988 50 650 93 204 106 7641 66 387 9332 80 160 2769 78 50 348 162 66 223 311 248 118 73 196669 26210
leaf_count=12886 871 236 88 820 659 1988 50 650 93 204 106 7641 66 387 9332 80 160 2769 78 50 348 162 66 223 311 248 118 73 196669 26210
internal_value=7.06646e-05 0.000565195 0.000462452 1.56385e-05 0.00181542 0.00175684 0.000180521 -0.000412511 -0.00277042 -0.00458333 -0.000705128 0.000278325 -3.84072e-05 0.000843299 7.71773e-06 0.0019137 -0.000146345 -0.00119115 0.00023185 -0.00337607 0.00141304 -0.00145963 0.00364734 -0.00493355 0.00257607 0.00396296 0.00190205 -0.000109034 4.34815e-06 0.000293893
internal_weight=263642 26398 25527 237244 1479 3179 1191 1103 453 360 156 22348 14320 8028 14254 1066 13188 3505 9683 351 736 322 414 301 986 675 439 321 235765 39096
internal_count=263642 26398 25527 237244 1479 3179 1191 1103 453 360 156 22348 14320 8028 14254 1066 13188 3505 9683 351 736 322 414 301 986 675 439 321 235765 39096
is_linear=0
shrinkage=0.05


Tree=199
num_leaves=31
num_cat=0
split_feature=8 8 16 11 16 7 17 10 18 4 22 12 18 22 9 1 0 9 11 6 0 10 4 22 24 6 6 14 22 9
split_gain=1.04621 2.39728 2.14214 1.86666 1.92274 2.28893 1.74029 1.63012 2.22177 1.88402 2.14261 2.43727 1.94925 1.85849 1.80069 2.18705 1.62216 1.82772 1.66498 1.74764 1.51769 1.46254 1.44762 1.43528 2.49021 2.50023 2.33445 1.87391 1.5602 1.31812
threshold=0.75831344591024941 0.73489442596738463 0.78051517059538711 1.5104137162834885 1.4314004656243868 0.29412894457587341 6.5000000000000009 0.25000000000000006 8.6764120889635752 0.40495001197563485 13.500000000000002 0.066669612194819441 3.3690800644701731 18.500000000000004 0.75258060464991583 149.00000000000003 5.4874078435201818 0.7866906911592001 0.16292784968131183 0.23306066200506717 5.6225159719761661 0.05000000000000001 0.37130062653243162 11.500000000000002 14.500000000000002 0.42401253126340183 0.4374867385874644 2.0256027828007945 29.500000000000004 0.49210911916442074
decision_type=2 2 2 2 2 2 2 2 2 2 2 2 2 2 2 2 2 2 2 2 2 2 2 2 2 2 2 2 2 2
left_child=1 -1 7 4 6 22 20 8 9 29 11 -11 -13 -10 15 -12 -14 18 -18 -20 -4 -7 -6 26 25 -25 -23 -27 -29 -2
right_child=2 -3 3 -5 5 21 -8 -9 13 10 14 12 16 -15 -16 -17 17 -19 19 -21 -22 23 -24 24 -26 27 -28 28 -30 -31
leaf_value=3.702676788311037e-05 -0.0057063858995513445 0.0020627730189492362 0.00014128902490916279 0.0019275740565436079 -0.0020209531245264892 0.012550922010027091 0.0021746821549358856 0.00031063598356824705 -0.0013744938738461446 -0.0069810287081807226 -0.0077778293396296222 0.010408264103438841 -0.0079862521441244217 -0.010000845001453705 0.0089210273710438655 0.0018481808695935895 0.0083827713276086128 -0.0065425580531288984 -0.0044391649060098798 0.011632018546512853 0.0044899817452163163 -0.0083308237838655916 -0.0095678093757695509 0.0025831583678777846 0.0016518318280491938 -0.01258516913051484 -0.00052806088742508883 -0.0005213839903620692 -0.0084803929903956351 -0.0015842240329834692
leaf_weight=240810 59 3440 4242 683 111 147 639 2046 67 209 61 219 153 54 455 593 209 132 87 71 140 107 131 66 405 55 404 166 63 7488
leaf_count=240810 59 3440 4242 683 111 147 639 2046 67 209 61 219 153 54 455 593 209 132 87 71 140 107 131 66 405 55 404 166 63 7488
internal_value=4.22378e-05 7.02155e-05 -0.000312532 0.000358066 0.000103356 -0.00137462 0.00059052 -0.000727127 -0.000993709 -0.000910024 0.000381453 -0.0012037 -4.01831e-05 -0.00772727 0.00192516 0.000244649 -0.00141104 -3.00595e-05 0.00178474 -0.00208861 0.000235053 -0.000605095 -0.00586777 -0.00115324 0.000231789 -0.00285714 -0.00319961 -0.00489437 -0.00290393 -0.00128462
internal_weight=263512 244250 19262 7359 6676 1655 5021 11903 9857 9736 2189 1080 871 121 1109 654 652 499 367 158 4382 1413 242 1266 755 350 511 284 229 7547
internal_count=263512 244250 19262 7359 6676 1655 5021 11903 9857 9736 2189 1080 871 121 1109 654 652 499 367 158 4382 1413 242 1266 755 350 511 284 229 7547
is_linear=0
shrinkage=0.05


Tree=200
num_leaves=31
num_cat=0
split_feature=28 29 17 4 4 4 21 4 2 21 24 1 29 18 22 6 5 16 24 27 13 3 24 29 18 28 13 24 21 24
split_gain=1.83919 2.49762 1.48675 2.56526 2.27905 1.93148 1.68602 1.5688 2.2096 1.54589 2.25069 2.56624 1.69828 1.48081 1.31616 1.85215 1.37269 1.45807 2.28337 1.29304 2.15616 1.24492 1.2424 1.97565 1.7894 1.91282 1.9768 1.8684 1.78764 6.47753
threshold=28.500000000000004 -1.5596558316951226 4.5000000000000009 -0.39083512000525017 -0.30102930505198938 -0.1793608401508468 34.500000000000007 -0.098157246699118988 -0.25159941989637685 32.500000000000007 8.5000000000000018 181.00000000000003 -2.3675210365522781 0.0070113683993069213 29.500000000000004 0.071444036019819121 0.53674640719026689 1.9869606606726684 26.500000000000004 45.500000000000007 0.39455858149480216 -0.66622382896677734 9.5000000000000018 2.8408173346488366 29.679186642393145 9.5000000000000018 0.14329938882170642 12.500000000000002 2.5000000000000004 8.5000000000000018
decision_type=2 2 2 2 2 2 2 2 2 2 2 2 2 2 2 2 2 2 2 2 2 2 2 2 2 2 2 2 2 2
left_child=19 2 3 6 9 -6 21 -7 -9 10 -4 12 -12 -3 -15 -16 -17 -18 -19 22 -21 -2 28 -24 27 -26 -27 -25 -1 -30
right_child=1 13 4 -5 5 7 -8 8 -10 -11 11 -13 -14 14 15 16 17 18 -20 20 -22 -23 23 24 25 26 -28 -29 29 -31
leaf_value=-0.00051785764522555683 0.009017452253299087 -0.0023387692771990589 0.013438665560946906 0.010062636107059399 -0.021221625647678804 0.004891799615351934 0.0072269928606668562 0.004681224024047078 -0.04961394182528555 0.0037800652902000541 -0.0067668975830172222 -0.031651734490867785 0.014590437201749127 6.9304399978789848e-05 -0.011632671190493056 0.0029141007797435677 0.00045153828161154661 0.0026953006895855114 -0.0018965090947156455 0.0063564653376163571 -0.00099926773292529519 -0.048029804498147761 7.4195779859567972e-05 0.0037318968574996461 0.0043277745454249417 -0.00293225065273813 0.0018130421593597519 -0.00013947548872053452 0.00017486980764698431 -0.0081020391835132117
leaf_weight=29951 320 96 105 138 74 102 93 110 70 770 62 212 59 10232 88 77 1203 417 73 147 100 52 179671 550 298 86 412 1384 32691 3742
leaf_count=29951 320 96 105 138 74 102 93 110 70 770 62 212 59 10232 88 77 1203 417 73 147 100 52 179671 550 298 86 412 1384 32691 3742
internal_value=7.98267e-05 0.000630182 0.00219428 0.00430348 0.00138107 -0.00213483 0.00252688 -0.000248226 -0.00305555 0.00241722 4.56627e-05 -0.00196697 0.00384298 0.000352044 0.000401159 0.0016254 0.0019774 0.00168045 0.00397959 4.81069e-05 0.00366397 0.00102151 4.45169e-05 0.000111924 0.00144689 0.00344221 0.00154619 0.000625647 -0.000140696 9.45577e-05
internal_weight=263385 14353 2167 603 1564 356 465 282 180 1208 438 333 121 12186 12090 1858 1770 1693 490 249032 247 372 248785 182401 2730 796 498 1934 66384 36433
internal_count=263385 14353 2167 603 1564 356 465 282 180 1208 438 333 121 12186 12090 1858 1770 1693 490 249032 247 372 248785 182401 2730 796 498 1934 66384 36433
is_linear=0
shrinkage=0.05


Tree=201
num_leaves=31
num_cat=0
split_feature=29 0 4 24 21 23 24 0 28 18 27 3 1 24 0 18 18 28 4 0 3 23 13 29 21 7 1 18 21 6
split_gain=2.97995 2.22715 2.38559 2.39535 2.3482 2.91805 2.54122 2.30645 2.78918 2.33591 2.17961 2.05797 2.29306 3.57579 2.33771 2.56172 2.1338 1.97735 2.29419 2.6168 1.96113 1.91378 1.85434 1.73427 3.39324 1.75032 2.15792 1.72396 1.69376 1.60776
threshold=-0.98629016210140319 4.7041876600984978 -0.37497390282451076 8.5000000000000018 29.500000000000004 2.5000000000000004 29.500000000000004 4.3036100609115797 3.5000000000000004 50.504317098060362 9.5000000000000018 -1.2746328245152851 269.00000000000006 16.500000000000004 4.7170695814152301 19.214014412006815 47.484748631825177 1.0000000180025095e-35 -0.48308019287008619 4.8022471230451886 -0.62209099055617634 4.5000000000000009 0.46360025950556477 -2.1968687689319921 30.500000000000004 0.8595655465529195 201.00000000000003 54.342627197387607 40.500000000000007 0.33847284853806919
decision_type=2 2 2 2 2 2 2 2 2 2 2 2 2 2 2 2 2 2 2 2 2 2 2 2 2 2 2 2 2 2
left_child=1 2 4 29 6 23 20 -7 9 -9 -5 12 28 -14 15 -15 -17 18 -3 -20 -1 22 -12 24 -6 26 -26 -25 -2 -4
right_child=11 17 3 10 5 7 -8 8 -10 -11 21 -13 13 14 -16 16 -18 -19 19 -21 -22 -23 -24 27 25 -27 -28 -29 -30 -31
leaf_value=-0.0036904880258583463 0.0010195943578297734 0.0017696045074581718 -0.011721549311108232 0.012945006503933097 -0.025482658658599514 -0.0082793616727047208 0.004408816258281276 -0.036459782920964807 2.4675177763141406e-05 0.0035030553289457401 0.0024393631905777727 1.511372472709856e-05 -0.064779569067457798 -0.0032067926423411728 0.0014722586679401125 0.001636060207844639 -0.005884589034413335 0.00091297269531602368 -0.059430453636811348 -0.015492883491842736 -0.022678892116352007 0.0075643205399943715 -0.0028755925175180182 0.0011827597284829895 -0.030815831931800049 0.01044051717336947 0.0085672634697304736 -0.0027172278049244392 -0.0039349564517708966 0.002380418488523852
leaf_weight=1940 4336 339 114 171 190 142 124 561 4992 104 210 226603 130 118 123 137 52 18605 52 319 113 115 115 2641 96 531 131 521 97 304
leaf_count=1940 4336 339 114 171 190 142 124 561 4992 104 210 226603 130 118 123 137 52 18605 52 319 113 115 115 2641 96 531 131 521 97 304
internal_value=0.000109232 0.000558126 5.52808e-05 0.00236638 -0.000141485 0.000185186 -0.00162839 -0.000537161 -0.000379176 -0.00342105 0.0043617 4.63745e-05 0.00105047 -0.00196429 0.000232559 -0.00210098 0.00150794 0.000899561 -0.00169014 -0.00440701 -0.00204822 0.0025 0.000538462 0.00120438 0.00308017 0.00457784 0.000903084 0.000641999 0.00143131 -0.000550239
internal_weight=264026 32430 13115 1029 12086 9909 2177 5799 5657 665 611 231596 4993 560 430 307 189 19315 710 371 2053 440 325 4110 948 758 227 3162 4433 418
internal_count=264026 32430 13115 1029 12086 9909 2177 5799 5657 665 611 231596 4993 560 430 307 189 19315 710 371 2053 440 325 4110 948 758 227 3162 4433 418
is_linear=0
shrinkage=0.05


Tree=202
num_leaves=31
num_cat=0
split_feature=28 21 0 24 16 12 24 29 29 29 4 16 29 4 24 11 21 17 24 2 0 21 0 5 21 0 24 23 0 23
split_gain=1.43492 3.37701 1.52792 1.64874 2.1291 1.81061 1.44571 3.81132 2.65944 3.35612 3.17913 2.50915 2.22119 2.92169 1.93761 2.21652 1.91049 1.86945 3.10177 3.14849 3.16988 3.12884 2.79189 2.80801 2.8171 3.81509 2.67602 2.59868 2.38119 3.03503
threshold=25.500000000000004 28.500000000000004 5.1571965680458716 14.500000000000002 0.48816107927429803 0.18557945820485852 8.5000000000000018 -3.6915046855524722 -0.10083933790174561 -0.022870959790247915 -0.40809186372160017 3.9842787390226757 -0.53875042150827746 -0.22334711915096472 2.5000000000000004 0.19034427810396096 38.500000000000007 6.5000000000000009 9.5000000000000018 -1.0604696470019876 4.6046610299420534 33.500000000000007 4.757598829281628 0.82076849548864261 31.500000000000004 4.4942943846592813 22.500000000000004 4.5000000000000009 4.5649191543146843 3.5000000000000004
decision_type=2 2 2 2 2 2 2 2 2 2 2 2 2 2 2 2 2 2 2 2 2 2 2 2 2 2 2 2 2 2
left_child=-1 2 3 -2 -5 -6 7 -3 10 -10 11 16 14 -14 15 -12 -9 18 21 20 27 -8 23 -19 28 -26 -24 -20 -25 -30
right_child=1 6 -4 4 5 -7 17 8 9 -11 12 -13 13 -15 -16 -17 -18 22 19 -21 -22 -23 26 24 25 -27 -28 -29 29 -31
leaf_value=1.6599158260712334e-05 0.0037867497523233202 0.0077276136954633444 -0.0016721354785310854 0.0026247117260811154 -0.014094169307973171 0.00063610024985976505 -0.028272111836487496 0.0033267447447321258 0.0040321285176502606 0.0012010850304805302 0.0047076085314810504 -0.0049089529338651374 -0.017526181412649378 -0.0010099644040054403 -0.0013988024056999567 -0.00011367569377296831 -0.0015688135625405459 0.0061996276583003405 -0.0038024145640590847 -0.00022022597545670963 0.0011591325542032508 0.0027228937088676162 0.00049204008442116994 0.0066862050475002162 -0.00092900459286048844 0.0031037146436356418 -0.00099748350133852816 -0.11684274097123291 0.00091594345856597047 -0.05435984817761378
leaf_weight=237433 576 329 50 53 60 125 816 1258 210 1951 67 282 157 684 1292 78 352 433 178 9937 3019 258 1330 50 674 1105 764 65 92 101
leaf_count=237433 576 329 50 53 60 125 816 1258 210 1951 67 282 157 684 1292 78 352 433 178 9937 3019 258 1330 50 674 1105 764 65 92 101
internal_value=5.94633e-05 0.00040955 0.0034838 0.00400491 0.000504202 -0.00202703 0.000305314 0.000938439 0.000665772 0.00208931 -7.19418e-05 0.00144292 -0.00133011 -0.00337099 -0.000135699 0.00534483 0.00220497 8.12885e-05 -0.000200027 1.02286e-05 0.00135806 -0.00278398 0.000963949 0.00210794 0.00132542 0.00201518 -0.000377268 -0.0041358 -0.00372428 -0.00624352
internal_weight=263779 26346 864 814 238 185 25482 6660 6331 2161 4170 1892 2278 841 1437 145 1610 18822 14273 13199 3262 1074 4549 2455 2022 1779 2094 243 243 193
internal_count=263779 26346 864 814 238 185 25482 6660 6331 2161 4170 1892 2278 841 1437 145 1610 18822 14273 13199 3262 1074 4549 2455 2022 1779 2094 243 243 193
is_linear=0
shrinkage=0.05


Tree=203
num_leaves=31
num_cat=0
split_feature=28 6 15 11 16 0 16 24 29 29 29 24 7 24 0 24 12 18 27 17 29 24 0 0 5 20 24 0 27 29
split_gain=2.1273 1.70834 2.49075 2.71632 2.34234 2.08751 2.20546 1.62987 2.17615 3.32442 2.91479 1.85264 3.40647 3.46231 2.37763 2.36871 2.74435 1.80103 2.18822 1.75221 3.16589 3.71248 2.71657 2.62756 2.82356 2.3235 3.16389 2.70446 2.56687 3.48926
threshold=25.500000000000004 0.20635415146073929 10.500000000000002 0.62998908618352434 2.1482527496590573 4.6568054714595153 0.0019275665623075587 7.5000000000000009 -0.10383428234415885 -1.8577800261288111 -0.022870959790247915 4.5000000000000009 0.87497562840561416 1.5000000000000002 4.5402900480898207 2.5000000000000004 0.2110248339110514 11.878326864882235 4.5000000000000009 6.5000000000000009 -0.90936145708900018 14.500000000000002 4.8255613764400245 4.6603476403907047 0.8707311855036276 0.70750624702893972 13.500000000000002 4.9041128417203437 3.5000000000000004 -0.27770026063877867
decision_type=2 2 2 2 2 2 2 2 2 2 2 2 2 2 2 2 2 2 2 2 2 2 2 2 2 2 2 2 2 2
left_child=1 4 -3 -4 5 6 -1 8 9 -2 -10 12 15 -14 -13 17 -17 18 -12 23 21 -21 -22 -9 -25 28 27 -27 -24 -30
right_child=7 2 3 -5 -6 -7 -8 19 10 -11 11 14 13 -15 -16 16 -18 -19 -20 20 22 -23 25 24 -26 26 -28 -29 29 -31
leaf_value=-0.064815475392021579 0.0033386790200568514 8.1866998483082617e-06 -0.0010062231523945452 0.00060434953806985496 0.0033030568086042825 0.00013886429995798289 0.0012565463373741073 -0.0033941110014712875 0.0033085722926318633 -0.00018366891063705817 -0.001272488327575254 -0.014189699880186191 -0.038211599054739212 -0.0009897092230682419 0.0037128762846121836 0.002269945262135985 -0.01607368646606875 0.0030644271217404066 0.0028893040936241298 0.0033620122614546125 0.0012305487752848146 0.0037218514609576783 -0.030366670928434498 -0.00071777668824396024 0.00037857694164050102 -0.027117414402173936 -0.00032870471978898344 0.0046484454964785841 -0.0027058378538344818 0.0013594963639121968
leaf_weight=51 968 185214 13566 3229 81 32653 2297 2354 284 2909 68 55 59 73 887 127 121 251 69 727 2152 465 183 2271 10862 51 896 218 120 153
leaf_count=51 968 185214 13566 3229 81 32653 2297 2354 284 2909 68 55 59 73 887 127 121 251 69 727 2152 465 183 2271 10862 51 896 218 120 153
internal_value=5.96406e-05 1.22955e-05 -4.36361e-05 -0.000626674 0.00033436 0.000314706 0.00175469 0.000486077 0.00122041 0.00053005 0.00256269 0.00178363 -3.90619e-05 -0.00734848 0.00326964 0.00147799 -0.00233871 0.00391753 -0.00069343 0.000275279 0.00109265 0.00333893 0.000382985 1.32375e-05 0.000288967 -0.00116286 2.14598e-05 0.00477695 -0.0041886 -0.00111722
internal_weight=263414 237091 202009 16795 35082 35001 2348 26323 5871 3877 1994 1710 768 132 942 636 248 388 137 20452 4965 1192 3773 15487 13133 1621 1165 269 456 273
internal_count=263414 237091 202009 16795 35082 35001 2348 26323 5871 3877 1994 1710 768 132 942 636 248 388 137 20452 4965 1192 3773 15487 13133 1621 1165 269 456 273
is_linear=0
shrinkage=0.05


Tree=204
num_leaves=31
num_cat=0
split_feature=28 6 0 15 13 13 0 13 27 27 15 3 20 14 18 11 16 13 12 5 16 16 27 12 10 13 6 22 27 22
split_gain=2.59088 1.43288 2.25658 2.38337 2.43638 2.32942 3.25801 1.82446 1.74437 1.72734 1.70275 2.01452 1.6851 3.44795 2.02478 2.46978 1.83868 1.78377 1.60498 2.4856 2.10843 2.34487 2.81 4.3649 2.09297 2.5003 2.76498 1.66013 1.75664 1.6343
threshold=25.500000000000004 0.27261863723103447 4.6568054714595153 20.500000000000004 0.21346325472124664 0.39455858149480216 4.7170695814152301 0.2228545904171865 24.500000000000004 22.500000000000004 14.500000000000002 -0.99208991628968779 0.10305686293318927 1.1036480557359867 21.589410675069356 0.20016927206842139 0.013293539034011327 0.33821305424840803 0.15229376763187932 2.2697029209294435 0.27766312293429213 0.14625188572125938 11.500000000000002 0.240338146506965 0.083333333333333356 0.1063639330979526 0.12497221675438545 6.5000000000000009 29.500000000000004 8.5000000000000018
decision_type=2 2 2 2 2 2 2 2 2 2 2 2 2 2 2 2 2 2 2 2 2 2 2 2 2 2 2 2 2 2
left_child=1 2 3 4 10 12 -7 -6 9 -5 -1 -12 13 -4 18 17 -17 -16 24 20 21 -20 -23 -24 25 26 -14 -21 -29 -27
right_child=-2 -3 5 8 7 6 -8 -9 -10 -11 11 -13 14 -15 15 16 -18 -19 19 27 -22 22 23 -25 -26 29 -28 28 -30 -31
leaf_value=0.0020761135167023013 0.00034161378137111879 -7.6405485905997063e-05 0.00017426231964330749 -0.0014499749134004277 -0.011768303446944992 -0.067491088985148953 0.0018366472150503608 0.00031222888265825606 0.0024032526294545278 -0.012471166433311373 -0.0044688073017887719 0.0016096834777275988 0.00021207966190807832 0.0028100364458649631 0.0010324045438384565 0.0042902988965810235 -0.0011008859856475473 -0.04461640997366649 0.00052007187476520763 -0.023853431049305679 0.0009214209308130519 -0.0015227222535758944 -0.039827536700592206 0.00021646731751822861 -0.00028684197878438652 0.0061897183655401601 -0.0060610961497265248 -0.0024569609282818483 0.0011279897660663328 -0.0023716174442965105
leaf_weight=1474 26237 182543 24061 485 57 97 3384 1028 253 70 84 560 130 528 1729 55 850 58 2422 110 2853 915 120 94 12396 161 318 297 107 389
leaf_count=1474 26237 182543 24061 485 57 97 3384 1028 253 70 84 560 130 528 1729 55 850 58 2422 110 2853 915 120 94 12396 161 318 297 107 389
internal_value=2.41607e-05 -2.79002e-05 0.000195607 0.00133757 0.00194974 0.000105925 0.0013545 2.30421e-05 -0.00108911 -0.00265766 0.00293673 0.000791926 1.46036e-05 0.000302372 -0.000292992 0.000995543 -0.0011326 0.00207331 -0.000463765 0.00015467 0.000423174 -0.00039003 -0.00227192 -0.00742991 -0.000783186 -0.00298597 -0.00575893 -0.00319066 -0.00170792 -0.000727272
internal_weight=263865 237628 55085 4011 3203 51074 3481 1085 808 555 2118 644 47593 24589 23004 2692 905 1787 20312 6918 6404 3551 1129 214 13394 998 448 514 404 550
internal_count=263865 237628 55085 4011 3203 51074 3481 1085 808 555 2118 644 47593 24589 23004 2692 905 1787 20312 6918 6404 3551 1129 214 13394 998 448 514 404 550
is_linear=0
shrinkage=0.05


Tree=205
num_leaves=31
num_cat=0
split_feature=29 24 21 14 24 16 0 3 27 27 21 0 24 0 3 0 24 29 3 0 3 21 24 4 21 0 19 7 11 3
split_gain=1.6442 1.68725 2.51027 2.2195 2.19404 2.22897 2.14543 2.29642 2.14404 3.81094 3.1054 2.17703 1.88638 1.86519 2.66541 1.68546 2.00716 1.68467 1.94331 1.94113 2.95698 2.66698 2.62291 3.05365 2.27589 2.64482 2.20929 2.18281 2.65855 2.15604
threshold=2.8408173346488366 4.5000000000000009 33.500000000000007 2.1301406372321452 5.5000000000000009 0.066393472442230955 5.2160289187615172 0.11142805814869851 5.5000000000000009 11.500000000000002 29.500000000000004 5.0931594919370946 13.500000000000002 4.3895594239587075 -0.69146891765641738 4.7380940108345344 1.5000000000000002 -1.1313414534795427 -1.4467414105168883 5.2067576393223733 -0.091866103051726045 27.500000000000004 8.5000000000000018 0.025351293128581632 2.5000000000000004 5.5436514665010481 5.5150598165666507 0.58633328013215891 0.46921417063070087 0.39601337828454602
decision_type=2 2 2 2 2 2 2 2 2 2 2 2 2 2 2 2 2 2 2 2 2 2 2 2 2 2 2 2 2 2
left_child=17 2 13 15 5 -3 7 -6 -7 -10 -11 -12 -9 -2 -15 16 -4 -1 -19 21 -21 -20 23 26 -25 29 -22 28 -28 -26
right_child=1 4 3 -5 6 8 -8 12 9 10 11 -13 -14 14 -16 -17 -18 18 19 20 22 -23 -24 24 25 -27 27 -29 -30 -31
leaf_value=0.00053072117958488998 0.0040258161667191686 0.0037948425283053189 0.0056116514032694131 -0.00074823936124222444 0.00079239705615333765 0.0045300983300625361 0.0024664086084852021 -0.016812537406112115 -0.027541832342234725 -0.0082005516811701797 0.0021521014935305268 -0.0033867364286040225 0.00039083681865688462 -0.0076119604822484314 -0.00029422951242197504 0.00059090355361007135 0.0005440612374505709 0.0010956861753185492 -0.00055687510231062858 0.0016865381108132447 0.00056370240261926011 -2.6520393156158017e-05 0.00027898452463070056 -0.00028080871594122174 -0.0011859932263328366 0.0058176938977128794 -0.0016255902016676313 0.0028713501854348102 -0.0033718623119667807 0.0057439183969539009
leaf_weight=26002 92 112 157 403 5557 246 104 314 78 149 726 51 186 453 1010 425 103 1396 16776 2349 1353 98081 82699 18180 991 666 2977 200 1423 441
leaf_count=26002 92 112 157 403 5557 246 104 314 78 149 726 51 186 453 1010 425 103 1396 16776 2349 1353 98081 82699 18180 991 666 2977 200 1423 441
internal_value=6.40886e-05 0.000687587 -0.000399167 0.00144302 0.00106939 0.00288546 0.000667912 0.00054565 0.00228 0.00125498 0.00214903 0.00341699 -0.0027 -0.0016881 -0.00212235 0.00317518 0.00634615 3.90881e-05 -4.48229e-06 -1.59632e-05 0.000132865 -0.000160155 9.50157e-05 -0.000340627 -4.83276e-05 0.00151096 -0.0013363 -0.0018587 -0.00209091 0.00030028
internal_weight=263700 10166 2643 1088 7523 1362 6161 6057 1250 1004 926 777 500 1555 1463 685 260 253534 227532 226136 111279 114857 108930 26231 20278 2098 5953 4600 4400 1432
internal_count=263700 10166 2643 1088 7523 1362 6161 6057 1250 1004 926 777 500 1555 1463 685 260 253534 227532 226136 111279 114857 108930 26231 20278 2098 5953 4600 4400 1432
is_linear=0
shrinkage=0.05


Tree=206
num_leaves=31
num_cat=0
split_feature=18 7 22 6 22 6 23 0 2 12 27 11 6 16 15 16 0 29 18 7 0 17 19 7 1 18 24 18 2 24
split_gain=1.86413 2.07364 2.23452 2.56948 1.77532 1.7372 1.80516 2.0642 2.42732 2.02738 2.40877 1.96105 2.43217 1.69001 1.67673 1.63365 1.60593 1.65562 2.05302 2.22554 2.20815 2.11207 1.77714 1.70534 1.58033 1.62817 1.83628 2.96194 1.99898 1.81067
threshold=24.349373348109129 0.19160002667849954 19.500000000000004 0.071444036019819121 13.500000000000002 0.022843246169900296 3.5000000000000004 4.9913979866649205 -0.24550049639915775 0.2526020550094773 21.500000000000004 0.24668988832759639 0.21335977560589955 0.99225683663195241 20.500000000000004 0.087270361164632645 4.5923386465912319 -0.10383428234415885 39.41889611950149 0.77565501858382757 4.9041128417203437 4.5000000000000009 56.363302583958479 1.0773958866456528 277.00000000000006 31.967459209194732 3.5000000000000004 54.342627197387607 -0.98692599773654699 13.500000000000002
decision_type=2 2 2 2 2 2 2 2 2 2 2 2 2 2 2 2 2 2 2 2 2 2 2 2 2 2 2 2 2 2
left_child=-1 4 5 -4 -2 -3 7 8 -7 10 11 -10 -13 24 -11 -12 -15 18 19 21 -21 -18 -19 -20 25 29 27 -27 -28 -5
right_child=1 2 3 13 -6 6 -8 -9 9 14 15 12 -14 16 -16 -17 17 22 23 20 -22 -23 -24 -25 -26 26 28 -29 -30 -31
leaf_value=-2.8125642878518855e-05 0.0036575003937812825 0.0066650777289156684 0.0041166949141053224 0.0033278255673344637 -0.060250333712769756 -0.00020653510194634149 0.00044202483008506162 0.00081539615188383008 -0.033543155147142394 0.0010231700100464187 6.9438321557337196e-06 0.0036815273944806924 -0.0059630442001633917 -0.0019872572948816921 -0.018579985003905699 -0.05262223395801531 0.0023799820741445461 0.004123987900568127 0.00027800244869589111 -0.00080612673371439252 -0.010627368103969317 8.2248532338192505e-05 0.0015146714017147541 0.0022975962985762352 0.0042264445454534205 -0.00082854170651736514 -0.015452427091051147 -0.081088015220992987 0.0012003892565808747 0.00071854956319034871
leaf_weight=218738 59 75 190 1109 75 13416 12478 898 572 483 57 274 103 1142 85 217 296 53 2309 2703 170 1508 1188 1096 87 289 296 61 2529 1426
leaf_count=218738 59 75 190 1109 75 13416 12478 898 572 483 57 274 103 1142 85 217 296 53 2309 2703 170 1508 1188 1096 87 289 296 61 2529 1426
internal_value=2.30325e-05 0.000315181 0.00033363 0.00079808 -0.00589552 6.69976e-05 4.70565e-05 -0.0003027 -0.000440257 -0.00216918 -0.00331562 -0.00212329 0.000676393 0.000730538 0.000299296 -0.00744525 0.000351171 0.000567951 0.000306855 -0.000373102 -0.00123738 0.00100333 0.00226833 0.00124082 0.00141539 0.00131349 0.000559056 -0.00285714 0.000982301 0.00225838
internal_weight=263982 45244 45110 16452 134 28658 28583 16105 15207 1791 1223 949 377 16262 568 274 10465 9323 8082 4677 2873 1804 1241 3405 5797 5710 3175 350 2825 2535
internal_count=263982 45244 45110 16452 134 28658 28583 16105 15207 1791 1223 949 377 16262 568 274 10465 9323 8082 4677 2873 1804 1241 3405 5797 5710 3175 350 2825 2535
is_linear=0
shrinkage=0.05


Tree=207
num_leaves=31
num_cat=0
split_feature=28 17 0 29 19 18 21 0 21 0 29 14 17 1 11 29 5 7 29 14 23 12 7 11 2 5 29 27 18 11
split_gain=2.30414 1.8996 3.21643 2.19871 1.92615 1.88883 3.81283 2.52923 2.41468 3.32103 2.17315 2.63667 2.08897 2.62415 2.34604 2.02872 2.23001 1.97822 1.88121 2.09774 1.90131 1.86634 2.03995 1.85517 1.83711 2.01076 2.39021 1.83669 2.47511 1.83622
threshold=21.500000000000004 6.5000000000000009 4.5790689627974688 -0.94655401024601937 0.24464730749110022 24.349373348109129 28.500000000000004 5.1286703667030071 30.500000000000004 4.973239364658367 -1.0308775640211452 2.7188439467348187 5.5000000000000009 273.00000000000006 0.27853352781456664 -0.46518392472356479 2.1790946396082007 0.74165012374060624 3.3334073898702967 4.0926047678994157 1.0000000180025095e-35 2.4148859806295624 0.32427319812269101 0.92991112836643042 -0.90432378349369269 0.76060303671141982 -0.55713965335263338 12.500000000000002 0.017754866878118381 0.68523801880228752
decision_type=2 2 2 2 2 2 2 2 2 2 2 2 2 2 2 2 2 2 2 2 2 2 2 2 2 2 2 2 2 2
left_child=29 2 -2 -3 27 6 10 12 9 15 11 -4 -8 14 -14 16 -7 -9 20 -20 24 22 -12 -16 -6 26 -26 28 -5 -1
right_child=1 3 5 4 18 8 7 17 -10 -11 21 -13 13 -15 23 -17 -18 -19 19 -21 -22 -23 -24 -25 25 -27 -28 -29 -30 -31
leaf_value=-4.7781961439497842e-05 -0.0051057916516383051 0.0030705176961779747 -0.023288668213074074 2.4222825910502976e-05 0.0011891829484471546 0.00091625822448467486 -5.6297397856585811e-06 0.00039189914680687094 0.00099620452143978078 0.0019941375652521628 -0.0010099321473291051 0.0075143492646576465 -0.00044318051754783228 0.0018322576696979034 -0.0040325890287171533 -0.015611542119445126 -0.020873948651621253 0.0029734482387929594 0.0020853257746705415 -0.0051430411751090567 0.00027408727579372516 -0.0086438510834491635 0.0020419966837869146 -0.00084351902334981398 -0.012802695920322328 -0.0040632662945431176 0.0033511015905370155 -0.0068601306751227172 0.0050355769125324627 0.00021729197158453333
leaf_weight=172739 1005 2638 227 98 172 1775 13331 1967 6821 313 58 153 2713 198 881 818 218 52 828 76 5826 93 1363 940 81 477 106 74 152 47720
leaf_count=172739 1005 2638 227 98 172 1775 13331 1967 6821 313 58 153 2713 198 881 818 218 52 828 76 5826 93 1363 940 81 477 106 74 152 47720
internal_value=7.70904e-05 0.000409859 0.000222925 0.000994491 0.00057668 0.000310611 5.18754e-05 -0.000150383 0.000882354 -0.000268885 0.00219641 -0.00118421 -0.000337983 -0.00124049 -0.00148655 -0.000812877 4.76674e-05 0.00152798 0.000415015 0.00255531 0.000124588 0.00304491 0.00349402 -0.00287479 -0.00210526 -0.00329819 0.00109626 0.00435185 0.0064 1.14993e-05
internal_weight=263913 43454 32926 10528 7890 31921 21976 20082 9945 3124 1894 380 18063 4732 4534 2811 1993 2019 7566 904 6662 1514 1421 1821 836 664 187 324 250 220459
internal_count=263913 43454 32926 10528 7890 31921 21976 20082 9945 3124 1894 380 18063 4732 4534 2811 1993 2019 7566 904 6662 1514 1421 1821 836 664 187 324 250 220459
is_linear=0
shrinkage=0.05


Tree=208
num_leaves=31
num_cat=0
split_feature=28 21 18 12 19 22 22 19 2 19 29 16 7 1 5 7 18 6 5 22 22 15 20 5 19 3 7 11 28 7
split_gain=2.49829 2.33948 2.22129 1.61227 1.88694 5.76546 2.45013 3.51577 2.96384 2.95435 2.7607 2.82852 2.66419 2.63296 2.58159 2.46091 2.4539 2.26268 2.36281 2.27619 2.30504 2.23595 2.78759 3.27904 2.55564 2.68485 2.31654 2.63818 2.2776 2.41395
threshold=25.500000000000004 28.500000000000004 41.280443992448596 0.093161633204498343 3.0888116236248222 7.5000000000000009 9.5000000000000018 13.53267201524732 -0.69097689456679723 10.456991941350886 -0.78361957578518804 5.2250839448840321 0.9878496628511747 153.00000000000003 2.2697029209294435 0.24865868091013421 23.293648310416959 1.2638388805191774 0.39860634539400308 19.500000000000004 28.500000000000004 12.500000000000002 0.10149378967729115 0.37669794318080668 15.19904523996186 0.065712386785699836 0.82394537496276299 2.6613997082239762 1.5000000000000002 0.31469601628765631
decision_type=2 2 2 2 2 2 2 2 2 2 2 2 2 2 2 2 2 2 2 2 2 2 2 2 2 2 2 2 2 2
left_child=3 -2 -3 -1 5 -5 7 13 10 -8 -9 12 -12 -6 -13 16 -11 18 -7 -19 -21 24 -23 -24 -10 26 -26 -28 29 -27
right_child=1 2 -4 4 6 17 9 8 21 15 11 14 -14 -15 -16 -17 -18 19 -20 20 -22 22 23 -25 25 28 27 -29 -30 -31
leaf_value=0.00019535443288162319 0.0015812484238150991 0.00020061527214319214 0.0013317383857433585 0.0020855400374497428 -0.00071950275557597755 -0.0051572542163289374 -0.00035938893151314676 0.00071691204496277102 -0.0024053318340906409 0.0024760832732848618 0.00022620389592628522 -0.0028780076472096575 -0.00081606761089440729 0.00066587575912371519 0.0032359806464748691 0.00012834562645372652 -0.029647895382504209 0.00069485172344713241 0.00044303205503863234 -0.062717483951863898 -0.00091323360825706934 -0.0039448900322200378 -0.01796709242289872 -0.00023640635516802472 -0.0011284902972405907 -0.00095148401983720517 0.00024687748046712952 -0.1055082302130658 -0.00072299370212911928 0.0021472228406562753
leaf_weight=49796 867 22578 2833 1116 5827 178 31873 5080 2471 3578 5513 747 2796 14824 95 88157 131 130 2994 85 82 1670 54 1587 7231 1616 3263 87 3595 3046
leaf_count=49796 867 22578 2833 1116 5827 178 31873 5080 2471 3578 5513 747 2796 14824 95 88157 131 130 2994 85 82 1670 54 1587 7231 1616 3263 87 3595 3046
internal_value=0.000103259 0.000565873 0.00047873 5.21001e-05 -1.49601e-05 0.000986914 -4.00287e-05 -0.000303687 -0.000583897 8.67558e-05 -9.48574e-06 -0.000528357 -0.000248525 0.000223476 -0.00328979 0.000230663 0.00149232 -1.87368e-05 0.000372006 -0.00419192 -0.00805389 -0.000915921 -0.00212474 -0.000661182 -0.000728096 -0.00052978 -0.00105708 2.98513e-05 0.000145937 0.000875161
internal_weight=263900 26278 25411 237622 187826 4585 183241 59502 38851 123739 14231 9151 8309 20651 842 91866 3709 3469 3172 297 167 24620 3311 1641 21309 18838 10581 3350 8257 4662
internal_count=263900 26278 25411 237622 187826 4585 183241 59502 38851 123739 14231 9151 8309 20651 842 91866 3709 3469 3172 297 167 24620 3311 1641 21309 18838 10581 3350 8257 4662
is_linear=0
shrinkage=0.05


Tree=209
num_leaves=31
num_cat=0
split_feature=2 29 7 21 19 7 12 2 0 1 28 5 18 3 28 18 1 22 5 14 23 24 22 1 7 11 6 1 0 11
split_gain=1.71778 1.50484 2.3715 1.48846 1.60966 1.46705 1.77343 1.59513 1.52196 1.44122 1.52426 1.43477 1.51554 1.38517 1.52823 1.33637 1.82607 2.08837 1.90659 1.79764 1.75353 2.00106 1.87868 1.74287 1.97973 1.73095 1.70076 2.24245 1.70064 2.07334
threshold=-1.5310981106558179 2.8408173346488366 1.1926585445815248 27.500000000000004 45.784357802777031 1.0589556470193893 2.4965183170831415 -1.491108502086018 4.3895594239587075 265.00000000000006 5.5000000000000009 0.95159598323337946 11.048218693646772 -0.85413270163532928 12.500000000000002 42.406654588276702 233.00000000000003 7.5000000000000009 2.6590401044876883 3.2564277940648352 2.5000000000000004 19.500000000000004 18.500000000000004 213.00000000000003 1.3281204337535069 0.18857255147125171 1.9524119417911521 241.00000000000003 4.7867880060511725 0.48522893412107254
decision_type=2 2 2 2 2 2 2 2 2 2 2 2 2 2 2 2 2 2 2 2 2 2 2 2 2 2 2 2 2 2
left_child=3 -2 5 4 13 7 -7 -3 -9 -10 -11 12 -5 14 -1 16 17 -13 19 -18 23 22 -22 -19 25 -25 27 -21 -23 -30
right_child=1 2 -4 11 -6 6 -8 8 9 10 -12 15 -14 -15 -16 -17 18 20 -20 26 21 28 -24 24 -26 -27 -28 -29 29 -31
leaf_value=-0.0059199904889553952 2.1415514866781761e-05 -0.053998948680255815 0.0029874411363197705 0.005030421028441822 -0.00026227867665456274 -0.002595225749683423 0.0019686920463653423 0.0067735170616868394 0.00028694454720988143 -0.0013273507588048004 0.0041727520884231708 0.0012660803744508195 0.00045022759988337852 -3.1067096665689937e-05 -0.0075077457104490933 -0.00050461527821706444 0.0024035362976989627 0.00075426193759819526 -0.0034097111649381059 0.003093995373975561 0.0012403762332968006 -0.00029350336963244008 -0.00028887541185865446 -0.0070223745984804888 0.0030860217993535465 -0.00070463251868664849 0.0014816396371157671 -0.00024996293125524528 -6.9199226505954373e-05 -0.0018712832081783195
leaf_weight=70 238115 52 497 60 502 494 65 103 7692 88 279 2296 101 79 57 1872 441 2646 134 194 580 1074 2258 91 114 550 1492 1091 326 469
leaf_count=70 238115 52 497 60 502 494 65 103 7692 88 279 2296 101 79 57 1872 441 2646 134 194 580 1074 2258 91 114 550 1492 1091 326 469
internal_value=8.21585e-05 4.92154e-05 0.000674219 0.000576166 -0.00166667 0.000483872 -0.00199463 0.000652545 0.00070816 0.000630972 0.0036921 0.000676738 0.00537267 -0.00538835 -0.00862205 0.00062836 0.000798925 0.000471934 0.00181384 0.00205718 9.49685e-05 -0.000530061 0.000306555 0.000960012 -0.00115894 -0.00223869 0.00158624 0.000252919 -0.00180043 -0.00355346
internal_weight=263882 247385 9270 16497 708 8773 559 8214 8162 8059 367 15789 161 206 127 15628 13756 10404 3352 3218 8108 4707 2838 3401 755 641 2777 1285 1869 795
internal_count=263882 247385 9270 16497 708 8773 559 8214 8162 8059 367 15789 161 206 127 15628 13756 10404 3352 3218 8108 4707 2838 3401 755 641 2777 1285 1869 795
is_linear=0
shrinkage=0.05


Tree=210
num_leaves=31
num_cat=0
split_feature=17 27 19 24 20 11 29 7 27 5 11 29 27 29 2 29 15 24 26 22 29 15 3 24 7 22 29 11 13 11
split_gain=1.43794 4.33221 3.11053 3.01119 2.27811 2.56294 3.09897 2.14529 1.95171 1.77004 2.17317 2.95788 2.14702 2.05555 1.76455 2.31723 2.14541 1.88634 2.1175 1.86656 1.81066 1.83525 2.64619 2.08099 1.79215 1.81517 1.72076 1.69818 2.88116 2.21947
threshold=6.5000000000000009 12.500000000000002 0.12425885854174255 18.500000000000004 0.72054207635881962 0.89638550728203537 -0.38423582872657108 0.42657334683777942 24.500000000000004 0.66590799433781489 0.2394300125026381 -0.29976924049999526 35.500000000000007 -1.0072396594512696 0.39240015445872917 -0.94655401024601937 1.0000000180025095e-35 15.500000000000002 1.0000000180025095e-35 34.500000000000007 4.4656086771559433 28.500000000000004 -0.53644340829440484 15.500000000000002 0.52328444348436676 4.5000000000000009 -0.14889241537967404 2.3882854864935839 0.1772581132431926 0.88263135563524642
decision_type=2 2 2 2 2 2 2 2 2 2 2 2 2 2 2 2 2 2 2 2 2 2 2 2 2 2 2 2 2 2
left_child=-1 2 3 -2 5 -3 -7 8 -6 10 13 -12 27 -9 15 17 -17 18 -4 -16 21 -18 -23 -24 -19 -26 -14 29 -29 -11
right_child=1 4 14 -5 7 6 -8 9 -10 12 11 -13 26 -15 19 16 20 24 -20 -21 -22 22 23 -25 25 -27 -28 28 -30 -31
leaf_value=2.0832711117090976e-05 0.00072891137532093877 -0.00048981010602095376 0.0035085091853146511 0.0051361837636080829 0.00046897067153992998 -0.0003556502446399699 0.0010122312135784134 -0.0050581660404378824 0.0023962729070357769 0.00041568925965575855 -0.00097896097276834143 -0.0046144789648670387 -0.00052993567373448719 0.0012882413644165625 0.0027785473093609519 -0.00097528634319826745 0.00044603987232108273 -0.002550071592466065 -0.020329559052366896 -0.0067601185526099342 0.0026483356362192777 -0.02762516400122892 -0.0024755990036469944 0.0037496526583246054 6.7833775457664991e-06 0.0033973263840882287 -0.0049599287304192509 0.0032855153277303929 -0.0034144249323999052 0.0016501425954380301
leaf_weight=225223 193 11418 1956 121 479 1704 1640 60 392 3912 603 314 268 496 1928 1481 8504 92 122 58 394 52 112 63 98 384 87 109 204 816
leaf_count=225223 193 11418 1956 121 479 1704 1640 60 392 3912 603 314 268 496 1928 1481 8504 92 122 58 394 52 112 63 98 384 87 109 204 816
internal_value=7.17675e-05 0.000356017 0.000997558 0.00592357 -8.75472e-05 -0.000451835 0.000765551 0.000607236 0.00294489 0.000310817 -0.00122539 -0.00272083 0.000730171 0.00124101 0.000896091 0.000687887 0.000357345 0.0020098 0.00130895 0.002286 0.000643836 0.000494217 -0.00394273 -0.000999999 0.00454704 0.00576764 -0.00302817 0.000994843 -0.00257188 0.00123097
internal_weight=263283 38060 15558 314 22502 14762 3344 7740 871 6869 1473 917 5396 556 15244 13258 10606 2652 2078 1986 9125 8731 227 175 574 482 355 5041 313 4728
internal_count=263283 38060 15558 314 22502 14762 3344 7740 871 6869 1473 917 5396 556 15244 13258 10606 2652 2078 1986 9125 8731 227 175 574 482 355 5041 313 4728
is_linear=0
shrinkage=0.05


Tree=211
num_leaves=31
num_cat=0
split_feature=28 21 24 22 6 11 5 2 4 24 24 17 27 4 5 17 3 23 23 16 3 21 0 3 21 26 0 28 27 11
split_gain=2.59921 2.35894 1.58395 1.52993 1.73996 1.8692 1.44104 1.42072 1.80686 1.39902 2.47564 4.41476 4.02 3.92983 3.31545 4.37001 4.27585 3.80219 3.26215 3.25932 2.9602 2.74392 2.55414 3.56258 3.35203 3.0777 2.52925 2.3902 2.38367 2.5545
threshold=25.500000000000004 28.500000000000004 14.500000000000002 26.500000000000004 0.1205827845631116 3.5899999668743359 2.6590401044876883 -0.88887397286016012 -0.1793608401508468 9.5000000000000018 13.500000000000002 5.5000000000000009 8.5000000000000018 -0.4038596509380315 1.1879734282520555 4.5000000000000009 -0.81022791595296451 2.5000000000000004 5.5000000000000009 0.12191692464471658 0.42087894890972782 30.500000000000004 5.0690024785453636 -0.65314107361018614 27.500000000000004 1.0000000180025095e-35 5.1802844912163515 1.5000000000000002 34.500000000000007 0.11986598464265888
decision_type=2 2 2 2 2 2 2 2 2 2 2 2 2 2 2 2 2 2 2 2 2 2 2 2 2 2 2 2 2 2
left_child=9 2 -2 -3 -5 -6 -7 -4 -9 -1 11 14 13 18 17 22 -17 20 21 -15 -11 -13 23 24 -16 -26 -18 28 29 -14
right_child=1 3 7 4 5 6 -8 8 -10 10 -12 12 27 19 15 16 26 -19 -20 -21 -22 -23 -24 -25 25 -27 -28 -29 -30 -31
leaf_value=-0.00013695060001233335 0.0032053818536549464 0.00021734377277818196 0.001655931026825246 -0.0023248756485618333 0.00096005047567151297 -0.0024469554722582189 -0.044421133046776765 -0.0049466497816896497 0.00025756944913905822 0.0027218940151403775 1.5860621119459949e-05 -0.030084721172545695 -0.044857059680076521 -0.0045891364981855039 -0.03218264509214222 0.0055376608071609108 -0.016689503500242491 -0.00023884708821578666 0.008320121476748649 0.0027839171682444812 -0.0024218381222799851 0.006387791766127443 0.0012430149861509402 -0.025310807623322436 -0.0024978220568776703 -0.026277961823762869 0.0032053528984637477 0.0027969854225452385 0.0059430673932525067 0.00011648658155829486
leaf_weight=62478 614 19422 52 478 5233 297 50 125 91 5707 148438 622 97 143 102 1259 766 8940 116 2210 328 82 287 375 1220 199 106 3470 99 223
leaf_count=62478 614 19422 52 478 5233 297 50 125 91 5707 148438 622 97 143 102 1259 766 8940 116 2210 328 82 287 375 1220 199 106 3470 99 223
internal_value=8.20667e-05 0.000553069 0.00309524 0.000465071 0.0011588 0.00140681 -0.00214697 -0.00011194 -0.00189815 2.9735e-05 0.000102324 0.000548936 0.00161852 0.000297826 0.000157344 -0.00106398 0.000546692 0.000509183 -0.00268293 0.00133659 0.00147887 -0.00396307 -0.00263628 -0.00330169 -0.00222551 -0.00159619 -0.00214449 0.00269607 -0.000871121 -0.00296875
internal_weight=263629 26362 882 25480 6058 5580 347 268 216 237267 174789 26351 7062 3173 19289 4314 2131 14975 820 2353 6035 704 2183 1896 1521 1419 872 3889 419 320
internal_count=263629 26362 882 25480 6058 5580 347 268 216 237267 174789 26351 7062 3173 19289 4314 2131 14975 820 2353 6035 704 2183 1896 1521 1419 872 3889 419 320
is_linear=0
shrinkage=0.05


Tree=212
num_leaves=31
num_cat=0
split_feature=6 18 6 24 0 4 3 29 22 21 29 13 24 0 14 22 27 24 0 0 12 16 21 12 7 7 3 16 29 29
split_gain=1.89085 2.15966 1.51178 3.04757 3.56156 4.06628 3.56483 2.85837 3.50231 1.93525 1.75047 2.01698 1.90895 1.80438 1.77896 1.70707 2.06151 1.68926 4.4474 2.55653 2.63665 2.63247 2.47114 2.7096 2.43562 3.29987 2.51226 3.39473 2.27243 2.79408
threshold=1.8839739249646514 0.64252069234894893 0.2754849908539459 1.5000000000000002 4.7041876600984978 -0.17182479100248296 0.31856938066608398 -0.54786112144431576 4.5000000000000009 35.500000000000007 -0.21038776322965347 0.59256168902188133 2.5000000000000004 5.6639013355751313 1.2871726213135897 3.5000000000000004 1.0000000180025095e-35 23.500000000000004 4.6152523066285216 4.973239364658367 1.0582172269102297 2.437908332015633 32.500000000000007 0.17300818854721556 0.56052619835996831 0.53674612676591082 -0.64661284155302357 0.52758923916535283 -0.29244308552276649 -0.59509976453478841
decision_type=2 2 2 2 2 2 2 2 2 2 2 2 2 2 2 2 2 2 2 2 2 2 2 2 2 2 2 2 2 2
left_child=2 -2 3 4 -1 7 -7 -6 -9 -10 17 12 15 -14 -13 -12 -17 19 -19 21 24 28 23 -20 25 -21 27 -26 29 -5
right_child=1 -3 -4 10 5 6 -8 8 9 -11 11 14 13 -15 -16 16 -18 18 22 20 -22 -23 -24 -25 26 -27 -28 -29 -30 -31
leaf_value=0.0025472065988331408 0.0024420399363166787 0.00044485181752856114 -1.7445681819928004e-05 2.0693127985938304e-05 0.0016379552992811916 0.0021054608301457312 -4.5713147776503844e-05 -0.002033000720410817 -0.00018345762246076014 -0.0079391914183202187 -0.0030013856981351192 0.0014696000438018501 -5.9362241811266294e-05 0.0029855241288918809 0.0083389299786612147 -0.0041716013174334524 2.5718724511960083e-05 0.0030747439913192702 0.00088634596023170738 0.00054391255409165626 -0.018630150586472698 0.0047697535055784522 -0.00035379412228486913 -0.00040736239425706193 -0.0011458239616082867 -0.0023166636162281541 0.0017950863439005434 0.0019400703101642121 0.00082754636868344529 -0.0010923005418246401
leaf_weight=457 190 8919 192007 6217 190 907 765 85 271 56 134 1751 33709 292 55 333 740 934 2680 5159 108 61 1740 1178 374 286 771 180 681 2624
leaf_count=457 190 8919 192007 6217 190 907 765 85 271 56 134 1751 33709 292 55 333 740 934 2680 5159 108 61 1740 1178 374 286 771 180 681 2624
internal_value=6.99635e-05 0.000777803 4.46531e-05 0.000257739 0.00189125 0.00108179 0.00235048 -0.00244186 -0.00478155 -0.00243119 0.000183396 -2.94477e-05 -0.000113042 -4.36746e-05 0.00160022 -0.00206711 -0.00140261 0.00052603 0.00120637 0.00025606 0.000991568 -0.000271835 0.000673455 0.00137895 0.00111521 0.000647384 0.00303774 0.000469315 -0.000338164 -0.000552539
internal_weight=263854 9109 254745 62738 2731 2274 1672 602 412 327 60007 37014 35208 34001 1806 1207 1073 22993 6532 16461 6878 9583 5598 3858 6770 5445 1325 554 9522 8841
internal_count=263854 9109 254745 62738 2731 2274 1672 602 412 327 60007 37014 35208 34001 1806 1207 1073 22993 6532 16461 6878 9583 5598 3858 6770 5445 1325 554 9522 8841
is_linear=0
shrinkage=0.05


Tree=213
num_leaves=31
num_cat=0
split_feature=29 29 9 28 19 5 7 7 15 16 7 21 2 2 5 3 29 21 21 0 18 27 13 5 7 19 9 0 24 1
split_gain=2.23188 2.14656 2.60034 1.79308 2.63012 3.9022 3.28699 2.10345 1.99331 1.94993 1.9812 2.90318 2.1083 1.77766 2.87967 3.75881 3.17035 2.78471 2.55026 2.27419 2.09481 2.19596 1.93696 2.10168 1.89993 1.97716 1.92025 1.76588 2.67313 3.6751
threshold=2.8408173346488366 -1.1313414534795427 1.0021672713445475 1.0000000180025095e-35 8.8041263553313325 1.7031484211795049 0.8595655465529195 0.4691439892959583 1.0000000180025095e-35 0.5568351022463871 0.53903927191660472 27.500000000000004 0.46644325657180086 0.18012015220412725 0.35964551885601487 -0.34654520039374387 0.25131046356015935 37.500000000000007 32.500000000000007 4.5086161124671804 4.9207779672608334 17.500000000000004 5.0023541811799817 1.7031484211795049 0.36829023862607085 3.2988712152591364 0.61754315538963367 5.0590719231024197 8.5000000000000018 189.00000000000003
decision_type=2 2 2 2 2 2 2 2 2 2 2 2 2 2 2 2 2 2 2 2 2 2 2 2 2 2 2 2 2 2
left_child=1 2 -1 4 6 8 7 -3 9 -6 12 -12 -11 14 15 -5 22 27 19 -17 -15 -22 -16 -24 -21 -26 -27 28 -18 -30
right_child=-2 3 -4 13 5 -7 -8 -9 -10 10 11 -13 -14 20 16 18 17 -19 -20 24 21 -23 23 -25 25 26 -28 -29 29 -31
leaf_value=0.00055296894369330247 0.00052946917928310797 0.0065675905541498457 0.0030232797408400415 -0.0061464465797949766 -0.0067431612217496752 0.0010526356131427149 -0.0018303446475008119 0.00093677378701666051 0.00011217342026255198 0.00065426334662663905 -0.018201462320863955 -0.00076277979856021741 -0.0094836157478666097 0.00050374377089585211 -4.2704734200353708e-05 0.009278228895765156 -0.0011687150264387328 0.003484868663514887 -0.011570956069234507 -0.00077133266142575966 -0.00058305178524527387 0.00058718587080800648 0.0014338486440059559 -0.00014120648919861893 -0.0031587570010061547 0.0059652732656274741 -0.0027889674421967235 -0.00079512558051976392 -0.037389375058728552 -0.0075665176734019853
leaf_weight=25981 10153 861 105 61 75 759 86 841 3717 436 53 133 58 43658 142384 58 998 174 118 428 12537 1058 919 866 87 1138 54 15084 377 390
leaf_count=25981 10153 861 105 61 75 759 86 841 3717 436 53 133 58 43658 142384 58 998 174 118 428 12537 1058 919 866 87 1138 54 15084 377 390
internal_value=8.02405e-05 5.11261e-05 0.000480718 1.8475e-06 0.000788574 0.000222711 0.00244407 0.00292597 -0.000339892 -0.00268212 -0.00183823 -0.00623656 -0.000182186 -2.32084e-05 -0.000107333 0.00180556 -0.000130403 -0.000775715 0.00220128 0.00267705 0.000216496 -0.000325487 -5.42066e-05 0.00158263 0.00234622 0.00331118 0.00384228 -0.000840702 -0.00233711 -0.00455671
internal_weight=263647 253494 26086 227408 7019 5231 1788 1702 4472 755 680 186 494 220389 163136 1944 161192 17023 1883 1765 57253 13595 144169 1785 1707 1279 1192 16849 1765 767
internal_count=263647 253494 26086 227408 7019 5231 1788 1702 4472 755 680 186 494 220389 163136 1944 161192 17023 1883 1765 57253 13595 144169 1785 1707 1279 1192 16849 1765 767
is_linear=0
shrinkage=0.05


Tree=214
num_leaves=31
num_cat=0
split_feature=29 24 24 21 3 27 27 17 0 21 29 29 18 19 0 19 0 7 22 21 6 0 28 2 3 22 11 13 21 27
split_gain=2.24613 1.82712 7.08564 4.52567 3.45341 3.07739 5.71887 3.50859 4.30682 2.95679 3.50325 2.45621 2.54176 2.40897 2.38318 2.61497 3.44352 2.36426 2.31507 2.1327 3.71995 2.12251 2.05857 1.98886 2.02497 2.3261 1.96834 1.96711 1.95663 1.91035
threshold=-1.0546084750942197 11.500000000000002 8.5000000000000018 34.500000000000007 -0.72450570409769888 27.500000000000004 10.500000000000002 9.5000000000000018 4.6786224635956151 34.500000000000007 -2.5608938885402721 -2.5608938885402721 17.131166962195127 13.649118268291653 4.5208249664032918 28.626116574922936 4.811192744896907 0.32697226246320371 11.500000000000002 27.500000000000004 0.55087786384198367 5.0590719231024197 25.500000000000004 -0.30454640985944353 -1.2191137675399151 24.500000000000004 3.3839275911733053 0.11384490509697646 40.500000000000007 20.500000000000004
decision_type=2 2 2 2 2 2 2 2 2 2 2 2 2 2 2 2 2 2 2 2 2 2 2 2 2 2 2 2 2 2
left_child=1 2 14 5 23 6 7 8 18 19 -11 12 -10 -12 -1 16 -16 -17 -4 20 -3 -21 -19 24 -5 -26 -20 -14 -18 -8
right_child=-2 9 3 4 -6 -7 29 -9 11 10 13 -13 27 -15 15 17 28 22 26 21 -22 -23 -24 -25 25 -27 -28 -29 -30 -31
leaf_value=-0.0066836697411522322 7.8649395323117739e-06 0.0018836721040550787 -0.03803350487906354 -0.097039531817456989 0.0083652252334135615 -0.032554358200278917 0.016764153715410207 0.014120872317935705 0.013209969508315982 0.0060304671326555041 0.0014174962134765011 -0.0089295521333437843 0.016314951326627917 -0.00085431634935836595 0.0063629728288840687 0.0058428389455768993 0.0012746700317872966 -2.0701434554675939e-05 -0.01797449826342222 0.0012702356446422571 -0.0028616427877189449 0.0021881576146286471 0.0029906095906993536 -0.11007325653992238 0.0089175858446366215 -0.093042015283002794 -0.042768335182953858 -0.010959574113444616 -0.046203212126731362 0.0055280246701361647
leaf_weight=312 234452 272 270 77 415 890 259 159 440 156 780 1814 107 2833 774 192 990 4570 507 10209 550 117 1361 57 272 118 72 226 108 338
leaf_count=312 234452 272 270 77 415 890 259 159 440 156 780 1814 107 2833 774 192 990 4570 507 10209 550 117 1361 57 272 118 72 226 108 338
internal_value=6.12641e-05 0.000474441 7.11899e-05 -0.00123484 0.00195421 -0.00182408 -0.00125716 -0.00200974 -0.00234575 0.000861769 -0.000348898 -0.00133166 0.00102846 -0.000665651 0.00101782 0.00118512 0.00282051 0.000685122 -0.00543581 0.00127108 -0.00118005 0.0014662 0.000508347 -0.000744274 0.000331906 0.00179487 -0.00365285 -0.00226727 0.00102004 0.00327471
internal_weight=263697 29245 14328 6021 939 5082 4192 3595 3436 14917 3769 2587 773 3613 8307 7995 1872 6123 849 11148 822 10326 5931 524 467 390 579 333 1098 597
internal_count=263697 29245 14328 6021 939 5082 4192 3595 3436 14917 3769 2587 773 3613 8307 7995 1872 6123 849 11148 822 10326 5931 524 467 390 579 333 1098 597
is_linear=0
shrinkage=0.05


Tree=215
num_leaves=31
num_cat=0
split_feature=28 27 21 19 2 5 21 24 24 7 18 21 18 29 7 22 13 28 19 22 5 18 6 12 27 29 1 29 22 4
split_gain=1.87541 2.39184 2.73849 3.2848 2.94789 2.64388 2.68879 3.48892 4.231 3.91854 3.29496 2.88391 3.88878 2.40839 2.39823 2.33535 2.2707 2.81161 2.95493 2.74381 3.03612 3.02308 2.55596 2.42872 2.35846 2.24313 3.19789 2.59747 2.23636 2.21696
threshold=21.500000000000004 2.5000000000000004 30.500000000000004 56.993231339719991 -0.64026004383631818 0.67799834232326905 30.500000000000004 6.5000000000000009 11.500000000000002 0.57134043822731684 24.349373348109129 29.500000000000004 8.6764120889635752 -0.77071677021972174 1.5336695567011727 8.5000000000000018 0.083497588071038145 11.500000000000002 4.1037525592591368 16.500000000000004 0.4334396928574249 1.582428381686475 0.094806816002675501 1.9072835476382204 45.500000000000007 -0.19811758492869305 181.00000000000003 0.60199955426817631 5.5000000000000009 -0.4702168439600225
decision_type=2 2 2 2 2 2 2 2 2 2 2 2 2 2 2 2 2 2 2 2 2 2 2 2 2 2 2 2 2 2
left_child=16 2 3 -2 15 -3 7 11 9 28 14 12 -7 -10 -8 -5 24 18 19 20 -18 23 -22 -21 -1 26 -11 -27 -9 -14
right_child=1 5 -4 4 -6 6 10 8 13 25 -12 -13 29 -15 -16 -17 17 -19 -20 21 22 -23 -24 -25 -26 27 -28 -29 -30 -31
leaf_value=0.00019102766789695654 0.0025978649757624206 0.00092185157803137538 0.00023060902993949294 -0.0081948180724110507 -0.001566198545143845 0.0059841049161265458 -1.2800086369322433e-05 -0.018622307784299255 0.0018598714146457708 -0.0015218598191625589 0.00090265277316669895 -0.006655334632786121 0.0083915693202569648 -0.0010753264521850508 -0.068140723704342779 0.0041585114344168212 -0.0017065685067278718 -0.00024762861782358581 2.6063913380954095e-07 -0.00015246942093876596 -0.00062964832007156464 0.0068158144559935562 0.0019187114421067122 -0.0075698221533034172 0.0094312783808733723 -0.068592636241071328 -0.024824348830510989 -0.035311137042700357 0.0073697487711802262 -0.0020838231743314029
leaf_weight=41241 2108 3160 4773 151 1088 152 15899 80 1958 1078 7358 122 270 1948 50 720 583 34964 136828 3100 68 244 3221 97 91 93 1097 525 471 258
leaf_count=41241 2108 3160 4773 151 1088 152 15899 80 1958 1078 7358 122 270 1948 50 720 583 34964 136828 3100 68 244 3221 97 91 93 1097 525 471 258
internal_value=9.11316e-05 0.00039173 0.00112557 0.00207893 0.000604901 0.000203801 6.48942e-05 -0.000722801 -0.00106896 -0.0023744 0.000337024 0.00240648 0.00367647 4.86437e-05 -6.67748e-05 0.00277268 3.20052e-05 -4.50847e-05 5.24839e-05 0.00103172 0.00194473 4.35979e-06 0.00253421 -0.000405067 0.000366061 -0.00313462 -0.00237931 -0.00579288 0.00147913 0.00164773
internal_weight=263796 43359 8840 4067 1959 34519 31359 8052 7250 3344 23307 802 680 3906 15949 871 220437 179105 144141 7313 3872 3441 3289 3197 41332 2793 2175 618 551 528
internal_count=263796 43359 8840 4067 1959 34519 31359 8052 7250 3344 23307 802 680 3906 15949 871 220437 179105 144141 7313 3872 3441 3289 3197 41332 2793 2175 618 551 528
is_linear=0
shrinkage=0.05


Tree=216
num_leaves=31
num_cat=0
split_feature=29 22 18 16 1 1 9 22 29 16 0 6 2 21 2 28 13 12 29 3 11 1 16 18 14 9 8 6 3 21
split_gain=1.86788 2.29664 2.17887 2.48275 2.0245 1.75591 2.1879 3.0316 3.09587 2.59147 2.23149 1.99162 4.20202 2.34752 1.87151 1.75682 1.84228 2.10087 1.68932 2.34448 2.15158 2.18666 2.10906 2.02971 1.92903 1.80566 2.25864 1.86639 1.73888 1.79739
threshold=2.8408173346488366 12.500000000000002 2.6389240956144726 0.036591710802204705 261.00000000000006 97.000000000000014 0.75659183148516418 5.5000000000000009 -0.21643759867087295 0.97834769077710748 4.9913979866649205 0.19209988291272687 -0.13108311765750444 40.500000000000007 -0.24550049639915775 21.500000000000004 0.49646325844587275 0.69613476296221832 -0.77071677021972174 0.12211070574685252 2.4812003789584818 189.00000000000003 0.032839772986434708 81.762926457593622 3.7040868174770409 0.83246054453473639 0.96021439570697098 0.10380993542242617 -1.4467414105168883 32.500000000000007
decision_type=2 2 2 2 2 2 2 2 2 2 2 2 2 2 2 2 2 2 2 2 2 2 2 2 2 2 2 2 2 2
left_child=5 2 -2 -4 -3 6 9 -8 -9 11 -11 12 -1 15 -10 -13 17 -17 19 -7 21 22 -21 28 -25 27 -27 -24 -20 -30
right_child=1 4 3 -5 -6 18 7 8 14 10 -12 13 -14 -15 -16 16 -18 -19 23 20 -22 -23 25 24 -26 26 -28 -29 29 -31
leaf_value=0.0015603172529126607 0.0015023421098567518 0.00075057932731540148 0.0033251808764760537 -0.00076810965890956168 0.0030519390687055855 0.00028403634641329647 -0.030998493447581488 0.00062441770885793312 -0.012162365224640368 -0.0013967532586173334 0.00070424705275014894 -0.0012615630794070068 -0.00016521705552179631 -0.0086176622437839755 -0.00043825546478016685 -0.0008164718693603498 0.0022864646377606921 0.0025534147077966047 0.0010247255966255463 -0.012237900933579439 -0.020133717718864675 0.0024811574756047824 -0.016284306765870997 -0.079053816587715209 0.0015352655264423871 0.0013298526279204937 -0.016802209773635786 0.0023475343952360393 7.4568194822689592e-05 -0.00017107369189748309
leaf_weight=362 462 5750 139 3540 206 42728 93 242 91 700 2107 5244 2415 93 87 438 143 87 1102 83 50 315 74 217 123 143 75 930 170280 25459
leaf_count=362 462 5750 139 3540 206 42728 93 242 91 700 2107 5244 2415 93 87 438 143 87 1102 83 50 315 74 217 123 143 75 930 170280 25459
internal_value=9.618e-05 0.000763099 -0.00014127 -0.000547703 0.00139187 6.96353e-05 -0.000518096 -0.00371345 -0.00190476 -0.00037665 0.00094585 -0.000799362 0.000307887 -0.00131141 -0.00691011 -0.00118741 0.00122755 -0.000142857 9.90779e-05 0.00037772 0.00221557 0.00253086 0.00162835 3.63378e-05 -0.00382353 0.00215221 -0.00197248 0.00304781 4.30048e-05 3.18542e-05
internal_weight=263778 10097 4141 3679 5956 253681 12102 513 420 11589 2807 8782 2777 6005 178 5912 668 525 241579 44398 1670 1620 1305 197181 340 1222 218 1004 196841 195739
internal_count=263778 10097 4141 3679 5956 253681 12102 513 420 11589 2807 8782 2777 6005 178 5912 668 525 241579 44398 1670 1620 1305 197181 340 1222 218 1004 196841 195739
is_linear=0
shrinkage=0.05


Tree=217
num_leaves=31
num_cat=0
split_feature=29 5 24 24 29 1 29 18 0 7 27 0 7 1 5 21 27 27 20 29 29 18 0 29 7 0 23 5 13 1
split_gain=1.47549 2.03835 1.98319 4.81699 4.27685 3.38094 2.82223 2.4921 2.60253 2.35309 1.96177 2.32881 2.86061 1.86487 2.16346 1.86201 2.58952 2.65445 2.35482 2.33515 1.84261 1.88988 1.8074 2.76695 1.87012 1.79772 2.652 1.91709 2.26377 1.78451
threshold=-1.1313414534795427 0.63468627965869262 11.500000000000002 8.5000000000000018 -3.1903952382278615 129.00000000000003 -4.5835963978295169 56.5969227937276 5.0590719231024197 0.87497562840561416 25.500000000000004 4.6603476403907047 0.89503252676652878 217.00000000000003 1.7031484211795049 30.500000000000004 26.500000000000004 10.500000000000002 0.70750624702893972 -2.1968687689319921 -2.5608938885402721 15.849253963480669 4.7105902035041884 -1.6214020128300053 0.97234652406757294 4.8161785264461434 2.5000000000000004 1.3543796053240111 0.32100076691893836 157.00000000000003
decision_type=2 2 2 2 2 2 2 2 2 2 2 2 2 2 2 2 2 2 2 2 2 2 2 2 2 2 2 2 2 2
left_child=1 -1 3 6 5 -5 -3 8 15 -9 11 12 -7 -13 -15 16 17 18 22 -20 21 -4 23 24 -6 26 27 28 -17 -22
right_child=-2 2 20 4 7 10 -8 9 -10 -11 -12 13 -14 14 -16 25 -18 -19 19 -21 29 -23 -24 -25 -26 -27 -28 -29 -30 -31
leaf_value=0.0024039868184833153 8.4047399394028145e-06 0.0050627416858600865 -0.0010045953718725842 0.036457963619484383 -0.057650597828824479 -0.037690453952160238 0.00048447692517993485 -0.049790093370016886 0.0082589345864001028 0.015751340276556187 -0.073391448769942857 0.0088957629056695582 -0.025961155097522504 -0.067037594929255137 0.0092192344827563676 -0.023423272636212789 -0.064468416985019802 0.020638727626970534 0.01959655712615942 -0.0078269600917830941 0.0016450261366596352 0.0097113959151375762 -0.0075958717308686682 0.024626905801865079 -0.024195242092466734 -0.0090145622761291701 -0.0028037816163065869 0.028776273340088976 0.015643029382371571 0.00040623522525719307
leaf_weight=1182 237674 628 123 85 143 121 6552 74 122 144 259 296 251 52 52 124 74 138 179 405 1671 308 685 60 178 793 1005 216 105 10054
leaf_count=1182 237674 628 123 85 143 121 6552 74 122 144 259 296 251 52 52 124 74 138 179 405 1671 308 685 60 178 793 1005 216 105 10054
internal_value=5.07867e-05 0.0004078 0.000311484 -0.000124401 -0.00122909 -0.00399642 0.000731198 -0.000534308 -0.00080317 0.0046789 -0.00478661 -0.00352332 -0.00637097 -0.000874999 -0.00663461 -0.00101705 -0.00218582 -0.00180649 -0.00236364 0.000188357 0.000768345 0.00397912 -0.00376173 -0.00652231 -0.00836449 -4.68117e-05 0.001 0.00421348 0.0010262 0.00065032
internal_weight=263753 26079 24897 12741 5561 1116 7180 4445 4227 218 1031 772 372 400 104 4105 1862 1788 1650 584 12156 431 1066 381 321 2243 1450 445 229 11725
internal_count=263753 26079 24897 12741 5561 1116 7180 4445 4227 218 1031 772 372 400 104 4105 1862 1788 1650 584 12156 431 1066 381 321 2243 1450 445 229 11725
is_linear=0
shrinkage=0.05


Tree=218
num_leaves=31
num_cat=0
split_feature=5 29 28 22 29 16 29 13 29 1 11 5 24 11 11 0 24 3 1 18 23 13 22 7 18 24 22 3 1 11
split_gain=1.33778 1.34262 1.74629 1.69303 1.83314 1.53335 1.50275 1.47429 1.235 1.21443 1.37558 1.85888 1.71336 1.27162 1.47851 1.25956 1.99138 3.12243 3.10816 6.12885 3.06704 2.01372 1.88017 1.78309 1.67356 2.2351 1.84367 1.50913 2.99235 1.82745
threshold=0.32766187137346731 -0.10693060515370321 7.5000000000000009 14.500000000000002 -0.24983581559856657 0.0055345242886652097 -0.50430115810215981 0.76757537803870668 2.8408173346488366 253.00000000000003 0.74618076186414173 1.9445920004237425 7.5000000000000009 0.1258197370003489 0.21744176315733951 4.9435104813910415 6.5000000000000009 -1.2746328245152851 169.00000000000003 34.597550769338447 1.0000000180025095e-35 0.25715276270526682 9.5000000000000018 0.35658089066427145 13.003328952775066 12.500000000000002 19.500000000000004 0.16223955107892893 117.00000000000001 0.059068008286746111
decision_type=2 2 2 2 2 2 2 2 2 2 2 2 2 2 2 2 2 2 2 2 2 2 2 2 2 2 2 2 2 2
left_child=1 2 3 -1 -5 -4 -7 -3 -2 15 11 13 -13 -11 -15 16 17 -10 19 20 -18 -20 -22 -19 25 -23 -27 -17 29 -29
right_child=8 7 5 4 -6 6 -8 -9 9 10 -12 12 -14 14 -16 27 18 23 21 -21 22 24 -24 -25 -26 26 -28 28 -30 -31
leaf_value=0.0030235475309511647 3.6396194399797443e-05 0.0041803894395897089 -0.028541363058199043 -0.018148341712950222 -0.0023781993095701795 0.0062109910657643956 0.0010626198623920914 0.0072266031167139318 0.0040984973320135629 0.0038689973419632298 0.0042073967593213839 -0.099806202424643234 0.0012254169601105954 -0.0026620347096482084 0.0015768626912516987 0.00075337824614745449 -0.09986139242403512 0.0032206639254141406 -0.0016168487630428931 -0.14134021124109247 -0.036184922203795662 0.006361125027022828 0.00075103073795738723 0.0001922156351721147 0.0023186524930154185 -0.00036421035229008866 -0.090666172173852713 0.0025434379977475972 0.0007832466737219216 -0.023945706235626377
leaf_weight=90 253125 577 61 66 57 66 87 71 180 122 147 57 60 91 344 2740 70 109 808 74 134 89 451 3133 874 58 51 50 264 237
leaf_count=90 253125 577 61 66 57 66 87 71 180 122 147 57 60 91 344 2740 70 109 808 74 134 89 451 3133 874 58 51 50 264 237
internal_value=7.6965e-05 0.00183721 -0.000339578 -0.0035446 -0.00735772 0.00285047 0.00552288 0.00327161 6.97774e-05 0.000610767 0.00245432 0.00149852 -0.00423077 0.00270198 0.00143678 0.000448402 1.90687e-05 0.000812391 -0.00102146 -0.00379287 -0.00225191 5.31921e-05 -0.00106838 0.000456509 0.00147388 -0.00267677 -0.00747706 0.00123519 -0.00115245 -0.00468641
internal_weight=264343 1075 427 213 123 214 153 648 263268 10143 821 674 117 557 435 9322 6031 3422 2609 729 655 1880 585 3242 1072 198 109 3291 551 287
internal_count=264343 1075 427 213 123 214 153 648 263268 10143 821 674 117 557 435 9322 6031 3422 2609 729 655 1880 585 3242 1072 198 109 3291 551 287
is_linear=0
shrinkage=0.05


Tree=219
num_leaves=31
num_cat=0
split_feature=29 24 24 29 4 29 29 21 18 21 29 11 28 19 3 22 27 24 21 21 13 27 5 4 14 14 3 17 27 1
split_gain=1.54898 2.15133 5.7345 3.98355 3.33868 3.17005 2.97845 2.89098 2.79262 2.57401 3.44272 2.93791 2.58251 2.17264 2.13525 2.10806 1.96777 1.94749 1.94082 3.58281 2.56571 2.10286 1.84031 1.83971 1.90802 1.79597 1.79076 1.78184 7.7573 4.01418
threshold=-1.1313414534795427 11.500000000000002 8.5000000000000018 -3.1903952382278615 -0.4931170701548131 -2.5608938885402721 -4.5835963978295169 31.500000000000004 54.342627197387607 30.500000000000004 -1.3267258088422953 0.32953388629828495 1.5000000000000002 1.4198908949445443 -0.86139363135592462 12.500000000000002 7.5000000000000009 13.500000000000002 34.500000000000007 40.500000000000007 5.0023541811799817 36.500000000000007 2.452464905224168 -0.17182479100248296 5.8068113592676589 7.6964743890774612 -1.3971104046578973 6.5000000000000009 24.500000000000004 197.00000000000003
decision_type=2 2 2 2 2 2 2 2 2 2 2 2 2 2 2 2 2 2 2 2 2 2 2 2 2 2 2 2 2 2
left_child=1 2 6 4 14 17 22 -6 9 10 23 15 -11 16 -4 -12 -8 -3 -7 20 21 27 -1 24 -5 -26 -14 -20 -29 -30
right_child=-2 5 3 8 7 18 13 -9 -10 12 11 -13 26 -15 -16 -17 -18 -19 19 -21 -22 -23 -24 -25 25 -27 -28 28 29 -31
leaf_value=0.0061494263719105253 9.4083938711626412e-06 0.0060967605958179988 -0.021202633384762248 -0.016136044602322704 0.017100264597257532 0.00097786390473828585 -0.00089749542160212517 -0.054831166968350345 0.012605162660419819 -0.031919485506652745 -0.045059604856499409 0.023685310598718038 -0.030418715597273389 0.00045038430734184448 -0.036014949070920906 0.0089234060264134444 0.0061286566507522885 0.0068865781511870706 -0.00031560887574519445 0.0026228807493370969 -0.058875078573855592 0.003128386827902343 -0.049289638173621808 0.003330293889013413 0.034460635544637255 -0.01337848944255756 0.003936445599683743 0.00064961829897187333 -0.015207539067658475 -0.133625376897026
leaf_weight=619 237604 170 663 1264 169 8972 126 70 242 365 56 113 57 6844 241 93 255 268 2005 527 61 110 56 191 104 179 2008 271 70 83
leaf_count=619 237604 170 663 1264 169 8972 126 70 242 365 56 113 57 6844 241 93 255 268 2005 527 61 110 56 191 104 179 2008 271 70 83
internal_value=5.1885e-05 0.00041635 -1.64048e-05 -0.00120808 -0.00385389 0.000889767 0.00086076 0.00140167 -0.000560787 -0.000846501 -0.002175 0.00316794 0.000246914 0.000564014 -0.00524336 -0.00144295 0.00423885 0.00506849 0.000738491 -0.000334186 -0.00109615 -0.000852697 0.00403704 -0.00298044 -0.00355204 0.000159011 0.000932204 -0.00115891 -0.00410377 -0.0131046
internal_weight=263856 26252 13715 5815 1143 12537 7900 239 4672 4430 2000 262 2430 7225 904 149 381 438 12099 3127 2600 2539 675 1738 1547 283 2065 2429 424 153
internal_count=263856 26252 13715 5815 1143 12537 7900 239 4672 4430 2000 262 2430 7225 904 149 381 438 12099 3127 2600 2539 675 1738 1547 283 2065 2429 424 153
is_linear=0
shrinkage=0.05


Tree=220
num_leaves=31
num_cat=0
split_feature=1 2 22 29 2 23 22 18 29 28 19 23 29 20 23 3 12 11 27 27 29 0 4 29 11 1 11 19 1 16
split_gain=2.17534 1.87063 2.54083 1.83195 2.38236 2.38427 2.30929 2.19813 2.07354 1.96282 1.92957 3.82259 3.21347 3.50188 3.16905 2.71829 2.01656 3.42328 3.03236 4.16892 2.91981 2.53127 2.40616 2.56847 2.23652 2.46342 2.17164 1.95621 3.24936 2.60508
threshold=233.00000000000003 -2.0191565006508445 9.5000000000000018 0.48199358273701259 0.65213346094924307 2.5000000000000004 10.500000000000002 4.1620889701818866 0.41060245380955612 1.5000000000000002 8.8781502319934713 4.5000000000000009 -0.073191992052533711 0.10305686293318927 1.0000000180025095e-35 -0.013836979659716407 0.14947123186551561 0.16148973527627278 19.500000000000004 27.500000000000004 -0.47249933133932337 5.5484946787729337 0.38172238949568843 0.11586803245802089 0.85492308390025462 281.00000000000006 0.39065936463426343 41.617910341718854 297.00000000000006 1.7953993681539062
decision_type=2 2 2 2 2 2 2 2 2 2 2 2 2 2 2 2 2 2 2 2 2 2 2 2 2 2 2 2 2 2
left_child=-1 2 -2 4 10 7 9 -6 -7 -5 11 12 13 -3 -14 -16 17 18 -12 20 -20 -19 23 -23 25 -18 -27 28 -22 -29
right_child=1 3 -4 6 5 8 -8 -9 -10 -11 16 -13 14 -15 15 -17 24 21 19 -21 27 22 -24 -25 -26 26 -28 29 -30 -31
leaf_value=-2.5014835935399947e-06 -0.00015487718044758183 -0.00021286106004308791 0.0019442069793080168 0.0023646271698595385 0.0038769531565214159 0.0027578799335546984 0.0026025602787437358 -0.010083885904256512 -0.0080474489649519365 -0.00097403366350240516 0.00078217830556543202 0.0023142035344888489 0.0070522516497211517 -0.0031282552922939143 -0.0037352259240001091 0.0016406374783559615 -0.00013281099489976305 0.00016527662662386272 0.0022690406220143367 -0.0019199759036902274 0.0015431221072008665 -0.0046434803727592828 -0.0087824165808302237 0.0020091801854591252 0.00067315978814245581 -0.00044181611996934244 -0.003695457028055528 0.0005266557387807537 -0.00086647058532236202 -0.00468550699924328
leaf_weight=209391 788 1892 1130 934 97 417 2220 233 53 1411 3302 2740 786 493 469 3081 17524 4999 530 155 319 294 69 342 5144 3245 972 238 60 50
leaf_count=209391 788 1892 1130 934 97 417 2220 233 53 1411 3302 2740 786 493 469 3081 17524 4999 530 155 319 294 69 342 5144 3245 972 238 60 50
internal_value=7.08873e-05 0.000353882 0.00188738 0.000297394 0.000205457 -0.0025 0.00125411 -0.00575758 -0.000212765 0.000159915 0.000251799 0.000889441 0.000247732 -0.00122641 0.00105858 0.000422536 8.98161e-05 0.000682565 0.00168887 0.00368343 0.00468254 -0.000138499 -0.00294326 -0.00198113 -0.000138553 -0.000360378 -0.00144534 0.00248126 0.00484169 -0.000624999
internal_weight=263378 53987 1918 52069 47504 800 4565 330 470 2345 46704 9461 6721 2385 4336 3550 37243 10358 4654 1352 1197 5704 705 636 26885 21741 4217 667 379 288
internal_count=263378 53987 1918 52069 47504 800 4565 330 470 2345 46704 9461 6721 2385 4336 3550 37243 10358 4654 1352 1197 5704 705 636 26885 21741 4217 667 379 288
is_linear=0
shrinkage=0.05


Tree=221
num_leaves=31
num_cat=0
split_feature=19 22 0 16 13 29 24 1 2 7 21 26 21 0 27 27 24 4 1 0 23 12 4 24 12 4 2 23 12 20
split_gain=1.86688 6.18169 4.24237 3.94358 2.64179 2.38966 2.49386 2.3946 2.3033 3.68248 2.48162 2.19865 1.76568 3.76625 2.68673 3.84767 2.90874 3.28055 2.69602 5.00695 2.66935 2.78085 2.64769 2.60557 2.56198 2.51076 2.484 2.46599 2.26192 2.20488
threshold=3.0888116236248222 7.5000000000000009 4.5790689627974688 0.11740296863049494 0.042913118009328184 0.032411862576377029 1.5000000000000002 157.00000000000003 -0.076187820967903677 0.48062161047914059 29.500000000000004 1.0000000180025095e-35 28.500000000000004 4.8696986285031327 2.5000000000000004 13.500000000000002 6.5000000000000009 -0.36446768693646087 201.00000000000003 4.757598829281628 1.5000000000000002 0.16160284758464666 -0.34407718751228883 30.500000000000004 0.19107429257261446 0.018918523527748619 -1.5742715205010283 5.5000000000000009 0.1711343415037212 0.72621815445511417
decision_type=2 2 2 2 2 2 2 2 2 2 2 2 2 2 2 2 2 2 2 2 2 2 2 2 2 2 2 2 2 2
left_child=1 2 4 8 -1 6 -5 -8 -4 -10 -11 -9 13 14 -2 16 22 24 27 20 -20 -22 -16 -21 26 -19 -18 29 -28 -17
right_child=12 -3 3 5 -6 -7 7 11 9 10 -12 -13 -14 -15 15 18 17 25 19 23 21 -23 -24 -25 -26 -27 28 -29 -30 -31
leaf_value=0.0061771999335711114 0.0018014294550021456 2.2154816935124354e-05 0.0011469294579625154 -0.0013219904966421323 0.0016346467300709492 0.0037996498829029712 2.0093730880915382e-05 0.0013420306466611113 0.00092479098470235372 -0.0026210635536308476 -0.00073474788607846484 0.012542203058544263 0.00011084317010354483 -9.7572539071168096e-06 0.0043276282534252157 -0.0026261843212029355 0.0040115212240815828 0.0055060563595690781 0.002467805462938559 -0.00097758879872875452 0.0013935536502849371 -0.00023484999228346213 -0.010290771732058758 0.0022642555576780302 -0.0044478577004690321 -0.00140710779897064 -0.027700590637461706 0.0012083686040644649 -0.067165825952504907 0.00029635278113982204
leaf_weight=184 696 9216 112 79 84 417 639 1027 99 66 211 67 117557 124744 320 1420 69 125 499 991 337 987 75 54 1979 63 737 305 104 367
leaf_count=184 696 9216 112 79 84 417 639 1027 99 66 211 67 117557 124744 320 1420 69 125 499 991 337 987 75 54 1979 63 737 305 104 367
internal_value=7.33989e-05 0.000677404 0.00265494 0.00206294 0.00865672 0.00295424 0.00216887 0.00256492 -0.0020082 -0.00388298 -0.00684115 0.00398538 4.40886e-05 -8.00759e-05 -0.00106047 -0.00130693 -0.00258352 -0.00310205 -0.000413306 0.000582288 0.00216402 0.000989427 0.0014557 -0.00217703 -0.00351852 0.00329787 -0.00571429 -0.0017782 -0.00646254 -0.00248741
internal_weight=263630 12201 2985 2717 268 2229 1812 1733 488 376 277 1094 251429 133872 9128 8432 3472 3077 4960 2868 1823 1324 395 1045 2889 188 910 2092 841 1787
internal_count=263630 12201 2985 2717 268 2229 1812 1733 488 376 277 1094 251429 133872 9128 8432 3472 3077 4960 2868 1823 1324 395 1045 2889 188 910 2092 841 1787
is_linear=0
shrinkage=0.05


Tree=222
num_leaves=31
num_cat=0
split_feature=29 29 24 21 27 7 2 9 24 27 7 22 27 19 5 28 22 21 9 18 24 8 27 2 5 10 10 5 9 18
split_gain=2.36204 2.32774 2.08434 2.38749 3.34945 2.48693 2.58345 2.34695 2.15204 2.29999 2.13862 2.07608 1.92153 1.66182 1.61468 3.12982 2.77089 2.28133 2.25144 2.03184 1.87161 1.91114 1.82683 1.56135 1.56106 1.60585 1.59781 2.55942 2.61747 3.78267
threshold=2.8408173346488366 -0.27770026063877867 4.5000000000000009 33.500000000000007 3.5000000000000004 0.39451811510703 -0.80463323668194286 0.53363548549886286 5.5000000000000009 4.5000000000000009 0.37649690422634013 22.500000000000004 26.500000000000004 1.050797484154723 0.40747828828078908 2.5000000000000004 13.500000000000002 32.500000000000007 0.5999943793148429 19.214014412006815 21.500000000000004 0.53301498404642633 1.0000000180025095e-35 -0.33167315547283044 0.32766187137346731 0.11666666666666668 0.15000000000000002 0.44592120570176658 0.40382793917953103 7.9283622202937627
decision_type=2 2 2 2 2 2 2 2 2 2 2 2 2 2 2 2 2 2 2 2 2 2 2 2 2 2 2 2 2 2
left_child=1 14 3 10 -5 7 11 -6 9 -4 -2 12 -7 -8 15 16 20 23 -18 -19 21 22 -1 -17 25 -3 -26 28 -28 -30
right_child=2 24 8 4 5 6 13 -9 -10 -11 -12 -13 -14 -15 -16 17 18 19 -20 -21 -22 -23 -24 -25 26 -27 27 -29 29 -31
leaf_value=-0.00015082877331551084 0.0016636167234824293 -0.00019350728787944493 0.0045573154005893327 -0.008568873287182522 -0.021450347990472362 0.00026402617543956516 -0.0017370040214553792 0.0017138027149295764 0.0005967349713067886 0.0010372863367812464 -0.0014588220906252671 0.0027985871484928508 -0.0091203035692898338 0.0025393634015450032 0.00015986833505311551 3.1735461432173558e-05 -0.0058204777329054786 0.0012788779728737099 0.004194534021911285 -0.0088716426056377751 0.0048747230863230122 0.0042712834876296379 -0.0057848742053857281 0.0032948600036963637 0.00016841171543901991 0.0043212664008321772 -0.0022421283129338476 -8.4622628089880294e-05 -0.00067750718584448102 -0.0091594302601153369
leaf_weight=78 125 325 245 65 50 132 50 63 6190 1084 1402 85 71 579 102621 133 466 75 76 114 92 132 74 199 55258 457 1021 83098 9125 138
leaf_count=78 125 325 245 65 50 132 50 63 6190 1084 1402 85 71 579 102621 133 466 75 76 114 92 132 74 199 55258 457 1021 83098 9125 138
internal_value=7.66062e-05 4.66706e-05 0.00082487 -0.000389015 0.00139269 0.00208738 0.00294984 -0.0049115 0.00124817 0.00307374 -0.00166667 -0.000972222 -0.00371921 0.00474563 0.000228234 -0.00143502 -0.00319172 0.00166027 -0.0054797 -0.00272487 0.000106384 -0.00190141 -0.00572368 0.00415663 -7.97735e-05 0.00214834 -9.14956e-05 -0.0002176 -0.000961687 -0.000696858
internal_weight=263623 253482 10141 2622 1095 1030 917 113 7519 1329 1527 288 203 629 104060 1439 918 521 542 189 376 284 152 332 149422 782 148640 93382 10284 9263
internal_count=263623 253482 10141 2622 1095 1030 917 113 7519 1329 1527 288 203 629 104060 1439 918 521 542 189 376 284 152 332 149422 782 148640 93382 10284 9263
is_linear=0
shrinkage=0.05


Tree=223
num_leaves=31
num_cat=0
split_feature=6 22 24 0 0 11 5 1 28 19 7 22 19 24 1 19 24 19 5 16 22 19 22 1 6 13 29 19 6 24
split_gain=1.32119 2.89775 5.12906 4.17159 3.50224 2.84547 2.72323 3.23605 2.68454 2.90204 2.59873 2.51994 2.15112 2.19464 3.30972 2.75344 1.91834 1.84697 2.46302 1.65579 1.63891 4.21423 2.80126 3.66762 3.24958 2.76592 2.73604 2.36709 2.26528 2.25117
threshold=0.063193627739669814 13.500000000000002 16.500000000000004 4.7105902035041884 4.9244151253434794 0.15691872254005415 1.5688935686757868 205.00000000000003 10.500000000000002 0.02157647884892076 0.50521414319686875 7.5000000000000009 13.996169603132882 7.5000000000000009 265.00000000000006 40.672777433114675 16.500000000000004 38.829539515071261 1.6496430163984204 0.82007242633026045 11.500000000000002 3.2988712152591364 7.5000000000000009 285.00000000000006 0.077457843849513305 0.44221707788240383 -0.75729439682244581 54.244096753380468 0.40314770423535973 18.500000000000004
decision_type=2 2 2 2 2 2 2 2 2 2 2 2 2 2 2 2 2 2 2 2 2 2 2 2 2 2 2 2 2 2
left_child=1 2 10 11 5 8 7 -5 9 -3 -1 -4 -12 14 15 -14 -11 18 -18 -6 21 22 24 26 -2 -23 -24 28 -22 -29
right_child=20 4 3 6 19 -7 -8 -9 -10 16 12 -13 13 -15 -16 -17 17 -19 -20 -21 27 25 23 -25 -26 -27 -28 29 -30 -31
leaf_value=0.0012319012280225779 -0.0017723183555364811 -0.020322235955302942 0.0025977903066848043 0.0008586620106866736 0.00050095252011631182 0.005962078207955788 0.0015022868468376053 -0.0023324281930098933 -0.00033589616708142153 -0.0021203749046382731 -0.0014967618804067101 0.00035238477177214383 0.0016943428880004574 -0.0020167506643779466 -0.00062660076937979181 0.0001933831568386086 0.00023017730243902738 0.0029814459206076258 -0.004649256553084161 -0.036411559083825547 0.00022629942254732781 -0.00033308324306008879 -0.013455901693597156 0.0042457924862091155 0.0012069188331821845 0.00016090164104040313 0.0001883278728574044 0.0005328278631609464 -0.00017513635124759351 7.5504022867582942e-06
leaf_weight=651 78 63 231 381 2107 95 260 105 1634 371 643 91 206 526 58 141 192 90 100 51 50664 63425 275 60 2199 30303 874 26645 59897 21315
leaf_count=651 78 63 231 381 2107 95 260 105 1634 371 643 91 206 526 58 141 192 90 100 51 50664 63425 275 60 2199 30303 874 26645 59897 21315
internal_value=3.49415e-05 0.000667835 0.00180535 0.00465356 -0.000128641 -0.00138507 0.00260054 0.000390947 -0.00171429 -0.00405637 0.000438203 0.00940994 -0.000660736 0.000875403 0.00364198 0.00548991 -0.00319389 -0.000706806 -0.00263699 0.00135311 1.5153e-05 -0.00014648 0.00156053 -0.000384615 0.00259333 -0.000209969 -0.00101392 0.000114276 -1.29787e-05 0.000407632
internal_weight=263731 7996 3293 1068 4703 2545 746 486 2450 816 2225 322 1574 931 405 347 753 382 292 2158 255735 97214 3486 1209 2277 93728 1149 158521 110561 47960
internal_count=263731 7996 3293 1068 4703 2545 746 486 2450 816 2225 322 1574 931 405 347 753 382 292 2158 255735 97214 3486 1209 2277 93728 1149 158521 110561 47960
is_linear=0
shrinkage=0.05


Tree=224
num_leaves=31
num_cat=0
split_feature=29 24 24 29 0 13 18 29 20 13 29 28 19 1 15 13 6 0 22 22 12 12 23 0 0 19 23 1 24 18
split_gain=1.56923 1.95879 3.78477 4.23 3.13947 3.54241 3.65395 3.47588 3.45745 3.10434 2.81063 2.40266 2.27583 2.22481 2.13549 2.0883 2.07838 2.66968 2.20839 2.03099 2.29873 2.08318 1.987 2.12859 1.85875 1.83559 1.80375 1.79514 4.13618 1.79687
threshold=-1.1598050193827298 11.500000000000002 8.5000000000000018 -3.6915046855524722 4.8696986285031327 0.34968074205704069 59.307370038592801 -1.3663842572693345 0.71589936155446965 0.10151514400863491 -2.5608938885402721 3.5000000000000004 45.276785475397041 133.00000000000003 2.5000000000000004 0.7014537670687695 0.7215909164662534 4.6603476403907047 19.500000000000004 8.5000000000000018 0.14329457960185329 1.0000000180025095e-35 3.5000000000000004 4.9798296441859744 5.0258752632043366 59.99486014821899 1.5000000000000002 213.00000000000003 4.5000000000000009 37.582006658413199
decision_type=2 2 2 2 2 2 2 2 2 2 2 2 2 2 2 2 2 2 2 2 2 2 2 2 2 2 2 2 2 2
left_child=1 2 3 22 5 6 9 15 19 16 -3 14 -13 -12 -11 26 18 -18 25 20 21 -6 -1 27 -15 -4 -7 -24 -29 -30
right_child=-2 10 4 -5 8 7 -8 -9 -10 11 13 12 -14 24 -16 -17 17 -19 -20 -21 -22 -23 23 -25 -26 -27 -28 28 29 -31
leaf_value=0.0054375809458658553 1.9638273450584324e-05 0.0054605220486389902 0.0089337741037807655 0.00019177296568908403 -0.00652071086767153 0.018815556141853679 0.018010862903612698 0.010368411004367672 0.010758479176851209 -0.062381124981895034 0.0019189470435093119 -0.0035838213777655888 -0.021915152796835091 0.00041654359208356849 -0.083561741235068973 -0.011351861189269919 -0.024048905344245312 0.025081949830532493 -0.04383545291649623 0.001314179826845351 0.011535401412830965 -0.071218433325038452 0.0060513143198976322 -0.045084138207418224 0.0024026348709075599 -0.017997355323338078 0.0023701309078186811 0.0057611061616048122 -0.075134972386516841 0.00071963723046106784
leaf_weight=743 238953 434 360 6325 65 75 85 229 498 76 948 419 780 10267 175 1050 71 188 191 660 61 66 299 59 103 150 445 73 77 57
leaf_count=743 238953 434 360 6325 65 75 85 229 498 76 948 419 780 10267 175 1050 71 188 191 660 61 66 299 59 103 150 445 73 77 57
internal_value=6.62172e-05 0.000442887 2.67386e-05 0.000752654 -0.000954996 -0.00161621 -0.00283567 7.50423e-05 0.00114815 -0.00319502 0.000913037 -0.00465517 -0.00372394 0.000761619 -0.00910359 -0.000764331 -0.000989583 0.00283784 -0.00240371 -0.000786384 -0.0053125 -0.0090458 0.00334098 0.0011062 0.000549663 -0.000686274 0.00182692 0.00215415 -0.00142512 -0.00664179
internal_weight=263982 25029 13277 7633 5644 4294 2495 1799 1350 2410 11752 1450 1199 11318 251 1570 960 259 701 852 192 131 1308 565 10370 510 520 506 207 134
internal_count=263982 25029 13277 7633 5644 4294 2495 1799 1350 2410 11752 1450 1199 11318 251 1570 960 259 701 852 192 131 1308 565 10370 510 520 506 207 134
is_linear=0
shrinkage=0.05


Tree=225
num_leaves=31
num_cat=0
split_feature=28 21 6 19 22 19 28 19 27 27 22 4 6 9 13 16 21 22 12 28 4 24 7 24 12 5 19 4 13 12
split_gain=1.68071 2.34506 1.661 2.32343 4.65697 3.22379 2.07562 3.57745 3.21291 3.56704 2.31568 2.04714 1.83291 3.1751 1.78485 2.14718 2.60683 1.94782 3.0939 1.76772 2.51699 1.77134 2.261 1.75677 2.83932 2.03638 2.84258 2.87559 2.20043 1.74758
threshold=25.500000000000004 28.500000000000004 0.20635415146073929 4.1037525592591368 16.500000000000004 3.8067613350035194 21.500000000000004 0.65023692081831774 30.500000000000004 15.500000000000002 4.5000000000000009 -0.15598872721949522 0.23306066200506717 0.54557250626038811 0.41097972667752564 1.0653631443542781 39.500000000000007 5.5000000000000009 0.14329457960185329 1.5000000000000002 0.25048996713075433 26.500000000000004 0.29142337565840487 22.500000000000004 0.034897783064122473 0.78595007297444164 45.784357802777031 -0.012757395874089176 0.042913118009328184 1.0124085635017008
decision_type=2 2 2 2 2 2 2 2 2 2 2 2 2 2 2 2 2 2 2 2 2 2 2 2 2 2 2 2 2 2
left_child=2 -2 -1 4 6 -6 7 8 9 -4 -10 -8 13 19 15 -9 17 18 -17 20 21 22 -5 24 -21 26 27 -26 -27 -15
right_child=1 -3 3 12 5 -7 11 14 10 -11 -12 -13 -14 29 -16 16 -18 -19 -20 23 -22 -23 -24 -25 25 28 -28 -29 -30 -31
leaf_value=0.00017515099442032124 0.0013184845515925015 0.00022789433349456128 0.00037554456311377643 0.0081073942833504199 -0.00073223271098584396 0.003167050047667601 -0.005135821674287987 0.0010402454484046658 0.0055555688327578474 0.002253455995523256 -0.0014362023264905179 0.0029130543945557071 -5.2494050619686722e-05 0.00027647099268008241 0.0023078178597678279 -0.0018811513203350915 0.0027366669529344605 -0.00059979292013789039 -0.00097626464968560622 -0.0098009924953493879 -0.0070533804534833383 0.0024448619901880405 -0.001154655225168137 -0.00060213962208575055 -0.010500838114149362 0.0026954006362952193 0.00036852687961478253 -0.0051344413126976629 -0.0020402988951072048 -0.011150576354437209
leaf_weight=35059 861 25412 105 98 4191 694 231 1811 76 265 135 64 185143 4001 1723 57 78 227 125 284 97 122 558 903 83 132 141 276 644 73
leaf_count=35059 861 25412 105 98 4191 694 231 1811 76 265 135 64 185143 4001 1723 57 78 227 125 284 97 122 558 903 83 132 141 276 644 73
internal_value=3.33189e-05 0.000412782 -8.67689e-06 -6.37297e-05 0.000687999 -0.000404298 0.00177762 0.00203824 0.00570568 0.00851351 0.000781991 -0.00228813 -0.000101918 -0.000872908 0.00150833 0.000596171 -0.00235113 -0.00394865 -0.0078022 -0.00201618 -8.57137e-05 0.000861183 -0.000167682 -0.00270199 -0.00371795 -0.0027116 -0.0052 -0.00756267 -0.00110825 6.38199e-05
internal_weight=263669 26273 237396 202337 9782 4885 4897 4602 581 370 211 295 192555 7412 4021 2298 487 409 182 3338 875 778 656 2463 1560 1276 500 359 776 4074
internal_count=263669 26273 237396 202337 9782 4885 4897 4602 581 370 211 295 192555 7412 4021 2298 487 409 182 3338 875 778 656 2463 1560 1276 500 359 776 4074
is_linear=0
shrinkage=0.05


Tree=226
num_leaves=31
num_cat=0
split_feature=29 21 1 20 24 24 0 28 3 16 7 0 27 7 0 6 7 23 6 1 23 1 28 11 16 29 29 29 1 13
split_gain=1.73628 3.36721 4.31544 3.7958 4.161 5.95329 2.7674 4.70378 3.25777 2.66985 2.4993 2.45425 2.4259 2.39635 2.24681 3.22782 2.37678 2.08539 1.99036 2.46985 2.27117 1.93317 1.75009 1.69855 1.69256 2.48623 1.67288 1.63225 2.63725 1.6208
threshold=-1.9534123769382994 33.500000000000007 177.00000000000003 0.71324172341942116 11.500000000000002 8.5000000000000018 4.6982027489592868 26.500000000000004 -0.88374509716246219 2.891246311064875 0.93189324199950307 4.6046610299420534 30.500000000000004 0.31158579129332864 4.8255613764400245 0.72842761338431539 1.4000310583957483 1.5000000000000002 0.2809993958336206 213.00000000000003 4.5000000000000009 241.00000000000003 12.500000000000002 0.16292784968131183 4.9866279302169172 -2.5608938885402721 2.8408173346488366 -3.6915046855524722 217.00000000000003 0.11531745297400052
decision_type=2 2 2 2 2 2 2 2 2 2 2 2 2 2 2 2 2 2 2 2 2 2 2 2 2 2 2 2 2 2
left_child=1 3 13 4 5 14 8 12 27 10 -5 -6 -8 -3 16 -16 18 -13 -1 -20 29 -19 -10 -15 25 -11 -2 28 -7 -21
right_child=26 2 -4 9 11 6 7 -9 22 24 -12 17 -14 23 15 -17 -18 21 19 20 -22 -23 -24 -25 -26 -27 -28 -29 -30 -31
leaf_value=0.013697228454862093 -9.2779488748545247e-06 0.0084234840694462319 0.0031863666302869944 0.0046937008325008238 -0.0091656313675233785 -0.010454628801648195 -0.0091122922086858422 0.0068641808442064514 -0.035999071706336143 0.00065918289479648356 -0.03346199298929272 -0.00062200829864813504 -0.040478073760088662 0.0020868699576734582 0.0021257009232840936 -0.080665531118930031 -0.10021824701843654 0.0045413669835753607 0.0096541276259573643 -0.0960411840575984 -0.063947027947634988 0.0079960163069338185 -0.038497905126782736 -0.021262471954847272 0.0065157813818246205 -0.041553930053593952 0.00040879495584014909 -0.015596692146571098 -0.08929156576775972 0.0058699966340508732
leaf_weight=190 244384 56 1885 1016 303 167 674 401 88 55 67 238 101 424 335 133 59 426 528 50 176 152 262 596 55 66 10082 511 109 336
leaf_count=190 244384 56 1885 1016 303 167 674 401 88 55 67 238 101 424 335 133 59 426 528 50 176 152 262 596 55 66 10082 511 109 336
internal_value=3.62798e-05 0.000701449 0.00209895 6.46359e-05 -0.000527772 -0.00126214 -0.00294207 -0.0012415 -0.00470097 0.00252979 0.00345799 0.00217605 -0.00351613 -0.000427509 0.000888213 -0.00209402 0.00193055 0.00360294 0.00238281 0.00155963 -0.00074733 0.00522491 -0.00871429 -0.000980392 -0.00318182 -0.0064876 1.15542e-05 -0.00291614 -0.00601449 0.00139896
internal_weight=263925 9459 2961 6498 5239 4120 2313 1176 1137 1259 1083 1119 775 1076 1807 468 1339 816 1280 1090 562 578 350 1020 176 121 254466 787 276 386
internal_count=263925 9459 2961 6498 5239 4120 2313 1176 1137 1259 1083 1119 775 1076 1807 468 1339 816 1280 1090 562 578 350 1020 176 121 254466 787 276 386
is_linear=0
shrinkage=0.05


Tree=227
num_leaves=31
num_cat=0
split_feature=29 29 0 24 0 14 27 5 12 15 5 18 20 20 24 28 16 15 27 16 2 10 0 24 18 29 29 19 29 1
split_gain=2.11286 1.58415 1.58653 2.64274 2.54758 1.75313 1.61512 1.67191 1.66439 2.24115 1.68262 1.59943 1.55857 3.07968 1.88183 1.54862 2.14881 1.48814 3.18163 3.95854 1.6737 1.40817 3.22871 2.95858 2.24126 2.06367 2.89984 2.49641 2.08487 3.22629
threshold=2.8408173346488366 -0.77071677021972174 5.1344332579712679 8.5000000000000018 5.5716632714668153 1.2153972313092631 27.500000000000004 0.52668309491667842 0.16324849213656631 11.500000000000002 2.9176656931190181 1.7960099466060615 0.71195915263606502 0.14595300560567803 7.5000000000000009 28.500000000000004 0.95585526433196322 27.500000000000004 23.500000000000004 0.054430764531600964 -0.59047852334216022 0.18333333333333338 5.2067576393223733 6.5000000000000009 7.7666708361089514 0.54280278330869824 0.57969437983252536 7.8226880836937971 0.16927275702924199 197.00000000000003
decision_type=2 2 2 2 2 2 2 2 2 2 2 2 2 2 2 2 2 2 2 2 2 2 2 2 2 2 2 2 2 2
left_child=1 2 -1 6 5 -5 7 11 9 -9 12 -4 13 14 -10 16 -7 21 19 -19 -20 22 -3 25 -25 28 -27 -28 -24 -30
right_child=-2 17 3 4 -6 15 -8 8 10 -11 -12 -13 -14 -15 -16 -17 -18 18 20 -21 -22 -23 23 24 -26 26 27 -29 29 -31
leaf_value=0.00022020052288275273 0.0004763513843053978 -0.0014321026760228074 -0.0032231840990463848 0.0023173780128863367 -0.0011721424458102916 -0.013366514299364408 0.005731440315809383 0.0029416347744278307 -0.0052869659424156059 -0.034447884645125125 0.0026639630195495734 0.0056101105964733548 -0.045050889443698186 0.0034383157269163148 -0.008561626607789339 0.0023513089957419944 0.0012983023361296398 0.0011807442522026735 0.0061766470179474373 -0.0045030113684328601 0.0015028939615890045 -7.219423643262079e-05 -0.00074726325563988401 0.00050539691116535397 -0.0020683999401808054 -0.0053410815480001575 -0.0032764835048617056 -0.00012014000898221972 -0.00054149686104666922 0.0035714530277112452
leaf_weight=43705 10099 3610 60 422 211 56 103 380 231 56 109 230 53 115 65 50 168 886 123 457 433 125527 7400 61474 1004 258 149 878 3192 2027
leaf_count=43705 10099 3610 60 422 211 56 103 380 231 56 109 230 53 115 65 50 168 886 123 457 433 125527 7400 61474 1004 258 149 878 3192 2027
internal_value=8.14521e-05 5.31904e-05 0.000318599 0.00159593 0.00369901 0.00515805 0.000235379 -0.000242494 -0.00120416 0.00112385 -0.00297557 0.00310345 -0.00428879 -0.00324817 -0.00594595 0.0020438 0.000267858 -5.6884e-06 0.00138757 7.07378e-05 0.00456835 -1.85622e-05 0.00014539 0.000214449 0.000361248 -0.000445195 -0.00235409 -0.00116358 -0.000250812 0.000514467
internal_weight=263531 253432 46014 2309 907 696 1402 1299 1009 436 573 290 464 411 296 274 224 207418 1899 1343 556 205519 79992 76382 62478 13904 1285 1027 12619 5219
internal_count=263531 253432 46014 2309 907 696 1402 1299 1009 436 573 290 464 411 296 274 224 207418 1899 1343 556 205519 79992 76382 62478 13904 1285 1027 12619 5219
is_linear=0
shrinkage=0.05


Tree=228
num_leaves=31
num_cat=0
split_feature=29 29 5 0 29 4 3 18 16 0 11 17 23 0 4 0 1 0 22 27 29 5 0 1 9 6 24 4 16 29
split_gain=2.11094 2.28723 1.98166 2.36857 2.7151 2.31957 2.12806 1.62752 2.24007 2.48889 2.02674 1.6149 2.95755 9.33093 5.3149 3.66195 3.48635 3.49311 3.36159 2.98211 2.63666 3.19381 3.04956 3.90062 2.55795 2.5168 2.61808 2.30437 2.44672 2.57247
threshold=-1.1313414534795427 0.60199955426817631 0.74501559757316538 4.9097895749028941 -1.409456967099425 -0.35150060145391065 0.0092173358435869851 36.744099829618499 0.12191692464471658 4.7754847560736993 0.44859146762963703 4.5000000000000009 5.5000000000000009 5.6225159719761661 0.08186184861267877 5.6757271873972215 225.00000000000003 5.6639013355751313 10.500000000000002 31.500000000000004 0.098734064474746114 0.49534456093844942 5.0590719231024197 149.00000000000003 0.5999943793148429 0.17974791284276739 28.500000000000004 -0.033645560161340383 0.054430764531600964 0.46942941679837918
decision_type=2 2 2 2 2 2 2 2 2 2 2 2 2 2 2 2 2 2 2 2 2 2 2 2 2 2 2 2 2 2
left_child=2 11 3 7 -5 -6 -7 8 9 -1 -9 12 15 20 16 19 17 18 -15 -2 21 -14 -23 -24 27 -25 -27 -22 -29 -30
right_child=1 -3 -4 4 5 6 -8 10 -10 -11 -12 -13 13 14 -16 -17 -18 -19 -20 -21 24 22 23 25 -26 26 -28 28 29 -31
leaf_value=0.0039019698479577807 0.00017570170167542198 0.0004271021174405826 0.00038762754238067903 0.0034344611506398645 -0.031813904262932916 0.0023818944379411281 -0.0026625999968239002 0.0022255270182547139 0.0032201203262656008 -0.034971845405410186 -0.056022435975434264 -0.00010685928604433243 0.0024141956225007507 -0.079589537319878056 0.00025610329001323514 0.0029722142673580939 0.0036516842388472828 -0.061826826261348389 -0.020014331295017149 -0.0014173548951508471 0.0078078881325846219 0.000304262642656987 -0.0022560486157968593 -0.0033188473967969926 0.0015319114985386162 -3.0829843823188169e-05 0.008051135598777584 -0.0061208894424870574 -0.0013879807021332487 -0.0081571304643363162
leaf_weight=126 90627 18395 23947 712 61 245 82 116 661 84 80 112863 2237 67 188 451 53 87 183 828 107 3502 1570 110 1226 1746 148 375 2620 195
leaf_count=126 90627 18395 23947 712 61 245 82 116 661 84 80 112863 2237 67 188 451 53 87 183 828 107 3502 1570 110 1226 1746 148 375 2620 195
internal_value=4.27778e-05 -4.12437e-06 0.000469481 0.0019174 0.00354546 0.000180413 0.00185015 0.000238988 0.00116533 -0.00333333 -0.00387755 -4.9068e-05 9.07643e-05 -0.000575135 -0.00679931 0.0001952 -0.0101282 -0.012003 -0.009 0.000173037 -0.000315119 0.000165898 -0.00035472 -0.0013822 -0.00130555 7.98409e-05 0.000506864 -0.00203063 -0.00227273 -0.00176732
internal_weight=263692 237578 26114 2167 1100 388 327 1067 871 210 196 219183 106320 14414 578 91906 390 337 250 91455 13836 9313 7076 3574 4523 2004 1894 3297 3190 2815
internal_count=263692 237578 26114 2167 1100 388 327 1067 871 210 196 219183 106320 14414 578 91906 390 337 250 91455 13836 9313 7076 3574 4523 2004 1894 3297 3190 2815
is_linear=0
shrinkage=0.05


Tree=229
num_leaves=31
num_cat=0
split_feature=28 0 0 6 0 16 6 5 29 5 13 13 29 29 0 0 16 5 16 16 4 21 16 29 29 29 2 4 22 2
split_gain=1.65253 2.01452 1.95466 1.67952 2.337 1.62055 1.99131 1.93982 1.71083 1.60169 1.43554 1.41844 2.26423 2.07709 1.80012 1.66574 1.81969 2.17668 1.73977 1.90723 1.77002 1.63178 2.3546 2.11185 1.98367 4.07139 2.86998 2.43983 3.40728 2.21357
threshold=29.500000000000004 5.1227863320152851 5.0848964481369547 0.10380993542242617 5.0448809385801114 1.6396454242453151 0.14655193181477841 3.5459849956140679 -0.19811758492869305 1.2182538079649634 1.0336611297045482 0.087156878107754784 -0.32813146147528488 -0.36985758113450201 5.6757271873972215 4.5402900480898207 0.04712129531109268 0.69764426792753909 0.4329131101710107 0.84687569614127078 -0.42032887886873266 34.500000000000007 0.032839772986434708 -3.6915046855524722 -0.048647120297597581 -0.1302736918517787 -0.12170726555580469 -0.1998963438845042 7.5000000000000009 -0.61957887891948327
decision_type=2 2 2 2 2 2 2 2 2 2 2 2 2 2 2 2 2 2 2 2 2 2 2 2 2 2 2 2 2 2
left_child=11 2 3 4 -2 6 8 10 -4 -7 -8 12 13 -1 21 16 -14 -18 -19 -20 -21 -13 -23 -24 25 26 -25 28 -27 -29
right_child=1 -3 5 -5 -6 9 7 -9 -10 -11 -12 14 15 -15 -16 -17 17 18 19 20 -22 22 23 24 -26 27 -28 29 -30 -31
leaf_value=0.00033306072441746014 -0.00039605812979593704 0.00063783536604931272 -0.00026061569293616235 0.00045069454923723221 -0.035728473250117111 0.0027936390093647673 -0.0045501421534990772 -0.00044780531544385996 0.0018595896577726923 -8.1623102166119045e-05 -0.043591680329309192 1.331651530838559e-05 0.004611975356942374 0.0012400495512698197 0.0012798381454712324 4.3335393200019545e-05 -0.0043645382395269203 0.0049064156914295776 -0.0072225883897042284 -0.0060940829037655509 0.0036036010774041873 0.00096167932075623451 0.0038523848952827589 -0.00034844805873446289 0.00038433782993687362 -0.0046397811290954053 0.0011100306387625406 0.00012304904256617307 -0.0010614486106937326 -0.0010601621423163927
leaf_weight=17755 801 1123 70 8259 62 50 272 203 62 118 57 180147 102 1376 664 30542 331 101 86 110 192 606 336 15499 2326 98 701 398 322 856
leaf_count=17755 801 1123 70 8259 62 50 272 203 62 118 57 180147 102 1376 664 30542 331 101 86 110 192 606 336 15499 2326 98 701 398 322 856
internal_value=6.1736e-05 0.000659475 0.000432992 0.000644596 -0.00145423 -0.00188702 -0.00299699 -0.0043609 0.0025 0.0025 -0.00673252 3.55186e-05 0.000272261 0.000701219 -2.37921e-05 1.14422e-05 -0.00208243 -0.00286585 -0.000746421 -0.00226804 -0.00039735 -3.23658e-05 -0.000447923 -0.000538566 -0.00060396 -0.000782701 -0.000540123 -0.00313023 -0.00642857 -0.00202552
internal_weight=263625 11077 9954 9122 863 832 664 532 132 168 329 252548 50595 19131 201953 31464 922 820 489 388 302 201289 21142 20536 20200 17874 16200 1674 420 1254
internal_count=263625 11077 9954 9122 863 832 664 532 132 168 329 252548 50595 19131 201953 31464 922 820 489 388 302 201289 21142 20536 20200 17874 16200 1674 420 1254
is_linear=0
shrinkage=0.05


Tree=230
num_leaves=31
num_cat=0
split_feature=2 27 21 12 1 28 21 3 11 0 5 1 19 1 23 4 17 15 16 19 5 16 28 12 0 12 24 16 27 1
split_gain=1.26962 2.98473 2.48802 2.61145 2.43361 2.58744 1.69592 1.66101 1.734 1.6266 1.54454 1.96963 2.72559 2.46235 2.14912 1.80361 1.81764 1.89527 1.50861 1.46698 2.45763 1.70407 1.45516 1.76142 2.65014 1.41719 1.39704 1.38514 1.62526 1.35556
threshold=-0.83255819764883865 2.5000000000000004 30.500000000000004 0.9489467609945802 117.00000000000001 37.500000000000007 28.500000000000004 -1.3256241699700331 1.7459891980882418 5.2045861615751123 1.156743766152758 289.00000000000006 33.922132115726804 293.00000000000006 3.5000000000000004 -0.39895242208365123 3.5000000000000004 1.5000000000000002 0.96746471571845671 37.841227630006323 1.7962374405998924 2.1482527496590573 2.5000000000000004 0.20102715566912349 4.9041128417203437 1.759114315677379 25.500000000000004 3.9842787390226757 3.5000000000000004 169.00000000000003
decision_type=2 2 2 2 2 2 2 2 2 2 2 2 2 2 2 2 2 2 2 2 2 2 2 2 2 2 2 2 2 2
left_child=1 2 18 -4 5 22 -6 -5 25 10 15 -12 13 -13 -15 -8 17 -17 -1 21 -21 -20 23 -3 -25 -9 -14 28 -18 -23
right_child=-2 4 3 7 6 -7 9 8 -10 -11 11 12 26 14 -16 16 27 -19 19 20 -22 29 -24 24 -26 -27 -28 -29 -30 -31
leaf_value=0.0062786412007408967 -8.4053487206192602e-06 -0.0037500809313597166 0.0010962592448331544 -0.05399707221765037 -0.00042315058810008118 -0.0057020149237567395 0.00074392381458170565 -0.021506064113925739 0.0026866989269198347 0.0023968135463796995 3.1827809036155369e-05 -0.00013185512138992562 -0.0023388318801412498 -0.0023096037275984224 -0.0066076717847691202 -0.0008566217266502556 -0.0214217120974621 0.0027338328780743375 0.0067203365218602628 -2.8707036513944803e-05 0.0049294380256131457 -0.0017258256658686335 0.00070066847075575436 -0.026226273941657698 0.0011821043233762451 -0.00094225944531105407 0.00044760140620288074 0.0015187032623776913 -0.00045422780533650785 0.0037816254442686577
leaf_weight=154 214050 121 943 55 5011 74 6834 72 125 65 27219 81 307 74 56 79 67 81 96 552 217 54 3929 78 173 303 429 202 1961 146
leaf_count=154 214050 121 943 55 5011 74 6834 72 125 65 27219 81 307 74 56 79 67 81 96 552 217 54 3929 78 173 303 429 202 1961 146
internal_value=3.97187e-05 0.000267768 0.00187891 0.000514019 0.000174314 0.00129714 5.86357e-05 -0.00220721 -0.0013 0.00017421 0.000160471 -2.34319e-05 -0.00226505 -0.00727488 -0.0115385 0.00072203 -0.00046025 0.0046875 0.00355619 0.00288732 0.00173602 0.00587838 0.00145664 -0.00153226 0.000856574 -0.003 -0.000828804 -0.000829596 -0.00122288 0.00325
internal_weight=263608 49558 2717 1498 46841 4375 42466 555 500 37455 37390 28166 947 211 130 9224 2390 160 1219 1065 769 296 4301 372 251 375 736 2230 2028 200
internal_count=263608 49558 2717 1498 46841 4375 42466 555 500 37455 37390 28166 947 211 130 9224 2390 160 1219 1065 769 296 4301 372 251 375 736 2230 2028 200
is_linear=0
shrinkage=0.05


Tree=231
num_leaves=31
num_cat=0
split_feature=29 24 9 5 28 16 5 24 18 24 0 1 1 0 0 4 24 0 20 23 29 7 0 3 5 5 20 16 18 24
split_gain=1.27822 1.5 3.65145 2.36682 2.72313 1.88694 2.08463 1.87978 2.38994 1.82967 2.59102 3.07692 2.14202 3.76759 2.80678 2.62187 2.95248 4.38525 3.92335 3.73586 2.85258 2.58113 2.60799 2.21946 2.21145 2.11634 2.30583 2.1917 2.05938 1.95779
threshold=2.1505055889027402 4.5000000000000009 0.46160786607983462 2.3902029425572091 13.500000000000002 2.4892822719059069 1.2281253662846803 2.5000000000000004 16.122118396709503 5.5000000000000009 5.0931594919370946 113.00000000000001 153.00000000000003 5.1497057863820919 4.8349268018409388 0.077507495594663675 7.5000000000000009 4.9244151253434794 0.70750624702893972 3.5000000000000004 4.4656086771559433 0.60492492044533874 4.6717755082532104 -0.6163829451430638 1.3030995328642754 3.2552462797750565 0.7096763166769936 0.43860731532153063 18.942003188433187 22.500000000000004
decision_type=2 2 2 2 2 2 2 2 2 2 2 2 2 2 2 2 2 2 2 2 2 2 2 2 2 2 2 2 2 2
left_child=-1 2 3 4 -2 -6 -7 -4 -9 10 -3 -12 13 15 21 16 25 19 -19 -18 -17 22 -14 -20 -21 26 -11 -28 -24 -16
right_child=1 9 7 -5 5 6 -8 8 -10 12 11 -13 14 -15 29 20 17 18 23 24 -22 -23 28 -25 -26 -27 27 -29 -30 -31
leaf_value=1.8431899729200648e-05 -0.0015666521642901561 0.001562113260979563 0.0023977452329361059 -0.028224190477264516 0.00082140457230506822 -0.010388016458923479 0.0015254670272019212 0.0012534878427397503 -0.028099639936057907 0.0030358086360580245 -0.033460727637354047 0.0013493686280315908 0.0017130351373456044 0.0015779548776653626 0.0028710890393019669 -0.012921505368545642 -0.10275295321637519 -0.01715505004176655 0.0018537725595881571 0.0080554543001646346 -0.039044983585456432 0.00070465576212227479 -0.00084103492498734274 -0.00057940404350467626 -0.05232702842591247 -0.03161014232127015 -0.0055668720445677354 0.0014040322155915459 -0.080965822234342233 -0.00022702843356673118
leaf_weight=252930 1078 1339 423 88 770 113 131 148 62 371 65 65 53 384 1065 52 173 251 302 50 57 2713 55 530 82 71 124 274 100 221
leaf_count=252930 1078 1339 423 88 770 113 131 148 62 371 65 65 53 384 1065 52 173 251 302 50 57 2713 55 530 82 71 124 274 100 221
internal_value=4.84597e-05 0.000570919 -0.000428368 -0.00139908 -0.00106118 0.000798817 -0.00303279 0.00291469 -0.00095238 0.000905681 0.00250851 -0.00423077 0.00056582 -0.000527379 0.00127288 -0.00128156 -0.00091113 -0.00232709 -0.000835641 -0.00762295 -0.00885321 0.000415954 -0.00495192 0.000817308 -0.00128788 0.00142857 0.00219116 -0.000452261 -0.00822581 0.00321929
internal_weight=264140 11210 2813 2180 2092 1014 244 633 210 8397 1469 130 6928 2721 4207 2337 2228 1388 1083 305 109 2921 208 832 132 840 769 398 155 1286
internal_count=264140 11210 2813 2180 2092 1014 244 633 210 8397 1469 130 6928 2721 4207 2337 2228 1388 1083 305 109 2921 208 832 132 840 769 398 155 1286
is_linear=0
shrinkage=0.05


Tree=232
num_leaves=31
num_cat=0
split_feature=19 11 15 1 7 28 21 7 1 18 19 1 5 5 13 0 29 29 5 25 16 11 19 1 9 8 0 29 0 28
split_gain=1.65677 2.31975 1.85171 2.87416 2.2531 1.68755 2.20004 2.45845 1.96395 1.63073 1.54882 1.708 1.72727 2.18697 2.86649 1.70651 1.67292 1.64491 1.50094 1.4434 1.41479 2.05473 2.13082 1.69666 1.48687 1.41357 1.83794 1.40134 1.28656 2.41354
threshold=4.1037525592591368 2.2089910962941972 28.500000000000004 125.00000000000001 0.23848632635339631 24.500000000000004 28.500000000000004 0.35658089066427145 261.00000000000006 2.1274987103886649 3.6401867110903008 281.00000000000006 0.4517033272139131 0.68594293058874634 1.2876091881539071 5.1701421864534813 -1.1041871305606306 -0.041241729973121789 0.65504723996147796 1.0000000180025095e-35 0.50746203327686368 0.14220164680872774 2.6707671678651699 141.00000000000003 0.4597714812788109 1.1110763684696017 5.5155068481256215 -3.6915046855524722 4.4942943846592813 23.500000000000004
decision_type=2 2 2 2 2 2 2 2 2 2 2 2 2 2 2 2 2 2 2 2 2 2 2 2 2 2 2 2 2 2
left_child=1 2 4 -4 -1 25 7 -7 -9 10 11 12 15 14 18 -6 -12 -16 -14 20 21 -17 -23 -24 -25 28 -27 -15 29 -2
right_child=5 -3 3 -5 9 6 -8 8 -10 -11 16 -13 13 27 17 19 -18 -19 -20 -21 -22 22 23 24 -26 26 -28 -29 -30 -31
leaf_value=-0.042306181090350212 -0.00074169884178621251 0.0026056985106045912 0.00098915635168546562 0.0078003975289784215 0.0038868950330238263 -0.0034888762821289991 0.00021044736839390533 0.0018042914417840319 -0.083228335050328617 -0.0079662175876107043 0.00801865576986306 0.00071794907743575925 0.001067006501099362 0.0040996355442085072 0.00074484740623660954 0.003079919073112438 0.0013023400168497721 -0.0064037939555581444 0.0035532414858761453 -0.0046780734947956372 0.0013813975108018196 -0.0079872834422877095 0.0042189598733860774 -0.005993190038049212 -0.00089883097599980678 0.00035870626657587821 0.012045393088542961 -5.4465805222654167e-05 -2.8190602675666039e-05 -0.011321519512000916
leaf_weight=57 4279 409 174 86 82 54 26202 1282 59 51 54 425 2745 166 70 118 2071 92 337 245 416 67 53 92 88 2311 79 8818 212799 92
leaf_count=57 4279 409 174 86 82 54 26202 1282 59 51 54 425 2745 166 70 118 2071 92 337 245 416 67 53 92 88 2311 79 8818 212799 92
internal_value=4.10999e-05 0.000522853 0.000429571 0.00461539 0.00036175 8.51745e-06 0.000377034 0.00231183 0.00273304 0.000397124 0.000425686 0.000232374 0.000133319 0.000308309 0.00142109 -0.00170973 0.00168235 -0.00506173 0.00176184 -0.00223818 -0.001247 -0.00330143 -0.0055 -0.00324034 -0.00555555 -3.78023e-05 0.00117155 -9.3499e-05 -5.11114e-05 -0.000900251
internal_weight=263873 16716 16307 260 16047 247157 27597 1395 1341 15990 15939 13814 13389 12228 3244 1161 2125 162 3082 1079 834 418 300 233 180 219560 2390 8984 217170 4371
internal_count=263873 16716 16307 260 16047 247157 27597 1395 1341 15990 15939 13814 13389 12228 3244 1161 2125 162 3082 1079 834 418 300 233 180 219560 2390 8984 217170 4371
is_linear=0
shrinkage=0.05


Tree=233
num_leaves=31
num_cat=0
split_feature=29 4 4 0 28 24 24 29 0 0 16 18 29 27 29 18 24 7 16 11 4 28 27 28 19 6 17 15 22 3
split_gain=1.32496 2.04856 2.1828 2.71009 2.24377 2.01662 3.92982 3.92809 2.74849 2.58372 3.77509 3.524 2.7869 2.48234 2.26325 2.15556 1.90782 1.91827 1.90286 2.11409 1.83663 2.1859 2.17511 2.39982 2.04868 1.86313 2.32164 1.97782 1.94823 1.8905
threshold=-1.1313414534795427 0.16435227740156297 0.015261923683561348 5.0590719231024197 7.5000000000000009 11.500000000000002 8.5000000000000018 -3.6915046855524722 4.4674786937065862 4.7292907654218128 0.15483738136272079 54.342627197387607 -1.3267258088422953 6.5000000000000009 -1.9534123769382994 54.342627197387607 12.500000000000002 0.53674612676591082 0.42640792992616378 0.33652695291282259 -0.028578218444735331 27.500000000000004 28.500000000000004 6.5000000000000009 28.246414038399216 0.87907762625061514 5.5000000000000009 2.5000000000000004 9.5000000000000018 -0.79553172732202504
decision_type=2 2 2 2 2 2 2 2 2 2 2 2 2 2 2 2 2 2 2 2 2 2 2 2 2 2 2 2 2 2
left_child=1 2 3 5 -5 6 7 -1 -8 10 -10 12 -12 -13 -7 -16 17 -6 -17 -20 21 22 23 24 -9 26 28 -27 -26 -30
right_child=-2 -3 -4 4 16 14 8 20 9 -11 11 13 -14 -15 15 18 -18 -19 19 -21 -22 -23 -24 -25 25 27 -28 -29 29 -31
leaf_value=0.0038751915166740872 1.8019177480202814e-05 0.0059677076612363643 -0.0038877959956066573 0.0038640431071827429 0.0030860749254735119 0.0022791597623890267 0.022252300531341019 0.005226408123332079 -0.042529456847820502 -0.00060586133209117104 -0.02178747615846769 -0.023456396237303632 0.010804026762816638 0.012622032584170832 0.00060502227071313397 -0.081034872671864891 0.0019410507000133768 -0.031578747344630342 0.0017644580429824947 -0.0036791268258898413 -0.020399790250422691 0.0022613736851621567 0.003133540878521952 -0.00033226271592815102 0.00010249141298485361 -0.0073212922284475544 0.0030925225665052627 -0.0757278168409522 -0.014434169052973834 -0.088489723402638998
leaf_weight=1193 237857 82 847 326 436 1827 62 62 259 3014 1774 66 112 156 9196 173 119 459 366 587 105 906 919 2572 60 102 109 76 53 51
leaf_count=1193 237857 82 847 326 436 1827 62 62 259 3014 1774 66 112 156 9196 173 119 459 366 587 105 906 919 2572 60 102 109 76 53 51
internal_value=6.38064e-05 0.000402202 0.000377305 0.000461417 0.00264925 0.000338236 -0.000131748 0.000728093 -0.00111244 -0.00123304 -0.00246937 -0.00176945 -0.00247084 0.00418919 0.000788954 0.000501841 0.00148915 0.000698325 -0.00156305 -0.000687303 0.000114657 0.000254583 -0.000247252 -0.000883306 -0.00400585 -0.00517738 -0.00258242 -0.0091573 -0.00634146 -0.0104808
internal_weight=263926 26069 25987 25140 1340 23800 11651 6208 5443 5381 2367 2108 1886 222 12149 10322 1014 895 1126 953 5015 4910 4004 3085 513 451 273 178 164 104
internal_count=263926 26069 25987 25140 1340 23800 11651 6208 5443 5381 2367 2108 1886 222 12149 10322 1014 895 1126 953 5015 4910 4004 3085 513 451 273 178 164 104
is_linear=0
shrinkage=0.05


Tree=234
num_leaves=31
num_cat=0
split_feature=29 3 21 22 28 23 22 24 24 27 21 20 16 18 1 18 5 19 17 23 19 3 16 3 20 20 5 19 6 9
split_gain=2.17028 2.06271 2.6572 1.52318 2.12042 2.24837 1.72782 1.49745 7.43401 5.8109 5.2972 3.86404 4.22676 3.91185 3.34413 3.08247 3.02214 3.45783 3.36027 3.20785 3.07307 2.76057 2.66582 2.36569 2.35409 4.10408 2.78176 2.7597 3.06425 2.50104
threshold=-1.1313414534795427 -1.2746328245152851 40.500000000000007 30.500000000000004 14.500000000000002 1.5000000000000002 32.500000000000007 9.5000000000000018 14.500000000000002 11.500000000000002 34.500000000000007 1.0000000180025095e-35 4.7749535734160036 20.639761824153961 177.00000000000003 0.45961432632493199 3.3465682936610741 35.899440369755844 8.5000000000000018 3.5000000000000004 18.438130565646681 -1.0081313278807704 0.13134659844149263 0.27532809102508149 0.12333200249171901 0.051488372481554544 1.1349619381775733 52.822078734317309 0.56223045046270559 0.56806754911155344
decision_type=2 2 2 2 2 2 2 2 2 2 2 2 2 2 2 2 2 2 2 2 2 2 2 2 2 2 2 2 2 2
left_child=-1 2 3 -2 6 -6 -5 -3 9 10 11 21 13 15 23 -13 17 18 19 -17 -21 -9 -15 -11 25 -19 27 28 -26 -27
right_child=1 7 -4 4 5 -7 -8 8 -10 14 -12 12 -14 22 -16 16 -18 24 -20 20 -22 -23 -24 -25 26 29 -28 -29 -30 -31
leaf_value=0.00058772061949697674 0.0008941989085789764 -0.00016293497903541976 -0.0038621452261067349 -0.05525734864451224 0.0047129947037175234 -0.0019258889900135448 -0.0015771346616312604 0.001175976460517773 -5.2969336543646481e-05 0.0011459643846721192 0.0030425749140692267 -0.010829845575077083 -0.02211853656037072 -0.0079556196271271633 0.0044832960228281009 0.001469187146642764 0.0055330555082782305 -0.0066688837143540382 0.0045275315617375996 0.00023674218517943767 -0.0027252099565198214 -0.019300962641630375 0.0052801230462988236 -0.0043030768080887681 0.00042438061104193518 0.0098818516407570018 -0.014453614370491944 0.0028395416506076863 -0.02168839102896801 8.2264313541601059e-05
leaf_weight=26005 4692 60102 122 106 93 198 154 589 140524 3645 945 332 148 162 2192 9842 218 137 444 7390 1473 964 984 281 145 96 833 452 114 64
leaf_count=26005 4692 60102 122 106 93 198 154 589 140524 3645 945 332 148 162 2192 9842 218 137 444 7390 1473 964 984 281 145 96 833 452 114 64
internal_value=6.14553e-05 1.3962e-05 0.000983225 0.00115297 -0.00133394 0.00159794 -0.00461538 -8.44491e-06 6.66386e-05 0.000761527 0.000427523 0.000285194 0.000449331 0.000504276 0.00214449 0.000352833 0.000427669 0.000366842 0.000565826 0.00046378 -0.000226221 -0.00212814 0.00335079 0.00127101 -0.00170288 0.00237374 -0.00248705 -0.000189873 -0.00430502 0.0078125
internal_weight=263446 237441 5365 5243 551 291 260 232076 171974 31450 25332 24387 22834 22686 6118 21540 21208 20990 19149 18705 8863 1553 1146 3926 1841 297 1544 711 259 160
internal_count=263446 237441 5365 5243 551 291 260 232076 171974 31450 25332 24387 22834 22686 6118 21540 21208 20990 19149 18705 8863 1553 1146 3926 1841 297 1544 711 259 160
is_linear=0
shrinkage=0.05


Tree=235
num_leaves=31
num_cat=0
split_feature=29 29 4 21 7 16 5 0 29 6 1 27 0 28 27 5 1 0 28 3 16 28 18 26 7 14 23 21 29 6
split_gain=1.96334 2.05997 1.77472 1.48853 2.23101 2.88895 1.8151 2.81105 2.39955 3.11704 2.27424 2.51711 2.73517 2.95529 2.46698 3.20334 2.36922 2.32292 7.3607 2.2236 2.34668 2.64274 2.22162 2.41263 2.45908 2.82164 2.14332 3.64501 2.10714 2.06488
threshold=-1.1313414534795427 2.8408173346488366 0.16435227740156297 33.500000000000007 0.54562076514718949 0.18373167371377461 0.96366298025398334 5.2067576393223733 -1.0000000180025095e-35 0.094806816002675501 105.00000000000001 22.500000000000004 5.0848964481369547 3.5000000000000004 1.5000000000000002 2.3902029425572091 301.00000000000006 5.184403398099442 16.500000000000004 0.14651263278663515 0.019285063711521284 30.500000000000004 6.256633962694699 1.0000000180025095e-35 0.42657334683777942 0.45609069672732877 3.5000000000000004 29.500000000000004 -0.12669776607834848 0.22650874048757058
decision_type=2 2 2 2 2 2 2 2 2 2 2 2 2 2 2 2 2 2 2 2 2 2 2 2 2 2 2 2 2 2
left_child=2 3 -1 6 -5 -6 7 19 10 -10 -8 14 16 -14 15 -12 -13 -16 28 20 -2 -22 -9 -24 25 -25 -15 -28 29 -19
right_child=1 -3 -4 4 5 -7 8 22 9 -11 11 12 13 26 17 -17 -18 18 -20 -21 21 -23 23 24 -26 -27 27 -29 -30 -31
leaf_value=0.00053806039225296593 0.0013237710185810205 0.00044675555088296692 0.0050255331802668887 9.8398499285540174e-05 0.00049455998864976686 -0.00043242848419665456 0.00053518148568523478 0.00013409934930293623 -0.020918433609794573 -0.00076579379048403865 0.001973073549680981 0.00041775253226587598 0.00039970549045099816 -0.00056414618953765257 2.9701690997437849e-06 -0.0020649266907115825 -0.0014080225749650071 0.0010812036710508603 0.0010286385235068335 -0.0025988224970133855 -0.00027108331893807992 -0.011147110311036918 -0.00062390945988087131 -0.0050730379025183134 -0.010970081464251526 0.009464217077013868 0.00036836824935440886 -0.0290111332703837 -0.020145457420589846 -0.003440136193284159
leaf_weight=26086 1311 10145 83 10406 1691 17611 4971 101177 241 2679 1382 12214 295 139 35514 188 142 69 314 1660 28688 168 5796 104 254 128 50 86 155 154
leaf_count=26086 1311 10145 83 10406 1691 17611 4971 101177 241 2679 1382 12214 295 139 35514 188 142 69 314 1660 28688 168 5796 104 254 128 50 86 155 154
internal_value=6.03073e-05 1.50596e-05 0.00047136 -1.60153e-05 -0.000346034 -0.000664179 3.35312e-05 -6.46865e-05 0.000267012 -0.00113014 0.000340291 0.000240228 0.000842489 -0.00254386 3.41493e-05 0.00197452 0.000998706 -4.99911e-05 -0.00291907 -0.000477424 -0.000379387 -0.000473384 5.75574e-05 -0.000854823 -0.00423868 -0.000517241 -0.00627273 -0.0107353 -0.00761905 -0.00450673
internal_weight=263901 237732 26169 227587 29708 19302 197879 139286 58593 2920 55673 50702 12926 570 37776 1570 12356 36206 692 31827 30167 28856 107459 6282 486 232 275 136 378 223
internal_count=263901 237732 26169 227587 29708 19302 197879 139286 58593 2920 55673 50702 12926 570 37776 1570 12356 36206 692 31827 30167 28856 107459 6282 486 232 275 136 378 223
is_linear=0
shrinkage=0.05


Tree=236
num_leaves=31
num_cat=0
split_feature=5 27 19 22 0 5 24 27 24 24 7 0 29 0 19 1 3 21 24 1 21 14 29 29 12 1 24 12 29 29
split_gain=2.45942 2.10375 1.75428 4.84497 2.73029 2.31076 2.28407 1.67171 1.66035 5.18252 4.78993 3.91897 3.89094 3.66801 2.8705 2.92908 3.36774 2.6971 2.66142 3.71797 2.70031 2.5567 2.39815 2.6142 2.36014 2.35752 3.49462 3.36406 2.5409 2.5105
threshold=0.85386807938112075 45.500000000000007 3.0888116236248222 5.5000000000000009 4.5311910660572687 0.4517033272139131 17.500000000000004 18.500000000000004 14.500000000000002 8.5000000000000018 0.37928009152671244 4.4439066730957402 0.098734064474746114 5.1996595859329693 14.940144764146266 153.00000000000003 -0.46505688311233762 31.500000000000004 17.500000000000004 129.00000000000003 29.500000000000004 1.8832771490040221 -0.33473756701380636 -0.12014600800388249 2.228611460874149 241.00000000000003 7.5000000000000009 0.32450125460415363 -0.60559424458584032 -0.17608147380662598
decision_type=2 2 2 2 2 2 2 2 2 2 2 2 2 2 2 2 2 2 2 2 2 2 2 2 2 2 2 2 2 2
left_child=1 2 3 -1 6 -6 -5 -8 9 11 24 -4 -12 18 -14 16 -16 25 19 20 22 -20 -10 -24 -11 -13 28 -28 -27 -30
right_child=-2 -3 8 4 5 -7 7 -9 13 10 12 17 14 -15 15 -17 -18 -19 21 -21 -22 -23 23 -25 -26 26 27 -29 29 -31
leaf_value=0.002492565860564489 0.00012219686711030352 0.0071609388540087859 -0.010150261540714016 0.00073060877102900192 -0.0031271787914710046 0.00015741672447991124 0.0088909948688833795 0.0047004049986133925 0.0021584650150348788 -0.00029744730862579468 0.0020264977121534026 -0.00055810184476370091 0.0008552331009017022 -0.00010385189609648154 -0.086431354617992479 0.00075324366327257934 -0.0038980938444416052 0.00060805771900348377 -0.00017086517560598415 -0.0025849342432376771 -0.00080711932491140065 -0.00067928834707482429 -0.0089374414169594713 0.0025447503277051995 -0.016019383009855209 0.0048355838841058919 -0.00061341866877125009 -0.0055293331505108581 -0.0029162300419697052 0.0028239188381978622
leaf_weight=628 122279 97 264 128 547 2513 77 65 144 8988 9181 26599 4899 60358 59 895 630 2382 12563 2003 741 3621 81 108 103 101 214 130 414 2888
leaf_count=628 122279 97 264 128 547 2513 77 65 144 8988 9181 26599 4899 60358 59 895 630 2382 12563 2003 741 3621 81 108 103 101 214 130 414 2888
internal_value=4.91094e-05 -9.28781e-05 -9.79304e-05 0.000939869 0.000180181 -0.000245097 0.005 0.0093662 -0.000127833 7.62816e-05 0.000623107 -0.00033402 0.00115296 -0.000275876 0.000215179 -0.0016351 -0.00408563 -0.000285076 -0.000876641 -0.00222457 0.000148976 -0.000620365 0.00388889 0.000185186 -0.000289847 -0.000412245 0.000761943 -0.0040407 0.00124743 0.00100848
internal_weight=263700 141421 141324 3958 3330 3060 270 142 137366 57747 24755 32992 15664 79619 6483 1584 689 32728 19261 3077 1074 16184 333 189 9091 30346 3747 344 3403 3302
internal_count=263700 141421 141324 3958 3330 3060 270 142 137366 57747 24755 32992 15664 79619 6483 1584 689 32728 19261 3077 1074 16184 333 189 9091 30346 3747 344 3403 3302
is_linear=0
shrinkage=0.05


Tree=237
num_leaves=31
num_cat=0
split_feature=29 21 1 24 24 1 7 16 5 28 28 4 3 12 28 22 19 14 14 24 16 1 21 19 3 13 14 17 3 13
split_gain=1.92418 2.41325 3.15634 2.81785 5.13814 3.95635 2.35422 2.16743 2.11831 2.18798 2.36378 4.04013 2.11429 1.90198 1.90091 2.00725 1.8076 2.68163 1.80212 1.73429 1.65002 1.61219 1.59979 1.62056 1.59078 1.64876 1.57944 1.5599 1.98113 1.88085
threshold=-1.9534123769382994 33.500000000000007 177.00000000000003 8.5000000000000018 11.500000000000002 165.00000000000003 0.72920380333587043 1.7953993681539062 1.5173301227720761 15.500000000000002 4.5000000000000009 -0.24636719143685762 0.31361489975169637 0.058107279812963389 21.500000000000004 10.500000000000002 44.203173123004881 0.96027993280213353 1.9011553250159035 3.5000000000000004 4.2645411521075323 233.00000000000003 31.500000000000004 16.131242201659806 -0.83896466102864531 0.29001584935344776 4.6140699006742665 5.5000000000000009 0.12909294262910034 1.2876091881539071
decision_type=2 2 2 2 2 2 2 2 2 2 2 2 2 2 2 2 2 2 2 2 2 2 2 2 2 2 2 2 2 2
left_child=1 3 12 8 5 7 -7 13 9 10 18 -12 27 -5 -9 -16 17 24 -1 -10 21 -18 23 -21 -4 -26 -23 29 -29 -3
right_child=-2 2 16 4 -6 6 -8 14 19 -11 11 -13 -14 -15 15 -17 20 -19 -20 22 -22 26 -24 -25 25 -27 -28 28 -30 -31
leaf_value=0.0092264649566238203 1.8431295587126865e-05 0.0030315628539855609 0.00077232001585171833 -0.0048489704997534923 0.0028138842466325065 -0.038042034923045989 -0.012712470629920923 -0.038510441000674217 0.0055524333975559455 0.0072668618321698828 0.00059502543078270953 -0.061092953762112358 0.0089763444740505356 0.018534300474780507 -0.024115589859570432 0.013071782249272907 0.0044119307209474065 0.0032597258819582449 0.0012009722862246237 -0.050810781474409573 0.0073486841725792984 0.002454927582381838 -0.031616963258937744 0.0039038816885134833 -0.0010588246487314885 -0.11622822995498239 -0.0044616587289713168 -0.017185273198245057 -0.053947065443522194 -0.041936716309481016
leaf_weight=189 254547 404 156 258 1178 270 1607 96 90 709 404 64 54 404 56 167 605 451 212 51 184 311 168 542 65 50 52 507 50 77
leaf_count=189 254547 404 156 258 1178 270 1607 96 90 709 404 64 54 404 56 167 605 451 212 51 184 311 168 542 65 50 52 507 50 77
internal_value=5.31111e-05 0.000754427 0.00193527 0.000212684 -0.000597125 -0.00174248 -0.00308737 0.000830786 0.00155826 0.00264259 0.000960875 -0.00145299 -0.000201465 0.00246224 -0.00255486 -2.24209e-05 0.00318036 0.00121884 0.00377806 -0.000452408 0.00440972 0.00358471 -0.00122865 -8.43111e-06 -0.00271218 -0.00717391 0.000950414 -0.000703275 -0.00250449 0.00138254
internal_weight=263978 9431 2966 6465 4036 2858 1877 981 2429 1578 869 468 1092 662 319 223 1874 722 401 851 1152 968 761 593 271 115 363 1038 557 481
internal_count=263978 9431 2966 6465 4036 2858 1877 981 2429 1578 869 468 1092 662 319 223 1874 722 401 851 1152 968 761 593 271 115 363 1038 557 481
is_linear=0
shrinkage=0.05


Tree=238
num_leaves=31
num_cat=0
split_feature=19 18 13 6 24 0 11 28 18 18 6 28 24 29 0 0 23 20 29 11 21 1 19 22 29 6 1 21 0 28
split_gain=2.07389 2.2237 2.32323 3.33382 2.33487 3.88539 2.26267 2.4244 2.15471 2.10219 2.25146 2.10245 2.43973 2.41993 2.10588 2.19639 2.0849 1.9719 2.88546 1.96778 1.94499 4.70034 3.32852 3.18207 2.91753 3.17952 2.67794 6.02441 3.43605 2.6967
threshold=24.814432026626452 8.5080550058377042 6.0399561090005731 0.64228346168579242 7.5000000000000009 5.1227863320152851 0.20416471067950068 1.5000000000000002 6.1663099423067758 5.7830916203520326 2.6742267498477394 24.500000000000004 4.5000000000000009 -1.9534123769382994 4.7905409102862082 4.9041128417203437 1.0000000180025095e-35 0.16460665458440185 -0.097839817786546074 2.6613997082239762 31.500000000000004 101.00000000000001 55.034487268139024 6.5000000000000009 -0.11317512005879747 0.89093428026623356 237.00000000000003 27.500000000000004 4.6461108844735088 14.500000000000002
decision_type=2 2 2 2 2 2 2 2 2 2 2 2 2 2 2 2 2 2 2 2 2 2 2 2 2 2 2 2 2 2
left_child=9 2 3 4 5 8 -7 -8 -2 -1 11 12 -11 -13 19 -16 -10 -6 -19 -15 21 -3 24 -23 -22 -26 -25 -28 29 -29
right_child=1 20 -4 -5 17 6 7 -9 16 10 -12 13 -14 14 15 -17 -18 18 -20 -21 22 23 -24 26 25 -27 27 28 -30 -31
leaf_value=-1.2235631073039802e-05 0.0012687181141544097 0.0012839550826901258 -0.0026118131146933639 0.00087868825812335231 0.00060470753921189248 0.00076033909293945383 -0.0082737998870674855 -0.00041841827442066869 0.0015972297575876531 0.00071112165584891077 0.0048936998319171927 0.0076901021454281572 -0.0010948345295850189 4.3809729951161311e-05 0.0043797570521242985 -0.0012357094997698789 0.00021962267323346414 5.9783059846214051e-05 -0.0011466708543013935 -0.004274142514370121 -0.00084071272446605873 -0.00026682592571104422 5.5167750532344487e-05 0.00015198011179795107 -0.00022333032252396342 0.0020134714281334234 -0.0033977721457977093 0.003625980338889688 0.00066655927279606704 0.0020899716681715792
leaf_weight=125324 802 2707 172 3661 5732 1077 148 224 141 1761 86 198 12063 1231 167 85 824 3139 1508 88 8572 14286 32309 37523 1031 475 850 839 5924 595
leaf_count=125324 802 2707 172 3661 5732 1077 148 224 141 1761 86 198 12063 1231 167 85 824 3139 1508 88 8572 14286 32309 37523 1031 475 850 839 5924 595
internal_value=5.05808e-05 0.000201039 0.000724123 0.000781758 0.000421111 0.00159826 -0.00032091 -0.0036828 0.00317204 -8.0175e-05 -0.000625996 -0.000670493 -0.000878182 0.000952516 0.00029599 0.00448413 0.00158031 5.63644e-05 -0.000709059 -0.000504169 0.000114308 0.000291117 -0.000147332 0.000199194 -0.000940662 0.00108898 0.000402681 0.00122076 0.00168116 0.00387727
internal_weight=263542 122539 17428 17256 13595 3216 1449 372 1767 141003 15679 15593 13824 1769 1571 252 965 10379 4647 1319 105111 62724 42387 60017 10078 1506 45731 8208 7358 1434
internal_count=263542 122539 17428 17256 13595 3216 1449 372 1767 141003 15679 15593 13824 1769 1571 252 965 10379 4647 1319 105111 62724 42387 60017 10078 1506 45731 8208 7358 1434
is_linear=0
shrinkage=0.05


Tree=239
num_leaves=31
num_cat=0
split_feature=29 21 1 27 0 27 5 19 19 14 15 11 16 17 6 17 18 1 5 29 27 0 29 19 7 29 21 17 9 5
split_gain=2.05124 2.28802 3.38103 3.21413 2.87047 4.00785 2.75926 2.24841 2.16208 1.94857 1.89697 2.80188 2.53832 2.35315 2.30443 1.77291 2.84546 3.25675 3.25733 2.48064 2.43457 1.95871 1.90108 2.70113 2.40636 2.2585 2.12126 1.87898 2.69551 2.38143
threshold=-1.9534123769382994 33.500000000000007 177.00000000000003 23.500000000000004 4.6500701778329185 7.5000000000000009 0.75544060075152986 21.568251006560594 41.617910341718854 7.1407970139160017 5.5000000000000009 0.07546448594314191 1.58835080917531 4.5000000000000009 0.0093013831142493061 6.5000000000000009 6.4761789401795911 129.00000000000003 0.40747828828078908 4.1337886697869566 10.500000000000002 4.9146515907655006 -0.066391480319114252 44.203173123004881 0.9878496628511747 5.2412648361803713 30.500000000000004 5.5000000000000009 0.65234462982395025 0.86194306491237482
decision_type=2 2 2 2 2 2 2 2 2 2 2 2 2 2 2 2 2 2 2 2 2 2 2 2 2 2 2 2 2 2
left_child=1 3 6 4 5 7 -3 -1 -9 -4 11 -5 14 -13 -12 27 17 19 -19 -17 -18 -21 26 24 -24 -25 -22 -2 29 -29
right_child=15 2 9 10 -6 -7 -8 8 -10 -11 12 13 -14 -15 -16 16 20 18 -20 21 22 -23 23 25 -26 -27 -28 28 -30 -31
leaf_value=-0.046475721631898885 2.075498052216856e-05 0.0039140880866128484 0.0021341985857656494 -0.072039172465607204 0.0025410177106082164 0.0056181676223913957 -0.0087024250292875097 0.016669214353656626 -0.022564786520190238 0.0075383035572959686 -0.028882722263563494 -0.041752033147027336 -0.084681962488110607 -0.00061074502174400709 0.0058413287615720344 -0.00013047025489659931 0.00059146899974881926 0.0072251261017171947 0.0011403959696660517 0.0012296281654626028 0.00013445014501603248 0.0020978638509952536 -0.00025000877481702328 0.001273343792408746 -0.0092752191751319657 -0.00045055775765109575 -0.00056785635923018113 -0.00078402038399566379 0.0005630867602746712 -0.00014280331691206213
leaf_weight=83 180665 158 1733 118 3757 328 947 158 619 171 70 281 54 500 494 4334 7092 110 4991 111 7149 110 944 1273 53 445 10044 9512 5174 22366
leaf_count=83 180665 158 1733 118 3757 328 947 158 619 171 70 281 54 500 494 4334 7092 110 4991 111 7149 110 944 1273 53 445 10044 9512 5174 22366
internal_value=4.45724e-05 0.000767079 0.00190595 0.000236769 0.000854399 -0.00128788 -0.000294117 -0.00308139 -0.00224582 0.00318277 -0.00177653 -0.00324249 0.000355988 -0.00215749 0.00134752 1.76715e-05 0.000339372 0.00107602 0.00194374 0.000104282 7.59265e-05 0.00527149 -0.000207454 0.0010221 -0.00104814 0.00222352 -0.000401616 -3.64917e-05 -0.000360844 -0.000532655
internal_weight=263844 9471 3009 6462 4945 1188 1105 860 777 1904 1517 899 618 781 564 254373 36656 9656 5101 4555 27000 221 19908 2715 997 1718 17193 217717 37052 31878
internal_count=263844 9471 3009 6462 4945 1188 1105 860 777 1904 1517 899 618 781 564 254373 36656 9656 5101 4555 27000 221 19908 2715 997 1718 17193 217717 37052 31878
is_linear=0
shrinkage=0.05


Tree=240
num_leaves=31
num_cat=0
split_feature=28 27 0 18 17 7 4 0 5 4 4 5 20 3 4 21 0 18 2 24 0 4 20 0 24 18 15 0 28 1
split_gain=1.65923 2.32154 1.77734 1.71594 1.60768 1.76794 2.72185 1.58782 1.74554 1.56176 1.47462 1.49724 1.81371 1.45968 1.3962 1.38208 3.20325 2.55869 2.60172 2.14648 2.10771 2.10257 1.73855 1.66295 1.58077 1.42241 1.37896 1.79194 1.81232 1.65528
threshold=25.500000000000004 2.5000000000000004 4.5086161124671804 24.349373348109129 8.5000000000000018 0.79596445721630371 -0.43753426832425962 4.6344336593550848 0.58036510523234153 -0.42032887886873266 -0.19523226681261327 0.5776783392435606 0.71195915263606502 0.42636344341038496 -0.56778403148787893 30.500000000000004 5.0690024785453636 20.639761824153961 -0.87530064135902796 8.5000000000000018 4.973239364658367 -0.08100052246738286 0.71195915263606502 5.2221296472837659 8.5000000000000018 50.504317098060362 1.5000000000000002 4.6245658589774434 37.500000000000007 261.00000000000006
decision_type=2 2 2 2 2 2 2 2 2 2 2 2 2 2 2 2 2 2 2 2 2 2 2 2 2 2 2 2 2 2
left_child=-1 2 9 4 -3 6 -6 8 -5 14 -9 -12 -13 15 -2 16 17 19 -19 -4 21 -20 24 25 -18 26 27 -17 29 -29
right_child=1 3 13 7 5 -7 -8 10 -10 -11 11 12 -14 -15 -16 23 22 18 20 -21 -22 -23 -24 -25 -26 -27 -28 28 -30 -31
leaf_value=2.9810465510205565e-05 0.01080592546767341 -0.00020874965385820241 0.0033113399695857146 0.0084256794609059958 0.0050670840682515419 -0.0037798038007221587 0.0007849504531905416 0.0012723938624303619 -0.001469358072631889 0.0058039201079385016 0.0033859654095017948 -0.029725211231316814 9.9070742430825475e-05 0.0024528779147313133 -0.0014202631340937228 -0.038585545461567207 -0.035806923813189187 0.003840208507897255 -0.0036227596806824576 0.00054358649712999329 0.0024880224299291018 -0.020444596425793472 0.00077223314793807563 0.0016128805081354796 -0.00055846694324256313 0.0036579483996398415 0.00031225206680044718 0.00039816596631175492 -0.0034696748575938387 -0.023775366528734018
leaf_weight=237628 84 10882 1410 57 107 187 1622 3516 1275 148 55 118 178 91 83 70 59 420 532 597 58 51 94 57 73 264 3211 758 125 58
leaf_count=237628 84 10882 1410 57 107 187 1622 3516 1275 148 55 118 178 91 83 70 59 420 532 597 58 51 94 57 73 264 3211 758 125 58
internal_value=8.57253e-05 0.000463034 0.00115795 0.000144747 -0.000166432 0.0011691 0.0016686 0.000910753 -0.000578077 0.00484127 0.00142358 -0.00166667 -0.00307432 0.00101161 0.00152695 0.000938497 0.00171828 0.00214146 0.000155514 0.00319133 -0.00184867 -0.002753 -0.00402655 0.000373102 -0.00772727 0.00026527 4.26344e-05 -0.00156775 -0.000993623 -0.000134803
internal_weight=263868 26240 8243 17997 12798 1916 1729 5199 1332 315 3867 351 296 7928 167 7837 3294 3068 1061 2007 641 583 226 4543 132 4486 4222 1011 941 816
internal_count=263868 26240 8243 17997 12798 1916 1729 5199 1332 315 3867 351 296 7928 167 7837 3294 3068 1061 2007 641 583 226 4543 132 4486 4222 1011 941 816
is_linear=0
shrinkage=0.05


Tree=241
num_leaves=31
num_cat=0
split_feature=27 20 24 26 28 24 20 18 0 5 27 4 21 7 20 19 21 17 28 0 5 3 4 28 0 0 0 24 5 27
split_gain=1.74332 2.5137 2.14108 3.10606 5.9256 5.57989 6.39599 2.90508 3.31038 3.53547 2.78808 5.33599 2.69143 3.05347 2.67723 3.58672 2.49218 2.49161 2.42612 3.60643 3.54849 2.4533 2.35373 3.42966 2.85684 2.34807 2.52651 3.56275 2.3027 2.40404
threshold=1.0000000180025095e-35 0.010396394390677272 14.500000000000002 1.0000000180025095e-35 11.500000000000002 9.5000000000000018 0.70843453455691086 25.51950395513769 5.0195808124667609 1.059601370114956 24.500000000000004 -0.18285179575064528 30.500000000000004 0.601017134421577 0.71324172341942116 19.492628150877696 34.500000000000007 6.5000000000000009 22.500000000000004 4.898897116514747 1.0484622314962253 0.24756238712469233 -0.32717719882239965 3.5000000000000004 4.8696986285031327 5.0931594919370946 4.7946504408654791 23.500000000000004 0.67389051312371828 8.5000000000000018
decision_type=2 2 2 2 2 2 2 2 2 2 2 2 2 2 2 2 2 2 2 2 2 2 2 2 2 2 2 2 2 2
left_child=1 -1 3 5 17 -2 -7 8 9 10 -8 -12 13 -6 -14 -16 18 -5 -4 -20 -21 -22 23 -9 -25 26 27 -18 29 -28
right_child=2 -3 16 4 12 6 7 22 -10 -11 11 -13 14 -15 15 -17 25 -19 19 20 21 -23 -24 24 -26 -27 28 -29 -30 -31
leaf_value=0.0034570508726468061 4.6847384892245429e-05 -0.00029941130304270017 -4.5975926758508273e-06 0.00042192420067716803 -0.0022812779859082851 0.00083613001716932144 0.0037742032894689925 -0.052534227720449148 0.0020934047837830178 -0.0010302288553095452 0.001481663450081419 -0.071491053295306597 -0.015566088865590752 -0.016529331770142382 -0.03667741665918034 0.0039834048482080293 -0.00092234812141183038 0.0055436258705812416 0.001143693775348532 -0.0011544308655044467 0.00044398447648471423 -0.0024000245998540329 0.0061066187903580432 0.00044520435455317159 0.0065537586255153104 0.00014052451001352428 -0.0016139974369505468 0.00034337612109897839 -0.00063530393569962221 0.00070747372091370603
leaf_weight=718 53949 61062 88687 1694 336 19384 1491 55 1753 1850 309 74 597 749 113 391 4198 166 5979 1141 1795 218 594 355 245 3627 182 4814 6337 704
leaf_count=718 53949 61062 88687 1694 336 19384 1491 55 1753 1850 309 74 597 749 113 391 4198 166 5979 1141 1795 218 594 355 245 3627 182 4814 6337 704
internal_value=3.49253e-05 -0.000197474 0.000106078 0.000298734 -0.00105289 0.000367042 0.000967063 0.00229557 0.00179934 0.000955962 0.00248666 -0.00131854 -0.00281793 -0.00458525 -0.00107629 0.00160714 -3.161e-05 0.00102151 7.20717e-05 0.000848024 -0.000519974 0.000742673 0.00447158 0.00240458 0.0035 -0.000542241 -0.000799199 -0.000240789 -0.00149592 0.000891648
internal_weight=263567 61780 201787 84105 4046 80059 26110 6726 5477 3724 1874 383 2186 1085 1101 504 117682 1860 97820 9133 3154 2013 1249 655 600 19862 16235 9012 7223 886
internal_count=263567 61780 201787 84105 4046 80059 26110 6726 5477 3724 1874 383 2186 1085 1101 504 117682 1860 97820 9133 3154 2013 1249 655 600 19862 16235 9012 7223 886
is_linear=0
shrinkage=0.05


Tree=242
num_leaves=31
num_cat=0
split_feature=29 7 18 22 5 21 24 28 18 28 18 18 7 6 28 18 18 3 0 24 5 0 3 14 1 28 17 29 4 6
split_gain=1.99578 2.78375 1.98416 2.54298 2.12952 2.13356 2.22243 2.69824 2.26171 2.10659 2.05007 1.76278 1.70487 1.66511 1.57494 1.62486 3.6424 2.22849 1.53617 2.55312 2.51192 1.74406 1.52781 1.66179 1.55996 1.51945 2.17334 3.51438 1.90851 1.98157
threshold=-0.90936145708900018 1.4507961983565558 18.392463309173653 3.5000000000000004 0.45705946307776901 28.500000000000004 7.5000000000000009 13.500000000000002 2.7652120112715428 10.500000000000002 15.61597331111186 5.9619805275680928 0.26329951490995479 1.3403295044626935 23.500000000000004 10.849431867776707 7.624087633135276 -0.90435493388536248 4.9798296441859744 20.500000000000004 1.156743766152758 4.973239364658367 -0.68527057508988443 0.91910471546697947 233.00000000000003 28.500000000000004 6.5000000000000009 -1.1313414534795427 -0.14551333896301261 0.022843246169900296
decision_type=2 2 2 2 2 2 2 2 2 2 2 2 2 2 2 2 2 2 2 2 2 2 2 2 2 2 2 2 2 2
left_child=2 -2 3 10 -5 6 -6 8 -8 22 -1 -9 -7 -4 15 16 -13 -18 21 20 -20 25 24 -24 -10 -14 27 28 29 -27
right_child=1 -3 13 4 5 12 7 11 9 -11 -12 14 18 -15 -16 -17 17 -19 19 -21 -22 -23 23 -25 -26 26 -28 -29 -30 -31
leaf_value=0.0020570731829556029 -3.0629791344845673e-06 0.0012007478877141371 -0.00019473860937937917 0.0042404626036518355 0.0025960772361221162 -0.027374196990125617 -0.0031522185766784797 -0.031264078951242363 -0.0060012473725691773 0.0036427966840697733 -0.0031967488348568843 0.0037240647213189052 0.00025368428545017999 0.00082773679899692464 0.012657560192206603 -0.0070175807287443832 -0.024072056466665603 -0.048086079875794524 0.0030623663755041126 0.0013626603662456771 0.00051203053618423472 -0.020040065307260976 -4.3860460908141782e-05 0.0020851819929766312 0.0020137095245443127 -0.013134576502667123 0.004171906054999174 -0.0048133065237034069 0.013153839039673097 0.0026603900612556406
leaf_weight=1522 225883 1308 15208 191 459 90 137 163 110 87 285 65 8693 4359 70 347 79 66 519 333 1606 83 98 87 51 76 376 285 72 994
leaf_count=1522 225883 1308 15208 191 459 90 137 163 110 87 285 65 8693 4359 70 347 79 66 519 333 1606 83 98 87 51 76 376 285 72 994
internal_value=6.40122e-05 8.86979e-06 0.000407138 0.000803235 0.000591597 0.000524556 -0.00108026 -0.00209559 0.000526316 0.00229792 0.00257609 -0.00398734 0.000746934 6.41392e-05 -0.00278309 -0.00367145 -0.00714286 -0.0115517 0.000794278 0.00192026 0.00128235 0.00053266 0.000549134 0.00364865 -0.00301242 0.000589749 0.0019107 0.00101962 0.00225919 0.00172897
internal_weight=263702 227191 36511 16944 15137 14946 1819 1360 570 433 1807 790 13127 19567 627 557 210 145 13037 2458 2125 10579 346 185 161 10496 1803 1427 1142 1070
internal_count=263702 227191 36511 16944 15137 14946 1819 1360 570 433 1807 790 13127 19567 627 557 210 145 13037 2458 2125 10579 346 185 161 10496 1803 1427 1142 1070
is_linear=0
shrinkage=0.05


Tree=243
num_leaves=31
num_cat=0
split_feature=8 19 10 20 28 9 27 0 20 7 11 11 13 7 23 18 20 12 12 7 20 10 24 3 29 3 22 11 22 27
split_gain=1.51527 1.82999 2.21365 2.04948 1.97478 2.00232 1.80711 2.11924 1.90898 1.78767 1.74904 1.70109 1.75136 1.59958 1.7064 1.95726 2.03289 1.94142 1.88247 1.646 2.11644 1.68855 1.61154 1.59444 1.58455 1.58195 1.5744 1.57 1.55814 1.53384
threshold=0.41498714264279662 3.0888116236248222 0.18333333333333338 0.16460665458440185 1.5000000000000002 0.82108562567001642 17.500000000000004 5.1227863320152851 0.054888775486991642 0.25620766909423071 2.6613997082239762 0.098893651073663699 0.042913118009328184 0.24350008996465164 1.0000000180025095e-35 6.256633962694699 0.12229017932138177 0.18384129737309593 0.78081238767005468 0.26637187377211508 0.089789198370203813 0.31666666666666671 6.5000000000000009 0.45280236710279859 0.56051074655438726 -0.027839787656077655 14.500000000000002 0.040202257801196455 5.5000000000000009 2.5000000000000004
decision_type=2 2 2 2 2 2 2 2 2 2 2 2 2 2 2 2 2 2 2 2 2 2 2 2 2 2 2 2 2 2
left_child=29 -2 3 -3 5 10 13 11 -9 -6 25 -8 -13 14 17 16 28 26 22 20 23 -22 -18 -15 -7 -5 -4 -27 -16 -1
right_child=1 2 6 4 9 24 7 8 -10 -11 -12 12 -14 19 15 -17 18 -19 -20 -21 21 -23 -24 -25 -26 27 -28 -29 -30 -31
leaf_value=0.00045258643733379059 0.0026274753754566508 0.00017512968545792043 -0.0058103651649507688 0.0074833982064102357 0.0050608598225741529 -0.0074102246826402264 -0.00089126000391149358 0.00082061067699459769 -0.0016258496847608749 -0.0020297777421076318 -0.0061421250259370962 -0.00095996708608572063 0.0021791201738624831 0.00089325768535886022 -0.0025501589312609471 -0.0083739561664397458 -0.0019200118508257693 -0.0071428560902851287 0.020484708181404902 -0.000693619813938803 -0.0040930242231189415 0.00073302987699911141 0.00046692302166092447 -0.0083177689594154721 0.0057588847606343781 0.0071731447608077009 0.0044940776693428251 -0.0002106055368462451 0.0087355710193931808 5.1606373458210761e-05
leaf_weight=27348 993 65345 84 101 227 218 189 116 358 2531 50 156 532 354 138 89 133 80 61 27344 491 69 593 52 59 338 108 2980 696 132187
leaf_count=27348 993 65345 84 101 227 218 189 116 358 2531 50 156 532 354 138 89 133 80 61 27344 491 69 593 52 59 338 108 2980 696 132187
internal_value=7.12073e-05 -7.68047e-05 -9.73016e-05 5.616e-05 -0.000790282 -4.27116e-05 -0.000445754 0.00134345 -0.00135021 -0.00180566 0.000283944 0.00279932 0.00395349 -0.000525551 0.000847629 0.00143275 0.00182912 -0.00283088 6.35384e-06 -0.000621688 -0.0026501 -0.00464286 -0.000702479 9.85228e-05 -0.00413357 0.000419714 -0.000104166 0.000232068 0.00354916 0.000168146
internal_weight=264020 104485 103492 71849 6504 3746 31643 1351 474 2758 3469 877 688 30292 1982 1710 1621 272 787 28310 966 560 726 406 277 3419 192 3318 834 159535
internal_count=264020 104485 103492 71849 6504 3746 31643 1351 474 2758 3469 877 688 30292 1982 1710 1621 272 787 28310 966 560 726 406 277 3419 192 3318 834 159535
is_linear=0
shrinkage=0.05


Tree=244
num_leaves=31
num_cat=0
split_feature=24 17 24 29 1 20 1 29 29 6 1 27 24 27 29 7 23 24 24 29 0 5 0 12 17 7 11 0 27 12
split_gain=1.45171 2.857 2.93014 3.68683 2.40725 5.56865 3.04531 2.40559 2.13659 2.03524 2.72364 2.32136 7.42227 4.26702 3.36418 3.28582 3.1133 5.27893 3.68253 5.52187 3.42697 3.1614 3.44734 3.09674 2.91718 2.64151 2.61494 2.61002 2.46086 2.37662
threshold=14.500000000000002 6.5000000000000009 6.5000000000000009 -0.15303629100651941 197.00000000000003 0.039493365542648463 105.00000000000001 -3.6915046855524722 -2.5608938885402721 0.0093013831142493061 221.00000000000003 11.500000000000002 10.500000000000002 27.500000000000004 -1.0308775640211452 0.92502160071564787 1.5000000000000002 1.5000000000000002 7.5000000000000009 -0.10995315093910753 5.0690024785453636 0.79984908459656368 5.0848964481369547 0.26016932543752519 4.5000000000000009 1.1926585445815248 0.76852187164277552 5.2275719340818574 35.500000000000007 2.3164918742227187
decision_type=2 2 2 2 2 2 2 2 2 2 2 2 2 2 2 2 2 2 2 2 2 2 2 2 2 2 2 2 2 2
left_child=1 9 3 7 5 6 -4 -3 -2 10 -1 29 16 23 15 -15 17 25 28 -20 -18 -21 -23 -14 -17 -13 -16 -22 -19 -11
right_child=8 2 4 -5 -6 -7 -8 -9 -10 11 -12 12 13 14 26 24 20 18 19 21 27 22 -24 -25 -26 -27 -28 -29 -30 -31
leaf_value=-0.00034251631528379203 0.00325934339527203 0.0051646599071716636 -0.013918044086129167 0.00053232642088628032 0.0054601521249110227 0.0017082710132657096 -0.0025344764960298239 -0.0013680157100290392 -1.652761858082998e-05 5.9109897418372991e-05 -0.0018274661547289747 -0.0032675900839052225 0.0017012472588271395 -0.022833748938713559 0.0022500650987017116 -0.054685932510778537 0.00043575998047687165 0.00034502191408911336 -0.0048720982203402027 -0.17215149276851921 -0.001118896791626921 -0.085726186928300016 0.0054034204835647637 0.0043587541043524202 0.0099508218669441591 -0.0059143601316422201 -0.0025857431432962617 0.0026039633705225826 -0.027180835005467963 -0.0022984120116209855
leaf_weight=1317 250 166 125 3510 1326 6077 1068 3180 153067 63828 144 468 1506 402 1011 75 13960 3816 960 52 1968 216 58 1518 182 69 243 161 90 3012
leaf_count=1317 250 166 125 3510 1326 6077 1068 3180 153067 63828 144 468 1506 402 1011 75 13960 3816 960 52 1968 216 58 1518 182 69 243 161 90 3012
internal_value=8.10202e-05 0.00021917 0.000849729 7.87637e-05 0.00146464 0.00110729 -0.00201593 -0.00110879 -1.85557e-05 0.000116669 -0.00173511 0.000145575 0.000539152 0.00228985 0.000441715 -0.00245068 0.000143002 -0.000857915 -0.000369799 -0.00269051 0.00049941 -0.00831288 -0.00616788 0.003459 0.00196498 -0.00557728 0.00196172 -0.00136919 0.000394266 -1.19683e-05
internal_weight=263825 110508 15452 6856 8596 7270 1193 3346 153317 95056 1461 93595 26755 4937 1913 659 21818 5729 5192 1286 16089 326 274 3024 257 537 1254 2129 3906 66840
internal_count=263825 110508 15452 6856 8596 7270 1193 3346 153317 95056 1461 93595 26755 4937 1913 659 21818 5729 5192 1286 16089 326 274 3024 257 537 1254 2129 3906 66840
is_linear=0
shrinkage=0.05


Tree=245
num_leaves=31
num_cat=0
split_feature=29 21 1 24 24 0 28 7 29 7 0 23 15 18 28 28 7 14 1 28 0 5 1 5 11 28 29 4 4 12
split_gain=2.28584 2.96735 2.76569 2.65178 3.82521 2.71496 5.43099 2.50915 2.36139 2.29306 2.21192 1.90726 1.88827 1.83214 1.87787 1.80788 1.91396 1.66209 2.28098 1.6403 1.60911 1.69 1.59238 2.47024 1.57383 1.49905 1.49284 1.45493 1.97412 1.55704
threshold=-1.9534123769382994 33.500000000000007 177.00000000000003 11.500000000000002 8.5000000000000018 4.6948551260747839 17.500000000000004 0.40435014488386795 -2.5608938885402721 0.89503252676652878 4.6046610299420534 1.0000000180025095e-35 10.500000000000002 6.256633962694699 26.500000000000004 27.500000000000004 1.1926585445815248 2.3288880515992836 245.00000000000003 9.5000000000000018 4.8349268018409388 1.1879734282520555 221.00000000000003 1.4806925856081146 0.2729399880609768 23.500000000000004 -2.5608938885402721 -0.13389214532362056 -0.45009688409743603 0.16324849213656631
decision_type=2 2 2 2 2 2 2 2 2 2 2 2 2 2 2 2 2 2 2 2 2 2 2 2 2 2 2 2 2 2
left_child=1 3 7 4 15 9 12 -3 -8 26 22 -11 27 -13 -15 16 -1 -4 -19 -20 -17 -22 23 -5 -16 -24 -6 28 29 -7
right_child=-2 2 17 10 5 6 8 -9 -10 11 -12 13 -14 14 24 20 -18 18 19 -21 21 -23 25 -25 -26 -27 -28 -29 -30 -31
leaf_value=0.001742418145300867 4.3401471491487217e-05 0.0064988234702949444 0.0015240772537053421 0.010373465300074556 -0.036794423818361142 -0.057038333524023557 0.010561669302774138 -0.0036868281261565466 -0.0012767459358683881 0.038148535908199437 0.0038880989715613361 -0.056509481085227714 0.015503251735996629 0.0012530277338461005 -0.0054492463127436414 0.017104915515767254 -0.03714302532061723 0.0054596394624974046 -0.0070973937886747362 0.0034213523840097822 0.0046272171368639033 -0.014503372397304657 -0.031034898695651916 -0.024249852407219826 -0.041755218809468753 -0.1584225263997954 -0.0058270959090487452 -0.054877373783692174 0.0016737985807315462 -0.023375494447126097
leaf_weight=1854 254330 152 824 89 262 65 727 933 604 75 908 57 69 393 97 217 222 754 95 204 50 50 69 86 118 66 79 50 94 102
leaf_count=1854 254330 152 824 89 262 65 727 933 604 75 908 57 69 393 97 217 222 754 95 204 50 50 69 86 118 66 79 50 94 102
internal_value=9.50915e-05 0.000862254 0.00217083 0.000256911 -0.000236258 -0.00149355 -0.000254237 0.000161291 0.00125094 -0.00345513 0.00235632 -0.00189189 -0.00552632 -0.00274436 -0.00194079 0.00123067 0.000693642 0.00333245 0.00464862 0.000953178 0.00474763 -0.000499999 -0.00129032 0.00185714 -0.00569767 -0.00537037 -0.00684751 -0.00718649 -0.00568965 -0.0089521
internal_weight=263695 9365 2962 6403 5185 2792 1711 1085 1331 1081 1218 740 380 665 608 2393 2076 1877 1053 299 317 100 310 175 215 135 341 311 261 167
internal_count=263695 9365 2962 6403 5185 2792 1711 1085 1331 1081 1218 740 380 665 608 2393 2076 1877 1053 299 317 100 310 175 215 135 341 311 261 167
is_linear=0
shrinkage=0.05


Tree=246
num_leaves=31
num_cat=0
split_feature=29 24 0 24 27 0 22 17 24 24 29 16 16 2 29 0 19 14 1 20 1 29 3 24 0 16 29 29 23 1
split_gain=1.38315 3.35702 1.78951 2.13126 2.45947 1.64826 1.25606 1.17955 2.68222 4.2278 5.63493 3.18849 2.72559 3.73887 2.71048 3.23644 2.64251 2.93811 2.75638 2.54848 4.61241 2.47987 2.67703 2.37943 3.37902 3.24475 2.50573 2.36946 5.17465 2.82589
threshold=-4.5835963978295169 8.5000000000000018 4.7905409102862082 9.5000000000000018 2.5000000000000004 4.9386601029930661 16.500000000000004 6.5000000000000009 14.500000000000002 6.5000000000000009 -0.14093016171411588 7.1096240885869593 0.43860731532153063 -0.024683391553195742 -0.012310925937813548 5.0026325636191329 19.130718000470363 0.77699350546961676 97.000000000000014 0.032750867917190625 105.00000000000001 -0.73123558741911709 -0.39529716972910883 2.5000000000000004 4.7720400331370492 1.7953993681539062 0.8194000712106887 -2.1968687689319921 1.5000000000000002 201.00000000000003
decision_type=2 2 2 2 2 2 2 2 2 2 2 2 2 2 2 2 2 2 2 2 2 2 2 2 2 2 2 2 2 2
left_child=1 5 3 4 -3 -1 -6 -2 9 10 12 16 13 21 15 -12 17 18 -10 20 -11 22 -9 25 -25 -16 -26 28 -22 -30
right_child=7 2 -4 -5 6 -7 -8 8 11 19 14 -13 -14 -15 23 -17 -18 -19 -20 -21 27 -23 -24 24 26 -27 -28 -29 29 -31
leaf_value=0.0064812403539685664 -1.8066494531387038e-05 0.016655827520922709 0.022413519598740123 0.014401105979651477 -0.032254852535496571 -0.02675376398933664 -0.15271180302159254 -0.043279040025684418 -0.0015968507012132994 -0.019395464986817251 0.0018511785122482024 0.0029930434369764623 -0.00077384934515682463 0.002636260119852997 0.0023885902110464367 -0.0006372322418158441 -0.00021689629247929705 -0.00013829790528979298 0.0018218826361073284 0.0019466989658688068 0.015984683608364782 -0.0030282095678632751 -0.0086746164479957651 -0.0072924259423255257 -0.0019295772085373736 -0.0020015727174578805 0.0010709512596451948 0.0020571258930672052 -0.083201169753905443 -0.039775520793283774
leaf_weight=605 224959 73 72 73 82 51 89 149 351 85 610 212 2711 98 941 230 17466 2470 2298 6577 85 275 81 572 386 264 402 1492 109 101
leaf_count=605 224959 73 72 73 82 51 89 149 351 85 610 212 2711 98 941 230 17466 2470 2298 6577 85 275 81 572 386 264 402 1492 109 101
internal_value=2.66515e-05 0.00184211 -0.00183805 -0.00345426 -0.00569672 0.00402439 -0.00897661 1.94359e-05 0.00027723 0.000792458 -0.000143622 -6.55782e-05 -0.00161135 -0.00465174 0.00128488 0.00375 -0.000122869 0.000876148 0.00203284 0.00153687 -9.08114e-05 -0.00638614 -0.0102174 0.000477583 -0.000955882 0.00209544 0.00116751 0.000450476 -0.00364407 -0.00785714
internal_weight=263969 1045 389 317 244 656 171 262924 37965 15168 6719 22797 3314 603 3405 840 22585 5119 2649 8449 1872 505 230 2565 1360 1205 788 1787 295 210
internal_count=263969 1045 389 317 244 656 171 262924 37965 15168 6719 22797 3314 603 3405 840 22585 5119 2649 8449 1872 505 230 2565 1360 1205 788 1787 295 210
is_linear=0
shrinkage=0.05


Tree=247
num_leaves=31
num_cat=0
split_feature=29 19 3 1 9 9 4 1 27 22 27 22 2 3 0 1 21 5 28 0 17 27 29 18 5 18 1 28 23 13
split_gain=1.46351 1.49742 1.58741 1.57612 1.30263 1.58669 2.4673 2.29588 1.2812 1.42591 1.77623 1.24632 1.24237 1.23604 1.19717 3.23828 1.80554 1.72119 1.8619 2.17683 1.99522 3.13179 2.12037 2.05056 1.872 1.89699 1.93149 1.84231 2.17597 2.30751
threshold=-1.1313414534795427 0.12425885854174255 -0.42164066472703804 133.00000000000003 1.0021672713445475 0.7866906911592001 0.027694855897018519 173.00000000000003 45.500000000000007 10.500000000000002 58.500000000000007 30.500000000000004 -0.0071903433775260877 0.37731623907851758 4.7041876600984978 121.00000000000001 26.500000000000004 0.83720797665618663 13.500000000000002 4.4236054436470065 4.5000000000000009 24.500000000000004 -2.1968687689319921 33.275138505876264 1.1879734282520555 10.174782549762595 233.00000000000003 5.5000000000000009 3.5000000000000004 0.51428954098832336
decision_type=2 2 2 2 2 2 2 2 2 2 2 2 2 2 2 2 2 2 2 2 2 2 2 2 2 2 2 2 2 2
left_child=1 2 3 -1 5 13 7 -7 -2 -10 11 -11 -4 14 15 -3 -17 -18 20 -20 21 23 27 -19 25 -21 -27 28 -22 -30
right_child=8 4 12 -5 -6 6 -8 -9 9 10 -12 -13 -14 -15 -16 16 17 18 19 24 22 -23 -24 -25 -26 26 -28 -29 29 -31
leaf_value=-0.018238568483836152 4.9959723798420346e-06 0.0034866051099107982 0.0096559696986202037 0.0027448116368818886 0.0022728520504301428 -0.055372797289750454 0.0039603153656218165 -0.00042307376971689823 0.0090026959631110803 0.00204684860694085 -0.020778882991851492 0.0070475833558835098 0.0054556935915206824 0.0058406516969849616 0.0006389305541039112 -0.014223620385767119 -0.0041321794255868407 0.0035833001134888444 0.0062391758196769977 0.0034570914233761556 0.0078707085151111227 -0.030382343468553882 0.00079781055599582407 -0.0027678866338694385 -0.00024958754132755484 -0.0043130471492241725 -0.028605474746422849 0.0091077922714385053 -0.05755982147687471 0.0096882506017490697
leaf_weight=54 237269 430 52 386 113 63 65 53 50 140 51 54 50 51 14697 95 517 186 131 76 238 461 1830 90 4895 697 367 288 113 62
leaf_count=54 237269 430 52 386 113 63 65 53 50 140 51 54 50 51 14697 95 517 186 131 76 238 461 1830 90 4895 697 367 288 113 62
internal_value=5.10582e-05 0.000406754 0.00300738 0.00170455 0.000351517 0.000327692 -0.00433702 -0.0087069 1.20395e-05 0.00330509 0.00173469 0.00391753 0.00862745 0.000361165 0.00034541 -6.30005e-05 -0.000244873 -0.000179378 -2.54393e-05 -0.000536814 0.000939413 -0.00135007 0.00160609 0.00286232 -0.000675227 -0.0025 -0.00304511 0.00394437 0.00180387 -0.00242857
internal_weight=263624 26060 542 440 25518 25405 181 116 237564 295 245 194 102 25224 25173 10476 10046 9951 9434 6166 3268 737 2531 276 6035 1140 1064 701 413 175
internal_count=263624 26060 542 440 25518 25405 181 116 237564 295 245 194 102 25224 25173 10476 10046 9951 9434 6166 3268 737 2531 276 6035 1140 1064 701 413 175
is_linear=0
shrinkage=0.05


Tree=248
num_leaves=31
num_cat=0
split_feature=17 27 14 4 19 0 7 21 6 4 22 19 20 17 15 0 20 20 24 7 4 27 28 7 14 5 24 24 6 16
split_gain=1.5506 3.59017 3.85002 2.45159 2.65035 3.36093 2.36594 2.17313 1.94803 1.93978 1.92888 1.92703 2.25409 2.0625 1.76956 1.90956 1.68801 1.75804 1.80924 2.22333 1.99881 1.63066 1.59081 1.54654 1.78521 1.81639 1.50794 1.51365 1.4495 1.52214
threshold=7.5000000000000009 12.500000000000002 3.2127102851698921 -0.43329411285390113 0.12425885854174255 4.4439066730957402 0.72920380333587043 30.500000000000004 0.69359268489680648 -0.39457426753238528 7.5000000000000009 12.025588829888676 0.84247624802388754 9.5000000000000018 24.500000000000004 4.5989605807911609 0.031137982242544479 0.059361551008670486 5.5000000000000009 0.42833754735140667 0.10910669148715564 1.5000000000000002 1.0000000180025095e-35 0.56052619835996831 3.4304145903853409 0.86194306491237482 9.5000000000000018 1.5000000000000002 0.28381653046225824 0.63463225700256032
decision_type=2 2 2 2 2 2 2 2 2 2 2 2 2 2 2 2 2 2 2 2 2 2 2 2 2 2 2 2 2 2
left_child=-1 3 8 -2 10 6 9 14 -3 -6 -5 12 13 -9 15 26 -17 -18 19 20 -19 -16 -4 -24 -25 -26 27 -7 -20 -30
right_child=1 2 22 4 5 7 -8 11 -10 -11 -12 -13 -14 -15 21 16 17 18 28 -21 -22 -23 23 24 25 -27 -28 -29 29 -31
leaf_value=2.5824309005563665e-05 0.0023659512568233454 5.0239367474633647e-05 -0.0052367365628221557 0.0053198519439767115 -0.017904060050269673 0.0085979180164120535 0.0052456425614269197 0.0027328199767214325 -0.0011981930688381827 -0.0088082163551257264 0.0011582003774447843 0.00021048213554845292 -0.035311827726437477 -0.0015925705563130312 0.0025105749099286622 -0.01037955839738772 0.0054931714252669872 0.0091379085382692401 0.0040185648542762032 -0.0046895046601963504 -0.0058284268064187185 -0.0083594342233262314 0.0033396901576843887 0.0044966769064256782 -0.0025753616400014424 0.0014675494933388848 0.0052183250716661272 0.0020632398955725928 -0.0040887417772954987 0.0012948348990051964
leaf_weight=241615 1693 9668 61 69 60 63 81 88 3257 145 87 2063 74 176 52 73 229 51 409 112 81 123 211 129 103 994 458 482 215 651
leaf_count=241615 1693 9668 61 69 60 63 81 88 3257 145 87 2063 74 176 52 73 229 51 409 112 81 123 211 129 103 994 458 482 215 651
internal_value=7.68104e-05 0.000479097 1.69874e-05 0.00136364 0.000878125 0.000701724 -0.00458042 0.000981482 -0.000261121 -0.00743902 0.00730769 -0.000139525 -0.00363905 -0.00147727 0.00187896 0.0021813 0.00121637 0.00152746 0.000911785 -0.00303279 0.00136364 -0.003 0.00241656 0.00275226 0.00207178 0.0014175 0.0039332 0.00215596 0.00166667 0.000508084
internal_weight=263573 21958 14423 7535 5842 5686 286 5400 12925 205 156 2401 338 264 2999 2824 1821 1748 1519 244 132 175 1498 1437 1226 1097 1003 545 1275 866
internal_count=263573 21958 14423 7535 5842 5686 286 5400 12925 205 156 2401 338 264 2999 2824 1821 1748 1519 244 132 175 1498 1437 1226 1097 1003 545 1275 866
is_linear=0
shrinkage=0.05


Tree=249
num_leaves=31
num_cat=0
split_feature=29 24 24 21 11 24 0 29 28 29 22 7 27 7 0 15 29 7 4 28 27 1 28 18 27 28 24 7 28 22
split_gain=2.32237 2.49305 2.25072 3.3589 2.75954 2.65812 2.9253 2.77958 2.32651 2.97126 2.42024 2.41167 2.27689 2.19724 2.05596 2.04417 2.02822 2.01048 2.21036 1.96736 2.21348 2.60269 2.28373 2.88714 2.22313 2.14047 2.08329 2.06504 1.93986 2.85926
threshold=-1.6214020128300053 28.500000000000004 8.5000000000000018 40.500000000000007 0.18115379623656877 11.500000000000002 4.6461108844735088 -2.8294749043545768 3.5000000000000004 -2.1968687689319921 6.5000000000000009 0.56052619835996831 4.5000000000000009 0.56052619835996831 4.8349268018409388 11.500000000000002 -4.5835963978295169 0.42657334683777942 -0.11300553895317623 28.500000000000004 26.500000000000004 253.00000000000003 15.500000000000002 21.941426293570924 21.500000000000004 14.500000000000002 6.5000000000000009 1.0124850091210071 30.500000000000004 8.5000000000000018
decision_type=2 2 2 2 2 2 2 2 2 2 2 2 2 2 2 2 2 2 2 2 2 2 2 2 2 2 2 2 2 2
left_child=1 2 16 5 -5 6 7 15 9 13 11 -10 -9 -8 28 -4 -1 -18 19 20 22 -22 23 24 -19 -25 -26 -23 -7 -30
right_child=-2 -3 3 4 -6 14 8 12 10 -11 -12 -13 -14 -15 -16 -17 17 18 -20 -21 21 27 -24 25 26 -27 -28 -29 29 -31
leaf_value=0.0046665162205420966 8.5581309149485833e-06 0.0019268919727596049 -0.022630980710610354 -0.0040987464732145399 0.006180005866473319 0.00028202689636080882 0.011353998058887113 -0.038846326451790675 -0.035953053560163706 0.012277603504410614 0.0038874726604816454 -0.0055026581254895533 0.013935957669781427 -0.04483666306643988 0.0032089508375771156 -0.057869960244535806 0.0037076741499740074 -0.040924487306078172 -0.020219685630094301 0.0047202012280470468 0.0033411596675845534 0.0021283678762166916 0.0017434267184546404 0.0012833144326465731 0.00073636694828773221 -0.10028093442838393 -0.057664836395663624 -0.085106346921706211 -0.0053994524038253333 0.006138302232369248
leaf_weight=651 250129 506 370 61 162 2748 77 97 99 194 2093 488 188 276 275 115 491 123 583 535 877 54 1416 505 103 55 70 52 59 165
leaf_count=651 250129 506 370 61 162 2748 77 97 99 194 2093 488 188 276 275 115 491 123 583 535 877 54 1416 505 103 55 70 52 59 165
internal_value=4.81955e-05 0.000687278 0.000553074 -1.27221e-05 0.00603139 -0.000198785 -0.00106205 -0.00383117 -0.000401301 -0.00337294 0.000205224 -0.00263203 8.77199e-05 -0.00610482 0.000863875 -0.00613402 0.00131913 0.000968339 0.000627716 0.0010686 0.000606759 0.00258901 -0.00025088 -0.00228972 -0.00628378 -0.000178571 -0.00263006 -0.00481132 0.000481158 0.00495536
internal_weight=263617 13488 12982 7467 223 7244 3997 770 3227 547 2680 587 285 353 3247 485 5515 4864 4373 3790 3255 983 2272 856 296 560 173 106 2972 224
internal_count=263617 13488 12982 7467 223 7244 3997 770 3227 547 2680 587 285 353 3247 485 5515 4864 4373 3790 3255 983 2272 856 296 560 173 106 2972 224
is_linear=0
shrinkage=0.05


Tree=250
num_leaves=31
num_cat=0
split_feature=17 0 1 28 14 5 5 19 23 2 9 22 19 6 28 5 15 17 11 4 13 24 5 28 0 1 12 15 19 7
split_gain=1.31014 2.17056 3.97715 2.58135 3.52428 2.80668 2.42076 2.92497 3.34731 2.32378 2.27616 1.95306 1.94312 1.91003 2.63291 1.90291 1.88879 1.88426 3.19438 2.96231 2.82111 2.77988 2.30278 2.0002 1.89671 2.82118 3.23335 1.86176 1.80155 2.84669
threshold=6.5000000000000009 4.9859457890483005 113.00000000000001 20.500000000000004 7.6964743890774612 1.0712884935358575 0.68594293058874634 7.2042630928180795 1.0000000180025095e-35 -0.1073101397073196 0.60797490905885188 11.500000000000002 52.822078734317309 0.37618197968457612 4.5000000000000009 3.2552462797750565 2.5000000000000004 9.5000000000000018 0.03502285097609234 -0.13660677195938239 0.19641428097657501 27.500000000000004 1.0928004516098981 7.5000000000000009 4.6533718866885332 225.00000000000003 0.26851984191176975 23.500000000000004 17.589277290285509 0.49518623827634872
decision_type=2 2 2 2 2 2 2 2 2 2 2 2 2 2 2 2 2 2 2 2 2 2 2 2 2 2 2 2 2 2
left_child=-1 3 -3 4 5 6 7 11 12 13 15 -2 27 -8 -15 17 -6 19 20 23 -19 -21 -20 24 -7 -26 -27 -9 29 -10
right_child=1 2 -4 -5 16 10 9 8 28 -11 -12 -13 -14 14 -16 -17 -18 18 22 21 -22 -23 -24 -25 25 26 -28 -29 -30 -31
leaf_value=7.6437003588618213e-06 0.0056922084733965449 -9.618302548511216e-05 0.0008455017948029238 0.00070431574376940463 0.0024535289399764239 0.0014343252129057594 0.0013976026698129737 -0.0032317227729070971 0.0048842391219822458 -0.0026524227479514536 0.00048991810408334513 0.0015115865401482374 -0.00015315365281330577 -0.0013065579386482137 0.00088411605339579744 -0.0045124044369109131 -0.0014974468112489748 -0.0057412866797819729 -0.0087913901270580824 -0.0018927358565445536 -0.00060026343277629925 -0.0062429415903729329 0.0008266544117773632 -0.0016494062516229373 0.00018163119063879679 -0.0085878990028374243 -2.3271884190917739e-05 -0.04310793128314825 -7.8532343701510083e-05 -0.005220332655896648
leaf_weight=225772 62 3855 6744 9093 359 483 990 330 51 161 1352 313 198 958 2676 104 122 124 56 321 239 70 1699 2925 909 156 144 61 3528 149
leaf_count=225772 62 3855 6744 9093 359 483 990 330 51 161 1352 313 198 958 2676 104 122 124 56 321 239 70 1699 2925 909 156 144 61 3528 149
internal_value=5.83709e-05 0.000329044 0.000937353 9.57195e-05 -0.000242718 -0.000355224 0.000237945 -0.000569053 -0.000936993 0.00102926 -0.00101025 0.00366667 -0.00443973 0.00123486 0.000704458 -0.00136238 0.00398129 -0.00126438 -1.41637e-05 -0.00179313 -0.00428375 -0.00597187 0.000868946 -0.00143925 -7.09214e-05 -0.00112903 -0.00533333 -0.00648338 -0.000383583 -0.005
internal_weight=264004 38232 10599 27633 18540 18059 9477 4692 4317 4785 8582 375 589 4624 3634 7230 481 7126 2118 5008 363 391 1755 4617 1692 1209 300 391 3728 200
internal_count=264004 38232 10599 27633 18540 18059 9477 4692 4317 4785 8582 375 589 4624 3634 7230 481 7126 2118 5008 363 391 1755 4617 1692 1209 300 391 3728 200
is_linear=0
shrinkage=0.05


Tree=251
num_leaves=31
num_cat=0
split_feature=29 12 21 24 24 7 1 7 29 28 5 27 21 27 27 24 29 12 24 7 5 29 6 29 24 17 17 5 5 1
split_gain=1.89963 2.4737 2.02119 2.59334 9.04874 3.10396 4.95358 3.2418 2.92561 3.66663 2.68104 2.62474 4.341 2.53979 2.76272 3.6099 2.97518 4.22102 2.43222 2.41438 2.64168 2.37467 2.28768 2.35106 2.15054 2.69042 2.64013 2.32696 2.82684 2.12736
threshold=-1.6214020128300053 0.24762440350326073 34.500000000000007 14.500000000000002 7.5000000000000009 0.95438331106223684 289.00000000000006 1.3281204337535069 -0.076288753815791491 16.500000000000004 0.60264412435075865 28.500000000000004 37.500000000000007 33.500000000000007 31.500000000000004 15.500000000000002 -0.8261228501704635 0.09832585154006003 2.5000000000000004 0.56604128412975718 0.71544678143686402 -1.1894795493740016 0.063193627739669814 -0.60559424458584032 15.500000000000002 9.5000000000000018 9.5000000000000018 1.2506092511041185 1.4211559146037642 217.00000000000003
decision_type=2 2 2 2 2 2 2 2 2 2 2 2 2 2 2 2 2 2 2 2 2 2 2 2 2 2 2 2 2 2
left_child=1 -1 13 4 5 8 7 11 9 10 -4 -7 -13 14 -2 16 17 -16 -14 20 -6 -21 -11 -24 26 -26 -5 -27 -29 -12
right_child=2 -3 3 24 19 6 -8 -9 -10 22 29 12 18 -15 15 -17 -18 -19 -20 21 -22 -23 23 -25 25 27 -28 28 -30 -31
leaf_value=-0.00013676657257837726 5.7397284687421463e-05 0.0018403384263801449 0.0023782711574908862 -0.00064250357850824825 0.0016094946082574281 -0.0021777778083954861 -0.12908568523703687 0.005454689673939756 0.00054167932096952449 -0.0037289502567863578 -0.0068527739281064514 -0.0644223856741937 0.0030821717624885457 0.0032392807047929963 -0.066374922857104293 0.00068403282815909924 -0.0084152236044893209 -0.02050008491024068 -0.019794786973287116 -0.0037126828226149533 -0.0003331222718674895 0.0020194346476378831 0.0012957323478367353 -0.0007619768368636947 -0.00030848454248847237 0.0021196521190565967 -0.011585573453218099 -0.024902755781578845 0.00056426929845994995 0.00022489222511856588
leaf_weight=6400 218045 7133 65 972 622 499 57 74 1547 80 802 65 58 232 54 331 355 143 63 515 1914 3468 806 1246 16388 321 65 75 1155 182
leaf_count=6400 218045 7133 65 972 622 499 57 74 1547 80 802 65 58 232 54 331 355 143 63 515 1914 3468 806 1246 16388 321 65 75 1155 182
internal_value=5.07339e-05 0.000627725 1.95251e-05 -0.000358097 0.000215121 -0.00126984 -0.00411765 -0.00305007 -0.000778341 -0.00164571 -0.00406578 -0.00412409 -0.00919355 7.30066e-05 6.74657e-05 -0.00272367 -0.00519927 -0.0101269 -0.00359504 0.00147799 0.000272083 0.0022458 -0.000454971 -0.000131578 -0.000722491 -0.000594514 -0.00293635 0.00139587 0.000406505 -0.00471545
internal_weight=263732 13533 250199 31039 12063 5544 816 759 4728 3181 1049 685 186 219160 218928 883 552 197 121 6519 2536 3983 2132 2052 18976 17939 1037 1551 1230 984
internal_count=263732 13533 250199 31039 12063 5544 816 759 4728 3181 1049 685 186 219160 218928 883 552 197 121 6519 2536 3983 2132 2052 18976 17939 1037 1551 1230 984
is_linear=0
shrinkage=0.05


Tree=252
num_leaves=31
num_cat=0
split_feature=13 29 3 4 27 22 2 0 22 24 28 24 15 18 0 4 15 2 0 24 24 18 4 19 18 4 21 12 19 28
split_gain=2.1809 2.0672 1.79891 1.4224 1.254 2.99333 3.16082 5.07741 2.4042 3.91809 2.34077 2.12109 4.70174 2.11438 1.98401 3.68503 2.13057 2.55755 1.73447 1.71597 3.29198 3.07162 3.03626 5.59333 6.57278 3.38205 2.98642 2.7403 2.46516 2.2235
threshold=6.0399561090005731 -1.1313414534795427 -1.4467414105168883 0.16435227740156297 24.500000000000004 10.500000000000002 -0.062355175325703102 4.7041876600984978 2.5000000000000004 5.5000000000000009 33.500000000000007 21.500000000000004 13.500000000000002 0.096941918992014112 4.953885222277969 -0.41640813660162795 20.500000000000004 -0.0071903433775260877 4.8935427106932758 8.5000000000000018 13.500000000000002 21.589410675069356 -0.4786115313729003 41.161199835587631 10.405471555763617 -0.19037711836720475 35.500000000000007 0.18003226881425496 45.784357802777031 24.500000000000004
decision_type=2 2 2 2 2 2 2 2 2 2 2 2 2 2 2 2 2 2 2 2 2 2 2 2 2 2 2 2 2 2
left_child=1 3 -3 -1 19 6 10 -8 9 -9 -6 14 13 -13 15 18 -17 -18 -7 29 21 22 23 27 -25 -24 -22 -21 -26 -4
right_child=-2 2 4 -5 5 11 7 8 -10 -11 -12 12 -14 -15 -16 16 17 -19 -20 20 26 -23 25 24 28 -27 -28 -29 -30 -31
leaf_value=0.00052669541599777105 0.00098281749119095161 0.00089632761176228377 -0.00040619867069354245 0.0050279291368102675 -0.00032477798412143869 0.00064886277683175013 0.0026304449797721332 -0.00078388890537548633 0.00048991427808167242 0.00060945614139874024 0.0053467275294082107 -0.0046627769687400331 0.0013052321248720365 -0.00022408250229709583 0.00079443412755524187 -0.00091577476914480932 0.0029447511211881552 -0.002475464639769311 0.0024940908557980418 -0.01009757806903306 4.4496232904873803e-06 0.0030337858414314694 0.0024877912222836095 -0.043361968357631814 0.0073279863299371877 0.00046319904339668817 -0.00037425131867614995 0.0047188726673809151 -0.02014422511002778 0.00045433037815742955
leaf_weight=25691 1784 1456 37800 82 9318 5563 160 98 434 110 74 77 962 4318 4168 2458 279 73 190 438 127280 3016 1575 78 68 21190 8305 563 492 5465
leaf_count=25691 1784 1456 37800 82 9318 5563 160 98 434 110 74 77 962 4318 4168 2458 279 73 190 438 127280 3016 1575 78 68 21190 8305 563 492 5465
internal_value=8.5084e-05 7.32106e-05 2.67793e-05 0.00049839 1.59033e-05 0.000328124 -0.000357072 0.00265586 0.000669783 -0.00375 -0.000614352 0.000714286 -0.000120403 -0.000813424 0.00106551 0.000630037 -0.000854092 0.00278409 0.00135495 -2.69059e-05 4.73918e-05 0.000547047 0.000361007 -0.00171751 -0.00537617 0.000510653 -5.36558e-05 0.000614386 -0.00348214 -0.000306829
internal_weight=263565 261781 236008 25773 234552 28282 10194 802 642 208 9392 18088 5357 4395 12731 8563 2810 352 5753 206270 163005 27420 24404 1639 638 22765 135585 1001 560 43265
internal_count=263565 261781 236008 25773 234552 28282 10194 802 642 208 9392 18088 5357 4395 12731 8563 2810 352 5753 206270 163005 27420 24404 1639 638 22765 135585 1001 560 43265
is_linear=0
shrinkage=0.05


Tree=253
num_leaves=31
num_cat=0
split_feature=2 16 1 24 21 17 22 24 1 7 7 0 1 19 7 1 14 11 14 12 15 0 5 23 3 0 5 7 17 6
split_gain=1.49955 2.89029 2.04579 2.0319 2.73826 2.37183 2.95399 2.30774 3.03103 2.17212 2.02787 2.00383 2.76125 1.94589 2.161 1.90796 3.46217 2.29079 1.99377 1.8961 2.57403 1.86689 1.77548 2.00266 1.77272 1.70851 1.69609 2.28575 2.42174 1.88537
threshold=-0.43558313699834855 1.1362022933786362 289.00000000000006 18.500000000000004 37.500000000000007 4.5000000000000009 6.5000000000000009 25.500000000000004 201.00000000000003 1.3643067907702577 1.4000310583957483 4.6916983434607848 205.00000000000003 46.288837328121666 0.66221672086324612 113.00000000000001 3.6453913440361085 0.079620346218316929 1.6832863798406101 1.2846297319829549 21.500000000000004 5.1022775351308658 1.2612351914490232 2.5000000000000004 -0.71120899767915025 4.6851294144313123 0.46723693614146783 0.61595544295336213 5.5000000000000009 1.0205438407388343
decision_type=2 2 2 2 2 2 2 2 2 2 2 2 2 2 2 2 2 2 2 2 2 2 2 2 2 2 2 2 2 2
left_child=1 2 26 4 -3 6 -5 9 21 -8 15 13 -13 14 -6 16 17 -7 22 -2 -21 -9 -17 -24 -19 -10 -1 -28 -29 -30
right_child=19 3 -4 5 11 10 7 8 25 -11 -12 12 -14 -15 -16 18 -18 24 -20 20 -22 -23 23 -25 -26 -27 27 28 29 -31
leaf_value=-0.0019335340105472957 3.4016999564336257e-05 0.0001743664177428054 0.0018141109625816683 -0.00055460631615840362 0.0030832929164921375 0.001329070064721356 0.00025029287497395375 0.00035273771367403073 0.0035487385357885533 -0.0021412635259489658 0.0010546429823376827 0.00065423846357356356 0.0023936830135893174 0.0023021841511081148 -0.004273818505126834 -0.00055318529924750783 0.0013616208436292485 0.001635252088394659 -0.00040732048645083916 -0.0007644201516161088 0.0062885052081423573 -0.0023688825426200432 0.0021768188777086276 0.00017912856429344744 -0.00045950354736511802 0.0010416874207910627 0.00074430454545018176 0.00041234389518413327 -0.0014627065945336584 0.00075282433144682834
leaf_weight=462 168780 30158 353 1785 152 242 2689 1129 478 240 678 2377 921 566 507 998 323 108 18652 6529 142 63 438 588 1154 956 8962 9522 2823 1298
leaf_count=462 168780 30158 353 1785 152 242 2689 1129 478 240 678 2377 921 566 507 998 323 108 18652 6529 142 63 438 588 1154 956 8962 9522 2823 1298
internal_value=9.67352e-05 0.000264382 0.00074082 9.32493e-05 0.000355094 -0.000204285 0.00057902 0.00114762 0.00222392 0.000182657 -0.000452309 0.00150232 0.00214372 -0.000224489 -0.00207132 -0.000533484 0.00101533 6.64953e-06 -0.000670342 1.20552e-05 -0.00081472 0.000360739 0.000820159 0.0022807 -0.00084786 0.00377266 0.000683011 0.000744305 0.000336803 -0.000675806
internal_weight=264073 88622 23420 65202 34681 30521 7340 5555 2626 2929 23181 4523 3298 1225 659 22503 1827 1504 20676 175451 6671 1192 2024 1026 1262 1434 23067 22605 13643 4121
internal_count=264073 88622 23420 65202 34681 30521 7340 5555 2626 2929 23181 4523 3298 1225 659 22503 1827 1504 20676 175451 6671 1192 2024 1026 1262 1434 23067 22605 13643 4121
is_linear=0
shrinkage=0.05


Tree=254
num_leaves=31
num_cat=0
split_feature=28 5 16 24 0 1 6 11 24 0 7 16 22 28 4 22 0 7 6 27 6 27 21 0 21 16 19 16 22 24
split_gain=2.039 2.18362 2.06196 2.79296 2.14233 2.62936 2.65775 2.703 1.92656 2.62703 2.42181 2.02655 1.89055 2.02517 1.85006 1.81213 2.11804 2.31731 1.86664 1.59472 1.73101 1.50903 2.17993 4.39224 2.37338 2.0767 2.04102 2.25207 2.05942 2.00443
threshold=21.500000000000004 0.70605406841163465 0.14132827692478514 13.500000000000002 4.8638827521613406 121.00000000000001 0.58801757620992567 0.24913428374551541 9.5000000000000018 4.5649191543146843 0.37649690422634013 0.22514547328550694 19.500000000000004 24.500000000000004 -0.39895242208365123 11.500000000000002 4.7012900704448422 0.44741684342778426 0.099586668812152904 1.5000000000000002 0.49197573659244798 2.5000000000000004 30.500000000000004 4.973239364658367 37.500000000000007 2.9622443243887377 6.8172796720680022 0.61947300817391249 16.500000000000004 6.5000000000000009
decision_type=2 2 2 2 2 2 2 2 2 2 2 2 2 2 2 2 2 2 2 2 2 2 2 2 2 2 2 2 2 2
left_child=-1 2 15 8 5 -5 7 -7 9 12 -10 -12 13 -4 -6 -2 17 -17 -18 -15 -21 -3 23 29 26 -25 27 -24 -29 -23
right_child=1 21 3 4 14 6 -8 -9 10 -11 11 -13 -14 19 -16 16 18 -19 -20 20 -22 22 24 25 -26 -27 -28 28 -30 -31
leaf_value=1.4137345893436801e-05 0.0040395101898283714 0.00065723881815214844 -0.019652076984777542 0.0045358037108942633 0.0011877714055569045 0.0016391383816171769 0.0017079739355365118 -0.038898242020417688 -0.0029785810839343314 0.0015978673733847424 -0.0086447660733676764 0.0057287140441109269 0.0023312452621076108 -0.01299491862694236 -0.00088893850338278438 -0.0091366985559883721 -0.0021564459466996535 0.0065224440589405561 0.0020427921878474818 0.0086393634577426222 -0.0055884628434949117 0.0019264701219874293 0.00050904272913057007 0.0015931314333584837 -0.00019903797131685258 -0.0098936327481956091 0.00055178250258214833 -0.0036361665648605278 0.00035929463815966543 -0.0031175822979051782
leaf_weight=220325 468 7670 65 130 96 66 108 56 164 905 58 504 150 50 1213 97 50 91 269 74 57 573 638 1145 7709 71 13990 438 239 6194
leaf_count=220325 468 7670 65 130 96 66 108 56 164 905 58 504 150 50 1213 97 50 91 269 74 57 573 638 1145 7709 71 13990 438 239 6194
internal_value=8.15251e-05 0.000395035 0.00141619 0.000876624 -0.000638106 0.00277778 -0.000434782 -0.0054918 0.00212383 0.00097233 0.00418733 0.00574733 -0.00242424 -0.00512195 -0.00157754 0.00346154 0.00139053 -0.00281915 0.00387147 -0.00240331 0.000496184 0.000271679 0.000116302 -0.00059564 0.000363258 0.00217105 0.00072362 -0.0011597 -0.00316839 -0.0010928
internal_weight=263663 43338 4671 3696 1669 360 230 122 2027 1301 726 562 396 246 1309 975 507 188 319 181 131 38667 30997 7983 23014 1216 15305 1315 677 6767
internal_count=263663 43338 4671 3696 1669 360 230 122 2027 1301 726 562 396 246 1309 975 507 188 319 181 131 38667 30997 7983 23014 1216 15305 1315 677 6767
is_linear=0
shrinkage=0.05


Tree=255
num_leaves=31
num_cat=0
split_feature=29 20 0 11 5 5 28 0 5 28 20 17 29 22 1 18 20 7 21 20 24 28 22 15 29 1 18 0 29 21
split_gain=1.97714 2.18374 2.22882 2.11022 3.07267 2.39582 2.78754 2.04537 1.86676 2.13095 2.46327 2.0959 2.13756 1.85953 2.42633 2.13156 2.0383 2.57651 2.61626 1.85324 1.84192 1.81867 1.79199 2.35504 1.75001 1.71401 2.17723 1.70963 1.79705 1.66649
threshold=-1.1313414534795427 0.70775324439171794 4.5563455921752096 0.37215953403747787 1.1674336495483042 1.748561401894452 9.5000000000000018 4.5208249664032918 1.2080310487157713 2.5000000000000004 0.71005125860713447 7.5000000000000009 -1.409456967099425 32.500000000000007 189.00000000000003 9.0979409974958525 0.70715826172044671 0.61964099872828093 30.500000000000004 0.71936151845197727 9.5000000000000018 23.500000000000004 6.5000000000000009 12.500000000000002 -1.691767014093873 225.00000000000003 12.328031187125188 4.7544443676919261 -1.4571161936178669 27.500000000000004
decision_type=2 2 2 2 2 2 2 2 2 2 2 2 2 2 2 2 2 2 2 2 2 2 2 2 2 2 2 2 2 2
left_child=1 2 3 -1 -5 6 -6 -8 9 19 -11 -10 -13 16 15 -15 29 22 -19 24 -14 -7 -18 -24 -3 -12 -27 -16 -29 -4
right_child=-2 8 13 4 5 21 7 -9 11 10 25 12 20 14 27 -17 17 18 -20 -21 -22 -23 23 -25 -26 26 -28 28 -30 -31
leaf_value=0.0016439520255008826 3.4028109503783903e-05 -0.01911576764710448 -0.0022310473961289394 0.0045542005407482027 -0.024514935179870575 0.0059654277786566024 -0.00093306457718938553 -0.055670328212960876 -0.00013400406699541766 0.0049910619625849698 0.0020966691687381504 0.0071379256039675988 -0.017154765285761434 -0.013711647500810227 -0.0016062979017138425 0.0036017965119173041 -0.030958037988395023 -0.0006020156070499212 -0.041527946167196593 0.00070211353719811854 0.0039860085202979611 -0.019465548614624073 -0.0020811063372152797 0.0084186529175168581 -0.032640271539885225 -0.01007261360331479 0.00085761316211744915 -0.080165903922616466 -0.00073126584601561871 0.00079458287543919624
leaf_weight=361 237512 60 1043 166 69 66 96 120 2545 347 2624 248 56 150 579 327 60 54 69 346 61 62 217 55 53 69 122 100 67 15892
leaf_count=361 237512 60 1043 166 69 66 96 120 2545 347 2624 248 56 150 579 327 60 54 69 346 61 62 217 55 53 69 122 100 67 15892
internal_value=9.89778e-05 0.000512192 0.000247789 -0.00212766 -0.00399827 -0.00630751 -0.00885965 -0.00606481 0.00130378 0.00206159 0.00252372 0.000360825 0.00390411 0.000367754 -0.00151676 0.00126834 0.000500288 -0.0028022 -0.00898374 -0.001122 -0.00166667 -0.000624999 -0.000512048 0.00121324 -0.00668142 0.00203375 -0.00253927 -0.00329759 -0.00775449 0.000589017
internal_weight=263596 26084 19553 940 579 413 285 216 6531 3621 3162 2910 365 18613 1223 477 17390 455 123 459 117 128 332 272 113 2815 191 746 167 16935
internal_count=263596 26084 19553 940 579 413 285 216 6531 3621 3162 2910 365 18613 1223 477 17390 455 123 459 117 128 332 272 113 2815 191 746 167 16935
is_linear=0
shrinkage=0.05


Tree=256
num_leaves=31
num_cat=0
split_feature=29 26 23 24 24 21 27 21 5 19 0 11 11 13 27 0 27 14 0 5 12 17 29 28 17 3 13 20 7 5
split_gain=1.91462 2.35635 2.0705 1.80655 1.8613 3.58105 3.0283 2.7419 2.28524 2.05585 2.38075 2.03546 2.2522 1.96828 2.25175 1.9392 1.93356 1.78922 1.65913 2.6976 2.26633 1.91348 1.55704 1.65429 1.60707 1.5543 1.51496 1.49628 1.71267 1.44968
threshold=-1.9534123769382994 1.0000000180025095e-35 5.5000000000000009 25.500000000000004 8.5000000000000018 39.500000000000007 24.500000000000004 30.500000000000004 1.5173301227720761 14.690199962503959 4.7324720776733296 1.8847246003512172 0.98169508726936006 0.096443316851717906 4.5000000000000009 4.6207751646789132 30.500000000000004 1.3913533153448374 4.5860089852518895 1.8955486089219573 0.075889935982454887 4.5000000000000009 -2.8294749043545768 1.5000000000000002 6.5000000000000009 -0.75923526741024439 0.037872226721544396 0.033668173619919022 0.36255532773163052 2.1790946396082007
decision_type=2 2 2 2 2 2 2 2 2 2 2 2 2 2 2 2 2 2 2 2 2 2 2 2 2 2 2 2 2 2
left_child=1 3 17 4 8 6 7 9 -1 25 -11 12 22 14 26 -10 27 -3 -15 20 -20 -21 23 -8 29 -6 -9 -17 -29 -24
right_child=-2 2 -4 -5 5 -7 11 13 15 10 -12 -13 -14 18 -16 16 -18 -19 19 21 -22 -23 24 -25 -26 -27 -28 28 -30 -31
leaf_value=0.002647076526758183 -4.9304306713939112e-06 0.0013510948975562359 0.010938809694368258 0.0017679991035183598 -0.026469221956330159 0.005416521554396034 -0.008230675204002608 -0.0051583037960810929 0.0096307089790729303 -0.0065667324027018394 0.0043200612644837587 0.0045476841922015452 -0.04915640608916684 -0.012752277807717963 0.0043884719425545523 0.0004827286052144296 0.0040904490350493162 -0.037987163636833181 -0.0065762552438068103 0.005509486460175018 0.009833667827031942 -0.014699124994003332 -0.0020183959860616096 -0.075461452278669336 -0.092151010876130451 -0.03084670818282792 -0.031248881359989308 0.0060465529560596023 -0.029481620895668911 0.010668295636980948
leaf_weight=2685 254596 82 79 373 106 192 155 193 143 986 729 138 56 101 121 794 133 167 84 83 606 122 271 158 62 62 68 60 526 51
leaf_count=2685 254596 82 79 373 106 192 155 193 143 986 729 138 56 101 121 794 133 167 84 83 606 122 271 158 62 62 68 60 526 51
internal_value=1.6782e-05 0.000718091 -0.00344512 0.000868846 0.000722511 -9.20751e-06 -0.000317918 0.000387918 0.00145473 -0.000852363 -0.000335276 -0.00290123 -0.0039243 0.00208273 -0.000968586 -6.03805e-06 -0.000532055 -0.00568273 0.00325301 0.00393855 0.00543478 -0.00109756 -0.00314921 -0.00576677 -0.00101562 -0.00613095 -0.00358237 -0.00108696 -0.00300341 0.000403727
internal_weight=263982 9386 328 9058 8685 4344 4152 3261 4341 1883 1715 891 753 1378 382 1656 1513 249 996 895 690 205 697 313 384 168 261 1380 586 322
internal_count=263982 9386 328 9058 8685 4344 4152 3261 4341 1883 1715 891 753 1378 382 1656 1513 249 996 895 690 205 697 313 384 168 261 1380 586 322
is_linear=0
shrinkage=0.05


Tree=257
num_leaves=31
num_cat=0
split_feature=28 21 17 24 24 24 17 16 5 5 16 11 13 0 18 24 29 28 13 28 16 28 13 29 7 18 0 18 22 29
split_gain=1.99382 1.90425 2.42491 2.83082 2.70664 2.509 3.40144 1.94441 1.82284 1.71303 1.65824 1.61997 1.59115 1.5131 1.50332 1.44602 3.771 2.18276 2.92546 1.93805 1.83756 1.44141 2.61675 1.43756 1.83082 2.00506 1.75955 1.95082 2.45974 1.54568
threshold=20.500000000000004 38.500000000000007 6.5000000000000009 14.500000000000002 7.5000000000000009 5.5000000000000009 5.5000000000000009 0.04712129531109268 1.4806925856081146 0.38833895030583537 0.095382913138773853 0.15092436187094732 1.0000000180025095e-35 5.142527586041834 5.6117468613232733 24.500000000000004 -1.0308775640211452 29.500000000000004 0.56179848181517833 22.500000000000004 2.4892822719059069 32.500000000000007 2.9853825634157407 -0.097839817786546074 1.1279771646527588 30.791296185257895 5.1227863320152851 7.9283622202937627 25.500000000000004 -0.19811758492869305
decision_type=2 2 2 2 2 2 2 2 2 2 2 2 2 2 2 2 2 2 2 2 2 2 2 2 2 2 2 2 2 2
left_child=-1 9 3 4 5 10 11 -6 -8 14 -3 -7 -12 -14 -2 16 -5 18 -18 -17 -19 -11 23 24 25 26 27 -23 29 -29
right_child=1 2 -4 15 7 6 8 -9 -10 21 12 -13 13 -15 -16 19 17 20 -20 -21 -22 22 -24 -25 -26 -27 -28 28 -30 -31
leaf_value=-1.287492300196365e-05 0.0053652660152509503 0.0022805239749069603 0.00038885387885177015 -0.076181389576463296 -0.010635006972372215 -0.04769021275418861 -0.041390814113802153 0.0019551616788709126 -0.10100707350951965 0.00029671098919030117 -0.01552059383179253 0.0022929915285970054 -0.00062073402263394947 0.0016394703445019307 0.0020732044985783422 0.0020773109224888685 -0.0016212451031269786 -0.00085693642499362524 -0.053482213742416476 -0.00073519058510399925 0.0015654823574200586 0.00099461517030580886 0.0023232539054819758 -0.0018381828400672912 -0.0032342897516164531 0.0035588743907364103 0.00095859257228865123 -0.0025383404694841287 0.00072775784956463304 0.0010286252638170724
leaf_weight=216025 53 92 3098 263 83 102 59 1061 53 37619 99 146 598 98 177 78 413 418 111 962 118 449 132 259 149 269 209 336 165 59
leaf_count=216025 53 92 3098 263 83 102 59 1061 53 37619 99 146 598 98 177 78 413 418 111 962 118 449 132 259 149 269 209 336 165 59
internal_value=4.73745e-05 0.000339843 -0.000371879 -0.00108119 0.000131745 -0.00147955 -0.005 0.00188811 -0.0122321 0.000479989 -5.07322e-05 -0.00173387 -0.000786163 5.74719e-05 0.00478261 -0.00230851 -0.00340514 -0.00207547 -0.00437023 -0.000913461 0.000167911 0.000455028 0.00175382 0.00127968 0.00182763 0.0023571 0.00149425 0.000629337 -0.00133929 -0.00348101
internal_weight=263753 47728 7852 4754 2391 1247 360 1144 112 39876 887 248 795 696 230 2363 1323 1060 524 1040 536 39646 2027 1895 1636 1487 1218 1009 560 395
internal_count=263753 47728 7852 4754 2391 1247 360 1144 112 39876 887 248 795 696 230 2363 1323 1060 524 1040 536 39646 2027 1895 1636 1487 1218 1009 560 395
is_linear=0
shrinkage=0.05


Tree=258
num_leaves=31
num_cat=0
split_feature=29 3 18 14 13 29 18 28 12 5 1 29 23 24 24 23 1 19 23 5 28 16 7 1 13 13 5 1 7 7
split_gain=2.11585 1.93839 2.94385 2.00436 2.13333 1.61824 1.89731 1.47408 1.96901 1.60698 1.47767 1.43857 1.23634 1.69303 3.17678 1.59065 1.51206 2.21295 1.85605 1.70478 1.96827 1.67376 1.57308 1.5085 1.91195 1.88508 1.47495 1.86545 1.42525 1.40479
threshold=-1.9534123769382994 -1.2746328245152851 22.615139966694489 7.1407970139160017 0.85984188221753721 4.1337886697869566 62.107379387004379 29.500000000000004 1.5124841460464775 2.7214228453369067 117.00000000000001 5.2412648361803713 1.0000000180025095e-35 8.5000000000000018 11.500000000000002 5.5000000000000009 157.00000000000003 22.369346767636817 2.5000000000000004 0.85386807938112075 23.500000000000004 0.26698967902762821 0.76790412908075745 249.00000000000003 1.2876091881539071 2.3232727503546937 3.8229127378424761 129.00000000000003 0.57134043822731684 0.6827052067270315
decision_type=2 2 2 2 2 2 2 2 2 2 2 2 2 2 2 2 2 2 2 2 2 2 2 2 2 2 2 2 2 2
left_child=1 2 -1 -4 -5 -2 7 -7 9 11 -11 -9 23 26 15 16 19 18 -18 -15 28 -22 -23 24 29 -26 -14 -28 -21 -3
right_child=5 12 3 4 -6 6 -8 8 -10 10 -12 -13 13 14 -16 -17 17 -19 -20 20 21 22 -24 -25 25 -27 27 -29 -30 -31
leaf_value=0.0022419016397751249 5.5112104699824121e-06 0.00031441519290527613 -0.037238278581375621 0.01700183583556656 -0.02633989113505433 0.00022493625036212528 0.0033148238800920979 0.0031700181616651051 0.0039797774706813874 0.0014914673464927293 -0.0083612330088262132 0.00058766797559695863 0.0023203507556401369 -0.019893810461441092 0.002146134184447391 0.019462110492529536 -0.096342902001197925 -0.0081227810408807718 -0.028241698476140421 0.020073461067994153 -0.0084139219103104412 0.023082604933865349 0.0011968459452316958 0.0062539863382982388 -0.037505984228904436 0.0021454539617891816 -0.044877561246697804 0.003803822789310313 -0.019640855608314512 0.0056243860526135059
leaf_weight=373 246984 308 281 60 60 6194 304 135 88 78 56 234 3387 118 1393 186 51 1562 133 50 75 147 66 129 73 107 81 79 117 523
leaf_count=373 246984 308 281 60 60 6194 304 135 88 78 56 234 3387 118 1393 186 51 1562 133 50 75 147 66 129 73 107 81 79 117 523
internal_value=5.61062e-05 0.000794423 -0.00160207 -0.00457606 0.000833334 2.89096e-05 0.000773735 0.00060059 0.00298646 0.00177932 -0.00291045 0.00348239 0.00101048 0.000775689 5.64398e-05 -0.00100798 -0.00136481 -0.00209622 -0.00728261 0.000863875 0.00225275 0.00475695 0.00701878 0.00254386 0.00189416 -0.00277778 0.00156611 -0.003125 -0.00206587 0.00290614
internal_weight=263432 9359 774 401 120 254073 7089 6785 591 503 134 369 8585 7445 3898 2505 2319 1746 184 573 455 288 213 1140 1011 180 3547 160 167 831
internal_count=263432 9359 774 401 120 254073 7089 6785 591 503 134 369 8585 7445 3898 2505 2319 1746 184 573 455 288 213 1140 1011 180 3547 160 167 831
is_linear=0
shrinkage=0.05


Tree=259
num_leaves=31
num_cat=0
split_feature=27 20 9 1 2 14 5 17 13 13 5 0 24 2 9 0 11 1 23 6 19 22 11 15 8 13 6 2 22 10
split_gain=1.59429 3.30308 2.14079 2.14464 2.16003 2.6135 1.91299 2.22106 1.96844 2.05908 1.74498 2.22061 6.04245 2.11711 2.60354 2.27608 2.7559 1.88336 1.87916 1.87643 1.76588 2.60397 1.93124 1.83397 1.88418 1.8183 1.81645 3.06999 1.82597 1.91607
threshold=1.0000000180025095e-35 0.010396394390677272 0.84916852147817357 225.00000000000003 -0.46074312852063432 1.0412111710742684 0.81346036820780798 6.5000000000000009 0.13681022460305042 1.0336611297045482 0.6519724055629218 5.5125765798679067 2.5000000000000004 0.045986122874501843 0.6720904624590458 5.5888183557842188 0.70837090035382699 109.00000000000001 1.0000000180025095e-35 0.23600299057691776 7.5007353585550582 32.500000000000007 2.6613997082239762 3.5000000000000004 0.69813288901223125 0.081414734119343551 0.50752096852210327 -0.22042816346000874 19.500000000000004 0.25000000000000006
decision_type=2 2 2 2 2 2 2 2 2 2 2 2 2 2 2 2 2 2 2 2 2 2 2 2 2 2 2 2 2 2
left_child=1 -1 3 4 5 -3 -5 8 -8 -10 11 20 -13 14 15 16 -14 18 -12 -20 23 22 -22 26 25 -25 27 -6 29 -29
right_child=-2 2 -4 6 10 -7 7 -9 9 -11 17 12 13 -15 -16 -17 -18 -19 19 -21 21 -23 -24 24 -26 -27 -28 28 -30 -31
leaf_value=0.004134198499124833 7.8523046288582661e-05 -0.0030237967043234546 -0.0056113970132735391 0.00059717112293057963 -0.0099371065481795931 0.0055317251726337306 -0.0052730645572917267 0.013841205476662769 0.00080446318070362768 -0.0079435068330496877 0.0014780261848243497 -0.004635427435225695 -0.0089006707268246693 -0.00078911926598737537 0.0036173694778213398 -0.0024903795998250031 -0.0040766339125389512 0.00047295396406204783 0.0023264827482128588 -0.0022838706039115817 -0.00015644875514246015 0.0027097378345940729 -0.010073066521556581 0.0047144518865491723 -0.0066436652692003469 5.9827754379030568e-06 -0.00062596437283458375 0.00035637555855965852 -0.0034392310368379095 -0.003958458100489619
leaf_weight=713 201610 102 264 13993 51 244 217 68 260 83 351 694 157 9149 86 343 76 9381 261 1914 14390 1371 50 277 92 1895 2327 1093 1416 411
leaf_count=713 201610 102 264 13993 51 244 217 68 260 83 351 694 157 9149 86 343 76 9381 261 1914 14390 1371 50 277 92 1895 2327 1093 1416 411
internal_value=5.76639e-05 -0.000164671 -0.000204208 -0.000184685 -0.000351932 0.00358382 0.000343 -0.00235669 -0.00339286 -0.00103498 -0.000381675 -0.000564673 -0.00116849 -0.000849556 -0.00358006 -0.00479167 -0.00860515 0.000138994 -0.00107284 -0.00162069 -0.000293287 7.27401e-06 -0.000190443 -0.000921713 0.000269435 0.000566299 -0.00143073 -0.00225008 -0.00203767 -0.000824467
internal_weight=263339 61729 61016 60752 46131 346 14621 628 560 343 45785 33878 10505 9811 662 576 233 11907 2526 2175 23373 15811 14440 7562 2264 2172 5298 2971 2920 1504
internal_count=263339 61729 61016 60752 46131 346 14621 628 560 343 45785 33878 10505 9811 662 576 233 11907 2526 2175 23373 15811 14440 7562 2264 2172 5298 2971 2920 1504
is_linear=0
shrinkage=0.05


Tree=260
num_leaves=31
num_cat=0
split_feature=29 27 8 13 23 18 9 5 18 22 8 29 22 29 5 18 17 10 7 0 4 4 7 7 5 2 22 13 6 8
split_gain=2.41799 1.28302 2.17242 2.1844 3.19763 4.29685 2.6857 2.5991 2.02559 1.8716 1.86383 1.74534 3.41189 3.45011 2.35814 2.21412 1.81302 1.71897 1.69119 1.65972 2.68356 1.55347 1.52891 2.54032 1.77485 1.76823 1.51255 2.45564 1.85906 2.11595
threshold=-1.1313414534795427 1.0000000180025095e-35 0.9167573944654922 0.14329938882170642 1.5000000000000002 2.7652120112715428 0.74278328224799639 0.4517033272139131 13.217980032204883 6.5000000000000009 0.62356151327855192 0.31418103884466758 31.500000000000004 0.38128503257769503 0.70605406841163465 4.7399995885753707 3.5000000000000004 0.05000000000000001 0.55285001270483702 5.5276840733306001 0.03022907713270083 0.45325867381061058 0.36829023862607085 0.32697226246320371 0.66249135497708289 0.25859437075940278 12.500000000000002 1.1448061853686926 0.24190509576079486 0.59315617386710551
decision_type=2 2 2 2 2 2 2 2 2 2 2 2 2 2 2 2 2 2 2 2 2 2 2 2 2 2 2 2 2 2
left_child=-1 2 8 4 6 -6 -4 -5 10 -7 11 15 13 14 -13 16 17 -2 -14 -16 -21 -12 23 -9 -25 -24 -19 28 -28 -30
right_child=1 -3 3 7 5 9 -8 22 -10 -11 21 12 18 -15 19 -17 -18 26 -20 20 -22 -23 25 24 -26 -27 27 -29 29 -31
leaf_value=0.0005475197048160303 -0.0035266132319650085 4.1933657535993237e-05 -0.0047631757472550006 -0.0083079439257569814 -0.012103245761506405 -0.010107687684197503 -0.016285038409297063 0.0012512200808201003 0.0034619908423846714 0.0041395922033425269 0.00021079487217178533 -0.0022199766019658429 0.0013596958317586318 -0.00059001532242549076 -0.008570901549524822 -0.0012550171884552991 -0.00037683890261761032 0.0025503306091585907 0.0054001782824043137 -0.0066268040612136011 -0.00034261494576664163 0.011057906076104013 -0.0055574021807474885 -0.0082726472984531417 0.0054837761199113631 0.007635043901076121 -0.0030830466338134434 -0.0042400534903537313 0.0010822387687285451 -0.0038046438700999165
leaf_weight=26060 161 175796 91 73 57 69 82 496 104 293 19740 1839 796 5103 128 5584 16823 3298 81 111 159 253 56 89 51 217 409 287 4970 385
leaf_count=26060 161 175796 91 73 57 69 82 496 104 293 19740 1839 796 5103 128 5584 16823 3298 81 111 159 253 56 89 51 217 409 287 4970 385
internal_value=5.3156e-05 3.00984e-06 -0.000192945 -0.00202668 -0.00442568 -0.00206444 -0.0101445 -0.000580447 -0.000145024 -5.5248e-05 -0.000157084 -0.000353565 -0.00100341 -0.00135559 -0.00299285 -0.000186264 5.50699e-06 0.000557309 0.00194413 -0.00648241 -0.00425926 0.000237334 0.000148515 -0.00119497 -0.00714286 0.00327839 0.000645524 0.000176005 0.000400764 0.000648927
internal_weight=263661 237601 61805 1574 592 419 173 982 60231 362 60127 40134 8217 7340 2237 31917 26333 9510 877 398 270 19993 909 636 140 273 9349 6051 5764 5355
internal_count=263661 237601 61805 1574 592 419 173 982 60231 362 60127 40134 8217 7340 2237 31917 26333 9510 877 398 270 19993 909 636 140 273 9349 6051 5764 5355
is_linear=0
shrinkage=0.05


Tree=261
num_leaves=31
num_cat=0
split_feature=29 11 1 5 19 11 1 14 28 4 0 29 28 23 12 13 13 17 1 14 2 18 22 19 5 2 12 28 28 1
split_gain=3.06542 1.6508 2.42584 2.62002 2.05849 2.00148 1.78019 1.63884 1.44724 1.88462 1.36946 1.37927 1.39794 1.24829 1.60667 1.22 1.36223 1.17608 1.82258 1.50679 1.59274 2.70224 1.47969 1.82445 1.44041 2.57727 2.00599 1.36923 1.24583 1.22938
threshold=-1.1894795493740016 2.037421443776982 277.00000000000006 2.5131780152855359 1.7848420432873564 1.7459891980882418 289.00000000000006 9.8703504475701269 31.500000000000004 -0.16333323227328525 5.6049807601895782 -0.073191992052533711 1.5000000000000002 1.5000000000000002 0.5083015389015042 0.98627143117277771 0.28721775126346516 4.5000000000000009 101.00000000000001 3.6453913440361085 -0.74097464325254292 9.945141015626751 20.500000000000004 46.288837328121666 1.6682128222531192 -1.2290540771446123 0.37472387233459975 26.500000000000004 13.500000000000002 229.00000000000003
decision_type=2 2 2 2 2 2 2 2 2 2 2 2 2 2 2 2 2 2 2 2 2 2 2 2 2 2 2 2 2 2
left_child=-1 5 3 4 -3 -2 -4 -5 10 -10 11 12 -7 14 -13 16 -8 27 -19 20 21 -20 23 -21 25 -23 -27 -14 -25 -22
right_child=1 2 6 7 -6 8 15 -9 9 -11 -12 13 17 -15 -16 -17 -18 18 19 22 29 24 -24 28 -26 26 -28 -29 -30 -31
leaf_value=0.00064175708577300129 -3.7112710285733177e-05 0.0032536832521873949 0.0026261934183281124 0.00063431934579180908 1.1699611931355191e-05 -0.0026741528345697401 0.0002960174955602417 0.0043733455723102633 -0.059269976266177672 -0.00032754712325119058 -0.0037609681435399282 0.00066217288199468902 -9.9454619129446252e-05 0.0013888592772894161 -0.0061778025514994013 0.0026287961287670648 -0.0076308738524023855 0.0023507888033453893 -0.041206761013279553 0.0011307530290155501 -0.0002874480558375421 0.0035003023522325984 0.0014621631853278883 -0.0025284015986571889 -0.027029418900030668 -2.6559224286758871e-05 -0.0066751489981889921 0.0027190726137136636 -0.0012782266262564817 -0.04493795743771152
leaf_weight=23934 220982 115 623 1146 12877 162 265 155 52 52 122 119 671 526 73 81 64 89 72 71 504 70 129 67 53 74 82 61 86 74
leaf_count=23934 220982 115 623 1146 12877 162 265 155 52 52 122 119 671 526 73 81 64 89 72 71 504 70 129 67 53 74 82 61 86 74
internal_value=1.44815e-05 -3.94329e-05 0.000462613 0.000293501 7.92802e-05 -7.37535e-05 0.00280252 0.00243274 -0.00131349 -0.00711538 -0.00111916 -0.000906805 -0.00151214 0.00100279 -0.00244792 0.000243903 -0.00110942 -0.00116738 -0.00203136 -0.0025117 -0.00356835 -0.00622507 0.000269122 -0.0021875 -0.00399642 -0.00225664 -0.00583333 0.00045082 -0.00526144 -0.00195502
internal_weight=263451 239517 15326 14293 12992 224191 1033 1301 3209 104 3105 2983 2265 718 192 410 329 2103 1371 1282 929 351 353 224 279 226 156 732 153 578
internal_count=263451 239517 15326 14293 12992 224191 1033 1301 3209 104 3105 2983 2265 718 192 410 329 2103 1371 1282 929 351 353 224 279 226 156 732 153 578
is_linear=0
shrinkage=0.05


Tree=262
num_leaves=31
num_cat=0
split_feature=28 6 29 6 17 24 18 0 4 0 24 19 0 0 1 9 5 5 22 2 11 24 5 0 28 28 28 29 13 13
split_gain=2.60335 1.50501 2.21765 3.24562 2.55641 1.99327 3.80843 1.95497 1.89211 1.78035 2.86043 1.74616 1.68115 2.26007 2.28024 2.12476 1.93576 2.59221 1.90135 3.69023 2.42654 2.759 1.77341 1.7645 1.66072 1.56272 1.49491 1.59246 1.83299 1.90411
threshold=25.500000000000004 0.20311600295204271 -0.1447414298498155 0.17068661504435592 6.5000000000000009 28.500000000000004 8.1147251526691715 5.6757271873972215 0.28723500240346106 4.8212977052136194 5.5000000000000009 0.049968641138821344 4.6568054714595153 4.9244151253434794 277.00000000000006 0.54450628905686771 1.1046237000762391 0.67389051312371828 11.500000000000002 -0.062355175325703102 0.079620346218316929 26.500000000000004 1.5173301227720761 5.6561429606821259 19.500000000000004 7.5000000000000009 24.500000000000004 0.38128503257769503 0.11531745297400052 0.16014301357048588
decision_type=2 2 2 2 2 2 2 2 2 2 2 2 2 2 2 2 2 2 2 2 2 2 2 2 2 2 2 2 2 2
left_child=1 2 12 4 5 7 -7 11 -6 10 -5 -4 18 15 23 16 17 -14 19 -1 21 -20 -23 -15 -21 -8 27 28 -13 -30
right_child=-2 -3 3 9 8 6 25 -9 -10 -11 -12 26 13 14 -16 -17 -18 -19 20 24 -22 22 -24 -25 -26 -27 -28 -29 29 -31
leaf_value=0.001044953657619047 0.00027910885339671644 -5.2624930640903306e-05 -0.00078733585885318042 0.00098936866650444042 0.00024699410779802555 -0.0025364546063463226 0.0010769769748348067 0.0048393064326406957 0.0078576813727932165 0.0014502274011846384 -0.018242670208631139 -4.7260376961729523e-05 0.001714430140325201 0.00060677343582166469 -0.012935706649837304 -0.013982678255962923 0.00024065455212283809 -0.00155081311215372 -0.0032858067337934158 0.0027160261326821186 0.0024307187996278888 0.0045375089410479843 -0.0023685050968153551 -0.0042419359267604571 0.004185359575424377 -0.00018234097347742532 -0.03347230136330067 0.00051510376261822447 -0.0022499950293149561 -0.00032478663666202771
leaf_weight=556 26279 203581 244 86 1317 1184 151 79 313 4551 176 4352 279 6784 54 82 3902 1498 463 196 426 78 53 95 60 201 122 3868 1412 1534
leaf_count=556 26279 203581 244 86 1317 1184 151 79 313 4551 176 4352 279 6784 54 82 3902 1498 463 196 426 78 53 95 60 201 122 3868 1412 1534
internal_value=3.32991e-05 -1.891e-05 0.000288428 -5.87028e-05 -0.000425999 -0.000657564 -0.00235026 -0.00043364 0.00144172 0.00106898 -0.00293893 -0.000487339 0.000756575 0.00055223 0.00116039 -0.000179656 -6.42713e-05 -0.00143219 0.00217249 0.00397783 0.000735295 -0.00132997 0.00507634 0.00124073 0.00894531 0.00221591 -0.000396881 -0.000336736 -0.000771444 -0.00173455
internal_weight=263976 237697 34116 19590 14777 13147 1536 11611 1630 4813 262 11532 14526 12694 6933 5761 5679 1777 1832 812 1020 594 131 6879 256 352 11288 11166 7298 2946
internal_count=263976 237697 34116 19590 14777 13147 1536 11611 1630 4813 262 11532 14526 12694 6933 5761 5679 1777 1832 812 1020 594 131 6879 256 352 11288 11166 7298 2946
is_linear=0
shrinkage=0.05


Tree=263
num_leaves=31
num_cat=0
split_feature=11 26 8 1 19 4 4 28 6 16 12 22 11 22 6 19 19 1 6 28 18 8 1 29 18 20 18 22 28 19
split_gain=1.86435 1.9581 2.06623 2.31083 1.86499 3.06693 2.52938 1.92354 1.59706 1.54255 1.50365 1.46531 1.43016 2.51206 3.21568 2.35014 2.4899 2.56145 3.67809 4.89504 2.42487 2.15603 2.0857 2.07916 2.07038 1.95019 1.87323 1.85661 4.51131 3.77447
threshold=0.75742808558791541 1.0000000180025095e-35 0.9167573944654922 137.00000000000003 18.785630341768513 0.0045634986956220045 0.016392840702711516 4.5000000000000009 0.35355655779317424 1.316230349320306 0.43366121083985909 13.500000000000002 0.12289746108861653 24.500000000000004 0.063193627739669814 7.4303666142760587 34.924612040485123 117.00000000000001 0.54707483155244097 8.5000000000000018 5.9619805275680928 2.9280738751627431 253.00000000000003 -3.6915046855524722 6.7157789798930274 0.71005125860713447 14.651114474945253 5.5000000000000009 9.5000000000000018 50.812282665323643
decision_type=2 2 2 2 2 2 2 2 2 2 2 2 2 2 2 2 2 2 2 2 2 2 2 2 2 2 2 2 2 2
left_child=12 -2 3 4 5 9 -7 -6 -8 10 -3 -9 21 15 -15 22 17 18 -17 25 -19 27 -14 -22 -18 -20 -21 28 -1 -30
right_child=1 2 -4 -5 7 6 8 11 -10 -11 -12 -13 13 14 -16 16 24 20 19 26 23 -23 -24 -25 -26 -27 -28 -29 29 -31
leaf_value=5.7028250118689178e-06 0.00025190550931086212 0.0038328986125916557 -0.01019913578428874 -0.0035847079890668765 0.0066822942260005421 -0.010565528216964007 0.0037004814040200694 0.0034500098130606214 -0.0049247521004886436 -0.00084030835652541586 0.0090970161660813981 -0.00058276725483701519 6.1228633289601929e-05 0.003607871855516598 0.00013514478641068288 -0.0007185724524373634 0.0010912846329501353 -0.00027235292980420391 -0.0042417563493254264 -0.00010615653595166177 0.01275446505165099 -0.0025736811080129172 0.0018521476825949614 -0.00098875808812109544 -6.5567199617468691e-05 -0.004912092371734348 0.0033578843010917646 2.888862866794285e-05 0.0012536638970239659 0.00046878454665431755
leaf_weight=8619 49219 99 111 2378 97 64 50 303 214 91 59 328 12134 116 36437 5828 524 33416 1378 374 84 272 2051 8915 36869 98 89 58673 2160 2569
leaf_count=8619 49219 99 111 2378 97 64 50 303 214 91 59 328 12134 116 36437 5828 524 33416 1378 374 84 272 2051 8915 36869 98 89 58673 2160 2569
internal_value=2.82042e-05 0.000293231 -0.000801265 -0.000598696 0.00109195 -0.0010312 -0.00420732 0.00277473 -0.00204545 0.00315261 0.00613924 0.00176704 -3.85073e-05 -0.000132706 0.000222828 -0.000260416 -0.000357122 -0.000587262 -0.00142204 -0.00330841 -0.000434398 0.000141716 0.000336624 -0.00116291 -4.82705e-05 -0.00471545 0.00117711 0.000158496 0.000690741 0.0019317
internal_weight=263619 53013 3794 3683 1305 577 328 728 264 249 158 631 210606 138313 36553 101760 87575 50182 7767 1939 42415 72293 14185 8999 37393 1476 463 72021 13348 4729
internal_count=263619 53013 3794 3683 1305 577 328 728 264 249 158 631 210606 138313 36553 101760 87575 50182 7767 1939 42415 72293 14185 8999 37393 1476 463 72021 13348 4729
is_linear=0
shrinkage=0.05


Tree=264
num_leaves=31
num_cat=0
split_feature=29 20 4 29 5 6 22 15 7 4 18 24 1 3 7 24 0 29 3 18 24 27 4 5 0 0 0 16 24 1
split_gain=1.85582 1.43724 2.81412 2.18716 2.92194 2.51919 2.46742 2.67495 2.3436 2.59659 2.33863 2.60986 2.39312 2.31709 2.22922 2.19487 2.96659 2.42421 2.52507 2.51977 2.40356 2.53675 2.10817 2.08208 2.06575 1.97342 2.0203 1.93933 3.00481 2.17239
threshold=-0.98629016210140319 1.2782096704950086 -0.56778403148787893 -0.89127533738544151 1.1674336495483042 0.72842761338431539 6.5000000000000009 12.500000000000002 0.58042724203280049 -0.087824573254756635 25.51950395513769 1.5000000000000002 245.00000000000003 -0.63447569365177559 1.0969616361947072 14.500000000000002 4.7720400331370492 -0.66068530402962788 -0.46505688311233762 54.342627197387607 9.5000000000000018 1.5000000000000002 -0.47394046729271372 0.68180530810032758 4.8638827521613406 4.8298264345200224 4.5790689627974688 2.2231599324334388 3.5000000000000004 185.00000000000003
decision_type=2 2 2 2 2 2 2 2 2 2 2 2 2 2 2 2 2 2 2 2 2 2 2 2 2 2 2 2 2 2
left_child=-1 -2 -3 4 6 8 13 23 15 10 11 24 -12 -4 -7 20 -17 18 -18 22 21 -5 -19 -8 -10 26 -22 29 -29 -23
right_child=1 2 3 5 -6 14 7 -9 9 -11 12 -13 -14 -15 -16 16 17 19 -20 -21 25 27 -24 -25 -26 -27 -28 28 -30 -31
leaf_value=0.00039449909164931599 2.2531913922314094e-05 0.0012416106944202474 -0.020161142481225219 -0.0060641019476746667 0.00076920658824678107 0.00026115540142515852 0.00067013017051960984 -0.053467177879170193 -0.00067823048610335705 -0.018287853146742368 0.00039940088114300026 -0.00057972579733219941 -0.033767685610010617 0.0025159116607806412 -0.0028163740863087288 0.0017379847808094116 -0.00051143997648113362 0.0017688804141690923 -0.0033821902036411805 0.0037798359002356127 0.002396273500738089 0.00092452164894968227 -0.00044826897248899405 -0.0087253935726038356 -0.025625037623626862 0.0028872175282367994 -0.016065638072444606 -0.061092861900553214 0.00040570043910211155 -0.0020017586637710726
leaf_weight=32405 206257 420 51 65 429 7605 92 83 160 129 2013 6752 80 72 282 648 262 197 247 52 75 1138 2757 344 165 717 69 50 80 304
leaf_count=32405 206257 420 51 65 429 7605 92 83 160 129 2013 6752 80 72 282 648 262 197 247 52 75 1138 2757 344 165 717 69 50 80 304
internal_value=3.6743e-05 -1.28451e-05 -0.000368221 -0.000436632 -0.00264706 -0.000337358 -0.00478193 -0.00629094 -0.000698621 -0.00121142 -0.00111232 -0.00154656 0.000355949 0.00158537 0.000393686 1.72653e-05 -0.000685803 -0.00125889 -0.0044499 -0.000718562 0.00118895 6.41423e-05 -0.000910629 -0.00472477 -0.00592308 0.00332753 -0.00201389 0.000464377 -0.00538461 0.000991679
internal_weight=264000 231595 25338 24918 1071 23847 642 519 15960 9299 9170 7077 2093 123 7887 6661 4163 3515 509 3006 2498 1637 2954 436 325 861 144 1572 130 1442
internal_count=264000 231595 25338 24918 1071 23847 642 519 15960 9299 9170 7077 2093 123 7887 6661 4163 3515 509 3006 2498 1637 2954 436 325 861 144 1572 130 1442
is_linear=0
shrinkage=0.05


Tree=265
num_leaves=31
num_cat=0
split_feature=29 14 16 24 27 23 26 6 1 7 27 27 18 2 6 7 13 12 1 18 28 3 14 13 16 12 22 1 13 24
split_gain=1.93171 2.06474 2.31737 2.00917 3.284 1.66804 3.65471 2.46734 1.70083 2.24242 2.06188 2.12506 1.98238 1.90043 2.41689 2.59165 2.24451 3.07796 2.0929 1.874 1.80262 1.77703 1.95066 1.83745 1.74881 2.47819 1.70556 1.5427 1.7781 1.68081
threshold=-1.6214020128300053 13.651224984796185 6.3318920565616708 30.500000000000004 22.500000000000004 1.0000000180025095e-35 1.0000000180025095e-35 1.3722081430078681 233.00000000000003 1.1390534229730604 31.500000000000004 15.500000000000002 38.534589766573134 -0.20141561785721637 0.4374867385874644 0.608289637334536 0.31425023573518612 0.1599480920448724 185.00000000000003 50.504317098060362 31.500000000000004 -1.1608654100088913 1.7835432152769617 0.52378505918432794 4.2645411521075323 0.32150986679872789 14.500000000000002 185.00000000000003 0.060731357493461202 15.500000000000002
decision_type=2 2 2 2 2 2 2 2 2 2 2 2 2 2 2 2 2 2 2 2 2 2 2 2 2 2 2 2 2 2
left_child=1 3 -3 5 -5 6 7 -1 10 20 11 19 24 14 15 -13 17 -17 -19 21 -10 22 26 -24 25 -11 -7 28 -16 -29
right_child=-2 2 -4 4 -6 8 -8 -9 9 12 -12 13 -14 -15 27 16 -18 18 -20 -21 -22 -23 23 -25 -26 -27 -28 29 -30 -31
leaf_value=0.0015593240842973735 4.4571794214579015e-05 0.0095109214586746715 -0.10102691813077538 -6.0245392559486662e-06 0.0065055281977050589 -0.00061865785324602548 -0.054048746797395644 0.0064907637033318746 -0.0027117344863187742 0.0041456195805867129 0.0037638166349255905 0.00016264907573387648 0.0059951507922429322 0.0046786190857060119 0.0035131304304479708 -0.091909466942554974 -0.10737335072826713 -0.061577736728880172 0.0045945124228143237 0.0068607110041663437 0.0056117125464421229 0.0027061644654054534 -0.01018298709184539 0.0071702849552969976 0.0059920833510253508 -0.011817154815332461 -0.062458184849378331 0.0031766952233841551 -0.0078898078027363379 -0.0024935859127178336
leaf_weight=1353 250428 53 64 105 90 73 68 323 1841 224 670 247 179 462 120 69 115 68 84 386 100 4226 274 243 96 141 106 770 907 189
leaf_count=1353 250428 53 64 105 90 73 68 323 1841 224 670 247 179 462 120 69 115 68 84 386 100 4226 274 243 96 141 106 770 907 189
internal_value=9.41409e-05 0.000673458 -0.00594017 0.000730653 0.00576923 0.000656968 0.00209862 0.00255967 0.000440035 -0.000691592 0.000764236 0.000549827 0.001875 -0.000506433 -0.00103737 -0.00386792 -0.00672619 -0.00377828 0.000197369 0.00115298 -0.00153787 0.000889883 -0.00145115 0.000106384 0.000140998 -0.00143836 -0.00594972 -0.000206445 -0.00155307 0.00123566
internal_weight=264074 13646 117 13529 195 13334 1744 1676 11590 2581 9009 8339 640 3031 2569 583 336 221 152 5308 1941 4922 696 517 461 365 179 1986 1027 959
internal_count=264074 13646 117 13529 195 13334 1744 1676 11590 2581 9009 8339 640 3031 2569 583 336 221 152 5308 1941 4922 696 517 461 365 179 1986 1027 959
is_linear=0
shrinkage=0.05


Tree=266
num_leaves=31
num_cat=0
split_feature=29 18 27 28 28 28 2 17 7 15 7 12 2 7 18 5 7 5 28 11 27 18 11 24 24 13 0 5 27 11
split_gain=1.3025 2.67605 3.00881 1.68937 1.70701 1.62972 2.18244 1.83133 1.98024 1.53959 1.51389 1.48269 1.79811 1.45374 1.42178 2.00587 1.53154 2.19149 3.06535 1.9198 1.77435 1.38453 1.31835 1.70814 1.95147 1.2672 1.44078 1.26176 1.26136 1.84727
threshold=-1.9534123769382994 41.280443992448596 8.5000000000000018 5.5000000000000009 4.5000000000000009 28.500000000000004 -0.02910994880725061 3.5000000000000004 0.66694719060816354 19.500000000000004 0.48062161047914059 0.69613476296221832 -0.98692599773654699 1.0222358373474203 30.205303573953547 2.5131780152855359 1.2414021745193951 1.3335774555389164 1.5000000000000002 0.32953388629828495 28.500000000000004 6.3629099779192284 0.07546448594314191 10.500000000000002 8.5000000000000018 0.34203655523566939 4.6344336593550848 2.1341822330214413 5.5000000000000009 2.9554244374167769
decision_type=2 2 2 2 2 2 2 2 2 2 2 2 2 2 2 2 2 2 2 2 2 2 2 2 2 2 2 2 2 2
left_child=1 5 11 4 -4 7 10 8 -1 -5 -7 25 -13 27 28 16 17 18 -16 -19 -20 -8 -15 24 -24 -3 -27 -12 -9 -30
right_child=-2 2 3 9 -6 6 21 14 -10 -11 13 12 -14 22 15 -17 -18 19 20 -21 -22 -23 23 -25 -26 26 -28 -29 29 -31
leaf_value=0.0055045604091906279 2.6729778394342344e-05 -0.003865109866045198 0.0043931653347477461 0.0048861800687196302 -0.09465992689363012 -0.0029182946988948453 0.0035248958365751005 0.0059776875146011982 -0.02854259050290316 -0.0029249897369352214 0.0059976881327330677 -0.0033831111594960859 -0.10244612012815993 0.016178265077444007 -0.074070544819110753 -0.096942707153686469 -0.031400596815282358 -0.0010882376001377825 -0.0047340383180043844 0.0054597681549522162 0.0064833379466392371 -0.019268019970021838 0.0045034035709114392 0.0055732807945296928 -0.015684489732040906 -0.014004813092233177 0.010255915550906207 -0.0055207951695934064 -0.00043308805310528795 0.0055293042107289209
leaf_weight=151 254585 228 217 806 59 121 56 1229 343 59 638 134 54 53 61 76 104 147 376 216 58 55 67 109 80 55 120 82 3259 284
leaf_count=151 254585 228 217 806 59 121 56 1229 343 59 638 134 54 53 61 76 104 147 376 216 58 55 67 109 80 55 120 82 3259 284
internal_value=5.92316e-05 0.00064053 0.0024134 0.00391323 0.000507247 0.000234634 0.0018755 -9.35908e-05 -0.00301619 0.005 0.00252174 -0.000482233 -0.00414894 0.00314383 0.000154906 -0.00152216 -0.000904365 -0.00020979 -0.00237374 0.00274105 -0.000898617 -0.00481982 0.000275082 -0.00121094 -0.00472789 0.00122829 0.00442857 0.004375 0.000519699 4.09264e-05
internal_weight=263882 9297 1732 1141 276 7565 1261 6304 494 865 1150 591 188 1029 5810 1038 962 858 495 363 434 111 309 256 147 403 175 720 4772 3543
internal_count=263882 9297 1732 1141 276 7565 1261 6304 494 865 1150 591 188 1029 5810 1038 962 858 495 363 434 111 309 256 147 403 175 720 4772 3543
is_linear=0
shrinkage=0.05


Tree=267
num_leaves=31
num_cat=0
split_feature=24 21 12 2 15 7 16 5 16 12 28 0 20 28 24 28 27 4 19 23 5 5 19 4 22 14 28 0 12 24
split_gain=1.61838 2.74851 2.39767 2.9255 2.50947 2.30556 2.86596 3.6071 2.34893 2.1631 2.13728 2.07649 3.09386 2.4695 1.96628 3.67818 3.52798 5.5468 2.9055 2.54373 2.06053 2.51733 1.92675 2.31559 2.95587 2.2803 2.09185 2.27911 1.91787 1.91353
threshold=14.500000000000002 29.500000000000004 0.24762440350326073 -0.0038155840165167878 29.500000000000004 1.0589556470193893 4.1220256421759673 1.7707645836738664 3.9842787390226757 3.5813617883888722 51.500000000000007 5.142527586041834 0.13223927504471258 2.5000000000000004 8.5000000000000018 24.500000000000004 11.500000000000002 -0.46302056092131688 41.617910341718854 3.5000000000000004 3.1888770413588818 2.7214228453369067 0.38025422428337641 -0.21650765130726377 24.500000000000004 3.124074649862032 2.5000000000000004 5.1162374101960539 0.20102715566912349 10.500000000000002
decision_type=2 2 2 2 2 2 2 2 2 2 2 2 2 2 2 2 2 2 2 2 2 2 2 2 2 2 2 2 2 2
left_child=1 5 3 11 -5 8 7 -7 14 -8 29 22 13 -13 15 -1 17 -16 -17 20 21 -19 25 28 26 -3 27 -25 -24 -4
right_child=-2 2 10 4 -6 6 9 -9 -10 -11 -12 12 -14 -15 16 18 -18 19 -20 -21 -22 -23 23 24 -26 -27 -28 -29 -30 -31
leaf_value=-0.00025018469179680585 -3.6435359095915078e-05 0.00091738690611196678 0.00050215091670397513 -0.0012419032734927416 0.0067767010090658344 -0.0067976333449330482 0.0036569050671413049 -0.00075654766741677375 -0.007048457828963091 -0.0064712217632536999 -0.01005968392699136 0.003569965417713046 0.0016606962089244311 -0.0012259378365178956 -0.0095760603166116856 0.002718090946217121 0.0028532661177926191 0.0010854139185552238 0.00044738730552556767 -0.00020956707634703096 0.0068553675724263869 -0.020944699437852939 0.0006492580047358712 -0.0057569298625791418 0.00061180657159271479 0.0051671704266308682 -0.00062486097476037602 0.0021526501658035864 -0.0010857571089888426 0.002151253027709616
leaf_weight=33749 153327 1124 14560 1614 55 676 467 1394 756 153 62 55 1001 624 1556 677 1175 13128 954 10085 182 86 10317 728 2142 93 4555 63 2182 6352
leaf_count=33749 153327 1124 14560 1614 55 676 467 1394 756 153 62 55 1001 624 1556 677 1175 13128 954 10085 182 86 10317 728 2142 93 4555 63 2182 6352
internal_value=4.61558e-05 0.000191969 0.00048993 0.000154564 -0.00186639 -1.66051e-05 -0.00144981 -0.00234299 4.52306e-05 0.00153226 0.000882522 0.000301958 0.00199405 -0.000611192 7.92317e-05 -0.000163934 0.000407448 0.000281784 0.00215512 0.000473362 0.000924904 0.000852127 0.000167893 5.02833e-05 -0.000645031 0.00209943 -0.00127385 -0.00364728 0.000466838 0.000910004
internal_weight=263892 110565 45527 24553 1669 65038 2690 2070 62348 620 20974 22884 1680 679 61592 35380 26212 25037 1631 23481 13396 13214 21204 19987 7488 1217 5346 791 12499 20912
internal_count=263892 110565 45527 24553 1669 65038 2690 2070 62348 620 20974 22884 1680 679 61592 35380 26212 25037 1631 23481 13396 13214 21204 19987 7488 1217 5346 791 12499 20912
is_linear=0
shrinkage=0.05


Tree=268
num_leaves=31
num_cat=0
split_feature=8 11 8 16 13 4 28 1 5 19 7 18 6 15 7 7 16 28 27 17 25 16 23 20 22 5 4 5 17 9
split_gain=1.8074 2.15546 1.90184 2.1082 2.04332 2.47868 1.98359 2.449 1.81299 2.00141 2.3654 2.10945 1.79456 1.7844 2.0362 2.02222 1.7088 1.68965 1.90205 2.18362 1.93585 1.81665 1.66214 3.75776 2.29376 2.27238 2.4848 2.55999 2.2285 1.83338
threshold=1.0442462284866445 0.093350665611367803 0.8245408183333619 0.32784009668238173 0.099686049338349639 0.37474214730975536 1.0000000180025095e-35 177.00000000000003 2.6590401044876883 8.26365763342916 0.47562521100911209 44.858287520818259 0.17537149998584003 16.500000000000004 0.22725211428327399 0.30316584944301411 2.2231599324334388 25.500000000000004 9.5000000000000018 6.5000000000000009 1.0000000180025095e-35 0.032839772986434708 4.5000000000000009 0.17325739584796582 17.500000000000004 0.53932334134770243 0.39702902392000655 0.47474618769514049 3.5000000000000004 0.65234462982395025
decision_type=2 2 2 2 2 2 2 2 2 2 2 2 2 2 2 2 2 2 2 2 2 2 2 2 2 2 2 2 2 2
left_child=2 -2 4 -4 -1 6 7 -6 9 10 -9 12 -11 22 -15 -16 -5 -8 20 21 -19 -20 -7 25 -25 26 27 -24 -27 -29
right_child=1 -3 3 16 5 13 17 8 -10 11 -12 -13 -14 14 15 -17 -18 18 19 -21 -22 -23 23 24 -26 28 -28 29 -30 -31
leaf_value=0.00019191044224901757 -0.00066409903982330516 0.00082696890185595675 -0.0019791056025098993 -0.00043951935569014881 -0.00016171543588159687 0.0032466452040246594 -7.1895106387984389e-05 0.0080527104862940097 0.0026410618077075568 -0.0065570320879900102 0.00065094381897507847 0.0055237270322935489 0.0004914575437242935 0.0037647571987754411 -0.0072072207336472396 0.0088473474246127427 0.011130998441166785 0.00061572460531647923 0.0023124474217879882 0.0003331799308550428 -0.00022609031590421484 -0.0021399384838531772 -0.0058883577284418315 -0.0066596170990582057 -0.00078813160455806644 -0.0056011994286561898 0.0076559193933229373 -0.0035092880273228134 -0.00055239987947132689 0.0070170584454428454
leaf_weight=57041 843 3038 2325 5859 2643 5935 161981 364 84 94 386 193 2166 108 133 54 90 13305 99 1070 2563 1339 128 76 65 74 506 61 1292 140
leaf_count=57041 843 3038 2325 5859 2643 5935 161981 364 84 94 386 193 2166 108 133 54 90 13305 99 1070 2563 1339 128 76 65 74 506 61 1292 140
internal_value=9.23109e-05 0.00116336 7.63341e-05 -0.000669567 0.000100834 2.3787e-05 -1.44663e-05 0.000885329 0.00179647 0.00160631 0.00386667 0.000915206 0.000486726 0.00085511 -0.0029661 -0.00612299 -0.000170616 -4.40509e-05 0.000410318 -0.000869218 0.000612554 -0.00214186 0.000991302 -0.000136635 -0.00804964 0.000370287 0.00242515 -0.000957446 -0.000885797 0.00256219
internal_weight=264055 3881 260174 8274 251900 194859 186287 5930 3287 3203 750 2453 2260 8572 295 187 5949 180357 18376 2508 15868 1438 8277 2342 141 2201 835 329 1366 201
internal_count=264055 3881 260174 8274 251900 194859 186287 5930 3287 3203 750 2453 2260 8572 295 187 5949 180357 18376 2508 15868 1438 8277 2342 141 2201 835 329 1366 201
is_linear=0
shrinkage=0.05


Tree=269
num_leaves=31
num_cat=0
split_feature=29 9 9 28 5 23 11 19 4 18 19 19 9 10 2 9 2 29 0 14 19 18 14 4 8 29 9 3 0 2
split_gain=1.79439 1.6329 1.83182 1.62938 2.20384 4.13841 3.08022 2.10179 2.43375 2.05828 2.49408 2.37684 2.11835 2.03455 2.00005 2.05012 2.88288 1.9187 1.72764 1.64302 1.57852 1.52518 1.48335 1.45145 2.27648 1.68736 1.49566 1.42296 1.46025 1.40421
threshold=-1.1313414534795427 1.0021672713445475 0.84916852147817357 1.0000000180025095e-35 1.630474832658535 3.5000000000000004 0.088008169148439314 10.273425107225476 0.0088804802825922322 4.3149702784170527 20.366030643885122 10.539253042296627 0.60940197188972023 0.15000000000000002 0.48884615460099545 0.74630642109515921 0.16937077112326926 -0.059558314686299144 4.7607705584681321 1.077507078347743 15.998819282565686 6.0588301190220601 6.5393900661949003 0.45325867381061058 0.84494832504285988 0.42178143763902448 0.77680467171974166 0.034842836198130396 5.5341598236142326 0.33303883005650287
decision_type=2 2 2 2 2 2 2 2 2 2 2 2 2 2 2 2 2 2 2 2 2 2 2 2 2 2 2 2 2 2
left_child=1 2 -1 4 6 17 27 8 -8 10 11 -9 -12 14 15 16 19 18 -6 -13 -7 -20 -11 -5 -25 -26 -27 28 -2 -10
right_child=3 -3 -4 23 5 20 7 9 29 22 12 13 -14 -15 -16 -17 -18 -19 21 -21 -22 -23 -24 24 25 26 -28 -29 -30 -31
leaf_value=0.00049708885741189888 0.00068751417987483656 0.0027547205024902248 -0.033363384678346528 -2.7612348007133916e-05 -0.00079311022633306359 -0.0024851489231296556 -0.0017275538959514701 -0.0099716441078856292 0.0049013654107919217 0.00021215307391338258 -0.017948947162495798 -0.0085261591821744302 -0.0011198738992664111 0.0011720947301918283 -0.012443699368731142 -0.0069938622031408409 0.0053064909687317282 0.0045649220909362263 -0.00013740481994747988 0.0013612511202922934 0.00028817414282718669 0.0018951748194751443 -0.0036791194824399229 0.0070772922632211521 0.0022722029617223919 -0.00015239306290991915 -0.012153902892327583 0.0076491841893324974 -0.0032426383020840153 -0.0032161773945790992
leaf_weight=25999 536 120 87 229125 147 90 448 63 1103 2301 68 92 51 403 140 67 289 164 71 65 391 238 70 592 255 78 73 618 52 132
leaf_count=25999 536 120 87 229125 147 90 448 63 1103 2301 68 92 51 403 140 67 289 164 71 65 391 238 70 592 255 78 73 618 52 132
internal_value=3.81549e-05 0.000430818 0.000404049 -5.13145e-06 0.000715226 0.00278383 0.000364728 -0.00015495 0.00130422 -0.000835411 -0.00248788 -0.00175603 -0.00936975 -0.00119318 -0.0029173 -0.00147173 -0.000246636 0.00548387 0.00381579 -0.00570064 -0.000696465 0.00593851 2.74152e-05 -2.89187e-05 0.00187375 -0.00100985 -0.00519867 0.00264511 0.000884354 0.00244939
internal_weight=263928 26206 26086 237722 7599 1101 6498 5292 1683 3609 1238 1119 119 1056 653 513 446 620 456 157 481 309 2371 230123 998 406 151 1206 588 1235
internal_count=263928 26206 26086 237722 7599 1101 6498 5292 1683 3609 1238 1119 119 1056 653 513 446 620 456 157 481 309 2371 230123 998 406 151 1206 588 1235
is_linear=0
shrinkage=0.05


Tree=270
num_leaves=31
num_cat=0
split_feature=28 0 24 1 15 4 7 17 2 5 3 19 21 18 27 16 14 23 4 27 22 22 18 23 0 13 3 24 21 21
split_gain=1.61924 2.06458 3.36918 1.85134 2.3042 2.315 1.92423 2.26747 2.73696 1.81038 1.80738 1.79154 1.76477 1.69545 2.17636 2.41455 2.26465 1.90485 1.89331 1.6994 1.69362 2.27279 1.58289 2.36196 2.23515 1.72243 1.60975 1.5644 1.69947 3.33397
threshold=25.500000000000004 4.7451475581756286 18.500000000000004 173.00000000000003 10.500000000000002 -0.13945880782204739 0.79596445721630371 4.5000000000000009 -0.29725720609185419 1.2612351914490232 0.30870022075787201 31.550804026682815 37.500000000000007 18.392463309173653 9.5000000000000018 0.67290244773508401 2.5073889335941262 1.5000000000000002 -0.44580638313263604 11.500000000000002 32.500000000000007 31.500000000000004 23.988904727922019 1.0000000180025095e-35 4.9097895749028941 1.5803072038326962 -0.50687289927025303 4.5000000000000009 31.500000000000004 33.500000000000007
decision_type=2 2 2 2 2 2 2 2 2 2 2 2 2 2 2 2 2 2 2 2 2 2 2 2 2 2 2 2 2 2
left_child=-1 -2 3 6 5 -5 13 -8 9 -9 -4 12 -6 14 18 -16 17 -17 -3 -18 21 22 25 -24 26 -15 -25 -11 -29 -30
right_child=1 2 10 4 11 -7 7 8 -10 27 -12 -13 -14 20 15 16 19 -19 -20 -21 -22 -23 23 24 -26 -27 -28 28 29 -31
leaf_value=-7.7593995178568835e-06 0.00094635141005804742 0.0028886641519379787 -0.00025589766986583868 0.0011997813944821638 -0.023966765882567714 0.0025282939465859507 0.001522894203642259 0.0061548540254335289 -0.062457854814101467 0.0020877771078858434 -0.002594205318364403 0.00061842743865281118 -0.0007209920821671193 -0.008862813689087385 -0.037577301053659931 -0.033850411315907436 -0.053424478462233083 0.0024843101455390123 0.00050487671470375508 0.00065354224490758196 0.0019966465533320008 -0.045745911147425843 -0.049809977029609986 0.0035385553890588811 0.0028041938314024174 0.0026698182079292615 -0.039235147348895189 -0.0055796905381566312 -0.054432467879820312 -0.0024826356404086185
leaf_weight=237684 10566 517 4590 2692 71 223 387 60 105 63 292 310 111 500 254 77 59 217 3880 71 204 63 62 111 225 66 78 183 86 116
leaf_count=237684 10566 517 4590 2692 71 223 387 60 105 63 292 310 111 500 254 77 59 217 3880 71 204 63 62 111 225 66 78 183 86 116
internal_value=3.25669e-05 0.000405313 4.11542e-05 0.000534242 0.00149839 0.00203259 8.9383e-05 -0.00195 -0.00384176 -0.00232283 -0.00104875 -0.00166667 -0.0056044 0.000408835 0.000822661 -0.00181416 0.000495284 0.00292517 0.00122925 -0.005 -0.00119557 -0.00196833 -0.00141075 0.000714286 0.0020773 -0.00319788 -0.00193122 -0.00341518 -0.00461039 -0.00777228
internal_weight=263923 26239 15673 10791 3407 2915 7384 1000 613 508 4882 492 182 6384 5075 678 424 294 4397 130 1309 1105 1042 476 414 566 189 448 385 202
internal_count=263923 26239 15673 10791 3407 2915 7384 1000 613 508 4882 492 182 6384 5075 678 424 294 4397 130 1309 1105 1042 476 414 566 189 448 385 202
is_linear=0
shrinkage=0.05


Tree=271
num_leaves=31
num_cat=0
split_feature=5 18 17 1 16 24 24 28 5 23 27 24 13 24 24 28 5 20 20 1 14 20 5 24 13 8 6 11 15 19
split_gain=1.79386 2.40597 1.9962 3.23152 2.60013 2.51491 1.87452 3.96879 2.76075 2.59331 2.77236 2.67634 2.65612 2.32673 2.1428 2.1643 2.53419 2.11787 2.57559 2.93314 2.6282 2.25179 3.0166 2.52968 2.1589 2.09259 2.07636 3.0842 2.21848 2.188
threshold=0.86194306491237482 4.9207779672608334 8.5000000000000018 145.00000000000003 1.1500215844305626 28.500000000000004 14.500000000000002 2.5000000000000004 0.50556665514772647 2.5000000000000004 32.500000000000007 16.500000000000004 0.22496356497620976 12.500000000000002 30.500000000000004 12.500000000000002 0.6164047284810853 0.73529432411517204 0.17068058628139238 121.00000000000001 2.5931280368787957 0.086025401144667987 0.50307064221808606 26.500000000000004 0.50417043965637742 0.45357932677352958 0.4374867385874644 0.17307407652755583 12.500000000000002 34.924612040485123
decision_type=2 2 2 2 2 2 2 2 2 2 2 2 2 2 2 2 2 2 2 2 2 2 2 2 2 2 2 2 2 2
left_child=1 2 -1 5 -5 -4 7 8 13 10 11 12 -8 -3 -13 16 -16 18 20 -20 21 24 25 -24 -11 -23 -19 -28 29 -29
right_child=-2 6 3 4 -6 -7 9 -9 -10 17 -12 14 -14 -15 15 -17 -18 26 19 -21 -22 22 23 -25 -26 -27 27 28 -30 -31
leaf_value=1.5717074517052853e-05 8.4727206520672326e-05 -0.00019885201526847487 9.7582803239211447e-05 0.0057999560422988461 0.00029362331983415701 0.0076119418789092584 -0.00020567277652273821 0.00058616061969760092 -0.001635712835830112 -0.00013228866173325667 0.0020732158782282447 -0.00062723139822701171 -0.0049399533048936801 0.0047174239953235997 -0.0024657401369120942 0.00031670373335137203 -0.011982807259855019 -0.0017356189298866178 1.372294278178777e-05 0.0012590233394929691 -0.0050538922364889369 0.0019353884846592167 -0.0019443871825465043 0.0042483659715347975 0.0029990822391705993 -0.0046907122201849741 0.00089333380597631786 -0.004270221969834823 0.0015198236114688419 -0.00082884191156758788
leaf_weight=98312 121040 3063 803 115 74 70 543 8376 5621 2996 201 9219 754 512 94 53 67 1443 2524 1637 237 142 1178 498 871 1010 588 229 235 937
leaf_count=98312 121040 3063 803 115 74 70 543 8376 5621 2996 201 9219 754 512 94 53 67 1443 2524 1637 237 142 1178 498 871 1010 588 229 235 937
internal_value=2.28899e-05 -9.73997e-05 3.78375e-05 0.00219397 0.00812169 0.000910654 -0.000409733 -1.25193e-05 -0.000729664 -0.000683925 -0.00126567 -0.00137465 -0.00350424 0.000356644 -0.00108184 -0.00602804 -0.00891304 -0.000246127 8.96968e-05 0.00107306 -0.000500576 -0.0003174 -0.00138967 -3.57989e-05 0.000466771 -0.00335937 -0.00133158 -0.000284062 -0.0015596 -0.00245283
internal_weight=263442 142402 99374 1062 189 873 43028 17572 9196 25456 10931 10730 1297 3575 9433 214 161 14525 11093 4161 6932 6695 2828 1676 3867 1152 3432 1989 1401 1166
internal_count=263442 142402 99374 1062 189 873 43028 17572 9196 25456 10931 10730 1297 3575 9433 214 161 14525 11093 4161 6932 6695 2828 1676 3867 1152 3432 1989 1401 1166
is_linear=0
shrinkage=0.05


Tree=272
num_leaves=31
num_cat=0
split_feature=17 1 7 29 18 29 29 28 28 27 29 27 29 29 7 1 5 6 3 0 29 24 24 29 24 0 24 5 5 22
split_gain=2.07927 2.41988 2.18266 2.1913 1.93692 3.24411 2.01212 2.28168 2.3722 2.35372 1.98829 1.94687 1.90534 2.33838 1.75113 2.27479 2.05168 1.9105 2.37724 1.66006 1.50179 1.55491 5.87509 2.90148 2.83724 4.42988 3.16768 2.89905 2.75277 2.53856
threshold=7.5000000000000009 229.00000000000003 1.2773628707378741 -0.78361957578518804 54.342627197387607 -0.54786112144431576 8.7539835382869775 1.5000000000000002 7.5000000000000009 4.5000000000000009 -4.5835963978295169 14.500000000000002 -3.1903952382278615 -2.0687998472287839 0.3059452373417364 125.00000000000001 0.35964551885601487 0.089147974015846856 0.28140590075069744 4.9097895749028941 5.8911258848236683 9.5000000000000018 12.500000000000002 -0.27061159832106957 2.5000000000000004 4.6717755082532104 3.5000000000000004 3.0390391577334959 0.63143743695242838 12.500000000000002
decision_type=2 2 2 2 2 2 2 2 2 2 2 2 2 2 2 2 2 2 2 2 2 2 2 2 2 2 2 2 2 2
left_child=-1 2 4 -4 6 11 10 -8 -9 -10 -2 -6 -12 -14 15 17 -16 -15 -19 -3 21 24 -23 -24 -18 26 28 29 -26 -27
right_child=1 19 3 -5 5 -7 7 8 9 -11 12 -13 13 14 16 -17 20 18 -20 -21 -22 22 23 -25 25 27 -28 -29 -30 -31
leaf_value=-1.2889586076801117e-05 0.013187210948890034 0.0022644414723711009 -0.031184792055852908 -0.00064494942971282622 -0.0010450404881919121 0.0036810527546479728 -0.016704766498873265 0.0019669848261626068 0.0036375586335394097 -0.0059302063400817027 -0.033847322782935847 -0.014248223794412068 0.006316665160378915 -0.0093740027129775062 -0.0045278447585626229 0.0034543114010484295 0.0008389579557083447 0.0027578708518854636 -0.00072001603014781737 -0.0016558227682412349 0.0023908453760460597 0.0038461909646583582 0.00058714324274223542 -0.0003276963557558892 -0.01980915363614958 -0.0012846448832235301 -0.0046020741816370208 -0.0069180780537197511 -0.009985573542144334 0.0024253091633992816
leaf_weight=240996 63 559 54 88 132 195 51 80 51 54 115 222 291 68 69 319 1301 194 327 66 248 1428 8205 4871 66 326 1592 237 181 585
leaf_count=240996 63 559 54 88 132 195 51 80 51 54 115 222 291 68 69 319 1301 194 327 66 248 1428 8205 4871 66 326 1592 237 181 585
internal_value=2.83619e-05 0.00049324 0.000403727 -0.00577465 0.000444973 -0.00248634 0.000522634 -0.0040678 -0.00148649 -0.00642857 0.000575516 -0.00533898 0.000548157 0.000584499 0.000519809 0.0026652 0.000417867 0.00082343 0.00185221 0.00356 0.000449055 0.000398042 0.00064534 0.000312787 -0.000438432 -0.00128724 -0.00280859 0.00114983 -0.00807692 0.00243139
internal_weight=263034 22038 21413 142 21271 549 20722 236 185 105 20486 354 20423 20308 20017 908 19109 589 521 625 19040 18792 14504 13076 4288 2987 1839 1148 247 911
internal_count=263034 22038 21413 142 21271 549 20722 236 185 105 20486 354 20423 20308 20017 908 19109 589 521 625 19040 18792 14504 13076 4288 2987 1839 1148 247 911
is_linear=0
shrinkage=0.05


Tree=273
num_leaves=31
num_cat=0
split_feature=29 0 4 4 24 20 0 9 7 3 24 24 18 29 12 4 7 4 0 27 27 29 11 0 18 19 0 2 20 17
split_gain=1.99883 1.8955 2.08156 2.44261 2.1111 1.59804 1.64642 1.56782 1.55839 2.3592 2.32645 2.05669 2.14759 2.04017 1.62495 1.65802 1.56022 1.54671 4.12502 1.48436 2.1249 2.70392 1.62628 2.20694 1.76167 1.75827 1.60123 1.46568 1.46548 1.39936
threshold=-0.74406408122561807 5.0085047394125981 0.10580436042669202 -0.0043943160497134448 27.500000000000004 0.3948836546645465 5.2126377849865273 0.81221373138511199 0.47414965823690985 0.26198890829139976 7.5000000000000009 13.500000000000002 18.654576501014109 -1.409456967099425 0.15710646810961224 -0.11606483889244891 0.43628129153086587 0.14963942630347724 4.6046610299420534 16.500000000000004 26.500000000000004 -2.8294749043545768 0.23508516446072983 5.0590719231024197 10.624203996195957 59.99486014821899 5.1286703667030071 -0.20699179498085699 0.71324172341942116 3.5000000000000004
decision_type=2 2 2 2 2 2 2 2 2 2 2 2 2 2 2 2 2 2 2 2 2 2 2 2 2 2 2 2 2 2
left_child=1 17 3 8 7 6 27 29 9 11 19 14 -13 -12 15 -3 -16 -1 -19 22 21 -21 23 24 -10 -24 -23 -4 -11 -5
right_child=-2 2 5 4 -6 -7 -8 -9 10 28 13 12 -14 -15 16 -17 -18 18 -20 20 -22 26 25 -25 -26 -27 -28 -29 -30 -31
leaf_value=0.00019434316129772887 -8.1872615276125609e-06 0.0026142700963636429 0.00085183048796464052 0.00067869993366125037 0.0025341834072275388 0.0038065489126742052 0.0043215237067569011 0.0023810061901864219 -0.049989194910504416 -0.0025942697904510603 0.0048080766037685921 0.0010315405116481464 -0.0012790448214265496 0.00059708568702178388 0.0010829275072632486 0.0067065470480377407 0.0049950322073146515 0.0076676954768110433 -0.039367598536638994 -0.046439972382567238 0.0032184998728269874 -0.040101696652765362 0.0028286457038165847 0.0046656835898400469 0.0020641087027336957 -0.049152720413599742 0.001816521107748281 -0.0080733802140522878 0.0043471204661979868 -0.0021894252057117979
leaf_weight=41790 215657 105 78 376 74 96 401 61 59 103 194 183 77 1328 172 222 95 56 61 63 161 193 158 247 57 98 89 83 52 1222
leaf_count=41790 215657 105 78 376 74 96 401 61 59 103 194 183 77 1328 172 222 95 56 61 63 161 193 158 247 57 98 89 83 52 1222
internal_value=5.54421e-05 0.000347417 0.00117496 0.000850808 -0.000695325 0.00382979 0.00281139 -0.00106389 0.0015837 0.0032557 0.000946355 0.00428571 0.000576924 0.00222076 0.00590909 0.00827217 0.00301498 0.000228005 -0.00551282 -0.000777777 -0.00278656 -0.005 0.000864298 0.00301653 -0.00267241 -0.0021875 -0.0029078 -0.00145963 -0.00241935 -0.0013642
internal_weight=263611 47954 6047 5389 1733 658 562 1659 3656 1009 2647 854 260 1522 594 327 267 41907 117 1125 506 345 619 363 116 256 282 161 155 1598
internal_count=263611 47954 6047 5389 1733 658 562 1659 3656 1009 2647 854 260 1522 594 327 267 41907 117 1125 506 345 619 363 116 256 282 161 155 1598
is_linear=0
shrinkage=0.05


Tree=274
num_leaves=31
num_cat=0
split_feature=29 0 4 24 24 24 4 24 6 5 29 5 19 15 24 1 20 14 19 6 24 5 4 3 28 1 5 5 13 4
split_gain=1.55584 1.92974 1.97545 1.92473 1.76746 2.03995 2.81182 2.36258 2.30439 2.2832 2.04368 2.01522 1.81737 1.82259 2.18034 1.75528 1.74348 1.98205 1.72342 1.72224 1.70141 1.66495 1.97726 2.55942 2.33077 1.82278 1.69967 1.65313 1.54871 2.2676
threshold=-0.74406408122561807 4.9965635965540569 0.10300655519456049 1.5000000000000002 20.500000000000004 16.500000000000004 0.0088804802825922322 6.5000000000000009 0.69359268489680648 1.281613336363691 -1.1894795493740016 1.541694599784063 8.1802110428669348 8.5000000000000018 13.500000000000002 221.00000000000003 0.10454555471591385 3.124074649862032 6.7232011049051321 0.31269949890101273 14.500000000000002 0.70188140413412259 -0.077521056962204474 -0.57792416978614225 2.5000000000000004 137.00000000000003 2.226293618553032 0.5831484934990212 0.16525638659537104 0.13219339111216913
decision_type=2 2 2 2 2 2 2 2 2 2 2 2 2 2 2 2 2 2 2 2 2 2 2 2 2 2 2 2 2 2
left_child=1 28 3 -3 5 6 7 8 9 10 -5 -10 18 14 -14 -4 -6 -18 -8 -12 21 25 -23 -24 -25 -9 -26 -27 29 -1
right_child=-2 2 15 4 16 -7 12 20 11 -11 19 -13 13 -15 -16 -17 17 -19 -20 -21 -22 22 23 24 26 27 -28 -29 -30 -31
leaf_value=0.00055784209761264921 1.5570517466517427e-06 0.0035886850956851437 0.0023738076826614884 0.0034125970893104048 0.0016330654697023013 -0.00098400923012378579 -0.0024362323921076462 0.0056691942542639699 -0.046822402938884997 -0.0061799544507996733 -0.033670976631549575 0.0024437055655619267 -0.0004305279370200683 -0.014340058538144896 0.0017271498985612058 0.0045361742677559108 0.00017181837695331921 0.0023376697228586481 -0.008855742341102122 0.0014963366991635663 -0.0004085680479892649 0.0046051616336367741 -0.043758451893114482 -0.017272710322319692 0.0078867490131882857 -0.0096367077264616335 0.0013904412164005607 0.0068973309701871087 -1.0773339284486429e-05 -0.020371415225961264
leaf_weight=12612 215962 83 646 363 186 360 130 241 175 413 52 141 718 230 58 61 778 107 50 108 185 780 73 70 79 64 267 80 28847 63
leaf_count=12612 215962 83 646 363 186 360 130 241 175 413 52 141 718 230 58 61 778 107 50 108 185 780 73 70 79 64 267 80 28847 63
internal_value=6.01562e-05 0.000317577 0.00111881 0.000814195 0.000704275 0.000281433 0.000585692 0.00137981 -0.000295527 0.000950855 0.00314532 -0.00398734 -0.00148398 -0.000656063 0.000502578 0.00361386 0.00253501 0.00161017 -0.00611111 -0.0015625 0.00252039 0.00302902 0.00215524 -0.000337423 0.00117789 0.00590909 0.00286127 0.00145833 0.000192188 0.000652861
internal_weight=263982 48020 6498 5791 5708 4637 4277 3091 1252 936 523 316 1186 1006 776 707 1071 885 180 160 1839 1654 1269 489 416 385 346 144 41522 12675
internal_count=263982 48020 6498 5791 5708 4637 4277 3091 1252 936 523 316 1186 1006 776 707 1071 885 180 160 1839 1654 1269 489 416 385 346 144 41522 12675
is_linear=0
shrinkage=0.05


Tree=275
num_leaves=31
num_cat=0
split_feature=29 28 5 23 24 5 18 18 11 6 1 2 23 11 16 11 16 14 17 2 4 1 29 6 1 29 20 1 6 13
split_gain=1.92833 1.39204 3.88559 2.92472 1.88352 4.49356 3.02315 2.64181 2.16207 2.02992 1.79972 1.7614 1.76086 1.62705 1.58098 2.19626 1.46347 1.43252 1.94031 1.68039 1.4149 2.60144 2.13164 2.35974 4.33612 2.12473 1.75038 1.4018 1.43946 2.34624
threshold=-1.9534123769382994 1.0000000180025095e-35 2.8531236761025296 3.5000000000000004 7.5000000000000009 0.75544060075152986 1.6463133361002953 44.858287520818259 0.59921268109461889 0.71376173517511254 105.00000000000001 0.4999105579486664 3.5000000000000004 0.66429506473521316 0.68759789599987475 0.18680471163053727 0.47548966457402891 2.8873529631386776 4.5000000000000009 -1.5742715205010283 0.11236170673522232 253.00000000000003 -0.12669776607834848 0.28381653046225824 181.00000000000003 0.29198063546128966 0.067436145819137761 117.00000000000001 1.3722081430078681 0.7014537670687695
decision_type=2 2 2 2 2 2 2 2 2 2 2 2 2 2 2 2 2 2 2 2 2 2 2 2 2 2 2 2 2 2
left_child=-1 2 4 -4 11 6 14 20 -8 13 -5 17 -9 -10 15 -6 -15 18 -2 -19 22 -22 27 -24 26 -26 -25 -7 -29 -30
right_child=1 -3 3 10 5 7 8 12 9 -11 -12 -13 -14 16 -16 -17 -18 19 -20 -21 21 -23 23 24 25 -27 -28 28 29 -31
leaf_value=0.0010359656785665957 0.0018895748641275566 -1.6377250799221031e-05 0.0019632947511762371 -0.0080869127731860689 0.0059449339703212629 -0.010740029445187316 0.0015646779866364494 0.0051285593533732087 -0.010247677854648168 -0.0071144986436722625 0.0010317754503420533 -0.0067755415328437435 -0.0024861667269196388 -0.0041262555179740687 0.0085492377808800875 -0.003682259527937689 0.00061035910018266554 0.000122902019849084 -0.00019074472481879503 0.003204236315835057 0.0033137696252715505 -0.0039779062106655985 0.00057440921414726427 -0.071761645549115932 -0.0045662169038338278 0.0070847216394380012 -0.011096928681007576 -0.00045964412180711739 4.2229197894955575e-05 -0.010104671595729371
leaf_weight=9375 813 246430 273 98 163 125 2502 101 84 72 93 86 73 85 156 98 463 139 785 253 130 61 103 50 58 72 147 840 76 64
leaf_count=9375 813 246430 273 98 163 125 2502 101 84 72 93 86 73 85 156 98 463 139 785 253 130 61 103 50 58 72 147 840 76 64
internal_value=2.37625e-05 -2.18021e-06 0.000644302 0.00508621 0.000373076 -0.000109541 0.000923269 -0.00207895 0.000402371 -0.00204545 0.000340315 0.00165703 0.0037931 -0.00113924 0.00492806 0.00254789 -0.000145985 0.0019598 0.00129537 0.00466837 -0.00267091 0.00138744 -0.0031759 -0.00616279 -0.00824159 -0.00115385 -0.0129188 -0.00201357 -0.00137755 -0.00607143
internal_weight=263868 254493 8063 464 7599 5523 3623 1900 3206 704 191 2076 174 632 417 261 548 1990 1598 392 1726 191 1535 430 327 130 197 1105 980 140
internal_count=263868 254493 8063 464 7599 5523 3623 1900 3206 704 191 2076 174 632 417 261 548 1990 1598 392 1726 191 1535 430 327 130 197 1105 980 140
is_linear=0
shrinkage=0.05


Tree=276
num_leaves=31
num_cat=0
split_feature=28 1 0 2 27 22 17 19 27 21 2 0 15 4 1 29 29 22 1 17 21 27 14 20 7 17 16 7 29 28
split_gain=1.57355 1.98141 2.77154 2.14968 1.9113 1.8437 1.70415 3.05941 2.11355 1.82117 1.80151 2.87054 2.51102 2.34579 1.80371 1.7335 1.70051 1.63696 4.23619 2.36421 2.19399 1.87371 2.06463 1.84251 2.08517 2.01665 1.8365 1.69929 3.56061 1.97093
threshold=20.500000000000004 97.000000000000014 4.5486059994538381 -0.5419160464981404 54.500000000000007 1.5000000000000002 6.5000000000000009 0.12425885854174255 26.500000000000004 40.500000000000007 -0.88887397286016012 4.6046610299420534 7.5000000000000009 -0.12529938290828072 293.00000000000006 -1.691767014093873 -0.26383335995364116 11.500000000000002 181.00000000000003 2.5000000000000004 28.500000000000004 2.5000000000000004 2.623059045705324 0.70719335053881871 0.93922431852011889 3.5000000000000004 0.0019275665623075587 0.51588352427560458 -0.085516350746877828 21.500000000000004
decision_type=2 2 2 2 2 2 2 2 2 2 2 2 2 2 2 2 2 2 2 2 2 2 2 2 2 2 2 2 2 2
left_child=1 2 3 16 -3 -4 8 9 10 -8 11 12 15 -13 17 -2 -1 18 19 -12 21 -20 -23 27 25 26 -25 29 -29 -21
right_child=6 4 5 -5 -6 -7 7 -9 -10 -11 14 13 -14 -15 -16 -17 -18 -19 20 23 -22 22 -24 24 -26 -27 -28 28 -30 -31
leaf_value=-0.0032431278941514163 -0.02247237532077739 2.4405621488777767e-05 -0.0017883986969472708 -0.0013919381545015475 0.0060905192232744935 -0.00018905995065257149 0.0035114129098537533 0.00048693525545059641 -0.0051282425450157269 -0.0071005180586096494 -0.043978033744529181 0.00054452715464672723 -0.053495449264686128 0.0013925647019959633 0.0014540124755485673 0.0012976565793784084 -0.0078001923257540601 8.5578684663783526e-05 -0.00012107389045570971 -0.011335223988278164 -0.0016846011228633141 -0.056381988867003685 -0.0001341841434914502 0.0017396152259529212 -0.064218359837322145 0.00021446298868523731 -0.022666886183713632 0.0013953014334329161 -0.037691805971291403 0.0020366037273536553
leaf_weight=95 217 205637 343 314 54 9149 265 11153 86 69 67 10380 142 784 329 449 62 15550 138 67 3688 246 74 72 52 2582 229 502 119 464
leaf_count=95 217 205637 343 314 54 9149 265 11153 86 69 67 10380 142 784 329 449 62 15550 138 67 3688 246 74 72 52 2582 229 502 119 464
internal_value=6.31038e-05 5.61144e-06 -0.000683027 -0.00442675 3.89668e-05 -0.00049726 0.000322899 0.000853574 0.000154677 0.00556886 0.000173301 0.000674909 -0.00220297 0.000883197 -7.50645e-05 -0.000915915 -0.00920382 -0.000125786 -0.00069277 0.000435725 -0.00182344 -0.00508734 -0.0071875 0.000588452 -7.66604e-05 0.000102325 -0.00377076 0.00228299 0.000507247 0.0043597
internal_weight=263378 215654 9963 471 205691 9492 47724 11487 36237 334 36151 11972 808 11164 24179 666 157 23850 8300 4154 4146 458 320 4087 2935 2883 301 1152 621 531
internal_count=263378 215654 9963 471 205691 9492 47724 11487 36237 334 36151 11972 808 11164 24179 666 157 23850 8300 4154 4146 458 320 4087 2935 2883 301 1152 621 531
is_linear=0
shrinkage=0.05


Tree=277
num_leaves=31
num_cat=0
split_feature=8 3 7 12 19 19 24 17 16 16 19 8 19 22 12 24 16 5 3 0 19 23 5 19 2 19 5 0 5 15
split_gain=1.81241 2.27121 2.99599 2.74941 2.52613 2.71668 2.22101 2.65338 2.30389 2.1061 1.82994 1.80011 1.78092 2.25315 1.85622 1.76457 1.85576 1.73937 1.95455 2.44598 2.23645 1.71276 3.73582 2.36108 4.03449 2.23428 1.67479 1.66737 2.55965 2.60802
threshold=0.34659758641421401 0.025866020555518111 0.56052619835996831 0.29561904500426478 8.9591621044582315 9.4277722782325704 18.500000000000004 5.5000000000000009 0.15976271734572842 0.003600789203555103 7.6547932226718034 0.40532704971793149 7.9516014240690742 10.500000000000002 0.98738428079281826 22.500000000000004 0.02922305802498695 0.62832612114087827 -0.091866103051726045 5.2793955265773258 5.185458456453147 5.5000000000000009 0.82883137921812422 11.086542850095091 0.18574130785540569 10.984745109416787 0.59633184997586997 4.5208249664032918 0.80628925514093874 27.500000000000004
decision_type=2 2 2 2 2 2 2 2 2 2 2 2 2 2 2 2 2 2 2 2 2 2 2 2 2 2 2 2 2 2
left_child=6 2 9 4 10 -6 -1 -8 27 -2 -4 -7 13 -11 17 16 -5 18 -15 26 -21 25 23 -23 -25 -14 -20 28 29 -9
right_child=1 -3 3 15 5 11 7 8 -10 12 -12 -13 21 14 -16 -17 -18 -19 19 20 -22 22 -24 24 -26 -27 -28 -29 -30 -31
leaf_value=0.00023324909396665243 -0.0040050092438274386 2.3413307429333944e-05 0.0031064918146534466 -0.013442121374943007 -0.004811658390774548 0.009975748694900366 0.00010271115423781828 0.0060228397632719191 -0.00023468402996208769 0.0014211928849038012 0.0063781516047167509 0.00038692263005194144 -0.0021617872665321129 0.0029680306015936017 0.0025052191296639822 0.0014101917479299045 -0.0011537094480268185 0.0003187897830915058 -0.0016537443066398216 -0.0011776998914683392 -0.0062064168767826866 -0.0023653709767992525 0.0023732541726090607 -0.0044912264055640078 -0.013961435214573117 -0.00021997517738444263 -0.0046267496612403024 9.0537465010563235e-05 -0.00094701843054831097 0.0020321070211088191
leaf_weight=80584 209 90060 801 51 91 61 39092 135 26941 3045 292 1015 3987 174 654 1008 2648 1509 3019 167 236 629 128 466 124 4425 341 1281 204 405
leaf_count=80584 209 90060 801 51 91 61 39092 135 26941 3045 292 1015 3987 174 654 1008 2648 1509 3019 167 236 629 128 466 124 4425 341 1281 204 405
internal_value=5.3378e-05 -9.55353e-05 -0.000516347 0.000461707 0.00183628 0.00021851 0.000168728 -4.15816e-05 -0.000404266 -0.000821691 0.00356359 0.000920075 -0.000766504 -0.000265172 -0.000819672 -0.000376314 -0.00104298 -0.00112192 -0.00167513 -0.0019147 -0.00559553 -0.00123629 -0.00289161 -0.00374487 -0.00601695 -0.000971231 -0.00147321 0.00122222 0.00310484 0.00490741
internal_weight=263782 115140 25080 5967 2260 1167 148642 68058 28966 19113 1093 1076 18904 9145 6100 3707 2699 5446 3937 3763 403 9759 1347 1219 590 8412 3360 2025 744 540
internal_count=263782 115140 25080 5967 2260 1167 148642 68058 28966 19113 1093 1076 18904 9145 6100 3707 2699 5446 3937 3763 403 9759 1347 1219 590 8412 3360 2025 744 540
is_linear=0
shrinkage=0.05


Tree=278
num_leaves=31
num_cat=0
split_feature=27 24 17 5 8 10 13 20 15 19 19 5 8 8 2 18 5 5 3 11 1 14 23 18 16 5 18 1 24 27
split_gain=1.24614 2.88899 3.54824 2.66192 2.46921 2.38883 2.19674 2.52476 2.61555 2.57483 2.39791 2.18529 2.71577 2.2894 2.6713 2.22877 2.10003 2.1804 2.57604 1.98883 1.96265 1.93924 1.90869 3.7954 2.95484 1.89251 2.06177 1.89911 1.86111 2.65279
threshold=22.500000000000004 27.500000000000004 8.5000000000000018 2.0592856403001472 0.88375414178091261 1.0000000180025095e-35 0.11384490509697646 0.069870069092757184 10.500000000000002 0.079460925144518246 5.185458456453147 0.59633184997586997 0.47936507086766772 0.67221304022403949 0.48884615460099545 2.735341145524036 0.88821823950593071 0.81346036820780798 0.011699794094493506 0.41125307443648645 165.00000000000003 1.9180950759735844 1.0000000180025095e-35 56.5969227937276 2.6470833565955236 1.5831026804476112 43.562536307972401 297.00000000000006 1.5000000000000002 28.500000000000004
decision_type=2 2 2 2 2 2 2 2 2 2 2 2 2 2 2 2 2 2 2 2 2 2 2 2 2 2 2 2 2 2
left_child=1 -1 5 21 22 20 7 9 16 -7 -10 12 19 14 -14 -15 17 -9 -19 -8 -3 -4 23 28 -25 27 -27 -11 29 -2
right_child=4 2 3 -5 -6 6 11 8 10 25 -12 -13 13 15 -16 -17 -18 18 -20 -21 -22 -23 -24 24 -26 26 -28 -29 -30 -31
leaf_value=6.8939112832109675e-05 -0.0032398920468689994 -0.009746153705101547 0.0036373873348161004 -0.00069699378235901083 0.0011952306698605991 -0.0027498142065476802 0.00079863128345542011 -0.0020851979467064095 0.00027335272583434329 -0.00039078308761513386 -0.0054225559924487047 -0.00045363548613374673 -0.00099187759222537264 0.0068804078352225993 -0.0094109318520258518 0.00039267956692501133 9.1587512305741302e-05 -0.047044773554457256 -0.0012623087176329398 0.0039092193630329694 -0.0027564998617377093 0.00021128025320485909 0.00017959476787569287 0.0089174159465571622 -0.0022974989428743917 0.00077612061197261098 -0.091867915377749132 -0.0032888959936461497 -0.00024751720161427085 0.0035663413696693218
leaf_weight=190871 380 64 326 167 890 79 1863 1975 118 1907 539 12163 3842 485 56 1654 890 89 67 794 150 119 38267 108 62 601 70 98 5045 90
leaf_count=190871 380 64 326 167 890 79 1863 1975 118 1907 539 12163 3842 485 56 1654 890 89 67 794 150 119 38267 108 62 601 70 98 5045 90
internal_value=7.38553e-05 2.46824e-05 -0.000448498 0.00331699 0.000313992 -0.000532286 -0.000491022 -0.00129877 -0.00215606 -0.000154264 -0.00501522 -0.000241885 0.00036347 -0.000222792 -0.000944073 0.00109163 -0.00153426 -0.0023862 -0.00807692 0.00169552 -0.00579439 0.00533708 0.000261195 -0.000593667 0.00676471 0.000108371 0.00240686 -0.000660847 -0.000820489 -0.00382979
internal_weight=263829 218987 28116 612 44842 27504 27290 6433 3678 2755 657 20857 8694 6037 3898 2139 3021 2131 156 2657 214 445 43952 5685 170 2676 671 2005 5515 470
internal_count=263829 218987 28116 612 44842 27504 27290 6433 3678 2755 657 20857 8694 6037 3898 2139 3021 2131 156 2657 214 445 43952 5685 170 2676 671 2005 5515 470
is_linear=0
shrinkage=0.05


Tree=279
num_leaves=31
num_cat=0
split_feature=29 17 7 22 14 28 18 29 0 10 0 24 27 26 24 24 0 19 29 29 1 27 7 27 1 23 0 29 18 21
split_gain=1.45244 2.6424 2.86624 1.91001 1.27562 1.25536 1.4521 1.14115 3.4896 3.06865 3.44891 2.49288 2.92525 3.82227 3.65378 6.12524 3.51033 3.07852 3.43545 2.81363 2.75448 2.70696 4.75244 3.32941 4.24925 3.68192 3.03157 2.98534 3.73506 2.72891
threshold=-4.5835963978295169 4.5000000000000009 0.62830596104012726 28.500000000000004 1.7835432152769617 27.500000000000004 13.711901041093762 -0.23613069328752892 5.2415695283205883 0.38333333333333336 4.9296208115160445 23.500000000000004 29.500000000000004 1.0000000180025095e-35 8.5000000000000018 9.5000000000000018 4.4942943846592813 9.1796775133825612 -0.17157768899314454 -0.18126968021884013 125.00000000000001 26.500000000000004 0.48220783861938465 22.500000000000004 217.00000000000003 4.5000000000000009 4.8513391169975835 2.1505055889027402 9.3195215921371357 1.5000000000000002
decision_type=2 2 2 2 2 2 2 2 2 2 2 2 2 2 2 2 2 2 2 2 2 2 2 2 2 2 2 2 2 2
left_child=1 2 -1 -3 -5 6 -4 8 9 -2 -11 12 20 14 16 -16 -14 -17 -19 -18 -9 23 26 29 -25 -26 -23 28 -24 -13
right_child=7 3 5 4 -6 -7 -8 11 -10 10 -12 21 13 -15 15 17 19 18 -20 -21 -22 22 27 24 25 -27 -28 -29 -30 -31
leaf_value=0.0124444648691386 -0.0015754382895392894 0.0062930480028666608 0.0047947704691159851 0.0038627129626916516 -0.021530144330747444 0.010483871118414588 -0.1099955552010765 -0.00023472883953681953 0.0010839302110012437 -2.2200812262283016e-05 0.00027148972615877518 0.0012017683903746803 -0.006337999399269361 0.0032626641073451382 -0.050473459946932232 -0.0011068063055005846 -0.00078389729562321198 0.0026798305343043675 0.00016812101790270335 0.0024031095563228442 0.00016387965053819058 0.00586503682880107 -0.00015873468341048261 4.0992559647605713e-05 0.0017632537738153952 -0.0022809285041293782 -0.0001266774529099619 0.00065708434407386407 -0.003653924286217811 -0.00041194904681320283
leaf_weight=53 3948 611 51 52 88 69 119 24623 9537 72954 22584 3893 142 219 242 185 93 216 929 1353 79770 132 398 2291 718 86 264 153 650 37126
leaf_count=53 3948 611 51 52 88 69 119 24623 9537 72954 22584 3893 142 219 242 185 93 216 929 1353 79770 132 398 2291 718 86 264 153 650 37126
internal_value=5.05984e-05 0.00191275 -0.00212329 0.00348202 -0.00178571 -0.00445607 -0.00676471 4.31996e-05 0.000166892 7.93082e-05 0.000135758 -4.46623e-05 8.65722e-05 0.00153448 0.00109177 -0.000617048 0.00278338 0.000714286 0.00168122 0.00352006 3.97063e-05 -0.000354072 -0.00237633 -0.000280863 0.00130049 0.00442786 0.00237374 -0.00394255 -0.00489504 -0.00040018
internal_weight=263549 1043 292 751 140 239 170 262506 109023 99486 95538 153483 107772 3379 3160 1572 1588 1330 1145 1446 104393 45711 1597 44114 3095 804 396 1201 1048 41019
internal_count=263549 1043 292 751 140 239 170 262506 109023 99486 95538 153483 107772 3379 3160 1572 1588 1330 1145 1446 104393 45711 1597 44114 3095 804 396 1201 1048 41019
is_linear=0
shrinkage=0.05


Tree=280
num_leaves=31
num_cat=0
split_feature=24 24 17 0 28 15 22 24 19 5 17 1 27 5 13 18 21 7 8 12 18 12 22 16 1 17 15 5 7 13
split_gain=1.3795 3.56346 3.20613 3.53985 3.12897 2.21481 2.04795 1.80414 2.04115 3.11575 1.91866 1.79808 2.48335 2.14125 2.0533 2.31307 1.86989 1.74184 1.72014 1.63048 1.59986 1.58904 1.74551 1.83609 2.34225 1.60672 2.03008 1.59558 3.63152 2.32476
threshold=13.500000000000002 11.500000000000002 4.5000000000000009 4.6046610299420534 1.0000000180025095e-35 1.0000000180025095e-35 2.5000000000000004 12.500000000000002 6.4266903564710818 0.40365740926275456 2.5000000000000004 165.00000000000003 11.500000000000002 2.5923042418178937 0.18911296639789854 33.936927570327789 30.500000000000004 1.0491949367253859 0.85947048246130453 2.594627146084068 44.858287520818259 2.4148859806295624 8.5000000000000018 0.25657044301387455 101.00000000000001 9.5000000000000018 18.500000000000004 0.54182167754764843 0.31791857866717926 0.099686049338349639
decision_type=2 2 2 2 2 2 2 2 2 2 2 2 2 2 2 2 2 2 2 2 2 2 2 2 2 2 2 2 2 2
left_child=1 -1 3 -3 -4 6 -6 8 9 -5 -9 17 13 14 -13 -16 -14 20 -8 -12 21 22 23 25 -25 26 -7 -24 -29 -30
right_child=-2 2 4 7 5 11 18 10 -10 -11 19 12 16 -15 15 -17 -18 -19 -20 -21 -22 -23 27 24 -26 -27 -28 28 29 -31
leaf_value=4.6585611564371914e-05 -2.0030254932696504e-05 -0.052214124621527996 -0.0036547574997107314 -0.012164735722798423 -0.029476062957317046 -0.001819616373538275 0.00079690721049702402 -0.0052184179132309652 6.5538981110230989e-05 -0.0022187321403817017 0.0017616350983534674 0.0057713309426711407 0.011715877073967949 0.010743438127814496 -0.0020046943382774503 0.0067897716850444509 0.0036703667820347495 -0.013199648210656362 -0.0044152930037165278 -0.0091366833702807449 0.0085788115693942752 -0.0032418436244424638 0.0033575390404084146 0.0067845802768243674 0.002528316380272099 -0.020613992546962841 0.0097198108612193343 -0.0076980039948683181 0.0030791472678523592 -0.00044754130647418867
leaf_weight=86585 161332 146 272 54 86 133 1121 70 2919 560 3360 1068 228 80 1005 262 859 81 64 148 57 168 407 137 511 52 57 162 624 1247
leaf_count=86585 161332 146 272 54 86 133 1121 70 2919 560 3360 1068 228 80 1005 262 859 81 64 148 57 168 407 137 511 52 57 162 624 1247
internal_value=4.91753e-05 0.000192592 0.000879659 0.000104038 0.00152805 0.00169878 -0.000224232 0.00026227 -0.000539201 -0.00315961 0.00105366 0.00204119 0.0028498 0.00195652 0.00168094 0.000319653 0.00483441 0.00126238 0.000316456 0.00121722 0.00142757 0.00129217 0.00153153 0.00342697 0.00481482 -0.000289256 0.00184211 0.000840165 0.000268077 0.000889899
internal_weight=263855 102523 15938 7257 8681 8409 1271 7111 3533 614 3578 7138 3502 2415 2335 1267 1087 3636 1185 3508 3555 3498 3330 890 648 242 190 2440 2033 1871
internal_count=263855 102523 15938 7257 8681 8409 1271 7111 3533 614 3578 7138 3502 2415 2335 1267 1087 3636 1185 3508 3555 3498 3330 890 648 242 190 2440 2033 1871
is_linear=0
shrinkage=0.05


Tree=281
num_leaves=31
num_cat=0
split_feature=9 2 24 6 24 2 15 12 6 22 24 0 1 24 28 18 24 3 0 4 5 27 0 22 24 6 20 7 3 22
split_gain=1.10001 1.71177 1.71764 2.52964 1.83544 1.31214 1.16485 1.04493 1.03454 5.33212 2.5351 2.7803 2.40219 2.34267 2.4723 2.11737 2.08501 2.05732 1.9563 2.39531 1.90656 1.80609 1.76226 1.67684 1.66941 1.66216 1.6464 1.51092 1.71655 1.36084
threshold=1.0021672713445475 -0.78075126073626044 9.5000000000000018 0.64228346168579242 17.500000000000004 -1.0224716314124549 2.5000000000000004 0.31190890070982774 1.0000000180025095e-35 11.500000000000002 16.500000000000004 4.6098625740792736 253.00000000000003 26.500000000000004 11.500000000000002 4.6883671709572621 7.5000000000000009 -0.51475799797007971 4.8935427106932758 -0.14551333896301261 1.5965403567415211 8.5000000000000018 4.5724882964329003 30.500000000000004 28.500000000000004 0.063193627739669814 0.84247624802388754 0.8166267906501411 -0.78844575234385028 26.500000000000004
decision_type=2 2 2 2 2 2 2 2 2 2 2 2 2 2 2 2 2 2 2 2 2 2 2 2 2 2 2 2 2 2
left_child=8 5 3 -3 6 -2 -4 -6 9 10 12 -12 15 14 18 17 -17 26 23 -20 -18 -13 -16 29 -15 27 -1 28 -10 -11
right_child=1 2 4 -5 7 -7 -8 -9 25 13 11 21 -14 24 22 16 20 -19 19 -21 -22 -23 -24 -25 -26 -27 -28 -29 -30 -31
leaf_value=-0.022927991667324177 9.636672032186706e-05 5.047305885989232e-06 3.6693563398594321e-05 -0.043688971305461365 -0.00076232894785940321 0.0023625415696706255 0.0034895505798087506 0.001648154531210211 -0.0025616562687908887 -0.0060600444337956336 0.0024382943808786538 -0.0026751567859047737 -0.0008753331384404149 0.0011945492888086754 -0.014119561650404381 0.0022347660546746481 0.0047959285668441034 0.00040152729449127083 0.0016206247376475088 -0.0016064043319431295 -0.016080692270304609 0.00056011469436006316 -0.00061990890960741398 -0.061845439179624075 -0.00080185865585782543 1.6054297134160886e-05 0.00031934723143731445 0.0010095889491703771 0.00026540898040710383 -0.00076491551416383934
leaf_weight=97 84 198 59 55 286 104 163 160 103 98 96 51 68 169 83 117 147 158 55 130 90 127 895 65 157 254542 57 1035 4139 76
leaf_count=97 84 198 59 55 286 104 163 160 103 98 96 51 68 169 83 117 147 158 55 130 90 127 895 65 157 254542 57 1035 4139 76
internal_value=3.81552e-05 0.00160956 0.000722042 -0.00278656 0.0020509 0.00595745 0.00576577 0.000201794 3.15178e-05 -0.000935672 0.00195437 0.00605839 0.000422344 -0.00262153 -0.00350927 0.00133634 0.00398305 -0.00166667 -0.00669811 -0.00283784 0.00128692 0.00235955 -0.00212679 -0.00968619 0.00119632 4.17027e-05 -0.00577922 0.000920031 0.000502122 -0.00712644
internal_weight=263664 1109 921 253 668 188 222 446 262555 2736 1008 274 734 1728 1402 666 354 312 424 185 237 178 978 239 326 259819 154 5277 4242 174
internal_count=263664 1109 921 253 668 188 222 446 262555 2736 1008 274 734 1728 1402 666 354 312 424 185 237 178 978 239 326 259819 154 5277 4242 174
is_linear=0
shrinkage=0.05


Tree=282
num_leaves=31
num_cat=0
split_feature=29 21 20 7 0 7 26 24 14 7 7 27 4 24 24 16 0 28 0 19 19 28 11 27 0 2 14 29 11 2
split_gain=2.11124 2.92672 2.73497 3.08125 2.58454 1.84847 1.67765 1.67192 1.81905 1.58535 3.30317 1.94729 1.68879 1.56246 2.53186 3.33549 2.25505 2.13491 1.82585 2.60493 2.15335 1.78604 1.77937 1.62612 1.8148 1.52619 1.51633 1.45324 1.42011 1.77222
threshold=-2.0687998472287839 33.500000000000007 0.70712073794109964 0.6827052067270315 4.6568054714595153 0.88201435434658271 1.0000000180025095e-35 11.500000000000002 4.0926047678994157 0.58633328013215891 0.39730702929279732 13.500000000000002 -0.31060534683096153 11.500000000000002 8.5000000000000018 0.20461923281557745 4.8298264345200224 5.5000000000000009 4.6948551260747839 44.203173123004881 21.313781037388043 23.500000000000004 0.30944175070689411 26.500000000000004 4.5923386465912319 -0.0071903433775260877 5.8068113592676589 -2.1968687689319921 3.3839275911733053 -0.60995113636766618
decision_type=2 2 2 2 2 2 2 2 2 2 2 2 2 2 2 2 2 2 2 2 2 2 2 2 2 2 2 2 2 2
left_child=1 2 3 7 -3 25 13 8 -1 10 -6 27 -12 14 15 -5 -17 -16 20 -20 -19 -22 -18 24 -15 26 -4 -11 29 -23
right_child=-2 4 5 6 9 -7 -8 -9 -10 11 12 -13 -14 23 17 16 22 18 19 -21 21 28 -24 -25 -26 -27 -28 -29 -30 -31
leaf_value=-0.020201685329485655 1.8294196092085201e-05 0.005119957046818259 0.0042398222722837024 0.024204716217485499 0.0041707329162835351 -0.0080051314822837255 -0.036715738947841428 0.0047993224441238887 -0.060783698619091477 0.0058429815270136303 0.00054491292852010286 0.00073514459968837119 -0.045111269401168864 -0.044091646218791934 -0.04577338757764688 0.0033119632919522794 -0.00015757840619886186 -0.033038584696420965 0.035742828808246245 -0.0021925025338684731 0.015911621512329829 0.0049623688426401824 -0.11975837356317376 0.010128541063723854 0.004654459373400476 -0.011852370534063801 -0.016563192559945501 -0.0013779299257144445 -0.042591414070252596 -0.024327250725017509
leaf_weight=422 255015 520 1123 92 150 161 155 94 54 495 130 987 244 140 292 1054 62 92 189 387 124 271 50 51 473 125 85 59 63 184
leaf_count=422 255015 520 1123 92 150 161 155 94 54 495 130 987 244 140 292 1054 62 92 189 387 124 271 50 51 473 125 85 59 63 184
internal_value=5.35239e-05 0.000836936 0.00020808 -0.000438926 0.00223404 0.00204819 9.10579e-05 -0.00385965 -0.00506302 0.00144068 -0.000935114 0.00224854 -0.0034492 0.000314984 -0.000192307 0.00148649 0.000763294 -0.00151061 -0.000648854 0.00145833 -0.00230245 -0.00127726 -0.00598214 0.0025 0.0017863 0.00265942 0.00320364 0.00462094 -0.00256757 -0.00159341
internal_weight=263343 8328 5743 4249 2585 1494 3679 570 476 2065 524 1541 374 3524 2860 1258 1166 1602 1310 576 734 642 112 664 613 1333 1208 554 518 455
internal_count=263343 8328 5743 4249 2585 1494 3679 570 476 2065 524 1541 374 3524 2860 1258 1166 1602 1310 576 734 642 112 664 613 1333 1208 554 518 455
is_linear=0
shrinkage=0.05


Tree=283
num_leaves=31
num_cat=0
split_feature=29 13 10 23 0 5 5 14 1 29 12 8 16 1 11 1 0 2 15 1 25 29 22 22 0 28 6 4 14 22
split_gain=2.59339 1.80938 2.22572 1.90151 2.39747 3.7149 2.30291 2.13013 2.13008 2.11491 2.31 1.95422 1.75773 1.65921 1.59507 2.01894 1.70775 1.46922 1.46352 1.52905 1.62831 3.15564 1.45665 1.42356 1.36401 2.81857 2.31299 1.76945 2.99144 3.12511
threshold=-1.9534123769382994 0.099686049338349639 0.083333333333333356 1.0000000180025095e-35 5.5511211706054544 0.53674640719026689 0.54182167754764843 1.0225524291347152 181.00000000000003 0.15783422048040818 0.14485014621351774 0.45531432740698036 0.36158082700600619 109.00000000000001 0.18857255147125171 125.00000000000001 5.5039670878674301 0.32609483450760329 14.500000000000002 105.00000000000001 1.0000000180025095e-35 0.34574269584979694 16.500000000000004 9.5000000000000018 4.3895594239587075 6.5000000000000009 0.6475644112884763 -0.54491434864628052 7.4040204650865453 13.500000000000002
decision_type=2 2 2 2 2 2 2 2 2 2 2 2 2 2 2 2 2 2 2 2 2 2 2 2 2 2 2 2 2 2
left_child=-1 2 3 4 5 -2 7 8 11 10 -10 -5 -7 -13 16 22 -8 -11 19 -18 -21 23 -16 -22 25 -4 -27 -26 -29 -30
right_child=1 -3 24 6 -6 12 14 -9 9 17 -12 13 -14 -15 15 -17 18 -19 -20 20 21 -23 -24 -25 27 26 -28 28 29 -31
leaf_value=0.0012990421702409197 0.0083798734809347568 -1.3726837567309342e-05 -0.0067785314622852092 -0.0073666462467821409 0.0066979005765099436 -0.010833411228897472 -0.0042720530103925692 0.00098359410393464232 -0.012970723097406168 -0.0094376011194140658 -0.0045701169715222324 -0.0052285939484925216 -0.0039056805573143027 0.0017422508554884757 -0.0074287148451113588 -0.00071236375254835819 -0.0020926067591894881 -0.0022508842180245475 -0.0039337351025817953 0.0041039989563269128 -0.0082321824174423196 0.0099295087047979284 -0.0032469848344210475 -0.0020644752723019332 0.00051225507113592135 0.0051625683946018575 -0.0064768589664084067 0.00014876440460464727 0.0021740202818499566 -0.013639188052000357
leaf_weight=9403 104 197015 172 72 405 51 91 413 100 65 110 128 110 341 81 786 141 276 55 962 59 93 105 141 11543 272 182 40389 61 88
leaf_count=9403 104 197015 172 72 405 51 91 413 100 65 110 128 110 341 81 786 141 276 55 962 59 93 105 141 11543 272 182 40389 61 88
internal_value=7.73657e-05 4.72273e-05 0.000294272 -0.000749626 0.00171642 -0.00198113 -0.00116074 -0.00270764 -0.00386447 -0.00605263 -0.01 -0.00163586 -0.00673913 -0.000458422 -0.000234685 -0.00182099 0.000765241 -0.0036217 0.00118194 0.00149714 0.00205179 -0.0012116 -0.00650538 -0.00475 0.000387141 -0.00193291 0.000132159 0.000415027 0.00025951 -0.00681208
internal_weight=263814 254411 57396 4689 670 265 4019 1505 1092 551 210 541 161 469 2514 972 1542 341 1451 1396 1255 293 186 200 52707 626 454 52081 40538 149
internal_count=263814 254411 57396 4689 670 265 4019 1505 1092 551 210 541 161 469 2514 972 1542 341 1451 1396 1255 293 186 200 52707 626 454 52081 40538 149
is_linear=0
shrinkage=0.05


Tree=284
num_leaves=31
num_cat=0
split_feature=17 24 24 3 0 28 20 17 0 2 5 24 1 4 24 18 1 4 4 4 22 2 20 3 13 15 4 5 4 24
split_gain=1.23613 2.10244 3.62511 3.76991 3.46694 2.36268 2.77362 2.3003 2.1362 2.03235 2.70418 2.51997 2.2462 1.79495 2.28992 1.8587 1.83703 1.70136 2.06577 1.73403 1.69869 1.62246 2.47561 1.73473 1.54413 1.92842 1.53473 1.52877 1.56837 1.89158
threshold=8.5000000000000018 2.5000000000000004 7.5000000000000009 -0.90435493388536248 4.7136623405178657 7.5000000000000009 0.70759620634253517 9.5000000000000018 4.4439066730957402 -0.32461373088766338 0.43652824427803755 12.500000000000002 205.00000000000003 -0.13389214532362056 16.500000000000004 7.9283622202937627 129.00000000000003 -0.24636719143685762 -0.40809186372160017 -0.3808560860996118 4.5000000000000009 -0.29725720609185419 0.72899796287935059 -0.0075547756323465559 1.3291452827411223 3.5000000000000004 -0.11300553895317623 2.6590401044876883 0.028810395017592312 17.500000000000004
decision_type=2 2 2 2 2 2 2 2 2 2 2 2 2 2 2 2 2 2 2 2 2 2 2 2 2 2 2 2 2 2
left_child=-1 17 3 -3 7 -6 -7 -5 -9 11 26 20 13 16 15 -15 -13 18 -2 -20 -4 -10 23 -23 25 -17 -11 28 29 -12
right_child=1 2 9 4 5 6 -8 8 21 10 27 12 -14 14 -16 24 -18 -19 19 -21 -22 22 -24 -25 -26 -27 -28 -29 -30 -31
leaf_value=2.7034544181020157e-05 0.0015407358007457788 0.0058974446262543044 -0.0018005931137903561 -0.021158253899434931 0.0017905942604016013 -0.031379381393672266 0.0020782428026123677 -0.016735925697713861 -0.0024147216776229286 0.0087282252325837206 -0.00066045172353451284 -0.0016741072606602523 0.0019846168408569958 -0.0058310245672368354 0.00077640760822563588 0.0020283921209959185 -0.00023976288979940072 0.001770322837278379 -0.052701949983183498 -0.00022021133441519982 0.0027060387717192376 -0.017972898942693692 0.0021805989433217525 -0.0061696481999761257 -0.0079489192642283914 -0.00097475649127040209 0.0015806780481419016 6.8000001782117571e-06 0.0027749637912985597 0.0010571456894314902
leaf_weight=246227 352 102 284 71 228 118 247 191 726 87 582 1199 245 100 2959 117 3458 867 51 91 1205 88 51 120 70 288 126 1516 459 1318
leaf_count=246227 352 102 284 71 228 118 247 191 726 87 582 1199 245 100 2959 117 3458 867 51 91 1205 88 51 120 70 288 126 1516 459 1318
internal_value=6.75228e-05 0.000475861 0.000314949 -0.00170958 -0.00222826 0.000919056 -0.00157534 -0.00372494 -0.00319728 0.000595519 0.00153376 0.000209069 -0.000125651 -0.000266756 0.000582909 -0.00230435 -0.00091153 0.00236223 2.02435e-05 -0.00507042 0.00210544 -0.00225888 -0.00565637 -0.00807692 -0.000999999 0.000185186 0.00701878 0.00123226 0.0020284 0.00139474
internal_weight=263543 17316 15955 1942 1840 593 365 1247 1176 14013 4088 9925 8436 8191 3534 575 4657 1361 494 142 1489 985 259 208 475 405 213 3875 2359 1900
internal_count=263543 17316 15955 1942 1840 593 365 1247 1176 14013 4088 9925 8436 8191 3534 575 4657 1361 494 142 1489 985 259 208 475 405 213 3875 2359 1900
is_linear=0
shrinkage=0.05


end of trees

feature_importances:
Column_24=926
Column_0=815
Column_29=726
Column_27=535
Column_18=493
Column_21=425
Column_28=393
Column_1=359
Column_5=346
Column_22=337
Column_4=274
Column_19=252
Column_7=225
Column_17=215
Column_13=211
Column_16=206
Column_6=204
Column_2=199
Column_11=198
Column_3=189
Column_12=173
Column_20=168
Column_23=165
Column_26=155
Column_14=122
Column_15=88
Column_9=77
Column_8=38
Column_10=27
Column_25=9

parameters:
[boosting: gbdt]
[objective: quantile]
[metric: quantile]
[tree_learner: serial]
[device_type: cpu]
[data_sample_strategy: bagging]
[data: ]
[valid: ]
[num_iterations: 2000]
[learning_rate: 0.05]
[num_leaves: 31]
[num_threads: 2]
[seed: 20261003]
[deterministic: 0]
[force_col_wise: 0]
[force_row_wise: 0]
[histogram_pool_size: -1]
[max_depth: -1]
[min_data_in_leaf: 50]
[min_sum_hessian_in_leaf: 0.001]
[bagging_fraction: 0.8]
[pos_bagging_fraction: 1]
[neg_bagging_fraction: 1]
[bagging_freq: 1]
[bagging_seed: 27986]
[bagging_by_query: 0]
[feature_fraction: 0.8]
[feature_fraction_bynode: 1]
[feature_fraction_seed: 26999]
[extra_trees: 0]
[extra_seed: 5963]
[early_stopping_round: 0]
[early_stopping_min_delta: 0]
[first_metric_only: 0]
[max_delta_step: 0]
[lambda_l1: 0]
[lambda_l2: 0]
[linear_lambda: 0]
[min_gain_to_split: 0]
[drop_rate: 0.1]
[max_drop: 50]
[skip_drop: 0.5]
[xgboost_dart_mode: 0]
[uniform_drop: 0]
[drop_seed: 30954]
[top_rate: 0.2]
[other_rate: 0.1]
[min_data_per_group: 100]
[max_cat_threshold: 32]
[cat_l2: 10]
[cat_smooth: 10]
[max_cat_to_onehot: 4]
[top_k: 20]
[monotone_constraints: ]
[monotone_constraints_method: basic]
[monotone_penalty: 0]
[feature_contri: ]
[forcedsplits_filename: ]
[refit_decay_rate: 0.9]
[cegb_tradeoff: 1]
[cegb_penalty_split: 0]
[cegb_penalty_feature_lazy: ]
[cegb_penalty_feature_coupled: ]
[path_smooth: 0]
[interaction_constraints: ]
[verbosity: -1]
[saved_feature_importance_type: 0]
[use_quantized_grad: 0]
[num_grad_quant_bins: 4]
[quant_train_renew_leaf: 0]
[stochastic_rounding: 1]
[linear_tree: 0]
[max_bin: 255]
[max_bin_by_feature: ]
[min_data_in_bin: 3]
[bin_construct_sample_cnt: 200000]
[data_random_seed: 5357]
[is_enable_sparse: 1]
[enable_bundle: 1]
[use_missing: 1]
[zero_as_missing: 0]
[feature_pre_filter: 1]
[pre_partition: 0]
[two_round: 0]
[header: 0]
[label_column: ]
[weight_column: ]
[group_column: ]
[ignore_column: ]
[categorical_feature: ]
[forcedbins_filename: ]
[precise_float_parser: 0]
[parser_config_file: ]
[objective_seed: 10432]
[num_class: 1]
[is_unbalance: 0]
[scale_pos_weight: 1]
[sigmoid: 1]
[boost_from_average: 1]
[reg_sqrt: 0]
[alpha: 0.3]
[fair_c: 1]
[poisson_max_delta_step: 0.7]
[tweedie_variance_power: 1.5]
[lambdarank_truncation_level: 30]
[lambdarank_norm: 1]
[label_gain: ]
[lambdarank_position_bias_regularization: 0]
[eval_at: ]
[multi_error_top_k: 1]
[auc_mu_weights: ]
[num_machines: 1]
[local_listen_port: 12400]
[time_out: 120]
[machine_list_filename: ]
[machines: ]
[gpu_platform_id: -1]
[gpu_device_id: -1]
[gpu_use_dp: 0]
[num_gpu: 1]

end of parameters

pandas_categorical:null
