tree
version=v4
num_class=1
num_tree_per_iteration=1
label_index=0
max_feature_idx=29
objective=quantile
feature_names=Column_0 Column_1 Column_2 Column_3 Column_4 Column_5 Column_6 Column_7 Column_8 Column_9 Column_10 Column_11 Column_12 Column_13 Column_14 Column_15 Column_16 Column_17 Column_18 Column_19 Column_20 Column_21 Column_22 Column_23 Column_24 Column_25 Column_26 Column_27 Column_28 Column_29
feature_infos=[3.9174506576656842:5.7304380851602943] [91:303] [-4.6209391964739197:6.6781130040119603] [-2.1127544688413775:1.5582263676027908] [-1:0.52312758639412116] [0:9.9154440984925625] [0:4.6209391964739197] [0:2.1127544688413775] [0:6.9893036836044731] [0:1.8567014585212964] [0:1] [0:18.514290500025005] [0:17.943278717702203] [0:23.11690120620333] [0:20.81224925580868] [0:30] [0:17.427804678541769] [2:10] [0:159.85415496415965] [0:60] [0:1.4142135623730956] [1:60] [1:35] [0:6] [1:31] [0:1] [0:1] [0:93] [0:60] [-11.626780786704765:33.114547490360394]
tree_sizes=2900 3063 3045 3037 3034 3038 3043 3032 3034 3046 3056 3043 3054 3038 3035 3049 3022 3035 3042 3072 3043 3063 3035 3055 3040 3038 3046 3054 3080 3066 3065 3031 3081 3075 3015 3052 3082 3080 3054 3050 3028 3050 3071 3056 3046 3038 3071 3055 3068 3056 3011 3069 3045 3035 3055 3080 3066 3072 3014 3063 3080 3034 3038 3034 3046 3058 2950 3045 3069 3034 3010 3042 3051 3066 2994 3023 3002 3048 2976 3069 3016 3018 3009 3078 3038 3063 3069 3044 3018 3044 3016 3038 2996 3093 2976 3031 3056 3055 3015 3002 3056 3033 2946 3063 3030 2975 3068 3022 2956 2996 3052 2954 3022 2967 3022 2936 2962 2999 3039 2986 3046 3040 3043 3013 2989 2955 3030 3009 3043 2971 3064 2928 3028 3021 2975 2938 2970 2952 2993 2924 3012 3019 2984 2962 3011 2976 2959 2961 2929 2988 3010 2949 3016 2936 2999 2963 2947 2940 2918 2975 2989 3036 3028 2931 3001 2961 2923 2954 2976 3006 2922 2949 2981 2944 3023 3008 2968 3047 2944 2952 3001 2950 2980 2978 2940 2955 3023 2957 2979 2984 2996 3049 2981 2934

Tree=0
num_leaves=31
num_cat=0
split_feature=0 29 4 24 24 18 24 27 24 24 24 21 5 0 22 24 1 28 24 0 27 24 28 24 24 24 23 24 24 4
split_gain=1494.45 202.692 90.2602 61.5898 75.7191 51.7381 38.5072 37.2966 37.0224 30.4128 28.7337 28.4257 17.9742 17.1428 14.5522 14.0246 13.9677 13.6553 11.8764 11.5489 11.3272 11.1884 10.8423 10.759 8.75297 8.03466 7.85788 7.43941 7.33201 10.485
threshold=5.1227863320152851 -1.409456967099425 -0.2643514070792472 14.500000000000002 8.5000000000000018 15.13058039051147 14.500000000000002 18.500000000000004 5.5000000000000009 11.500000000000002 8.5000000000000018 33.500000000000007 0.75544060075152986 4.4674786937065862 19.500000000000004 11.500000000000002 185.00000000000003 5.5000000000000009 15.500000000000002 4.7985492905656644 13.500000000000002 14.500000000000002 22.500000000000004 9.5000000000000018 2.5000000000000004 6.5000000000000009 1.5000000000000002 7.5000000000000009 3.5000000000000004 0.073064926371091785
decision_type=2 2 2 2 2 2 2 2 2 2 2 2 2 2 2 2 2 2 2 2 2 2 2 2 2 2 2 2 2 2
left_child=1 3 5 4 -1 7 8 18 -4 11 17 22 -12 23 -9 26 -8 28 27 20 21 25 -6 24 -7 -15 -10 -3 -2 -30
right_child=10 2 6 -5 9 13 16 14 15 -11 12 -13 -14 19 -16 -17 -18 -19 -20 -21 -22 -23 -24 -25 -26 -27 -28 -29 29 -31
leaf_value=-1.4521501766097136 -1.3081262767253907 -1.381503634921136 -1.3483835167725544 -1.4297584380429342 -1.5243950276615457 -1.3658290085074112 -1.3431894816826857 -1.3308940090267514 -1.4060013650970162 -1.4551806071101003 -1.3046158475476481 -1.4792298204302321 -1.3245560733464097 -1.4456281226746561 -1.3812532063094836 -1.3631054994808014 -1.3768867848580038 -1.3572916120667178 -1.3827309884545549 -1.3819781231658805 -1.4296285386428542 -1.4328650217412782 -1.527766141562747 -1.3542417978114119 -1.4252912480349869 -1.4686689805805255 -1.3912924956899591 -1.4149964768539285 -1.3273804809786149 -1.3044075028481568
leaf_weight=5728 12051 1812 5819 4337 1388 303 18949 9518 1731 2206 82101 747 16201 1095 5237 3331 2012 2459 10088 12166 21664 8938 2567 2843 228 2714 3752 4009 8877 8574
leaf_count=5728 12051 1812 5819 4337 1388 303 18949 9518 1731 2206 82101 747 16201 1095 5237 3331 2012 2459 10088 12166 21664 8938 2567 2843 228 2714 3752 4009 8877 8574
internal_value=-1.35031 -1.35403 -1.35329 -1.35914 -1.3609 -1.35421 -1.35119 -1.3526 -1.35316 -1.36442 -1.3465 -1.3667 -1.34608 -1.3552 -1.35078 -1.3552 -1.34981 -1.3478 -1.35427 -1.35545 -1.35592 -1.3571 -1.36839 -1.35176 -1.3583 -1.35937 -1.35676 -1.35607 -1.3475 -1.34816
internal_weight=263445 133182 116209 16973 12636 80615 35594 30664 14633 6908 130263 4702 98302 49951 14755 8814 20961 31961 15909 46577 34411 12747 3955 3374 531 3809 5483 5821 29502 17451
internal_count=263445 133182 116209 16973 12636 80615 35594 30664 14633 6908 130263 4702 98302 49951 14755 8814 20961 31961 15909 46577 34411 12747 3955 3374 531 3809 5483 5821 29502 17451
is_linear=0
shrinkage=1


Tree=1
num_leaves=31
num_cat=0
split_feature=10 29 1 24 24 18 24 29 27 24 24 20 28 24 27 5 21 17 24 29 24 22 22 24 24 27 18 29 24 7
split_gain=1367.76 197.391 118.411 67.5369 74.4861 43.1582 39.0327 36.0974 28.7217 26.7881 20.7695 17.5058 15.7342 12.6984 17.0469 11.9954 11.7399 11.4654 10.3757 7.98421 10.4496 7.78644 7.51474 7.48545 7.73091 7.28677 7.74408 7.01144 6.88514 7.55868
threshold=0.95000000000000007 -1.2218905403000824 149.00000000000003 14.500000000000002 8.5000000000000018 15.61597331111186 14.500000000000002 -2.5608938885402721 19.500000000000004 2.5000000000000004 8.5000000000000018 1.2782096704950086 22.500000000000004 11.500000000000002 7.5000000000000009 0.74501559757316538 34.500000000000007 9.5000000000000018 16.500000000000004 -1.0000000180025095e-35 7.5000000000000009 20.500000000000004 9.5000000000000018 7.5000000000000009 11.500000000000002 14.500000000000002 25.51950395513769 -0.73123558741911709 3.5000000000000004 0.42657334683777942
decision_type=2 2 2 2 2 2 2 2 2 2 2 2 2 2 2 2 2 2 2 2 2 2 2 2 2 2 2 2 2 2
left_child=10 3 6 4 -2 8 9 16 18 -3 28 -8 -11 14 -9 -12 -6 22 23 27 -21 -10 -7 -4 -25 -24 -27 -14 -1 -30
right_child=1 2 5 -5 7 17 11 13 21 12 15 -13 19 -15 -16 -17 -18 -19 -20 20 -22 -23 25 24 -26 26 -28 -29 29 -31
leaf_value=0.040347776726040063 -0.091761691802977538 0.014225805882176057 -0.031266881320122744 -0.070246409705739449 -0.20239963915034181 -0.076874014613325048 0.0084677478920592124 -0.12349502022413568 0.010266406556397267 -0.016072879151223875 0.043541225141622841 -0.013211684629357524 -0.033774619182672015 -0.087550920480544525 -0.11077069374206693 0.037559355046369626 -0.12743173950762063 -0.016148970221106524 -0.031680369146269406 -0.037116606406712958 -0.2419999383644211 -0.02411820454721866 -0.06937604878114538 -0.091985847504896814 -0.049576941822968248 -0.028653295768849393 -0.071746841023533889 -0.017039578687489489 0.042811684243445121 0.024248593114048381
leaf_weight=12093 7091 3604 1806 7116 1991 13958 20777 1907 8511 10089 79959 7900 1514 2900 1594 11708 144 2275 8968 672 507 4122 10452 1292 2820 6325 10506 3094 8640 8828
leaf_count=12093 7091 3604 1806 7116 1991 13958 20777 1907 8511 10089 79959 7900 1514 2900 1594 11708 144 2275 8968 672 507 4122 10452 1292 2820 6325 10506 3094 8640 8828
internal_value=5.32562e-05 -0.00327808 -0.00246359 -0.00754672 -0.00938536 -0.00376117 -0.000549556 -0.0125316 -0.00221138 -0.00227669 0.00395362 0.000623671 -0.00316012 -0.0106538 -0.0126807 0.00432528 -0.0181616 -0.00474124 -0.00369945 -0.00523847 -0.00891009 -0.000457927 -0.00493186 -0.00532443 -0.00650292 -0.00444911 -0.00380518 -0.00429904 0.00280116 0.00216625
internal_weight=263163 141935 119192 22743 15627 71035 48157 8536 27519 19480 121228 28677 15876 6401 3501 91667 2135 43516 14886 5787 1179 12633 41241 5918 4112 27283 16831 4608 29561 17468
internal_count=263163 141935 119192 22743 15627 71035 48157 8536 27519 19480 121228 28677 15876 6401 3501 91667 2135 43516 14886 5787 1179 12633 41241 5918 4112 27283 16831 4608 29561 17468
is_linear=0
shrinkage=0.05


Tree=2
num_leaves=31
num_cat=0
split_feature=0 29 4 24 24 27 18 24 24 24 24 21 5 20 22 24 0 24 24 29 27 19 0 29 29 22 17 24 0 20
split_gain=1330.06 164.5 82.2699 58.2403 66.7337 39.4833 39.2929 33.6587 26.9482 24.8937 23.363 20.8346 16.2876 15.9949 15.6224 14.8778 13.4231 12.6956 12.5665 10.9022 10.3066 10.2355 9.22596 8.00777 9.09942 7.80056 7.73478 12.4642 15.6167 8.44765
threshold=5.1286703667030071 -1.2530839403026801 -0.30102930505198938 14.500000000000002 8.5000000000000018 13.500000000000002 15.61597331111186 11.500000000000002 14.500000000000002 8.5000000000000018 5.5000000000000009 33.500000000000007 0.75544060075152986 1.2782096704950086 18.500000000000004 15.500000000000002 4.4674786937065862 11.500000000000002 6.5000000000000009 -2.1968687689319921 8.5000000000000018 41.161199835587631 4.8066698993475034 0.038761191647520087 0.54280278330869824 12.500000000000002 6.5000000000000009 7.5000000000000009 5.0590719231024197 1.2782096704950086
decision_type=2 2 2 2 2 2 2 2 2 2 2 2 2 2 2 2 2 2 2 2 2 2 2 2 2 2 2 2 2 2
left_child=1 3 5 4 -1 15 14 11 10 21 -4 19 -11 -10 -7 18 -8 26 -3 -6 -21 -2 -17 -20 -25 -18 27 -12 29 -29
right_child=9 2 8 -5 7 6 16 -9 13 12 17 -13 -14 -15 -16 22 25 -19 23 20 -22 -23 -24 24 -26 -27 -28 28 -30 -31
leaf_value=-0.087086145844229967 0.034671382344658379 -0.047571145054169622 0.00027829374122090853 -0.072024132750759765 -0.17957409491029541 0.0055834683784693031 -0.004778487301382037 -0.087191568046501744 0.0067333366577169672 0.040980771121632988 -0.02017079989915125 -0.10813626526003724 0.024429991034713387 -0.026253388458833599 -0.030149824947874965 -0.068198271141291733 -0.068411647241181331 -0.008520209595706053 -0.064478308917188504 -0.12511813494923141 -0.10003829937503872 -0.0030069981646773094 -0.017613027106133973 -0.21908468544092813 -0.13505416945822935 -0.049491981125250883 -0.019496571871042544 -0.20247236911842392 -0.01286088595164514 -0.049704619154526536
leaf_weight=6380 29439 2891 6203 6542 2347 11284 2354 2877 19360 82108 1297 919 15648 3265 8022 10988 10950 3539 6671 1347 645 2290 4771 97 1595 15368 2112 1159 771 413
leaf_count=6380 29439 2891 6203 6542 2347 11284 2354 2877 19360 82108 1297 919 15648 3265 8022 10988 10950 3539 6671 1347 645 2290 4771 97 1595 15368 2112 1159 771 413
internal_value=0.000123117 -0.00336569 -0.00261029 -0.00742342 -0.00918877 -0.0035717 -0.00271083 -0.0121911 -0.000718933 0.00373808 -0.00232542 -0.0145702 0.00413305 0.000381216 -0.000967057 -0.00510069 -0.00388497 -0.00391185 -0.00648925 -0.0160187 -0.0132982 0.0025212 -0.00410908 -0.0074716 -0.0105437 -0.00420853 -0.00536161 -0.00675824 -0.00893513 -0.0117939
internal_weight=263652 134167 113110 21057 14515 74991 47978 8135 38119 129485 15494 5258 97756 22625 19306 27013 28672 9291 11254 4339 1992 31729 15759 8363 1692 26318 5752 3640 2343 1572
internal_count=263652 134167 113110 21057 14515 74991 47978 8135 38119 129485 15494 5258 97756 22625 19306 27013 28672 9291 11254 4339 1992 31729 15759 8363 1692 26318 5752 3640 2343 1572
is_linear=0
shrinkage=0.05


Tree=3
num_leaves=31
num_cat=0
split_feature=0 29 4 27 18 10 27 27 20 28 0 0 17 0 0 23 29 27 3 17 29 29 0 27 23 0 18 29 1 23
split_gain=1257.28 146.348 79.2187 42.4008 35.6366 30.5874 30.1622 28.0995 21.209 13.261 12.8329 11.9434 10.4076 9.47773 9.43373 8.78424 8.18199 7.85842 7.24698 7.31758 7.17463 7.03435 6.72011 6.31607 6.04422 5.67471 6.37304 5.58231 5.3009 5.14276
threshold=5.1227863320152851 -1.4571161936178669 -0.91706966442293736 7.5000000000000009 15.371277410323176 0.91666666666666685 8.5000000000000018 16.500000000000004 1.2782096704950086 31.500000000000004 4.973239364658367 5.6049807601895782 4.5000000000000009 4.3895594239587075 4.9296208115160445 5.5000000000000009 -2.1968687689319921 28.500000000000004 0.12909294262910034 4.5000000000000009 0.026122464580513982 -0.6161991890922468 4.6533718866885332 13.500000000000002 5.5000000000000009 4.688499415564281 15.371277410323176 -0.73123558741911709 225.00000000000003 1.5000000000000002
decision_type=2 2 2 2 2 2 2 2 2 2 2 2 2 2 2 2 2 2 2 2 2 2 2 2 2 2 2 2 2 2
left_child=1 3 4 9 7 11 10 -3 17 14 20 -2 -5 -6 16 29 22 25 19 -17 21 -4 -1 -15 -24 -8 -27 -19 -9 -13
right_child=5 2 6 12 13 -7 8 28 -10 -11 -12 15 -14 23 -16 18 -18 27 -20 -21 -22 -23 24 -25 -26 26 -28 -29 -30 -31
leaf_value=-0.20428943425245882 0.038373307729085128 -0.056059769595887633 -0.031903302594125202 -0.10977150608357694 -0.0002585651919638574 0.0046108271407365965 0.022833720505009016 -0.0324804209194735 -0.017559076626998273 -0.07704607540272411 -0.0067767437410149733 0.047983007442116213 -0.089539644867200702 -0.079825589807759292 -0.040467572999095508 -0.037662282335423507 -0.10741707521554891 -0.033798081285290126 0.047705280342293099 0.0097650252183921777 -0.081917529026053149 -0.018340432597337669 -0.12637847526400528 -0.065945641803001373 -0.064704482251139742 0.0051581772500292758 -0.0090803225988277825 -0.0069371168231159956 0.0292868036144741 0.035422340244142501
leaf_weight=763 106666 8222 3304 2066 1005 10378 6725 5005 21378 807 5396 3881 7583 13984 571 515 2485 692 680 616 1311 3863 1520 23022 230 10494 3911 3268 5494 7740
leaf_count=763 106666 8222 3304 2066 1005 10378 6725 5005 21378 807 5396 3881 7583 13984 571 515 2485 692 680 616 1311 3863 1520 23022 230 10494 3911 3268 5494 7740
internal_value=0.00016096 -0.00325814 -0.00264474 -0.00773947 -0.00398611 0.00364879 -0.00138361 -0.00220047 -0.00077279 -0.0109034 -0.00342944 0.00387384 -0.00564877 -0.00486556 -0.0117714 0.00246873 -0.012467 0.000213233 -0.000770292 -0.00322281 -0.0046426 -0.00402051 -0.0144787 -0.00499568 -0.0127714 0.000596309 3.64459e-05 -0.00183081 -0.000486237 0.0029735
internal_weight=263575 133099 117074 16025 56732 130476 60342 18721 46468 6376 13874 120098 9649 38011 5569 13432 4998 25090 1811 1131 8478 7167 2513 37006 1750 21130 14405 3960 10499 11621
internal_count=263575 133099 117074 16025 56732 130476 60342 18721 46468 6376 13874 120098 9649 38011 5569 13432 4998 25090 1811 1131 8478 7167 2513 37006 1750 21130 14405 3960 10499 11621
is_linear=0
shrinkage=0.05


Tree=4
num_leaves=31
num_cat=0
split_feature=10 20 29 24 24 18 20 27 27 24 24 24 27 17 24 28 24 22 5 24 17 7 29 27 23 24 17 24 7 18
split_gain=1161.06 160.443 69.7723 56.7923 51.1216 36.9863 34.091 30.8109 25.6603 20.5161 20.0723 35.1407 13.7337 13.0783 11.2578 11.1453 10.2515 10.232 9.39239 7.55021 7.59052 7.22731 7.17155 6.83091 6.49679 6.42291 6.35629 6.26135 5.61075 5.44144
threshold=0.91666666666666685 1.0000000180025095e-35 -1.6214020128300053 12.500000000000002 6.5000000000000009 15.61597331111186 1.2782096704950086 9.5000000000000018 19.500000000000004 8.5000000000000018 11.500000000000002 8.5000000000000018 6.5000000000000009 6.5000000000000009 11.500000000000002 9.5000000000000018 7.5000000000000009 21.500000000000004 0.75544060075152986 17.500000000000004 4.5000000000000009 0.5196312966465132 4.1337886697869566 21.500000000000004 1.5000000000000002 2.5000000000000004 9.5000000000000018 17.500000000000004 0.41286470972901129 12.112820027334863
decision_type=2 2 2 2 2 2 2 2 2 2 2 2 2 2 2 2 2 2 2 2 2 2 2 2 2 2 2 2 2 2
left_child=9 2 7 4 15 8 -5 10 27 25 11 -2 13 14 16 29 -6 -10 -11 20 -9 -18 -23 -14 -20 -1 -7 -4 -27 -3
right_child=1 3 5 6 12 26 -8 19 17 18 -12 -13 23 -15 -16 -17 21 -19 24 -21 -22 22 -24 -25 -26 28 -28 -29 -30 -31
leaf_value=0.035608391540933516 -0.085286360587346746 0.017030441023866912 -0.066753402834414319 0.0063451467054693074 -0.030065194214813847 -0.068961544536697686 -0.015191238010336098 -0.17924646274591244 0.030572512455884382 0.037382243348921644 -0.091265047406326849 -0.16470257659965148 -0.018781782002700281 -0.02067419959174481 -0.011609568425156945 -0.014735899371210196 -0.054625771642047773 -0.048561276837434247 0.046040830716291253 -0.068801165119332444 -0.10308256743669052 -0.10187336376073707 -0.29288898405707625 -0.049754910473998951 0.02989846137617639 0.037501942579771665 -0.03346913832253464 -0.035327526288594695 0.024026070352323965 -0.0075681240277009612
leaf_weight=8513 972 3776 4518 27287 437 37880 19281 672 6383 81204 1547 1855 4165 1430 600 7621 778 2507 2893 1365 2824 1656 125 4906 7109 9396 1267 6321 11208 3309
leaf_count=8513 972 3776 4518 27287 437 37880 19281 672 6383 81204 1547 1855 4165 1430 600 7621 778 2507 2893 1365 2824 1656 125 4906 7109 9396 1267 6321 11208 3309
internal_value=0.000215026 -0.00282258 -0.00458142 -0.00123317 -0.00297834 -0.00394762 -0.000153753 -0.00862209 -0.00218232 0.0038373 -0.0116667 -0.0141723 -0.00512981 -0.00722642 -0.00883482 -0.000915952 -0.0100868 -0.000191226 0.00420619 -0.00588253 -0.00711384 -0.0112954 -0.0130517 -0.00396814 0.00276045 0.00268177 -0.00483728 -0.00381539 0.00220443 0.000511644
internal_weight=263805 143482 68111 75371 28803 58876 46568 9235 19729 120323 4374 2827 14097 5026 3596 14706 2996 8890 91206 4861 3496 2559 1781 9071 10002 29117 39147 10839 20604 7085
internal_count=263805 143482 68111 75371 28803 58876 46568 9235 19729 120323 4374 2827 14097 5026 3596 14706 2996 8890 91206 4861 3496 2559 1781 9071 10002 29117 39147 10839 20604 7085
is_linear=0
shrinkage=0.05


Tree=5
num_leaves=31
num_cat=0
split_feature=0 4 27 24 24 24 18 21 24 24 0 0 0 21 24 24 24 18 21 0 0 22 18 0 1 24 4 24 24 20
split_gain=1133.91 111.492 56.0111 48.7494 51.2167 44.9263 38.4236 38.2938 34.7908 40.0264 22.5591 29.159 22.3384 20.3608 20.1149 11.8246 12.3135 11.1866 11.1949 10.4721 9.99004 9.70623 11.7449 9.61073 7.64165 6.62054 7.54183 6.41163 6.00653 7.53103
threshold=5.1022775351308658 -0.91706966442293736 10.500000000000002 13.500000000000002 6.5000000000000009 14.500000000000002 20.639761824153961 4.5000000000000009 8.5000000000000018 11.500000000000002 4.7170695814152301 4.9244151253434794 4.688499415564281 33.500000000000007 8.5000000000000018 11.500000000000002 8.5000000000000018 12.560022105663213 36.500000000000007 4.9193525064942056 4.3895594239587075 16.500000000000004 14.405193574437424 5.6089425555744459 161.00000000000003 2.5000000000000004 0.077507495594663675 9.5000000000000018 11.500000000000002 0.71152972300205597
decision_type=2 2 2 2 2 2 2 2 2 2 2 2 2 2 2 2 2 2 2 2 2 2 2 2 2 2 2 2 2 2
left_child=1 2 5 4 17 8 21 14 -1 13 27 15 -5 -10 25 16 -12 18 -3 -14 -8 22 -4 -16 -18 -2 -27 -6 29 -13
right_child=7 3 6 12 10 -7 20 -9 9 -11 11 28 19 -15 23 -17 24 -19 -20 -21 -22 -23 -24 -25 -26 26 -28 -29 -30 -31
leaf_value=-0.075180443085848606 0.033770319878342905 0.014119727558421802 0.002312649384010981 0.024018167731204215 -0.016669803592249278 -0.061487491221900961 0.001827304353193638 0.0040715459118440571 -0.15335416074231642 -0.08338855765386155 -0.26188679464334286 -0.097072462738928028 -0.017957500419345195 -0.070256060529132414 0.035520067106365037 -0.03612069762616002 -0.10700508673789277 -0.014833435347610419 -0.031874944096229429 -0.0017288928560515683 -0.073063564689673732 -0.042196657733590034 -0.041467975189241141 0.034553214188109957 -0.077246952283683418 0.021264178345220583 0.03622988296788604 0.014083332656052073 -0.0089766304669065232 -0.020424630634017657
leaf_weight=3608 8497 4997 7985 9374 956 9813 988 13401 2792 3666 1186 2097 10394 368 81775 1250 1375 5765 1095 17009 25454 9306 4213 9219 500 10751 9998 1430 1853 2690
leaf_count=3608 8497 4997 7985 9374 956 9813 988 13401 2792 3666 1186 2097 10394 368 81775 1250 1375 5765 1095 17009 25454 9306 4213 9219 500 10751 9998 1430 1853 2690
internal_value=0.00027056 -0.003051 -0.00444598 -0.00151595 -0.00321029 -0.00665111 -0.00351479 0.0035057 -0.00893521 -0.0110343 -0.00533591 -0.00629577 -0.000355249 -0.0151582 0.00378826 -0.0094978 -0.0111712 -0.000819347 0.000674655 -0.00107598 -0.00479124 -0.00194522 -0.00101738 0.00415489 -0.0136933 0.00264754 0.00216613 -0.000930427 -0.00421687 -0.0051525
internal_weight=263805 130164 68193 61971 25194 20247 47946 133641 10434 6826 13337 10951 36777 3160 120240 4311 3061 11857 6092 27403 26442 21504 12198 90994 1875 29246 20749 2386 6640 4787
internal_count=263805 130164 68193 61971 25194 20247 47946 133641 10434 6826 13337 10951 36777 3160 120240 4311 3061 11857 6092 27403 26442 21504 12198 90994 1875 29246 20749 2386 6640 4787
is_linear=0
shrinkage=0.05


Tree=6
num_leaves=31
num_cat=0
split_feature=0 29 4 27 18 20 5 27 0 27 29 27 0 22 18 29 0 0 17 0 29 29 0 4 0 0 2 23 29 23
split_gain=1090.04 124.385 68.976 40.5685 30.9276 21.8336 21.4514 20.3517 17.5373 9.97062 9.84098 8.09348 7.2578 7.25758 7.76518 7.23601 6.84062 8.4529 6.80215 6.65 5.82543 5.58619 5.02392 4.96194 4.77082 9.27295 4.69845 4.57944 4.43485 4.43411
threshold=5.1344332579712679 -1.409456967099425 -0.91706966442293736 8.5000000000000018 20.012939124463966 1.2782096704950086 0.75544060075152986 16.500000000000004 4.9296208115160445 9.5000000000000018 -2.1968687689319921 11.500000000000002 4.9041128417203437 20.500000000000004 15.13058039051147 0.62705200687072382 4.3895594239587075 4.7324720776733296 4.5000000000000009 4.6851294144313123 -0.47967793934772801 -2.5608938885402721 4.8882269033423915 -0.42482818828458002 4.9913979866649205 4.8576412516912386 0.15394392585434327 1.5000000000000002 -2.5608938885402721 5.5000000000000009
decision_type=2 2 2 2 2 2 2 2 2 2 2 2 2 2 2 2 2 2 2 2 2 2 2 2 2 2 2 2 2 2
left_child=1 3 4 8 7 9 -2 -3 10 24 19 22 18 14 -9 20 -6 -18 21 28 -11 -5 -7 -13 25 -4 27 -8 -1 -21
right_child=6 2 5 12 16 11 26 13 -10 15 -12 23 -14 -15 -16 -17 17 -19 -20 29 -22 -23 -24 -25 -26 -27 -28 -29 -30 -31
leaf_value=-0.15774806955668211 0.032778696672868222 -0.046788445415176565 -0.0013623583346938277 -0.21949245735844247 -0.0079395988013641911 -0.034522082698838059 0.022007233252361445 0.027324614266233824 -0.029774427989544851 -0.0044761312026970939 -0.085603783323210392 -0.0055985191566101031 -0.019806243403603346 -0.036087712860059927 -0.033628310565839641 -0.015853888201868331 -0.078376357762619031 -0.041966441662391156 -0.082174551897288534 -0.10557393449546715 0.0068111497581382387 -0.06374270517304674 -0.015158903656156629 -0.021170138755163471 -0.0023174689017275932 -0.024242948776601728 0.033613399409553338 0.0082993121741857818 -0.13186555858629104 -0.039237234885000277
leaf_weight=930 107730 10757 2139 520 972 4130 4161 6832 896 6303 3470 8413 1813 4467 2722 2357 20375 9792 6387 1450 16767 1171 4811 10416 4248 2603 6127 10501 316 225
leaf_count=930 107730 10757 2139 520 972 4130 4161 6832 896 6303 3470 8413 1813 4467 2722 2357 20375 9792 6387 1450 16767 1171 4811 10416 4248 2603 6127 10501 316 225
internal_value=0.000296455 -0.00283622 -0.00225801 -0.00681162 -0.00353229 -0.00111221 0.00359398 -0.00221406 -0.00964251 -0.000270651 -0.0105609 -0.0021552 -0.00472601 -0.000958919 -0.000181076 0.00023538 -0.00458123 -0.00471426 -0.00536766 -0.0126994 0.000504985 -0.00818746 -0.00339392 -0.001567 -0.00170189 -0.00279207 0.00212348 0.00163757 -0.0154655 -0.0106418
internal_weight=263801 135282 118104 17178 55917 62187 128519 24778 7287 34417 6391 27770 9891 14021 9554 25427 31139 30167 8078 2921 23070 1691 8941 18829 8990 4742 20789 14662 1246 1675
internal_count=263801 135282 118104 17178 55917 62187 128519 24778 7287 34417 6391 27770 9891 14021 9554 25427 31139 30167 8078 2921 23070 1691 8941 18829 8990 4742 20789 14662 1246 1675
is_linear=0
shrinkage=0.05


Tree=7
num_leaves=31
num_cat=0
split_feature=0 4 27 18 20 17 21 27 0 0 28 0 23 3 0 21 27 27 23 1 23 26 19 18 17 27 21 1 0 0
split_gain=1006.5 122.963 54.0735 33.819 23.0299 18.3165 13.5535 11.8485 14.4233 10.7055 10.2968 9.53748 9.02445 10.2135 7.62115 7.32664 7.00396 7.35668 6.98825 10.417 7.02276 6.42111 6.07743 5.96488 5.85885 5.52275 7.43702 4.83568 4.77391 8.69121
threshold=5.1497057863820919 -0.91706966442293736 10.500000000000002 20.639761824153961 1.2782096704950086 4.5000000000000009 26.500000000000004 6.5000000000000009 4.8882269033423915 5.6089425555744459 16.500000000000004 4.3895594239587075 1.5000000000000002 0.11461509136311218 4.6603476403907047 32.500000000000007 19.500000000000004 27.500000000000004 2.5000000000000004 253.00000000000003 5.5000000000000009 1.0000000180025095e-35 59.187244281006727 9.0979409974958525 4.5000000000000009 6.5000000000000009 27.500000000000004 225.00000000000003 4.8298264345200224 4.9798296441859744
decision_type=2 2 2 2 2 2 2 2 2 2 2 2 2 2 2 2 2 2 2 2 2 2 2 2 2 2 2 2 2 2
left_child=1 2 5 16 10 15 9 8 -6 -2 22 -5 -11 18 -7 21 -4 27 19 -14 -20 25 -3 -19 -22 -1 -27 -18 -12 -30
right_child=6 4 3 11 7 14 -8 -9 -10 12 28 -13 13 -15 -16 -17 17 23 20 -21 24 -23 -24 -25 -26 26 -28 -29 29 -31
leaf_value=-0.10826661903779417 0.031256458881016726 0.010595225502183581 -0.032639409401990449 0.0047659623131033673 -0.050189032251945646 -0.11310346430312535 0.0057525551442079072 -0.01483478567626796 -0.011785167189648957 0.041315147938738056 0.0012128430982099464 -0.064526480101334369 -0.02828014210826342 0.038489106908975126 -0.058236693222393991 -0.056005027890276927 -0.020896012067671711 -0.030658057380465533 0.032733839058227958 -0.066411216817531996 -0.042008886885510681 -0.12195104029984889 -0.0034641954380788507 -0.082025230911926206 0.012776761502575867 -0.11193165164607284 -0.049050206630356599 0.038085413513574945 -0.019988899380187771 -0.0034669238652494266
leaf_weight=2988 107853 12573 8358 989 2879 3917 6086 24795 2943 3534 4627 25413 1001 3450 10142 841 3984 2039 3249 53 480 240 8002 2414 574 113 1878 4711 4393 8783
leaf_count=2988 107853 12573 8358 989 2879 3917 6086 24795 2943 3534 4627 25413 1001 3450 10142 841 3984 2039 3249 53 480 240 8002 2414 574 113 1878 4711 4393 8783
internal_value=0.00034375 -0.00262396 -0.0041324 -0.00321888 -0.00113668 -0.00630772 0.00356391 -0.00215942 -0.00418928 0.00368047 -0.000320756 -0.00441785 0.00228547 0.00142898 -0.00531723 -0.00860561 -0.00174695 -0.00102753 6.25352e-05 -0.00358634 0.00095631 -0.00930351 0.000441069 -0.00268022 -0.00259013 -0.00891846 -0.00687845 -0.000181138 -0.0012012 -0.0016864
internal_weight=263302 137022 68027 47908 68995 20119 126280 30617 5822 120194 38378 26402 12341 8807 14059 6060 21506 13148 5357 1054 4303 5219 20575 4453 1054 4979 1991 8695 17803 13176
internal_count=263302 137022 68027 47908 68995 20119 126280 30617 5822 120194 38378 26402 12341 8807 14059 6060 21506 13148 5357 1054 4303 5219 20575 4453 1054 4979 1991 8695 17803 13176
is_linear=0
shrinkage=0.05


Tree=8
num_leaves=31
num_cat=0
split_feature=21 4 29 24 21 24 28 20 24 24 24 24 7 24 24 5 24 28 29 4 17 1 29 29 29 21 24 4 1 5
split_gain=943.363 131.451 65.3266 37.5492 34.0193 28.4149 25.3929 18.9235 17.7119 17.4154 36.5942 14.0136 16.376 13.484 10.6969 8.21215 7.18489 6.94418 6.87128 6.83296 6.33457 5.98129 5.98463 5.37994 6.61421 5.1746 5.27196 4.90207 4.73874 4.86975
threshold=15.000000000000002 -0.91706966442293736 -1.7690543140210224 13.500000000000002 33.500000000000007 6.5000000000000009 11.500000000000002 1.2782096704950086 8.5000000000000018 11.500000000000002 8.5000000000000018 11.500000000000002 0.78940483672180595 15.500000000000002 6.5000000000000009 0.69764426792753909 2.5000000000000004 9.5000000000000018 -3.1903952382278615 0.075215567670207165 4.5000000000000009 281.00000000000006 -0.022870959790247915 0.051237293850239694 0.50996145482694988 29.500000000000004 2.5000000000000004 -0.4786115313729003 281.00000000000006 1.343568312283745
decision_type=2 2 2 2 2 2 2 2 2 2 2 2 2 2 2 2 2 2 2 2 2 2 2 2 2 2 2 2 2 2
left_child=8 2 4 5 9 17 21 -5 16 10 -2 12 20 14 28 -10 -1 -3 -12 -18 27 22 -4 -16 -25 -19 -27 -7 -8 -30
right_child=1 3 6 7 -6 11 13 -9 15 -11 18 -13 -14 -15 23 -17 19 25 -20 -21 -22 -23 -24 24 -26 26 -28 -29 29 -31
leaf_value=0.029162544418550887 -0.093112544240953124 0.0045338090546978493 -0.034505193555172967 0.0056639425320647004 -0.070410343569535128 -0.22131083525993997 -0.053722992144735797 -0.0108652587531664 0.030592163560321312 -0.074849833623993486 -0.22455369561235169 -0.0087346183626215278 -0.1355704380636924 -0.045881744695135999 -0.06855578356785301 0.029718320173382828 0.016413996148542134 0.0038834739517625279 -0.11512745411310032 0.030392183642223437 -0.024413870224551451 0.010040549991044229 -0.078996641651614949 -0.14124677072866951 -0.11010890843713766 -0.0020504397899108306 -0.030338782411099791 -0.054551124054305622 -0.054350415231764072 -0.11128866167464607
leaf_weight=8504 1628 7049 19837 25830 2431 183 3095 18148 74812 1653 811 4724 1387 24056 7195 16418 10593 1661 1325 10081 7616 2282 2268 65 1314 2134 3804 2670 87 110
leaf_count=8504 1628 7049 19837 25830 2431 183 3095 18148 74812 1653 811 4724 1387 24056 7195 16418 10593 1661 1325 10081 7616 2282 2268 65 1314 2134 3804 2670 87 110
internal_value=0.000357337 -0.00238301 -0.0039734 -0.00094168 -0.00826453 -0.00226752 -0.003415 -2.272e-07 0.00362011 -0.0104698 -0.0123486 -0.00368516 -0.00460273 -0.00426034 -0.00563964 0.00396306 0.00254781 -0.000662889 -0.0166526 0.0020446 -0.00392635 -0.0021698 -0.0024214 -0.00656986 -0.00943075 -0.00171141 -0.00240148 -0.00593586 -0.00321689 -0.010736
internal_weight=263771 143363 68157 75206 7848 31228 60309 43978 120408 5417 3764 16580 11856 35922 11866 91230 29178 14648 2136 20674 10469 24387 22105 8574 1379 7599 5938 2853 3292 197
internal_count=263771 143363 68157 75206 7848 31228 60309 43978 120408 5417 3764 16580 11856 35922 11866 91230 29178 14648 2136 20674 10469 24387 22105 8574 1379 7599 5938 2853 3292 197
is_linear=0
shrinkage=0.05


Tree=9
num_leaves=31
num_cat=0
split_feature=0 20 29 24 18 24 21 28 0 0 24 24 24 24 20 5 0 20 18 21 24 0 29 24 18 0 24 24 22 18
split_gain=928.511 110.681 60.9204 31.9672 29.1824 27.6214 26.9698 18.7689 18.1098 27.8382 18.0561 17.986 16.0161 34.4632 13.5906 13.0067 10.4968 10.6394 8.80014 11.3832 8.67113 7.6855 7.34187 7.17051 7.5009 6.45164 7.44849 7.9427 6.23924 6.74289
threshold=5.1497057863820919 1.0000000180025095e-35 -1.7690543140210224 14.500000000000002 20.012939124463966 6.5000000000000009 33.500000000000007 18.500000000000004 5.0085047394125981 4.7012900704448422 8.5000000000000018 11.500000000000002 11.500000000000002 8.5000000000000018 1.2782096704950086 0.7103432039503933 4.898897116514747 1.2782096704950086 13.003328952775066 34.500000000000007 8.5000000000000018 4.3895594239587075 0.057494404704434877 2.5000000000000004 4.4672337455125541 4.6786224635956151 15.500000000000002 6.5000000000000009 18.500000000000004 14.189292361214495
decision_type=2 2 2 2 2 2 2 2 2 2 2 2 2 2 2 2 2 2 2 2 2 2 2 2 2 2 2 2 2 2
left_child=1 2 6 5 7 18 12 28 9 -7 23 16 13 -1 -5 -12 20 -18 19 -3 -11 -6 -22 -2 -25 -23 27 -27 29 -4
right_child=10 3 4 14 21 8 -8 -9 -10 11 15 -13 -14 -15 -16 -17 17 -19 -20 -21 22 25 -24 24 -26 26 -28 -29 -30 -31
leaf_value=-0.082324370257840396 0.026440928964643496 0.015989466389270651 0.013888262419946416 0.0051658085767258477 -0.005788201327596507 -0.0012518976108786167 -0.071882855092688713 -0.051990751425360082 -0.0070155781206002882 -0.25527616106374024 0.0292309505695071 -0.020628685016590022 -0.071095765531963062 -0.1448314958324145 -0.010013037448815723 0.022595186455747915 -0.16897666889094037 -0.018249895823050165 -0.012640091854219829 -0.023709140074437557 -0.079319548242474738 -0.07822847959831436 -0.32080315910739876 0.025925267973874889 0.0040882616943062541 -0.040130044891292876 -0.037081045807100317 -0.066000141864619125 -0.028929678603102988 -0.027900257083168001
leaf_weight=1637 8972 5119 7451 21348 1102 2696 2470 8746 5550 895 76489 3411 1596 2166 17221 18993 1763 1593 6290 1898 1191 13602 210 16197 5723 3038 11801 4398 6278 3962
leaf_count=1637 8972 5119 7451 21348 1102 2696 2470 8746 5550 895 76489 3411 1596 2166 17221 18993 1763 1593 6290 1898 1191 13602 210 16197 5723 3038 11801 4398 6278 3962
internal_value=0.000378991 -0.00246551 -0.00389416 -0.00105623 -0.00335486 -0.00226254 -0.00803215 -0.00210935 -0.00357935 -0.00469045 0.00347239 -0.00601732 -0.010012 -0.0117762 -9.86542e-05 0.00381234 -0.0077477 -0.00596543 -0.00054971 0.000667664 -0.0103528 -0.004325 -0.0128087 0.00242166 0.00193431 -0.00446283 -0.00387352 -0.00511296 -0.00117263 -0.000476211
internal_weight=263806 137432 68247 69185 60378 30616 7869 26437 17309 11759 126374 9063 5399 3803 38569 95482 5652 3356 13307 7017 2296 33941 1401 30892 21920 32839 19237 7436 17691 11413
internal_count=263806 137432 68247 69185 60378 30616 7869 26437 17309 11759 126374 9063 5399 3803 38569 95482 5652 3356 13307 7017 2296 33941 1401 30892 21920 32839 19237 7436 17691 11413
is_linear=0
shrinkage=0.05


Tree=10
num_leaves=31
num_cat=0
split_feature=0 4 27 24 18 24 24 24 24 24 24 0 0 5 0 24 0 0 0 4 23 24 18 20 24 22 18 18 23 0
split_gain=855.786 99.9843 41.2019 34.8662 30.7454 26.3232 24.3339 22.0776 19.6572 19.4198 18.4528 15.9123 22.2703 12.8303 12.6336 11.7643 9.5155 9.1578 8.48828 8.33196 7.82283 7.63003 7.60505 7.51467 7.13478 6.92566 5.71245 5.4731 5.39638 7.98965
threshold=5.1497057863820919 -0.91706966442293736 10.500000000000002 14.500000000000002 20.012939124463966 6.5000000000000009 14.500000000000002 11.500000000000002 6.5000000000000009 8.5000000000000018 8.5000000000000018 5.0085047394125981 4.7012900704448422 0.7103432039503933 4.6819840796372594 11.500000000000002 4.8812865822448641 4.9146515907655006 4.3895594239587075 -0.22994699080646538 1.0000000180025095e-35 2.5000000000000004 4.4672337455125541 0.70775324439171794 8.5000000000000018 19.500000000000004 13.465590563590967 15.849253963480669 1.5000000000000002 5.5539350593281904
decision_type=2 2 2 2 2 2 2 2 2 2 2 2 2 2 2 2 2 2 2 2 2 2 2 2 2 2 2 2 2 2
left_child=1 2 3 5 25 -1 8 9 23 -7 21 12 -10 -12 -8 16 24 -16 -6 -18 -21 -2 -23 -3 -14 26 -4 -19 -15 -30
right_child=10 6 4 -5 18 7 14 -9 11 -11 13 -13 15 28 17 -17 19 27 -20 20 -22 22 -24 -25 -26 -27 -28 -29 29 -31
leaf_value=-0.04579277147839475 0.025063659109478567 0.0093370027876376188 0.0014383869771644165 -0.045389010362039413 0.0043497495929281536 -0.094397753128280151 0.021398699867633552 -0.062960068685807544 -0.0011883545708226114 -0.10879757417195197 0.027693807839913799 -0.0057737496180047644 -0.26075019481279438 0.029422490912934793 -0.014499798911081555 -0.020229145780814424 -0.01739830119774527 0.003499568184124704 -0.055446043689890027 -0.25056172845834884 -0.089696177371259941 0.023545631364176457 0.0028067879211934169 -0.0095191264992276585 -0.10130562825366976 -0.033887544594356743 -0.027077626280847089 -0.0058467071112588628 0.020299270984409892 0.0086576742282225127
leaf_weight=2211 8922 3287 8202 9788 989 1430 8974 3601 2710 3119 76670 5546 711 5597 9268 3359 1813 13415 25997 255 1711 16157 5759 10026 1123 7603 5170 6924 7960 5376
leaf_count=2211 8922 3287 8202 9788 989 1430 8974 3601 2710 3119 76670 5546 711 5597 9268 3359 1813 13415 25997 255 1711 16157 5759 10026 1123 7603 5170 6924 7960 5376
internal_value=0.00041743 -0.00231681 -0.00367641 -0.00557373 -0.00287932 -0.00759531 -0.000977113 -0.00890798 -0.00203153 -0.0112233 0.00338502 -0.00314662 -0.00419363 0.00372807 -0.000142427 -0.00539345 -0.00679405 -0.000640558 -0.0039954 -0.00535988 -0.00761445 0.00232149 0.00181968 -0.000588522 -0.00974918 -0.00144338 -0.000758301 -4.69539e-05 0.00256246 0.0020156
internal_weight=263673 137232 68110 20149 47961 10361 69122 8150 30541 4549 126441 17228 11682 95603 38581 8972 5613 29607 26986 3779 1966 30838 21916 13313 1834 20975 13372 20339 18933 13336
internal_count=263673 137232 68110 20149 47961 10361 69122 8150 30541 4549 126441 17228 11682 95603 38581 8972 5613 29607 26986 3779 1966 30838 21916 13313 1834 20975 13372 20339 18933 13336
is_linear=0
shrinkage=0.05


Tree=11
num_leaves=31
num_cat=0
split_feature=0 4 29 28 21 24 24 24 19 24 24 24 0 5 0 0 0 24 0 21 24 24 4 23 0 6 23 23 24 17
split_gain=785.38 93.5514 54.0053 26.4157 24.8375 18.4463 20.5822 17.622 16.8225 14.8266 20.9259 14.5859 14.0663 12.8773 12.31 22.8488 11.8614 10.3995 9.69583 9.30718 7.08111 6.62432 6.49029 6.46697 7.31245 5.45771 6.73328 8.48336 6.92251 6.02134
threshold=5.1497057863820919 -0.91706966442293736 -2.1968687689319921 12.500000000000002 33.500000000000007 13.500000000000002 7.5000000000000009 8.5000000000000018 50.812282665323643 8.5000000000000018 11.500000000000002 14.500000000000002 4.6851294144313123 0.69764426792753909 4.7229765984487448 4.953885222277969 4.6819840796372594 6.5000000000000009 4.9244151253434794 35.500000000000007 2.5000000000000004 11.500000000000002 0.09457079098184068 1.5000000000000002 5.5716632714668153 0.35617263908774272 2.5000000000000004 5.5000000000000009 27.500000000000004 4.5000000000000009
decision_type=2 2 2 2 2 2 2 2 2 2 2 2 2 2 2 2 2 2 2 2 2 2 2 2 2 2 2 2 2 2
left_child=1 2 4 8 9 6 19 20 -4 -1 -11 17 -13 -9 -8 21 -7 -5 -18 -3 -2 -16 -22 -15 -25 -26 28 -28 -27 -29
right_child=7 5 3 11 -6 16 14 13 -10 10 -12 12 -14 23 15 -17 18 -19 -20 -21 22 -23 -24 24 25 26 27 29 -30 -31
leaf_value=-0.074808273636191414 0.023666338717760818 0.00041121597340292157 -0.01028502143249912 -0.054657869461318301 -0.061051215226229888 0.020345143993206173 0.001366268142810911 0.026321996307969348 -0.040500544106953293 -0.14544176940936987 -0.060801499743832893 -0.065166669748776315 -0.026603848250277229 0.027320850527487707 -0.086078138926361791 -0.01181845295218424 -0.013881789150737546 -0.066999312336092673 -1.8787190543084466e-05 -0.026286895713141158 0.012805362010631051 -0.026519050062433321 0.027056386000785627 0.01963815286857426 0.031644984710820848 -0.0251705101654249 0.025915342672456817 -0.044786489084826388 -0.061323341169946026 -0.016938370025489386
leaf_weight=1299 8978 12010 11294 3350 1536 9314 2047 74966 16136 1649 581 10024 14495 6095 3280 5929 11015 7875 20374 3432 12448 1653 9430 9453 1401 597 2225 300 123 418
leaf_count=1299 8978 12010 11294 3350 1536 9314 2047 74966 16136 1649 581 10024 14495 6095 3280 5929 11015 7875 20374 3432 12448 1653 9430 9453 1401 597 2225 300 123 418
internal_value=0.000453822 -0.0021646 -0.00347756 -0.00307927 -0.00844521 -0.000867147 -0.00184632 0.00329714 -0.00191214 -0.0107552 -0.0132287 -0.00397493 -0.00329153 0.00363253 -0.00331978 -0.00399006 -0.000185121 -0.00546771 -0.000650068 -0.000614557 0.00225823 -0.00650416 0.00177301 0.00252571 0.00195185 0.000418642 -0.000596505 0.000463813 -0.00493056 -0.00426184
internal_weight=263727 137293 68239 63174 5065 69054 28351 126434 27430 3529 2230 35744 24519 95578 12909 10862 40703 11225 31389 15442 30856 4933 21878 20612 14517 5064 3663 2943 720 718
internal_count=263727 137293 68239 63174 5065 69054 28351 126434 27430 3529 2230 35744 24519 95578 12909 10862 40703 11225 31389 15442 30856 4933 21878 20612 14517 5064 3663 2943 720 718
is_linear=0
shrinkage=0.05


Tree=12
num_leaves=31
num_cat=0
split_feature=0 4 29 18 24 24 24 28 17 5 0 0 0 24 24 24 0 24 0 0 29 24 18 18 24 28 24 24 24 18
split_gain=729.4 83.859 38.761 26.1911 19.0145 15.8455 17.4824 15.5771 13.5403 12.6923 10.6084 9.41671 13.7148 9.13022 10.6608 9.06349 8.40788 7.51305 7.49667 8.45369 6.52066 6.42142 6.31343 6.03374 5.99918 5.7771 5.74001 15.9681 5.68959 5.58423
threshold=5.1497057863820919 -0.91706966442293736 -1.7690543140210224 20.012939124463966 8.5000000000000018 14.500000000000002 5.5000000000000009 12.500000000000002 4.5000000000000009 0.75544060075152986 4.6819840796372594 4.953885222277969 4.7012900704448422 12.500000000000002 8.5000000000000018 7.5000000000000009 4.9859457890483005 2.5000000000000004 4.3895594239587075 4.707024031575016 -2.8294749043545768 9.5000000000000018 4.4672337455125541 21.941426293570924 11.500000000000002 11.500000000000002 11.500000000000002 8.5000000000000018 15.500000000000002 19.754392572490939
decision_type=2 2 2 2 2 2 2 2 2 2 2 2 2 2 2 2 2 2 2 2 2 2 2 2 2 2 2 2 2 2
left_child=1 2 8 7 17 6 23 -4 13 -6 -7 12 21 14 -1 -14 29 -2 -5 25 -16 -8 -19 -3 -17 -20 27 -10 -21 -12
right_child=4 5 3 18 9 10 11 -9 26 -11 16 -13 15 -15 20 24 -18 22 19 28 -22 -23 -24 -25 -26 -27 -28 -29 -30 -31
leaf_value=-0.076109015152063655 0.022611943114289487 0.0046551579884581305 -0.0074448576055883555 0.0051429642495832489 0.025011002487866297 0.019257100805383651 -0.017608256706487229 -0.034773602807620541 -0.058255483055128988 0.017879337678152259 -0.0058410236010819558 -0.0097452851124964577 -0.014522688731280778 -0.046641849665400997 -0.19528694489940879 -0.087286233159962492 0.0020311404234892774 0.021468405949595898 -0.056219068381749594 -0.041366563807702338 -0.084125157248920307 0.00992888248751439 0.0021377584121258964 -0.019847720272154246 -0.025233711835329645 -0.07048712545664447 -0.058933215911966687 -0.092698331504362699 -0.025578267544559066 -0.018500319715844014
leaf_weight=532 8960 8793 12650 1089 81282 8916 1228 13920 2307 14290 12013 8991 1592 461 531 3294 13080 16190 6779 5621 660 1763 5702 2355 2490 11718 1895 1444 8776 4535
leaf_count=532 8960 8793 12650 1089 81282 8916 1228 13920 2307 14290 12013 8991 1592 461 531 3294 13080 16190 6779 5621 660 1763 5702 2355 2490 11718 1895 1444 8776 4535
internal_value=0.000489224 -0.00203215 -0.00327325 -0.00284519 0.00323016 -0.000803041 -0.00165443 -0.00166918 -0.00658365 0.00357856 -0.000129203 -0.00256276 -0.00358976 -0.00992674 -0.011599 -0.00474783 -0.000584244 0.00215091 -0.00376468 -0.0038998 -0.0142275 -0.000733868 0.00165175 -7.71437e-05 -0.00566736 -0.00460696 -0.00529047 -0.00642362 -0.00299125 -0.00133309
internal_weight=263857 137433 68383 60553 126424 69050 30506 26570 7830 95572 38544 19358 10367 2184 1723 7376 29628 30852 33983 32894 1191 2991 21892 11148 5784 18497 5646 3751 14397 16548
internal_count=263857 137433 68383 60553 126424 69050 30506 26570 7830 95572 38544 19358 10367 2184 1723 7376 29628 30852 33983 32894 1191 2991 21892 11148 5784 18497 5646 3751 14397 16548
is_linear=0
shrinkage=0.05


Tree=13
num_leaves=31
num_cat=0
split_feature=10 20 27 18 20 28 5 23 3 21 28 23 1 18 17 27 21 6 21 23 1 17 17 23 17 23 6 6 18 18
split_gain=686.062 97.1068 36.687 22.2783 19.4059 8.06328 6.73323 7.40089 7.64987 6.15266 5.95833 5.88555 5.86193 5.3691 5.08857 6.11071 6.12452 5.02153 5.00081 4.98135 4.89028 4.81807 4.46799 4.16752 7.62525 7.4665 4.28761 3.99793 3.7175 3.54029
threshold=0.7333333333333335 1.0000000180025095e-35 10.500000000000002 20.012939124463966 1.2782096704950086 16.500000000000004 0.7103432039503933 1.5000000000000002 0.22397061954145348 32.500000000000007 17.500000000000004 2.5000000000000004 273.00000000000006 9.508212964000732 4.5000000000000009 4.5000000000000009 28.500000000000004 0.4266024921825336 30.500000000000004 3.5000000000000004 281.00000000000006 4.5000000000000009 9.5000000000000018 4.5000000000000009 4.5000000000000009 5.5000000000000009 0.36104879606109291 0.44010893344750518 5.2273837743452161 10.174782549762595
decision_type=2 2 2 2 2 2 2 2 2 2 2 2 2 2 2 2 2 2 2 2 2 2 2 2 2 2 2 2 2 2
left_child=6 2 9 20 5 13 28 -8 11 14 18 12 17 -3 15 16 -2 -9 -6 -13 -4 -19 27 24 -21 -25 -26 -5 -1 -18
right_child=1 4 3 22 10 -7 7 8 -10 -11 -12 19 -14 -15 -16 -17 29 21 -20 23 -22 -23 -24 25 26 -27 -28 -29 -30 -31
leaf_value=0.024300652991168493 -0.03154635286685039 0.010125852941851443 -0.02330498332329425 -0.055458124650404277 -0.00011684108077344997 -0.0036898649948762137 0.028206538623171625 0.020905675462323178 0.034918924847551595 -0.055755840950455986 -0.016277404665818708 0.028569429489135146 -0.068394560282807798 0.00032749275166523632 -0.052352215809582964 -0.042530167483413622 -0.040341777361188373 0.0067407706742393589 -0.015597051032262711 0.020019291105101485 0.036185956265177614 -0.043922385196549923 -0.0034838420354035993 0.032693988940803852 0.0229230862233821 -0.0056199976239952624 -0.049006888690731693 -0.044189914202510151 0.016873265379063376 -0.1227799854745647
leaf_weight=86081 343 9359 19005 5691 7552 20824 5645 694 3529 5718 13607 2051 71 14183 9351 3236 320 666 9594 1146 2004 606 1107 2178 239 2030 763 20056 14395 1364
leaf_count=86081 343 9359 19005 5691 7552 20824 5645 694 3529 5718 13607 2051 71 14183 9351 3236 320 666 9594 1146 2004 606 1107 2178 239 2030 763 20056 14395 1364
internal_value=0.000460085 -0.00187581 -0.00324181 -0.00248595 -0.000635724 3.33591e-05 0.00324762 0.00240035 0.00178308 -0.00502115 -0.00160098 0.00110303 -0.0013083 0.000667318 -0.00556521 -0.00680885 -0.00896152 -0.000798576 -0.000980987 0.00168728 -0.00126636 -0.00266509 -0.00344008 0.00099591 -0.000796089 0.00191065 -0.00398204 -0.00357381 0.00341305 -0.0102019
internal_weight=263408 143314 68195 47863 75119 44366 120094 19618 13973 20332 30753 10444 2037 23542 14614 5263 2027 1966 17146 8407 21009 1272 26854 6356 2148 4208 1002 25747 100476 1684
internal_count=263408 143314 68195 47863 75119 44366 120094 19618 13973 20332 30753 10444 2037 23542 14614 5263 2027 1966 17146 8407 21009 1272 26854 6356 2148 4208 1002 25747 100476 1684
is_linear=0
shrinkage=0.05


Tree=14
num_leaves=31
num_cat=0
split_feature=10 4 29 18 24 24 20 28 24 24 24 0 29 0 23 3 23 23 1 0 28 17 24 24 0 28 24 4 29 0
split_gain=627.474 89.3015 38.751 20.0645 19.54 34.6618 18.2738 15.397 13.7413 11.1303 16.1264 7.61589 6.90398 6.44183 8.98328 9.421 6.45589 8.08881 6.36189 5.97854 5.89127 5.88097 5.41559 10.5244 5.09621 4.91738 4.76583 5.46792 4.73333 4.54143
threshold=0.7333333333333335 -0.91706966442293736 -1.4571161936178669 25.51950395513769 11.500000000000002 8.5000000000000018 1.2782096704950086 16.500000000000004 8.5000000000000018 12.500000000000002 2.5000000000000004 4.3895594239587075 -3.1903952382278615 5.6089425555744459 1.5000000000000002 0.16803042381948605 2.5000000000000004 5.5000000000000009 245.00000000000003 4.7012900704448422 17.500000000000004 4.5000000000000009 6.5000000000000009 13.500000000000002 4.7380940108345344 11.500000000000002 2.5000000000000004 0.073064926371091785 -0.10693060515370321 4.8935427106932758
decision_type=2 2 2 2 2 2 2 2 2 2 2 2 2 2 2 2 2 2 2 2 2 2 2 2 2 2 2 2 2 2
left_child=8 2 4 7 5 -2 9 -4 26 10 -3 -5 -7 -10 -15 16 18 -18 28 -13 -8 -19 -9 -24 -25 -11 -1 -28 -16 -22
right_child=1 6 3 11 -6 12 20 22 13 25 -12 19 -14 14 15 -17 17 21 -20 -21 29 -23 23 24 -26 -27 27 -29 -30 -31
leaf_value=0.021166245598383857 -0.061229111721615284 0.016740621589593618 -0.012419793127240571 0.0088259407234453392 -0.050462745725162045 -0.1917643616523094 -0.0088499382935411462 -0.001245343983761519 0.022703207373143006 0.012023905749356974 -0.014090956222244912 -0.064912911680052574 -0.087443985781288605 0.033481811902955599 0.0301653819561708 0.033220942988340239 0.023111264794654907 -0.041834776908353244 -0.060491778694549539 -0.031829404170035033 -0.027168729887019041 0.0024579931038554337 -0.058762261509051096 -0.043580183353981776 -0.013890652928768968 0.001470285390566529 0.011965667951307747 0.024141285028730142 -0.040634794990303674 -0.0085229459886586052
leaf_weight=8494 3302 3202 19404 938 5099 855 17335 1277 81933 9694 13872 13249 2183 2686 252 2129 2658 385 64 11004 6572 495 2453 4554 3743 17615 10411 10222 528 6889
leaf_count=8494 3302 3202 19404 938 5099 855 17335 1277 81933 9694 13872 13249 2183 2686 252 2129 2658 385 64 11004 6572 495 2453 4554 3743 17615 10411 10222 528 6889
internal_value=0.000484389 -0.00175126 -0.00306335 -0.00252711 -0.00571772 -0.00757098 -0.000563389 -0.00168448 0.0031473 8.59565e-05 -0.000915427 -0.00357846 -0.0114253 0.00344947 0.00219474 0.00119106 -0.000134642 0.000802714 -0.00406398 -0.00374943 -0.00149922 -0.00335227 -0.00309013 -0.00345581 -0.00260516 0.000712036 0.00220191 0.00179155 -0.00282051 -0.00228401
internal_weight=263497 143240 68061 56622 11439 6340 75179 31431 120257 44383 17074 25191 3038 91130 9197 6511 4382 3538 844 24253 30796 880 12027 10750 8297 27309 29127 20633 780 13461
internal_count=263497 143240 68061 56622 11439 6340 75179 31431 120257 44383 17074 25191 3038 91130 9197 6511 4382 3538 844 24253 30796 880 12027 10750 8297 27309 29127 20633 780 13461
is_linear=0
shrinkage=0.05


Tree=15
num_leaves=31
num_cat=0
split_feature=10 20 29 20 28 27 0 21 0 19 29 3 0 23 23 1 23 29 23 23 17 17 19 28 28 29 28 29 26 12
split_gain=587.234 79.1046 32.1987 15.8553 15.0862 11.0265 10.8493 9.86932 8.86705 8.48804 7.32618 7.18751 15.6496 17.582 11.711 10.8865 10.5942 6.35414 6.2118 16.6398 6.61421 6.18669 5.88179 5.11816 5.07212 5.07136 4.63435 4.63909 4.5807 4.43734
threshold=0.7333333333333335 1.0000000180025095e-35 -1.4571161936178669 1.2782096704950086 12.500000000000002 7.5000000000000009 4.6982027489592868 33.500000000000007 4.6383966752493375 54.244096753380468 -2.5608938885402721 0.22397061954145348 5.446138084545372 1.5000000000000002 2.5000000000000004 273.00000000000006 5.5000000000000009 -1.0791108000276988 4.5000000000000009 3.5000000000000004 4.5000000000000009 4.5000000000000009 12.990775911019623 3.5000000000000004 17.500000000000004 -0.018088961058912559 14.500000000000002 0.006879990237007339 1.0000000180025095e-35 0.20102715566912349
decision_type=2 2 2 2 2 2 2 2 2 2 2 2 2 2 2 2 2 2 2 2 2 2 2 2 2 2 2 2 2 2
left_child=11 2 5 17 9 7 -6 8 10 29 -2 12 22 -14 15 -15 18 -3 19 -16 -21 -18 -1 -7 -5 28 27 -19 -8 -4
right_child=1 3 4 24 6 23 25 -9 -10 -11 -12 -13 13 14 16 -17 21 26 -20 20 -22 -23 -24 -25 -26 -27 -28 -29 -30 -31
leaf_value=0.019180632595092052 -0.15459128563028343 -0.018099046797646418 0.013090563201421669 -0.0087173486214759 -0.058848901745689602 -0.080549331138061175 -0.019655523502951088 -0.033475004295289559 -0.055695857490691829 -0.030769266757554922 -0.1063639924942015 0.03002446666095538 0.031103031331725702 -0.023983776271784087 0.03437801380239993 -0.068663339274031884 -0.037137025410012493 0.0069825463397531554 0.034615683734039747 0.0170633318861746 -0.044353517284893625 0.0035624777990560298 0.01395964412110509 -0.051067416736501905 -0.014863338374173222 -0.046724468689306853 -0.0014508761969044041 -0.0085799110387399981 -0.042549021398775554 -0.031937720007195018
leaf_weight=45776 466 4060 5295 17283 13590 1490 15151 704 2756 13952 527 43983 4439 2139 2174 72 853 17203 2255 915 1350 1281 15253 5585 13588 1716 20914 2272 968 6020
leaf_count=45776 466 4060 5295 17283 13590 1490 15151 704 2756 13952 527 43983 4439 2139 2174 72 853 17203 2255 915 1350 1281 15253 5585 13588 1716 20914 2272 968 6020
internal_value=0.000501648 -0.00165877 -0.00289211 -0.000541689 -0.00240228 -0.00530101 -0.00313365 -0.00725017 -0.00827021 -0.00149266 -0.0123212 0.00307536 0.00278256 0.00136258 0.000293958 -0.0029602 0.00110897 6.28812e-05 0.00208694 0.00100135 -0.00199779 -0.00195876 0.00314269 -0.0040742 -0.00141217 -0.00232268 0.00025242 0.000807446 -0.00204758 -0.000475033
internal_weight=264030 143540 68220 75320 56692 11528 31425 4453 3749 25267 993 120490 76507 15478 11039 2211 8828 44449 6694 4439 2265 2134 61029 7075 30871 17835 40389 19475 16119 11315
internal_count=264030 143540 68220 75320 56692 11528 31425 4453 3749 25267 993 120490 76507 15478 11039 2211 8828 44449 6694 4439 2265 2134 61029 7075 30871 17835 40389 19475 16119 11315
is_linear=0
shrinkage=0.05


Tree=16
num_leaves=31
num_cat=0
split_feature=21 4 29 18 24 24 24 20 0 28 24 24 21 0 23 3 23 23 17 6 26 0 0 24 24 24 4 24 0 18
split_gain=533.737 74.7102 29.754 21.0948 20.444 23.6947 13.3953 13.2892 10.1541 9.29878 8.71272 13.1809 5.80004 5.0045 7.83388 8.23147 5.05992 6.60839 6.07563 5.05035 4.99326 4.71229 4.6596 4.5907 8.57689 4.58632 5.14965 5.34454 5.41413 5.3303
threshold=4.5000000000000009 -0.91706966442293736 -1.2530839403026801 33.275138505876264 11.500000000000002 8.5000000000000018 8.5000000000000018 1.2782096704950086 4.6603476403907047 16.500000000000004 11.500000000000002 2.5000000000000004 33.500000000000007 5.6089425555744459 1.5000000000000002 0.23186112550867749 5.5000000000000009 4.5000000000000009 4.5000000000000009 0.35617263908774272 1.0000000180025095e-35 4.3895594239587075 4.7412328621058295 14.500000000000002 6.5000000000000009 1.5000000000000002 0.075215567670207165 3.5000000000000004 5.5625834270051753 4.4672337455125541
decision_type=2 2 2 2 2 2 2 2 2 2 2 2 2 2 2 2 2 2 2 2 2 2 2 2 2 2 2 2 2 2
left_child=6 2 4 9 5 -2 25 10 12 20 11 -3 -7 -8 -15 16 17 -16 19 -18 -4 -5 -6 24 -11 -1 27 28 -27 -29
right_child=1 7 3 21 22 8 13 -9 -10 23 -12 -13 -14 14 15 -17 18 -19 -20 -21 -22 -23 -24 -25 -26 26 -28 29 -30 -31
leaf_value=0.02133852154721784 -0.057780940592747326 0.012611527214360841 -0.0096081164093935328 0.0048486864658712978 -0.054491183899824026 -0.13300409206476116 0.020521630986553858 -0.010327018566785601 -0.067476341784435054 -0.012191720639561787 0.0036759860072348143 -0.013962205658991476 -0.10103404967436064 0.028557077093866526 -0.0056259565055474378 0.031551902634231875 0.013794892965186142 0.031033650420478127 0.0062733677646828927 -0.041045109721772853 -0.039545486595114893 -0.049341304972827182 -0.00894804624635398 -0.021393459224595502 -0.050208974991438872 0.02029034517147987 0.021597700826689114 0.011560788730594537 -0.021214651365072106 -0.047127799673694327
leaf_weight=5124 3768 3231 21547 757 6248 884 81906 30731 2289 1447 28584 12595 190 2720 2945 1663 123 952 505 298 1431 15790 1659 9127 3124 2952 11656 6720 543 2084
leaf_count=5124 3768 3231 21547 757 6248 884 81906 30731 2289 1447 28584 12595 190 2720 2945 1663 123 952 505 298 1431 15790 1659 9127 3124 2952 11656 6720 543 2084
internal_value=0.000508986 -0.00155081 -0.0027482 -0.00219332 -0.00471206 -0.00665334 0.00296657 -0.000463063 -0.00970413 -0.0015247 9.007e-05 -0.000851131 -0.0137151 0.00326477 0.00215946 0.00121492 0.000168982 0.00095843 -0.00315335 -0.00758907 -0.000910001 -0.00367529 -0.0029613 -0.00255585 -0.00384927 0.00203222 0.00174181 0.00102813 0.0026824 0.000371422
internal_weight=263593 143402 68261 53223 15038 7131 120191 75141 3363 36676 44410 15826 1074 91112 9206 6486 4823 3897 926 421 22978 16547 7907 13698 4571 29079 23955 12299 3495 8804
internal_count=263593 143402 68261 53223 15038 7131 120191 75141 3363 36676 44410 15826 1074 91112 9206 6486 4823 3897 926 421 22978 16547 7907 13698 4571 29079 23955 12299 3495 8804
is_linear=0
shrinkage=0.05


Tree=17
num_leaves=31
num_cat=0
split_feature=10 4 29 28 20 24 0 19 24 24 24 0 24 24 0 24 0 24 22 22 11 3 0 23 23 23 1 23 23 17
split_gain=506.596 70.0894 29.713 16.991 13.5535 13.3107 11.0156 10.462 9.65153 9.44908 13.9965 8.34913 7.903 11.207 6.83719 5.64927 5.54708 5.14222 5.04041 4.98041 6.59808 4.6024 11.2748 13.9436 8.72104 9.65431 7.27937 4.75404 13.2423 5.23635
threshold=0.7333333333333335 -0.91706966442293736 -2.3675210365522781 19.500000000000004 1.2782096704950086 8.5000000000000018 4.7512206636374144 59.99486014821899 14.500000000000002 7.5000000000000009 11.500000000000002 4.6786224635956151 14.500000000000002 2.5000000000000004 4.7544443676919261 8.5000000000000018 4.6207751646789132 11.500000000000002 8.5000000000000018 14.500000000000002 0.18857255147125171 0.24756238712469233 5.446138084545372 1.5000000000000002 2.5000000000000004 3.5000000000000004 273.00000000000006 4.5000000000000009 5.5000000000000009 4.5000000000000009
decision_type=2 2 2 2 2 2 2 2 2 2 2 2 2 2 2 2 2 2 2 2 2 2 2 2 2 2 2 2 2 2
left_child=5 2 9 6 12 -1 7 19 14 -2 11 -11 13 -3 15 -5 -10 -17 -9 20 -4 22 -7 -24 26 -26 -25 29 -29 -27
right_child=1 4 3 8 -6 21 -8 18 16 10 -12 -13 -14 -15 -16 17 -18 -19 -20 -21 -22 -23 23 24 25 27 -28 28 -30 -31
leaf_value=0.016711166349272392 -0.042461388483815442 0.012498562416970791 0.034255234216414965 -0.06660964001759441 -0.010475657039811237 0.01653691816266685 -0.0064874221480220569 -0.049496447245531934 -0.072414928986156576 -0.11439786518748241 -0.044192363342753352 -0.093106338423997181 0.0045097823791862592 -0.0081975350655346651 -0.02546046531374533 -0.083119188076225384 -0.028134227423801172 -0.055746052800206551 -0.035516322329461267 -0.035232616233095038 -0.036607328771153989 0.028622462731987437 0.029314191988680634 -0.021232141360255141 0.030791156363746019 0.019523000028452746 -0.061393868480446367 0.031598303661073822 -0.025455946742758806 -0.043354499653838641
leaf_weight=29244 1686 3208 3131 2179 30762 46535 12516 5102 1829 1126 659 970 24510 16690 3034 1286 10173 2604 11851 5566 4487 31707 3811 1710 1917 790 71 1824 1720 1175
leaf_count=29244 1686 3208 3131 2179 30762 46535 12516 5102 1829 1126 659 970 24510 16690 3034 1286 10173 2604 11851 5566 4487 31707 3811 1710 1917 790 71 1824 1720 1175
internal_value=0.000515835 -0.00149269 -0.00265334 -0.0023779 -0.00043967 0.00290546 -0.00180374 -0.00232156 -0.00353826 -0.00660775 -0.00841198 -0.0104103 0.000119123 -0.000621168 -0.00476601 -0.00573488 -0.00260707 -0.00687661 -0.0031431 -0.00126517 -0.000434497 0.00320294 0.00294385 0.00164311 0.000590312 0.00134393 -0.00255194 0.00028045 0.00137415 -0.00169211
internal_weight=263873 143369 68199 63758 75170 120504 42653 30137 21105 4441 2755 2096 44408 19898 9103 6069 12002 3890 16953 13184 7618 91260 59553 13018 9207 7426 1781 5509 3544 1965
internal_count=263873 143369 68199 63758 75170 120504 42653 30137 21105 4441 2755 2096 44408 19898 9103 6069 12002 3890 16953 13184 7618 91260 59553 13018 9207 7426 1781 5509 3544 1965
is_linear=0
shrinkage=0.05


Tree=18
num_leaves=31
num_cat=0
split_feature=0 4 24 24 24 18 24 19 0 21 28 18 24 0 0 27 0 27 0 24 24 0 27 27 9 18 0 4 0 23
split_gain=474.097 58.2196 27.135 36.4983 30.6859 14.9937 14.1461 12.4672 10.7452 9.92951 9.3635 9.34629 9.10857 8.50191 7.13313 8.13974 5.80854 6.55771 4.67749 4.52844 4.44813 5.6928 4.22969 3.95513 4.17055 3.88937 3.7748 3.76736 7.48341 12.5363
threshold=5.1701421864534813 -0.91706966442293736 17.500000000000004 6.5000000000000009 11.500000000000002 41.280443992448596 8.5000000000000018 59.99486014821899 4.7867880060511725 34.500000000000007 17.500000000000004 29.083260393587619 8.5000000000000018 4.757598829281628 4.6461108844735088 27.500000000000004 4.953885222277969 5.5000000000000009 4.7512206636374144 9.5000000000000018 11.500000000000002 4.7170695814152301 29.500000000000004 27.500000000000004 0.84916852147817357 4.8623173323366915 4.6603476403907047 0.18217412118880802 5.4965753906779726 1.5000000000000002
decision_type=2 2 2 2 2 2 2 2 2 2 2 2 2 2 2 2 2 2 2 2 2 2 2 2 2 2 2 2 2 2
left_child=1 2 3 11 8 18 25 10 9 12 23 -1 -5 -6 -14 -16 17 -9 -4 -17 -12 -22 26 -3 -25 -2 -19 28 -8 -30
right_child=6 7 5 4 13 -7 27 16 -10 -11 20 -13 14 -15 15 19 -18 22 -20 -21 21 -23 -24 24 -26 -27 -28 -29 29 -31
leaf_value=-0.0031290745419091793 0.016626667597632344 0.009959709807222725 -0.020216668289691694 -0.10829568595147904 -0.047158126070668778 -0.048905997915931122 0.015280580791961608 -0.038840180020683589 -0.034899151199834832 -0.06572578217072654 -0.013383252299036806 -0.038903343408841495 -0.13549663821411939 -0.0093618266731876482 -0.070897307692391123 -0.47576232924584022 -0.0033891720068366139 0.012550458240011482 -0.0010264745147563713 -0.082288039875385466 0.020251194541907297 -0.0049680928266449967 -0.041343604047886867 -0.0010774429688157319 -0.049577633889929917 0.0064690363913495405 -0.011760914624537627 0.027287180528415073 0.026657243581565973 0.0072430066718419325
leaf_weight=7004 24100 17721 19082 2196 8699 7999 48666 2261 1585 1464 6487 4408 923 3316 2325 179 16947 1336 8704 221 2912 7943 912 6158 212 6123 9403 31776 3837 9042
leaf_count=7004 24100 17721 19082 2196 8699 7999 48666 2261 1585 1464 6487 4408 923 3316 2325 179 16947 1336 8704 221 2912 7943 912 6158 212 6123 9403 31776 3837 9042
internal_value=0.000494827 -0.00149302 -0.00254203 -0.0035922 -0.00483356 -0.00159354 0.00275384 -0.000504758 -0.00706005 -0.00786946 6.19074e-05 -0.00131791 -0.00879192 -0.0031856 -0.0103235 -0.0090367 -0.00126559 -0.00202271 -0.00104441 -0.015625 -0.000824011 -0.000204974 -0.0015445 0.000699639 -0.000368917 0.00181369 -0.00126688 0.00305831 0.00283004 0.00175829
internal_weight=263941 140397 68105 32320 20908 35785 123544 72292 8893 7308 41433 11412 5844 12015 3648 2725 30859 13912 27786 400 17342 10855 11651 24091 6370 30223 10739 93321 61545 12879
internal_count=263941 140397 68105 32320 20908 35785 123544 72292 8893 7308 41433 11412 5844 12015 3648 2725 30859 13912 27786 400 17342 10855 11651 24091 6370 30223 10739 93321 61545 12879
is_linear=0
shrinkage=0.05


Tree=19
num_leaves=31
num_cat=0
split_feature=10 4 28 20 0 19 3 0 22 0 28 28 0 6 19 4 19 27 19 13 22 0 0 0 0 0 0 27 25 27
split_gain=442.606 53.3566 18.0618 12.7478 10.4264 10.2701 6.77446 13.0784 6.70977 6.42087 5.21203 5.1254 5.121 4.65928 4.59397 4.57838 4.36695 4.24601 4.20722 4.16813 3.49735 3.4402 3.13176 4.86344 3.10266 4.38038 2.96479 2.90454 2.78727 2.70865
threshold=0.7333333333333335 -0.91706966442293736 18.500000000000004 1.2782096704950086 4.6982027489592868 54.244096753380468 0.21542235901923742 5.446138084545372 16.500000000000004 4.7512206636374144 16.500000000000004 19.500000000000004 4.9097895749028941 0.36104879606109291 13.53267201524732 -0.42482818828458002 57.682278571424497 27.500000000000004 11.356957638444367 0.13533029037819297 7.5000000000000009 4.7985492905656644 4.8349268018409388 4.9665426635412357 4.6098625740792736 4.3895594239587075 4.4942943846592813 8.5000000000000018 1.0000000180025095e-35 5.5000000000000009
decision_type=2 2 2 2 2 2 2 2 2 2 2 2 2 2 2 2 2 2 2 2 2 2 2 2 2 2 2 2 2 2
left_child=6 2 5 10 24 8 7 14 17 20 16 15 26 -9 -1 -5 -3 19 -19 -2 -7 -6 -12 27 25 -4 -13 -24 -22 -27
right_child=1 3 4 11 21 9 -8 13 -10 -11 22 12 -14 -15 -16 -17 -18 18 -20 -21 28 -23 23 -25 -26 29 -28 -29 -30 -31
leaf_value=0.015542296306885167 0.049475828288348261 0.0099061728196200485 0.007345916431454453 0.00084983325093400104 -0.028941866646246647 -0.046926570866074532 0.024766739492216923 0.020709965872218825 -0.025493260538428177 -0.010568708877748308 0.0040413956770520626 -0.0092712402150403571 -0.0059715311035488799 0.0062791593893887472 0.010516550166288441 -0.013059898260873615 -0.00058322391729249653 0.035653005286772739 -0.05478920214247246 -0.0017128260705921818 -0.040036592217378403 -0.0098381785999394882 -0.021308314658364913 -0.0018421632777871622 -0.047931118568722036 -0.088777989891626163 -0.027743504323518842 -0.0034448706112581726 -0.022556301223842782 -0.074024362877487329
leaf_weight=47170 2186 12593 282 8793 10711 4744 44672 4561 6874 6602 4549 1068 5467 10700 13412 10279 11053 1067 2373 5130 8990 3436 2318 12243 8553 976 5062 1664 4664 1810
leaf_count=47170 2186 12593 282 8793 10711 4744 44672 4561 6874 6602 4549 1068 5467 10700 13412 10279 11053 1067 2373 5130 8990 3436 2318 12243 8553 976 5062 1664 4664 1810
internal_value=0.000502496 -0.00137375 -0.00238399 -0.000453528 -0.00342906 -0.00175229 0.00273638 0.00244868 -0.000828134 -0.002404 8.77985e-05 -0.00123757 -0.00206648 0.00114049 0.00277822 -0.000733536 0.00059545 -4.83449e-05 -0.00149709 0.00063286 -0.00288401 -0.00251749 -0.000490035 -0.0008151 -0.00453877 -0.00590287 -0.00305873 -0.002333 -0.00247766 -0.00650395
internal_weight=264002 143487 68398 75089 25768 42630 120515 75843 17630 25000 44420 30669 11597 15261 60582 19072 23646 10756 3440 7316 18398 14147 20774 16225 11621 3068 6130 3982 13654 2786
internal_count=264002 143487 68398 75089 25768 42630 120515 75843 17630 25000 44420 30669 11597 15261 60582 19072 23646 10756 3440 7316 18398 14147 20774 16225 11621 3068 6130 3982 13654 2786
is_linear=0
shrinkage=0.05


Tree=20
num_leaves=31
num_cat=0
split_feature=10 4 29 24 24 24 24 28 0 0 24 0 0 29 0 20 21 24 29 5 5 23 0 23 1 23 28 26 0 29
split_gain=403.611 48.8278 22.6359 12.361 13.6395 12.2049 11.03 10.796 8.72439 8.28243 8.11793 7.38374 6.98157 6.78996 6.19524 6.19286 5.31976 5.14713 4.66864 4.33607 4.04039 6.73681 5.63743 5.63131 5.18547 5.05351 3.95668 3.93519 3.82173 3.73183
threshold=0.7333333333333335 -0.91706966442293736 -1.2530839403026801 11.500000000000002 8.5000000000000018 13.500000000000002 8.5000000000000018 12.500000000000002 4.6603476403907047 4.6851294144313123 2.5000000000000004 4.6819840796372594 4.9244151253434794 -0.022870959790247915 4.9386601029930661 0.73983898590684893 32.500000000000007 15.500000000000002 2.1505055889027402 1.1775610131385938 0.7103432039503933 1.5000000000000002 5.5413304378438735 2.5000000000000004 273.00000000000006 3.5000000000000004 6.5000000000000009 1.0000000180025095e-35 4.757598829281628 -2.8294749043545768
decision_type=2 2 2 2 2 2 2 2 2 2 2 2 2 2 2 2 2 2 2 2 2 2 2 2 2 2 2 2 2 2
left_child=6 2 3 4 -2 10 -1 13 29 -9 15 -7 -13 16 -12 -3 -4 28 -15 -16 -8 -22 -23 24 -24 -25 -10 -19 -11 -6
right_child=1 5 7 -5 8 11 20 9 26 17 14 12 -14 18 19 -17 -18 27 -20 -21 21 22 23 25 -26 -27 -28 -29 -30 -31
leaf_value=0.014221443389543093 -0.04510009211028089 0.015722956542906997 -0.0038250875029598765 -0.036135988934681167 -0.12809023395178259 0.017698205329557137 0.017028950969091676 -0.048113703084423511 -0.10199878917742917 -0.042192135959024386 -0.019322422673597173 -0.0090897918309931786 0.0015835896138207872 -0.33623908844364475 0.0020899311792853181 -0.011265671122338092 -0.041800060833576409 -0.010512769437364705 -0.043624002746863205 -0.01190806898517237 0.02214471492707315 0.018229944388923364 -0.020215460320129545 0.030405121014046327 -0.061313455884199536 0.0029777055947489603 -0.043375759641254674 -0.031741024491646501 -0.01482609526122701 -0.083982273874349991
leaf_weight=29084 3744 3077 17154 7860 593 9359 76768 10632 461 3161 11410 11026 23872 251 5029 2232 4618 11295 2202 9459 4351 4432 1126 1194 52 3581 1863 807 3246 484
leaf_count=29084 3744 3077 17154 7860 593 9359 76768 10632 461 3161 11410 11026 23872 251 5029 2232 4618 11295 2202 9459 4351 4432 1126 1194 52 3581 1863 807 3246 484
internal_value=0.000508523 -0.00128011 -0.00224796 -0.00396368 -0.00546886 -0.000403238 0.00264197 -0.00176554 -0.00776095 -0.00241395 -0.00116048 0.000130714 -0.000203736 -0.000985552 -0.0015256 0.000620644 -0.000704574 -0.00177508 -0.00347941 -0.000839315 0.00291157 0.00215323 0.00146124 0.000456073 -0.00264007 0.0012199 -0.006037 -0.0011684 -0.00292102 -0.011481
internal_weight=264423 143835 68371 15005 7145 75464 120588 53366 3401 29141 31207 44257 34898 24225 25898 5309 21772 18509 2453 14488 91504 14736 10385 5953 1178 4775 2324 12102 6407 1077
internal_count=264423 143835 68371 15005 7145 75464 120588 53366 3401 29141 31207 44257 34898 24225 25898 5309 21772 18509 2453 14488 91504 14736 10385 5953 1178 4775 2324 12102 6407 1077
is_linear=0
shrinkage=0.05


Tree=21
num_leaves=31
num_cat=0
split_feature=21 1 29 24 24 24 24 24 28 21 29 3 19 28 19 4 24 19 29 7 1 16 4 24 24 1 29 29 24 24
split_gain=370.183 44.6204 21.8061 11.1608 11.1542 13.4268 9.39877 8.61075 7.66461 5.91476 5.34043 4.74965 4.63603 4.54053 4.52476 4.17904 6.76837 4.18578 3.82957 3.61894 3.32132 3.04621 2.98892 2.98388 5.63753 5.37164 2.8652 6.30308 4.27071 5.5288
threshold=4.5000000000000009 153.00000000000003 -1.1041871305606306 8.5000000000000018 11.500000000000002 8.5000000000000018 14.500000000000002 2.5000000000000004 14.500000000000002 32.500000000000007 0.086861271210942489 0.25465810915636761 19.492628150877696 13.500000000000002 13.53267201524732 0.075215567670207165 3.5000000000000004 9.3481717326163665 -3.1903952382278615 0.8595655465529195 181.00000000000003 0.10005125521430312 -0.4038596509380315 11.500000000000002 6.5000000000000009 289.00000000000006 0.006879990237007339 -0.12669776607834848 7.5000000000000009 9.5000000000000018
decision_type=2 2 2 2 2 2 2 2 2 2 2 2 2 2 2 2 2 2 2 2 2 2 2 2 2 2 2 2 2 2
left_child=3 6 4 15 5 -3 7 -2 9 10 -4 14 -11 -8 -5 16 -1 -18 -7 26 -10 -20 -21 24 25 -22 27 -9 -28 -30
right_child=1 2 8 11 -6 18 13 19 20 12 -12 -13 -14 -15 -16 -17 17 -19 21 22 23 -23 -24 -25 -26 -27 28 -29 29 -31
leaf_value=0.013844515614002545 0.007215170916908771 -0.038993880130633859 -0.004531684957475135 0.014272627054242565 -0.029583850254026191 -0.12995489035329452 0.0086758257105643763 -0.0092714391861408781 -0.0096071428658163829 0.0027730368264087734 -0.036965531424157726 0.023879528374290228 -0.032034076803809951 -0.00048237345886890644 0.011026903427111863 0.017648505897960923 0.011666505074397244 -0.016233432383585249 -0.071313960087541525 -0.029292031464282355 -0.019124884769626156 -0.050068361607065785 -0.063259441708095929 -0.020307583571312227 -0.058413170438358135 -0.063048533458903919 -0.008120216279973079 0.011982082949434144 -0.2014492970410765 -0.00939570835827226
leaf_weight=5792 4128 5236 23679 43300 11401 932 14104 14330 8349 1805 2430 31092 6448 17424 16611 14584 4318 4486 238 909 2396 2932 358 18349 2051 110 2173 2430 773 629
leaf_count=5792 4128 5236 23679 43300 11401 932 14104 14330 8349 1805 2430 31092 6448 17424 16611 14584 4318 4486 238 909 2396 2932 358 18349 2051 110 2173 2430 773 629
internal_value=0.000492936 -0.00122049 -0.00193814 0.00254042 -0.00335141 -0.00463268 -0.000138146 -0.00084726 -0.00149146 -0.000976078 -0.000607262 0.00281326 -0.00214286 0.000440561 0.00255304 0.00168951 0.0010914 0.000218083 -0.00677474 -0.00124711 -0.00205807 -0.00594637 -0.00383978 -0.00236925 -0.00351437 -0.00192338 -0.00108557 -0.000811456 -0.00237063 -0.00452211
internal_weight=263797 143614 86356 120183 20739 9338 57258 25730 65617 34362 26109 91003 8253 31528 59911 29180 14596 8804 4102 21602 31255 3170 1267 22906 4557 2506 20335 16760 3575 1402
internal_count=263797 143614 86356 120183 20739 9338 57258 25730 65617 34362 26109 91003 8253 31528 59911 29180 14596 8804 4102 21602 31255 3170 1267 22906 4557 2506 20335 16760 3575 1402
is_linear=0
shrinkage=0.05


Tree=22
num_leaves=31
num_cat=0
split_feature=21 4 18 29 20 3 19 27 29 18 28 22 4 29 5 27 28 29 22 27 26 3 17 23 2 23 1 17 4 23
split_gain=332.143 42.1009 17.5489 10.718 8.80823 7.46162 7.37936 6.26278 5.77915 4.6026 4.3511 4.14439 3.94242 3.65328 3.50651 3.36377 3.07039 4.6653 3.03914 3.03895 3.33852 2.93359 2.75695 2.72329 2.74309 3.68493 4.56216 2.99457 3.57588 2.75985
threshold=15.000000000000002 -0.91706966442293736 29.679186642393145 -1.1041871305606306 1.2782096704950086 0.22397061954145348 15.071264023221252 5.5000000000000009 -0.94655401024601937 44.858287520818259 11.500000000000002 11.500000000000002 -0.53144464011021608 -3.1903952382278615 4.3892368686248622 27.500000000000004 11.500000000000002 0.006879990237007339 4.5000000000000009 7.5000000000000009 1.0000000180025095e-35 -1.1248032878720655 4.5000000000000009 1.5000000000000002 0.13347621831156561 2.5000000000000004 261.00000000000006 5.5000000000000009 0.066687580167451521 3.5000000000000004
decision_type=2 2 2 2 2 2 2 2 2 2 2 2 2 2 2 2 2 2 2 2 2 2 2 2 2 2 2 2 2 2
left_child=5 2 3 19 8 6 22 13 -3 -9 15 -8 -6 18 16 -5 17 -10 -4 20 -2 -22 -1 -24 25 26 27 -25 -29 -27
right_child=1 4 7 10 12 -7 11 9 14 -11 -12 -13 -14 -15 -16 -17 -18 -19 -20 -21 21 -23 23 24 -26 29 -28 28 -30 -31
leaf_value=0.013102133305230808 -0.033512298484896563 -0.012850813792089045 -0.22423174651549591 0.0019098398011204967 0.010287166422716515 0.021651444124567282 0.0012740225077965907 -0.023632428370683523 0.0093465833902564993 -0.048864670866041238 -0.016958217314764646 0.012061229763401 -0.0087942499173621659 -0.045616276590430514 -0.010820065460073434 -0.02963843419650693 0.00051828377521076355 -0.0090443760669318817 -0.12433511545789047 -0.029827585238773952 -0.12942150596927179 -0.048653664760932511 0.015821688961989138 0.0023372235158401534 0.017501459542391209 0.019945819437014706 -0.058327237109616917 -0.015689873309749237 -0.060925518402654491 0.0029487558193949798
leaf_weight=50636 3545 5130 95 10478 1646 43872 5859 11597 12829 10660 17325 9924 29108 3581 1666 3856 22769 2012 196 6492 58 101 2783 641 2119 1021 50 178 105 3029
leaf_count=50636 3545 5130 95 10478 1646 43872 5859 11597 12829 10660 17325 9924 29108 3581 1666 3856 22769 2012 196 6492 58 101 2783 641 2119 1021 50 178 105 3029
internal_value=0.000497056 -0.00113019 -0.0020318 -0.00139708 -0.000314662 0.00243464 0.00213603 -0.00304853 0.000135793 -0.00272566 -0.000943018 0.0011731 -0.000965078 -0.00490444 0.000341939 -0.000298591 0.000441372 0.00100094 -0.0102921 -0.00280698 -0.00394978 -0.0110377 0.00238698 0.00162503 0.00110808 0.000471736 -0.00228953 -0.00149351 -0.00577738 0.0011358
internal_weight=263361 143144 67984 41855 75160 120217 76345 26129 44406 22257 31659 15783 30754 3872 39276 14334 37610 14841 291 10196 3704 159 60562 9926 7143 5024 974 924 283 4050
internal_count=263361 143144 67984 41855 75160 120217 76345 26129 44406 22257 31659 15783 30754 3872 39276 14334 37610 14841 291 10196 3704 159 60562 9926 7143 5024 974 924 283 4050
is_linear=0
shrinkage=0.05


Tree=23
num_leaves=31
num_cat=0
split_feature=8 18 29 18 18 0 0 4 0 23 4 23 1 23 28 29 0 22 29 0 29 23 23 0 28 2 20 28 4 0
split_gain=307.718 38.9044 17.4644 8.3501 8.08666 6.53469 6.81042 7.25785 5.33649 5.59035 7.12775 5.1096 7.97868 5.96471 4.91718 4.73348 4.65791 5.05137 4.38176 4.28735 4.49145 3.94559 8.78991 3.76025 3.63323 3.62566 3.56657 3.15623 3.08392 2.9615
threshold=1.0000000180025095e-35 29.083260393587619 -0.8261228501704635 12.112820027334863 5.305932897020516 4.4674786937065862 4.7012900704448422 -0.14911712937886271 5.6049807601895782 1.5000000000000002 0.097217299422049319 2.5000000000000004 261.00000000000006 3.5000000000000004 10.500000000000002 -0.13745828384435174 4.6426673853605518 14.500000000000002 0.006879990237007339 4.9296208115160445 -1.691767014093873 4.5000000000000009 5.5000000000000009 5.2415695283205883 22.500000000000004 0.20649810031997073 0.033668173619919022 17.500000000000004 -0.022092846213695314 4.9913979866649205
decision_type=2 2 2 2 2 2 2 2 2 2 2 2 2 2 2 2 2 2 2 2 2 2 2 2 2 2 2 2 2 2
left_child=1 2 19 14 8 -3 7 -7 -2 -10 11 12 15 -13 18 -11 -5 -18 -4 20 -1 -15 -23 -6 -22 26 -17 -19 -16 -8
right_child=4 5 3 16 23 6 29 -9 9 10 -12 13 -14 21 28 25 17 27 -20 -21 24 22 -24 -25 -26 -27 -28 -29 -30 -31
leaf_value=-0.038015666807414722 0.015180982024320208 -0.0062498478907445677 0.013274975306688001 0.0030079030752035059 0.0034136894589817004 -0.049683059214487645 -0.020703711117974671 0.0095636243171456498 0.02022153723681501 0.019684007967944991 0.021728373550103208 0.025940517000251968 -0.049059703052810065 -0.030397436615416846 -0.0038518599489500193 -0.055938881408657298 -0.010466792459208236 0.00045908120184049773 -0.018692638278413987 -0.0047089734240076293 -0.014705883284329625 0.026516576256471105 -0.02364976953776679 0.012254372034774443 -0.025301068026485143 0.01771747970935228 -0.032450217160242413 -0.0090482950889871558 0.0053163826672725832 0.0029238695026468577
leaf_weight=6145 91711 2550 12862 8699 9451 14895 14352 836 3795 355 3183 1192 54 1297 19242 50 14484 10623 2010 6259 9683 1236 1215 8779 4762 178 552 7096 4664 995
leaf_count=6145 91711 2550 12862 8699 9451 14895 14352 836 3795 355 3183 1192 54 1297 19242 50 14484 10623 2010 6259 9683 1236 1215 8779 4762 178 552 7096 4664 995
internal_value=0.00047482 -0.00112706 -0.000659022 -0.000287399 0.00229943 -0.00260973 -0.00280938 -0.00354046 0.00246847 0.00152476 0.00086555 -0.000131343 -0.00307401 0.000576923 0.00023828 -0.00218062 -0.00078578 -0.0010631 0.000952125 -0.00176189 -0.00211025 -0.000402881 0.000777234 0.00132748 -0.00162859 -0.00435897 -0.00621262 -0.000496924 -0.000205806 -0.00206001
internal_weight=263205 140157 106529 79680 123048 33628 31078 15731 104818 13107 9312 6129 1189 4940 38778 1135 40902 32203 14872 26849 20590 3748 2451 18230 14445 780 602 17719 23906 15347
internal_count=263205 140157 106529 79680 123048 33628 31078 15731 104818 13107 9312 6129 1189 4940 38778 1135 40902 32203 14872 26849 20590 3748 2451 18230 14445 780 602 17719 23906 15347
is_linear=0
shrinkage=0.05


Tree=24
num_leaves=31
num_cat=0
split_feature=21 4 0 24 24 24 24 24 24 0 1 0 0 21 0 0 4 24 24 3 0 23 23 23 1 23 23 1 17 20
split_gain=277.848 35.8292 16.2984 10.9733 15.7249 10.7234 9.23345 10.315 8.504 8.35332 8.26589 5.90346 8.06119 5.76171 5.67691 5.91738 6.53615 4.72891 7.06252 4.67606 7.39837 11.6905 7.17281 9.63573 8.53865 4.95456 14.3826 4.79045 4.70021 4.5981
threshold=4.5000000000000009 -0.91706966442293736 4.7199269281688467 17.500000000000004 6.5000000000000009 11.500000000000002 11.500000000000002 6.5000000000000009 8.5000000000000018 5.0321893123531218 189.00000000000003 4.688499415564281 4.7985492905656644 30.500000000000004 4.7012900704448422 4.8022471230451886 -0.19523226681261327 14.500000000000002 6.5000000000000009 0.23186112550867749 5.446138084545372 1.5000000000000002 2.5000000000000004 5.5000000000000009 273.00000000000006 4.5000000000000009 3.5000000000000004 237.00000000000003 4.5000000000000009 0.074891670498221208
decision_type=2 2 2 2 2 2 2 2 2 2 2 2 2 2 2 2 2 2 2 2 2 2 2 2 2 2 2 2 2 2
left_child=8 2 3 4 -2 -6 7 13 -1 14 11 -8 -13 -3 -9 -16 -17 18 -4 20 -10 -22 24 25 -23 26 -24 -25 -28 -15
right_child=1 6 17 -5 5 -7 10 9 19 -11 -12 12 -14 29 15 16 -18 -19 -20 -21 21 22 23 27 -26 -27 28 -29 -30 -31
leaf_value=0.011371584858145106 -0.021741323497872639 0.008592157963844332 -0.0049254031586595179 -0.026721357441489221 -0.076655330048656087 -0.038553391290573086 0.017225808037368388 -0.0019621506849431532 0.011359574863138976 -0.0014225821524843883 -0.011215809877172533 -0.026651109124678624 0.0010681601483656219 0.013865253554246455 -0.15701258401306606 -0.017585558596077567 -0.15201902288848779 -0.0050736881732068922 -0.032002771984103943 0.020485116199050003 0.021983538356949463 -0.022595750857312528 0.026029787676891354 -0.036971094538742456 -0.064029817070429207 0.025642092923107429 0.011152794279988939 0.038060389754067725 -0.046421613515079174 -0.0088239631117335068
leaf_weight=29167 6160 5245 5386 20692 4710 6587 10032 1582 46289 3765 4539 1466 32931 1051 449 3693 2205 18103 6792 32838 3556 1554 1798 1423 67 1696 719 184 1084 8442
leaf_count=29167 6160 5245 5386 20692 4710 6587 10032 1582 46289 3765 4539 1466 32931 1051 449 3693 2205 18103 6792 32838 3556 1554 1798 1423 67 1696 719 184 1084 8442
internal_value=0.000461668 -0.00102169 -0.00185007 -0.00253755 -0.00346079 -0.00456891 -0.000269894 -0.001023 0.00223406 -0.00213186 0.00013662 0.000344257 3.29972e-05 -0.000143167 -0.00305272 -0.00372066 -0.00329942 -0.00098395 -0.00174577 0.00247171 0.00220319 0.00110132 9.67744e-05 0.000799537 -0.00289636 0.00182839 0.00077895 -0.00259179 -0.00237659 -0.000878015
internal_weight=264205 143830 68430 38149 17457 11297 75400 26432 120375 11694 48968 44429 34397 14738 7929 6347 5898 30281 12178 91208 58370 12081 8525 6904 1621 5297 3601 1607 1803 9493
internal_count=264205 143830 68430 38149 17457 11297 75400 26432 120375 11694 48968 44429 34397 14738 7929 6347 5898 30281 12178 91208 58370 12081 8525 6904 1621 5297 3601 1607 1803 9493
is_linear=0
shrinkage=0.05


Tree=25
num_leaves=31
num_cat=0
split_feature=10 4 0 28 24 24 24 0 24 0 0 0 0 27 24 24 0 24 1 3 24 4 1 0 29 7 24 28 27 17
split_gain=262.561 33.3576 16.1012 9.66429 8.80218 8.59949 7.25033 7.85286 6.82723 7.6012 7.104 6.76788 6.74069 6.27953 6.192 9.81394 4.8272 8.96633 4.67278 4.55886 4.47992 6.66548 4.93345 4.27688 4.47446 4.27216 4.41935 3.92678 4.19492 3.91929
threshold=0.7333333333333335 -0.91706966442293736 4.707024031575016 11.500000000000002 14.500000000000002 8.5000000000000018 11.500000000000002 4.688499415564281 7.5000000000000009 5.0690024785453636 4.7012900704448422 4.8404521090059918 4.9193525064942056 27.500000000000004 14.500000000000002 6.5000000000000009 4.5402900480898207 2.5000000000000004 249.00000000000003 0.28140590075069744 9.5000000000000018 -0.21650765130726377 157.00000000000003 4.7905409102862082 -0.27770026063877867 0.44211831739564095 3.5000000000000004 9.5000000000000018 12.500000000000002 5.5000000000000009
decision_type=2 2 2 2 2 2 2 2 2 2 2 2 2 2 2 2 2 2 2 2 2 2 2 2 2 2 2 2 2 2
left_child=5 2 3 13 -5 25 8 -8 16 10 -10 -12 -9 18 15 29 17 -3 -2 -7 21 -13 -23 24 -17 -1 -27 -18 -29 -4
right_child=1 6 14 4 -6 19 7 12 9 -11 11 20 -14 -15 -16 23 27 -19 -20 -21 -22 22 -24 -25 -26 26 -28 28 -30 -31
leaf_value=0.014427447844462656 -0.023465690828663871 0.018165481187763427 0.0083451500146389454 -0.055759651398664317 -0.031315048357792828 0.011247531874675471 0.016364517632103066 -0.0087805068282125042 0.003612337313507138 0.0030864303200429976 -0.10114277700805552 -0.01767264579429674 0.0010756302061676948 -0.051321578610492913 -0.0053135450496695552 -0.033110168448277459 0.005280707561969725 -0.029402043971525828 0.031290452857000585 0.019953695677755942 -0.010268736257638494 -0.18675527539492764 0.0076516421452672428 -0.011879391591066588 -0.1052345317393904 0.011931646320726359 0.00018942400890341175 0.0018501813894247932 -0.016618880800788296 -0.022606425323453534
leaf_weight=16018 6270 664 3991 6719 13950 62705 9912 11572 1304 2303 856 1267 27210 4519 20532 4309 7347 743 2610 28702 2471 1041 170 2298 981 5319 7801 4404 3811 1929
leaf_count=16018 6270 664 3991 6719 13950 62705 9912 11572 1304 2303 856 1267 27210 4519 20532 4309 7347 743 2610 28702 2471 1041 170 2298 981 5319 7801 4404 3811 1929
internal_value=0.000455924 -0.000991633 -0.00179289 -0.00256135 -0.00323939 0.00217533 -0.000264735 9.6932e-05 -0.0009323 -0.00201232 -0.00282107 -0.0035702 -0.000224073 -0.00151541 -0.0010238 -0.0018552 -0.000333255 -0.00313788 -0.000743243 0.00241376 -0.00286017 -0.00436239 -0.00701486 -0.0030456 -0.00382798 0.00142735 0.000758384 -7.96811e-05 -0.000830797 -0.000329392
internal_weight=263728 143183 68108 34068 20669 120545 75075 48694 26381 9412 7109 5805 38782 13399 34040 13508 16969 1407 8880 91407 4949 2478 1211 7588 5290 29138 13120 15562 8215 5920
internal_count=263728 143183 68108 34068 20669 120545 75075 48694 26381 9412 7109 5805 38782 13399 34040 13508 16969 1407 8880 91407 4949 2478 1211 7588 5290 29138 13120 15562 8215 5920
is_linear=0
shrinkage=0.05


Tree=26
num_leaves=31
num_cat=0
split_feature=0 18 29 17 0 3 18 19 26 17 28 0 23 26 23 6 17 16 22 23 22 27 0 0 1 23 23 6 17 22
split_gain=235.777 34.1379 14.8596 8.52465 8.51276 7.59195 7.37534 6.93615 6.53961 5.74144 5.18898 4.3191 5.60812 5.38384 4.53046 4.07556 4.87475 4.1108 4.06627 4.01235 3.95011 4.75906 3.57029 3.35352 3.28921 3.27117 6.45639 3.11806 3.25922 2.94293
threshold=5.1752994071594012 29.679186642393145 -0.92774906841375426 7.5000000000000009 4.7985492905656644 0.23955479830745183 13.003328952775066 13.53267201524732 1.0000000180025095e-35 9.5000000000000018 12.500000000000002 5.446138084545372 1.5000000000000002 1.0000000180025095e-35 2.5000000000000004 0.44278675338947882 5.5000000000000009 0.72752024943454063 11.500000000000002 5.5000000000000009 19.500000000000004 27.500000000000004 4.9097895749028941 4.6638718775261703 285.00000000000006 4.5000000000000009 3.5000000000000004 0.36104879606109291 4.5000000000000009 15.500000000000002
decision_type=2 2 2 2 2 2 2 2 2 2 2 2 2 2 2 2 2 2 2 2 2 2 2 2 2 2 2 2 2 2
left_child=1 2 22 4 23 7 8 11 10 29 20 13 -13 -2 15 -14 -17 -18 -9 25 21 -4 24 -3 -1 26 -16 -28 -29 -8
right_child=5 3 6 -5 -6 -7 9 18 -10 -11 -12 12 14 -15 19 16 17 -19 -20 -21 -22 -23 -24 -25 -26 -27 27 28 -30 -31
leaf_value=-0.022711178119939231 0.012088820775346053 -0.051012742113222688 0.020345400317627608 -0.0055758312371430316 -0.0083893927508878249 0.018263133422081412 -0.0097839012660673134 0.001652890759926225 -0.010598725575468192 0.0073442329039664772 -0.0009366867303756219 0.021347464499599299 0.0091033562020209034 0.0013897838910096661 0.022650629167434329 -0.024275290795775485 -0.054535775910300413 -0.023342848662849254 0.0086867615629936199 -0.019796976230998742 0.00044942353481190652 0.0033838215314135681 -0.0052201464730115632 -0.026505004185991284 0.047176543994284205 0.024988847203606848 0.016849750924562291 0.0050046443390328139 -0.04675855770545425 -0.003713978002581335
leaf_weight=16696 41887 9355 7879 4275 5818 43056 17333 8983 3734 6105 20811 2626 646 3543 1324 474 95 91 15666 1279 7344 4743 5608 13413 656 1290 465 344 499 17802
leaf_count=16696 41887 9355 7879 4275 5818 43056 17333 8983 3734 6105 20811 2626 646 3543 1324 474 95 91 15666 1279 7344 4743 5608 13413 656 1290 465 344 499 17802
internal_value=0.000467329 -0.000921722 -0.000494844 -0.00233392 -0.00264535 0.00207569 -0.000192359 0.00178521 0.000253982 -0.000674103 0.000437379 0.00209968 0.00110752 0.00229914 0.000320424 -0.0023124 -0.00507576 -0.0119355 0.00108909 0.000981542 0.00101322 0.00154968 -0.00162456 -0.00308152 -0.00197902 0.0017746 0.000763678 -0.00172783 -0.00354093 -0.000920023
internal_weight=263840 141572 108711 32861 28586 122268 85751 79212 44511 41240 40777 54563 9133 45430 6507 1306 660 186 24649 5201 19966 12622 22960 22768 17352 3922 2632 1308 843 35135
internal_count=263840 141572 108711 32861 28586 122268 85751 79212 44511 41240 40777 54563 9133 45430 6507 1306 660 186 24649 5201 19966 12622 22960 22768 17352 3922 2632 1308 843 35135
is_linear=0
shrinkage=0.05


Tree=27
num_leaves=31
num_cat=0
split_feature=0 4 0 24 24 24 20 24 24 21 26 29 29 0 0 24 29 0 0 0 27 0 24 27 5 19 24 26 29 4
split_gain=226.32 27.4792 13.4404 10.2714 17.0051 9.34791 7.21928 7.12346 5.39933 5.32599 5.19521 5.18402 5.56445 4.68865 4.55252 5.10979 7.33012 5.89749 5.13215 4.41841 4.33579 3.81743 4.50136 4.01202 3.74651 3.67342 3.34066 3.27825 3.27038 3.20713
threshold=5.1701421864534813 -0.91706966442293736 4.757598829281628 17.500000000000004 6.5000000000000009 11.500000000000002 0.70712980943250281 8.5000000000000018 17.500000000000004 34.500000000000007 1.0000000180025095e-35 -0.41329821901382596 0.60199955426817631 4.6500701778329185 4.9965635965540569 6.5000000000000009 5.8911258848236683 4.688499415564281 4.7985492905656644 5.4636711999144145 23.500000000000004 4.4674786937065862 2.5000000000000004 21.500000000000004 1.2182538079649634 12.293154133233626 8.5000000000000018 1.0000000180025095e-35 -0.46518392472356479 0.19106950438603915
decision_type=2 2 2 2 2 2 2 2 2 2 2 2 2 2 2 2 2 2 2 2 2 2 2 2 2 2 2 2 2 2
left_child=1 2 3 4 20 11 28 -2 14 -5 29 -6 -13 27 15 21 17 -17 -19 -12 -1 22 -8 -23 -16 -11 -14 -10 -3 -9
right_child=7 6 -4 9 5 -7 8 10 13 25 19 12 26 -15 24 16 -18 18 -20 -21 -22 23 -24 -25 -26 -27 -28 -29 -30 -31
leaf_value=-0.030886091952712958 0.0094432836470574686 -0.0032409844559354662 -0.0053387709610257725 -0.012485645037171254 -0.052293543826232206 -0.032181516562816849 0.00099960617596733391 0.010724561289740205 0.01755795063872732 -0.0045059684887762755 0.00031463515360213856 -0.24938777823185401 -0.092221205109800697 -0.0018158236447159287 0.004410596546413746 0.0020626829777611526 -0.23000319353440798 -0.05462608021690555 -0.013872099534003852 0.01291335869677028 4.0460095458571253e-05 -0.009447667152672104 -0.039371257018768063 0.0091155405828868483 -0.0057593306091363134 -0.054434979022732255 -0.14289788594662009 -0.011182523245944391 0.008381383699301909 0.019123544769197583
leaf_weight=3594 30182 2780 18272 21152 4907 8758 303 55517 6124 1053 5186 260 674 21976 4764 3184 215 825 9982 4419 4591 2581 259 4558 6194 4526 448 243 8174 28105
leaf_count=3594 30182 2780 18272 21152 4907 8758 303 55517 6124 1053 5186 260 674 21976 4764 3184 215 825 9982 4419 4591 2581 259 4558 6194 4526 448 243 8174 28105
internal_value=0.000434524 -0.000938517 -0.00165787 -0.00208224 -0.00285124 -0.00384894 -0.000258308 0.00199657 -0.000469873 -0.0014139 0.00221272 -0.00531961 -0.0080246 3.58115e-05 -0.000905979 -0.00132218 -0.00188441 -0.00174362 -0.00230082 0.0011114 -0.0010171 -0.000285028 -0.00425267 2.73149e-05 -7.39184e-05 -0.00278813 -0.00649733 0.00123056 0.000923864 0.00233922
internal_weight=263806 140397 68235 49963 23232 15047 72162 123409 61208 26731 93227 6289 1382 28343 32865 21907 14206 13991 10807 9605 8185 7701 562 7139 10958 5579 1122 6367 10954 83622
internal_count=263806 140397 68235 49963 23232 15047 72162 123409 61208 26731 93227 6289 1382 28343 32865 21907 14206 13991 10807 9605 8185 7701 562 7139 10958 5579 1122 6367 10954 83622
is_linear=0
shrinkage=0.05


Tree=28
num_leaves=31
num_cat=0
split_feature=10 18 29 24 29 26 0 24 21 1 24 24 0 18 26 24 24 0 18 0 29 0 9 4 24 18 0 29 3 0
split_gain=208.408 31.8044 13.7127 9.94028 8.22776 7.33411 6.68575 6.5585 6.24463 6.3027 5.90701 14.6604 6.87053 5.66069 4.80225 4.50548 4.44483 4.19614 3.97604 3.61558 3.4996 3.46452 3.25603 3.23853 4.70646 4.64028 3.20423 3.18182 3.17061 8.68914
threshold=0.41666666666666674 36.744099829618499 -0.89127533738544151 11.500000000000002 -1.0000000180025095e-35 1.0000000180025095e-35 4.9041128417203437 8.5000000000000018 32.500000000000007 185.00000000000003 7.5000000000000009 10.500000000000002 4.9594602393769431 13.003328952775066 1.0000000180025095e-35 8.5000000000000018 10.500000000000002 4.4674786937065862 59.307370038592801 4.6245658589774434 0.57969437983252536 5.4636711999144145 1.1362416369051334 0.075215567670207165 3.5000000000000004 4.3149702784170527 4.7412328621058295 -0.21643759867087295 0.22397061954145348 5.446138084545372
decision_type=2 2 2 2 2 2 2 2 2 2 2 2 2 2 2 2 2 2 2 2 2 2 2 2 2 2 2 2 2 2
left_child=7 2 3 6 5 8 15 23 13 16 -6 12 20 -4 28 -2 -10 -3 -19 -7 -12 -16 -11 24 -1 -26 -5 -27 29 -9
right_child=1 17 4 26 10 19 -8 14 9 22 11 -13 -14 -15 21 -17 -18 18 -20 -21 -22 -23 -24 -25 25 27 -28 -29 -30 -31
leaf_value=0.0098066617288556732 -0.027828801610321613 -0.0044352653709238913 0.0083841652693863074 -0.019298724378405449 -0.0041709587286071249 -0.044307215856837723 -0.012234913508337782 0.011106652840584697 -0.0091877379666235673 -0.020721446702605922 -0.36430540650689025 -0.0044973106327917687 -0.021282810334744617 -0.00082393167303857363 0.00074687436454388381 -0.046670076228207326 0.0022277405570890331 -0.026423019974821119 -0.046355967989141614 -0.0078777238273541224 -0.17227434285834872 0.012203429671248539 -0.045949246525211575 0.012906186544044016 0.0059777081534639473 0.012206880263488692 0.0009622134472863016 -0.058607790559560807 0.017755151056190101 0.0080583049142989149
leaf_weight=5769 4202 1665 21493 8252 6028 452 4601 41221 4431 7246 123 3195 634 28923 4868 4104 13150 15072 4753 6620 1444 4408 111 14417 6471 765 7095 1531 30150 10294
leaf_count=5769 4202 1665 21493 8252 6028 452 4601 41221 4431 7246 123 3195 634 28923 4868 4104 13150 15072 4753 6620 1444 4408 111 14417 6471 765 7095 1531 30150 10294
internal_value=0.000422562 -0.000862362 -0.000550187 -0.00151589 -0.000259456 -8.51671e-05 -0.00253854 0.00196148 5.93202e-05 -0.000587858 -0.00151698 -0.00271868 -0.0058587 0.000379443 0.00217014 -0.0033855 -7.36589e-05 -0.00263611 -0.00283859 -0.00162472 -0.00763561 0.00109207 -0.00181664 0.00130608 0.000779444 4.96181e-05 -0.000655828 -0.00188153 0.0022926 0.00205426
internal_weight=263488 143594 122104 28254 93850 82426 12907 119894 75354 24938 11424 5396 2201 50416 90941 8306 17581 21490 19825 7072 1567 9276 7357 28953 14536 8767 15347 2296 81665 51515
internal_count=263488 143594 122104 28254 93850 82426 12907 119894 75354 24938 11424 5396 2201 50416 90941 8306 17581 21490 19825 7072 1567 9276 7357 28953 14536 8767 15347 2296 81665 51515
is_linear=0
shrinkage=0.05


Tree=29
num_leaves=31
num_cat=0
split_feature=10 18 1 26 4 19 29 21 0 18 28 22 0 0 0 29 0 0 29 22 28 0 26 3 29 28 22 21 6 22
split_gain=185.66 26.0049 11.6505 6.80835 6.169 6.72073 5.7628 6.34937 4.43009 4.18258 3.9797 3.92281 3.91979 3.5727 3.36952 3.11303 3.23566 3.10379 2.92823 2.7281 2.54591 2.53593 3.70863 2.71947 2.42808 2.42491 2.37506 2.38146 2.35591 2.22557
threshold=0.95000000000000007 37.582006658413199 145.00000000000003 1.0000000180025095e-35 0.19106950438603915 11.93424160286294 -1.3663842572693345 34.500000000000007 4.757598829281628 12.560022105663213 16.500000000000004 10.500000000000002 4.4674786937065862 4.7105902035041884 4.7041876600984978 -0.018088961058912559 4.7985492905656644 4.6245658589774434 6.8981135525598924 11.500000000000002 5.5000000000000009 5.4965753906779726 1.0000000180025095e-35 0.2014297962332233 -0.22971457122045122 17.500000000000004 8.5000000000000018 29.500000000000004 0.89093428026623356 2.5000000000000004
decision_type=2 2 2 2 2 2 2 2 2 2 2 2 2 2 2 2 2 2 2 2 2 2 2 2 2 2 2 2 2 2
left_child=4 2 10 6 5 21 13 9 -9 11 18 -8 -3 20 26 -11 -17 -5 -2 -7 -4 22 -1 29 -16 -22 27 -14 -6 -23
right_child=1 12 3 17 28 19 7 8 -10 15 -12 -13 14 -15 24 16 -18 -19 -20 -21 25 23 -24 -25 -26 -27 -28 -29 -30 -31
leaf_value=0.010919902134899719 0.0040935444447449312 -0.0028399335160349966 -0.05706168220940834 -0.069606807937611759 0.016722042535097615 0.0025279997722679887 0.021297756592736548 -0.046748952031585876 -0.0062695326352621445 -0.0045559837060396768 -0.0025766750399377363 -0.0027331508064902805 -0.057785435056660089 -0.013803783803966768 -0.015560357493848754 -0.044259193968973126 -0.00030089092235798757 -0.016126844315895918 -0.027950385853938303 0.0080746021143645354 -0.0026390914711531778 0.026583756655467257 0.001507174315913057 0.017396437493951811 -0.028181059220457307 -0.032390757446887138 -0.03537249967489435 -0.04581004396548205 -0.044779818494678096 0.0024408125784305661
leaf_weight=38558 25111 1645 834 332 40386 11570 6037 5078 7895 26679 22946 9594 741 5716 6474 1859 1099 4789 424 19930 1019 350 3250 1947 1626 2618 7093 2846 153 5213
leaf_count=38558 25111 1645 834 332 40386 11570 6037 5078 7895 26679 22946 9594 741 5716 6474 1859 1099 4789 424 19930 1019 350 3250 1947 1626 2618 7093 2846 153 5213
internal_value=0.000428752 -0.000795514 -0.000519134 -0.000915784 0.00186586 0.00161338 -0.000784182 -0.00059228 -0.00156749 -0.000312804 8.26099e-05 0.000348986 -0.00244676 -0.00188132 -0.00265176 -0.000661841 -0.00220081 -0.00267428 0.000512042 0.00104286 -0.00294006 0.00197778 0.00212974 0.00113182 -0.00188272 -0.00236871 -0.00323502 -0.00428352 0.0023692 0.000568938
internal_weight=263812 142455 122030 73549 121357 80818 68428 58241 12973 45268 48481 15631 20425 10187 18780 29637 2958 5121 25535 31500 4471 49318 41808 7510 8100 3637 10680 3587 40539 5563
internal_count=263812 142455 122030 73549 121357 80818 68428 58241 12973 45268 48481 15631 20425 10187 18780 29637 2958 5121 25535 31500 4471 49318 41808 7510 8100 3637 10680 3587 40539 5563
is_linear=0
shrinkage=0.05


Tree=30
num_leaves=31
num_cat=0
split_feature=21 18 29 24 24 18 24 28 17 26 0 1 21 3 0 24 17 24 0 18 27 21 21 1 17 0 5 26 3 0
split_gain=173.76 27.8575 9.77449 5.88436 5.64142 5.44195 4.53316 4.52679 4.19721 3.97924 3.93719 3.8289 4.3263 4.62731 3.33906 3.9519 4.22532 6.89898 3.16657 3.01416 2.84004 2.83993 2.79753 3.58065 2.77375 2.81411 2.75665 2.71162 2.70377 4.03089
threshold=4.5000000000000009 29.679186642393145 -0.73123558741911709 8.5000000000000018 14.500000000000002 56.5969227937276 12.500000000000002 16.500000000000004 9.5000000000000018 1.0000000180025095e-35 4.9041128417203437 145.00000000000003 31.500000000000004 0.57855146471576868 4.8459066944144054 6.5000000000000009 4.5000000000000009 9.5000000000000018 5.4636711999144145 4.0296970121165101 30.500000000000004 34.500000000000007 34.500000000000007 129.00000000000003 8.5000000000000018 4.9665426635412357 2.452464905224168 1.0000000180025095e-35 0.28715235809240869 5.446138084545372
decision_type=2 2 2 2 2 2 2 2 2 2 2 2 2 2 2 2 2 2 2 2 2 2 2 2 2 2 2 2 2 2
left_child=3 2 4 19 10 6 14 11 21 28 26 -4 -13 -14 15 -3 17 -17 -11 -1 24 -8 -6 -24 25 -9 27 -2 29 -5
right_child=1 5 7 9 22 -7 8 20 -10 18 -12 12 13 -15 -16 16 -18 -19 -20 -21 -22 -23 23 -25 -26 -27 -28 -29 -30 -31
leaf_value=0.010429344021823179 -0.023120181645347057 -0.019840096366214369 0.0051409590060224114 0.0099095354171218827 0.00063388659365079666 -0.039667218448492296 -0.011726485499963083 -0.0094134745990771471 0.014533976455963063 0.0007175234401160524 -0.0067504264136965322 0.0030359240755629484 -0.010307529058331946 -0.043561659423205008 -0.0034015722426870114 -0.34997051487747682 -0.033097540577485859 -0.031494579308526484 0.011245035399986241 0.0032387055005942151 -0.044052601982798749 -0.035475548202073041 0.012942265726250859 -0.025840702400105373 0.0055331712248969794 -0.00039217636868672665 0.0035293637358292298 -0.034498095576400385 0.016426788184309798 0.010050761886923939
leaf_weight=20680 10267 3621 20922 42073 10341 6227 12185 15441 2145 4898 6227 17621 7730 72 1547 420 2681 519 4409 8535 274 3307 513 3660 4229 11812 925 603 25322 14540
leaf_count=20680 10267 3621 20922 42073 10341 6227 12185 15441 2145 4898 6227 17621 7730 72 1547 420 2681 519 4409 8535 274 3307 513 3660 4229 11812 925 603 25322 14540
internal_value=0.000438983 -0.000737705 -0.000358967 0.00183871 -0.0010871 -0.00202101 -0.00170766 -5.56329e-05 -0.00124539 0.00203645 -0.00167795 0.000259467 -0.000152814 -0.00113304 -0.00263541 -0.0030859 -0.00425414 -0.00714057 0.00105673 0.00122112 -0.000515493 -0.0015324 -0.000353452 -0.0014462 -0.00047138 -0.000656258 -0.00221492 -0.0024379 0.00214774 0.00195565
internal_weight=263746 143289 110637 120457 32536 32652 26425 78101 17637 91242 18022 46345 25423 7802 8788 7241 3620 939 9307 29215 31756 15492 14514 4173 31482 27253 11795 10870 81935 56613
internal_count=263746 143289 110637 120457 32536 32652 26425 78101 17637 91242 18022 46345 25423 7802 8788 7241 3620 939 9307 29215 31756 15492 14514 4173 31482 27253 11795 10870 81935 56613
is_linear=0
shrinkage=0.05


Tree=31
num_leaves=31
num_cat=0
split_feature=10 18 1 24 29 26 24 24 3 0 29 24 29 0 24 4 26 0 23 4 23 23 3 23 23 1 17 1 2 0
split_gain=155.177 21.7382 11.5753 7.01516 6.74262 5.42994 4.55549 6.31068 4.48181 4.2925 4.37638 5.55866 4.15261 4.04082 3.9927 3.97962 3.90169 4.3729 6.74679 6.30129 4.46227 7.17383 6.18516 7.9516 10.9156 10.1757 5.91328 4.4231 4.09025 3.87497
threshold=0.95000000000000007 37.582006658413199 153.00000000000003 8.5000000000000018 -1.2530839403026801 1.0000000180025095e-35 13.500000000000002 2.5000000000000004 0.28715235809240869 4.9244151253434794 0.063671324687521 7.5000000000000009 -0.40543560691002828 4.5311910660572687 15.500000000000002 -0.091335160072792868 1.0000000180025095e-35 5.446138084545372 5.5000000000000009 0.19106950438603915 4.5000000000000009 1.5000000000000002 0.12557320551757548 2.5000000000000004 3.5000000000000004 273.00000000000006 4.5000000000000009 233.00000000000003 0.28694789977656471 4.6819840796372594
decision_type=2 2 2 2 2 2 2 2 2 2 2 2 2 2 2 2 2 2 2 2 2 2 2 2 2 2 2 2 2 2
left_child=3 2 6 -1 14 -6 7 -2 16 10 12 13 -9 15 -4 -12 17 -5 20 27 21 -19 23 25 -25 -23 -26 28 -20 -8
right_child=1 -3 4 8 5 -7 29 9 -10 -11 11 -13 -14 -15 -16 -17 -18 18 19 -21 -22 22 -24 24 26 -27 -28 -29 -30 -31
leaf_value=0.0073956594696097545 0.008401011133634801 -0.026734450148223628 -0.030200823235272581 0.0092110445502256114 -0.0056138738072350012 -0.018139336691172039 0.015338257874727732 -0.014128148070944303 0.014605375955165251 -0.0027295710096054268 -0.010093664267171953 -0.20522074821507427 0.0040001054371376302 -0.0052189528676646734 -0.0079192291995686531 -0.040198640491990914 0.0019360735225406403 0.017215976128800201 -0.044354488091088405 0.019687777703170529 0.021202782024048728 -0.032179331949611249 0.013156877428204303 0.025556169126064399 0.010235451044564157 -0.065594933887189691 -0.050594755378474 0.03304155614731133 0.019150913943998194 0.00095172401617143315
leaf_weight=29441 3918 20401 8417 42245 51336 3848 7867 4244 28223 11788 105 355 1789 724 3464 52 6749 4100 969 603 2021 1012 3138 1168 512 50 705 156 219 24220
leaf_count=29441 3918 20401 8417 42245 51336 3848 7867 4244 28223 11788 105 355 1789 724 3464 52 6749 4100 969 603 2021 1012 3138 1168 512 50 705 156 219 24220
internal_value=0.000401931 -0.000716771 -0.000464393 0.00171629 -0.000905465 -0.00067284 7.28272e-05 -0.000464635 0.00193153 -0.000840373 -0.00179598 -0.00450647 -0.00124068 -0.00237798 -0.00198594 -0.00964968 0.00169898 0.00183381 0.00108954 -0.00165126 0.00150952 0.00110201 7.97268e-05 -0.00138236 0.000220126 -0.00498117 -0.00309367 -0.00355655 -0.00459596 0.000457662
internal_weight=263839 142528 122127 121311 67065 55184 55062 22975 91870 19057 7269 1236 6033 881 11881 157 63647 56898 14653 1947 12706 10685 6585 3447 2385 1062 1217 1344 1188 32087
internal_count=263839 142528 122127 121311 67065 55184 55062 22975 91870 19057 7269 1236 6033 881 11881 157 63647 56898 14653 1947 12706 10685 6585 3447 2385 1062 1217 1344 1188 32087
is_linear=0
shrinkage=0.05


Tree=32
num_leaves=31
num_cat=0
split_feature=10 18 1 21 4 26 19 18 24 24 24 0 24 24 24 24 21 0 26 18 24 22 21 24 22 21 24 0 0 0
split_gain=146.176 22.1707 8.87216 6.29935 6.03059 5.57042 5.46615 4.14036 3.96138 9.87803 5.38995 4.0788 4.03127 3.89484 3.82936 5.54106 4.04453 3.47083 3.37558 3.35794 3.29533 3.22896 3.12634 3.06324 3.04782 2.89071 4.29241 7.4093 5.69477 5.7814
threshold=0.7333333333333335 33.275138505876264 153.00000000000003 32.500000000000007 0.19106950438603915 1.0000000180025095e-35 13.298178079917404 46.090845381258767 17.500000000000004 6.5000000000000009 10.500000000000002 4.688499415564281 8.5000000000000018 15.500000000000002 12.500000000000002 2.5000000000000004 27.500000000000004 4.8935427106932758 1.0000000180025095e-35 8.5080550058377042 8.5000000000000018 10.500000000000002 38.500000000000007 6.5000000000000009 7.5000000000000009 36.500000000000007 6.5000000000000009 4.7607705584681321 5.0517303177099064 4.7012900704448422
decision_type=2 2 2 2 2 2 2 2 2 2 2 2 2 2 2 2 2 2 2 2 2 2 2 2 2 2 2 2 2 2
left_child=4 2 14 5 6 8 18 13 9 -4 12 -12 -11 -3 15 -2 -17 19 20 24 -1 -8 -15 -6 -5 26 27 -18 29 -28
right_child=1 7 3 17 23 -7 21 -9 -10 10 11 -13 -14 22 -16 16 25 -19 -20 -21 -22 -23 -24 -25 -26 -27 28 -29 -30 -31
leaf_value=0.0069174096103816335 0.0078055574342647278 -0.022719063937708742 0.006780219956692213 0.034312910322390894 0.010436292406148771 -0.019307554802193483 0.00017243033789375323 -0.032996925623864595 0.0018680844264600842 -0.042180865868920947 -0.030470781655917323 -0.0013796708484878756 -0.059434362928949283 -0.0055051281354870198 0.0026646448769310671 0.010035993147423709 -0.014806467017565966 -0.0028930856259935488 0.0013598223196211938 -0.031792826624751434 0.00934502832144808 0.0073339360263751669 -0.039921335070231732 0.014681754622602156 -0.024587683232658229 -0.021114879423906861 0.0043627881842970857 0.0086392237843274499 0.0073425037514416513 -0.055103748802840663
leaf_weight=13543 4032 6076 7298 1490 7300 2653 8230 12297 19615 2212 2068 5734 2283 7647 33561 886 873 5913 4459 9289 37696 15924 573 33181 3607 3425 1404 4347 1804 4441
leaf_count=13543 4032 6076 7298 1490 7300 2653 8230 12297 19615 2212 2068 5734 2283 7647 33561 886 873 5913 4459 9289 37696 15924 573 33181 3607 3425 1404 4347 1804 4441
internal_value=0.000405157 -0.000672412 -0.000376063 -0.000784884 0.00169043 -0.000434393 0.00143841 -0.00197552 -0.000284366 -0.00078719 -0.00165203 -0.000857472 -0.00303115 -0.00139689 8.79085e-05 -0.000437959 -0.000829453 -0.00150771 0.00171083 -0.00192687 0.00182566 0.000810218 -0.000687348 0.00218757 -0.000895625 -0.00100835 -0.000664776 0.000440613 -0.00141914 -0.00217707
internal_weight=263861 143528 116935 62162 120333 41863 79852 26593 39210 19595 12297 7802 4495 14296 54773 21212 17180 20299 55698 14386 51239 24154 8220 40481 5097 16294 12869 5220 7649 5845
internal_count=263861 143528 116935 62162 120333 41863 79852 26593 39210 19595 12297 7802 4495 14296 54773 21212 17180 20299 55698 14386 51239 24154 8220 40481 5097 16294 12869 5220 7649 5845
is_linear=0
shrinkage=0.05


Tree=33
num_leaves=31
num_cat=0
split_feature=21 18 26 18 17 24 21 17 0 0 22 27 0 22 7 29 3 18 27 24 24 17 28 0 24 24 29 0 21 24
split_gain=140.862 20.253 6.73725 6.75539 5.15584 4.72682 4.70452 4.25106 5.59482 4.02813 3.97176 3.59176 3.49841 3.40836 3.40578 3.68447 3.32026 3.19084 3.16576 3.06026 3.25985 3.5736 2.95613 3.03949 2.91928 3.17216 4.52652 3.30752 2.96324 2.8526
threshold=4.5000000000000009 33.275138505876264 1.0000000180025095e-35 11.475555918351697 9.5000000000000018 8.5000000000000018 31.500000000000004 7.5000000000000009 4.7985492905656644 4.9594602393769431 6.5000000000000009 10.500000000000002 4.8696986285031327 3.5000000000000004 0.55057793637233676 -1.3663842572693345 0.28715235809240869 2.6076295524879374 25.500000000000004 6.5000000000000009 9.5000000000000018 6.5000000000000009 10.500000000000002 4.8298264345200224 11.500000000000002 6.5000000000000009 -0.51305018789241741 4.6344336593550848 38.500000000000007 6.5000000000000009
decision_type=2 2 2 2 2 2 2 2 2 2 2 2 2 2 2 2 2 2 2 2 2 2 2 2 2 2 2 2 2 2
left_child=5 2 3 10 6 -1 11 8 24 18 17 19 -4 -13 -12 -16 -7 -2 -8 -5 21 -21 -17 -24 25 -3 27 -27 -26 -20
right_child=1 7 12 4 -6 16 9 -9 -10 -11 14 13 -14 -15 15 22 -18 -19 29 20 -22 -23 23 -25 28 26 -28 -29 -30 -31
leaf_value=0.0075486418021484883 0.043594017548767003 -0.024744006574892778 -0.023927460684701477 0.010369685361670131 0.005410764270267464 0.0076345859161283045 -0.013458129373867981 -0.0047445398436759259 -0.0039993444540497997 -0.0026475941574729965 0.0043218211076243469 -0.013235598787781406 -0.0033036638378704645 0.001354017799387406 -0.028713893320054636 0.0083385511268506251 0.013463205989984501 0.0054873939601098373 -0.0039481826726395497 -0.1794198176504925 -0.0067884668146331638 0.01354374242886993 -0.015527743849063075 0.00073471852496113542 -0.022510676747122878 -0.091367774506566524 -0.20391008298626623 -0.022157466207744277 -0.059826538395350848 -0.040943412340047364
leaf_weight=29160 2876 3163 3779 1216 8325 63197 9752 3308 4003 8716 11208 2501 5106 20083 3103 6962 27740 6776 890 1566 7358 231 6188 7323 12614 497 574 1500 1008 3136
leaf_count=29160 2876 3163 3779 1216 8325 63197 9752 3308 4003 8716 11208 2501 5106 20083 3103 6962 27740 6776 890 1566 7358 231 6188 7323 12614 497 574 1500 1008 3136
internal_value=0.000377077 -0.00067883 -0.000395619 -0.000286942 -0.000616709 0.00164105 -0.000790907 -0.00192241 -0.00215998 -0.00134836 0.000186336 -0.000410408 -0.00171919 -5.66771e-05 -6.26723e-05 -0.0004038 0.00181868 0.00108371 -0.00188053 -0.0011807 -0.00149372 -0.00340289 -0.000160455 -0.00059174 -0.00251188 -0.00345832 -0.00476274 -0.00363796 -0.00211349 -0.00306011
internal_weight=263859 143762 117095 108210 63774 120097 55449 26667 23359 22494 44436 32955 8885 22584 34784 23576 90937 9652 13778 10371 9155 1797 20473 13511 19356 5734 2571 1997 13622 4026
internal_count=263859 143762 117095 108210 63774 120097 55449 26667 23359 22494 44436 32955 8885 22584 34784 23576 90937 9652 13778 10371 9155 1797 20473 13511 19356 5734 2571 1997 13622 4026
is_linear=0
shrinkage=0.05


Tree=34
num_leaves=31
num_cat=0
split_feature=10 18 29 24 18 18 18 24 3 0 23 23 1 23 6 23 23 1 6 24 26 17 6 0 26 1 24 0 0 24
split_gain=115.789 20.2053 7.45679 5.58774 5.43885 4.43752 4.34228 4.23222 5.16908 5.75617 10.0346 8.50868 12.4993 8.19695 5.05586 5.04518 12.0141 4.18121 4.109 4.48498 4.05955 4.02885 4.38667 4.00469 3.51748 3.1736 3.3182 3.27923 3.14474 3.11745
threshold=0.41666666666666674 33.275138505876264 -0.64858629318584227 14.500000000000002 5.305932897020516 13.711901041093762 48.954811645103682 6.5000000000000009 0.20910120683205655 5.446138084545372 1.5000000000000002 2.5000000000000004 273.00000000000006 5.5000000000000009 0.41041286294998397 4.5000000000000009 3.5000000000000004 237.00000000000003 0.27261863723103447 25.500000000000004 1.0000000180025095e-35 4.5000000000000009 0.36370100212467216 4.8404521090059918 1.0000000180025095e-35 121.00000000000001 28.500000000000004 5.6418675887389069 5.5484946787729337 8.5000000000000018
decision_type=2 2 2 2 2 2 2 2 2 2 2 2 2 2 2 2 2 2 2 2 2 2 2 2 2 2 2 2 2 2
left_child=4 2 3 23 7 20 -3 -1 9 24 -11 12 14 15 -12 16 -13 18 -15 -20 -4 28 -23 -2 29 -21 27 -27 -18 -9
right_child=1 6 5 -5 -6 -7 -8 8 -10 10 11 13 -14 17 -16 -17 21 -19 19 25 -22 22 -24 -25 -26 26 -28 -29 -30 -31
leaf_value=0.0068880692481684633 -0.019890654510463193 -0.013629379807816434 0.0046385820004318252 -0.0027028969086088121 0.003465082236842209 -0.0030840597576235924 -0.030430991592226508 0.0031387444454182914 0.013489619820076855 0.016564991501515577 0.011715712432112937 0.020231099174288197 -0.058141064264933096 0.022752381180434319 -0.038774743588162866 0.020771807947030506 -0.073486259073700669 0.032473306141482423 -0.027551052303478093 -0.074395236476234403 -0.0062314084886281292 0.0052426099079997731 -0.051946796973712142 -0.0052225466303054508 0.00079270839767251345 -0.07090439494687828 -0.0047271111610475182 -0.018821418300502522 0.011566201793594784 0.008622064498498146
leaf_weight=19486 11684 16409 36681 19148 15037 37008 10305 2827 33649 3397 595 1694 62 269 990 1660 61 171 899 56 3344 289 721 9134 3904 87 98 52 625 33565
leaf_count=19486 11684 16409 36681 19148 15037 37008 10305 2827 33649 3397 595 1694 62 269 990 1660 61 171 899 56 3344 289 721 9134 3904 87 98 52 625 33565
internal_value=0.000394969 -0.000562823 -0.000279532 -0.000833708 0.00154018 7.98378e-06 -0.00180355 0.00166736 0.00181864 0.00150629 0.000531298 -0.000402809 -0.00362174 0.000390602 -0.00276025 0.00138614 0.000280236 -0.00268995 -0.00355578 -0.00481544 0.000372892 -0.00269458 -0.00470297 -0.00140071 0.00179 -0.0101877 -0.00765823 -0.0126259 0.000262391 0.00194301
internal_weight=263907 143713 116999 39966 120194 77033 26714 105157 85671 52022 11726 8329 1647 6682 1585 5050 3390 1632 1461 1192 40025 1696 1010 20818 40296 293 237 139 686 36392
internal_count=263907 143713 116999 39966 120194 77033 26714 105157 85671 52022 11726 8329 1647 6682 1585 5050 3390 1632 1461 1192 40025 1696 1010 20818 40296 293 237 139 686 36392
is_linear=0
shrinkage=0.05


Tree=35
num_leaves=31
num_cat=0
split_feature=10 18 26 17 18 4 19 17 0 21 0 22 0 18 29 4 0 23 2 23 23 1 29 23 23 17 4 14 26 27
split_gain=109.003 16.7302 6.91134 6.01439 5.92377 5.41408 4.47392 3.82351 4.73294 3.52889 4.10069 3.49818 5.00955 3.4389 2.76192 2.48731 2.35509 5.05095 5.16726 5.08407 4.3392 4.10328 3.74552 3.68218 6.31847 3.90154 4.68097 2.84904 2.55707 2.34316
threshold=0.41666666666666674 33.275138505876264 1.0000000180025095e-35 9.5000000000000018 13.003328952775066 0.19106950438603915 13.298178079917404 7.5000000000000009 4.6638718775261703 31.500000000000004 4.7512206636374144 9.5000000000000018 4.7292907654218128 2.4419317637934359 -0.84205718744538371 -0.54491434864628052 5.4965753906779726 1.5000000000000002 0.13347621831156561 2.5000000000000004 3.5000000000000004 245.00000000000003 -0.12325831839925346 4.5000000000000009 5.5000000000000009 4.5000000000000009 0.089232473596078152 0.78724009618565638 1.0000000180025095e-35 4.5000000000000009
decision_type=2 2 2 2 2 2 2 2 2 2 2 2 2 2 2 2 2 2 2 2 2 2 2 2 2 2 2 2 2 2
left_child=5 2 3 4 11 6 16 8 -3 29 -11 13 15 -2 -4 -13 28 -18 19 21 -21 22 -19 25 -25 -22 -27 -24 -1 -6
right_child=1 7 14 -5 9 -7 -8 -9 -10 10 -12 12 -14 -15 -16 -17 17 18 -20 20 23 -23 27 24 -26 26 -28 -29 -30 -31
leaf_value=0.0075866696656884149 0.035912270971190798 -0.03649054153805166 -0.01578359400728041 0.0088259648012973448 -0.017654651649534839 0.012392487424261113 0.0039015723571870784 -0.0024471171959750456 -0.012727946346329842 -0.027547920907367681 -0.0045097403999143576 -0.025244433811914258 0.00064882264987666796 0.0027952439426312402 -0.0061834845600853942 0.008873102972453719 0.017122820605262913 0.0160204953817271 0.012521868314306447 0.019817261848600783 0.0065427593172963207 -0.057485155752604038 -0.04333634651765246 0.020292093387675958 -0.026855599111174178 -0.051284175752218844 0.0093939283411712867 -0.03328989453637908 0.00083942286973372594 -0.0014549079429014879
leaf_weight=42939 3774 8113 1843 11742 3779 40339 24266 3301 15158 6329 13552 4711 26970 10803 7037 735 2597 204 2328 829 319 64 251 805 760 357 144 250 3590 25666
leaf_count=42939 3774 8113 1843 11742 3779 40339 24266 3301 15158 6329 13552 4711 26970 10803 7037 735 2597 204 2328 829 319 64 251 805 760 357 144 250 3590 25666
internal_value=0.000380661 -0.000549323 -0.000291985 -0.000181795 -0.000312036 0.00149248 0.00125359 -0.00168185 -0.00190774 -0.000694765 -0.00120945 8.96944e-05 -0.000199593 0.000733004 -0.00163288 -0.00158281 0.00150143 0.000756623 -7.13022e-06 -0.00110093 -0.000227131 -0.00475293 -0.00365248 -0.00131027 0.000111821 -0.00402439 -0.00677645 -0.00597804 0.00164403 -0.000347257
internal_weight=263555 143513 116941 108061 96319 120042 79703 26572 23271 49326 19881 46993 32416 14577 8880 5446 55437 8908 6311 3983 3214 769 705 2385 1565 820 501 501 46529 29445
internal_count=263555 143513 116941 108061 96319 120042 79703 26572 23271 49326 19881 46993 32416 14577 8880 5446 55437 8908 6311 3983 3214 769 705 2385 1565 820 501 501 46529 29445
is_linear=0
shrinkage=0.05


Tree=36
num_leaves=31
num_cat=0
split_feature=10 18 29 24 18 17 18 5 21 24 24 29 24 3 26 22 17 26 23 23 12 22 6 24 24 12 29 19 28 24
split_gain=101.323 15.8695 8.21558 5.40776 5.16519 4.68004 5.46959 4.4229 3.36605 5.54596 5.56608 3.98123 3.22269 3.23701 3.15214 2.83786 2.81076 2.88983 2.81349 3.87501 5.28831 2.70091 2.66397 2.63032 2.56294 2.5388 3.76426 2.29865 2.28896 2.20357
threshold=0.41666666666666674 37.582006658413199 -0.94655401024601937 13.500000000000002 5.7830916203520326 9.5000000000000018 13.711901041093762 0.75544060075152986 32.500000000000007 6.5000000000000009 10.500000000000002 6.8981135525598924 6.5000000000000009 0.21542235901923742 1.0000000180025095e-35 11.500000000000002 4.5000000000000009 1.0000000180025095e-35 1.5000000000000002 2.5000000000000004 2.0608296616885724 13.500000000000002 0.41041286294998397 8.5000000000000018 25.500000000000004 0.14329457960185329 -0.16176097343974291 52.219901575810034 17.500000000000004 9.5000000000000018
decision_type=2 2 2 2 2 2 2 2 2 2 2 2 2 2 2 2 2 2 2 2 2 2 2 2 2 2 2 2 2 2
left_child=4 2 3 7 12 6 8 -2 9 -4 11 -11 -1 16 -9 28 17 23 -18 20 22 -8 -20 -14 -21 26 -24 -23 -12 -7
right_child=1 -3 5 -5 -6 29 21 14 -10 10 15 -13 13 -15 -16 -17 18 -19 19 24 -22 27 25 -25 -26 -27 -28 -29 -30 -31
leaf_value=0.0061340642308588276 0.0045229201637829782 -0.021268453009076638 0.023108443691968322 -0.0028956300374787056 0.0017036111861532402 -0.0028827787911797839 -0.0077693485353547411 -0.022167787032944027 -0.0028489673759633165 -0.061711007555400391 0.023965377383293109 -0.21163967705826503 0.0028914239320417109 0.011667350228851361 -0.029033059608671065 -0.0003608367304084224 0.0099477978992859491 0.00093918171198108702 0.010248350330665399 0.0079798019580829167 -0.054872722708480683 -0.017038631770336602 0.027155307705104423 0.0079122024124089092 -0.0076226556990112481 -0.0045423515524498411 -0.039867452516641762 -0.00065408643590868427 -0.0021262123355295552 0.012553213988455851
leaf_weight=20275 1815 20465 5964 10836 10438 2416 18435 12850 16498 1939 4551 95 3100 34398 629 12387 3101 4334 554 4527 90 3268 62 36918 1569 513 243 20739 1814 8915
leaf_count=20275 1815 20465 5964 10836 10438 2416 18435 12850 16498 1939 4551 95 3100 34398 629 12387 3101 4334 554 4527 90 3268 62 36918 1569 513 243 20739 1814 8915
internal_value=0.000349552 -0.000546736 -0.000332478 -0.0011194 0.00142114 -0.000120541 -0.00024682 -0.00172486 0.000148909 0.000495327 0.000109689 -0.00237463 0.00152228 0.00165134 -0.00203687 0.00037916 0.00141344 0.00158865 0.000684398 0.000164065 -0.00214774 -0.000650063 -0.00137755 0.00172148 0.000718504 -0.00319071 -0.00680328 -0.000300537 0.00123724 0.000834437
internal_weight=263738 143616 123151 26130 120122 97021 85690 15294 43248 26750 20786 2034 109684 89409 13479 18752 55011 44352 10659 7558 1462 42442 1372 40018 6096 818 305 24007 6365 11331
internal_count=263738 143616 123151 26130 120122 97021 85690 15294 43248 26750 20786 2034 109684 89409 13479 18752 55011 44352 10659 7558 1462 42442 1372 40018 6096 818 305 24007 6365 11331
is_linear=0
shrinkage=0.05


Tree=37
num_leaves=31
num_cat=0
split_feature=8 18 1 26 24 24 4 24 18 17 24 24 24 3 17 17 24 19 29 29 17 26 24 23 23 1 17 1 24 12
split_gain=93.6046 14.9633 7.34099 7.08025 5.69464 8.69618 5.2604 6.98373 5.03577 3.92339 3.46884 3.82656 3.31806 3.31139 3.25873 2.76703 2.54575 2.55403 2.53992 2.52117 2.48776 2.48051 2.67213 2.35276 3.95951 6.76525 2.9052 2.69228 2.65342 2.42332
threshold=1.0000000180025095e-35 44.858287520818259 145.00000000000003 1.0000000180025095e-35 17.500000000000004 6.5000000000000009 -0.42939901938996322 10.500000000000002 5.305932897020516 4.5000000000000009 15.500000000000002 2.5000000000000004 6.5000000000000009 0.20910120683205655 4.5000000000000009 9.5000000000000018 1.5000000000000002 14.569855794869389 5.8911258848236683 -0.67210302198578964 5.5000000000000009 1.0000000180025095e-35 8.5000000000000018 1.5000000000000002 2.5000000000000004 273.00000000000006 6.5000000000000009 133.00000000000003 26.500000000000004 2.0608296616885724
decision_type=2 2 2 2 2 2 2 2 2 2 2 2 2 2 2 2 2 2 2 2 2 2 2 2 2 2 2 2 2 2
left_child=1 2 10 4 5 19 7 20 12 -6 11 -1 16 14 21 -11 -2 -18 -13 -4 -7 22 -14 -16 25 26 29 -28 -26 -25
right_child=8 -3 3 -5 9 6 -8 -9 -10 15 -12 18 13 -15 23 -17 17 -19 -20 -21 -22 -23 -24 24 28 -27 27 -29 -30 -31
leaf_value=0.008971021936316298 0.010248664243625583 -0.025789453414394276 -0.0098957924282312773 -0.017067347747877184 0.005763190353977125 -0.085016707700209915 -0.00040367306173475886 -0.012875630247914167 0.0028900840634448091 -0.0069848028825021547 0.0035663444474479354 -0.0036124268896060943 0.0024476256336821572 0.011313826930707233 0.0087360858247971813 0.018123485469749772 0.0058617911765152233 -0.0053199454745018254 -0.11404865979772111 0.0042870261609425373 -0.02208446597260131 0.00095280957759477983 0.0076789038366949121 -0.0025842898262636816 0.0067867871569282827 -0.055177103642312902 -0.027400070781362713 -0.066456573281832007 -0.010756078781106633 -0.043768057596259236
leaf_weight=3288 4476 13302 4140 5439 11750 4358 4708 11898 18229 22718 24653 19136 3021 33722 2950 2041 11510 3511 492 9903 2223 4116 34814 1148 4743 52 96 51 1124 71
leaf_count=3288 4476 13302 4140 5439 11750 4358 4708 11898 18229 22718 24653 19136 3021 33722 2950 2041 11510 3511 492 9903 2223 4116 34814 1148 4743 52 96 51 1124 71
internal_value=0.000334929 -0.0005502 -0.00038277 -0.000677713 -0.000549302 -0.000984421 -0.00157912 -0.00195925 0.00133758 -0.00010559 0.000108159 -0.0003347 0.00147028 0.00160393 0.00135439 -0.00046266 0.000881418 0.000569536 -0.000599144 -2.49216e-06 -0.00326622 0.00154955 0.00167636 0.00055447 7.20661e-05 -0.00229901 -0.00162518 -0.00826531 0.000645134 -0.000824446
internal_weight=263683 140049 126747 79178 73739 37230 23187 18479 123634 36509 47569 22916 105405 85908 52186 24759 19497 15021 19628 14043 6581 41951 37835 10235 7285 1418 1366 147 5867 1219
internal_count=263683 140049 126747 79178 73739 37230 23187 18479 123634 36509 47569 22916 105405 85908 52186 24759 19497 15021 19628 14043 6581 41951 37835 10235 7285 1418 1366 147 5867 1219
is_linear=0
shrinkage=0.05


Tree=38
num_leaves=31
num_cat=0
split_feature=0 18 21 29 4 24 4 19 18 24 24 29 9 0 24 0 24 0 22 22 24 24 24 17 0 6 4 0 6 27
split_gain=84.5406 15.0643 7.3393 6.41341 6.12533 5.19677 5.17696 4.63336 4.31448 5.14939 7.92042 4.498 3.47178 3.29144 3.27399 3.69016 3.26069 2.99233 2.96825 2.91379 2.78497 2.7701 2.57305 3.44233 2.51526 2.47115 2.44767 2.81757 2.64731 2.39255
threshold=5.1752994071594012 44.858287520818259 32.500000000000007 -1.3663842572693345 -0.91706966442293736 14.500000000000002 0.19106950438603915 9.7558718449454851 13.953767183741615 6.5000000000000009 14.500000000000002 6.8981135525598924 0.87120393415823638 4.7720400331370492 9.5000000000000018 4.6819840796372594 8.5000000000000018 4.6500701778329185 6.5000000000000009 12.500000000000002 9.5000000000000018 25.500000000000004 17.500000000000004 4.5000000000000009 4.9798296441859744 0.92701573875340959 -0.1793608401508468 4.6533718866885332 1.0000000180025095e-35 26.500000000000004
decision_type=2 2 2 2 2 2 2 2 2 2 2 2 2 2 2 2 2 2 2 2 2 2 2 2 2 2 2 2 2 2
left_child=1 2 3 5 13 17 7 18 9 -5 11 -11 14 22 -6 -16 -9 20 -2 -12 -1 -18 -4 -24 -17 -8 27 28 -21 -14
right_child=6 -3 4 8 12 -7 25 16 -10 10 19 -13 29 -15 15 24 21 -19 -20 26 -22 -23 23 -25 -26 -27 -28 -29 -30 -31
leaf_value=-0.0099088222127967831 0.0091900812883348535 -0.025701610841048425 -0.037329003555111477 0.017475586831511732 -0.0085150773473874879 0.01226679026610368 0.01085076924805476 0.00011382662585560054 -0.0020450229738161064 -0.0095017218190334655 0.012683663170107785 -0.19121041234314645 -0.011679186981334527 -0.0063011316604431617 0.017047135306633692 -0.0084616896563267166 0.005511870697744641 -0.018736340801773447 0.0056919567592240931 -0.084111038719913864 -0.060665577890309436 0.0015324078478805071 0.020723949340925415 -0.033921340748378742 0.001246777574295174 -0.083664591147921546 0.0059213757775714079 0.00027966993728961443 -0.021607751714682759 -0.035708065312139756
leaf_weight=468 7609 13241 5444 6926 7653 1904 40429 11456 41986 6008 8007 101 744 4607 2437 4905 24458 6255 28994 82 818 9250 1117 5068 10457 99 4607 7312 857 432
leaf_count=468 7609 13241 5444 6926 7653 1904 40429 11456 41986 6008 8007 101 744 4607 2437 4905 24458 6255 28994 82 818 9250 1117 5068 10457 99 4607 7312 857 432
internal_value=0.000353978 -0.000478449 -0.00031261 -4.44737e-05 -0.000846398 -0.00127316 0.00131669 0.00108766 0.000108452 0.000528024 0.000215764 -0.00136765 -0.000379675 -0.00161185 -0.000256954 0.000114894 0.000748827 -0.00186248 0.00150575 0.000679368 -0.0040591 0.0009965 -0.00205994 -0.00136217 -0.000171852 0.00177877 0.000213097 -0.000302387 -0.00288072 -0.00303571
internal_weight=263731 141436 128195 85331 42864 9445 122295 81767 75886 33900 26974 6109 26628 16236 25452 17799 45164 7541 36603 20865 1286 33708 11629 6185 15362 40528 12858 8251 939 1176
internal_count=263731 141436 128195 85331 42864 9445 122295 81767 75886 33900 26974 6109 26628 16236 25452 17799 45164 7541 36603 20865 1286 33708 11629 6185 15362 40528 12858 8251 939 1176
is_linear=0
shrinkage=0.05


Tree=39
num_leaves=31
num_cat=0
split_feature=0 20 0 18 0 18 21 24 24 27 0 0 18 26 21 24 24 15 3 0 23 23 1 23 23 23 17 24 17 9
split_gain=79.401 13.2783 11.5711 5.28532 6.4027 4.42753 5.15368 5.00712 6.87705 4.38605 4.20781 3.55204 3.5147 3.31116 3.17066 3.09606 5.75719 3.19958 2.99597 6.91686 7.91831 7.40493 9.18269 5.15015 5.49023 9.2207 5.08649 3.57756 3.50187 2.74548
threshold=5.2106208181773761 1.0000000180025095e-35 4.7199269281688467 7.9283622202937627 4.7012900704448422 54.342627197387607 36.500000000000007 17.500000000000004 6.5000000000000009 15.500000000000002 4.9296208115160445 4.6207751646789132 3.9804812672850609 1.0000000180025095e-35 32.500000000000007 9.5000000000000018 2.5000000000000004 26.500000000000004 0.083415534536859834 5.5099253636219219 1.5000000000000002 2.5000000000000004 245.00000000000003 3.5000000000000004 4.5000000000000009 5.5000000000000009 4.5000000000000009 27.500000000000004 4.5000000000000009 0.57620258869117613
decision_type=2 2 2 2 2 2 2 2 2 2 2 2 2 2 2 2 2 2 2 2 2 2 2 2 2 2 2 2 2 2
left_child=1 2 5 -3 15 6 7 8 -1 11 -6 -10 18 -9 -4 16 -5 -17 19 -2 -21 22 27 -23 26 -26 -25 -22 29 -27
right_child=12 3 14 4 10 -7 -8 13 9 -11 -12 -13 -14 -15 -16 17 -18 -19 -20 20 21 23 -24 24 25 28 -28 -29 -30 -31
leaf_value=-0.0022795393774280139 0.0064714126613957925 0.0029167907369146207 0.0013015387616201165 0.027935546030371183 -0.0096463810344455045 -0.033924541031857457 -0.041418064176484443 -0.0027977457967444178 -0.044923135954726488 -0.057057858446558002 -0.0014755024170135919 -0.012197665366859754 0.0046400730452175023 -0.032512624186525313 -0.011585053994634184 0.014167649113876588 -0.012538633314356899 -0.02532415365049355 0.0099766543875685985 0.014445973623731182 -0.019073655600349262 0.01899070145430834 -0.062817361835052571 0.0033272341205105916 0.019705925465197675 -0.03979395538944791 -0.040642945791056907 -0.048480183824261731 -0.011444681591235165 0.01944987349572538
leaf_weight=4434 23822 35814 21137 887 14250 5566 4996 13684 1706 2010 24099 4484 33080 1021 9046 7981 1647 1164 43407 2652 1075 1308 134 564 1355 420 804 118 747 122
leaf_count=4434 23822 35814 21137 887 14250 5566 4996 13684 1706 2010 24099 4484 33080 1021 9046 7981 1647 1164 43407 2652 1075 1308 134 564 1355 420 804 118 747 122
internal_value=0.000331722 -0.000400647 -0.000922096 1.29309e-05 -0.000319021 -0.00150379 -0.00127957 -0.00100973 -0.00173975 -0.00259756 -0.000631177 -0.00193861 0.00136021 -0.000382523 -0.000191664 0.000705968 -0.000840568 0.0011345 0.00154636 0.00118822 3.1724e-05 -0.000889875 -0.00423135 -5.63908e-05 -0.000944666 0.000385779 -0.00351608 -0.00283738 -0.00264158 -0.00570111
internal_weight=263534 153926 68084 85842 50028 37901 32335 27339 12634 8200 38349 6190 109608 14705 30183 11679 2534 9145 76528 33121 9299 6647 1327 5320 4012 2644 1368 1193 1289 542
internal_count=263534 153926 68084 85842 50028 37901 32335 27339 12634 8200 38349 6190 109608 14705 30183 11679 2534 9145 76528 33121 9299 6647 1327 5320 4012 2644 1368 1193 1289 542
is_linear=0
shrinkage=0.05


Tree=40
num_leaves=31
num_cat=0
split_feature=0 4 0 28 21 18 1 24 0 0 18 7 24 21 21 18 29 29 19 24 0 1 23 26 0 28 7 28 6 0
split_gain=73.7505 13.4033 8.80196 5.64771 4.79826 4.79787 4.38116 3.68273 4.35617 3.72797 3.59567 3.34783 3.6379 3.32448 2.97214 2.86904 2.65518 2.55419 2.53603 2.37263 3.34481 2.48025 2.44769 2.3681 2.76851 2.77255 2.23353 2.20286 2.19448 2.17641
threshold=5.2067576393223733 -0.91706966442293736 4.7105902035041884 10.500000000000002 36.500000000000007 47.484748631825177 253.00000000000003 9.5000000000000018 4.6948551260747839 4.8212977052136194 4.0296970121165101 0.91758974146936134 7.5000000000000009 33.500000000000007 28.500000000000004 14.189292361214495 0.62705200687072382 -2.0687998472287839 27.871945639996966 6.5000000000000009 5.0690024785453636 153.00000000000003 3.5000000000000004 1.0000000180025095e-35 4.6302655068254284 22.500000000000004 0.44032404744014303 15.500000000000002 0.76965752928610587 4.3895594239587075
decision_type=2 2 2 2 2 2 2 2 2 2 2 2 2 2 2 2 2 2 2 2 2 2 2 2 2 2 2 2 2 2
left_child=1 2 4 16 5 6 23 11 -9 -10 -2 14 -13 -4 -5 -8 -3 -6 27 -18 21 22 -21 -1 25 -25 -16 -19 -15 -7
right_child=10 3 13 7 17 29 15 8 9 -11 -12 12 -14 28 26 -17 19 18 -20 20 -22 -23 -24 24 -26 -27 -28 -29 -30 -31
leaf_value=-0.01386020215542243 0.0075782314152941302 0.0036934107158410109 -0.0004747254906990413 0.0097830414718557742 0.0034347189506046538 0.02941054348976593 0.041308020522571182 0.012945570521962619 -0.015848563482367996 -0.00097214221613981422 0.0042507138902795919 -0.022299706399964387 -0.300139740845765 -0.022170328396681309 0.0018877406926476976 -0.0068401826579321647 0.0017494316621786154 0.043119475093175617 -0.042326392420112789 -0.19012217806519704 0.0095448306851183672 -0.0039555089245276774 -0.13197345581638006 -0.054904003942248251 -0.015124513307158553 -0.13107991111357284 -0.013185149137786787 -0.045736306570747891 -0.0074235987491603752 -0.033354953506179161
leaf_weight=16574 78719 33176 24550 1447 588 511 1684 6462 2510 27300 33122 188 135 4182 2140 3772 1675 668 3212 325 393 310 346 376 797 54 7299 794 4376 5937
leaf_count=16574 78719 33176 24550 1447 588 511 1684 6462 2510 27300 33122 188 135 4182 2140 3772 1675 668 3212 325 393 310 346 376 797 54 7299 794 4376 5937
internal_value=0.000316021 -0.000401862 -0.000922879 2.18624e-05 -0.00147611 -0.00122959 -0.000894999 -0.000336871 -9.20819e-05 -0.000347199 0.00129027 -0.001129 -0.00614551 -0.000338589 -0.000980158 0.000344575 0.000492064 -0.00286773 -0.00325845 -0.000919974 -0.00245997 -0.00402141 -0.00573025 -0.00127493 -0.00339446 -0.00662791 -0.00130363 -0.00153215 -0.00118719 -0.00243641
internal_weight=263622 151781 68075 83706 34967 29705 23257 47481 36272 29810 111841 11209 323 33108 10886 5456 36225 5262 4674 3049 1374 981 671 17801 1227 430 9439 1462 8558 6448
internal_count=263622 151781 68075 83706 34967 29705 23257 47481 36272 29810 111841 11209 323 33108 10886 5456 36225 5262 4674 3049 1374 981 671 17801 1227 430 9439 1462 8558 6448
is_linear=0
shrinkage=0.05


Tree=41
num_leaves=31
num_cat=0
split_feature=21 18 26 24 18 18 24 27 17 17 21 24 24 3 24 17 4 27 18 15 20 1 5 24 19 19 23 24 1 27
split_gain=64.6772 10.5044 6.25304 6.69793 5.30458 3.37757 3.15716 3.28304 2.92591 2.88189 3.02107 4.0952 7.91853 4.66528 2.97494 4.13622 2.80347 2.78364 2.63976 2.46556 2.46267 2.38413 2.42342 3.06565 2.1807 2.17849 1.97948 2.31675 1.88887 1.85879
threshold=4.5000000000000009 44.858287520818259 1.0000000180025095e-35 21.500000000000004 4.0296970121165101 8.875161798013778 11.500000000000002 9.5000000000000018 9.5000000000000018 7.5000000000000009 31.500000000000004 6.5000000000000009 9.5000000000000018 -0.65996746046144716 8.5000000000000018 4.5000000000000009 0.2988773374608194 23.500000000000004 13.003328952775066 3.5000000000000004 0.021724611789787088 157.00000000000003 1.2612351914490232 7.5000000000000009 33.433507884216034 4.2761266608149802 5.5000000000000009 4.5000000000000009 185.00000000000003 27.500000000000004
decision_type=2 2 2 2 2 2 2 2 2 2 2 2 2 2 2 2 2 2 2 2 2 2 2 2 2 2 2 2 2 2
left_child=4 2 3 5 16 28 7 -4 18 10 11 -7 13 14 21 17 25 -16 -5 -20 -8 22 -13 -24 -12 -1 27 -27 -2 -11
right_child=1 -3 6 8 -6 9 20 -9 -10 29 24 12 -14 -15 15 -17 -18 -19 19 -21 -22 -23 23 -25 -26 26 -28 -29 -30 -31
leaf_value=0.0081181838044878853 0.0028481232767392003 -0.021565777330226264 -0.032349832307811313 0.0057556433553950133 0.0034008907940475241 0.0037649825438078165 -0.021489857370180398 -0.0034982227590241834 0.014013541516553603 0.0048332982495460928 -0.033439434947700374 0.014497568163012059 -0.0026950520113393096 -0.012702360590017437 -0.25284106200889095 -0.10395294462038991 0.0099771794190104211 -0.39360755658456076 0.0026770364624866829 -0.0056063839672020567 -0.0029715753842341711 -0.076550568616389258 -0.23843614090192933 -0.21905977750932648 -0.0093041669106905794 0.0025534803225368205 0.0019871129906821731 0.0062252401168260921 -0.010005370407150537 -0.0078352997514378724
leaf_weight=6610 16428 13306 376 15745 35151 8234 2843 298 5461 7001 1533 74 15978 1339 284 499 23699 91 10766 10588 6055 1422 93 88 17849 6380 7422 40922 5814 1510
leaf_count=6610 16428 13306 376 15745 35151 8234 2843 298 5461 7001 1533 74 15978 1339 284 499 23699 91 10766 10588 6055 1422 93 88 17849 6380 7422 40922 5814 1510
internal_value=0.000316628 -0.000399339 -0.000262754 -0.000165277 0.00117254 -0.000439881 -0.0014929 -0.00479228 0.000339521 -0.000646933 -0.000798795 -0.000467582 -0.00085615 -0.00287918 -0.00413367 -0.00649886 0.00138611 -0.0104667 0.000180463 -0.000181699 -0.00124298 -0.00290101 -0.00735294 -0.0104696 -0.00127902 0.00120765 0.00110409 0.0012232 8.13778e-05 0.000200329
internal_weight=263859 143675 130369 120797 120184 78237 9572 674 42560 55995 47484 28102 19868 3890 2551 874 85033 375 37099 21354 8898 1677 255 181 19382 61334 54724 47302 22242 8511
internal_count=263859 143675 130369 120797 120184 78237 9572 674 42560 55995 47484 28102 19868 3890 2551 874 85033 375 37099 21354 8898 1677 255 181 19382 61334 54724 47302 22242 8511
is_linear=0
shrinkage=0.05


Tree=42
num_leaves=31
num_cat=0
split_feature=0 4 0 21 24 26 4 19 26 27 0 19 0 0 0 26 19 29 1 24 0 4 24 11 22 29 27 27 0 3
split_gain=61.2364 9.59982 8.77762 5.81213 4.3821 4.11682 3.79193 3.62634 4.29434 3.55038 4.97999 3.24856 3.03802 2.97416 3.0274 2.97387 3.21919 2.95363 2.9531 2.7981 2.44612 3.06986 2.33516 2.24806 2.23326 2.14024 2.0805 2.00962 1.9393 1.88009
threshold=5.194518704741836 -0.91706966442293736 4.7720400331370492 32.500000000000007 6.5000000000000009 1.0000000180025095e-35 0.19106950438603915 43.60571307918071 1.0000000180025095e-35 18.500000000000004 4.6098625740792736 48.521988010920985 4.4236054436470065 4.953885222277969 4.6676560430519158 1.0000000180025095e-35 10.087084747060869 5.8911258848236683 233.00000000000003 1.5000000000000002 4.7640480011832471 -0.057612994079110504 11.500000000000002 0.23074120585776112 10.500000000000002 -0.78361957578518804 29.500000000000004 59.500000000000007 4.6383966752493375 -0.38080928179244405
decision_type=2 2 2 2 2 2 2 2 2 2 2 2 2 2 2 2 2 2 2 2 2 2 2 2 2 2 2 2 2 2
left_child=1 2 3 5 -2 9 15 8 27 10 12 18 -1 14 -9 16 -6 20 -11 25 -16 -22 -7 -20 -18 -12 -13 -3 -5 -15
right_child=4 7 -4 28 6 22 -8 13 -10 11 19 26 -14 29 17 -17 24 -19 23 -21 21 -23 -24 -25 -26 -27 -28 -29 -30 -31
leaf_value=0.038171104338283489 0.0036218500525719739 0.0036154127493496484 0.0023371661924903838 -0.041710353204027793 0.006562032946338392 -0.05936003250823485 0.0092382358792135032 0.0046430399342017219 -0.0058245500216061669 -0.0030157397795999696 -0.049560482668672273 -0.0054499930492544046 -0.03720315156598427 0.0026755539396669421 -0.031527768726934351 7.0466702170642146e-05 0.0011388198114233878 -0.13864330282634021 0.044360069784185628 -0.0064237230665721195 -0.0053978454008602773 -0.025680689813332547 -0.023909592295078864 0.0016544112426086389 0.0053081866716282074 -0.016001811509555722 -0.064815388226103762 -0.11968732503369023 -0.022814964706075698 -0.0019674445799070825
leaf_weight=395 21900 33709 14513 4147 26298 105 33189 4422 2802 2729 125 9062 2788 12292 664 6227 9798 271 1696 17224 14624 571 1913 874 19625 143 690 58 11839 9203
leaf_count=395 21900 33709 14513 4147 26298 105 33189 4422 2802 2729 125 9062 2788 12292 664 6227 9798 271 1696 17224 14624 571 1913 874 19625 143 690 58 11839 9203
internal_value=0.000289053 -0.000390885 -0.000824773 -0.00111949 0.00114225 -0.000781051 0.00128904 -1.42463e-05 0.000349887 -0.000656944 -0.00108222 -7.27525e-05 -0.00290135 -0.000330939 -0.000760996 0.00105798 0.00117379 -0.00107874 0.000923759 -0.0007512 -0.000990289 -0.00086048 -0.0029782 0.00214008 0.000814499 -0.0058209 -0.000614233 0.000505968 -0.00191855 8.02514e-05
internal_weight=263896 146859 68243 53730 117037 37744 95137 78616 36569 35726 20675 15051 3183 42047 20552 61948 55721 16130 5299 17492 15859 15195 2018 2570 29423 268 9752 33767 15986 21495
internal_count=263896 146859 68243 53730 117037 37744 95137 78616 36569 35726 20675 15051 3183 42047 20552 61948 55721 16130 5299 17492 15859 15195 2018 2570 29423 268 9752 33767 15986 21495
is_linear=0
shrinkage=0.05


Tree=43
num_leaves=31
num_cat=0
split_feature=0 18 18 28 22 18 0 24 24 21 1 24 5 0 22 3 26 0 0 24 0 29 6 29 23 29 0 12 3 0
split_gain=55.1735 8.95185 5.10502 4.55471 4.28106 3.9034 2.89639 2.81009 2.73875 3.99809 5.57677 3.69437 4.66625 3.02612 2.72188 2.64297 2.61382 2.75649 2.61267 2.58756 2.3549 2.34786 2.7541 2.26848 2.09789 1.96794 1.91911 1.91115 1.89577 2.18898
threshold=5.2106208181773761 13.953767183741615 56.5969227937276 11.500000000000002 19.500000000000004 1.6749658239256511 4.6638718775261703 6.5000000000000009 11.500000000000002 36.500000000000007 157.00000000000003 6.5000000000000009 1.2182538079649634 4.6638718775261703 19.500000000000004 -0.62811429896374393 1.0000000180025095e-35 5.4636711999144145 4.9097895749028941 1.5000000000000002 4.5989605807911609 0.49506689351185157 0.11191186438626136 0.48199358273701259 1.5000000000000002 -1.8577800261288111 4.9665426635412357 0.21977845111554598 0.28715235809240869 5.446138084545372
decision_type=2 2 2 2 2 2 2 2 2 2 2 2 2 2 2 2 2 2 2 2 2 2 2 2 2 2 2 2 2 2
left_child=1 3 8 4 5 -1 -4 19 11 -10 -11 14 18 15 -3 25 28 23 20 -2 -13 22 -7 -18 -25 -12 27 -14 29 -9
right_child=7 2 6 -5 -6 21 -8 16 9 10 13 12 26 -15 -16 -17 17 -19 -20 -21 -22 -23 -24 24 -26 -27 -28 -29 -30 -31
leaf_value=0.018328414776779024 0.0087533014270363505 -0.0078067749115018669 -0.040295847210658597 -0.0021587838089740757 -0.0013883405073463907 0.042819059402367861 -0.0085059768885108866 0.0059168291318861975 -0.00168059836382269 0.0027054890569051557 0.10527578137582581 0.0098145863416523038 -0.09005524007064751 -0.016151539104259573 0.0031713136466358957 0.022813998190809343 -0.00050567494284773056 0.004842512587292346 0.0093312636990528375 0.002286745481951132 -0.026352088910287744 -0.014642922666795927 0.0036583720989467115 -0.017090723574830696 -0.00016616555032893465 -0.063567386653837113 -0.0069387709180110911 -0.036896508284487248 0.0091186846263161623 0.0051426696141413332
leaf_weight=3499 4696 7853 3023 35402 12846 1175 3156 37407 45754 2324 103 765 1677 3285 5489 208 4082 4432 1374 15757 2460 1508 16830 66 81 1010 1142 3131 27318 15920
leaf_count=3499 4696 7853 3023 35402 12846 1175 3156 37407 45754 2324 103 765 1677 3285 5489 208 4082 4432 1374 15757 2460 1508 16830 66 81 1010 1142 3131 27318 15920
internal_value=0.000298609 -0.000311855 -0.000665587 9.89337e-05 0.000496124 0.000904311 -0.00204807 0.00115521 -0.000554032 -0.000352669 -0.00147186 -0.000998074 -0.00169732 -0.00247937 -0.00044521 -0.00450038 0.00127629 0.000450872 -0.000501196 0.000626559 -0.00127907 0.000628555 0.000787281 -0.000462284 -0.00656463 -0.00546721 -0.00262185 -0.00305948 0.00136493 0.00119142
internal_weight=263773 154014 82754 71260 35858 23012 6179 109759 76575 52684 6930 23891 10549 4606 13342 1321 89306 8661 4599 20453 3225 19513 18005 4229 147 1113 5950 4808 80645 53327
internal_count=263773 154014 82754 71260 35858 23012 6179 109759 76575 52684 6930 23891 10549 4606 13342 1321 89306 8661 4599 20453 3225 19513 18005 4229 147 1113 5950 4808 80645 53327
is_linear=0
shrinkage=0.05


Tree=44
num_leaves=31
num_cat=0
split_feature=0 4 0 19 0 0 28 23 1 22 0 0 6 21 5 29 15 22 19 4 8 0 23 23 1 6 23 17 4 0
split_gain=50.2801 8.35044 7.61653 3.92527 3.23756 4.00532 3.53654 3.07678 2.80537 2.70182 2.56958 2.89669 3.02418 2.52969 2.39678 3.72024 2.39411 2.16276 2.0597 2.82726 2.49453 2.30044 7.9966 8.68999 14.4173 5.62324 4.52669 4.61009 4.21061 3.46338
threshold=5.2106208181773761 -0.91706966442293736 4.707024031575016 14.454743621874018 4.3895594239587075 4.6344336593550848 26.500000000000004 2.5000000000000004 109.00000000000001 6.5000000000000009 4.7012900704448422 4.8812865822448641 0.94194664212128043 32.500000000000007 0.82883137921812422 -0.89127533738544151 26.500000000000004 6.5000000000000009 4.8272506170453378 0.18217412118880802 0.71573582783772294 5.4965753906779726 1.5000000000000002 2.5000000000000004 261.00000000000006 0.41041286294998397 5.5000000000000009 4.5000000000000009 0.062600019134425519 5.6136670051882271
decision_type=2 2 2 2 2 2 2 2 2 2 2 2 2 2 2 2 2 2 2 2 2 2 2 2 2 2 2 2 2 2
left_child=1 2 4 9 -1 6 14 -8 -2 -3 16 12 -12 -4 15 -6 -5 -13 -10 21 -21 -20 -23 24 25 -24 -25 28 29 -28
right_child=8 3 13 10 5 -7 7 -9 18 -11 11 17 -14 -15 -16 -17 -18 -19 19 20 -22 22 23 26 -26 -27 27 -29 -30 -31
leaf_value=0.028977832693506924 0.001867062754736702 0.0082941034747475561 0.00099243221925272482 0.0073007059472280636 -0.082270602725704509 -0.010845733007384624 -0.025741306484873508 -0.07130998475195105 0.0073860659964595015 0.0017559697554266924 -0.012919718927854177 -0.0048222600835486898 0.0030101999440989491 -0.011055916774711858 -0.022080714300824103 -0.019716505679608452 -0.022721053819234824 0.00020187996034612575 0.0042781636328553486 0.0092435940024733019 0.0057375601536448356 0.013209127046329648 0.0033502718262077335 0.0074519051726576364 -0.0601650599467363 -0.035055798732450058 -0.065610824342291957 0.0027605594430036118 -0.014209943097146779 -0.035905793356841215
leaf_weight=1224 13397 4659 23904 10450 96 20757 729 971 6269 17438 7228 7665 2886 10281 10074 128 1423 34201 38126 23322 15294 3808 866 5724 100 879 52 1122 357 285
leaf_count=1224 13397 4659 23904 10450 96 20757 729 971 6269 17438 7228 7665 2886 10281 10074 128 1423 34201 38126 23322 15294 3808 866 5724 100 879 52 1122 357 285
internal_value=0.000283545 -0.000298675 -0.000711959 2.90869e-05 -0.00124209 -0.00133644 -0.00206368 -0.00417647 0.00110223 0.000603476 -0.000169686 -0.000321277 -0.00108068 -0.000185022 -0.0017149 -0.00683036 0.000493978 -0.00013782 0.00119662 0.00113554 0.00145872 0.00089236 0.000323278 -0.000460842 -0.00353659 -0.00247851 0.000291777 -0.00188326 -0.00508646 -0.00909496
internal_weight=263715 154114 68164 85950 33979 32755 11998 1700 109601 22097 63853 51980 10114 34185 10298 224 11873 41866 96204 89935 38616 51319 13193 9385 1845 1745 7540 1816 694 337
internal_count=263715 154114 68164 85950 33979 32755 11998 1700 109601 22097 63853 51980 10114 34185 10298 224 11873 41866 96204 89935 38616 51319 13193 9385 1845 1745 7540 1816 694 337
is_linear=0
shrinkage=0.05


Tree=45
num_leaves=31
num_cat=0
split_feature=8 18 21 20 18 24 24 0 24 17 24 18 24 0 1 2 24 1 0 3 0 23 5 23 23 2 17 23 23 4
split_gain=44.1767 6.75597 4.11081 3.75614 3.55564 3.4969 11.754 8.35641 5.39556 5.20087 4.69512 3.47458 3.46438 2.919 2.91634 2.94637 2.88689 6.64361 3.93154 2.56206 3.21793 6.43465 4.81583 4.3864 7.40419 4.30113 4.75373 4.73275 7.00569 3.62221
threshold=1.0000000180025095e-35 44.858287520818259 34.500000000000007 0.010396394390677272 3.5919980809026071 14.500000000000002 6.5000000000000009 5.0590719231024197 9.5000000000000018 6.5000000000000009 8.5000000000000018 26.7162527832748 7.5000000000000009 4.6638718775261703 149.00000000000003 -1.491108502086018 2.5000000000000004 125.00000000000001 4.5086161124671804 0.21542235901923742 5.5318668908130064 5.5000000000000009 0.82076849548864261 4.5000000000000009 1.5000000000000002 0.27552933797121576 4.5000000000000009 3.5000000000000004 2.5000000000000004 0.077507495594663675
decision_type=2 2 2 2 2 2 2 2 2 2 2 2 2 2 2 2 2 2 2 2 2 2 2 2 2 2 2 2 2 2
left_child=1 2 5 13 19 6 11 8 9 10 14 -1 16 -4 15 -8 -5 18 -18 20 -2 23 -23 24 -22 26 -26 28 -28 -29
right_child=4 -3 3 12 -6 -7 7 -9 -10 -11 -12 -13 -14 -15 -16 -17 17 -19 -20 -21 21 22 -24 -25 25 -27 27 29 -30 -31
leaf_value=0.0087719459750993847 0.0045155164109295003 -0.017054948307220576 -0.042195328815731868 0.001974099882805913 0.0030312499792282841 0.0018417323169702751 -0.21872707020007659 0.010334654635889558 -0.0065935113945989401 0.0012734513854241205 -0.16871450058514875 -0.0069614486398101921 0.00031465707677695809 -0.014875669739251904 -0.040962109477865181 -0.15028928431405852 -0.058791551843375138 -0.0016285428393359024 -0.21133783105971338 0.0080523454889881146 0.011834948936032623 -0.037443797647034156 0.017605393765512733 0.016440570624671483 0.0041214556546865667 0.016307884603720874 -0.031033896572379906 -0.043478725419850588 0.0136967257201325 -0.037959236769115723
leaf_weight=14139 32284 13247 2696 1352 48085 56412 104 2097 12949 1467 2005 3400 14639 8637 2661 1094 87 1811 1371 30846 3474 1081 605 1775 1786 676 909 615 918 339
leaf_count=14139 32284 13247 2696 1352 48085 56412 104 2097 12949 1467 2005 3400 14639 8637 2661 1094 87 1811 1371 30846 3474 1081 605 1775 1786 676 909 615 918 339
internal_value=0.000276615 -0.000330746 -0.0002186 -0.000723531 0.000966546 -5.82383e-05 -0.000416374 -0.00117598 -0.00148669 -0.00257059 -0.0032367 0.000552768 -0.000298546 -0.00144578 -0.0022169 -0.00426544 -0.0014921 -0.00229581 -0.00480796 0.00118102 0.000938105 0.000245525 -0.00262159 0.000706253 0.000244924 -0.000941255 -0.00149223 -0.00278497 -0.00129447 -0.00563941
internal_weight=263561 140168 126921 30593 123393 96328 39916 22377 20280 7331 5864 17539 19260 11333 3859 1198 4621 3269 1458 75308 44462 12178 1686 10492 8717 5243 4567 2781 1827 954
internal_count=263561 140168 126921 30593 123393 96328 39916 22377 20280 7331 5864 17539 19260 11333 3859 1198 4621 3269 1458 75308 44462 12178 1686 10492 8717 5243 4567 2781 1827 954
is_linear=0
shrinkage=0.05


Tree=46
num_leaves=31
num_cat=0
split_feature=0 18 26 24 24 24 21 0 17 4 18 4 4 0 24 21 0 29 24 21 3 0 26 6 14 24 24 24 7 29
split_gain=44.6573 8.10438 5.76754 4.86828 3.83465 4.69239 4.62266 3.69404 4.27162 5.70592 3.38424 3.26523 2.65079 2.48616 2.44626 3.65359 2.32423 2.31451 3.10535 3.06349 2.29984 2.23229 4.90705 3.46526 3.20965 2.57367 3.04089 2.4636 2.4263 2.24717
threshold=5.2106208181773761 19.754392572490939 1.0000000180025095e-35 21.500000000000004 6.5000000000000009 9.5000000000000018 34.500000000000007 5.0590719231024197 6.5000000000000009 -0.20969438039806546 56.5969227937276 -0.91706966442293736 0.19106950438603915 4.688499415564281 11.500000000000002 34.500000000000007 4.7105902035041884 -3.6915046855524722 7.5000000000000009 34.500000000000007 -0.81022791595296451 5.4965753906779726 1.0000000180025095e-35 0.27261863723103447 1.049283744613569 8.5000000000000018 3.5000000000000004 25.500000000000004 0.52684270809008238 0.48199358273701259
decision_type=2 2 2 2 2 2 2 2 2 2 2 2 2 2 2 2 2 2 2 2 2 2 2 2 2 2 2 2 2 2
left_child=1 2 3 4 6 7 -1 8 9 20 14 16 21 -13 -3 -16 -7 -11 -19 -20 -6 22 25 -23 27 26 -2 -25 -28 -24
right_child=12 10 -4 -5 5 11 -8 -9 -10 17 -12 13 -14 -15 15 -17 -18 18 19 -21 -22 23 29 24 -26 -27 28 -29 -30 -31
leaf_value=0.0073007759246958119 0.0064678335473753699 -0.01014328172335518 -0.0059547770397208547 0.005027964722956229 -0.097143357399948421 -0.021109741890444216 -0.0077645753661343912 0.0017213505858651456 0.0033786584869132325 0.043339565364283072 -0.019305099687932301 0.016601054756914556 0.0074824608675114913 9.6838700142812511e-05 -0.0014150175298641955 -0.013241807470803436 -0.003007046596975494 -0.15824606717986506 -0.15858097145680769 0.00071132695428113846 -0.0038262829942316392 0.0096873965808712617 -0.00099583982192900477 -0.0021823800735895041 0.0070316599077230721 0.00528167145998127 0.0025936860196614925 -0.018966221062668716 -0.035547525734133709 -0.010505386082699204
leaf_weight=13630 5091 16464 7230 30319 1931 3843 4191 2412 1258 86 6228 2584 40430 18172 29911 7014 6213 409 615 97 1482 5246 3966 6363 4936 34549 6014 1513 1497 105
leaf_count=13630 5091 16464 7230 30319 1931 3843 4191 2412 1258 86 6228 2584 40430 18172 29911 7014 6213 409 615 97 1482 5246 3966 6363 4936 34549 6014 1513 1497 105
internal_value=0.000276328 -0.000272602 1.54545e-05 0.00012792 -0.000144669 -0.000421717 0.000463218 -0.00147768 -0.00215379 -0.00285714 -0.00072907 -0.000137609 0.00104731 0.000220659 -0.000600404 -0.000374407 -0.000877088 -0.00581193 -0.00641838 -0.00841292 -0.00181219 0.000859556 0.00102807 0.000381549 -6.16608e-05 0.00117187 0.000560229 -0.000688166 -7.9217e-05 -0.000637435
internal_weight=263799 154089 94472 87242 56923 39102 17821 8290 5878 4620 59617 30812 109710 20756 53389 36925 10056 1207 1121 712 3413 69280 51222 18058 12812 47151 12602 7876 7511 4071
internal_count=263799 154089 94472 87242 56923 39102 17821 8290 5878 4620 59617 30812 109710 20756 53389 36925 10056 1207 1121 712 3413 69280 51222 18058 12812 47151 12602 7876 7511 4071
is_linear=0
shrinkage=0.05


Tree=47
num_leaves=31
num_cat=0
split_feature=0 4 0 21 28 24 26 19 0 0 5 0 24 24 7 7 1 3 24 24 26 14 14 6 15 0 19 4 0 23
split_gain=36.9374 5.91144 6.18759 4.3496 4.16963 3.1058 3.69788 2.92396 3.30167 2.84517 2.81162 2.6762 3.17516 4.39514 3.64122 2.94789 2.71207 2.83721 2.67183 5.18473 2.63417 2.48065 2.46914 2.95288 2.43329 2.27963 2.00325 1.98003 1.95156 4.23154
threshold=5.2067576393223733 -0.91706966442293736 4.6344336593550848 32.500000000000007 11.500000000000002 6.5000000000000009 1.0000000180025095e-35 13.298178079917404 4.688499415564281 4.3895594239587075 2.9804490709113423 4.9244151253434794 6.5000000000000009 9.5000000000000018 0.85255395649047017 0.608289637334536 133.00000000000003 -0.44492068311751415 8.5000000000000018 1.5000000000000002 1.0000000180025095e-35 3.0409405647810819 0.97849532468702305 0.36611404620065424 20.500000000000004 4.7905409102862082 14.569855794869389 -0.31750909884288875 5.446138084545372 1.5000000000000002
decision_type=2 2 2 2 2 2 2 2 2 2 2 2 2 2 2 2 2 2 2 2 2 2 2 2 2 2 2 2 2 2
left_child=1 2 4 25 10 26 22 20 18 -6 -1 12 -10 14 16 -15 17 -14 19 -9 -3 -16 23 -7 -20 -4 -2 -18 -25 -30
right_child=5 7 3 -5 9 6 -8 8 11 -11 -12 -13 13 15 21 -17 27 -19 24 -21 -22 -23 -24 28 -26 -27 -28 -29 29 -31
leaf_value=-0.0072312838699192224 0.0042856689883771087 0.0038904842587460658 -0.0019433976637759599 -0.012977195831032386 0.036755864570417421 0.0065233804430418242 0.00025799732351590053 0.02801557652779323 0.0053710621269544056 -0.033057872281273319 -0.11223060721834127 -0.00014425532470431935 -0.18906489559856438 -0.010732750803560172 -0.24323336100985668 -0.00077120266912005301 -0.17872519364037709 -0.072681958996184792 0.01203251051552837 -0.010289268405794316 -0.0044393222478050229 -0.20489114683772339 0.0069655356557698569 0.0036382620959997565 -0.011359703355418813 0.0089312680189324884 -0.0022394324474519613 0.021032707969696342 0.010073186528573096 -0.0076453554812312271
leaf_weight=5179 13619 18022 31728 17142 525 31119 8764 705 3326 7336 77 35302 252 5296 138 6735 595 161 7589 1658 1533 165 31274 13082 2071 6269 7257 276 1853 4772
leaf_count=5179 13619 18022 31728 17142 525 31119 8764 705 3326 7336 77 35302 252 5296 138 6735 595 161 7589 1658 1533 165 31274 13082 2071 6269 7257 276 1853 4772
internal_value=0.000287507 -0.000219621 -0.000565078 -0.000332886 -0.00154113 0.000977716 0.00110407 6.1677e-05 -0.000101215 -0.00227007 -0.000450913 -0.000273131 -0.00078966 -0.00112792 -0.00360113 -0.000801679 -0.00243769 -0.00577482 0.000645846 -0.000861193 0.000597034 -0.00853135 0.00120828 0.000993193 0.00101449 -3.46078e-05 0.000427764 -0.000855338 0.000514284 -0.000184905
internal_weight=263820 152080 68256 55139 13117 111740 90864 83824 64269 7861 5256 52246 16944 13618 1587 12031 1284 413 12023 2363 19555 303 82100 50826 9660 37997 20876 871 19707 6625
internal_count=263820 152080 68256 55139 13117 111740 90864 83824 64269 7861 5256 52246 16944 13618 1587 12031 1284 413 12023 2363 19555 303 82100 50826 9660 37997 20876 871 19707 6625
is_linear=0
shrinkage=0.05


Tree=48
num_leaves=31
num_cat=0
split_feature=18 18 0 26 21 24 29 26 24 24 29 20 29 24 28 22 18 20 28 27 0 16 0 28 16 3 3 0 27 24
split_gain=35.9944 5.20749 4.60144 3.91241 4.41704 3.49381 3.246 3.13067 3.09199 4.03696 4.30138 2.89815 2.50409 2.4196 2.33902 2.27476 3.37655 3.11547 2.47822 2.17461 2.14494 2.13308 2.13014 2.28965 2.07616 1.95165 1.94242 1.75067 1.71518 1.6928
threshold=5.7830916203520326 44.858287520818259 5.225096175259913 1.0000000180025095e-35 32.500000000000007 6.5000000000000009 1.0363813241343511 1.0000000180025095e-35 7.5000000000000009 10.500000000000002 6.8981135525598924 0.70750624702893972 -1.5062216332329936 12.500000000000002 29.500000000000004 11.500000000000002 2.4419317637934359 0.0076001376790149179 19.500000000000004 19.500000000000004 4.7720400331370492 0.71255612659755052 4.7682863635691586 4.5000000000000009 0.72752024943454063 0.45280236710279859 -1.3614950226440257 4.7041876600984978 19.500000000000004 27.500000000000004
decision_type=2 2 2 2 2 2 2 2 2 2 2 2 2 2 2 2 2 2 2 2 2 2 2 2 2 2 2 2 2 2
left_child=2 3 7 4 6 -4 12 15 -8 10 -10 -12 13 26 22 16 18 -17 -1 -14 -5 -3 23 -6 -7 -24 -2 -23 -16 -29
right_child=1 21 5 20 14 24 8 -9 9 -11 11 -13 19 -15 28 17 -18 -19 -20 -21 -22 27 25 -25 -26 -27 -28 29 -30 -31
leaf_value=0.012761641173342046 -0.11716425361408266 -0.026785782895272288 0.0026142471025303021 -0.019896045765131737 -0.032246487011449221 0.0048753354695975108 -0.0012163897338480407 -0.003753740049552633 -0.11620699493695559 -0.00027379883574176899 -0.25587516601530574 -0.18339871291117621 0.00028708304617092921 0.011729119751115399 -0.00020480092187840916 -0.012679529216605223 0.0016465353610497552 0.0024166510059172364 0.0036493715685679338 0.0068897730826171059 -0.0032611174287469217 -0.019373107402195035 -0.0025849605894389381 -0.017747158508339408 0.0069628422319375207 -0.015529978177749091 -0.016893691535554877 0.0037837601049891798 0.014110348590412537 -0.019642959478400286
leaf_weight=4880 244 3232 16987 2356 1413 54216 3385 3200 1096 913 51 64 43646 1576 5105 3565 7614 20260 1961 22600 6113 6416 15304 7665 20255 473 4849 2992 580 622
leaf_count=4880 244 3232 16987 2356 1413 54216 3385 3200 1096 913 51 64 43646 1576 5105 3565 7614 20260 1961 22600 6113 6416 15304 7665 20255 473 4849 2992 580 622
internal_value=0.000266147 -0.00032308 0.000845432 -0.000217017 -0.000136559 0.00104354 6.20985e-05 0.000408631 -0.00110819 -0.00260358 -0.00449628 -0.0136957 0.000150518 -0.000772979 -0.000646693 0.000534222 0.00102906 0.000233998 0.00183526 0.000243487 -0.00125221 -0.00126225 -0.000855964 -0.00146618 0.00119113 -0.000504849 -0.00130277 -0.000902293 0.00026825 -2.2136e-05
internal_weight=263633 130695 132938 117433 108964 91458 78424 41480 5509 2124 1211 115 72915 6669 30540 38280 14455 23825 6841 66246 8469 13262 24855 9078 74471 15777 5093 10030 5685 3614
internal_count=263633 130695 132938 117433 108964 91458 78424 41480 5509 2124 1211 115 72915 6669 30540 38280 14455 23825 6841 66246 8469 13262 24855 9078 74471 15777 5093 10030 5685 3614
is_linear=0
shrinkage=0.05


Tree=49
num_leaves=31
num_cat=0
split_feature=0 4 0 0 0 0 24 24 17 0 29 29 21 28 15 24 24 24 17 28 21 0 0 4 8 0 23 23 1 23
split_gain=34.623 4.88127 5.08661 3.92674 3.65862 4.27467 3.33621 6.48375 3.04178 2.77117 2.5938 2.49036 2.68557 2.46895 2.30747 2.16478 2.8881 4.09389 2.35525 2.25683 2.03282 3.04072 1.92389 1.90531 2.61363 1.91077 6.29607 4.65479 8.86236 4.81107
threshold=5.2106208181773761 -0.91706966442293736 4.6500701778329185 4.3895594239587075 4.6948551260747839 4.7985492905656644 9.5000000000000018 1.5000000000000002 5.5000000000000009 4.5208249664032918 5.8911258848236683 -1.1041871305606306 36.500000000000007 8.5000000000000018 17.500000000000004 16.500000000000004 6.5000000000000009 9.5000000000000018 3.5000000000000004 1.0000000180025095e-35 30.500000000000004 4.9296208115160445 4.7790300883884873 0.19106950438603915 0.76148390013551304 5.2857546082407643 1.5000000000000002 2.5000000000000004 245.00000000000003 5.5000000000000009
decision_type=2 2 2 2 2 2 2 2 2 2 2 2 2 2 2 2 2 2 2 2 2 2 2 2 2 2 2 2 2 2
left_child=1 2 3 -1 6 -6 7 -3 15 -5 13 -11 -13 -7 -8 16 -4 18 -18 -19 21 -12 -20 25 -25 -2 -27 28 -28 -29
right_child=23 4 8 9 5 10 14 -9 -10 11 20 12 -14 -15 -16 -17 17 19 22 -21 -22 -23 -24 24 -26 26 27 29 -30 -31
leaf_value=0.02775383231231264 0.0034548742833621646 0.028871004514281193 0.0058752944905374931 -0.095506256548347199 -0.018996894612241709 0.0015563897680849444 0.013202926513545469 -0.0096945534132254988 -0.0093382943030407804 -0.033246084551992426 -0.13270586726337527 -0.0099486535135575836 -0.041262210204987174 -0.0016953580778997135 -1.5890979496539912e-05 0.0032354736084565534 -0.28105068141118167 -0.038071082462742614 -0.1902229779301676 -0.0022103793748331998 -0.0089278478673607518 -0.013193643838214095 0.00029489007482213505 0.0070574159769995377 0.0033038436621978121 0.009654951093954792 -0.0086910484663981404 0.0059215096324473334 -0.054828318211713349 -0.016525932954222094
leaf_weight=1258 48718 844 5814 465 2296 28278 7753 2364 17418 4716 82 9101 1361 40415 2955 18671 212 185 1750 6667 642 152 674 28693 11823 5847 2723 8964 202 2845
leaf_count=1258 48718 844 5814 465 2296 28278 7753 2364 17418 4716 82 9101 1361 40415 2955 18671 212 185 1750 6667 642 152 674 28693 11823 5847 2723 8964 202 2845
internal_value=0.000247037 -0.000236479 -0.000551895 -0.00130436 1.46305e-05 -0.000129061 0.000756683 -0.00065773 -0.000304431 -0.00152049 -5.9006e-05 -0.00140401 -0.000974001 -2.45292e-05 0.00118043 -2.89934e-05 -0.000469873 -0.00100759 -0.00268209 -0.000363397 -0.00276256 -0.00675214 -0.0022401 0.00092542 0.0011978 0.000766173 0.000362227 -0.000188679 -0.00197436 0.00025362
internal_weight=263888 154073 68292 16901 85781 71865 13916 3208 51391 15643 69569 15178 10462 68693 10708 33973 15302 9488 2636 6852 876 234 2424 109815 40516 69299 20581 14734 2925 11809
internal_count=263888 154073 68292 16901 85781 71865 13916 3208 51391 15643 69569 15178 10462 68693 10708 33973 15302 9488 2636 6852 876 234 2424 109815 40516 69299 20581 14734 2925 11809
is_linear=0
shrinkage=0.05


Tree=50
num_leaves=31
num_cat=0
split_feature=0 18 17 21 24 24 29 0 0 4 0 17 24 18 22 4 0 23 17 4 23 23 23 6 1 23 24 2 0 22
split_gain=31.7185 6.4366 3.60684 3.91102 4.33093 7.52442 3.97743 2.98443 2.94589 2.90859 2.69061 2.90628 2.33155 2.20605 2.92446 1.99684 2.13952 4.17262 4.19503 3.36059 3.14394 4.85881 4.66873 8.61423 4.17508 4.13014 3.59696 2.75559 3.17021 2.38871
threshold=5.2106208181773761 44.858287520818259 8.5000000000000018 32.500000000000007 6.5000000000000009 9.5000000000000018 6.8981135525598924 4.7720400331370492 4.6344336593550848 -0.51527502160955929 5.0590719231024197 6.5000000000000009 8.5000000000000018 1.6463133361002953 3.5000000000000004 0.19106950438603915 5.4965753906779726 5.5000000000000009 4.5000000000000009 0.07967562999774809 4.5000000000000009 1.5000000000000002 2.5000000000000004 0.41041286294998397 237.00000000000003 3.5000000000000004 27.500000000000004 0.28694789977656471 5.6136670051882271 19.500000000000004
decision_type=2 2 2 2 2 2 2 2 2 2 2 2 2 2 2 2 2 2 2 2 2 2 2 2 2 2 2 2 2 2
left_child=1 2 3 4 -1 6 10 -5 9 -7 11 12 -6 14 -2 16 -15 20 19 27 21 -18 23 -23 26 -24 29 28 -19 -25
right_child=13 -3 -4 7 5 8 -8 -9 -10 -11 -12 -13 -14 15 -16 -17 17 18 -20 -21 -22 22 25 24 -26 -27 -28 -29 -30 -31
leaf_value=0.006009142746408614 0.013362727433314639 -0.01521440011474437 0.005257097188285262 -0.019963544571133404 -0.10909555054068948 -0.020999063107615262 -0.16562244271950333 -0.0021166210978365448 0.00068107463425425615 0.017967976866775839 0.0025712839227824118 0.016703123749642303 -0.16650122092401101 0.0029715154438240033 0.0057933675850796069 0.005927071951089536 0.0076635064954209096 -0.064314236046788056 -0.0013309164468814903 -0.01648079609850801 0.011696994136507594 0.0018801950207847579 0.012074857611664777 -0.038774525045396468 -0.0560800623867755 -0.012552746035099958 -0.052775025942792812 0.025225003632777757 -0.034569940336679733 -0.0094401272871316253
leaf_weight=15747 1690 13370 15690 12400 3219 5023 207 26567 57128 858 1608 593 1738 46155 14844 34610 3686 58 1035 358 1850 949 1804 387 93 1900 78 52 252 335
leaf_count=15747 1690 13370 15690 12400 3219 5023 207 26567 57128 858 1608 593 1738 46155 14844 34610 3686 58 1035 358 1850 949 1804 387 93 1900 78 52 252 335
internal_value=0.000251132 -0.000211874 -0.000112304 -0.000201938 -1.38756e-05 -0.000181601 -0.00169382 -0.000617574 -4.84039e-06 -0.0010704 -0.00149623 -0.00201802 -0.00241376 0.000899161 0.0014316 0.000805111 0.000628221 5.72566e-05 -0.00220798 -0.00513889 0.00041599 3.8995e-05 -0.000896141 -0.00295331 -0.00647816 0.00012689 -0.0053125 -0.00853591 -0.0103226 -0.00421053
internal_weight=264284 154148 140778 125088 86121 70374 7365 38967 63009 5881 7158 5550 4957 110136 16534 93602 58992 12837 1755 720 11082 9232 5546 1842 893 3704 800 362 310 722
internal_count=264284 154148 140778 125088 86121 70374 7365 38967 63009 5881 7158 5550 4957 110136 16534 93602 58992 12837 1755 720 11082 9232 5546 1842 893 3704 800 362 310 722
is_linear=0
shrinkage=0.05


Tree=51
num_leaves=31
num_cat=0
split_feature=18 18 26 26 4 22 17 24 15 0 2 16 1 0 28 0 0 24 24 24 0 2 0 1 0 19 28 27 4 22
split_gain=28.018 4.29253 4.13437 3.74957 3.16851 2.88357 2.38752 2.33377 2.23955 2.12793 2.11582 2.07368 1.98782 1.96042 2.11025 1.88934 1.86312 1.82823 1.79268 3.65923 1.98604 2.04126 1.6836 1.64111 1.60952 1.59014 1.75978 1.56389 1.51768 1.50862
threshold=5.9619805275680928 44.858287520818259 1.0000000180025095e-35 1.0000000180025095e-35 -0.30102930505198938 9.5000000000000018 9.5000000000000018 10.500000000000002 7.5000000000000009 5.4636711999144145 -0.16960522564729855 0.02922305802498695 237.00000000000003 4.7512206636374144 1.0000000180025095e-35 4.725996250845899 4.7720400331370492 21.500000000000004 9.5000000000000018 1.5000000000000002 4.5402900480898207 -0.63016557428911468 4.8404521090059918 189.00000000000003 4.6638718775261703 0.38025422428337641 14.500000000000002 29.500000000000004 -0.31750909884288875 3.5000000000000004
decision_type=2 2 2 2 2 2 2 2 2 2 2 2 2 2 2 2 2 2 2 2 2 2 2 2 2 2 2 2 2 2
left_child=2 3 4 6 5 17 8 -6 13 -4 -10 -8 -12 14 15 -2 -5 -1 19 -13 21 -21 25 -24 -3 26 -7 -25 -16 -15
right_child=1 24 9 16 7 22 11 -9 10 -11 12 18 -14 29 28 -17 -18 -19 -20 20 -22 -23 23 27 -26 -27 -28 -29 -30 -31
leaf_value=0.0058665347483821103 -0.021699018302982077 -0.025107575375128949 -0.0020316396075155297 -0.018566854449861014 0.0034086279612783113 -0.043854346423313859 -0.033933725834728125 0.0048780564052677208 -0.0083251848610064287 0.0023570921814629847 -0.0023821443205359161 0.025296178660144671 0.0098143699197577039 -0.0043260440170312794 -0.0055134349659700897 -0.27723245878885255 -0.0029818385316443424 0.043034886610376182 0.0098602094015992955 -0.0039068549430083229 -0.0013934040666846812 -0.020424095735504133 0.0074446036384952135 -0.0058911297167966031 -0.0063206907708054294 -0.0074203708609728069 -0.014603286247519302 -0.046818911366207805 0.019714557029482417 0.0017056440230311214
leaf_weight=2074 509 5919 6419 2349 37670 444 138 76131 12336 4327 9848 750 2044 4848 22604 128 5958 1408 8723 358 1191 472 2310 603 7411 2943 749 53 562 42729
leaf_count=2074 509 5919 6419 2349 37670 444 138 76131 12336 4327 9848 750 2044 4848 22604 128 5958 1408 8723 358 1191 472 2310 603 7411 2943 749 53 562 42729
internal_value=0.000259235 -0.000268201 0.00076226 -0.00017019 0.00084355 1.60622e-05 -9.09174e-05 0.000920511 -0.000173207 -0.000178671 -0.000588575 0.000585454 -0.000112681 -3.22217e-05 -0.00040268 -0.00324176 -0.00119357 0.00119472 0.000658605 -0.000449296 -0.00155616 -0.00343373 -0.000561813 0.000347269 -0.00111778 -0.00121373 -0.00275356 -0.00185976 -0.000324613 0.00015312
internal_weight=264008 128877 135131 115547 124385 10584 107240 113801 95608 10746 24228 11632 11892 71380 23803 637 8307 3482 11494 2771 2021 830 7102 2966 13330 4136 1193 656 23166 47577
internal_count=264008 128877 135131 115547 124385 10584 107240 113801 95608 10746 24228 11632 11892 71380 23803 637 8307 3482 11494 2771 2021 830 7102 2966 13330 4136 1193 656 23166 47577
is_linear=0
shrinkage=0.05


Tree=52
num_leaves=31
num_cat=0
split_feature=0 19 22 17 0 14 4 29 24 26 16 21 29 24 24 26 14 6 0 23 23 23 24 1 24 9 22 15 23 16
split_gain=24.5922 4.49952 5.27843 3.89622 3.89833 2.9929 2.60802 2.36859 2.3324 2.91122 2.22732 2.19102 2.05929 1.8645 2.78823 1.76975 1.70553 1.88409 2.18177 2.57823 5.25483 3.9809 3.01577 2.49184 2.34551 2.02363 1.76544 1.62686 2.04325 2.22865
threshold=5.217701139306512 13.649118268291653 6.5000000000000009 9.5000000000000018 4.7105902035041884 5.8068113592676589 -0.28343323907410845 -3.6915046855524722 6.5000000000000009 1.0000000180025095e-35 0.025853326908751001 36.500000000000007 -0.42083534739551903 9.5000000000000018 1.5000000000000002 1.0000000180025095e-35 1.5223593659663242 0.39561181014901953 5.556442008647335 1.5000000000000002 2.5000000000000004 3.5000000000000004 27.500000000000004 209.00000000000003 25.500000000000004 0.58373159433946886 15.500000000000002 12.500000000000002 1.0000000180025095e-35 0.40869351146835103
decision_type=2 2 2 2 2 2 2 2 2 2 2 2 2 2 2 2 2 2 2 2 2 2 2 2 2 2 2 2 2 2
left_child=1 2 -1 4 11 27 -4 -7 -2 16 12 -3 -5 14 -12 -8 17 -10 -19 -20 22 -22 -21 -24 25 26 -23 -6 29 -29
right_child=8 3 6 10 5 7 15 -9 9 -11 13 -13 -14 -15 -16 -17 -18 18 19 20 21 24 23 -25 -26 -27 -28 28 -30 -31
leaf_value=0.0089498182842432036 0.0018336053999161801 -0.0085463837834568665 -0.0070387037933021552 -0.052999406027755602 -0.0015392933035434906 -0.19232977489209493 0.0024202755478199452 0.0080984594912257464 0.005573984733437988 0.00017276208781712415 0.023396767684856965 -0.027321173558956791 -0.0047709057036390739 0.0084963828729347993 -0.0081237044436008893 -0.0037159424802395398 0.006611495427723363 0.0033954647645492754 0.0082980948104604373 -0.020193554754764205 0.012911456556353316 -0.02190020527463845 -0.064823498801820617 -0.0070849996693237135 -0.032003934220881457 0.010649594277977745 0.0046540801892386401 -0.016231067211327478 -0.0045243050108633581 -0.023675552658871182
leaf_weight=6770 19772 28488 7844 50 64432 126 14771 8337 39190 8358 791 4572 70 9930 2158 1203 12439 19270 1836 794 947 667 81 65 768 746 672 1111 7248 91
leaf_count=6770 19772 28488 7844 50 64432 126 14771 8337 39190 8358 791 4572 70 9930 2158 1203 12439 19270 1836 794 947 667 81 65 768 746 672 1111 7248 91
internal_value=0.00023572 -0.000159122 0.000385445 -0.000289865 -0.000383069 -0.000197 3.52676e-05 0.000693017 0.000826429 0.000939208 0.000530426 -0.000840895 -0.00625 0.000593602 -0.000510342 0.000401903 0.00103485 0.000932253 0.000600867 -0.000185523 -0.000801688 2.6316e-05 -0.00414894 -0.0107534 -0.000906064 -3.5971e-05 -0.00119866 -0.000300348 -0.000952663 -0.0028619
internal_weight=263597 157992 30588 127404 114405 81345 23818 8463 105605 85833 12999 33060 120 12879 2949 15974 77475 65036 25846 6576 4740 3800 940 146 2853 2085 1339 72882 8450 1202
internal_count=263597 157992 30588 127404 114405 81345 23818 8463 105605 85833 12999 33060 120 12879 2949 15974 77475 65036 25846 6576 4740 3800 940 146 2853 2085 1339 72882 8450 1202
is_linear=0
shrinkage=0.05


Tree=53
num_leaves=31
num_cat=0
split_feature=18 4 21 26 8 1 0 24 18 27 0 27 0 24 24 24 0 21 0 23 23 23 9 6 0 23 6 23 17 6
split_gain=21.7156 3.91967 3.77177 3.22885 2.66539 2.36097 2.67102 2.16088 2.15448 2.68912 2.04064 1.94235 1.9439 2.08273 1.97753 2.41864 2.0813 1.88204 2.10583 4.87449 5.40541 5.69719 4.14303 4.2169 4.15781 3.92082 6.18012 5.76033 3.56416 3.15832
threshold=6.5952997166681353 0.19106950438603915 32.500000000000007 1.0000000180025095e-35 0.76844772505053216 177.00000000000003 4.6461108844735088 7.5000000000000009 44.858287520818259 10.500000000000002 5.5003400335032957 27.500000000000004 4.9386601029930661 6.5000000000000009 9.5000000000000018 8.5000000000000018 4.6568054714595153 35.500000000000007 5.4965753906779726 5.5000000000000009 4.5000000000000009 1.5000000000000002 0.58249518578043591 0.28906233286774546 5.5685526499959241 2.5000000000000004 0.4266024921825336 3.5000000000000004 4.5000000000000009 0.26030117562560534
decision_type=2 2 2 2 2 2 2 2 2 2 2 2 2 2 2 2 2 2 2 2 2 2 2 2 2 2 2 2 2 2
left_child=1 3 8 17 -3 7 -7 -4 9 -2 -5 -11 13 -13 15 16 -15 18 -1 20 21 -20 23 -21 -25 26 -23 -27 -26 -29
right_child=2 4 5 10 -6 6 -8 -9 -10 11 -12 12 -14 14 -16 -17 -18 -19 19 22 -22 25 -24 24 28 27 -28 29 -30 -31
leaf_value=0.0034376980007773854 -0.0025124574300837681 0.00617577307080146 -0.010259608593844559 -0.0023029479004270975 0.0022536696433547547 -0.03218098462300218 -0.0077617789823126353 0.0002505709431875871 -0.010501503905940134 0.002876887715927012 0.0054580420484115731 0.0020948296799523296 0.0088879329741652167 0.035917473889732564 -0.011466415873629714 -0.29839130196062202 -0.20591924328455735 -0.0017593940678282427 0.008161062776086676 0.0038046467105293438 0.013660029150786596 -0.00032053952975914497 0.012729979118148358 -0.075199368862877827 -0.037834211074197238 0.010801079255078908 -0.036273040103281029 0.007085792836799637 -0.019403776342333954 -0.024664592066327335
leaf_weight=68555 27830 29127 4376 6645 10835 3707 14676 13967 8440 43513 1673 2340 961 176 1550 300 726 8209 4479 523 2320 1225 665 84 429 2339 1106 686 576 1814
leaf_count=68555 27830 29127 4376 6645 10835 3707 14676 13967 8440 43513 1673 2340 961 176 1550 300 726 8209 4479 523 2320 1225 665 84 429 2339 1106 686 576 1814
internal_value=0.000240703 0.000663175 -0.000246324 0.00049779 0.00108253 -0.00067037 -0.00107083 -0.00026904 -6.4891e-05 1.78306e-05 -0.00044602 0.000238672 -0.000600528 -0.000989788 -0.00192224 -0.00344426 -0.00215078 0.000582196 0.000652174 0.000140342 0.000490014 5.10775e-05 -0.00200483 -0.00337469 -0.00514692 -0.000822873 -0.00250751 -1.13658e-05 -0.00425373 -0.00168
internal_weight=263852 141290 122562 101328 39962 36726 18383 18343 85836 77396 8318 49566 6053 5092 2752 1202 902 93010 84801 16246 13969 11649 2277 1612 1089 7170 2331 4839 1005 2500
internal_count=263852 141290 122562 101328 39962 36726 18383 18343 85836 77396 8318 49566 6053 5092 2752 1202 902 93010 84801 16246 13969 11649 2277 1612 1089 7170 2331 4839 1005 2500
is_linear=0
shrinkage=0.05


Tree=54
num_leaves=31
num_cat=0
split_feature=18 21 26 28 18 20 0 0 24 0 0 18 22 22 10 9 19 7 17 20 28 5 24 24 0 17 20 20 0 17
split_gain=20.2894 3.71656 3.288 3.03042 2.77705 2.39703 2.46466 2.24711 2.0611 1.86558 2.1737 1.84451 6.18415 2.01774 1.85526 1.77439 1.81717 1.76193 1.61027 1.60181 1.60167 1.80928 1.59852 4.67741 3.63834 3.40827 2.15175 2.37163 2.90474 1.89998
threshold=5.7830916203520326 32.500000000000007 1.0000000180025095e-35 12.500000000000002 44.858287520818259 1.0000000180025095e-35 4.735226183131064 4.6245658589774434 21.500000000000004 4.6533718866885332 4.9386601029930661 1.7040741207189505 3.5000000000000004 16.500000000000004 0.18333333333333338 0.84916852147817357 23.21291170634921 0.67161732101621063 4.5000000000000009 1.0000000180025095e-35 2.5000000000000004 1.4337600366147198 6.5000000000000009 9.5000000000000018 4.9913979866649205 6.5000000000000009 0.70710804862122645 0.70940201632684652 4.9146515907655006 4.5000000000000009
decision_type=2 2 2 2 2 2 2 2 2 2 2 2 2 2 2 2 2 2 2 2 2 2 2 2 2 2 2 2 2 2
left_child=3 2 4 11 8 6 18 -4 22 15 -11 12 -1 -14 -13 -7 -17 -5 20 -15 21 -3 -2 24 25 26 29 -28 -29 -24
right_child=1 5 7 17 -6 9 -8 -9 -10 10 -12 14 13 19 -16 16 -18 -19 -20 -21 -22 -23 23 -25 -26 -27 27 28 -30 -31
leaf_value=0.014289448093468672 0.0029975076552335505 -0.003804960281322994 -0.037363742007492547 0.0028870543165109008 -0.010764578361536836 0.009880350349772006 -0.002909902856023596 -0.0042736968807409251 0.0042800387030983555 -0.010875356950153219 -0.00046107005463060782 0.0038694650378444649 0.0070198667083356849 -0.028538531329149758 0.0014741978480402032 -0.068189536703626139 -0.001328413996419655 -0.0049109119109485106 -0.023648461751860705 0.0030154690334985358 0.0041879382712758564 -0.3356404271164275 -0.2150700205357956 0.00035308335845551155 0.0055610087540947347 0.0046501982179419617 -0.16311751591924362 -0.18666277179552168 0.016224732487908334 -0.015778976942779827
leaf_weight=2990 14922 75 591 7675 8016 2281 5819 5895 28593 4280 13541 60536 9555 590 34046 115 457 6178 9666 11490 1552 55 1124 27788 1772 1061 383 791 297 1407
leaf_count=2990 14922 75 591 7675 8016 2281 5819 5895 28593 4280 13541 60536 9555 590 34046 115 457 6178 9666 11490 1552 55 1124 27788 1772 1061 383 791 297 1407
internal_value=0.000244953 -0.000198075 -2.75257e-05 0.000679393 5.42054e-05 -0.000615602 -0.00105231 -0.00111317 0.000145128 -0.000252975 -0.000443016 0.000760736 0.00114619 0.000851629 0.00066038 0.000934105 -0.00155594 -2.0573e-05 -0.00148132 0.000422186 -5.35075e-05 -0.00538462 -4.99544e-05 -0.000236403 -0.00140819 -0.00209066 -0.00275862 -0.0042794 -0.00308824 -0.00187475
internal_weight=263541 130481 92640 133060 86154 37841 17167 6486 78138 20674 17821 119207 24625 21635 94582 2853 572 13853 11348 12080 1682 130 49545 34623 6835 5063 4002 1471 1088 2531
internal_count=263541 130481 92640 133060 86154 37841 17167 6486 78138 20674 17821 119207 24625 21635 94582 2853 572 13853 11348 12080 1682 130 49545 34623 6835 5063 4002 1471 1088 2531
is_linear=0
shrinkage=0.05


Tree=55
num_leaves=31
num_cat=0
split_feature=0 26 24 19 18 18 17 24 26 22 17 24 6 27 27 24 21 20 27 0 17 14 6 17 5 22 2 15 9 15
split_gain=20.4853 4.15555 3.73493 3.63238 2.51784 2.26505 2.21574 2.14939 2.26683 2.14882 2.14764 2.12218 2.01791 1.88999 2.78742 1.86647 2.19721 2.11495 2.1863 1.8381 1.70409 1.6725 1.76641 2.62356 1.65614 1.57485 1.56353 1.53806 1.64118 1.51863
threshold=5.2192758234586298 1.0000000180025095e-35 21.500000000000004 10.382297427203765 66.380264837857311 10.174782549762595 9.5000000000000018 6.5000000000000009 1.0000000180025095e-35 12.500000000000002 6.5000000000000009 1.5000000000000002 0.73573198068793122 17.500000000000004 9.5000000000000018 3.5000000000000004 30.500000000000004 0.71324172341942116 8.5000000000000018 4.8696986285031327 4.5000000000000009 1.4440838166435259 0.38619414009551006 4.5000000000000009 0.72549084824318733 3.5000000000000004 -0.16370853013943396 8.5000000000000018 0.73619277525180882 24.500000000000004
decision_type=2 2 2 2 2 2 2 2 2 2 2 2 2 2 2 2 2 2 2 2 2 2 2 2 2 2 2 2 2 2
left_child=1 2 5 9 6 15 10 11 21 -4 12 -2 26 14 -6 16 -1 -18 -19 -3 -14 22 -9 -24 -10 -7 27 -5 -29 -8
right_child=7 19 3 4 13 25 29 8 24 -11 -12 -13 20 -15 -16 -17 17 18 -20 -21 -22 -23 23 -25 -26 -27 -28 28 -30 -31
leaf_value=0.0078176169332102828 0.0061549589165029346 -0.013090805097500295 0.010023382351970771 -0.00064403063204695782 -0.00087597111611312749 -0.011055142409833739 0.010182205814220947 0.0050232253920189651 -0.00061227552491191408 0.002989264031508372 -0.0064996325544099303 0.00013484482870886337 0.011850598280296522 0.0016329796698303239 -0.040135079735988233 -0.00062621080943311134 0.011702594988123406 -0.067037645779313745 -0.0073836802708587184 -0.0017776865597922053 0.0024703512574331061 0.0058624553743443272 0.0034978957794256369 -0.0014065617767448175 0.0068395781322830142 -0.0030287106819250707 0.0029893976080914747 -0.010718900486222939 -0.025984229632021735 -0.020735471317796031
leaf_weight=3277 4396 4932 3626 9799 359 6670 4714 36987 6817 4599 5030 15052 5406 483 478 29807 1795 184 780 6405 8449 14431 18294 6998 1502 52484 6125 3086 103 571
leaf_count=3277 4396 4932 3626 9799 359 6670 4714 36987 6817 4599 5030 15052 5406 483 478 29807 1795 184 780 6405 8449 14431 18294 6998 1502 52484 6125 3086 103 571
internal_value=0.000233065 -0.000124024 -5.32723e-05 0.000283751 0.000105711 -0.000240692 0.000171315 0.000777061 0.000885522 0.00124924 3.78969e-05 0.000302859 0.000184725 -0.00204545 -0.00348268 7.29572e-05 0.000874752 -0.000164915 -0.00205394 -0.00104657 0.000644172 0.000970539 0.000858155 0.000536138 0.000101575 -0.00043074 -0.000148328 -0.000458885 -0.00141267 0.00113056
internal_weight=263639 159162 147825 52828 44603 94997 43283 104477 85029 8225 37998 19448 32968 1320 837 35843 6036 2759 964 11337 13855 76710 62279 25292 8319 59154 19113 12988 3189 5285
internal_count=263639 159162 147825 52828 44603 94997 43283 104477 85029 8225 37998 19448 32968 1320 837 35843 6036 2759 964 11337 13855 76710 62279 25292 8319 59154 19113 12988 3189 5285
is_linear=0
shrinkage=0.05


Tree=56
num_leaves=31
num_cat=0
split_feature=18 18 26 4 8 17 9 0 19 22 18 4 14 13 1 22 15 0 14 0 28 18 27 23 2 15 22 23 0 17
split_gain=19.6652 3.41861 2.87544 2.63529 2.36067 2.29563 1.84812 1.81313 1.77487 4.85673 3.42068 3.01469 1.75986 2.35038 2.10913 2.10745 4.0707 2.14775 1.79953 1.6964 1.68495 1.67275 1.6513 1.64212 1.58537 1.57957 1.89256 1.49629 2.47942 4.09336
threshold=6.1663099423067758 44.858287520818259 1.0000000180025095e-35 0.19106950438603915 0.76844772505053216 9.5000000000000018 1.1362416369051334 4.8812865822448641 9.5917839092640822 4.5000000000000009 1.4887696960900234 -0.28343323907410845 0.75493146221622653 0.29291392018277806 249.00000000000003 2.5000000000000004 1.5000000000000002 4.9859457890483005 0.73447006619841815 4.7105902035041884 17.500000000000004 11.475555918351697 52.500000000000007 1.5000000000000002 0.0058811276254242522 12.500000000000002 11.500000000000002 5.5000000000000009 5.5039670878674301 4.5000000000000009
decision_type=2 2 2 2 2 2 2 2 2 2 2 2 2 2 2 2 2 2 2 2 2 2 2 2 2 2 2 2 2 2
left_child=3 2 5 8 -5 6 12 25 9 10 -1 -11 13 14 18 16 17 20 -2 -3 -14 -9 -13 -6 -25 -4 -27 -10 -29 -30
right_child=1 19 7 4 23 -7 -8 21 27 11 -12 22 15 -15 -16 -17 -18 -19 -20 -21 -22 -23 -24 24 -26 26 -28 28 29 -31
leaf_value=0.016714956875841461 -0.0021528108217717433 -0.019119351543593427 -0.0093353229691763729 0.0054570507987545163 -0.003877709445898297 0.0055769439012249905 -0.014658416855857996 -0.0051983023281918835 0.0018911753296130406 -0.0045376729964954994 0.0039620757488454464 0.002792280723838113 -0.036100369882051571 -0.0082716554390818344 0.010833450299355186 0.00086333609450552475 0.0014486193222143014 0.0030620640885360931 -0.019224004582435845 -0.0011377869389067377 -0.022698489566591623 0.0018356563694576348 -0.10236418436534077 -0.077944718481238018 0.0045198197347609955 -0.030125578167776446 -0.011682911688166212 0.00079091472950654305 -0.028964914587932201 -0.00093780608840793799
leaf_weight=2841 18818 9029 3373 28814 2924 11635 376 1570 40408 7216 4454 36483 753 8817 3044 57705 2826 435 61 4229 698 2556 84 93 7469 202 385 4542 714 1085
leaf_count=2841 18818 9029 3373 28814 2924 11635 376 1570 40408 7216 4454 36483 753 8817 3044 57705 2826 435 61 4229 698 2556 84 93 7469 202 385 4542 714 1085
internal_value=0.000227944 -0.000221639 -0.00013271 0.000642726 0.00098855 -6.28516e-05 -0.000145243 -0.00104131 0.000503798 0.000707545 0.00190199 0.000508531 -0.000131123 -0.000440794 -0.000163527 2.13886e-05 -0.000995331 -0.00279427 -0.000360453 -0.000981294 -0.00371813 -0.000307804 0.000692838 0.000346176 0.000735255 -0.00180556 -0.00419932 0.000281183 -0.000432897 -0.00200389
internal_weight=263639 126512 113254 137127 39300 105168 93533 8086 97827 51078 7295 43783 93157 30740 21923 62417 4712 1886 18879 13258 1451 4126 36567 10486 7562 3960 587 46749 6341 1799
internal_count=263639 126512 113254 137127 39300 105168 93533 8086 97827 51078 7295 43783 93157 30740 21923 62417 4712 1886 18879 13258 1451 4126 36567 10486 7562 3960 587 46749 6341 1799
is_linear=0
shrinkage=0.05


Tree=57
num_leaves=31
num_cat=0
split_feature=18 26 15 17 0 20 18 4 22 19 22 18 22 1 0 26 22 19 18 18 29 26 29 21 14 22 18 11 0 24
split_gain=16.1442 3.76051 3.13729 2.27462 2.46605 2.73995 2.19831 2.0354 3.15453 2.07413 2.40521 1.88242 4.71862 1.9098 1.87287 1.73789 1.85316 1.70724 1.70054 1.61094 1.56187 1.78576 1.60566 1.49218 1.65447 1.60789 2.19335 2.71197 1.71262 1.48444
threshold=5.9619805275680928 1.0000000180025095e-35 10.500000000000002 8.5000000000000018 4.6344336593550848 0.14728163001881214 38.534589766573134 -0.30102930505198938 10.500000000000002 21.313781037388043 5.5000000000000009 1.6749658239256511 3.5000000000000004 101.00000000000001 5.4636711999144145 1.0000000180025095e-35 10.500000000000002 20.568599302243488 17.371167667115831 12.328031187125188 1.0363813241343511 1.0000000180025095e-35 -2.8294749043545768 34.500000000000007 4.7154153011772566 7.5000000000000009 11.475555918351697 0.13923118961334396 4.8696986285031327 1.5000000000000002
decision_type=2 2 2 2 2 2 2 2 2 2 2 2 2 2 2 2 2 2 2 2 2 2 2 2 2 2 2 2 2 2
left_child=1 7 3 4 5 18 15 8 9 -1 -11 12 -9 -13 -3 29 -17 -10 19 -2 21 22 -6 24 25 26 27 28 -24 -4
right_child=2 14 6 -5 20 -7 -8 11 17 10 -12 13 -14 -15 -16 16 -18 -19 -20 -21 -22 -23 23 -25 -26 -27 -28 -29 -30 -31
leaf_value=0.031846928488268471 -0.024475755793275288 -0.0022691059782538187 0.019466382339858472 0.0059110347942125663 -0.025865444045596327 0.018997846555828975 -0.017955934648713263 0.012178958937412911 -0.0093546156981104116 -0.024967409905209053 0.031272614216421253 -0.00078357210994090118 0.0043970937083789461 0.0031157773640063486 0.0014491584598842362 -0.020072574292594694 -0.0065466538093436376 0.01373401600923904 -0.020333561704189766 0.033029011053904454 -0.0088738977982353653 -0.0034540315345540726 0.042600926275816291 -0.0032596796588627618 0.0071966525361940037 0.00177583094269315 -0.0067698198412411772 -0.0028497711499467465 0.0034892654468696872 -0.003645013351354932
leaf_weight=3712 595 6324 903 9048 2311 621 4332 2286 6233 97 77 7191 20093 84317 4315 409 935 484 6510 1129 6775 6317 796 13424 11572 34694 7523 2791 847 17095
leaf_count=3712 595 6324 903 9048 2311 621 4332 2286 6233 97 77 7191 20093 84317 4315 409 935 484 6510 1129 6775 6317 796 13424 11572 34694 7523 2791 847 17095
internal_value=0.000209967 0.00059162 -0.000190978 -7.36995e-05 -0.000145196 -0.000940147 -0.000710906 0.000668729 6.13053e-06 0.00113999 -0.0041954 0.000730417 0.00114147 0.00062989 -0.000310649 -0.000482887 -0.00221726 -0.000649843 -0.00118169 0.000214617 -6.43307e-05 -2.80268e-06 6.61188e-05 0.00010796 0.000217526 8.47786e-05 -0.000415238 0.000466847 0.00207852 -0.000353372
internal_weight=263756 135129 128627 104953 95905 8855 23674 124490 10603 3886 174 113887 22379 91508 10639 19342 1344 6717 8234 1724 87050 80275 73958 71647 58223 46651 11957 4434 1643 17998
internal_count=263756 135129 128627 104953 95905 8855 23674 124490 10603 3886 174 113887 22379 91508 10639 19342 1344 6717 8234 1724 87050 80275 73958 71647 58223 46651 11957 4434 1643 17998
is_linear=0
shrinkage=0.05


Tree=58
num_leaves=31
num_cat=0
split_feature=18 15 3 21 18 21 26 27 0 26 0 23 23 23 1 22 18 2 0 23 23 2 11 1 1 22 10 16 0 10
split_gain=14.7714 2.76558 2.67722 1.80488 2.2054 2.0363 2.01044 1.85479 2.30129 1.79953 2.19129 5.22583 4.91832 6.40488 3.21061 3.31074 3.29425 2.83542 2.47234 2.44114 7.33479 3.47752 2.21984 2.1291 4.24961 4.34329 2.11705 2.11689 2.2132 2.109
threshold=5.7830916203520326 12.500000000000002 0.2014297962332233 32.500000000000007 72.055489930407177 48.000000000000007 1.0000000180025095e-35 4.5000000000000009 5.2415695283205883 1.0000000180025095e-35 5.446138084545372 5.5000000000000009 4.5000000000000009 3.5000000000000004 237.00000000000003 5.5000000000000009 2.3149562046977601 0.27552933797121576 5.2538158083088478 1.5000000000000002 2.5000000000000004 0.12849306695571558 0.15837508564687089 273.00000000000006 245.00000000000003 12.500000000000002 0.11666666666666668 0.59822693492355261 5.5888183557842188 0.05000000000000001
decision_type=2 2 2 2 2 2 2 2 2 2 2 2 2 2 2 2 2 2 2 2 2 2 2 2 2 2 2 2 2 2
left_child=2 3 9 4 6 -5 7 8 -2 10 18 12 13 19 15 16 -13 23 -1 -12 21 -21 -17 24 29 -26 -18 28 -24 -15
right_child=1 -3 -4 5 -6 -7 -8 -9 -10 -11 11 14 -14 17 -16 22 26 -19 -20 20 -22 -23 27 -25 25 -27 -28 -29 -30 -31
leaf_value=0.0019941062149716471 -0.0045072353211981098 -0.0064125417147251791 0.0043130456702967241 -0.0040441913783137023 -0.023178524653230562 0.0074899307354942546 -0.0041345025802980648 0.0025020815198563994 0.0032172900774912884 -0.00088902488072255248 0.0089366713745550035 -0.027706290635642727 0.013878101173257199 -0.041783977658539195 0.0247577298170014 -0.007111036439360229 -0.039627925519542438 0.011299722800720375 0.0042544524521063122 -0.029913805370634462 0.011500307431348934 0.003530700642434049 -0.075711319387116671 0.033660565757251487 -0.086786368976368364 -0.065312685280444552 -0.06117188389913121 -0.014677323008385862 -0.025218418017155627 -0.024288820514418434
leaf_weight=55052 12140 17954 43410 31499 1268 890 5675 56205 5133 7127 3605 122 1877 135 194 779 52 298 14305 1236 1865 649 77 71 72 52 75 293 193 1369
leaf_count=55052 12140 17954 43410 31499 1268 890 5675 56205 5133 7127 3605 122 1877 135 194 779 52 298 14305 1236 1865 649 77 71 72 52 75 293 193 1369
internal_value=0.000208441 -0.000168854 0.000579649 -7.71206e-05 4.98006e-05 -0.000392263 8.29408e-05 0.000152971 -0.000300179 0.000423362 0.000489311 -0.000106039 0.000293437 -0.000175363 -0.00261905 -0.00335952 -0.00865462 -0.00268653 0.000601021 0.000506458 -0.000386666 -0.00258621 -0.00237705 -0.00347557 -0.00384521 -0.0127419 -0.0142913 -0.00476909 -0.00796296 -0.0031117
internal_weight=263672 130764 132908 112810 80421 32389 79153 73478 17273 89498 82371 13014 11229 9352 1785 1591 249 1997 69357 7355 3750 1885 1342 1699 1628 124 127 563 270 1504
internal_count=263672 130764 132908 112810 80421 32389 79153 73478 17273 89498 82371 13014 11229 9352 1785 1591 249 1997 69357 7355 3750 1885 1342 1699 1628 124 127 563 270 1504
is_linear=0
shrinkage=0.05


Tree=59
num_leaves=31
num_cat=0
split_feature=18 26 17 0 20 2 22 21 24 7 18 0 29 23 1 24 16 0 1 22 28 2 20 18 24 29 18 18 1 2
split_gain=12.2868 2.87503 2.52418 2.61449 3.18994 2.32657 2.93228 2.18709 1.92379 2.77409 1.85118 1.834 2.27788 2.08863 2.55918 1.81925 1.9344 1.80247 1.72486 1.66434 2.27843 1.94543 1.87214 1.82969 1.66394 1.69359 1.62836 1.75858 1.61679 1.6097
threshold=6.5952997166681353 1.0000000180025095e-35 9.5000000000000018 4.6500701778329185 0.014656284466307621 -0.90432378349369269 19.500000000000004 36.500000000000007 10.500000000000002 0.52328444348436676 10.849431867776707 4.9859457890483005 0.42178143763902448 3.5000000000000004 137.00000000000003 16.500000000000004 0.02922305802498695 5.5511211706054544 241.00000000000003 21.500000000000004 25.500000000000004 -1.2290540771446123 0.086643749837033976 2.3149562046977601 1.5000000000000002 8.7539835382869775 14.885862422225669 11.269544797355497 265.00000000000006 -0.36079534773474203
decision_type=2 2 2 2 2 2 2 2 2 2 2 2 2 2 2 2 2 2 2 2 2 2 2 2 2 2 2 2 2 2
left_child=1 8 3 4 7 -5 10 18 9 -1 28 12 29 14 -14 16 -4 -3 -2 20 23 -21 -23 -11 25 -18 27 -20 -7 -12
right_child=2 17 15 5 -6 6 -8 -9 -10 19 11 -13 13 -15 -16 -17 24 -19 26 21 -22 22 -24 -25 -26 -27 -28 -29 -30 -31
leaf_value=0.0031582931497267557 -0.016899644596943677 -0.0016453821645453972 -0.026335650039433667 0.0022880023392592777 0.0091392623404104797 -0.0015993828288234165 0.00060379290271816532 -0.033485151492069674 0.003362586995835424 0.0096159594675786497 -0.0044572655551048607 -0.00085246479749927358 -0.16036346012359284 -0.0097987901345676642 -0.03846428890508613 0.0080077966081540507 0.023824438502727831 0.002995688185050212 -0.05135137032296621 -0.03979091637254141 -0.017089750578132633 -0.017065722121035323 0.0010222744841885309 -0.0016110964274297366 -0.0038117749244090623 -0.015072318790978062 -0.0084897373555815267 0.041724405748762662 0.011263550631622753 -0.011342549202588316
leaf_weight=31592 8156 8608 55 28807 2154 9041 26596 1834 87165 2563 11442 8049 89 806 886 7562 670 2578 146 539 1206 1562 2553 3275 4410 126 3153 781 1187 6126
leaf_count=31592 8156 8608 55 28807 2154 9041 26596 1834 87165 2563 11442 8049 89 806 886 7562 670 2578 146 539 1206 1562 2553 3275 4410 126 3153 781 1187 6126
internal_value=0.000200348 0.000517188 -0.000167273 -0.000245165 -0.000830868 -0.00014302 -0.000310485 -0.00110519 0.000583151 0.000310695 -0.000594535 -0.000808818 -0.00107267 -0.00277653 -0.00433333 0.000496374 -0.000217639 -0.000252101 -0.000863844 -0.000347068 0.000137706 -0.00108079 -0.000710814 0.00054642 -0.000119093 0.00198492 -2.45096e-05 0.00181769 -2.05317e-05 -0.000899931
internal_weight=263717 141641 122076 109253 16224 93029 64222 14070 130455 43290 37626 27398 19349 1781 975 12823 5261 11186 12236 11698 7044 4654 4115 5838 5206 796 4080 927 10228 17568
internal_count=263717 141641 122076 109253 16224 93029 64222 14070 130455 43290 37626 27398 19349 1781 975 12823 5261 11186 12236 11698 7044 4654 4115 5838 5206 796 4080 927 10228 17568
is_linear=0
shrinkage=0.05


Tree=60
num_leaves=31
num_cat=0
split_feature=18 15 10 2 17 17 29 22 28 22 18 4 22 24 24 19 7 15 19 24 17 29 3 24 5 5 24 17 24 20
split_gain=12.4706 3.26997 2.83252 2.40334 3.55452 2.38963 2.33599 1.99874 1.94702 1.86327 6.21517 2.04333 2.28544 1.55155 2.42281 1.60534 1.43427 1.4207 1.41845 1.40559 2.82608 1.90099 1.52214 1.45436 1.73967 1.49031 1.75313 4.20472 1.40014 2.45646
threshold=5.7830916203520326 7.5000000000000009 0.18333333333333338 -0.19456295742253807 7.5000000000000009 8.5000000000000018 0.098734064474746114 17.500000000000004 7.5000000000000009 4.5000000000000009 1.8506764607621853 -0.45009688409743603 10.500000000000002 6.5000000000000009 1.5000000000000002 18.064488651531587 0.93922431852011889 28.500000000000004 0.079460925144518246 17.500000000000004 4.5000000000000009 5.8911258848236683 -0.65314107361018614 6.5000000000000009 3.4526602689219836 0.52668309491667842 9.5000000000000018 4.5000000000000009 6.5000000000000009 0.70710804862122645
decision_type=2 2 2 2 2 2 2 2 2 2 2 2 2 2 2 2 2 2 2 2 2 2 2 2 2 2 2 2 2 2
left_child=2 5 13 4 7 19 8 -3 -5 10 -4 12 18 14 -1 -16 -8 -6 -11 21 22 23 -21 -2 25 -25 27 -27 -23 -30
right_child=1 3 9 6 17 -7 16 -9 -10 11 -12 -13 -14 -15 15 -17 -18 -19 -20 20 -22 28 -24 24 -26 26 -28 -29 29 -31
leaf_value=0.0067209158035804184 0.00095926101746863991 -0.015373279171071487 0.013499763482896918 0.0064102764039197947 0.0028090884622189068 0.0062842637870292109 -0.0052208054267804558 -0.0063815250693244688 -0.0013274487135954468 -0.020768039356882633 -8.7116658479145922e-05 0.0011562919804055723 -0.01083965224449244 0.0034987363684191447 0.0014199845242219913 -0.010522980509161948 -0.1640720998568545 -0.01951846842488815 0.032311746641916925 0.009201057294354496 -0.0015565941677863687 -0.0092260576328476139 0.00027907728672057553 0.004208604121660269 0.0086175416771523267 -0.14744048708619151 -0.003051087591207942 -0.0057910300737156091 -0.022536303002529609 -0.10551801495965903
leaf_weight=3077 14998 8018 3014 4204 5924 7500 2343 6049 9826 199 5585 44186 5416 59394 8475 1797 157 900 1560 9146 26521 603 6650 1827 1374 2094 18306 3924 325 169
leaf_count=3077 14998 8018 3014 4204 5924 7500 2343 6049 9826 199 5585 44186 5416 59394 8475 1797 157 900 1560 9146 26521 603 6650 1827 1374 2094 18306 3924 325 169
internal_value=0.000178915 -0.000167433 0.000520448 -0.000562385 -0.000918817 -9.25739e-06 -0.000111918 -0.00137307 0.000138988 0.000266011 0.000947203 0.000151964 -0.000630662 0.000730174 0.00024309 -0.000125584 -0.00152 1.75852e-05 0.000935191 -8.39567e-05 0.000121346 -0.000283127 0.000650798 -0.000230111 -0.000445958 -0.000537073 -0.000640519 -0.00138086 -0.00233819 -0.00431174
internal_weight=263561 130858 132703 37421 20891 93437 16530 14067 14030 59960 8599 51361 7175 72743 13349 10272 2500 6824 1759 85937 42317 43620 15796 42523 27525 26151 24324 6018 1097 494
internal_count=263561 130858 132703 37421 20891 93437 16530 14067 14030 59960 8599 51361 7175 72743 13349 10272 2500 6824 1759 85937 42317 43620 15796 42523 27525 26151 24324 6018 1097 494
is_linear=0
shrinkage=0.05


Tree=61
num_leaves=31
num_cat=0
split_feature=18 15 4 26 24 24 29 16 1 4 22 18 29 19 20 29 5 13 4 24 19 16 5 11 23 12 18 14 29 7
split_gain=9.32985 3.51877 2.69938 2.02672 2.28805 4.52539 3.61594 2.79757 2.2771 2.1889 1.90537 6.053 2.59657 2.00352 1.95638 1.89619 1.93067 1.91292 1.82069 1.97026 1.8194 1.81658 1.80498 1.79251 1.75434 1.65615 1.64429 1.83813 1.67192 1.7561
threshold=4.0296970121165101 12.500000000000002 0.18217412118880802 1.0000000180025095e-35 9.5000000000000018 6.5000000000000009 6.8981135525598924 7.1096240885869593 217.00000000000003 0.13757764131200065 4.5000000000000009 1.7960099466060615 0.49506689351185157 14.569855794869389 0.081161195235546491 -0.12325831839925346 0.72049847843441472 2.4954042713452242 -0.28343323907410845 20.500000000000004 59.99486014821899 0.040011629287108337 2.6590401044876883 0.11986598464265888 1.5000000000000002 0.043764441002198791 33.936927570327789 2.2193984584059803 -0.059558314686299144 0.52145945239735558
decision_type=2 2 2 2 2 2 2 2 2 2 2 2 2 2 2 2 2 2 2 2 2 2 2 2 2 2 2 2 2 2
left_child=2 3 10 4 5 -2 7 9 -6 15 11 -1 18 -13 -14 16 -7 -18 19 -12 -8 -15 23 -10 -9 -21 28 -28 29 -17
right_child=1 -3 -4 -5 8 6 20 24 22 -11 12 13 14 21 -16 26 17 -19 -20 25 -22 -23 -24 -25 -26 -27 27 -29 -30 -31
leaf_value=0.011954749213483495 0.000630766862470183 -0.0052237285544978499 0.0041152875911577491 -0.0026973679009053273 0.0023991701670875581 0.0075868588875660685 -0.1461826499974539 -0.010441604570585973 0.0053871316408532722 0.0080473281941707327 -0.0090947923978064015 0.0014719127036705742 -0.014727339456871167 -0.041910101429874821 -0.0012854747067178821 -0.030140142658283887 -0.0240685483758807 0.02104553238886013 0.0017213944159346869 -0.012826386282114178 -0.10524549475905376 -0.0076795035929301597 -0.010554936487628033 -0.0016502349405623038 -0.35276102481992799 0.021810700600067918 -0.32515638548605341 -0.06004316868705796 -0.031793531234611559 -0.15845249061973657
leaf_weight=3650 25589 20309 32538 10044 59568 1403 97 54 5541 881 4376 5079 1315 67 1814 156 4955 590 50066 1038 125 952 1121 27015 95 1970 95 192 3040 53
leaf_count=3650 25589 20309 32538 10044 59568 1403 97 54 5541 881 4376 5079 1315 67 1814 156 4955 590 50066 1038 125 952 1121 27015 95 1970 95 192 3040 53
internal_value=0.000173207 -6.45338e-05 0.000545132 2.43221e-05 7.69704e-05 -0.000253851 -0.0010668 -0.000944936 0.000209395 -0.000855697 0.00037091 0.0010197 0.000266512 5.57562e-05 -0.00113615 -0.00105685 -0.000577144 -0.000996393 0.000342907 -0.000390032 -0.00738739 -0.00196762 -0.000119221 -5.1296e-05 -0.00775168 0.00059508 -0.00199943 -0.00562718 -0.00167898 -0.00600478
internal_weight=263788 160923 102865 140614 130570 37325 11736 11514 93245 11365 70327 9748 60579 6098 3129 10484 6948 5545 57450 7384 222 1019 33677 32556 149 3008 3536 287 3249 209
internal_count=263788 160923 102865 140614 130570 37325 11736 11514 93245 11365 70327 9748 60579 6098 3129 10484 6948 5545 57450 7384 222 1019 33677 32556 149 3008 3536 287 3249 209
is_linear=0
shrinkage=0.05


Tree=62
num_leaves=31
num_cat=0
split_feature=18 17 0 26 4 2 4 0 0 24 24 26 28 24 27 18 18 21 27 1 18 24 6 0 4 3 24 1 24 0
split_gain=10.2762 2.66065 2.5944 2.00455 2.07402 1.96637 1.95006 3.70931 2.38958 1.61264 1.85039 1.52526 1.79678 2.04328 1.50413 1.96774 1.43991 1.33786 1.378 2.27567 1.50273 1.71628 1.45398 1.41303 1.37501 1.35453 1.3461 1.31257 1.71303 1.71495
threshold=6.256633962694699 9.5000000000000018 4.7170695814152301 1.0000000180025095e-35 0.2988773374608194 0.48884615460099545 -0.45009688409743603 4.8935427106932758 4.8751815933909866 9.5000000000000018 1.5000000000000002 1.0000000180025095e-35 26.500000000000004 27.500000000000004 29.500000000000004 24.736621419192343 62.107379387004379 32.500000000000007 17.500000000000004 233.00000000000003 14.885862422225669 29.500000000000004 0.56625306478845805 4.6152523066285216 -0.45464726694910829 -0.93523374843892826 1.5000000000000002 173.00000000000003 26.500000000000004 4.7324720776733296
decision_type=2 2 2 2 2 2 2 2 2 2 2 2 2 2 2 2 2 2 2 2 2 2 2 2 2 2 2 2 2 2
left_child=3 2 16 4 -1 -6 8 -8 11 10 14 -4 13 -13 -3 -16 17 18 23 -20 25 -22 -23 24 -2 -21 -25 -5 29 -29
right_child=1 9 6 27 5 -7 7 -9 -10 -11 -12 12 -14 -15 15 -17 -18 -19 19 20 21 22 -24 26 -26 -27 -28 28 -30 -31
leaf_value=0.0020855100441558279 -0.026118989944517806 0.022670849675210131 0.0017790740553298508 0.00051556463782553212 0.0045532267456441892 0.0017963371659252296 -0.011399208489587906 -0.00046904656606082553 0.010588459801261335 0.0070630712414255607 -0.0085989200561828513 -0.00061944866374110069 -0.052656991901245079 -0.030936128668388654 0.017135969987032488 -0.096666431211215237 -0.019639847407570896 -0.015294802896259035 -0.006294896559548859 0.033575995894213805 0.010939841687492582 -0.033797021862660613 -0.0043422392191947096 -0.03473525571673116 0.0095444280208751321 0.040451062548657012 -0.0024469647268038999 -0.044394791279061901 0.0021735772211737866 -0.0032742930576988233
leaf_weight=99184 2642 637 28324 7755 20141 7987 6018 37634 3636 9948 2104 1578 170 224 111 50 3287 9294 6200 687 2450 214 405 87 524 663 8677 73 983 2013
leaf_count=99184 2642 637 28324 7755 20141 7987 6018 37634 3636 9948 2104 1578 170 224 111 50 3287 9294 6200 687 2450 214 405 87 524 663 8677 73 983 2013
internal_value=0.000186576 -0.000140804 -0.000218517 0.000484161 0.000539698 0.000918658 -5.70992e-05 -0.000278108 0.000227219 0.000540856 -0.000496209 8.18592e-05 -0.00126268 -0.000799112 0.00155388 -0.00276397 -0.000575007 -0.00047216 -0.000264091 0.000150203 0.0010172 0.00040567 -0.00194669 -0.000632858 -0.00153822 0.00240741 -0.000305796 -0.000169069 -0.00104431 -0.00185523
internal_weight=263700 125564 112714 138136 127312 28128 77584 43652 33932 12850 2902 30296 1972 1802 798 161 35130 31843 22549 10619 4419 3069 619 11930 3166 1350 8764 10824 3069 2086
internal_count=263700 125564 112714 138136 127312 28128 77584 43652 33932 12850 2902 30296 1972 1802 798 161 35130 31843 22549 10619 4419 3069 619 11930 3166 1350 8764 10824 3069 2086
is_linear=0
shrinkage=0.05


Tree=63
num_leaves=31
num_cat=0
split_feature=0 18 17 0 4 21 29 20 27 29 15 4 24 16 5 27 20 18 29 4 3 15 1 18 11 27 1 24 17 21
split_gain=11.2219 2.97097 2.63498 2.97963 3.38644 2.07947 2.81387 2.49815 2.05292 2.19029 1.9542 1.79624 1.7332 1.72264 1.64398 1.54506 3.28828 3.91561 1.92774 1.5287 1.90238 1.5145 1.50972 1.47842 1.55171 1.44543 1.56414 1.43905 2.16894 2.4448
threshold=5.217701139306512 1.6749658239256511 9.5000000000000018 4.6344336593550848 -0.51527502160955929 31.500000000000004 5.8911258848236683 0.70728938418057841 16.500000000000004 -1.0000000180025095e-35 10.500000000000002 -0.30102930505198938 6.5000000000000009 0.70387546403000079 0.61081686976367988 27.500000000000004 0.73529432411517204 31.375848613157462 -0.77071677021972174 -0.12223793300729312 -0.75923526741024439 17.500000000000004 253.00000000000003 13.465590563590967 0.13637365765083251 35.500000000000007 245.00000000000003 13.500000000000002 4.5000000000000009 29.500000000000004
decision_type=2 2 2 2 2 2 2 2 2 2 2 2 2 2 2 2 2 2 2 2 2 2 2 2 2 2 2 2 2 2
left_child=1 11 3 4 12 6 8 -8 -5 23 -7 22 -3 -2 -11 -4 -17 -18 -19 20 -9 -6 -1 -10 -25 27 -27 -14 29 -29
right_child=13 2 15 5 21 10 7 19 9 14 -12 -13 25 -15 -16 16 17 18 -20 -21 -22 -23 -24 24 -26 26 -28 28 -30 -31
leaf_value=-0.0026513607164978092 0.001981285852120449 0.0047261382120780647 0.0057654442974152771 -0.00072632349434645122 0.015046563486765899 -0.0024046973840711377 -0.015502756432659075 -0.13208947545000102 0.010523335118212141 -0.059899983762283573 -0.0076922874303928307 0.0054812288825167189 -0.039346081238108038 0.0037544401171953432 -0.011717745349291106 0.003375624834691459 -0.017134596697521924 -0.096772953951426516 -0.038570575304560761 -0.055409169725783684 -0.021566249459376071 -0.0095060519517812109 0.034712123229951937 -0.0046012972404274695 0.0046265899464919521 -0.022141892308290046 -0.093797159669432764 -0.060413908293101365 -0.022269475638470836 0.0075150428662373731
leaf_weight=5872 76569 1703 11560 45827 1298 36873 588 54 9562 89 7146 7210 1866 28944 1673 1710 491 55 126 77 175 841 944 3446 11310 73 59 279 5161 2109
leaf_count=5872 76569 1703 11560 45827 1298 36873 588 54 9562 89 7146 7210 1866 28944 1673 1710 491 55 126 77 175 841 944 3446 11310 73 59 279 5161 2109
internal_value=0.000172741 -9.36607e-05 -0.000161254 -0.000231205 -0.00093771 -0.000150231 1.38049e-05 -0.00277405 4.84656e-05 0.000402608 -0.000421522 0.000601027 -0.00128444 0.00057211 -0.00129966 0.000492039 -0.000667506 -0.00363095 -0.00991713 -0.00643791 -0.00438865 0.000885928 1.9073e-05 0.000525948 0.000212117 -0.00154656 -0.00674242 -0.00147371 -0.00116638 7.95647e-05
internal_weight=263690 158177 144151 130209 13389 116820 72801 894 71907 26080 44019 14026 11250 105513 1762 13942 2382 672 181 306 229 2139 6816 24318 14756 9547 132 9415 7549 2388
internal_count=263690 158177 144151 130209 13389 116820 72801 894 71907 26080 44019 14026 11250 105513 1762 13942 2382 672 181 306 229 2139 6816 24318 14756 9547 132 9415 7549 2388
is_linear=0
shrinkage=0.05


Tree=64
num_leaves=31
num_cat=0
split_feature=18 26 4 17 0 6 29 12 7 29 6 20 4 20 0 4 29 12 29 17 4 0 0 4 13 5 29 2 0 27
split_gain=9.72396 2.68923 2.13356 1.99938 2.39645 2.62068 1.9319 1.92883 2.93891 1.79164 1.69361 1.61949 2.24183 1.79811 1.61289 2.30877 1.73963 1.7401 1.64648 1.60055 1.53709 2.49395 1.94156 1.89834 1.52395 1.48559 1.48232 1.4716 1.42218 1.41987
threshold=6.5952997166681353 1.0000000180025095e-35 0.21062177623843292 8.5000000000000018 4.7512206636374144 1.9524119417911521 0.42178143763902448 0.12654227330899914 0.22725211428327399 5.8911258848236683 0.87907762625061514 0.70715826172044671 -0.46302056092131688 0.75543956705845494 4.6098625740792736 -0.5230896941165869 -1.9534123769382994 0.16969773004694474 -0.1447414298498155 4.5000000000000009 -0.4702168439600225 4.9594602393769431 4.8751815933909866 -0.10987916363683438 0.98627143117277771 4.6376225286061077 -1.9534123769382994 -0.21357624261151711 4.9435104813910415 27.500000000000004
decision_type=2 2 2 2 2 2 2 2 2 2 2 2 2 2 2 2 2 2 2 2 2 2 2 2 2 2 2 2 2 2
left_child=1 2 6 4 7 9 -1 8 -2 20 -4 -11 -13 28 15 24 17 -16 -17 -18 22 23 -6 -22 27 -20 -25 -9 -14 -5
right_child=3 -3 10 29 5 -7 -8 14 -10 11 -12 12 13 -15 16 18 19 -19 25 -21 21 -23 -24 26 -26 -27 -28 -29 -30 -31
leaf_value=0.0021676951300904032 -0.085336746224739093 -0.00077198219290455956 0.0039400851072340448 0.00507245108920127 0.00082283093832094469 0.015469550651255576 -0.0023723846980416973 -0.031711031101434604 0.0019541866442931316 0.0043243777601334119 -0.06869837443123876 -0.16283195056530075 -0.11669350545269271 4.1936289140252946e-05 -0.070341087135436298 0.016396189863739283 -0.00037155783968343087 0.013379832880543742 -0.021588418941541298 -0.010532032358130251 -0.0043676120065753556 0.00020699532530311506 0.013938538920854058 -0.17381658012429513 -0.0086955345431929086 -0.0877641533052195 -0.011647764367351147 0.010606880297139906 -0.013289147592339443 -0.006476580588023151
leaf_weight=87543 55 11175 35032 12148 16845 2798 7267 3471 8941 333 126 50 63 274 220 842 7917 2752 147 18300 11786 26720 2593 93 1634 51 1703 183 193 2335
leaf_count=87543 55 11175 35032 12148 16845 2798 7267 3471 8941 333 126 50 63 274 220 842 7917 2752 147 18300 11786 26720 2593 93 1634 51 1703 183 193 2335
internal_value=0.000186274 0.000469134 0.000533131 -0.000139775 -0.000213775 -1.64692e-05 0.000409767 -0.000495024 0.00015896 -8.54861e-05 0.000865806 -0.00228368 -0.00387931 -0.00292453 -0.000660669 -0.00138432 -0.000503785 0.000642665 0.000769231 -0.000633749 -5.18913e-05 -0.000228028 0.000313304 -0.000779708 -0.00180787 -0.00333333 -0.00229399 -0.00237548 -0.0059375 0.000411862
internal_weight=263590 141143 129968 122447 107964 63451 94810 44513 8996 60653 35158 913 580 530 35517 6328 29189 2972 1040 26217 59740 40302 19438 13582 5288 198 1796 3654 256 14483
internal_count=263590 141143 129968 122447 107964 63451 94810 44513 8996 60653 35158 913 580 530 35517 6328 29189 2972 1040 26217 59740 40302 19438 13582 5288 198 1796 3654 256 14483
is_linear=0
shrinkage=0.05


Tree=65
num_leaves=31
num_cat=0
split_feature=4 15 4 23 24 17 1 18 22 29 19 24 1 29 24 4 19 19 24 27 17 18 22 27 27 24 17 18 22 16
split_gain=8.60243 2.39144 2.20657 2.4512 2.06345 2.39689 2.48187 2.0543 2.77626 1.97647 1.74699 1.68957 1.64017 1.60328 1.59126 2.2926 2.55919 1.58637 1.56028 1.9883 2.6439 1.92212 2.38209 1.71708 2.62643 1.64832 2.37907 1.83526 1.49608 1.40381
threshold=-0.044332074401643821 12.500000000000002 0.15667436118434777 1.5000000000000002 21.500000000000004 4.5000000000000009 193.00000000000003 1.6130494179110884 5.5000000000000009 5.8911258848236683 10.539253042296627 6.5000000000000009 277.00000000000006 -0.70794970971420623 2.5000000000000004 0.19106950438603915 18.251583207932853 13.411691192263779 6.5000000000000009 31.500000000000004 4.5000000000000009 12.328031187125188 15.500000000000002 20.500000000000004 12.500000000000002 11.500000000000002 6.5000000000000009 66.380264837857311 32.500000000000007 0.003600789203555103
decision_type=2 2 2 2 2 2 2 2 2 2 2 2 2 2 2 2 2 2 2 2 2 2 2 2 2 2 2 2 2 2
left_child=1 4 7 -4 9 12 28 8 -2 13 -8 14 -6 -1 15 16 -5 -16 19 21 -21 23 -23 24 -15 26 27 -20 -7 -13
right_child=2 -3 3 11 5 6 10 -9 -10 -11 -12 29 -14 18 17 -17 -18 -19 25 20 -22 22 -24 -25 -26 -27 -28 -29 -30 -31
leaf_value=-0.004680384372882985 0.0087594682567237823 -0.0066194966943160299 0.00072494816428960243 -0.031856804834245765 0.0052694835888307421 0.0042864967235953276 0.033347138972744765 0.00081450102371473626 0.0025621014473781139 -0.020067809317109615 -0.0071546263404021083 -0.0066838828934173665 0.034242220244012266 0.00734042804354913 0.0044598584394320686 0.010341027993210659 0.0070422656710748882 -0.010746219998708903 -0.01678841035787745 -0.046843034021352745 -0.011939214982173797 -0.0058595472516843302 0.0087646608001150112 0.034162566401263243 -0.019542154395609187 8.0881305246292883e-05 0.0093089746040362839 -0.097491393886239008 -0.0097356178345738304 0.0044748156681926488
leaf_weight=28386 2016 17326 12682 128 10509 12477 1236 81245 10317 1712 12914 303 1217 1266 1771 2230 107 1914 4328 55 338 3671 3987 3127 462 20036 1067 50 919 26213
leaf_count=28386 2016 17326 12682 128 10509 12477 1236 81245 10317 1712 12914 303 1217 1266 1771 2230 107 1914 4328 55 338 3671 3987 3127 462 20036 1067 50 919 26213
internal_value=0.000163801 -0.000136989 0.00043462 0.00072087 -4.93238e-05 0.000239611 -1.5247e-05 0.000295903 0.000897187 -0.00021501 -0.000477032 0.000949918 0.000838308 -0.000172 0.000203252 0.00118661 -0.00351064 -0.000454545 3.86852e-05 0.000486596 -0.00301527 0.00059658 0.00010316 0.00137487 0.000109954 -0.000188179 -0.000959596 -0.00147556 0.000472529 0.0011231
internal_weight=264009 125083 138926 45348 107757 39272 27546 93578 12333 68485 14150 32666 11726 66773 6150 2465 235 3685 38387 12906 393 12513 7658 4855 1728 25481 5445 4378 13396 26516
internal_count=264009 125083 138926 45348 107757 39272 27546 93578 12333 68485 14150 32666 11726 66773 6150 2465 235 3685 38387 12906 393 12513 7658 4855 1728 25481 5445 4378 13396 26516
is_linear=0
shrinkage=0.05


Tree=66
num_leaves=31
num_cat=0
split_feature=18 26 3 14 18 6 0 23 23 1 23 17 4 22 29 0 22 23 23 17 6 1 22 16 11 24 19 4 4 24
split_gain=7.97406 2.21326 1.85103 1.80105 2.06067 2.27826 1.79111 3.89031 6.08284 5.69438 4.52716 3.9906 3.86896 3.67537 3.51381 3.01895 2.78149 2.55244 5.02902 4.04302 2.58049 2.39648 2.94969 2.98551 2.29073 2.06631 2.05793 2.63311 1.9204 1.76156
threshold=5.5301261445485546 1.0000000180025095e-35 0.094987420286011301 0.59406902395313288 38.534589766573134 1.8839739249646514 5.4874078435201818 1.5000000000000002 2.5000000000000004 245.00000000000003 5.5000000000000009 4.5000000000000009 0.075215567670207165 13.500000000000002 -0.13745828384435174 5.6136670051882271 6.5000000000000009 4.5000000000000009 3.5000000000000004 4.5000000000000009 0.25148989721400256 273.00000000000006 9.5000000000000018 0.50084593926267829 2.3882854864935839 27.500000000000004 11.356957638444367 0.010148964981763197 0.12752393349134036 27.500000000000004
decision_type=2 2 2 2 2 2 2 2 2 2 2 2 2 2 2 2 2 2 2 2 2 2 2 2 2 2 2 2 2 2
left_child=1 2 6 4 -2 -6 -1 -8 9 14 17 12 15 -11 -9 -12 -17 18 -10 28 -21 22 23 -22 25 -16 27 -24 -20 -13
right_child=3 -3 -4 -5 5 -7 7 8 10 13 11 29 -14 -15 24 16 -18 -19 19 20 21 -23 26 -25 -26 -27 -28 -29 -30 -31
leaf_value=0.0018474592714382339 -0.0014411157189157234 -0.00082256201205069929 0.0031231353722707632 0.00014199582295201237 -0.0121642917474881 -0.056444685785353714 0.0077557193202266311 0.011381134642110713 0.012523860846093558 -0.03524456425001822 -0.048411725829895419 0.0047135610990636182 0.014290161540460956 -0.061182337534301946 -0.020910749203242738 -0.040871368739329013 -0.023080057256882267 0.01238890836883895 0.013836296186107336 0.037849213503452633 -0.065742959177850099 0.043260342043538548 -0.037986341036759116 -0.032955849661122756 -0.048161782934014831 -0.043723732285980504 -0.021498700204036405 -0.047307920800530132 -0.058509438813977792 -0.0467683018456828
leaf_weight=56167 40138 10247 53938 85870 7316 51 2635 360 1383 97 61 691 141 52 748 64 278 1411 535 82 79 50 79 114 54 91 284 132 84 104
leaf_count=56167 40138 10247 53938 85870 7316 51 2635 360 1383 97 61 691 141 52 748 64 278 1411 535 82 79 50 79 114 54 91 284 132 84 104
internal_value=0.000151821 0.000430552 0.00049092 -0.000119775 -0.000366803 -0.00113547 0.00031288 -0.000317931 -0.000936335 -0.00388017 -0.000195621 -0.00272965 -0.00602941 -0.0131208 -0.00278132 -0.00852357 -0.00669591 0.000605953 -0.000262225 -0.00233148 -0.00463415 -0.00556911 -0.00633721 -0.0115803 -0.00446249 -0.00382002 -0.00429293 -0.00803317 0.000718902 -0.000471698
internal_weight=263336 129961 119714 133375 47505 7367 65776 9609 6974 1402 5572 1339 544 149 1253 403 342 4233 2822 1439 820 738 688 193 893 839 495 211 619 795
internal_count=263336 129961 119714 133375 47505 7367 65776 9609 6974 1402 5572 1339 544 149 1253 403 342 4233 2822 1439 820 738 688 193 893 839 495 211 619 795
is_linear=0
shrinkage=0.05


Tree=67
num_leaves=31
num_cat=0
split_feature=0 26 24 18 0 24 18 22 21 27 1 27 27 21 29 3 0 9 27 15 18 22 0 14 6 1 23 24 24 0
split_gain=7.90459 2.67452 2.61627 2.34186 2.23698 1.85206 1.74626 2.13811 1.76709 1.63626 2.67981 2.31487 2.19467 2.02896 2.40018 1.93143 1.6964 1.48563 2.01427 1.46913 1.46517 1.60586 1.46744 1.45109 1.62619 1.8162 2.32063 1.59564 1.59467 1.59331
threshold=5.2327160709036198 1.0000000180025095e-35 21.500000000000004 62.107379387004379 4.7544443676919261 6.5000000000000009 2.9255398357592672 9.5000000000000018 39.500000000000007 27.500000000000004 249.00000000000003 33.500000000000007 31.500000000000004 35.500000000000007 -0.49619527688194393 -0.78157656049389301 4.5402900480898207 0.66992722111826331 21.500000000000004 3.5000000000000004 13.217980032204883 12.500000000000002 4.8935427106932758 0.99619814547099561 0.28906233286774546 109.00000000000001 5.5000000000000009 23.500000000000004 28.500000000000004 5.5318668908130064
decision_type=2 2 2 2 2 2 2 2 2 2 2 2 2 2 2 2 2 2 2 2 2 2 2 2 2 2 2 2 2 2
left_child=1 2 -1 6 -3 -2 7 -4 -9 16 -11 12 13 14 -12 -13 -8 19 -19 -18 21 22 -21 24 29 26 -26 -27 -28 -7
right_child=5 4 3 -5 -6 23 9 8 -10 10 11 15 -14 -15 -16 -17 17 18 -20 20 -22 -23 -24 -25 25 27 28 -29 -30 -31
leaf_value=-0.00087204260551810339 0.00057673386765875535 -0.015354847679705852 0.0092973013437873762 -0.017612680958932838 -0.0011446082292670928 0.0014994502150292052 0.0083481142781876624 0.0030838267531794286 -0.020966371272930953 -0.0019285589443319786 -0.038595849557200627 -0.074472739200588486 0.068647511681062187 0.0089478872685062865 -0.072566377987380873 0.021899961471204706 0.0040320377783882389 -0.0089034223772189169 0.0081101161623057475 0.024589437326192207 -0.0035750522815701721 -0.0003015888301495674 0.0010863828339759938 0.0032396538188887228 -0.0013681479824827726 0.0026201665688495922 -0.010531473113913272 -0.00099093976351382501 -0.04470647812475699 0.0045855475624966089
leaf_weight=101373 17596 2787 2681 1698 9201 11175 3591 4728 476 3521 133 175 135 175 73 50 18954 1142 255 1552 10678 4767 1690 28289 3112 14493 441 7417 52 11620
leaf_count=101373 17596 2787 2681 1698 9201 11175 3591 4728 476 3521 133 175 135 175 73 50 18954 1142 255 1552 10678 4767 1690 28289 3112 14493 441 7417 52 11620
internal_value=0.000167974 -3.57698e-05 1.89109e-05 0.000291639 -0.000755756 0.000535326 0.000348328 0.00103678 0.000445811 0.000232561 -0.000701548 -0.00343455 -0.00158915 -0.00353018 -0.0068932 -0.00766667 0.000325952 0.000230289 -0.00137079 0.000289711 -2.48834e-05 0.000486328 0.00134485 0.000641588 0.000475057 0.000200862 -0.000839112 0.000371976 -0.00402637 0.00078197
internal_weight=264030 169835 157847 56474 11988 94195 54776 7885 5204 46891 4262 741 516 381 206 225 42629 39038 1397 37641 18687 8009 3242 76599 48310 25515 3605 21910 493 22795
internal_count=264030 169835 157847 56474 11988 94195 54776 7885 5204 46891 4262 741 516 381 206 225 42629 39038 1397 37641 18687 8009 3242 76599 48310 25515 3605 21910 493 22795
is_linear=0
shrinkage=0.05


Tree=68
num_leaves=31
num_cat=0
split_feature=0 26 19 22 21 17 0 14 21 29 11 4 0 17 15 29 27 28 15 4 17 0 3 28 27 29 16 14 25 2
split_gain=7.27324 2.46957 2.06409 4.48706 1.88766 1.59654 2.4097 2.42933 1.7927 1.83784 1.39295 1.386 1.52391 1.33663 1.32012 1.40292 1.27855 1.34613 2.409 1.20046 1.20641 1.3983 2.03843 1.41452 1.18676 1.18308 1.16039 1.15402 1.51061 1.73287
threshold=5.2327160709036198 1.0000000180025095e-35 8.26365763342916 4.5000000000000009 34.500000000000007 9.5000000000000018 4.7105902035041884 5.8068113592676589 36.500000000000007 -2.0687998472287839 0.052373331628732138 -0.39083512000525017 4.6500701778329185 8.5000000000000018 17.500000000000004 -0.12325831839925346 26.500000000000004 7.5000000000000009 20.500000000000004 -0.45464726694910829 4.5000000000000009 4.6383966752493375 -0.65996746046144716 21.500000000000004 8.5000000000000018 -0.10383428234415885 0.019285063711521284 0.61669283179775258 1.0000000180025095e-35 0.24119761573734219
decision_type=2 2 2 2 2 2 2 2 2 2 2 2 2 2 2 2 2 2 2 2 2 2 2 2 2 2 2 2 2 2
left_child=1 2 3 24 13 6 8 -8 16 -10 -2 12 -11 25 -13 -16 17 18 -4 20 -19 22 -22 -23 -1 -5 -7 28 -12 -30
right_child=10 -3 5 4 -6 26 7 -9 9 11 27 14 -14 -15 15 -17 -18 19 -20 -21 21 23 -24 -25 -26 -27 -28 -29 29 -31
leaf_value=0.003931874313567685 0.0040034151960031536 -0.00310070263200767 0.016770772192110456 -0.00075139302148394575 -0.0055078669191011374 -0.0259578156598269 -0.00029861618711956331 0.0080320717703322164 0.021259235668388575 -0.037700674797769687 0.0019967830778121571 0.016273819804727651 -0.015644824958229716 0.017187214046217428 0.0045670691730916356 -0.050107070413901479 -0.015784332768208231 0.0010364444887097351 -0.039797279520446691 0.013874896674228036 -0.013258250094099956 -0.008754899494209864 -0.038787937673725771 0.0060810624047760312 0.032894542133498093 0.0029563692591461875 0.0043761814337093053 0.002465036444616011 -0.0048862045421432772 0.0013155426450303764
leaf_weight=2065 12788 11981 3328 6297 4420 81 80897 7843 500 1658 24471 246 2107 641 224 54 3615 6119 175 1217 4419 5078 539 2924 1548 8633 13171 48960 3580 4169
leaf_count=2065 12788 11981 3328 6297 4420 81 80897 7843 500 1658 24471 246 2107 641 224 54 3615 6119 175 1217 4419 5078 539 2924 1548 8633 13171 48960 3580 4169
internal_value=0.000170011 -2.53267e-05 2.72184e-05 0.000458397 0.000165325 -4.86231e-05 -0.000105711 2.87358e-05 -0.000476198 -0.00136876 0.000522944 -0.00170319 -0.00203851 0.000424186 0.000706107 -0.00165468 -0.000320274 -0.000187193 0.000717956 -0.000343417 -0.000440537 -0.000713734 -0.00137354 -0.000304924 0.00207999 0.000328198 0.000472382 0.000446539 0.000214153 -0.000394244
internal_weight=263748 169780 157799 23604 19991 134195 120943 88740 32203 4789 93968 4289 3765 15571 524 278 27414 23799 3503 20296 19079 12960 4958 8002 3613 14930 13252 81180 32220 7749
internal_count=263748 169780 157799 23604 19991 134195 120943 88740 32203 4789 93968 4289 3765 15571 524 278 27414 23799 3503 20296 19079 12960 4958 8002 3613 14930 13252 81180 32220 7749
is_linear=0
shrinkage=0.05


Tree=69
num_leaves=31
num_cat=0
split_feature=28 18 29 21 1 3 15 6 16 17 15 16 3 28 24 24 24 24 29 17 29 4 18 24 28 4 18 24 29 14
split_gain=5.74805 2.92113 2.54092 2.13492 2.23635 2.11081 2.08193 1.81897 1.79595 1.78858 2.2266 1.95984 1.6087 1.47201 1.4585 2.49582 1.41108 2.4158 1.84416 1.59673 1.40095 1.76259 1.84078 2.13326 1.44495 1.67581 1.39639 1.38061 1.38065 1.34984
threshold=8.5000000000000018 1.7334809611990238 0.8194000712106887 32.500000000000007 221.00000000000003 0.48477228857636528 28.500000000000004 0.089147974015846856 0.19435777331760337 8.5000000000000018 12.500000000000002 0.15976271734572842 0.33185174030113479 1.0000000180025095e-35 9.5000000000000018 1.5000000000000002 6.5000000000000009 10.500000000000002 6.8981135525598924 4.5000000000000009 -0.30685480284904904 -0.38568843879292997 8.6764120889635752 27.500000000000004 25.500000000000004 -0.43329411285390113 6.3629099779192284 21.500000000000004 -1.5062216332329936 1.1215997751076994
decision_type=2 2 2 2 2 2 2 2 2 2 2 2 2 2 2 2 2 2 2 2 2 2 2 2 2 2 2 2 2 2
left_child=1 13 3 6 5 -5 7 -3 -9 10 -2 -12 -13 -1 15 -11 -4 18 19 26 -16 22 -22 24 25 -24 -18 28 -10 -29
right_child=9 2 16 4 -6 -7 -8 8 27 14 11 12 -14 -15 20 -17 17 -19 -20 -21 21 -23 23 -25 -26 -27 -28 29 -30 -31
leaf_value=0.010801524525918283 -0.00077575311789923878 0.0084308319749767397 8.8946438062821882e-05 0.00081850424757217474 -0.01806549774757053 -0.025410097766506459 -0.024511510748235696 1.0288930109418169e-05 -0.020345509626453703 0.031352431719233881 -0.0026940687273407475 -0.013532279995948429 -0.061185625004428063 0.0032310690261958992 0.010928696450948979 -0.008482003603898303 -0.09870450362801042 -0.0018321760343869707 -0.15955755503414532 -0.028285065208663543 0.036095507707031786 0.0036798910948820764 -0.024971372477781334 -0.079850406956935585 0.0232754352097874 -0.043035458452149379 -0.14308942777687877 0.0016058641835389603 0.0015091578999242683 0.0039232237983822778
leaf_weight=1102 79048 2591 2516 6901 2369 92 487 29247 1602 391 7970 3824 56 23062 5442 2165 87 1344 144 669 123 2861 272 67 55 84 366 18141 54162 16453
leaf_count=1102 79048 2591 2516 6901 2369 92 487 29247 1602 391 7970 3824 56 23062 5442 2165 87 1344 144 669 123 2861 272 67 55 84 366 18141 54162 16453
internal_value=0.000162557 0.000348499 0.000259202 0.000301602 -0.000426191 2.35952e-05 0.00035714 0.000370143 0.00034175 -0.000130522 -0.000204735 -0.000843882 -0.00176546 0.000855405 0.000458115 -0.000594679 -0.000833008 -0.00164751 -0.00321485 -0.00253119 0.000760333 -2.59963e-05 -0.00248752 -0.00389121 -0.00254258 -0.00370786 -0.0048234 0.00045198 0.000298042 0.000700122
internal_weight=263693 161335 137171 132045 9362 6993 122683 122196 119605 102358 90898 11850 3880 24164 11460 2556 5126 2610 1266 1122 8904 3462 601 478 411 356 453 90358 55764 34594
internal_count=263693 161335 137171 132045 9362 6993 122683 122196 119605 102358 90898 11850 3880 24164 11460 2556 5126 2610 1266 1122 8904 3462 601 478 411 356 453 90358 55764 34594
is_linear=0
shrinkage=0.05


Tree=70
num_leaves=31
num_cat=0
split_feature=0 26 24 18 24 28 1 18 0 24 24 29 0 9 7 29 5 29 1 14 6 29 3 3 1 27 23 19 9 5
split_gain=6.30583 2.47823 1.91232 2.03602 1.74382 2.2228 1.7196 1.84039 2.10526 1.60025 2.53899 3.83836 2.79535 2.49688 2.45056 2.46684 2.02873 1.8987 1.83377 1.85487 2.17563 1.79793 1.71185 1.68381 2.10224 1.65401 1.54995 1.53457 1.53114 1.52769
threshold=5.2339676982754471 1.0000000180025095e-35 21.500000000000004 62.107379387004379 3.5000000000000004 9.5000000000000018 273.00000000000006 47.484748631825177 4.7199269281688467 9.5000000000000018 6.5000000000000009 6.8981135525598924 4.3895594239587075 0.52461636797493183 1.5336695567011727 -0.14889241537967404 1.238635444301361 -0.67210302198578964 125.00000000000001 2.306403153660614 0.12497221675438545 -3.6915046855524722 -1.0558356489080232 -0.39529716972910883 169.00000000000003 28.500000000000004 2.5000000000000004 13.649118268291653 0.79887450862682707 2.7880309206352289
decision_type=2 2 2 2 2 2 2 2 2 2 2 2 2 2 2 2 2 2 2 2 2 2 2 2 2 2 2 2 2 2
left_child=1 2 4 27 5 -1 -7 8 -8 10 12 14 -6 17 15 16 -12 21 19 20 25 -14 -20 24 -13 26 -18 -4 -22 -11
right_child=-2 -3 3 -5 9 6 7 -9 -10 29 11 23 13 -15 -16 -17 18 -19 22 -21 28 -23 -24 -25 -26 -27 -28 -29 -30 -31
leaf_value=0.0050341773009212852 0.0020474998239364051 -0.0029036513763979494 0.0027677627159446525 -0.018334269199549925 -0.10627822163851264 -0.0015484804348669784 -0.044814381534490542 0.0030046367150129618 -0.015902573963024889 -0.00088105531983219691 0.0028996898537363962 -0.15296991813120375 0.021906743697537399 -0.01106480188119967 -0.48546343485808863 -0.035417429507743785 -0.16530418636364885 0.0060265568077492318 -0.059907278437270152 -0.15519797589684667 0.00055938281263722691 -0.0096761456770658484 0.0028934853164903646 0.041262321005484881 -0.14190564367550162 0.010927669938199921 -0.14051095175503783 0.0011174170269212383 -0.09120034319561432 0.0039625543489391363
leaf_weight=10642 93111 12028 13018 1721 65 5930 95 127 95 50628 4435 130 548 2579 64 4603 59 8289 1281 229 682 2657 2481 55 118 79 99 42240 67 5733
leaf_count=10642 93111 12028 13018 1721 65 5930 95 127 95 50628 4435 130 548 2579 64 4603 59 8289 1281 229 682 2657 2481 55 118 79 99 42240 67 5733
internal_value=0.000139984 -4.04912e-05 1.19373e-05 0.000243862 -0.000117913 0.000346083 -0.000402593 -0.00399054 -0.00710526 -0.000210235 -0.000515428 -0.000983173 -3.96094e-05 8.17186e-06 -0.000863342 -0.000818765 -0.000354866 0.000323647 -0.00104782 -0.00273663 -0.00179513 -0.000709828 -0.000502392 -0.00655115 -0.00830645 -0.00597046 -0.00892405 0.000296609 -0.000473965 -5.58008e-05
internal_weight=263888 170777 158749 56979 101770 16889 6247 317 190 84881 28520 14382 14138 14073 14079 14015 9412 11494 4977 1215 986 3205 3762 303 248 237 158 55258 749 56361
internal_count=263888 170777 158749 56979 101770 16889 6247 317 190 84881 28520 14382 14138 14073 14079 14015 9412 11494 4977 1215 986 3205 3762 303 248 237 158 55258 749 56361
is_linear=0
shrinkage=0.05


Tree=71
num_leaves=31
num_cat=0
split_feature=0 26 21 18 27 4 0 0 0 5 5 0 9 0 18 16 6 8 18 29 28 21 2 3 9 4 0 14 18 27
split_gain=5.37782 2.52118 2.14179 3.59584 2.22844 2.08253 2.72835 2.29015 3.17066 2.73469 2.09553 1.87986 1.65032 1.62991 1.59842 1.47445 1.85419 1.79391 1.39375 1.65284 1.35603 1.46336 1.32898 1.28421 1.23685 1.34123 1.86519 1.35641 1.74065 1.44748
threshold=5.217701139306512 1.0000000180025095e-35 32.500000000000007 1.6749658239256511 4.5000000000000009 -0.56778403148787893 4.6245658589774434 4.6819840796372594 4.9296208115160445 1.748561401894452 0.58840374292991671 4.8696986285031327 0.84916852147817357 4.8022471230451886 14.189292361214495 0.64927319423690266 0.28906233286774546 0.71339462515731045 59.307370038592801 0.038761191647520087 31.500000000000004 35.500000000000007 -2.2061208945628308 0.2684026855020028 0.50771597010815372 -0.14911712937886271 4.7607705584681321 1.4440838166435259 13.465590563590967 26.500000000000004
decision_type=2 2 2 2 2 2 2 2 2 2 2 2 2 2 2 2 2 2 2 2 2 2 2 2 2 2 2 2 2 2
left_child=1 2 3 -1 14 6 -4 12 9 10 -9 -3 -7 -11 -5 16 17 -2 19 22 21 -15 -6 -14 25 26 -21 28 29 -27
right_child=15 11 5 4 18 7 -8 8 -10 13 -12 -13 23 20 -16 -17 -18 -19 -20 24 -22 -23 -24 -25 -26 27 -28 -29 -30 -31
leaf_value=0.0066373229858817974 0.0031893069026938323 -0.010621859465953143 -0.029611832947732737 -0.00034642411513038061 0.014914667887548499 0.0099140093646161373 -0.0053142018856814329 -0.018365646677312927 0.00060623306322133807 -0.12929580191632137 -0.0039323908349525915 -0.00066432496843495678 -0.05685651649869105 -0.010467829572489947 -0.0096699561962361111 0.0026037140522429721 0.00034244170719098012 -0.00076119135670117699 -0.013902177356225273 -0.018022885327161783 0.0067524551967536447 -0.030253920954237307 0.0023027593632179103 -0.002586598268965035 0.009472911914350117 0.0024491944158104846 0.0054200192368816678 -0.041428889018505395 0.0032208188622254151 -0.094656526441752986
leaf_weight=7014 20696 4920 3036 17664 3055 3107 16885 264 17723 67 3157 6301 83 341 6438 33058 45682 5977 2887 1571 94 343 60040 480 464 94 1668 260 313 113
leaf_count=7014 20696 4920 3036 17664 3055 3107 16885 264 17723 67 3157 6301 83 341 6438 33058 45682 5977 2887 1571 94 343 60040 480 464 94 1668 260 313 113
internal_value=0.000145094 -3.90825e-05 1.60031e-05 0.000143777 6.27599e-05 -0.000268758 -0.000652326 2.90348e-05 -0.000163945 -0.00138772 -0.00075855 -0.000761518 0.00118529 -0.00393491 -0.000352253 0.000421817 0.000295419 0.000626664 0.000204712 0.000250673 -0.00329049 -0.00406433 0.000316586 -0.00130551 -0.000677002 -0.000959194 -0.00051096 -0.00282051 -0.00134615 -0.00490338
internal_weight=263795 158382 147161 101581 94567 45580 19921 25659 21989 4266 3421 11221 3670 845 24102 105413 72355 26673 70465 67578 778 684 63095 563 4483 4019 3239 780 520 207
internal_count=263795 158382 147161 101581 94567 45580 19921 25659 21989 4266 3421 11221 3670 845 24102 105413 72355 26673 70465 67578 778 684 63095 563 4483 4019 3239 780 520 207
is_linear=0
shrinkage=0.05


Tree=72
num_leaves=31
num_cat=0
split_feature=0 26 9 18 22 24 5 0 5 18 24 17 0 15 4 2 7 2 5 9 23 0 2 24 6 23 7 23 24 24
split_gain=4.60189 1.76235 2.23546 1.75542 4.74494 1.69546 1.67723 1.64575 1.61725 2.14966 1.57297 1.47558 2.18238 1.97401 1.65185 1.63808 1.45248 1.7573 1.54322 1.43115 2.77272 1.94948 2.43738 1.77981 1.99473 1.45862 1.57322 1.62871 1.41871 2.57246
threshold=5.2327160709036198 1.0000000180025095e-35 0.7814472880881026 1.6749658239256511 6.5000000000000009 6.5000000000000009 0.72549084824318733 4.8404521090059918 0.61364818447876657 3.4393281946565177 1.5000000000000002 8.5000000000000018 4.6344336593550848 22.500000000000004 -0.5230896941165869 -0.75524269417198731 0.6827052067270315 -0.27798732298778545 2.5131780152855359 0.59187391762042929 5.5000000000000009 5.5511211706054544 0.26968354245792908 27.500000000000004 0.50431878052579415 1.5000000000000002 0.36529561583706288 1.0000000180025095e-35 9.5000000000000018 1.5000000000000002
decision_type=2 2 2 2 2 2 2 2 2 2 2 2 2 2 2 2 2 2 2 2 2 2 2 2 2 2 2 2 2 2
left_child=3 5 6 4 -1 10 -3 -6 -4 -10 -2 12 14 28 16 -14 -5 18 -18 20 -7 -22 23 -23 -25 26 27 -21 29 -13
right_child=1 2 8 11 7 19 -8 -9 9 -11 -12 13 15 -15 -16 -17 17 -19 -20 25 21 22 -24 24 -26 -27 -28 -29 -30 -31
leaf_value=0.016370300382058126 0.0047961501850654056 -0.0015175341073135852 0.00090414832447288272 -0.025159485193878076 -0.010037250562884846 0.0022723404100576652 0.0065723770771534962 0.002245026430679795 -0.0051352444487197868 -0.02726727110322219 -0.0012569823008062638 0.020074969023855898 0.001991860168965662 -0.011993584582849369 0.008829139159044817 -0.00080145020203130357 -0.01291803514728712 0.019256893949705062 -0.039948841877524788 0.0024377016751654101 -0.0001282005297886672 -0.018718498499046558 0.0071481257204977127 -0.035000728046816587 -0.062021681989369741 0.0037432491509696133 0.0052073278186168682 -0.0042451494679044436 0.0061397459681922228 -0.0070912677236215013
leaf_weight=3151 3974 6055 94 1364 3772 32566 1317 8261 54 71 13630 835 41597 1833 1756 83817 7926 1393 418 2793 3660 988 478 116 62 22525 2651 3178 10613 2553
leaf_count=3151 3974 6055 94 1364 3772 32566 1317 8261 54 71 13630 835 41597 1833 1756 83817 7926 1393 418 2793 3660 988 478 116 62 22525 2651 3178 10613 2553
internal_value=0.000154668 0.000434764 -0.000295745 -1.21076e-06 0.000511723 0.000498782 -0.000147857 5.94201e-05 -0.00527397 -0.009 6.07818e-05 -5.17502e-05 -0.000104107 0.000405457 -0.000724508 -4.05057e-05 -0.000949914 -0.000735853 -0.00101031 0.000610502 0.000404014 -0.000656108 -0.00208637 -0.00331904 -0.00792135 0.00086156 0.000308513 -0.000141517 0.000607457 -0.000283353
internal_weight=263501 94212 7591 169289 15184 86621 7372 12033 219 125 17604 154105 138271 15834 12857 125414 11101 9737 8344 69017 37870 5304 1644 1166 178 31147 8622 5971 14001 3388
internal_count=263501 94212 7591 169289 15184 86621 7372 12033 219 125 17604 154105 138271 15834 12857 125414 11101 9737 8344 69017 37870 5304 1644 1166 178 31147 8622 5971 14001 3388
is_linear=0
shrinkage=0.05


Tree=73
num_leaves=31
num_cat=0
split_feature=18 4 23 24 15 20 1 22 6 15 19 13 1 2 24 20 21 6 24 24 1 18 4 17 19 24 23 24 29 4
split_gain=4.63903 1.43678 2.87816 1.51824 1.56323 1.54166 1.30639 1.25888 1.98065 1.40372 1.48154 2.40021 1.60955 1.23054 1.19392 1.19363 2.1089 1.51477 1.49111 1.18232 1.31707 1.23406 1.18109 1.20009 1.98442 1.32685 1.17901 1.26825 1.5275 1.55485
threshold=5.7830916203520326 0.2988773374608194 1.5000000000000002 28.500000000000004 11.500000000000002 0.035670669999438777 281.00000000000006 14.500000000000002 0.62185018538306824 25.500000000000004 49.630314285091309 0.13377807001283623 265.00000000000006 0.69342262819138556 4.5000000000000009 0.0452568300456598 36.500000000000007 0.23306066200506717 21.500000000000004 14.500000000000002 217.00000000000003 66.380264837857311 0.11577830079605211 8.5000000000000018 59.99486014821899 7.5000000000000009 5.5000000000000009 17.500000000000004 -0.24287231038323245 0.045414351683201036
decision_type=2 2 2 2 2 2 2 2 2 2 2 2 2 2 2 2 2 2 2 2 2 2 2 2 2 2 2 2 2 2
left_child=1 26 3 13 5 -5 -4 8 9 10 11 12 14 -3 -2 16 -13 -18 -17 -10 -21 -22 23 24 25 -9 27 -1 29 -29
right_child=7 2 6 4 -6 -7 -8 22 19 -11 -12 15 -14 -15 -16 18 17 -19 -20 20 21 -23 -24 -25 -26 -27 -28 28 -30 -31
leaf_value=0.00070512315819337495 0.023212650479019062 0.00057941399136116447 0.002920962417817646 -0.019375612680566041 -0.028801271796289159 -0.0051017095012374216 0.0051370225702685969 0.0025623202443198628 -0.0042133434296087032 -0.019241809590229163 -0.0048729138568191083 -0.0060355057063481241 0.028724510538309614 -0.010120541801506488 0.00069604436771372865 -0.0045471174098916144 -0.063319968625140707 -0.043530552501906156 0.0043466067636175106 0.0045661625854756093 0.00015655985552157764 -0.016781314604412814 0.0043926089215310859 0.0055323263139792755 0.0014941572828320879 -0.0045313834870207266 -0.00075676562649848824 0.0043517077047598085 0.0012814563647506672 0.0072522408821477039
leaf_weight=47644 660 7168 19953 54 50 514 1330 5013 9851 1221 17742 2231 700 343 3430 3530 53 276 2529 10363 9460 576 3635 5972 35432 18217 14030 7536 32499 1842
leaf_count=47644 660 7168 19953 54 50 514 1330 5013 9851 1221 17742 2231 700 343 3430 3530 53 276 2529 10363 9460 576 3635 5972 35432 18217 14030 7536 32499 1842
internal_value=0.000141821 0.000349834 0.000658235 -0.000142084 -0.00252427 -0.00177817 0.000963915 -6.94851e-05 -0.000231388 -0.000503212 -0.000438027 -4.13899e-05 0.00085595 5.39211e-05 0.000476773 -0.000540086 -0.00144531 -0.00518237 -0.000157617 5.95043e-05 0.000276729 -0.000131526 7.90258e-05 2.97059e-05 -3.9037e-05 -0.000398192 0.000262238 0.000329029 0.000529766 0.00109192
internal_weight=263854 132963 29412 8129 618 568 21283 130891 62622 32372 31151 13409 4790 7511 4090 8619 2560 329 6059 30250 20399 10036 68269 64634 58662 23230 103551 89521 41877 9378
internal_count=263854 132963 29412 8129 618 568 21283 130891 62622 32372 31151 13409 4790 7511 4090 8619 2560 329 6059 30250 20399 10036 68269 64634 58662 23230 103551 89521 41877 9378
is_linear=0
shrinkage=0.05


Tree=74
num_leaves=31
num_cat=0
split_feature=0 26 24 2 6 19 0 8 13 0 23 9 23 23 4 5 1 20 6 18 23 23 4 1 24 1 1 19 29 8
split_gain=4.66961 2.64185 2.12887 1.89358 2.04883 1.87539 1.66016 1.64424 1.57744 1.54009 2.93375 3.55782 2.92565 2.99369 4.94412 2.32453 3.24584 2.69188 2.62037 2.73438 2.09198 4.6276 4.34544 3.34892 2.8976 2.39077 2.06048 1.9598 1.81462 1.76551
threshold=5.2566513836737103 1.0000000180025095e-35 21.500000000000004 0.69342262819138556 0.36370100212467216 9.5917839092640822 4.8638827521613406 0.40810775042163633 1.0336611297045482 5.54593981920228 5.5000000000000009 0.58485392339908204 4.5000000000000009 3.5000000000000004 0.077507495594663675 0.84610476625601916 237.00000000000003 0.060591443271271757 0.6267812321365781 3.0174716476165595 2.5000000000000004 1.5000000000000002 0.21062177623843292 245.00000000000003 27.500000000000004 133.00000000000003 273.00000000000006 13.8824939102561 -0.088663157652350291 0.75135458728099447
decision_type=2 2 2 2 2 2 2 2 2 2 2 2 2 2 2 2 2 2 2 2 2 2 2 2 2 2 2 2 2 2
left_child=1 2 -1 4 -2 -4 -3 -8 -7 -6 12 15 13 20 26 16 17 -12 19 -19 21 29 23 24 28 -26 -15 -25 -23 -11
right_child=3 6 5 -5 9 8 7 -9 -10 10 11 -13 -14 14 -16 -17 -18 18 -20 -21 -22 22 -24 27 25 -27 -28 -29 -30 -31
leaf_value=-0.00055772447530118773 0.0028353182261738677 -0.010162519704311208 0.0028800215842690702 -0.0061129917236965653 0.0019138622634782877 2.4198057167971543e-05 0.00076413987494132398 -0.0029612312253282352 0.0057850008274408088 0.0048796300205143101 -0.015088282999960588 0.0023605028088790809 0.007146227016002548 -0.029212326656717708 0.0022698505418585519 0.0072260323331021061 0.029377943670156826 -0.029552815606908995 -0.070176510171547898 -0.064786652203292619 0.0069408995353718583 0.0057831698616855401 0.0047700476789683177 -0.019568022899275707 -0.047866771125195828 -0.029771774363566192 0.040593711447347268 -0.051931115432716751 -0.025834467360944968 -0.0076582507984451712
leaf_weight=112291 38037 4813 12176 2052 20695 40936 5758 2855 9283 3509 233 892 2124 902 1155 239 88 343 78 76 2057 411 569 59 51 74 53 61 810 704
leaf_count=112291 38037 4813 12176 2052 20695 40936 5758 2855 9283 3509 233 892 2124 902 1155 239 88 343 78 76 2057 411 569 59 51 74 53 61 810 704
internal_value=0.000122331 -1.08444e-05 4.11025e-05 0.00045515 0.000497132 0.000275263 -0.000686727 -0.000271102 0.000140286 0.000222125 -0.000173247 -0.00197794 0.000107266 -0.000237638 -0.00191943 -0.0039404 -0.00520782 -0.00630137 -0.00838028 -0.00681384 0.000189645 -0.000265685 -0.00222359 -0.00366303 -0.00294948 -0.0102 -0.00458115 -0.0116667 -0.00220721 0.000680038
internal_weight=263384 188112 174686 75272 73220 62395 13426 8613 50219 35183 14488 1949 12539 10415 2110 1057 818 730 497 419 8305 6248 2035 1466 1346 125 955 120 1221 4213
internal_count=263384 188112 174686 75272 73220 62395 13426 8613 50219 35183 14488 1949 12539 10415 2110 1057 818 730 497 419 8305 6248 2035 1466 1346 125 955 120 1221 4213
is_linear=0
shrinkage=0.05


Tree=75
num_leaves=31
num_cat=0
split_feature=0 21 18 4 29 24 0 24 1 7 29 4 0 0 29 3 5 27 29 24 1 0 4 23 5 16 3 23 8 17
split_gain=3.31464 1.69528 2.72183 1.78152 2.44653 2.1752 1.84146 1.79012 3.81241 1.89243 1.70298 1.63358 1.60026 2.62402 1.56952 1.55426 1.69713 1.52315 2.85547 1.8775 2.24294 2.48393 3.35003 3.55582 2.17661 1.56355 1.47508 2.20694 2.79445 1.96742
threshold=5.2327160709036198 34.500000000000007 1.6749658239256511 -0.91706966442293736 -1.8577800261288111 7.5000000000000009 4.6500701778329185 2.5000000000000004 125.00000000000001 0.54562076514718949 -0.52198419176418642 -0.12836597777685088 4.7012900704448422 4.9041128417203437 0.044985732942151975 0.45280236710279859 0.99824353718710557 21.500000000000004 0.6935744829748387 6.5000000000000009 217.00000000000003 5.0763865755225819 -0.16722052797247425 4.5000000000000009 1.3231736199539006 4.5981262053730427 0.068025892211629982 5.5000000000000009 0.51135226952908974 4.5000000000000009
decision_type=2 2 2 2 2 2 2 2 2 2 2 2 2 2 2 2 2 2 2 2 2 2 2 2 2 2 2 2 2 2
left_child=1 2 10 4 -3 7 -6 12 9 11 -1 -9 -5 -14 -4 16 -7 -16 -19 -20 21 22 25 24 -24 -21 27 29 -29 -2
right_child=26 3 14 5 6 15 -8 8 -10 -11 -12 -13 13 -15 17 -17 -18 18 19 20 -22 -23 23 -25 -26 -27 -28 28 -30 -31
leaf_value=-0.0019727206819797794 0.0017947131807026385 0.014545093813488126 0.00044847875114047099 0.032010850723790896 -0.026035708406114178 -0.0031731409168823791 -0.0095992216732003859 0.018981385569686281 -0.001502842084669829 -0.21047243647678707 0.0050904278690423032 -0.17002927230110926 -0.037842269543822894 0.0032159655806755145 -0.00071008553636566277 -0.011431874244990592 0.003461130051770127 -0.34108940070770599 -0.00099315414736406084 -0.031602151903562789 0.01394602736896588 0.024229750575476498 -0.15040613158641924 -0.087318454281953381 -0.14590286106633957 -0.33500464701870936 0.0020030784681023604 0.00049230615616297998 -0.0097877464313327368 -0.0025162775083431409
leaf_weight=3003 20511 1806 103536 194 2731 4167 9746 78 1855 663 7274 729 131 1083 17599 729 10454 80 2232 764 412 159 63 156 89 54 62780 2434 2000 6455
leaf_count=3003 20511 1806 103536 194 2731 4167 9746 78 1855 663 7274 729 131 1083 17599 729 10454 80 2232 764 412 159 63 156 89 54 62780 2434 2000 6455
internal_value=0.000110374 -2.15857e-05 5.80045e-05 -0.000335215 -0.000762095 -3.16186e-05 -0.00101106 -0.00096873 -0.0016015 -0.0035034 0.000840226 -0.00187732 0.000525568 -0.00014827 -6.23263e-06 0.000257329 0.000369674 -0.000393835 -0.00127338 -0.00108297 -0.00233648 -0.00336576 -0.00419183 -0.00863636 -0.0140789 -0.00251834 0.000348269 6.84715e-05 -0.000965268 0.000238449
internal_weight=263967 169787 135421 34366 14283 20083 12477 4733 3325 1470 10277 807 1408 1214 125144 15350 14621 21608 4009 3929 1697 1285 1126 308 152 818 94180 31400 4434 26966
internal_count=263967 169787 135421 34366 14283 20083 12477 4733 3325 1470 10277 807 1408 1214 125144 15350 14621 21608 4009 3929 1697 1285 1126 308 152 818 94180 31400 4434 26966
is_linear=0
shrinkage=0.05


Tree=76
num_leaves=31
num_cat=0
split_feature=28 15 11 22 18 28 28 16 29 18 0 24 27 17 0 20 27 19 4 20 29 27 19 6 13 24 23 18 24 0
split_gain=3.92065 1.93485 2.13014 1.65263 2.41064 1.90505 1.56597 2.30813 2.01118 1.48007 1.31931 1.29012 1.25631 1.31842 1.94525 2.11622 1.38105 1.63342 1.3273 1.25451 1.87428 1.19235 1.18843 1.53339 1.17788 1.69422 1.55138 1.39248 1.56442 1.27241
threshold=11.500000000000002 14.500000000000002 0.055870501080268989 16.500000000000004 14.651114474945253 3.5000000000000004 8.5000000000000018 2.3039042276390114 -0.68361147894660335 3.0174716476165595 5.217701139306512 17.500000000000004 54.500000000000007 8.5000000000000018 4.6152523066285216 0.082548966799131623 24.500000000000004 47.906838449641093 0.22036107973762045 0.73213851691960474 -0.48787656737298651 1.0000000180025095e-35 0.24464730749110022 0.17537149998584003 1.7010356156974364 13.500000000000002 2.5000000000000004 36.744099829618499 30.500000000000004 4.5486059994538381
decision_type=2 2 2 2 2 2 2 2 2 2 2 2 2 2 2 2 2 2 2 2 2 2 2 2 2 2 2 2 2 2
left_child=1 2 3 4 5 9 -5 11 -9 -1 12 -8 13 14 15 22 21 -18 -17 -19 -21 -16 -2 -24 27 26 -26 29 -29 -25
right_child=10 -3 -4 6 -6 -7 7 8 -10 -11 -12 -13 -14 -15 16 18 17 19 -20 20 -22 -23 23 24 25 -27 -28 28 -30 -31
leaf_value=0.0048240580183557561 -0.06115537673963492 -0.002732790621386602 0.0010905112502388272 0.0020857601234780211 -0.0071240112748664174 0.028821124755414138 -0.020910508264499337 -0.0001563513142272821 -0.063693906740742171 0.0016460755150520456 0.0045314705124358656 0.0034315311317928833 -0.10474520824498575 0.0031781752812503304 0.032242028530782237 0.013344549020702659 0.00078576006964501646 -0.021118558455952289 -0.038596060467808536 -0.037008100705082828 -0.01145649123507647 -0.00098750675810106128 0.026644489408984364 -0.080214478222303362 0.019914589989796349 0.010976296298294693 -0.059092816204517895 -0.015869316157374382 -0.080297217951543612 -0.028866150192654691
leaf_weight=5437 123 9670 143399 9254 1642 1911 245 53 70 3120 1199 633 55 9639 329 1097 705 560 97 79 106 69351 365 194 83 744 134 1709 56 1663
leaf_count=5437 123 9670 143399 9254 1642 1911 245 53 70 3120 1199 633 55 9639 329 1097 705 560 97 79 106 69351 365 194 83 744 134 1709 56 1663
internal_value=0.000121568 0.000258331 0.000298437 0.000752292 0.00114781 0.00142721 0.000285227 -0.00159341 -0.00800813 0.00110845 -0.00015019 -0.000694761 -0.000172869 -0.000168095 -0.000236772 -0.0010814 -0.000162379 -0.00168965 0.000812395 -0.00332215 -0.00689189 -0.000130597 -0.00152731 -0.00140663 -0.00165503 -9.88552e-05 -0.00398617 -0.00206792 -0.00106232 -0.00302369
internal_weight=263722 175434 165764 22365 12110 10468 10255 1001 123 8557 88288 878 87089 87034 77395 6265 71130 1450 1194 745 185 69680 5071 4948 4583 961 217 3622 1765 1857
internal_count=263722 175434 165764 22365 12110 10468 10255 1001 123 8557 88288 878 87089 87034 77395 6265 71130 1450 1194 745 185 69680 5071 4948 4583 961 217 3622 1765 1857
is_linear=0
shrinkage=0.05


Tree=77
num_leaves=31
num_cat=0
split_feature=2 18 22 14 22 8 0 17 24 12 24 27 2 16 21 22 17 7 22 5 27 0 1 22 6 28 1 1 24 20
split_gain=2.92246 2.03167 7.4931 1.86416 2.41036 1.64302 1.54014 1.99509 1.32128 1.47669 1.4356 2.46921 1.83978 1.55138 1.5076 1.46104 1.33164 1.30196 1.29732 1.29215 1.28909 2.06537 1.35831 1.27777 1.27536 2.24525 1.40723 1.37569 2.39307 1.31628
threshold=0.24119761573734219 1.6463133361002953 4.5000000000000009 0.93494750962624706 25.500000000000004 0.76844772505053216 4.8404521090059918 8.5000000000000018 10.500000000000002 0.44643249835120546 6.5000000000000009 19.500000000000004 -2.4789605954257139 7.1096240885869593 31.500000000000004 27.500000000000004 5.5000000000000009 0.48714974080428097 3.5000000000000004 0.73033347616674782 7.5000000000000009 5.2315852847058562 121.00000000000001 32.500000000000007 0.1205827845631116 10.500000000000002 237.00000000000003 125.00000000000001 9.5000000000000018 1.2782096704950086
decision_type=2 2 2 2 2 2 2 2 2 2 2 2 2 2 2 2 2 2 2 2 2 2 2 2 2 2 2 2 2 2
left_child=1 2 -1 4 24 -2 7 -4 10 -10 14 13 -13 16 18 -15 20 -16 -5 -20 21 22 -12 -14 25 26 -3 28 -27 -26
right_child=5 3 6 8 -6 -7 -8 -9 9 -11 11 12 23 15 17 -17 -18 -19 19 -21 -22 -23 -24 -25 29 27 -28 -29 -30 -31
leaf_value=0.010054070671723703 0.0023832526766719556 0.0067109760358570166 -0.014191708208726186 -0.0052437239589550773 0.0017218704064105009 0.00028748644628809545 0.0014680133680141376 0.012614787690563824 0.00024674865976593311 0.0025240637169092551 -0.054230174554176107 -0.32692931155838889 -0.022619694977099515 0.006027200221207887 0.0051956362162935889 -0.26040844429841048 0.0089402763740039047 -0.0077544414607675543 -0.00039621854249504823 0.0093341649713341631 0.011948613628548916 0.0025063491917930443 -0.011570758194371313 -0.11494000641149382 -0.0019014235723309094 -0.14523795942879619 0.03141368728735372 0.0012544241306688888 -0.0022464765054621381 -0.0086604043028378954
leaf_weight=3610 32957 2127 3541 1403 18245 15897 18331 522 45105 33308 442 87 3596 77 1338 77 2430 5267 4663 7550 806 2048 2762 247 46105 362 486 3036 1545 5762
leaf_count=3610 32957 2127 3541 1403 18245 15897 18331 522 45105 33308 442 87 3596 77 1338 77 2430 5267 4663 7550 806 2048 2762 247 46105 362 486 3036 1545 5762
internal_value=0.000127251 4.78878e-05 0.000462237 -9.15936e-06 -0.000197121 0.000476317 0.000121461 -0.000759291 0.000122116 0.000233571 -0.00014439 -0.000563951 -0.00160305 -9.14138e-05 0.000116463 -0.00506493 -1.17795e-06 -0.000503406 0.000417156 0.000582576 -0.000397821 -0.000683549 -0.00147628 -0.00144028 -0.000351463 0.000255426 0.00144087 -0.000371232 -0.0014237 -0.000439875
internal_weight=263732 214878 26004 188874 77668 48854 22394 4063 111206 78413 32793 12572 3930 8642 20221 154 8488 6605 13616 12213 6058 5252 3204 3843 59423 7556 2613 4943 1907 51867
internal_count=263732 214878 26004 188874 77668 48854 22394 4063 111206 78413 32793 12572 3930 8642 20221 154 8488 6605 13616 12213 6058 5252 3204 3843 59423 7556 2613 4943 1907 51867
is_linear=0
shrinkage=0.05


Tree=78
num_leaves=31
num_cat=0
split_feature=18 27 9 21 23 8 4 0 1 21 23 0 23 23 17 6 8 0 17 7 5 8 1 24 0 23 27 0 24 0
split_gain=3.29949 1.58642 1.68578 1.36036 1.34367 1.99676 1.64102 1.6161 1.56986 1.2861 1.40492 1.51018 2.09362 2.77145 2.92019 3.27533 2.44105 2.66051 2.12012 3.1286 1.6491 1.55193 2.99403 1.68438 1.32784 1.47782 1.52001 1.28296 1.25883 1.25797
threshold=5.7830916203520326 19.500000000000004 0.51230858931659029 31.500000000000004 1.5000000000000002 0.75511322485410526 0.31091690483362444 5.5254869140418341 277.00000000000006 36.500000000000007 3.5000000000000004 5.5539350593281904 5.5000000000000009 4.5000000000000009 4.5000000000000009 0.21660366003343554 0.49802294356678473 5.5931903528767899 5.5000000000000009 0.42105498905932109 0.50556665514772647 0.43068333829326749 109.00000000000001 14.500000000000002 5.0763865755225819 1.5000000000000002 9.5000000000000018 5.2482462980402831 4.5000000000000009 5.1227863320152851
decision_type=2 2 2 2 2 2 2 2 2 2 2 2 2 2 2 2 2 2 2 2 2 2 2 2 2 2 2 2 2 2
left_child=1 2 9 29 5 27 -6 -8 -9 10 28 -12 13 14 -13 -16 17 -14 19 -18 -17 -22 -23 -24 -11 26 -26 -4 -1 -3
right_child=-2 3 4 -5 6 -7 7 8 -10 24 11 12 16 -15 15 20 18 -19 -20 -21 21 22 23 -25 25 -27 -28 -29 -30 -31
leaf_value=-0.0032897743925457273 -0.00037771142913685515 0.022279631676256153 -0.001144390110448102 0.0056498027413722602 0.0013067193090656433 -0.0057110460907677796 0.0016315982571484294 0.0031303977611588951 0.0065570721848370031 -0.0042874236393611754 -0.00020902844489622261 0.010417898024654725 -0.048796946768324578 0.0061944555937796268 0.012591871748668477 0.0036008601333376387 -0.034216989308103934 0.0033596794547718399 -0.010436822181184396 -0.038337155350658542 -0.027634552566903604 0.012288010214671958 -0.033425987217671142 -0.054406033501869872 -0.0079286889692201639 -0.0065148181169097227 -0.071714671634337965 0.0018898144827052276 0.0019196250059188001 -0.0067375906887545732
leaf_weight=2544 130665 3160 5395 6601 36306 3856 10472 9197 749 2422 15064 347 89 869 131 61 113 401 98 120 141 51 65 109 79 379 74 13064 20430 121
leaf_count=2544 130665 3160 5395 6601 36306 3856 10472 9197 749 2422 15064 347 89 869 131 61 113 401 98 120 141 51 65 109 79 379 74 13064 20430 121
internal_value=0.00012146 0.000297265 0.000248153 0.000906699 0.000385822 5.71366e-05 0.000515126 0.000873739 0.00133018 -1.49108e-06 7.17399e-05 -0.000263605 -0.00137765 -0.000411499 -0.00234807 -0.00458781 -0.00346529 -0.00122449 -0.00678248 -0.00937768 -0.0067096 -0.00797814 -0.0105556 -0.0136782 -0.0010088 -0.00327068 -0.0074183 0.000273309 0.000329503 0.0017388
internal_weight=263173 132508 122626 9882 79039 22315 56724 20418 9946 43587 40633 17659 2595 1774 905 558 821 490 331 233 427 366 225 174 2954 532 153 18459 22974 3281
internal_count=263173 132508 122626 9882 79039 22315 56724 20418 9946 43587 40633 17659 2595 1774 905 558 821 490 331 233 427 366 225 174 2954 532 153 18459 22974 3281
is_linear=0
shrinkage=0.05


Tree=79
num_leaves=31
num_cat=0
split_feature=26 18 20 17 3 23 3 1 29 1 15 28 20 24 16 15 6 15 7 29 6 29 24 23 3 14 17 24 24 6
split_gain=2.43739 2.24887 1.62646 1.52051 1.37923 1.26896 1.25084 1.23932 1.26143 1.21904 1.17821 2.27666 4.94033 1.16358 1.37506 1.18861 1.40815 1.21087 1.57878 1.15632 1.09563 1.09357 1.43081 1.28277 1.1693 1.48034 1.11302 1.41283 2.79293 1.78988
threshold=1.0000000180025095e-35 3.5573742432071334 0.046829476616573093 8.5000000000000018 0.065712386785699836 1.5000000000000002 0.50151335931805185 205.00000000000003 -1.0546084750942197 293.00000000000006 22.500000000000004 2.5000000000000004 0.73529432411517204 21.500000000000004 5.4978098727660978 4.5000000000000009 0.11191186438626136 11.500000000000002 0.23848632635339631 5.8911258848236683 0.053754574504335205 -1.4571161936178669 19.500000000000004 2.5000000000000004 0.070466364595715661 3.339047601280424 4.5000000000000009 9.5000000000000018 8.5000000000000018 0.42939582833456302
decision_type=2 2 2 2 2 2 2 2 2 2 2 2 2 2 2 2 2 2 2 2 2 2 2 2 2 2 2 2 2 2
left_child=1 4 -2 13 9 7 -6 8 -4 -1 20 12 -12 14 19 -15 17 -17 -19 21 -5 26 23 -23 25 -24 27 28 -3 -29
right_child=2 3 5 10 6 -7 -8 -9 -10 -11 11 -13 -14 15 -16 16 -18 18 -20 -21 -22 22 24 -25 -26 -27 -28 29 -30 -31
leaf_value=0.00063403980586538807 -0.005453989123473937 -0.046093029963763521 -0.01248501348011591 -0.015925643446748204 0.0022554452499621777 0.00070286112149131087 -0.0048818251608892865 -0.0055012357348253899 -0.0010872921076505158 0.01013738890475417 0.0031304265772204645 -0.00025220852393315665 -0.094839023739152581 0.0022521666306913857 -0.01260262629937399 0.0084299028941476652 -0.0015182769028092974 -0.01812179548398091 0.0011679636569501921 -0.014715018055702418 0.0052363638400216312 -0.0010532804275897095 -0.0073055392411043229 0.0016776985867852489 0.002160368783743212 0.0018273443605956834 -0.0025097570062016534 -0.035852078057518423 -0.1904125321863368 0.0063694832136601586
leaf_weight=42869 5380 1017 183 52 39837 8428 518 472 5142 614 121 1558 74 29843 2840 1449 18721 68 1466 1612 12974 27435 4558 42475 2360 1577 7656 559 388 1388
leaf_count=42869 5380 1017 183 52 39837 8428 518 472 5142 614 121 1558 74 29843 2840 1449 18721 68 1466 1612 12974 27435 4558 42475 2360 1577 7656 559 388 1388
internal_value=0.000124491 0.000167583 -0.000411885 5.7775e-05 0.000377395 -0.00013181 0.000587907 -0.000701225 -0.000483568 0.000182025 0.00054097 -0.000675984 -0.00576923 8.66522e-06 -9.61485e-05 0.000199527 -8.20123e-05 0.000926919 -5.21511e-05 -6.23453e-05 0.000704745 -3.8417e-05 2.7103e-05 0.000101559 -0.000585638 -0.00094947 -0.000505087 -0.00126492 -0.00247331 -0.000392912
internal_weight=263634 244029 19605 160191 83838 14225 40355 5797 5325 43483 14779 1753 195 145412 93865 51547 21704 2983 1534 91025 13026 89413 78405 69910 8495 6135 11008 3352 1405 1947
internal_count=263634 244029 19605 160191 83838 14225 40355 5797 5325 43483 14779 1753 195 145412 93865 51547 21704 2983 1534 91025 13026 89413 78405 69910 8495 6135 11008 3352 1405 1947
is_linear=0
shrinkage=0.05


Tree=80
num_leaves=31
num_cat=0
split_feature=26 28 0 12 29 1 12 4 23 7 29 0 23 12 16 4 23 27 16 27 14 0 29 4 0 19 14 22 11 5
split_gain=2.77315 2.42136 2.0884 1.75455 1.62925 1.40626 1.33573 1.28451 2.3908 1.89125 1.78272 1.66425 1.483 1.25169 1.6007 1.23522 1.38744 1.23348 1.18109 1.4529 1.22065 1.16706 1.13644 1.20451 1.19742 1.11276 1.56132 1.10773 2.10894 1.76936
threshold=1.0000000180025095e-35 11.500000000000002 4.6207751646789132 1.5124841460464775 0.8194000712106887 169.00000000000003 0.093161633204498343 0.19106950438603915 1.5000000000000002 0.31469601628765631 -0.21643759867087295 5.5389049343477952 1.0000000180025095e-35 0.14947123186551561 1.0417595106420128 0.31091690483362444 4.5000000000000009 24.500000000000004 0.29465070281279981 16.500000000000004 2.4337054578520254 4.6046610299420534 0.49506689351185157 -0.0062512085268867897 5.5594021876627302 10.726656900519677 1.3391815420497968 15.500000000000002 0.07290987451100156 0.95159598323337946
decision_type=2 2 2 2 2 2 2 2 2 2 2 2 2 2 2 2 2 2 2 2 2 2 2 2 2 2 2 2 2 2
left_child=1 4 17 5 6 -4 27 22 9 10 -9 15 -12 14 -14 16 -10 18 19 -2 -20 -22 -8 -24 -25 26 -18 28 29 -1
right_child=2 -3 3 -5 -6 -7 7 8 11 -11 12 -13 13 -15 -16 -17 25 -19 20 -21 21 -23 23 24 -26 -27 -28 -29 -30 -31
leaf_value=0.0031792240551011043 -0.0066350871698909273 -0.00060407757930780427 -0.0005364715952124922 0.0063474312853103012 -0.004926374927787084 -0.0041396406590905052 0.00070662449371805428 0.0068817642607847162 -0.014546755707064549 0.0019716989772193007 -0.00093132560055142347 0.004237486970000307 -0.01451824196331887 -0.0041853569584555045 -0.028260304278653066 0.0021668745948265223 0.0042337938551614161 0.004896991273393627 -0.00096829814054574077 -0.067685025636583504 -0.07680397359204455 0.011508869614734761 -0.013427926561322296 0.0018553097090631438 -0.01227541151498272 0.0067073280072224078 -0.029153605980051636 0.0015279504375848116 0.0024409111857761913 0.028473330314329894
leaf_weight=2123 65 81171 11468 1629 6285 5623 96949 258 771 3305 1989 8602 534 1282 63 9927 97 119 274 93 157 57 260 937 775 325 57 15306 10963 2210
leaf_count=2123 65 81171 11468 1629 6285 5623 96949 258 771 3305 1989 8602 534 1282 63 9927 97 119 274 93 157 57 260 937 775 325 57 15306 10963 2210
internal_value=9.5459e-05 0.000141264 -0.000478573 -0.000373931 0.000252365 -0.000523375 0.000284018 0.000212121 0.000516354 -0.000248284 -0.000962191 0.00080363 -0.00123061 -0.00223789 -0.00412898 0.000401271 -0.00108 -0.00303922 -0.00390093 -0.00765823 -0.00268443 -0.00551402 0.000128436 -0.00105984 -0.000578271 0.0010334 -0.00246753 0.000580354 0.000881276 0.00181514
internal_weight=263674 244189 19485 18720 163018 17091 156733 126131 27210 7431 4126 19779 3868 1879 597 11177 1250 765 646 158 488 214 98921 1972 1712 479 154 30602 15296 4333
internal_count=263674 244189 19485 18720 163018 17091 156733 126131 27210 7431 4126 19779 3868 1879 597 11177 1250 765 646 158 488 214 98921 1972 1712 479 154 30602 15296 4333
is_linear=0
shrinkage=0.05


Tree=81
num_leaves=31
num_cat=0
split_feature=18 21 21 0 28 29 24 3 9 28 12 27 6 14 24 6 5 0 24 24 17 16 19 29 29 13 27 5 24 17
split_gain=3.25032 1.47451 1.84357 2.17482 1.57636 1.54864 3.37757 1.4081 1.3419 1.58075 1.85183 1.54589 1.11227 1.67937 1.29107 1.54824 1.22284 1.1919 3.19175 3.88722 3.58561 2.15515 1.79393 1.70543 1.59994 1.3038 1.46919 1.51687 1.57321 1.61969
threshold=3.5573742432071334 38.500000000000007 48.000000000000007 4.6676560430519158 1.5000000000000002 -0.052392860855832203 4.5000000000000009 0.37731623907851758 0.74278328224799639 12.500000000000002 0.23802826117789441 40.500000000000007 0.19209988291272687 0.62478623098410135 17.500000000000004 1.9524119417911521 0.43652824427803755 4.9594602393769431 6.5000000000000009 9.5000000000000018 4.5000000000000009 7.1096240885869593 46.799364627600305 -0.47967793934772801 -2.1968687689319921 0.21786262007595331 26.500000000000004 1.4685354111282505 8.5000000000000018 5.5000000000000009
decision_type=2 2 2 2 2 2 2 2 2 2 2 2 2 2 2 2 2 2 2 2 2 2 2 2 2 2 2 2 2 2
left_child=-1 12 3 4 -3 -4 -7 -8 11 10 -10 -5 -2 -14 17 16 -16 18 23 20 22 25 -20 -15 -21 26 -22 28 29 -28
right_child=1 2 5 8 -6 6 7 -9 9 -11 -12 -13 13 14 15 -17 -18 -19 19 24 21 -23 -24 -25 -26 -27 27 -29 -30 -31
leaf_value=0.0014127667083381947 0.001871099205468111 -0.06031804128021663 0.0060215982137630658 -0.0019863993926096963 -0.0238455635935934 0.024603933017468119 -0.021087746389259546 -0.073802008956276408 -0.022217016941301723 -0.0042988973653448398 -0.0046977902330729701 -0.036886701782267647 -0.0020626706736616134 -0.0039985140354073653 -0.0027233322454991347 0.013773512489964876 0.0013936214628832075 0.000865571686842373 -0.089498535754771846 0.013155346001779528 -0.023112844227682949 -0.32065496012969152 -0.22395335260707247 0.0093773225011778497 -0.0038533066935319128 0.00035780445326783449 -0.31508734527656923 -0.014673519697799845 -0.30042301200105681 -0.012015197057281744
leaf_weight=91360 20793 90 1556 7424 1615 104 85 55 204 681 137 66 41190 3689 2065 3302 43293 20878 469 1301 779 103 1032 6602 12819 1991 50 103 55 81
leaf_count=91360 20793 90 1556 7424 1615 104 85 55 204 681 137 66 41190 3689 2065 3302 43293 20878 469 1301 779 103 1032 6602 12819 1991 50 103 55 81
internal_value=0.000103079 -2.45636e-05 -0.000558792 -0.000818733 -0.00244868 0.000916667 -0.00278688 -0.00785714 -0.000492246 -0.00219178 -0.00497067 -0.000260347 1.54116e-05 -3.53355e-05 7.66643e-05 0.000259967 0.000183871 -0.000101898 -0.000308867 -0.00069664 -0.00194832 -0.000993042 -0.00396069 0.000398892 -0.000283286 -0.000753514 -0.00216292 -0.00520761 -0.00790323 -0.00492366
internal_weight=263972 172612 12017 10217 1705 1800 244 140 8512 1022 341 7490 160595 139802 98612 48660 45358 49952 29074 18783 4663 3162 1501 10291 14120 3059 1068 289 186 131
internal_count=263972 172612 12017 10217 1705 1800 244 140 8512 1022 341 7490 160595 139802 98612 48660 45358 49952 29074 18783 4663 3162 1501 10291 14120 3059 1068 289 186 131
is_linear=0
shrinkage=0.05


Tree=82
num_leaves=31
num_cat=0
split_feature=0 26 24 7 21 24 24 4 9 18 21 0 23 0 0 23 24 0 3 23 1 23 1 1 0 1 5 5 2 1
split_gain=2.68644 2.11614 1.62648 1.93463 1.58793 1.50946 1.58977 1.50403 1.3562 1.39306 1.31721 1.1834 1.69337 1.40079 1.17133 1.29534 1.15077 1.37335 1.13622 2.45146 2.43323 1.85347 1.32213 1.22658 1.72806 1.71313 1.44653 1.19005 1.17685 1.13138
threshold=5.2538158083088478 1.0000000180025095e-35 21.500000000000004 0.45409054104808277 34.500000000000007 6.5000000000000009 1.5000000000000002 0.25048996713075433 0.66992722111826331 41.280443992448596 59.500000000000007 5.1089575002527212 5.5000000000000009 4.5790689627974688 5.5073124013830048 1.0000000180025095e-35 7.5000000000000009 5.5436514665010481 0.15213201316019795 5.5000000000000009 125.00000000000001 4.5000000000000009 181.00000000000003 193.00000000000003 5.6273578383842873 153.00000000000003 0.66249135497708289 0.60815907576025086 0.072479206191765164 281.00000000000006
decision_type=2 2 2 2 2 2 2 2 2 2 2 2 2 2 2 2 2 2 2 2 2 2 2 2 2 2 2 2 2 2
left_child=1 2 -1 -4 8 6 7 -2 9 -5 11 12 -6 -14 -8 -16 17 -7 19 21 -21 23 -22 25 -25 26 -17 -20 -29 -18
right_child=5 -3 3 4 10 16 14 -9 -10 -11 -12 -13 13 -15 15 18 29 -19 27 20 22 -23 -24 24 -26 -27 -28 28 -30 -31
leaf_value=-0.00038876451392845979 -0.00080803754067714341 -0.0023383542494834204 -0.0011091743050198792 0.0037317911563897509 -0.003373081591889128 0.0034256484888791025 0.0015054788125218157 0.009126044798634516 -0.0095488170316979926 -0.0030905839266083942 0.012573839719889075 0.0033300408778300788 0.02561107228331308 -0.016959996572388277 0.0047282470163674314 -0.036061377867105386 0.0014222075388946574 0.011369590896851382 -0.0077490302479233664 -0.061832200680116314 0.006789515518798122 0.016517345721509476 -0.02461652176378697 -0.059600920127718407 -0.019483569510795603 0.0090901779128338672 -0.026205649682644563 -0.019907821836358627 0.0068351670280615206 0.003962280054586184
leaf_weight=111195 1623 13334 12169 34892 6950 1261 4163 1565 737 4511 361 1114 59 912 1196 86 58382 1004 2980 60 78 271 59 86 110 237 585 193 1154 2446
leaf_count=111195 1623 13334 12169 34892 6950 1261 4163 1565 737 4511 361 1114 59 912 1196 86 58382 1004 2980 60 78 271 59 86 110 237 585 193 1154 2446
internal_value=0.000118909 1.59479e-05 6.27532e-05 0.000268617 0.000407381 0.000366203 -9.48358e-05 0.000890841 0.000544345 0.000584093 -0.000177735 -0.000296071 -0.000510668 -0.00246653 -0.000373956 -0.000764623 0.000471764 0.00157837 -0.00106883 -0.0022201 -0.00743655 -0.00147273 -0.00375912 -0.00238225 -0.00596939 -0.00160793 -0.00289866 -0.000650566 0.000582777 0.000430558
internal_weight=263773 186234 172900 61705 49536 77539 14446 3188 40140 39403 9396 9035 7921 971 11258 7095 63093 2265 5899 1572 197 1375 137 1104 196 908 671 4327 1347 60828
internal_count=263773 186234 172900 61705 49536 77539 14446 3188 40140 39403 9396 9035 7921 971 11258 7095 63093 2265 5899 1572 197 1375 137 1104 196 908 671 4327 1347 60828
is_linear=0
shrinkage=0.05


Tree=83
num_leaves=31
num_cat=0
split_feature=26 4 23 0 17 0 1 7 27 17 29 24 21 19 14 29 0 4 18 0 2 18 4 27 1 0 2 0 0 23
split_gain=2.86579 2.33573 1.84212 1.85187 1.41504 1.95412 1.71338 2.26784 2.10087 1.59371 3.39335 2.52254 1.56423 1.43038 1.42363 1.59133 1.43199 4.71549 1.54672 1.39431 1.49044 1.38454 1.36101 1.35558 1.34994 1.28156 1.9298 2.70454 1.85677 1.73559
threshold=1.0000000180025095e-35 0.19106950438603915 1.5000000000000002 5.5226691910697721 8.5000000000000018 4.7324720776733296 145.00000000000003 0.17446664763110023 40.500000000000007 4.5000000000000009 -2.0687998472287839 23.500000000000004 36.500000000000007 37.371400064480738 3.589194394537532 -3.6915046855524722 4.9244151253434794 -0.45009688409743603 0.0070113683993069213 4.6344336593550848 -2.4789605954257139 1.6749658239256511 -0.063891469937511811 12.500000000000002 153.00000000000003 5.4965753906779726 0.30538540334262315 5.5851811870328882 5.2566513836737103 1.5000000000000002
decision_type=2 2 2 2 2 2 2 2 2 2 2 2 2 2 2 2 2 2 2 2 2 2 2 2 2 2 2 2 2 2
left_child=1 4 -3 -4 5 6 7 -1 9 11 -11 -8 -12 -6 16 -16 17 -7 23 -14 -21 -18 -20 -19 -2 28 27 29 -23 -27
right_child=24 2 3 -5 13 14 8 -9 -10 10 12 -13 19 -15 15 -17 21 18 22 20 -22 25 -24 -25 -26 26 -28 -29 -30 -31
leaf_value=-0.16080312604969438 -8.023609249503173e-05 -0.00015687981566408463 0.0008281052446294946 0.0032817921606492651 0.0066077038850787572 0.0020408372692794514 -0.004272124448197163 0.011758329977258494 -0.072209347139731692 0.013483837848377582 -0.0061380202134278111 0.014127918203576485 -0.032838330071418724 0.00097822818284806702 -0.13190715039536896 0.0062421769455768324 0.0024827707098538047 -0.024064744494242635 -0.0074164483327971518 -0.036294499126869932 -0.011307283617702538 0.00020144207745985507 -0.021385306249466079 -0.03823221424723941 -0.0029371087226438869 0.0002092871627069816 0.0041543558044815207 -0.0019712256550140478 0.0025325359751994323 -0.027469490423673821
leaf_weight=54 9484 10305 11488 16573 7586 19684 7990 1860 57 2669 19901 3638 1295 8416 228 15364 15931 57 7732 78 3337 64679 509 66 10004 417 2979 6758 13733 1033
leaf_count=54 9484 10305 11488 16573 7586 19684 7990 1860 57 2669 19901 3638 1295 8416 228 15364 15931 57 7732 78 3337 64679 509 66 10004 417 2979 6758 13733 1033
internal_value=0.000116046 0.000162571 0.000520774 0.00073073 9.58745e-05 5.78537e-05 -0.000248416 0.00121212 -0.000320159 -0.000306107 -0.000515029 0.000184039 -0.000698671 0.000547432 0.000141785 0.000593894 8.90118e-05 -0.000228537 -0.0012231 -0.00151805 -0.000988287 0.000173411 -0.00114003 -0.00678862 -0.000467467 9.70437e-05 -0.000403593 -0.00079922 0.000168469 -0.00275862
internal_weight=263905 244417 38366 28061 206051 190049 40879 1914 38965 38908 27280 11628 24611 16002 149170 15592 133578 28048 8364 4710 3415 105530 8241 123 19488 89599 11187 8208 78412 1450
internal_count=263905 244417 38366 28061 206051 190049 40879 1914 38965 38908 27280 11628 24611 16002 149170 15592 133578 28048 8364 4710 3415 105530 8241 123 19488 89599 11187 8208 78412 1450
is_linear=0
shrinkage=0.05


Tree=84
num_leaves=31
num_cat=0
split_feature=0 1 5 17 0 20 1 19 14 22 16 21 17 29 6 27 19 27 21 29 5 27 29 8 22 16 1 16 0 4
split_gain=2.08151 1.54301 1.56209 1.34674 1.70549 1.96884 1.67472 1.54984 1.45922 1.71565 1.57891 1.33804 1.60203 1.40424 1.29649 1.28779 1.29759 1.24253 1.20727 1.64774 1.1703 1.12833 1.10237 1.0737 1.94317 1.42543 1.38822 1.0477 1.04069 2.40934
threshold=5.225096175259913 109.00000000000001 0.74013595427780354 8.5000000000000018 4.6098625740792736 0.082548966799131623 249.00000000000003 0.079460925144518246 4.7154153011772566 21.500000000000004 8.425911474463307 27.500000000000004 4.5000000000000009 -0.79697630201178449 0.51499590658281169 8.5000000000000018 45.276785475397041 40.500000000000007 40.500000000000007 -1.2877420863276781 4.6376225286061077 35.500000000000007 -0.38423582872657108 0.77663996402894375 3.5000000000000004 0.944541940297694 129.00000000000003 0.040011629287108337 4.9296208115160445 -0.47394046729271372
decision_type=2 2 2 2 2 2 2 2 2 2 2 2 2 2 2 2 2 2 2 2 2 2 2 2 2 2 2 2 2 2
left_child=3 2 -2 4 5 6 7 -1 17 -10 -11 -8 -13 -14 -4 -5 20 28 -9 -20 -17 -7 -3 -24 25 26 -25 -18 29 -6
right_child=1 22 14 15 8 21 11 18 9 10 -12 12 13 -15 -16 16 27 -19 19 -21 -22 -23 23 24 -26 -27 -28 -29 -30 -31
leaf_value=-0.034806685650283539 -0.0024996343786202885 0.0048028276693815276 0.0057492373311334236 -0.0023964077987537464 -0.00059875315077121544 0.010708984294429846 -0.07468639841102219 -0.018617998078733444 0.0074592965660173734 -0.0017482162025208249 -0.063088837786928961 0.03057154711170388 -0.033396678250203531 0.0079248143077418048 -0.001914912417388644 0.006645069517089504 -0.029361077706525091 -0.027638312749373596 0.11271951934287668 -0.07907066174466465 -0.022714055528863564 -0.041005174418963924 0.0013705373953807503 -0.028617999766774656 0.0006295722633276609 0.0014965307494403659 -0.012214735519222933 0.0010497025333421619 0.00033839511260960932 -0.0061137240974740888
leaf_weight=92 8800 4314 2006 3325 47433 1656 61 4602 13241 6168 265 779 697 799 1411 7705 93 111 63 118 299 198 72290 54 10052 451 908 5378 57263 13018
leaf_count=92 8800 4314 2006 3325 47433 1656 61 4602 13241 6168 265 779 697 799 1411 7705 93 111 63 118 299 198 72290 54 10052 451 908 5378 57263 13018
internal_value=0.000108667 0.000287977 -0.000238602 -1.40771e-06 -5.00121e-05 -0.000714286 -0.00108792 -0.00161538 -6.21804e-06 0.000392396 -0.000277475 1.28427e-05 0.000208791 -0.000748663 0.000668715 0.000422619 0.000640074 -7.27772e-05 -0.00149174 -0.00549724 0.00104573 0.000738943 0.000361024 0.000320877 -0.000128652 -0.00186483 -0.00295218 4.66096e-05 -6.77912e-05 -0.000212486
internal_weight=263650 100286 12217 163364 146564 9065 7211 4875 137499 19674 6433 2336 2275 1496 3417 16800 13475 117825 4783 181 8004 1854 88069 83755 11465 1413 962 5471 117714 60451
internal_count=263650 100286 12217 163364 146564 9065 7211 4875 137499 19674 6433 2336 2275 1496 3417 16800 13475 117825 4783 181 8004 1854 88069 83755 11465 1413 962 5471 117714 60451
is_linear=0
shrinkage=0.05


Tree=85
num_leaves=31
num_cat=0
split_feature=3 19 22 5 3 22 6 27 6 9 5 23 6 29 6 0 0 23 5 4 4 0 0 15 13 19 23 14 19 13
split_gain=2.21151 1.85082 4.04588 2.13088 1.76951 1.65052 2.33218 1.82289 1.57034 1.53083 1.52889 1.51997 1.44005 1.426 1.61056 1.31616 1.84185 1.27187 1.49892 1.3702 1.26291 1.25252 1.25011 1.2372 1.47425 1.22611 1.20057 1.85191 1.50135 1.58895
threshold=0.17960801658511008 8.26365763342916 3.5000000000000004 0.67389051312371828 0.45280236710279859 7.5000000000000009 0.099586668812152904 26.500000000000004 1.5395601336132285 0.48630163611758254 0.74013595427780354 1.5000000000000002 0.022843246169900296 -0.17608147380662598 1.2882517431559577 4.5724882964329003 4.3895594239587075 1.5000000000000002 0.62832612114087827 0.2988773374608194 -0.18285179575064528 5.5685526499959241 4.5649191543146843 3.5000000000000004 0.32771525087373349 59.99486014821899 5.5000000000000009 0.92698259465254484 9.037759751253434 1.2876091881539071
decision_type=2 2 2 2 2 2 2 2 2 2 2 2 2 2 2 2 2 2 2 2 2 2 2 2 2 2 2 2 2 2
left_child=1 2 3 -1 12 6 20 8 22 -4 -11 -6 -2 -14 17 16 -10 18 -15 -19 -3 -21 -8 -7 -25 -9 -24 28 -28 -30
right_child=4 5 9 -5 11 23 7 25 15 10 -12 -13 13 14 -16 -17 -18 19 -20 21 -22 -23 26 24 -26 -27 27 -29 29 -31
leaf_value=0.0020319200172894394 -0.022161481747422815 0.028251442237788443 -0.00060059170691611596 0.016763473017432178 -0.0063933190619882606 0.0011266477339437557 0.0033405574742791989 -0.0097189375345191828 0.04992527171642628 0.00076164880706909533 0.0068978380280095928 0.00031523091508495519 0.0041611725352188643 -0.0016520853509124616 -0.051928944078450723 0.0098438001385880176 -0.054155598805209496 0.00080323471738403336 0.0031010163920859321 0.0019214827240353058 -0.0033024031217685893 0.0046532187402909776 -0.0022311094030030461 0.00023988617710202117 -0.0037581302892950815 -0.028683757801145078 0.011093244342682555 -0.0018084764362029538 -0.013982138360051334 -0.044781870665184957
leaf_weight=2563 50 1075 20621 1892 1999 62431 3162 3085 82 12640 3437 5266 8552 7931 94 3274 203 12369 3615 15189 612 1737 26457 42612 18241 1012 98 2198 1549 64
leaf_count=2563 50 1075 20621 1892 1999 62431 3162 3085 82 12640 3437 5266 8552 7931 94 3274 203 12369 3615 15189 612 1737 26457 42612 18241 1012 98 2198 1549 64
internal_value=9.78761e-05 2.21412e-05 0.000322334 0.00174523 0.000374283 -5.22101e-05 -0.000319447 -0.000394085 -0.000283522 0.0001496 0.000515333 -0.000354439 0.000481156 0.000489725 0.000367045 0.000715089 -0.00254386 0.000382092 -6.23591e-05 0.000557263 0.00150267 0.000849581 -0.000389525 4.07192e-05 -0.000119715 -0.00139492 -0.000488046 -0.00130596 -0.00253945 -0.00290453
internal_weight=264110 207308 41153 4455 56802 166155 42871 41184 37087 36698 16077 7265 49537 49487 40935 3559 285 40841 11546 29295 1687 16926 33528 123284 60853 4097 30366 3909 1711 1613
internal_count=264110 207308 41153 4455 56802 166155 42871 41184 37087 36698 16077 7265 49537 49487 40935 3559 285 40841 11546 29295 1687 16926 33528 123284 60853 4097 30366 3909 1711 1613
is_linear=0
shrinkage=0.05


Tree=86
num_leaves=31
num_cat=0
split_feature=18 22 27 27 18 4 4 22 15 22 6 16 29 23 0 18 18 1 16 3 22 29 15 12 11 26 1 27 13 27
split_gain=2.38485 1.94668 3.05309 2.79574 3.02407 2.22444 1.47778 1.47287 2.84067 2.51519 1.70355 1.79839 1.48943 1.34053 1.11458 1.09822 1.07849 1.21627 1.06618 1.06377 1.04682 1.34063 1.02192 1.53502 1.57195 1.30659 1.17673 1.68812 1.1364 1.30433
threshold=4.0296970121165101 17.500000000000004 15.500000000000002 29.500000000000004 2.413183686715783 -0.34407718751228883 0.045414351683201036 3.5000000000000004 1.5000000000000002 1.5000000000000002 0.089147974015846856 0.18929938210786157 0.17541648597320103 5.5000000000000009 5.2566513836737103 14.885862422225669 3.3690800644701731 121.00000000000001 1.4751393079418531 0.42087894890972782 8.5000000000000018 -0.56603449248727311 2.5000000000000004 0.13397792951014334 0.62998908618352434 1.0000000180025095e-35 237.00000000000003 32.500000000000007 0.29887003439901122 35.500000000000007
decision_type=2 2 2 2 2 2 2 2 2 2 2 2 2 2 2 2 2 2 2 2 2 2 2 2 2 2 2 2 2 2
left_child=1 2 6 4 -4 -3 -1 8 9 19 12 -12 -10 16 22 -13 -6 -18 -8 -2 -16 -22 -9 26 25 28 -24 -28 29 -25
right_child=7 5 3 -5 13 -7 18 14 10 -11 11 15 -14 -15 20 -17 17 -19 -20 -21 21 -23 23 24 -26 -27 27 -29 -30 -31
leaf_value=0.00012617565674791749 -0.017315786299436486 -0.0094532047617217618 0.029827929369923557 0.0057804286598137598 0.022458632865892229 0.00055619986198124317 0.0016558096230371575 0.00095475770691466123 0.027241228862494589 -0.0037715175889371242 -0.0075358333273231326 0.0033843985504327639 -0.044871386850138723 -0.020369246063507439 -0.0021963046460029547 -0.003872651506671051 -0.026696035221870935 0.014188397563223421 0.0054090390333065008 -0.021641488080507549 0.014202622940946839 0.0025087870102221506 0.00021796988696851598 -0.00031326519582014836 0.0037249953047295346 -0.0072844186183786607 0.0093812715818498513 -0.059022685725025892 -0.0052539893860482825 -0.011478304767448247
leaf_weight=21567 1680 3965 1646 2226 353 43513 27760 48960 621 3360 2858 4386 112 76 2909 6023 94 124 1327 58 235 12426 23403 23126 6803 2872 3349 68 17102 489
leaf_count=21567 1680 3965 1646 2226 353 43513 27760 48960 621 3360 2858 4386 112 76 2909 6023 94 124 1327 58 235 12426 23403 23126 6803 2872 3349 68 17102 489
internal_value=8.9396e-05 0.000277689 0.000479673 0.00172494 0.00295028 4.29675e-05 0.000368579 -3.07757e-05 -0.000442978 -0.00145351 -7.49998e-05 -0.000204643 0.00227149 5.4096e-05 2.47635e-05 0.000100394 0.000884413 -0.00188073 0.000601128 -0.0029977 0.000423892 0.000620409 -2.44902e-05 -0.000137802 -0.000300444 -0.000410769 0.000167785 0.00103453 -0.000338065 -0.000113275
internal_weight=263491 102651 55173 4519 2293 47478 50654 160840 19098 5098 14000 13267 733 647 141742 10409 571 218 29087 1738 15570 12661 126172 77212 50392 43589 26820 3417 40717 23615
internal_count=263491 102651 55173 4519 2293 47478 50654 160840 19098 5098 14000 13267 733 647 141742 10409 571 218 29087 1738 15570 12661 126172 77212 50392 43589 26820 3417 40717 23615
is_linear=0
shrinkage=0.05


Tree=87
num_leaves=31
num_cat=0
split_feature=26 28 29 1 10 18 6 29 29 3 1 0 21 20 29 7 23 0 16 29 3 14 0 0 3 2 20 3 27 18
split_gain=2.1008 1.92316 2.29759 2.24613 2.2781 1.98523 2.00231 1.56317 1.72504 1.5069 1.35718 1.18049 1.16585 1.33289 1.5716 1.22229 1.20691 1.13973 1.1343 2.17406 1.11061 1.42855 1.25881 1.08478 1.06172 1.89794 1.72509 3.71819 1.23498 1.05956
threshold=1.0000000180025095e-35 11.500000000000002 0.49506689351185157 245.00000000000003 0.11666666666666668 1.5541539343339412 0.099586668812152904 5.8911258848236683 4.8373071902499918 -1.2042939719806671 153.00000000000003 4.6245658589774434 35.500000000000007 0.074299975068874244 -1.8577800261288111 0.76134196649763342 5.5000000000000009 4.735226183131064 1.3712834172561443 -0.088663157652350291 -0.83156347401027042 2.1537727439111545 4.5790689627974688 5.0258752632043366 -0.47459315961382559 -0.74097464325254292 0.84247624802388754 -0.69146891765641738 2.5000000000000004 4.1620889701818866
decision_type=2 2 2 2 2 2 2 2 2 2 2 2 2 2 2 2 2 2 2 2 2 2 2 2 2 2 2 2 2 2
left_child=1 2 5 4 -4 -1 -7 8 12 -9 -2 20 23 14 -14 -15 17 -16 -8 29 21 -12 -22 -3 25 -11 28 -28 -27 -20
right_child=10 7 3 -5 -6 6 18 9 -10 24 11 -13 13 15 16 -17 -18 -19 19 -21 22 -23 -24 -25 -26 26 27 -29 -30 -31
leaf_value=0.003023553423415478 3.9888231733311808e-05 -0.00031594564249350917 0.0014605348225027103 0.0042649955437915315 -0.0055714825829224638 0.0055405572408603497 0.00051491630300319537 0.045596810610734867 0.015967811365211467 -0.0082646219285090559 0.01604913937927956 -0.0024241304707297369 0.013547451798530835 -0.002172904603346194 -0.019459372854060412 0.0090068963432133522 -0.028712130473132771 -0.0010971864379707298 0.0076023372666210775 0.0057275300637827957 -0.0095469703832250976 -0.056747900907757713 -0.061984453974534538 0.0026446126350196074 0.00069601895452099563 0.023239877979267392 -0.14300424963715416 -0.023591539858811759 -0.043485856668423722 0.0020803984748310606
leaf_weight=16041 9641 53511 4137 2309 10124 4045 103121 166 1008 516 129 9457 947 9049 3338 993 849 2428 1327 4294 67 211 109 7694 340 85 51 88 341 17630
leaf_count=16041 9641 53511 4137 2309 10124 4045 103121 166 1008 516 129 9457 947 9049 3338 993 849 2428 1327 4294 67 211 109 7694 340 85 51 88 341 17630
internal_value=9.61198e-05 0.000136071 0.000235175 -0.000322872 -0.000557114 0.000298311 0.00023375 -6.24046e-05 -3.15094e-05 -0.00161626 -0.000401754 -0.000810689 -5.77978e-05 -0.000416382 -0.000917746 -3.88367e-05 -0.00119048 -0.000931321 0.000198699 0.000514172 -0.00313953 -0.00147059 -0.00636364 4.53396e-05 -0.00214286 -0.00290934 -0.0049115 -0.0097482 -0.00333333 0.000284064
internal_weight=264046 244432 163028 16570 14261 146458 130417 81404 79817 1587 19614 9973 78809 17604 7562 10042 6615 5766 126372 23251 516 340 176 61205 1421 1081 565 139 426 18957
internal_count=264046 244432 163028 16570 14261 146458 130417 81404 79817 1587 19614 9973 78809 17604 7562 10042 6615 5766 126372 23251 516 340 176 61205 1421 1081 565 139 426 18957
is_linear=0
shrinkage=0.05


Tree=88
num_leaves=31
num_cat=0
split_feature=4 17 23 6 26 2 29 20 29 21 19 22 29 24 24 21 23 4 6 23 28 24 21 1 20 19 5 28 22 4
split_gain=2.07461 2.06107 1.9689 1.5982 1.30985 1.307 1.7128 1.58398 1.17529 1.07767 1.74629 3.89321 1.44459 1.91094 2.28812 1.74761 2.67907 2.90196 1.62638 1.54669 1.41835 1.35815 1.5649 1.32352 1.50831 1.29587 1.1531 1.10334 1.09559 1.1394
threshold=0.15667436118434777 9.5000000000000018 1.5000000000000002 0.89093428026623356 1.0000000180025095e-35 0.40002271503807874 -0.12669776607834848 0.21455355943772034 -0.1447414298498155 34.500000000000007 4.1037525592591368 7.5000000000000009 0.33712623919258983 6.5000000000000009 9.5000000000000018 29.500000000000004 1.0000000180025095e-35 -0.17182479100248296 0.20311600295204271 5.5000000000000009 21.500000000000004 4.5000000000000009 2.5000000000000004 213.00000000000003 1.2782096704950086 59.187244281006727 1.8709337091417737 2.5000000000000004 31.500000000000004 -0.074259299310960661
decision_type=2 2 2 2 2 2 2 2 2 2 2 2 2 2 2 2 2 2 2 2 2 2 2 2 2 2 2 2 2 2
left_child=1 4 5 -4 9 7 -7 -2 -5 10 11 20 -12 21 15 -15 17 25 19 -18 27 23 -23 -14 -25 -17 -13 -1 29 -16
right_child=2 -3 3 8 -6 6 -8 -9 -10 -11 12 26 13 14 28 16 18 -19 -20 -21 -22 22 -24 24 -26 -27 -28 -29 -30 -31
leaf_value=0.005419416480937498 0.0015401395177818311 0.0039421902159828045 0.0020520536273781627 0.011978864211934526 -0.0016941604791712813 0.0054120582253144207 -0.0054330154545971223 -0.015288827110001095 -0.078176080449125385 -0.002186053796095923 0.00046134681936040077 -0.00057486593349242337 0.00014967125861044196 -0.0052598139777168106 0.0063134859188650463 0.04261929799006884 -0.1594033176640933 -0.14876379162452358 -0.07325785388998228 -0.12417841578288764 -0.0012938308085361176 -0.016692523796619192 0.014545703061690597 -0.0064045747054306172 -0.039563372522824658 -0.2870017004626933 0.009427294282888049 0.026328811780414532 0.0054460924944786677 -0.0033164708048303072
leaf_weight=1545 7169 14174 32352 69 15772 669 4621 227 128 28880 133716 7117 1678 1415 1358 50 255 93 1144 67 493 440 1995 402 54 77 1141 622 675 5178
leaf_count=1545 7169 14174 32352 69 15772 669 4621 227 128 28880 133716 7117 1678 1415 1358 50 255 93 1144 67 493 440 1995 402 54 77 1141 622 675 5178
internal_value=9.24972e-05 2.8648e-05 0.000400685 0.000606624 -1.18284e-05 -0.0001277 -0.000727788 0.000301515 -0.00388325 2.48151e-05 7.56984e-05 0.000686023 3.08555e-05 -0.000436462 -0.000813615 -0.00194937 -0.00303677 -0.00818182 -0.00226467 -0.00540373 0.00234962 0.000414752 0.00122177 -0.000506092 -0.00289474 -0.00326772 0.000150158 0.00290032 -0.000325197 -0.000523256
internal_weight=263576 218341 45235 32549 204167 12686 5290 7396 197 188395 159515 10918 148597 14881 10312 3101 1686 220 1466 322 2660 4569 2435 2134 456 127 8258 2167 7211 6536
internal_count=263576 218341 45235 32549 204167 12686 5290 7396 197 188395 159515 10918 148597 14881 10312 3101 1686 220 1466 322 2660 4569 2435 2134 456 127 8258 2167 7211 6536
is_linear=0
shrinkage=0.05


Tree=89
num_leaves=31
num_cat=0
split_feature=18 22 18 26 1 22 11 12 13 22 27 27 2 27 18 8 15 22 5 5 7 15 13 15 7 11 18 28 7 1
split_gain=2.139 4.37757 3.86327 1.99841 2.20164 1.73691 1.85469 1.90534 1.71902 1.51586 1.93654 4.47735 1.73616 1.36516 1.35755 1.29081 1.23467 2.28495 1.78888 1.22257 1.18267 1.17482 1.13696 1.11245 1.69227 1.08714 1.07429 1.77636 1.17737 1.23343
threshold=2.5424781510892029 2.5000000000000004 1.9737436258820862 1.0000000180025095e-35 161.00000000000003 3.5000000000000004 0.044462934737891265 0.16324849213656631 0.49646325844587275 17.500000000000004 15.500000000000002 29.500000000000004 0.29972351830684824 19.500000000000004 72.055489930407177 0.98445320424864191 2.5000000000000004 1.5000000000000002 0.53674640719026689 0.73033347616674782 0.27915374696239587 10.500000000000002 0.11084762384796588 1.5000000000000002 0.49027846881876791 0.20881394142732865 23.630710723644555 19.500000000000004 0.87497562840561416 201.00000000000003
decision_type=2 2 2 2 2 2 2 2 2 2 2 2 2 2 2 2 2 2 2 2 2 2 2 2 2 2 2 2 2 2
left_child=1 2 -1 5 -5 6 7 -2 16 10 -3 -12 -11 14 -10 21 17 18 -8 23 22 -7 25 24 -4 -18 27 -6 -28 -30
right_child=3 9 19 4 26 15 8 -9 13 12 11 -13 -14 -15 -16 -17 20 -19 -20 -21 -22 -23 -24 -25 -26 -27 28 -29 29 -31
leaf_value=0.0092631260377754217 0.011827443753963683 0.0011455246152909293 -0.0052578739172550511 -0.00012072995064032142 -0.0038333752930803031 0.00064585526947104387 0.00031954772727978267 -0.004208702131041314 0.0034969269418486377 -0.0010058748789177798 0.030808321692464526 -0.0028565767565398026 0.0026475346958372251 -0.0097603945574670087 -0.051633333857505327 0.0042046255591598903 -0.010515671441568876 -0.003459928084554028 -0.0201255062913194 0.0074593786485524591 -0.0027215481850613051 -0.0018807502288099389 -0.0058298846128236577 0.00014468989472227913 -0.015140478656154605 -0.035323582846764706 0.0059662502983138903 -0.034279494885924001 0.0018268187444706212 -0.020474052426390499
leaf_weight=2985 1392 25085 335 8101 4014 138331 366 1518 4352 23770 1234 1398 4293 1212 84 3780 261 2967 1170 323 8846 24094 432 643 97 52 973 570 528 370
leaf_count=2985 1392 25085 335 8101 4014 138331 366 1518 4352 23770 1234 1398 4293 1212 84 3780 261 2967 1170 323 8846 24094 432 643 97 52 973 570 528 370
internal_value=5.66442e-05 0.000318551 0.00184006 -2.08195e-05 -0.000585325 2.26893e-05 -0.000388045 0.000790378 -0.000561746 0.000198996 0.000461269 0.00175152 -6.00433e-05 0.000175283 0.000581605 7.86681e-05 -0.000857102 -0.00154008 -0.00310547 -0.000329041 -0.00053644 5.74113e-05 -0.00244966 -0.00113953 -0.00310185 -0.00474441 -0.00127421 -0.0016863 -0.000264564 -0.00157016
internal_weight=263576 60163 4383 203413 14556 188857 22652 2910 19742 55780 27717 2632 28063 5648 4436 166205 14094 4503 1536 1398 9591 162425 745 1075 432 313 6455 4584 1871 898
internal_count=263576 60163 4383 203413 14556 188857 22652 2910 19742 55780 27717 2632 28063 5648 4436 166205 14094 4503 1536 1398 9591 162425 745 1075 432 313 6455 4584 1871 898
is_linear=0
shrinkage=0.05


Tree=90
num_leaves=31
num_cat=0
split_feature=4 18 22 13 13 22 11 0 12 7 0 24 17 22 3 16 29 24 19 12 14 24 24 7 12 16 11 29 7 22
split_gain=1.92184 1.37095 5.61908 1.22878 1.35368 1.50404 2.68063 2.50723 1.46045 1.22767 1.14422 1.50348 1.29073 1.55377 1.04258 1.28442 1.4553 2.10701 0.983844 1.0113 0.97552 1.59446 1.24563 1.43438 1.33662 1.16873 1.1704 1.06777 1.96032 1.70668
threshold=0.055454571609730628 1.6749658239256511 3.5000000000000004 0.94771424430146667 0.25461994672299632 3.5000000000000004 0.088008169148439314 5.2086614638248561 0.14004934705964592 0.30867529335941118 4.8022471230451886 18.500000000000004 8.5000000000000018 11.500000000000002 0.52565656592785703 0.043557095429969162 -0.079601987813108552 17.500000000000004 0.38025422428337641 0.11455976653037574 1.5876659537745892 19.500000000000004 25.500000000000004 0.4674526094974199 0.23802826117789441 1.6132327290763548 0.25958238676722406 -0.67210302198578964 0.33023675348286791 17.500000000000004
decision_type=2 2 2 2 2 2 2 2 2 2 2 2 2 2 2 2 2 2 2 2 2 2 2 2 2 2 2 2 2 2
left_child=1 2 -1 4 5 6 7 8 -3 -8 11 -4 13 -13 20 16 -16 -18 19 -15 22 -22 25 27 -25 -2 -27 28 29 -24
right_child=14 3 10 -5 -6 -7 9 -9 -10 -11 -12 12 -14 18 15 -17 17 -19 -20 -21 21 -23 23 24 -26 26 -28 -29 -30 -31
leaf_value=0.011837760660731051 0.0014839374623838778 0.02523406088833003 -0.016155015751976112 0.0020351181526611327 -0.001458702562593327 0.00081053997156007446 -0.014032783839698491 -0.018865556001750522 -0.001525914592575475 -0.0066714094745613716 0.0013415953689135305 0.028473743144831504 0.017027318794069244 -0.019254708676634879 0.0074057950092152811 -0.0020400181851400446 0.0012544147811503559 -0.044391877399931556 0.00045908631596741525 -0.0499764799417435 0.00093578905233315855 0.0035847126345673894 -0.026796665655835595 -0.01045095840220641 -0.00033164848917572958 -0.026507351465300595 -0.004545392922075394 0.00049896623663218975 0.014592400983104204 -0.0038970942145328232
leaf_weight=2132 50890 1117 1908 31972 55235 67220 88 160 765 6465 15367 508 275 393 87 1244 50 77 489 75 7074 5451 51 1183 1476 51 222 11766 69 57
leaf_count=2132 50890 1117 1908 31972 55235 67220 88 160 765 6465 15367 508 275 393 87 1244 50 77 489 75 7074 5451 51 1183 1476 51 222 11766 69 57
internal_value=0.000118352 2.95654e-05 0.000408332 -1.95677e-05 -8.7371e-05 4.97924e-05 -0.000573007 0.00100882 0.00151966 -0.00106592 0.00013542 -0.000660636 0.000402299 -0.000187713 0.000323394 -0.00100137 -0.00457944 -0.00799213 -0.00137409 -0.00301282 0.000348065 0.000752495 0.000271041 -0.000136283 -0.00118654 0.000387292 -0.00287546 9.75469e-05 -0.00375706 -0.00796296
internal_weight=263917 184169 21147 163022 131050 75815 8595 2042 1882 6553 19015 3648 1740 1465 79748 1458 214 127 957 468 78290 12525 65765 14602 2659 51163 273 11943 177 108
internal_count=263917 184169 21147 163022 131050 75815 8595 2042 1882 6553 19015 3648 1740 1465 79748 1458 214 127 957 468 78290 12525 65765 14602 2659 51163 273 11943 177 108
is_linear=0
shrinkage=0.05


Tree=91
num_leaves=31
num_cat=0
split_feature=26 28 15 18 22 27 27 17 27 6 27 29 22 18 18 1 2 7 3 5 24 4 5 2 27 9 21 29 24 20
split_gain=2.17054 1.63973 1.50905 1.56797 2.70319 1.38543 1.41229 1.37081 1.67618 1.37204 1.23479 1.17629 1.10659 3.96443 2.50893 1.62378 1.23369 1.71823 1.67461 1.41653 1.06327 1.50536 1.03165 1.3982 0.998286 1.51573 1.28325 1.20737 2.99686 2.79643
threshold=1.0000000180025095e-35 11.500000000000002 14.500000000000002 1.0040241493716906 18.500000000000004 29.500000000000004 17.500000000000004 7.5000000000000009 40.500000000000007 0.077457843849513305 25.500000000000004 0.49506689351185157 7.5000000000000009 15.13058039051147 2.3149562046977601 185.00000000000003 0.53853972921116455 0.31158579129332864 0.41534953691076298 0.59358918735479393 14.500000000000002 -0.4931170701548131 0.75018944508697005 0.18012015220412725 36.500000000000007 0.83246054453473639 48.000000000000007 -0.063050411244714041 4.5000000000000009 0.71412733633231518
decision_type=2 2 2 2 2 2 2 2 2 2 2 2 2 2 2 2 2 2 2 2 2 2 2 2 2 2 2 2 2 2
left_child=1 2 3 4 5 6 -1 8 9 -5 11 -9 13 14 -11 16 19 18 -18 -16 21 -6 -14 -24 26 -26 -3 -28 -29 -30
right_child=-2 24 -4 7 20 -7 -8 10 -10 12 -12 -13 22 -15 15 -17 17 -19 -20 -21 -22 -23 23 -25 25 -27 27 28 29 -31
leaf_value=0.005074967985738834 -0.0014129297863092467 -0.0005537711027200678 -0.0029315891355176011 0.0069325205706721729 -0.058064578876076668 0.0094772218956533771 0.024950781782661208 0.0079917563235305782 -0.033961177212217523 0.0027020944497224129 0.0019229586890562773 -0.013520220545683949 0.00057524249384595329 -0.012475211508650573 0.00055544413727599069 0.00086098275843517658 -0.019808724851875129 0.0061562465619749897 -0.0088821370619296715 -0.0060808421200240458 0.0030075652666881375 -0.0047513815297632782 0.0031463202726840648 0.0073985983770339762 -0.018028319805199342 -0.067976604320466524 0.0067753525425265195 0.024042232584738643 0.00071801133029764238 -0.076383742603585145
leaf_weight=1037 19486 79358 9089 1780 172 958 761 3410 109 8321 3106 222 72176 3756 3909 13742 163 190 177 4515 962 729 30031 3539 295 70 1183 108 60 56
leaf_count=1037 19486 79358 9089 1780 172 958 761 3410 109 8321 3106 222 72176 3756 3909 13742 163 190 177 4515 962 729 30031 3539 295 70 1183 108 60 56
internal_value=8.08443e-05 0.000121402 0.00021289 0.000249894 0.00115718 0.00215167 0.00296997 0.000221796 0.000188824 0.000193571 0.00091867 0.0015446 0.000176097 -6.85875e-05 0.000117194 -0.000155093 -0.000679026 -0.00301887 -0.00514706 -0.000531814 -0.000314009 -0.00154828 0.000256558 0.000485553 -6.22456e-05 -0.00267123 -5.04548e-05 0.00144634 -0.00191964 -0.0075
internal_weight=263470 243984 162854 153765 4619 2756 1798 149146 142408 142299 6738 3632 140519 34773 31017 22696 8954 530 340 8424 1863 901 105746 33570 81130 365 80765 1407 224 116
internal_count=263470 243984 162854 153765 4619 2756 1798 149146 142408 142299 6738 3632 140519 34773 31017 22696 8954 530 340 8424 1863 901 105746 33570 81130 365 80765 1407 224 116
is_linear=0
shrinkage=0.05


Tree=92
num_leaves=31
num_cat=0
split_feature=21 29 4 0 0 24 29 0 27 0 24 24 4 5 18 27 29 18 22 4 19 29 4 0 5 28 29 2 26 0
split_gain=1.41896 1.65066 1.39836 2.16992 1.73708 1.65215 2.24236 3.60176 1.55402 1.32348 1.28627 1.93168 1.49036 1.61661 1.29018 1.25958 1.92995 1.81301 4.07212 2.46545 1.99178 1.76753 1.5422 1.49051 1.75532 1.21437 1.33291 1.22867 1.15813 1.15567
threshold=32.500000000000007 5.8911258848236683 -0.56778403148787893 4.6603476403907047 4.9097895749028941 2.5000000000000004 -0.027833274582046184 4.4236054436470065 40.500000000000007 4.6245658589774434 6.5000000000000009 10.500000000000002 -0.5230896941165869 1.541694599784063 37.582006658413199 18.500000000000004 0.063671324687521 2.3481461580540919 19.500000000000004 -0.37497390282451076 0.12425885854174255 0.57969437983252536 0.12752393349134036 5.2022228640358561 2.9176656931190181 6.5000000000000009 -1.4571161936178669 -1.2070313515381357 1.0000000180025095e-35 5.5783001407402253
decision_type=2 2 2 2 2 2 2 2 2 2 2 2 2 2 2 2 2 2 2 2 2 2 2 2 2 2 2 2 2 2
left_child=1 15 8 5 25 -4 28 -8 9 -2 -3 12 14 -14 -12 22 17 18 -17 20 -20 -18 -1 -19 -25 26 -5 -28 -7 -24
right_child=2 10 3 4 -6 6 7 -9 -10 -11 11 -13 13 -15 -16 16 21 23 19 -21 -22 -23 29 24 -26 -27 27 -29 -30 -31
leaf_value=-6.7515396758776136e-05 -0.021219950870342452 -0.00018575626724717068 0.02870174818025259 0.012316248770660369 0.00031449296626496559 0.0083563851410397225 -0.077507554416594376 -0.0014725231438432178 -0.051582658244232041 -0.0040303945580610475 0.052004351123089036 -0.0079557650109523138 -0.083640170240645101 -0.094465149511323329 -0.29195329293222272 0.022644872160667545 -0.29564993181721605 0.0039859670199954862 -0.046360046826399895 0.009307075169273241 -0.0097952505850864187 -0.005834324712812697 0.00062280049416737029 -0.013913100298859574 0.0018958858742458261 -0.0043994809975043932 -0.074587278795936768 -0.022535723018996135 -0.0087706534377220043 0.0031008144955526357
leaf_weight=126141 3139 844 311 122 21624 2992 72 207 75 17845 124 428 116 75 55 1037 54 31931 165 702 402 2781 40078 195 213 2948 56 508 69 8313
leaf_count=126141 3139 844 311 122 21624 2992 72 207 75 17845 124 428 116 75 55 1037 54 31931 165 702 402 2781 40078 195 213 2948 56 508 69 8313
internal_value=6.7559e-05 0.000123658 -0.00017231 5.34437e-05 -0.000111252 0.00119282 0.000868264 -0.00342294 -0.000482216 -0.000456538 -0.00145554 -0.00289474 -0.00554054 -0.00861257 -0.00226257 0.000135889 0.00039888 0.000501516 0.00185603 -4.3341e-05 -0.00249559 -0.000855379 7.94126e-05 0.000404929 -0.00259804 -0.00112273 -0.00301749 -0.00404255 0.00125939 0.000319378
internal_weight=263622 213654 49968 28909 25258 3651 3340 279 21059 20984 1642 798 370 191 179 212012 37480 34645 2306 1269 567 2835 174532 32339 408 3634 686 564 3061 48391
internal_count=263622 213654 49968 28909 25258 3651 3340 279 21059 20984 1642 798 370 191 179 212012 37480 34645 2306 1269 567 2835 174532 32339 408 3634 686 564 3061 48391
is_linear=0
shrinkage=0.05


Tree=93
num_leaves=31
num_cat=0
split_feature=18 22 22 6 18 6 4 27 4 6 6 27 14 26 1 4 5 10 4 1 1 19 5 5 2 8 27 22 18 11
split_gain=1.75036 6.09714 1.8289 1.75988 1.54235 2.08633 1.9936 1.88469 1.374 1.44819 1.36757 1.32386 1.31624 1.31446 1.68567 1.32245 1.30453 1.27592 1.26484 1.30183 1.18858 1.17691 1.63466 1.24508 1.42977 1.26677 1.15199 1.37367 1.42425 1.48788
threshold=1.6749658239256511 2.5000000000000004 6.5000000000000009 1.0000000180025095e-35 14.405193574437424 0.11191186438626136 -0.39457426753238528 16.500000000000004 0.18217412118880802 0.35862426811495668 1.5395601336132285 3.5000000000000004 2.4573938308905419 1.0000000180025095e-35 213.00000000000003 0.19106950438603915 1.920339662692834 1.0000000180025095e-35 -0.34407718751228883 249.00000000000003 293.00000000000006 13.649118268291653 0.72049847843441472 0.60264412435075865 0.47821965906870306 0.63599186215942327 19.500000000000004 29.500000000000004 15.13058039051147 0.38584286853283661
decision_type=2 2 2 2 2 2 2 2 2 2 2 2 2 2 2 2 2 2 2 2 2 2 2 2 2 2 2 2 2 2
left_child=1 -1 4 -4 5 6 -2 11 9 -9 20 -6 -11 15 17 26 18 -15 19 -3 21 22 23 -7 25 -25 -5 28 -28 -30
right_child=2 16 3 13 7 10 -8 8 -10 12 -12 -13 -14 14 -16 -17 -18 -19 -20 -21 -22 -23 -24 24 -26 -27 27 -29 29 -31
leaf_value=0.0092990952154100859 0.027717452993067562 -0.0097652721857068442 -0.015215547918257966 8.2604580792129841e-05 -0.013859538722659935 0.0004706939837996998 0.0012062724797872108 -0.017864283045066646 -0.043560652347287593 0.002532985257298539 0.017200745783712668 0.0001130863528573554 -0.01445635697363055 -0.016379980933081854 -0.010093691708395018 0.0015438641305683136 0.0080616718784746778 -0.00044454935969415356 0.00095387124385031474 0.018395661658368045 0.0037206533412110043 -0.0034573835271619366 0.0050482096225023974 -0.0047806945985127665 -0.016843962354541008 0.0040366398398331308 0.0077200762966991542 -0.0038068816872666084 -0.0014899681587203924 0.0062827155271187422
leaf_weight=2210 747 4311 1130 101696 1356 8093 1216 2035 100 2494 988 10025 3264 90 1181 25197 2972 12470 21050 622 1988 15328 1968 1855 123 528 11838 5258 12037 9829
leaf_count=2210 747 4311 1130 101696 1356 8093 1216 2035 100 2494 988 10025 3264 90 1181 25197 2972 12470 21050 622 1988 15328 1968 1855 123 528 11838 5258 12037 9829
internal_value=8.0474e-05 0.000432376 3.33716e-05 0.000108618 -0.000227604 -1.91872e-05 0.00156139 -0.00058265 -0.00117636 -0.00110163 -0.000119691 -0.000170899 -0.000696422 0.000120994 -0.000348955 0.000159929 0.000239164 -0.00017914 0.000125659 -0.000594972 -0.000180203 -0.000264384 9.42948e-05 -0.000151429 -0.0011253 -0.000853965 0.000100172 0.000331349 0.000448612 0.000209458
internal_weight=263999 31165 232834 180726 52108 32834 1963 19274 7893 7793 30871 11381 5758 179596 13741 165855 28955 12560 25983 4933 29883 27895 12567 10599 2506 2383 140658 38962 33704 21866
internal_count=263999 31165 232834 180726 52108 32834 1963 19274 7893 7793 30871 11381 5758 179596 13741 165855 28955 12560 25983 4933 29883 27895 12567 10599 2506 2383 140658 38962 33704 21866
is_linear=0
shrinkage=0.05


Tree=94
num_leaves=31
num_cat=0
split_feature=28 12 0 9 27 24 29 24 7 23 20 28 21 29 21 0 9 29 7 21 29 27 29 18 23 29 23 18 4 27
split_gain=2.28086 1.64007 1.38734 1.26339 1.17769 1.15929 1.40655 2.78137 1.28543 1.58856 2.07929 1.37619 1.18382 2.45342 1.8068 2.02703 2.09048 1.86096 1.34503 1.31393 1.79826 1.93897 1.82435 1.96037 2.06423 1.3657 1.24838 1.21447 2.15728 1.19973
threshold=10.500000000000002 0.096619454592744805 4.9798296441859744 0.53434359160792144 54.500000000000007 17.500000000000004 5.8911258848236683 14.500000000000002 1.2066479788111717 4.5000000000000009 1.2782096704950086 20.500000000000004 35.500000000000007 -0.33473756701380636 48.000000000000007 4.6603476403907047 1.1362416369051334 -0.55713965335263338 0.76134196649763342 28.500000000000004 -0.19247936463101048 6.5000000000000009 -0.10083933790174561 25.932938302285212 3.5000000000000004 -0.085516350746877828 2.5000000000000004 44.858287520818259 -0.16722052797247425 29.500000000000004
decision_type=2 2 2 2 2 2 2 2 2 2 2 2 2 2 2 2 2 2 2 2 2 2 2 2 2 2 2 2 2 2
left_child=1 -1 4 -4 5 6 -2 8 9 10 11 -8 19 14 15 17 -17 -14 -19 20 -7 25 23 24 -23 -22 -20 -21 -29 -15
right_child=2 -3 3 -5 -6 12 7 -9 -10 -11 -12 -13 13 29 -16 16 -18 18 26 27 21 22 -24 -25 -26 -27 -28 28 -30 -31
leaf_value=0.0022219089535062651 -0.0030076424194267698 0.00048734158364806003 0.0023271570889942198 -0.0015953860898640941 -0.14595458103260911 -0.0017999223957207236 -0.03431984399223216 -0.037775719213292029 0.068175872898702722 0.0018314320187914155 -0.077692542081996593 -0.0046341045686335751 -0.028116244752004794 0.0064997374253803562 0.0044684302636559658 -0.0068847278199289583 -0.028406432102421855 -0.0046028010638697672 -0.05179849374072603 0.0028070356046316163 -0.012219349303682375 -0.016839303749915543 0.018185801875778996 0.020840249294628025 -0.080625882055110773 -0.039844514099227929 -0.071612732624580164 -0.0055350021011357281 -0.070179169367047115 -0.052434654584213064
leaf_weight=34732 34129 135987 15288 6133 62 2135 125 55 117 327 87 296 866 2123 390 2743 59 51 54 23709 73 110 119 80 85 52 93 3516 55 91
leaf_count=34732 34129 135987 15288 6133 62 2135 125 55 117 327 87 296 866 2123 390 2743 59 51 54 23709 73 110 119 80 85 52 93 3516 55 91
internal_value=9.61548e-05 0.000204693 -0.000103039 0.000249989 -0.000208653 -0.000202684 -0.000407559 -0.00224925 -0.00161765 -0.00230539 -0.00405512 -0.00260095 -4.94433e-06 -0.000618238 -0.00132049 -0.0016477 -0.000942184 -0.00350564 -0.00787879 0.000127614 -0.000934438 -0.00357418 -0.00185279 -0.00409091 -0.00679487 -0.009 -0.0103061 0.000230939 -0.000628675 0.000731707
internal_weight=263742 170719 93023 21421 71602 71540 35136 1007 952 835 508 421 36404 6470 4256 3866 2802 1064 198 29934 2654 519 394 275 195 125 147 27280 3571 2214
internal_count=263742 170719 93023 21421 71602 71540 35136 1007 952 835 508 421 36404 6470 4256 3866 2802 1064 198 29934 2654 519 394 275 195 125 147 27280 3571 2214
is_linear=0
shrinkage=0.05


Tree=95
num_leaves=31
num_cat=0
split_feature=15 6 26 18 22 29 22 15 19 22 6 13 12 10 29 27 4 0 19 16 27 14 7 8 16 12 11 19 13 16
split_gain=1.24985 1.78412 1.10573 1.05611 3.06528 1.71719 1.3675 2.96455 2.24339 2.0042 1.82416 1.12369 1.08241 1.09731 1.06859 1.02749 0.980474 1.06661 1.08771 1.06201 0.938281 1.54677 1.1475 1.32696 1.55889 0.911607 1.24604 1.66165 1.89472 1.15967
threshold=12.500000000000002 0.15186642930528152 1.0000000180025095e-35 1.5541539343339412 2.5000000000000004 0.44442789356771872 2.5000000000000004 1.5000000000000002 9.5917839092640822 1.5000000000000002 0.2809993958336206 0.56179848181517833 0.23802826117789441 0.083333333333333356 -1.5596558316951226 32.500000000000007 0.31091690483362444 5.5297894156727692 8.3477585014179301 1.4955380160659053 24.500000000000004 2.8145547428784092 0.32427319812269101 0.76503617687851511 0.34502689178976759 2.4965183170831415 1.0267070413001731 45.276785475397041 0.56179848181517833 0.3169438906124164
decision_type=2 2 2 2 2 2 2 2 2 2 2 2 2 2 2 2 2 2 2 2 2 2 2 2 2 2 2 2 2 2
left_child=1 -1 3 4 -3 -6 7 9 -9 10 -5 14 13 -7 -12 -4 -8 18 -18 -20 22 -22 23 -10 -25 26 29 28 -28 -11
right_child=-2 2 15 6 5 12 16 8 20 25 11 -13 -14 -15 -16 -17 17 -19 19 -21 21 -23 -24 24 -26 -27 27 -29 -30 -31
leaf_value=0.0026197903947490081 -0.0015862962131763356 0.0079061224838921206 -0.0012369549358858438 0.0040386820426424972 0.0018553374704423362 0.0066227056026418657 0.00047754416650482094 0.005450428460385414 -0.0014381772074953155 -0.011485410378614138 -0.12169547366846507 -0.0036847805275722644 -0.0075580717463620177 -0.0021879417872298908 -0.012878699642080705 0.032844816470210869 -0.0064291330270021809 0.0021873290128561567 0.00054204278172261054 0.0048266217214041392 -0.0019855151807310046 -0.046859258867628741 0.0020246376363573268 -0.024222653506040442 -0.019522740773857416 0.0097603013103774883 -0.021789628180983869 -0.0028429465637357116 -0.056416284291097712 0.0011757264339639665
leaf_weight=16102 27307 1305 15894 210 15323 212 152478 1446 618 54 120 620 761 1046 1644 345 1176 7849 8743 670 701 262 6258 90 168 363 258 441 77 1358
leaf_count=16102 27307 1305 15894 210 15323 212 152478 1446 618 54 120 620 761 1046 1644 345 1176 7849 8743 670 701 262 6258 90 168 363 258 441 77 1358
internal_value=8.90305e-05 0.000125998 8.88931e-05 0.000120465 0.000479166 0.00030331 8.44272e-05 -0.00037854 0.000143037 -0.00134597 -0.00232459 -0.00271812 -0.00106736 -0.000166931 -0.00336168 -0.000308208 0.000124213 0.000468598 0.000141184 0.000320302 -0.000180931 -0.0016459 1.6821e-05 -0.00167808 -0.00468992 -0.000350843 -0.000735832 -0.00234536 -0.005 0.000148725
internal_weight=263899 236592 220490 204251 18647 17342 185604 14688 9543 5145 2594 2384 2019 1258 1764 16239 170916 18438 10589 9413 8097 963 7134 876 258 2551 2188 776 335 1412
internal_count=263899 236592 220490 204251 18647 17342 185604 14688 9543 5145 2594 2384 2019 1258 1764 16239 170916 18438 10589 9413 8097 963 7134 876 258 2551 2188 776 335 1412
is_linear=0
shrinkage=0.05


Tree=96
num_leaves=31
num_cat=0
split_feature=3 6 14 28 22 1 19 10 25 15 12 22 14 19 22 1 19 12 6 2 6 7 5 2 10 1 1 29 6 21
split_gain=1.3403 1.28686 2.06411 1.6592 1.15344 1.12031 1.08224 1.23154 1.46049 1.20769 1.14571 1.01121 1.63866 1.12693 0.904184 0.892379 1.04547 1.78462 1.64754 1.0538 0.855469 1.74665 1.07471 1.5397 1.33793 1.31834 1.61584 1.17641 2.44166 1.16977
threshold=0.11841395446421416 0.19209988291272687 0.61669283179775258 7.5000000000000009 27.500000000000004 233.00000000000003 17.126373751135336 0.05000000000000001 1.0000000180025095e-35 4.5000000000000009 0.13691784394360254 28.500000000000004 1.3283738466901125 55.034487268139024 6.5000000000000009 153.00000000000003 29.959022625934345 0.4831227083900958 0.4374867385874644 -2.3393985211825945 0.913984790155561 0.39966322770451418 0.75018944508697005 0.69342262819138556 0.18333333333333338 185.00000000000003 149.00000000000003 0.057494404704434877 0.47678833920776142 27.500000000000004
decision_type=2 2 2 2 2 2 2 2 2 2 2 2 2 2 2 2 2 2 2 2 2 2 2 2 2 2 2 2 2 2
left_child=1 3 4 5 6 -1 7 8 10 -8 -3 -4 -13 -14 -7 -11 17 -17 -19 -18 22 -22 23 24 -2 26 27 28 -26 -24
right_child=20 2 11 -5 -6 14 9 -9 -10 15 -12 12 13 -15 -16 16 19 18 -20 -21 21 -23 29 -25 25 -27 -28 -29 -30 -31
leaf_value=0.005135688188296946 0.0011097273212694887 -0.019439459968238419 0.00072932893176102642 0.0006507154344507724 0.0010839802831810585 0.019648182894732698 -0.010595263499154397 -0.00016459163057392796 -0.030211485378372139 -0.00061546640660650742 0.001842702414489867 0.0016294843210022426 -0.0056362204209522218 -0.00034548115000802566 0.0061032105093633861 -0.0082372685341961811 -0.057521203046960512 -0.060121622612915551 -0.015517467849909922 -0.0070449880830057961 -0.030908655762987815 -0.0012937143761707209 0.0048536436379587123 -0.0075881313922203696 0.004652780795439463 -0.0024396600070995976 0.0039039778010852089 -0.006394350845667059 -0.01912797637916111 0.0019059643517096742
leaf_weight=5523 42614 72 101624 15100 9116 650 931 18569 94 7207 257 5820 7445 7148 435 1194 56 93 177 12310 107 1082 5251 1830 897 5277 2051 1866 121 9009
leaf_count=5523 42614 72 101624 15100 9116 650 931 18569 94 7207 257 5820 7445 7148 435 1194 56 93 177 12310 107 1082 5251 1830 897 5277 2051 1866 121 9009
internal_value=8.68806e-05 1.91158e-05 -2.66393e-05 0.000381887 -0.000296948 0.00104268 -0.000410156 -0.00013374 -0.00280142 -0.000649126 -0.001231 8.42779e-05 -0.000236859 -0.00051977 0.00251152 -0.000571136 -0.000806218 -0.00206967 -0.00574074 -0.000656639 0.000274232 -0.00105551 0.000297174 0.000196319 0.000245713 -0.000268312 0.000319149 -0.000443828 0.000923379 0.000683731
internal_weight=263926 193821 172113 21708 50076 6608 40960 18992 423 21968 329 122037 20413 14593 1085 21037 13830 1464 270 12366 70105 1189 68916 54656 52826 10212 4935 2884 1018 14260
internal_count=263926 193821 172113 21708 50076 6608 40960 18992 423 21968 329 122037 20413 14593 1085 21037 13830 1464 270 12366 70105 1189 68916 54656 52826 10212 4935 2884 1018 14260
is_linear=0
shrinkage=0.05


Tree=97
num_leaves=31
num_cat=0
split_feature=18 22 22 17 10 18 22 14 0 22 18 24 21 13 17 1 0 1 3 3 19 22 23 24 1 19 8 16 2 1
split_gain=1.55789 6.54693 1.25225 1.239 1.48701 1.23974 1.14349 1.09789 1.35693 1.23986 1.50202 1.39555 1.33653 1.22557 1.64915 2.25939 1.87343 1.43434 1.2455 1.06727 1.52244 2.27852 2.04716 1.84672 1.65129 2.04923 1.21593 1.29548 1.06333 1.05694
threshold=1.6749658239256511 3.5000000000000004 16.500000000000004 8.5000000000000018 0.18333333333333338 5.3815607070127447 1.5000000000000002 4.7154153011772566 4.5724882964329003 21.500000000000004 11.269544797355497 6.5000000000000009 40.500000000000007 0.18574405297445626 5.5000000000000009 213.00000000000003 4.5208249664032918 149.00000000000003 -1.0282067125303618 0.068025892211629982 17.434415974983946 10.500000000000002 1.5000000000000002 13.500000000000002 233.00000000000003 22.369346767636817 0.77663996402894375 1.0931450062474395 0.011964875738474112 233.00000000000003
decision_type=2 2 2 2 2 2 2 2 2 2 2 2 2 2 2 2 2 2 2 2 2 2 2 2 2 2 2 2 2 2
left_child=1 6 -3 4 19 -5 -1 13 -9 10 -10 -11 -13 29 17 -16 -17 18 -15 20 -2 22 -22 -24 25 -25 -21 28 -28 -6
right_child=3 2 -4 5 7 -7 -8 8 9 11 -12 12 -14 14 15 16 -18 -19 -20 26 21 -23 23 24 -26 -27 27 -29 -30 -31
leaf_value=0.010395443379713827 0.00014896639738010974 0.0020015418844574538 -0.00059264930165843315 0.0095058531990148912 -0.00034705372027305051 0.0024817548913274039 0.0050172433399336483 -0.038761283792968768 0.027586513791628832 0.012539827352870563 0.0033272102741409518 -0.0058816804832911435 -0.032646031498968726 -0.026713913751837945 -0.0017294376550735743 -0.1288004497718602 -0.010046282021205763 0.00015184000734084054 -0.0019512175429403488 0.0013729627693161227 0.0071227147846213319 -0.0021686076183324797 -0.017455664329196117 -0.021297285288488749 -0.0054286436554431949 -0.044134690705475349 -0.023815182709100092 0.0030678991686194095 -0.0020915031460153563 0.0036329883033596163
leaf_weight=1105 15509 12341 15484 1225 43707 14963 2191 590 2508 1231 11128 5181 108 155 13717 64 7771 37815 14869 40345 220 1649 251 148 79 52 93 1914 8499 9141
leaf_count=1105 15509 12341 15484 1225 43707 14963 2191 590 2508 1231 11128 5181 108 155 13717 64 7771 37815 14869 40345 220 1649 251 148 79 52 93 1914 8499 9141
internal_value=7.27697e-05 0.000405032 0.000155436 2.83776e-05 -3.13716e-06 0.000450334 0.00251214 -9.24078e-05 0.000244867 0.000314051 0.000585216 -0.000253067 -0.000605974 -0.0001474 -0.000278192 -0.000646808 -0.00132419 -0.000127841 -0.000541134 0.000188994 -0.000142953 -0.00131513 -0.0036 -0.00528302 -0.00808244 -0.0105 0.000305894 -0.000173234 -0.000435288 3.67092e-05
internal_weight=264053 31121 27825 232932 216744 16188 3296 147985 20746 20156 13636 6520 5289 127239 74391 21552 7835 52839 15024 68759 17908 2399 750 530 279 200 50851 10506 8592 52848
internal_count=264053 31121 27825 232932 216744 16188 3296 147985 20746 20156 13636 6520 5289 127239 74391 21552 7835 52839 15024 68759 17908 2399 750 530 279 200 50851 10506 8592 52848
is_linear=0
shrinkage=0.05


Tree=98
num_leaves=31
num_cat=0
split_feature=21 18 22 22 27 27 15 13 5 22 15 22 27 0 16 13 6 23 27 2 1 27 6 18 19 13 12 12 4 28
split_gain=1.37554 1.432 4.94049 1.4638 2.35606 2.23535 1.21522 1.04032 1.23022 0.971708 1.8166 2.23358 1.4014 1.75539 1.26549 1.16305 1.10484 1.59285 1.94864 1.09266 1.0216 1.69722 0.967135 0.96298 1.0182 0.948696 1.20559 1.68816 0.936179 1.34511
threshold=35.500000000000007 1.7040741207189505 2.5000000000000004 16.500000000000004 15.500000000000002 28.500000000000004 15.500000000000002 0.7402602832815055 0.61364818447876657 3.5000000000000004 1.5000000000000002 1.5000000000000002 24.500000000000004 4.7720400331370492 0.30551806925362596 0.19469042928580327 0.094806816002675501 1.5000000000000002 17.500000000000004 0.44557767856840297 285.00000000000006 27.500000000000004 0.19599727362273558 1.9737436258820862 6.1344714275706513 0.4286449668743027 0.3838568736484817 0.30489653858658167 -0.35150060145391065 2.5000000000000004
decision_type=2 2 2 2 2 2 2 2 2 2 2 2 2 2 2 2 2 2 2 2 2 2 2 2 2 2 2 2 2 2
left_child=1 2 -1 4 7 -6 9 8 -4 10 11 12 23 -14 -13 22 17 18 -12 -18 -11 -22 -16 -3 -25 26 27 -26 -5 -30
right_child=-2 6 3 28 5 -7 -8 -9 -10 20 16 14 13 -15 15 -17 19 -19 -20 -21 21 -23 -24 24 25 -27 -28 -29 29 -31
leaf_value=0.0073032904751318631 -0.0020561183414515376 0.0067595313976644414 0.0022219661293508678 -0.0095423446292312517 0.024353446594116618 -0.0016082264017211062 -0.0029326878813274622 0.0038273923470154726 -0.0016971961637709131 0.00045138741503332306 -0.034710663022542769 -0.019985868921771135 -0.088155478351142694 0.0018782164644496968 0.0048604180752630198 0.0018925596807611409 0.00079477977000261529 0.018201580790764001 0.021600626561312137 -0.0059223962470501372 0.0034922077973277253 -0.05967994353846702 -0.0059450146647201177 -0.011359918562009659 -0.01274662199298943 -0.0012080499815930186 -0.0082827835182686833 -0.033993611607225582 -0.00066587237107342597 0.0059206757897363911
leaf_weight=1973 28967 110 4208 1819 676 363 12215 2093 4584 167891 72 96 85 52 91 2781 13369 441 102 1396 4365 79 1722 64 525 628 861 65 9794 2220
leaf_count=1973 28967 110 4208 1819 676 363 12215 2093 4584 167891 72 96 85 52 91 2781 13369 441 102 1396 4365 79 1722 64 525 628 861 65 9794 2220
internal_value=5.70142e-05 9.71289e-05 0.000434548 0.000249835 0.00065582 0.0029307 5.193e-05 0.000438677 0.000200182 8.22662e-05 -0.00022707 -0.00088983 -0.00213389 -0.0070438 -0.000255863 -0.000137135 7.80236e-05 0.00215447 -0.00189655 -8.46578e-06 0.000122581 0.000870837 -0.00112245 -0.00183533 -0.00206953 -0.00187831 -0.00258098 -0.00432203 -0.000100123 5.99303e-05
internal_weight=263707 234740 27730 25757 11924 1039 207010 10885 8792 194795 22460 7080 2390 137 4690 4594 15380 615 174 14765 172335 4444 1813 2253 2143 2079 1451 590 13833 12014
internal_count=263707 234740 27730 25757 11924 1039 207010 10885 8792 194795 22460 7080 2390 137 4690 4594 15380 615 174 14765 172335 4444 1813 2253 2143 2079 1451 590 13833 12014
is_linear=0
shrinkage=0.05


Tree=99
num_leaves=31
num_cat=0
split_feature=6 14 28 24 3 0 14 27 24 27 19 1 7 1 24 7 7 9 13 1 29 27 29 1 1 29 18 12 23 3
split_gain=1.44507 2.19271 1.42928 0.934169 1.08357 1.14254 1.54606 1.11539 1.48882 1.66439 1.35857 1.1912 1.35155 1.01087 1.4376 1.30895 2.04026 1.68431 1.39871 1.00296 0.986699 1.31022 1.89962 1.32948 1.30511 1.32023 2.16386 1.04325 1.16334 1.81148
threshold=0.19942570669039353 0.5322860203638301 20.500000000000004 21.500000000000004 0.48477228857636528 5.4874078435201818 1.1388826222122266 16.500000000000004 24.500000000000004 14.500000000000002 4.9612530075306447 141.00000000000003 0.27613375676149005 109.00000000000001 23.500000000000004 0.40862342127981116 0.50689153867292835 0.46160786607983462 0.21346325472124664 273.00000000000006 -0.74406408122561807 25.500000000000004 -0.1302736918517787 249.00000000000003 233.00000000000003 -0.17608147380662598 13.711901041093762 0.1599480920448724 1.5000000000000002 -0.85413270163532928
decision_type=2 2 2 2 2 2 2 2 2 2 2 2 2 2 2 2 2 2 2 2 2 2 2 2 2 2 2 2 2 2
left_child=2 -2 -1 19 7 6 -6 8 13 -10 -9 12 -12 14 15 -5 17 -17 -19 -3 -13 23 24 -22 25 -23 -27 -26 -29 -30
right_child=1 3 -4 4 5 -7 -8 10 9 -11 11 20 -14 -15 -16 16 -18 18 -20 -21 21 22 -24 -25 27 26 -28 28 29 -31
leaf_value=0.002077765307239536 -0.0012375976022244723 0.00021896360438910902 -0.0014805660548792769 0.0076485125387919517 -0.025054696090820922 0.00074550331204298022 -0.0048493068774315513 0.022158033948819919 1.8631899584162287e-05 -0.0098753791123464465 -0.0078941842055622706 0.0098355188437900601 0.0060464175482161236 0.0025449649720385246 0.0051255328873878181 -0.015100218552760461 -0.0041623084468778776 0.0071518028991188476 -0.014508033994411591 -0.0043317308169784144 -0.00048922191277763047 -0.00054198365374774225 0.028386614547770823 0.01865659064797141 0.0034815402718302276 0.034872460229325199 -0.03370949721144114 0.0074863480168252221 -0.057829216952082589 -0.044742465822633658
leaf_weight=29683 56758 104994 8192 179 102 435 316 882 24283 1362 77 4121 4755 11772 387 53 369 59 108 3890 6506 930 332 2284 108 73 98 88 210 95
leaf_count=29683 56758 104994 8192 179 102 435 316 882 24283 1362 77 4121 4755 11772 387 53 369 59 108 3890 6506 930 332 2284 108 73 98 88 210 95
internal_value=6.20683e-05 1.40943e-05 0.000347855 0.00010446 0.000262904 -0.00150645 -0.00337321 0.000288428 0.000129887 -9.06608e-05 0.000585875 0.000499822 0.00118171 0.000567417 -0.000844156 -0.00209635 -0.0032343 -0.00704545 -0.00458084 1.71744e-05 0.000277872 2.51774e-05 -0.00115305 0.000284414 -0.00186642 -0.000903724 -0.00494152 -0.00398204 -0.00517812 -0.00663934
internal_weight=263501 225626 37875 168868 59984 853 418 59131 38572 25645 20559 19677 4832 12927 1155 768 589 220 167 108884 14845 10724 1934 8790 1602 1101 171 501 393 305
internal_count=263501 225626 37875 168868 59984 853 418 59131 38572 25645 20559 19677 4832 12927 1155 768 589 220 167 108884 14845 10724 1934 8790 1602 1101 171 501 393 305
is_linear=0
shrinkage=0.05


Tree=100
num_leaves=31
num_cat=0
split_feature=26 0 5 18 11 22 12 15 7 16 28 22 19 5 15 22 14 4 15 12 11 0 28 11 18 19 1 0 14 11
split_gain=1.57962 1.32615 1.17471 1.03028 0.939022 3.62517 2.03232 0.938083 1.00401 0.905493 0.834811 0.830865 4.34781 2.17056 1.14188 1.2616 1.14758 1.52452 0.930203 0.976804 1.00169 0.919831 1.07762 0.916115 0.814749 0.840696 1.02345 0.83384 0.810617 0.809565
threshold=1.0000000180025095e-35 4.7720400331370492 0.36955847803969871 25.146747155054797 0.070396093318690997 2.5000000000000004 0.054980287780249888 10.500000000000002 1.1508796095111256 5.4978098727660978 5.5000000000000009 3.5000000000000004 10.273425107225476 0.74013595427780354 1.5000000000000002 1.5000000000000002 0.5322860203638301 0.048155566077644117 2.5000000000000004 0.34495938031083345 0.07546448594314191 4.8349268018409388 4.5000000000000009 0.79573476830300838 3.7538778984807712 13.649118268291653 277.00000000000006 5.5155068481256215 1.129763048746353 2.2089910962941972
decision_type=2 2 2 2 2 2 2 2 2 2 2 2 2 2 2 2 2 2 2 2 2 2 2 2 2 2 2 2 2 2
left_child=2 3 -1 10 5 6 -4 -7 -9 -3 -2 12 13 -6 15 21 17 -17 -13 -20 -21 22 -14 -22 25 28 27 -27 -16 -23
right_child=1 9 4 -5 11 7 -8 8 -10 -11 -12 18 14 -15 24 16 -18 -19 19 20 23 29 -24 -25 -26 26 -28 -29 -30 -31
leaf_value=0.0033663621208668048 0.0050270821248024336 -0.00073963152962298699 0.017399522883230392 -0.0019518335548893641 0.0010145839314143865 0.001553078217082361 0.0047156026665761252 -0.0012851391999682119 -0.040084670978627557 0.023945255933666084 -0.017145380089788845 0.00087754485327916918 -0.064457967555479043 0.012982653684071411 -0.0024028524941603993 -0.053939681907519937 -0.0030763868977483192 -0.0056102655172237947 0.00029977067425704694 -0.022757175824356022 -0.0024513703348794744 -0.005489801862963474 -0.022275573870790377 0.0040360920545974149 -0.0012732512315503759 -0.028393015163006054 0.0035468939153117567 -0.013542548317024873 0.0051620884587879941 0.011326130689393874
leaf_weight=3844 179 16387 1110 1384 3856 28364 2341 9566 250 150 1543 80109 73 1164 524 50 3469 127 70225 109 20825 1020 694 4014 10709 217 128 655 171 75
leaf_count=3844 179 16387 1110 1384 3856 28364 2341 9566 250 150 1543 80109 73 1164 524 50 3469 127 70225 109 20825 1020 694 4014 10709 217 128 655 171 75
internal_value=5.28232e-05 -0.000378506 8.75913e-05 -0.00132646 7.36936e-05 0.000289568 0.0018415 0.000149293 -0.000272005 -0.000200459 -0.00214286 2.83534e-05 -0.000254666 0.00104582 -0.000619138 -0.00121823 -0.000677455 -0.00460452 6.53805e-05 -4.02949e-05 -0.000309043 -0.00227712 -0.00360495 -0.000288055 -0.000353112 -0.00137168 -0.0023 -0.00291284 -3.5971e-05 -0.00134703
internal_weight=263332 19643 243689 3106 239845 41631 3451 38180 9816 16537 1722 198214 22932 5020 17912 5508 3646 177 175282 95173 24948 1862 767 24839 12404 1695 1000 872 695 1095
internal_count=263332 19643 243689 3106 239845 41631 3451 38180 9816 16537 1722 198214 22932 5020 17912 5508 3646 177 175282 95173 24948 1862 767 24839 12404 1695 1000 872 695 1095
is_linear=0
shrinkage=0.05


Tree=101
num_leaves=31
num_cat=0
split_feature=5 27 28 18 22 18 0 29 5 5 15 21 28 19 0 5 1 2 22 18 16 29 2 23 3 5 23 9 29 19
split_gain=1.4901 1.16675 1.09375 0.965292 4.96827 1.4004 1.24633 1.30972 1.20728 1.18956 1.08047 1.15963 1.06337 1.06135 0.941464 1.43381 1.20094 1.08828 1.67663 1.88125 1.70125 1.29353 1.00947 1.30432 1.97437 1.32702 0.994164 0.939037 1.5567 1.64888
threshold=0.36955847803969871 19.500000000000004 10.500000000000002 1.6749658239256511 3.5000000000000004 1.1231435078544147 4.8255613764400245 0.44442789356771872 1.8464518028468426 0.63798244929616177 12.500000000000002 56.500000000000007 37.500000000000007 4.4166819120041954 5.2538158083088478 0.40365740926275456 109.00000000000001 -1.5742715205010283 21.500000000000004 12.78051326677349 4.4155177645442141 -3.1903952382278615 0.30538540334262315 5.5000000000000009 -0.0020912289187186429 0.83720797665618663 4.5000000000000009 0.44919662752938788 0.057494404704434877 9.6699922001820671
decision_type=2 2 2 2 2 2 2 2 2 2 2 2 2 2 2 2 2 2 2 2 2 2 2 2 2 2 2 2 2 2
left_child=1 -1 -3 4 5 -2 9 8 12 -6 11 13 -8 -5 15 -15 22 18 19 -17 -20 -22 23 26 -25 -26 27 28 -16 -30
right_child=3 2 -4 10 6 -7 7 -9 -10 -11 -12 -13 -14 14 16 17 -18 -19 20 -21 21 -23 -24 24 25 -27 -28 -29 29 -31
leaf_value=0.0035817884157346744 0.014535513185171493 -0.00013582122481505915 -0.048694428625382119 -0.0064621828836891665 0.010708680932698882 0.0027763138956843404 0.0010682577282254424 -0.0028111655883856107 0.0091096061729389818 -0.011044495068422196 -0.0016204580643267013 0.006745998295129777 -0.027326254004169548 -0.0038615712920572441 -0.00031446240555789673 0.034811573444560061 0.0011004453231614822 -9.5560089023883005e-05 0.0043196286995959366 0.0041241141427055131 -0.16545321692740095 -0.015227467876431689 0.0017896253310675009 0.0034249096737700479 -0.028124157371915398 0.017178438962074265 0.0047462599490141824 -0.0024670583202823591 -0.019390476197735988 -0.026867648769638097
leaf_weight=3906 1508 142 60 757 288 1690 18092 2971 2058 3695 23104 944 56 2913 181 2308 51890 128794 2936 7639 88 1633 1784 191 384 57 673 2906 59 89
leaf_count=3906 1508 142 60 757 288 1690 18092 2971 2058 3695 23104 944 56 2913 181 2308 51890 128794 2936 7639 88 1633 1784 191 384 57 673 2906 59 89
internal_value=8.73025e-05 0.00103213 -0.00267327 7.23562e-05 0.000337308 0.00220138 0.000117821 0.00025823 0.000402356 -0.000699221 3.72827e-05 7.36087e-05 0.000272206 6.55685e-05 7.24852e-05 4.81869e-06 0.000242554 2.71275e-05 0.000436182 0.000802755 -0.00034679 -0.001595 -0.000407969 -0.000803965 -0.00291139 -0.00475057 -0.000463152 -0.000826893 -0.00335866 -0.00716216
internal_weight=263796 4108 202 259688 30358 3198 27160 23177 20206 3983 229330 206226 18148 205282 204525 146311 58214 143398 14604 9947 4657 1721 6324 4540 632 441 3908 3235 329 148
internal_count=263796 4108 202 259688 30358 3198 27160 23177 20206 3983 229330 206226 18148 205282 204525 146311 58214 143398 14604 9947 4657 1721 6324 4540 632 441 3908 3235 329 148
is_linear=0
shrinkage=0.05


Tree=102
num_leaves=31
num_cat=0
split_feature=21 0 18 22 9 29 28 29 2 1 22 28 24 24 29 24 1 1 9 5 5 24 0 0 29 1 18 18 28 21
split_gain=1.19149 1.45101 1.43569 2.79971 1.30258 1.27858 1.51921 1.12378 1.09435 1.05095 1.29822 1.01399 0.968302 2.83648 2.59484 1.94173 2.23665 1.5421 1.20667 1.72462 1.69833 1.16049 1.15631 1.12611 1.10039 2.60336 1.06056 1.37762 1.02873 1.26879
threshold=32.500000000000007 5.0258752632043366 0.9153330097459661 4.5000000000000009 0.71593162199180604 -1.6214020128300053 32.500000000000007 0.8194000712106887 -2.4789605954257139 101.00000000000001 26.500000000000004 6.5000000000000009 7.5000000000000009 9.5000000000000018 6.8981135525598924 4.5000000000000009 213.00000000000003 193.00000000000003 0.65060231800007251 1.8955486089219573 0.66590799433781489 2.5000000000000004 4.8212977052136194 4.898897116514747 4.4656086771559433 125.00000000000001 20.639761824153961 47.484748631825177 8.5000000000000018 29.500000000000004
decision_type=2 2 2 2 2 2 2 2 2 2 2 2 2 2 2 2 2 2 2 2 2 2 2 2 2 2 2 2 2 2
left_child=2 5 3 -1 -3 6 8 -4 -2 11 -11 -6 15 14 17 16 21 18 19 20 -14 -9 24 -16 25 -23 -18 -28 29 -17
right_child=1 4 7 -5 9 -7 -8 12 -10 10 -12 -13 13 -15 23 28 26 -19 -20 -21 -22 22 -24 -25 -26 -27 27 -29 -30 -31
leaf_value=0.01469757141673562 -0.071349882502438289 0.0021471492002816104 0.0005222533058145245 0.0021354621453856938 0.0070046518693191138 -0.0037041224027730916 0.02691184732859013 0.0040853256574877412 0.0037212659108569464 -0.0052900857337021242 0.014315202414403575 -0.036462593369658292 -0.16211721688120914 -7.6002446105691472e-05 -0.23849903547252166 -0.017027121532671004 0.0063493296616478727 0.0073668403336258001 0.019780100192800829 -0.18743107876685799 -0.083991393683609555 -0.039501677712813509 -0.00058014114411924426 -0.038294859803497221 -0.0031344043148189061 -0.007648729043716284 -0.029644978825065418 -0.010754195211513136 0.016235195670143424 0.010842001344578737
leaf_weight=871 100 12576 199372 5168 116 31562 467 847 3839 643 266 510 52 2295 79 364 66 437 50 162 517 53 280 51 96 66 87 94 1094 1228
leaf_count=871 100 12576 199372 5168 116 31562 467 847 3839 643 266 510 52 2295 79 364 66 437 50 162 517 53 280 51 96 66 87 94 1094 1228
internal_value=7.36122e-05 -0.000145869 0.000125136 0.00088508 0.000283821 -0.000314446 0.000483432 0.000102996 0.000163747 -0.00109121 -5.50036e-06 -0.00266773 -0.000481182 -0.00108015 -0.00290059 2.924e-05 -0.0013562 -0.00218391 -0.00351472 -0.00402873 -0.00273286 -0.000551416 -0.00247475 -0.00961538 -0.00523256 -0.00844538 -0.00572874 -0.00770718 0.000848846 3.76886e-05
internal_weight=263408 50079 213329 6039 14111 35968 4406 207290 3939 1535 909 626 7918 3643 1348 4275 1589 1218 781 731 569 1342 495 130 215 119 247 181 2686 1592
internal_count=263408 50079 213329 6039 14111 35968 4406 207290 3939 1535 909 626 7918 3643 1348 4275 1589 1218 781 731 569 1342 495 130 215 119 247 181 2686 1592
is_linear=0
shrinkage=0.05


Tree=103
num_leaves=31
num_cat=0
split_feature=15 24 6 17 0 14 4 4 29 3 27 11 21 17 29 24 29 22 0 22 28 24 7 13 5 24 2 17 29 0
split_gain=1.22058 1.38544 1.03079 1.1176 1.12901 1.78326 1.77237 1.44358 1.32472 2.37112 1.53957 1.50824 1.34654 1.24033 1.7307 1.51526 1.49115 1.20074 1.14219 1.29965 1.2384 2.14733 1.1087 1.22152 1.09023 1.07497 1.07116 1.05414 1.42717 1.10585
threshold=12.500000000000002 2.5000000000000004 0.14655193181477841 9.5000000000000018 4.7607705584681321 2.8145547428784092 -0.31750909884288875 -0.35811107873035303 -2.0687998472287839 -0.91282500487816998 15.500000000000002 0.098893651073663699 31.500000000000004 4.5000000000000009 -2.0687998472287839 25.500000000000004 -0.6161991890922468 24.500000000000004 4.6152523066285216 27.500000000000004 12.500000000000002 6.5000000000000009 1.2773628707378741 0.16525638659537104 3.1112395439170961 11.500000000000002 -2.0191565006508445 5.5000000000000009 -0.16654116319873338 4.7324720776733296
decision_type=2 2 2 2 2 2 2 2 2 2 2 2 2 2 2 2 2 2 2 2 2 2 2 2 2 2 2 2 2 2
left_child=2 -2 -1 4 6 8 7 13 9 12 -11 -12 -6 15 -15 18 -17 25 19 -4 21 -20 23 -16 -24 -7 -23 -25 -29 -30
right_child=1 -3 3 -5 5 17 -8 -9 -10 10 11 -13 -14 14 22 16 -18 -19 20 -21 -22 26 24 27 -26 -27 -28 28 29 -31
leaf_value=0.0018550988401308988 0.0085127260592839909 -0.0025070423399692994 -0.010466605401692064 0.0033936681385748064 -0.15213663950078754 0.0013134541299633414 0.011103879379861544 -0.046371700291788769 0.00013612545090212796 0.010950005422817254 -0.13127804845293461 -0.014734749822886296 -0.017476569719242798 0.0087831355727963877 0.0010200126562565791 0.026824654654242011 0.0044841987985310399 -0.00057960616704568662 0.0080585303892659315 -0.040211650938355499 0.0047523667708155408 -0.098967722534617303 0.0071561366096197154 -0.0050597433257832634 -0.03758425809406632 0.0064442716173990656 -0.022971068547380707 -0.016197167481643931 0.0087472081387368807 -0.024586645239158402
leaf_weight=15390 1997 25373 1122 9729 158 4907 1149 180 145453 744 161 498 127 2675 4734 1160 2100 5951 1495 252 5428 136 2875 8268 201 10057 1242 8352 1510 275
leaf_count=15390 1997 25373 1122 9729 158 4907 1149 180 145453 744 161 498 127 2675 4734 1160 2100 5951 1495 252 5428 136 2875 8268 201 10057 1242 8352 1510 275
internal_value=4.20747e-05 -0.000274022 7.86829e-05 5.11229e-05 2.69875e-05 8.55669e-05 -0.00020114 -0.000254136 2.41607e-05 -0.00136848 -0.000523877 -0.00228376 -0.00552632 -0.000234907 -0.000417099 0.000172014 0.00110429 0.000517571 -0.000142119 -0.00147744 7.89063e-05 -0.000760529 -0.000540721 -0.000659276 0.000351106 0.000756482 -0.00218432 -0.000843521 -0.00118526 9.80394e-05
internal_weight=263699 27370 236329 220939 211210 168056 43154 42005 147141 1688 1403 659 285 41825 28890 12935 3260 20915 9675 1374 8301 2873 26215 23139 3076 14964 1378 18405 10137 1785
internal_count=263699 27370 236329 220939 211210 168056 43154 42005 147141 1688 1403 659 285 41825 28890 12935 3260 20915 9675 1374 8301 2873 26215 23139 3076 14964 1378 18405 10137 1785
is_linear=0
shrinkage=0.05


Tree=104
num_leaves=31
num_cat=0
split_feature=17 0 20 29 0 18 29 27 1 0 16 15 20 29 27 3 24 24 18 1 5 24 24 15 14 6 24 29 1 0
split_gain=1.58249 1.05846 1.53199 1.52326 1.43414 1.58942 1.50312 2.46085 1.4813 1.30975 1.19671 1.32458 1.24629 2.65304 1.14613 1.28501 1.11236 1.08844 1.06055 1.19622 1.05422 1.03628 1.88044 1.46801 1.15488 1.04321 1.42186 1.46558 2.11676 4.25391
threshold=8.5000000000000018 4.7607705584681321 0.010396394390677272 -2.0687998472287839 4.9193525064942056 8.6764120889635752 5.8911258848236683 6.5000000000000009 105.00000000000001 4.7985492905656644 0.058395320373167546 3.5000000000000004 0.72899796287935059 -1.9534123769382994 4.5000000000000009 -0.75923526741024439 8.5000000000000018 13.500000000000002 14.651114474945253 149.00000000000003 1.6129722275535059 24.500000000000004 21.500000000000004 12.500000000000002 1.1388826222122266 0.34095917299510076 27.500000000000004 0.26451136106598711 121.00000000000001 5.2661901970245042
decision_type=2 2 2 2 2 2 2 2 2 2 2 2 2 2 2 2 2 2 2 2 2 2 2 2 2 2 2 2 2 2
left_child=1 -1 3 -3 5 8 10 -8 -4 16 -7 12 13 -12 15 20 -10 -18 -17 -20 -13 22 -6 -24 25 -23 -27 -28 29 -29
right_child=-2 2 4 -5 21 6 7 -9 9 -11 11 14 -14 -15 -16 18 17 -19 19 -21 -22 24 23 -25 -26 26 27 28 -30 -31
leaf_value=-0.0019773190551455925 0.0033932786979622475 -0.019209820755746135 -0.015999532744237509 0.0046718337447297148 0.00025098951121515952 0.0071192022403025806 -0.083945679330334741 -0.011894951982874068 0.043382296287414746 0.0057782699519321598 -0.12911755714729783 -0.027013696191629539 0.00031256646573467117 -0.00671427019370072 -0.0087367297707432925 0.027236113454998448 -0.048553230932117962 -0.018680836258309231 -0.063748937905972552 -0.0080603136152830011 -0.13972105803448026 -0.00019828470864032707 0.0023785272926180375 -0.0056426790265957337 0.0006021894470474127 -0.0039192817487799124 0.00064192319479929798 0.0097523978138218392 -0.0025706431125673613 -0.03407808488150179
leaf_weight=52029 17126 1152 318 17178 105351 809 55 131 115 4635 58 64 4635 1070 3770 111 70 224 107 173 62 13606 15329 979 13569 4824 4563 128 1114 128
leaf_count=52029 17126 1152 318 17178 105351 809 55 131 115 4635 58 64 4635 1070 3770 111 70 224 107 173 62 13606 15329 979 13569 4824 4563 128 1114 128
internal_value=5.37608e-05 2.14528e-05 7.50794e-05 0.000510093 2.97733e-05 -0.000415371 -0.000758261 -0.00521505 0.000290936 0.000499604 -0.000681923 -0.000830846 -0.000335762 -0.00182624 -0.00149638 -0.00370406 -0.00221271 -0.00384354 -0.002289 -0.00392857 -0.00809524 7.5537e-05 0.000146681 0.000646309 -0.000152641 -0.000358535 -0.000726503 -0.000208158 -0.00164234 -0.00574219
internal_weight=263483 246357 194328 18330 175998 16407 11045 186 5362 5044 10859 10050 5763 1128 4287 517 409 294 391 280 126 159591 121659 16308 37932 24363 10757 5933 1370 256
internal_count=263483 246357 194328 18330 175998 16407 11045 186 5362 5044 10859 10050 5763 1128 4287 517 409 294 391 280 126 159591 121659 16308 37932 24363 10757 5933 1370 256
is_linear=0
shrinkage=0.05


Tree=105
num_leaves=31
num_cat=0
split_feature=21 19 22 29 4 29 0 29 29 18 29 21 13 29 24 24 0 4 19 23 24 24 20 12 2 0 4 29 24 18
split_gain=1.19086 2.05015 2.89962 1.28633 1.13035 1.56691 1.52389 1.27649 2.22256 1.53865 1.39799 1.50764 1.17447 0.93185 1.31661 2.17996 1.75594 2.38081 1.72962 1.90685 1.68917 1.58248 2.01066 1.61623 1.39957 1.12221 1.82999 2.03637 1.72789 1.33547
threshold=34.500000000000007 3.0888116236248222 6.5000000000000009 -1.0791108000276988 -0.56778403148787893 -1.8577800261288111 4.6638718775261703 -0.34163659229328819 -0.56603449248727311 21.589410675069356 -0.39128857406938994 39.500000000000007 0.40484824922999385 0.8194000712106887 6.5000000000000009 10.500000000000002 5.0195808124667609 -0.18285179575064528 39.285608497592428 2.5000000000000004 4.5000000000000009 3.5000000000000004 0.73529432411517204 0.23039699937766869 -0.33167315547283044 4.8935427106932758 -0.56778403148787893 5.8911258848236683 8.5000000000000018 17.637850739205444
decision_type=2 2 2 2 2 2 2 2 2 2 2 2 2 2 2 2 2 2 2 2 2 2 2 2 2 2 2 2 2 2
left_child=1 2 3 -1 5 -2 7 8 -7 12 11 -11 -10 -3 20 16 17 25 -19 24 21 -15 23 -23 -20 26 -16 28 29 -28
right_child=4 13 -4 -5 -6 6 -8 -9 9 10 -12 -13 -14 14 15 -17 -18 18 19 -21 -22 22 -24 -25 -26 -27 27 -29 -30 -31
leaf_value=-0.0071571128915532056 0.012656249457474886 0.00032330461009280191 0.0014739313378683313 0.012204295861591025 4.9113600555405884e-05 -0.019434007498685641 -0.0058989538260507393 0.00040564708324040705 -0.044864576909795589 -0.023780859689058947 0.021878652062979821 -0.056394913810703932 -0.080574497847552273 -0.00090962091397231567 -0.058429350459424073 0.00053872643447043088 0.0093025804668743252 -0.12841213051984043 -0.12164319219629163 -0.041391879481909172 0.0091608659636483077 0.0088610239198322668 -0.038264588770955066 -0.034067916784016376 -0.091880672967810773 0.035276131901633229 0.050991222228857096 -0.11493439515037324 -0.18655113735884135 -0.22714409393619994
leaf_weight=224 1820 211517 6489 1444 20480 2154 8957 843 62 129 103 75 59 1609 1206 2456 334 76 84 183 2228 131 101 116 58 277 156 66 104 78
leaf_count=224 1820 211517 6489 1444 20480 2154 8957 843 62 129 103 75 59 1609 1206 2456 334 76 84 183 2228 131 101 116 58 277 156 66 104 78
internal_value=4.26564e-05 8.40189e-05 0.00086245 0.00272182 -0.000230379 -0.000573159 -0.000774511 -0.00167153 -0.00222308 -0.00551402 -0.00363192 -0.00602941 -0.0102893 5.52588e-05 -0.000435604 -0.000976762 -0.0019794 -0.00247378 -0.00597257 -0.00438462 0.000221028 -0.000850792 -0.00390805 -0.00147773 -0.00873239 -0.00173026 -0.00223602 -0.00514851 -0.00357988 -0.00119658
internal_weight=263619 228937 8157 1668 34682 14202 12382 3425 2582 428 307 204 121 220780 9263 5078 2622 2288 401 325 4185 1957 348 247 142 1887 1610 404 338 234
internal_count=263619 228937 8157 1668 34682 14202 12382 3425 2582 428 307 204 121 220780 9263 5078 2622 2288 401 325 4185 1957 348 247 142 1887 1610 404 338 234
is_linear=0
shrinkage=0.05


Tree=106
num_leaves=31
num_cat=0
split_feature=18 22 5 21 5 14 28 14 0 28 12 28 13 13 15 4 16 20 17 19 24 11 0 12 24 28 24 5 4 16
split_gain=0.974727 4.89791 1.27637 1.18581 1.01893 0.910528 1.16918 1.3356 1.07681 1.20376 1.40301 0.999121 1.03468 1.18933 1.02909 0.989636 0.975004 0.914173 1.30253 1.41451 1.03516 0.963904 1.73647 0.976998 0.896688 0.894692 0.876687 1.4919 1.04103 1.06316
threshold=1.2139476720512721 3.5000000000000004 1.920339662692834 35.500000000000007 0.5218132257820286 5.8068113592676589 2.5000000000000004 12.170365494167324 4.6245658589774434 26.500000000000004 0.2832356757345344 1.5000000000000002 0.18574405297445626 0.80650917765947039 26.500000000000004 -0.46302056092131688 4.4155177645442141 0.079363027141253303 5.5000000000000009 57.682278571424497 12.500000000000002 0.22623362013750395 4.7324720776733296 5.0324846378144983 6.5000000000000009 30.500000000000004 7.5000000000000009 0.60543924862776477 -0.14551333896301261 0.062328094572605311
decision_type=2 2 2 2 2 2 2 2 2 2 2 2 2 2 2 2 2 2 2 2 2 2 2 2 2 2 2 2 2 2
left_child=1 -1 3 -3 -5 11 7 15 9 -8 -11 14 -13 17 -2 -7 -17 18 19 20 -14 22 -21 -23 -4 26 27 -19 -29 -30
right_child=5 2 24 4 -6 6 8 -9 -10 10 -12 12 13 -15 -16 16 -18 25 -20 21 -22 23 -24 -25 -26 -27 -28 28 29 -31
leaf_value=0.011068606764721276 0.00070642603945587218 0.00082623287818311064 0.017780374234166601 -0.022958471817174773 -0.0051381895011239232 0.0013978447718015988 -0.00026661404638707098 -0.084318704530801897 0.0073495298073679473 -0.07141813267857329 -0.021209044271604947 0.00054959991214252049 0.00017294109669417483 0.00054603025354823013 -0.012714827643197419 -0.0047742333396851751 -0.085238155248342329 0.0023720758265013391 -0.0098238440927695056 -0.014222366169197816 -0.0034756088476031138 0.0066939595713596967 0.0096476699570699157 -0.044015213685941301 0.0052033048688439843 0.0066120076955506054 7.7338528104351601e-05 -0.0050508485827828386 0.0075559785952667912 -0.013921528411235616
leaf_weight=1697 73346 9564 497 89 2614 907 1366 93 12268 76 187 67680 4741 30041 226 115 70 2324 10378 1771 8934 5337 1111 75 2020 1406 21306 1443 172 1573
leaf_count=1697 73346 9564 497 89 2614 907 1366 93 12268 76 187 67680 4741 30041 226 115 70 2324 10378 1771 8934 5337 1111 75 2020 1406 21306 1443 172 1573
internal_value=8.00413e-05 0.000452339 0.000160309 -5.01343e-05 -0.000974843 5.51944e-05 0.000431641 -0.00107595 0.000560193 -0.000647636 -0.00374525 3.07078e-05 -4.00524e-05 -0.000150532 0.00018295 -0.00058608 -0.00391892 -0.000278103 -0.000459548 -0.000241476 -0.00055393 0.000273692 -0.000464955 0.000667036 0.00118594 -7.01529e-05 -0.000134611 -0.000696662 -0.001399 -0.00222063
internal_weight=263427 16481 14784 12267 2703 246946 15082 1185 13897 1629 263 231864 158292 90612 73572 1092 185 60571 32347 21969 13675 8294 2882 5412 2517 28224 26818 5512 3188 1745
internal_count=263427 16481 14784 12267 2703 246946 15082 1185 13897 1629 263 231864 158292 90612 73572 1092 185 60571 32347 21969 13675 8294 2882 5412 2517 28224 26818 5512 3188 1745
is_linear=0
shrinkage=0.05


Tree=107
num_leaves=31
num_cat=0
split_feature=18 22 15 3 17 0 1 0 4 24 1 24 24 3 29 29 28 27 28 18 29 29 4 19 29 29 29 27 22 1
split_gain=1.52882 3.97821 0.992859 0.917221 0.827668 1.65973 0.99102 0.986873 1.67421 1.20659 1.80791 1.73658 1.57181 1.14284 1.12468 2.02199 2.0818 1.75416 1.48475 2.36859 1.41131 1.80323 2.46026 3.46286 2.38757 1.3783 1.06733 1.39118 1.54749 1.02743
threshold=1.2139476720512721 3.5000000000000004 12.500000000000002 0.39097099425629928 9.5000000000000018 4.7324720776733296 101.00000000000001 4.6676560430519158 -0.51527502160955929 25.500000000000004 273.00000000000006 21.500000000000004 29.500000000000004 -1.2746328245152851 0.18134619278300948 -0.33473756701380636 11.500000000000002 20.500000000000004 21.500000000000004 40.267125989099505 -0.26383335995364116 0.032411862576377029 0.10300655519456049 9.7558718449454851 0.11033084955213045 0.15182710758755566 -1.1313414534795427 27.500000000000004 7.5000000000000009 249.00000000000003
decision_type=2 2 2 2 2 2 2 2 2 2 2 2 2 2 2 2 2 2 2 2 2 2 2 2 2 2 2 2 2 2
left_child=1 -1 4 -3 6 -6 -2 8 13 11 -11 -9 14 -8 15 17 20 18 19 -12 -17 -22 23 -23 -25 -24 -13 -28 -29 -15
right_child=2 3 -4 -5 5 -7 7 9 -10 10 12 26 -14 29 -16 16 -18 -19 -20 -21 21 22 25 24 -26 -27 27 28 -30 -31
leaf_value=0.010978992435618524 -0.0018638106693558165 0.00136725846997722 -0.0017574627585446381 -0.021298155869472059 0.0046694656839450094 -0.006221250351498165 0.0052792871331537169 0.00033735334672306853 0.010860431172945063 -0.0009979653935439333 0.0022082925238067876 0.016179801368167764 0.005405798015124876 -0.012344148549763879 0.004829462416032132 -0.038307456649004867 -0.055010844465390278 0.033577074701247059 0.048359327604234316 -0.13071365948074201 0.0030091917732772808 0.00014771084026185717 0.0040546636384825316 -0.033811486375748101 -0.014575434848927434 -0.025883626086036567 0.0018811250421044855 -0.041208018180624237 -0.0023317074817585997 0.00033245109735595695
leaf_weight=1738 12477 14814 24057 114 7758 1911 2974 118630 894 34502 230 1131 1712 9475 720 83 77 315 207 100 474 102 188 52 58 50 23861 174 852 4003
leaf_count=1738 12477 14814 24057 114 7758 1911 2974 118630 894 34502 230 1131 1712 9475 720 83 77 315 207 100 474 102 188 52 58 50 23861 174 852 4003
internal_value=5.73119e-05 0.000520821 2.60458e-05 0.000257235 5.89662e-05 0.000511428 3.84597e-05 6.5318e-05 -0.000295169 9.9391e-05 -0.000147929 0.000165851 0.00081044 -0.000409676 4.8946e-05 -0.000578512 -0.00201107 0.00124413 -0.000493482 -0.00257576 -0.00140516 -0.000844156 -0.00311111 -0.0070283 -0.0131818 0.000378151 0.000535783 0.000467513 -0.00133528 -0.000605431
internal_weight=263733 16666 247067 14928 223010 9669 213341 200864 17346 183518 38870 144648 4368 16452 2656 1936 1084 852 537 330 1007 924 450 212 110 238 26018 24887 1026 13478
internal_count=263733 16666 247067 14928 223010 9669 213341 200864 17346 183518 38870 144648 4368 16452 2656 1936 1084 852 537 330 1007 924 450 212 110 238 26018 24887 1026 13478
is_linear=0
shrinkage=0.05


Tree=108
num_leaves=31
num_cat=0
split_feature=24 4 0 20 5 18 16 27 29 4 29 6 19 22 12 26 14 0 3 27 1 27 24 24 0 19 19 17 12 18
split_gain=1.15415 1.58367 1.93548 1.66386 1.47348 1.43368 1.30036 1.41275 2.03283 1.33899 1.40015 1.07911 1.18411 1.12765 1.05378 1.00882 0.973105 1.03114 0.914578 1.08818 1.11589 0.898499 0.882121 1.03202 1.05394 1.44157 1.08744 1.17858 0.982456 0.939556
threshold=1.5000000000000002 0.25048996713075433 4.6207751646789132 0.71936151845197727 1.748561401894452 22.975506823943658 3.2732179436284303 13.500000000000002 -0.75729439682244581 0.16435227740156297 0.32943910009416355 0.44278675338947882 18.785630341768513 16.500000000000004 0.630849833662806 1.0000000180025095e-35 4.6140699006742665 4.8638827521613406 0.48477228857636528 33.500000000000007 157.00000000000003 32.500000000000007 11.500000000000002 23.500000000000004 4.7682863635691586 58.467286815758271 26.632372745804521 4.5000000000000009 0.11604271975899866 11.475555918351697
decision_type=2 2 2 2 2 2 2 2 2 2 2 2 2 2 2 2 2 2 2 2 2 2 2 2 2 2 2 2 2 2
left_child=1 2 5 4 6 -1 9 8 -8 -4 11 12 13 -11 -7 18 -5 -18 -2 -20 -21 22 -17 24 25 26 -24 -28 -27 -26
right_child=15 -3 3 16 -6 14 7 -9 -10 10 -12 -13 -14 -15 -16 21 17 -19 19 20 -22 -23 23 -25 29 28 27 -29 -30 -31
leaf_value=0.022533075749506692 0.00029587756416478905 0.0074497092837243336 0.00149102705174277 -0.0098008399568599476 0.013221136738079016 -0.0051750606358669351 -0.20436570107548779 -0.013648436993482699 -0.0093946560989833956 -0.039064189844429442 -0.034110545212310744 0.010584818724959475 0.011856312045067534 -0.0066060213304803038 0.026817569594020259 -0.0053019423870450978 -0.0066593408393556793 -0.024753377886100866 -0.002327907536509004 -0.0033680616156822186 -0.019312516793828661 0.030964192250697156 -0.00019621944361087294 -0.0026090466539033827 -0.00029179982164226451 -0.023145217348329795 -0.1023813126989096 -0.017127238856970234 0.0049256133211872249 0.005305169789085077
leaf_weight=732 229019 1601 5272 1018 1441 390 54 362 53 52 96 59 62 51 226 1383 54 52 3612 60 54 415 85 6993 7533 76 66 97 456 2421
leaf_count=732 229019 1601 5272 1018 1441 390 54 362 53 52 96 59 62 51 226 1383 54 52 3612 60 54 415 85 6993 7533 76 66 97 456 2421
internal_value=5.39144e-05 0.000542117 0.0003078 3.24602e-05 0.000301253 0.00206973 -4.04222e-05 -0.0025693 -0.00761682 0.000171674 -0.00296875 -0.000803571 -0.00287879 -0.00616505 0.000292208 3.1514e-05 -0.00176157 -0.00632075 6.04741e-05 -0.000716586 -0.00552632 -0.0003137 -0.000363684 -0.000268799 3.91282e-05 -0.00173077 -0.00487903 -0.00726994 -0.000263158 0.000177818
internal_weight=263845 11575 9974 8626 7502 1348 6061 469 107 5592 320 224 165 103 616 252270 1124 106 232745 3726 114 19525 19110 17727 10734 780 248 163 532 9954
internal_count=263845 11575 9974 8626 7502 1348 6061 469 107 5592 320 224 165 103 616 252270 1124 106 232745 3726 114 19525 19110 17727 10734 780 248 163 532 9954
is_linear=0
shrinkage=0.05


Tree=109
num_leaves=31
num_cat=0
split_feature=17 24 24 18 0 23 6 15 23 6 9 27 3 2 23 19 4 6 19 8 0 24 22 19 14 6 11 20 26 8
split_gain=1.07738 1.01242 2.24805 1.60171 1.52103 1.33559 1.39371 1.05035 1.58188 1.26206 1.01047 1.39696 1.07751 1.00281 1.29047 1.14559 1.24597 1.91107 1.18925 0.983929 0.935878 1.22187 1.01214 0.895428 0.882228 1.90594 1.68757 1.16031 1.16639 1.77452
threshold=8.5000000000000018 1.5000000000000002 7.5000000000000009 40.267125989099505 4.4674786937065862 2.5000000000000004 0.47402601654345544 28.500000000000004 1.0000000180025095e-35 0.33847284853806919 0.84916852147817357 26.500000000000004 0.43220820043506719 0.15394392585434327 1.5000000000000002 6.9839222246380492 0.33162928877321046 0.46496661981428483 5.6153368216153678 0.42619894547689657 4.688499415564281 21.500000000000004 12.500000000000002 55.740029803517508 0.57874113976821306 0.69359268489680648 0.24913428374551541 0.038121074183781432 1.0000000180025095e-35 0.53472210439197376
decision_type=2 2 2 2 2 2 2 2 2 2 2 2 2 2 2 2 2 2 2 2 2 2 2 2 2 2 2 2 2 2
left_child=13 3 4 -2 5 -3 -7 10 9 -9 20 23 -13 -1 15 16 -15 18 -18 -17 -4 -22 -23 -12 25 26 -16 -28 -29 -30
right_child=1 2 7 -5 -6 6 -8 8 -10 -11 11 12 -14 14 24 19 17 -19 -20 -21 21 22 -24 -25 -26 -27 27 28 29 -31
leaf_value=-0.00015841092234425053 0.017983111159706435 -0.0022919266140472914 0.0058471055167273476 -0.067322333226151068 -0.0035326185120251661 -0.062059177084716768 -0.023588944684092464 -0.025255366859664331 -0.0025130124972268762 -0.02653763117644381 -0.018290730907942906 -0.058650807059931476 0.0014277356438096439 -0.0018425960929314821 0.0014508126649244973 0.003777892004375125 -0.01772892181389708 -0.011367909802667607 -0.0074033271134876415 -0.00049312429772585022 0.0044820335320391669 -0.016343107724520117 -0.00095577898475805018 0.023761860617988972 0.0015501682641769095 -0.060044617395031731 -0.0064933558535615558 -0.00026857068807025847 -0.021330424289611852 -0.0023485801716463389
leaf_weight=182519 903 133 9617 91 1947 61 149 61 815 69 187 78 54 930 13886 615 87 54 285 16012 1795 388 720 88 25237 79 889 5656 104 327
leaf_count=182519 903 133 9617 91 1947 61 149 61 815 69 187 78 54 930 13886 615 87 54 285 16012 1795 388 720 88 25237 79 889 5656 104 327
internal_value=4.99555e-05 0.000433085 0.00033783 0.00198189 -0.00111354 -0.00418367 -0.00666667 0.000577422 -0.00103175 -0.00615385 0.000695057 -0.00175676 -0.00598485 2.33097e-05 0.000193342 -0.00016599 -0.00156342 -0.00380282 -0.00252688 -5.20236e-05 0.000774761 -1.20563e-05 -0.00131769 0.000272727 0.000333276 9.33577e-05 0.000122711 -0.000511754 -0.000265319 -0.00277262
internal_weight=263836 17156 16162 994 2290 343 210 13872 945 130 12927 407 132 246680 64161 17983 1356 426 372 16627 12520 2903 1108 275 46178 20941 20862 6976 6087 431
internal_count=263836 17156 16162 994 2290 343 210 13872 945 130 12927 407 132 246680 64161 17983 1356 426 372 16627 12520 2903 1108 275 46178 20941 20862 6976 6087 431
is_linear=0
shrinkage=0.05


Tree=110
num_leaves=31
num_cat=0
split_feature=26 0 29 28 16 29 29 2 23 1 0 23 20 2 27 29 17 24 2 11 12 22 18 18 24 17 29 22 22 7
split_gain=1.3111 0.989608 0.987758 1.34476 1.41214 1.45013 1.1461 1.61069 1.14888 1.09963 1.15328 1.14474 1.72841 1.19452 1.17502 1.0547 1.29215 2.1381 1.04798 0.982675 1.37768 1.72201 1.37468 1.4305 0.975217 1.40551 1.62775 0.975144 0.969197 1.33057
threshold=1.0000000180025095e-35 4.7607705584681321 0.49506689351185157 10.500000000000002 1.3912873624235147 -0.11317512005879747 -0.012310925937813548 -0.14123022173922664 1.5000000000000002 245.00000000000003 5.5254869140418341 3.5000000000000004 0.13223927504471258 0.37710112031248044 27.500000000000004 0.11586803245802089 7.5000000000000009 29.500000000000004 -0.57003663978995112 0.10070083388043331 0.085788425161491946 2.5000000000000004 17.637850739205444 0.096941918992014112 11.500000000000002 3.5000000000000004 0.29886960067755736 13.500000000000002 29.500000000000004 1.1926585445815248
decision_type=2 2 2 2 2 2 2 2 2 2 2 2 2 2 2 2 2 2 2 2 2 2 2 2 2 2 2 2 2 2
left_child=2 -2 3 4 19 28 -5 8 -8 11 -11 -4 13 18 -14 16 -7 -18 -13 20 21 -1 23 -22 25 26 27 -3 -6 -30
right_child=1 24 9 6 5 15 7 -9 -10 10 -12 12 14 -15 -16 -17 17 -19 -20 -21 22 -23 -24 -25 -26 -27 -28 -29 29 -31
leaf_value=0.011792399211144824 -0.0085101635896557889 -0.015322364376640949 -0.0038464068996838861 -0.00020393879043821637 0.0039933288916181413 0.0099676940245635604 0.020927215095626686 -0.053477721744534051 -0.029117509727505705 0.00096835523714598715 0.0045916271851823868 0.0041149949172296875 0.0066859483690767081 0.0027537846667172864 -0.0049131012037671121 0.0010498025149213014 0.0058388422747579606 -0.064810978600582242 -0.0070462923011598002 0.00027691683942583477 -0.030062350688689472 0.0029738905369464832 -0.012102878549162669 0.001037784725790985 -0.00021017922239170508 -0.0011106162581406712 -0.029238658616004914 5.9517013782841723e-05 -0.0015668289107196049 -0.029751439035778218
leaf_weight=921 2910 73 11125 78262 15313 3312 94 125 207 2447 702 1205 2726 1333 850 1806 328 57 2862 94884 98 7345 1524 15384 15426 958 54 120 1448 217
leaf_count=921 2910 73 11125 78262 15313 3312 94 125 207 2447 702 1205 2726 1333 850 1806 328 57 2862 94884 98 7345 1524 15384 15426 958 54 120 1448 217
internal_value=5.91787e-05 -0.000334937 9.06677e-05 0.000123235 0.000214776 0.000578489 -4.27001e-05 -0.00262911 -0.00064784 -0.000219355 0.000649413 -0.000355455 6.46169e-05 -0.0005 0.000917226 0.00128385 0.00176765 -0.000974026 -0.000925744 0.000146726 0.000423789 0.000953303 0.000166412 0.000307454 -0.000186098 -0.00155602 -0.00491903 -0.00277202 0.000349865 -0.000795796
internal_weight=264116 19541 244575 221325 142637 22481 78688 426 301 23250 3149 20101 8976 5400 3576 5503 3697 385 4067 120156 25272 8266 17006 15482 16631 1205 247 193 16978 1665
internal_count=264116 19541 244575 221325 142637 22481 78688 426 301 23250 3149 20101 8976 5400 3576 5503 3697 385 4067 120156 25272 8266 17006 15482 16631 1205 247 193 16978 1665
is_linear=0
shrinkage=0.05


Tree=111
num_leaves=31
num_cat=0
split_feature=24 0 18 27 18 20 15 5 4 4 6 24 0 19 27 29 24 5 29 9 28 11 7 0 21 28 27 17 29 21
split_gain=1.16896 1.85065 1.47571 1.79646 1.34416 1.21702 1.02845 1.02444 1.1473 0.973309 0.87012 0.889029 0.866883 0.915976 1.41955 1.66025 0.85595 0.8535 0.848038 1.60562 0.846277 1.52276 0.838366 0.794281 0.788161 0.983379 1.47848 0.914337 1.13273 0.824717
threshold=1.5000000000000002 4.6533718866885332 28.511877617768629 3.5000000000000004 36.744099829618499 0.71936151845197727 25.500000000000004 1.748561401894452 0.25048996713075433 -0.47394046729271372 1.8224632608233424 17.500000000000004 4.6948551260747839 33.433507884216034 25.500000000000004 -1.691767014093873 2.5000000000000004 2.9176656931190181 0.35441858460372855 0.62175225168482362 36.500000000000007 0.088008169148439314 0.95438331106223684 5.6757271873972215 33.500000000000007 18.500000000000004 8.5000000000000018 5.5000000000000009 -1.0072396594512696 31.500000000000004
decision_type=2 2 2 2 2 2 2 2 2 2 2 2 2 2 2 2 2 2 2 2 2 2 2 2 2 2 2 2 2 2
left_child=1 4 5 -4 -1 7 10 8 18 -6 23 12 13 14 15 -12 -8 22 -3 -20 -18 -22 -7 -2 25 29 -27 -26 -29 -5
right_child=6 2 3 24 9 17 16 -9 -10 -11 11 -13 -14 -15 -16 -17 20 -19 19 -21 21 -23 -24 -25 27 26 -28 28 -30 -31
leaf_value=0.019474974896467413 0.00012665265375995412 0.0018231328510486897 -0.017854501181121484 -0.0012116872738441352 0.0055087960918391941 -0.0026630628662634025 0.039016638290535824 0.014878744416138618 0.0063842963855567569 -0.066333947337647414 0.017680929515723986 0.010082133762664633 0.0063503473949296481 -0.0049580109444785922 0.02202936694306401 -0.05375459200095252 -0.0061264464317246012 -0.018532969886191263 -0.0014526969803419054 -0.037594110854600994 -0.076618089575222009 -0.0098230955199771885 -0.017302018163466947 0.0056503038077560198 0.073924365812696943 0.0028204406807300023 -0.17865346868890597 -0.058863755838921464 0.0080050851043447276 -0.071564483370267634
leaf_weight=1391 238254 4527 56 482 372 798 78 1068 1594 50 65 4822 3188 1432 77 149 3148 87 434 53 56 155 50 974 160 58 65 51 108 104
leaf_count=1391 238254 4527 56 482 372 798 78 1068 1594 50 65 4822 3188 1432 77 149 3148 87 434 53 56 155 50 974 160 58 65 51 108 104
internal_value=6.24467e-05 0.000555266 0.000281073 -0.00145756 0.00202151 0.000499942 3.99767e-05 0.0007074 0.000475182 -0.000450237 5.18356e-05 0.000515258 4.17432e-05 -0.000861869 -0.00341924 -0.00551402 -0.000819028 -0.00120321 0.00010371 -0.00187885 -0.000939267 -0.00400474 -0.000719339 3.29813e-05 -0.00098249 -0.00191114 -0.00597561 0.0010815 -0.00160377 -0.00105802
internal_weight=263906 11508 9695 1084 1813 8611 252398 7676 6608 422 248961 9733 4911 1723 291 214 3437 935 5014 487 3359 211 848 239228 1028 709 123 319 159 586
internal_count=263906 11508 9695 1084 1813 8611 252398 7676 6608 422 248961 9733 4911 1723 291 214 3437 935 5014 487 3359 211 848 239228 1028 709 123 319 159 586
is_linear=0
shrinkage=0.05


Tree=112
num_leaves=31
num_cat=0
split_feature=26 0 18 16 29 27 27 21 5 27 12 5 18 27 22 27 18 6 5 4 6 0 25 16 1 22 27 4 0 1
split_gain=1.15125 1.15113 0.892789 1.46072 1.10997 0.904748 0.857396 0.868422 1.19318 0.98948 0.854567 0.800259 0.771747 1.71557 3.32284 3.06755 4.81999 2.31064 1.63845 1.5049 1.44762 1.32198 1.2479 1.19007 1.17161 1.15794 2.13902 1.38094 1.51817 1.1542
threshold=1.0000000180025095e-35 4.7512206636374144 26.341942685659273 0.0226436716099391 -0.10083933790174561 19.500000000000004 24.500000000000004 38.500000000000007 2.3278830145006153 22.500000000000004 1.629361002228974 0.9064924294779334 13.711901041093762 17.500000000000004 19.500000000000004 29.500000000000004 2.413183686715783 0.11191186438626136 0.4425090111029108 -0.39457426753238528 1.0000000180025095e-35 5.0931594919370946 1.0000000180025095e-35 3.865127940442854 241.00000000000003 7.5000000000000009 16.500000000000004 0.18217412118880802 4.5649191543146843 105.00000000000001
decision_type=2 2 2 2 2 2 2 2 2 2 2 2 2 2 2 2 2 2 2 2 2 2 2 2 2 2 2 2 2 2
left_child=12 2 3 -2 6 -6 7 8 9 11 -3 -5 13 22 15 16 -15 -18 -19 20 -16 23 -1 -17 -20 26 -14 28 -28 -30
right_child=1 10 -4 4 5 -7 -8 -9 -10 -11 -12 -13 25 14 19 21 17 18 24 -21 -22 -23 -24 -25 -26 -27 27 -29 29 -31
leaf_value=0.00057518636036869364 -0.061685274107134348 -0.00076432238804874104 -0.0018388215104093665 0.017521161179672375 -0.010491502521766125 -0.050503368918453417 0.0071978894779674485 -0.038192233720988504 0.014108126303889749 -0.02073916156781587 0.005138053776532224 -0.015532651993688369 0.00051860807069239523 0.017946898568076686 -0.032147781472881512 -0.0086708860423801524 0.023321166025174908 -0.02036356719106576 0.0041082299269830785 0.0019274467185106494 -0.0070599812050219854 0.013742619142521371 -0.00059754469425477399 0.044570642638719113 0.0294177300063687 0.00059394462984262402 0.0019468730164258403 -0.02500013461772034 -0.18663260445991681 -0.0099741897047196208
leaf_weight=106582 57 15475 1167 68 53 94 158 54 161 70 1177 844 12189 1547 291 3988 1091 66 7212 5829 4356 881 30963 370 1510 57949 2120 114 140 6894
leaf_count=106582 57 15475 1167 68 53 94 158 54 161 70 1177 844 12189 1547 291 3988 1091 66 7212 5829 4356 881 30963 370 1510 57949 2120 114 140 6894
internal_value=5.04803e-05 -0.000320466 -0.00127293 -0.0020558 -0.00175766 -0.00588435 -0.00130996 -0.00176692 -0.00147419 -0.00212831 -0.000164545 -0.0016886 7.99291e-05 0.000141664 0.000504956 0.000943595 0.00140294 0.000996559 0.000727128 -0.000192821 -0.000863998 -5.8217e-05 6.99773e-05 -0.000415328 0.000786517 -4.8107e-05 -0.000361886 -0.000934398 -0.000866288 -0.00121979
internal_weight=263470 19378 2726 1559 1502 147 1355 1197 1143 982 16652 912 244092 164686 27141 16665 11426 9879 8788 10476 4647 5239 137545 4358 8722 79406 21457 9268 9154 7034
internal_count=263470 19378 2726 1559 1502 147 1355 1197 1143 982 16652 912 244092 164686 27141 16665 11426 9879 8788 10476 4647 5239 137545 4358 8722 79406 21457 9268 9154 7034
is_linear=0
shrinkage=0.05


Tree=113
num_leaves=31
num_cat=0
split_feature=6 16 15 1 4 1 16 0 12 28 29 22 9 0 29 18 24 15 18 29 12 24 16 0 5 29 23 19 9 9
split_gain=1.07775 1.06662 1.02559 0.968819 0.915176 0.909417 0.921921 0.951041 0.863117 0.8293 1.56529 0.781731 1.10425 0.745242 1.09563 1.06063 0.937862 1.02879 1.30922 0.866375 1.36831 1.08089 0.850755 0.962486 0.833667 0.81144 1.08502 0.848068 0.780166 0.885947
threshold=0.13319415438563156 0.003600789203555103 12.500000000000002 281.00000000000006 0.38172238949568843 105.00000000000001 0.40869351146835103 4.9488001638798016 0.10854559488297659 10.500000000000002 -0.24287231038323245 16.500000000000004 0.90958291410186376 4.5860089852518895 4.8373071902499918 5.7005334325441241 24.500000000000004 26.500000000000004 21.263223200823713 -0.79697630201178449 1.2846297319829549 6.5000000000000009 0.25657044301387455 4.8459066944144054 1.1349619381775733 -0.98629016210140319 2.5000000000000004 49.630314285091309 0.58249518578043591 0.45145970441399647
decision_type=2 2 2 2 2 2 2 2 2 2 2 2 2 2 2 2 2 2 2 2 2 2 2 2 2 2 2 2 2 2
left_child=1 -1 -2 -3 -5 6 7 -4 -6 -8 -11 13 -13 15 16 -7 28 22 -19 20 21 -17 -18 24 -24 -23 -27 -28 29 -15
right_child=2 3 5 4 8 11 9 -9 -10 10 -12 12 -14 14 -16 19 17 18 -20 -21 -22 25 23 -25 -26 26 27 -29 -30 -31
leaf_value=-0.005323409147377502 0.00025670805445076515 0.0017870276595291432 0.011448108920251011 0.0096730480935432253 -0.0100241045098529 0.022606141075565925 0.0099448735239785063 -0.0043435543381318527 0.0039424966088487208 -0.0011807316531158253 -0.046581399235759192 6.1944805735095494e-05 -0.024705802333267135 -0.0034745977209334707 -0.032909071229505288 -0.055602694739893016 -0.0072824574805621552 -0.040176610384433979 -0.014869823528403365 0.0011233154444847894 0.037871397466545192 -0.018104023992739981 -0.054024104910539918 -0.020591298205038654 -0.013439154378243398 -0.0047543886086233184 -0.024190388997491666 -0.036118254057330559 0.003576473887735996 -0.010255208354823847
leaf_weight=1169 223573 20739 1464 496 61 163 96 646 64 136 76 6731 71 2628 150 61 1010 64 58 2152 92 433 53 67 239 77 57 51 747 698
leaf_count=1169 223573 20739 1464 496 61 163 96 646 64 136 76 6731 71 2628 150 61 1010 64 58 2152 92 433 53 67 239 77 57 51 747 698
internal_value=6.62953e-05 0.000397044 3.54524e-05 0.000477528 0.00242351 -0.000327414 0.000574855 0.000947867 -0.0014 -0.00198052 -0.00372641 -0.000467248 -6.46867e-05 -0.000778409 -0.00111656 -0.000152301 -0.00100288 -0.00207579 -0.00647541 -0.000371194 -0.00180934 -0.00258468 -0.00168371 -0.00377437 -0.00253425 -0.00195793 -0.00472973 -0.00796296 -0.000610115 -0.000938064
internal_weight=264122 22529 241593 21360 621 18020 2418 2110 125 308 212 15602 6802 8800 5714 3086 5564 1491 122 2923 771 679 1369 359 292 618 185 108 4073 3326
internal_count=264122 22529 241593 21360 621 18020 2418 2110 125 308 212 15602 6802 8800 5714 3086 5564 1491 122 2923 771 679 1369 359 292 618 185 108 4073 3326
is_linear=0
shrinkage=0.05


Tree=114
num_leaves=31
num_cat=0
split_feature=17 29 27 27 4 7 27 15 4 29 7 29 29 27 12 23 27 1 12 22 11 5 21 3 2 14 22 3 4 18
split_gain=0.921087 1.13729 0.9533 1.58036 1.82143 1.02109 2.34158 2.96291 1.35523 1.83548 1.18554 1.12627 1.10567 1.05556 1.23986 1.19007 1.04578 0.93314 0.911594 0.940239 3.21318 1.06309 1.2372 1.17271 0.910307 0.907762 1.19586 1.32567 1.19856 1.06998
threshold=8.5000000000000018 -1.2877420863276781 41.500000000000007 38.500000000000007 -0.0082291034614279338 0.54562076514718949 27.500000000000004 26.500000000000004 -0.4421279035433397 -0.64858629318584227 0.55554568815937821 -0.78361957578518804 -1.0072396594512696 24.500000000000004 0.25504238407327745 5.5000000000000009 29.500000000000004 221.00000000000003 0.096619454592744805 2.5000000000000004 0.10556515692419723 0.54182167754764843 2.5000000000000004 0.018314494303103428 -0.66008813470004479 0.9871115650203971 19.500000000000004 0.52565656592785703 0.31091690483362444 2.1578333170927175
decision_type=2 2 2 2 2 2 2 2 2 2 2 2 2 2 2 2 2 2 2 2 2 2 2 2 2 2 2 2 2 2
left_child=18 17 3 5 -5 8 10 11 9 -3 24 12 -8 14 15 -10 -14 -2 19 20 -1 -22 23 -23 -7 26 27 28 29 -20
right_child=1 2 -4 4 -6 6 7 -9 13 -11 -12 -13 16 -15 -16 -17 -18 -19 25 -21 21 22 -24 -25 -26 -27 -28 -29 -30 -31
leaf_value=0.010404228314231219 0.018148964003751596 -0.060662987559983297 0.014502363732597782 0.0032287603463231778 -0.048272680219300097 -0.051667543804440177 -0.0093952932844490553 -0.060058948621959818 -0.003787212925763059 -0.0065436718939535874 0.0023826436725023371 -0.010507244308490329 -0.073299141457903158 0.0072867052551538816 0.0065033246920401513 0.011517900469712719 -0.020741072513744484 -0.052856203734094415 0.00059770647266353856 0.00067070783215683193 0.0037189443290885555 0.0090590527922636988 0.0008741269432154191 -0.011995929333038564 -0.0051722053769325226 0.00032129769567382178 0.00038873095785610075 -0.013078755172963391 0.00072991693469166158 -0.0022961429686836963
leaf_weight=1623 1247 51 277 68 51 76 117 50 2347 107 6750 998 51 1841 2463 338 57 59 7035 49891 445 108 1261 536 241 105342 35232 488 7560 37358
leaf_count=1623 1247 51 277 68 51 76 117 50 2347 107 6750 998 51 1841 2463 338 57 59 7035 49891 445 108 1261 536 241 105342 35232 488 7560 37358
internal_value=5.01388e-05 0.000404038 0.000287414 0.000235807 -0.0055042 0.000279912 -9.59231e-05 -0.00206991 0.000718483 -0.00386076 0.000259658 -0.00158217 -0.00477778 0.000822006 0.000454546 -0.00028864 -0.00842593 0.00182236 2.54985e-05 0.000207374 0.000947647 -0.000234042 -0.000748031 -0.00253106 -0.00272871 -2.52569e-05 -0.000144115 -0.000295475 -0.00027111 -0.000370216
internal_weight=264068 17189 15883 15606 119 15487 8340 1273 7147 158 7067 1223 225 6989 5148 2685 108 1306 246879 53864 3973 2350 1905 644 317 193015 87673 52441 51953 44393
internal_count=264068 17189 15883 15606 119 15487 8340 1273 7147 158 7067 1223 225 6989 5148 2685 108 1306 246879 53864 3973 2350 1905 644 317 193015 87673 52441 51953 44393
is_linear=0
shrinkage=0.05


Tree=115
num_leaves=31
num_cat=0
split_feature=24 0 4 18 20 27 23 0 29 27 28 16 18 28 6 12 4 16 11 29 0 11 29 5 29 10 9 19 0 18
split_gain=1.16408 1.78132 2.20494 1.46824 1.07481 1.27116 2.04591 1.25773 1.66057 1.97635 2.56495 1.0699 1.4813 1.14372 1.0165 1.66378 0.949407 1.05242 1.17063 0.98759 1.39614 1.47544 1.27627 1.02186 1.22355 1.91851 2.63451 1.5547 0.926148 0.921615
threshold=1.5000000000000002 4.5860089852518895 0.25048996713075433 38.534589766573134 0.71412733633231518 23.500000000000004 4.5000000000000009 4.7229765984487448 -0.90936145708900018 15.500000000000002 26.500000000000004 2.2231599324334388 23.988904727922019 33.500000000000007 0.68071715795668908 0.13539003953491638 0.038866071239654527 0.24552476800917519 0.26744131811121402 0.32943910009416355 5.2440907012378011 0.12289746108861653 0.2578448876669549 0.72049847843441472 0.019957140152332232 0.18333333333333338 0.54350928595928016 7.578876053668032 5.2482462980402831 2.6076295524879374
decision_type=2 2 2 2 2 2 2 2 2 2 2 2 2 2 2 2 2 2 2 2 2 2 2 2 2 2 2 2 2 2
left_child=1 3 4 -1 5 7 -7 8 9 10 -3 13 -13 -6 -10 -16 17 18 -9 22 -21 -22 23 24 25 27 -27 -18 -26 -30
right_child=-2 2 -4 -5 11 6 -8 16 14 -11 -12 12 -14 -15 15 -17 19 -19 -20 20 21 -23 -24 -25 28 26 -28 -29 29 -31
leaf_value=0.01928244644910744 0.00016177236824618463 -0.19784023284059057 0.0072886156800807183 -0.0052172887296786782 -0.0012708460042205763 -0.0014419023078988762 0.018717522117455872 -0.0073388516838053383 0.025773511503245153 -0.015221517564116729 -0.010721274031041853 -0.01163586777034379 -0.045360038432892241 -0.068806589996656065 -0.05154262914253134 -0.0038136797126787966 -0.024705808497248162 0.0052079988770186939 0.0042792851390827703 0.0033599965142091293 -0.0012861099184606401 -0.022082513754044256 0.013592979446492126 0.0066188624171601186 0.0069121757941758635 -0.015373728076833121 -0.035107661354247539 0.0012739867104367445 -0.013098913248588499 -0.00029039261977486407
leaf_weight=861 252638 84 1563 172 963 880 1055 389 239 151 78 155 67 50 53 341 62 1873 283 126 76 120 182 356 504 172 62 338 89 229
leaf_count=861 252638 84 1563 172 963 880 1055 389 239 151 78 155 67 50 53 341 62 1873 283 126 76 120 182 356 504 172 62 338 89 229
internal_value=5.96306e-05 0.000549987 0.000355788 0.00253146 5.40271e-05 0.00027254 0.00138243 -9.72962e-05 -0.00176533 -0.00474441 -0.00858025 -0.00131579 -0.00445946 -0.000626851 -0.000292259 -0.00185279 0.00022732 0.00089391 -0.000803571 -0.000505181 -0.00307453 -0.00571429 -9.02706e-05 -0.00049117 -0.0010783 -0.00272871 -0.00632479 -0.000625 0.000194647 -0.00191824
internal_weight=264211 11573 10540 1033 8977 7742 1935 5807 946 313 162 1235 222 1013 633 394 4861 2545 672 2316 322 196 1994 1812 1456 634 234 400 822 318
internal_count=264211 11573 10540 1033 8977 7742 1935 5807 946 313 162 1235 222 1013 633 394 4861 2545 672 2316 322 196 1994 1812 1456 634 234 400 822 318
is_linear=0
shrinkage=0.05


Tree=116
num_leaves=31
num_cat=0
split_feature=26 24 0 18 28 23 14 5 4 18 11 21 14 22 24 24 4 14 29 18 23 18 13 0 28 21 28 0 0 15
split_gain=1.15344 0.968517 1.40358 1.73263 1.47102 1.73101 1.72264 1.56884 1.36442 1.27972 1.13153 1.81166 1.04691 1.12811 1.42715 2.25789 2.36328 2.84079 1.43489 1.24333 1.36994 1.17374 1.04407 0.99531 1.27979 1.02216 1.3109 2.67081 1.25693 1.46582
threshold=1.0000000180025095e-35 1.5000000000000002 4.6245658589774434 38.534589766573134 9.5000000000000018 2.5000000000000004 5.1890257250113203 0.68977667960227718 0.10033332971889777 47.484748631825177 0.41727267169411419 34.500000000000007 4.7154153011772566 21.500000000000004 6.5000000000000009 9.5000000000000018 -0.20969438039806546 13.651224984796185 -0.14093016171411588 18.392463309173653 2.5000000000000004 11.664501020531697 1.7611445145961853 5.0376407589987657 33.500000000000007 33.500000000000007 11.500000000000002 4.7136623405178657 4.7229765984487448 5.5000000000000009
decision_type=2 2 2 2 2 2 2 2 2 2 2 2 2 2 2 2 2 2 2 2 2 2 2 2 2 2 2 2 2 2
left_child=1 2 3 -1 5 8 23 -7 -4 -5 -8 -12 -3 21 -15 16 17 19 -18 -16 -21 -14 -22 24 25 26 27 -6 29 -28
right_child=-2 12 4 9 6 7 10 -9 -10 -11 11 -13 13 14 15 -17 18 -19 -20 20 22 -23 -24 -25 -26 -27 28 -29 -30 -31
leaf_value=0.017646604647283459 -0.0011332292681153172 4.9868492266870276e-05 -0.0037857753172338957 -0.042483024851778073 0.046646895641182795 0.0011311688617018977 -0.0043244635985188141 0.012299930312803109 0.0066820710853307463 0.0080481677820253266 -0.11684154846098538 0.00091095993949375962 0.022095596468407374 0.018445728475236702 0.039253562349340798 -0.00025749961437434698 -0.138343164835773 -0.36913247446441333 -0.056111356605375008 0.0039639034281298826 -0.12082905952660049 0.0037650485529583792 -0.33177833968564507 0.0048345166705833255 -0.048297784504446745 0.012167486891778668 -0.066168336149942789 -0.042019450757385716 0.0025839947148149551 0.0040552855779181201
leaf_weight=1150 19558 212617 2158 105 54 2567 139 2151 957 157 97 57 3032 1120 310 4452 61 53 62 191 124 10229 84 527 78 605 87 139 423 94
leaf_count=1150 19558 212617 2158 105 54 2567 139 2151 957 157 97 57 3032 1120 310 4452 61 53 62 191 124 10229 84 527 78 605 87 139 423 94
internal_value=3.65932e-05 6.62213e-05 0.000513209 0.00199009 0.000307412 0.000633857 -0.000804348 0.00123781 -0.000280899 -0.00167939 -0.00438567 -0.00733766 4.40099e-05 0.000392535 -0.00014945 -0.000489975 -0.00279661 -0.00175853 -0.00922764 -0.000923836 -0.00276942 0.000656436 -0.00557692 -0.000281515 -0.000945946 -0.000599144 -0.00177541 -0.00536269 -0.000629139 -0.00411602
internal_weight=263438 243880 11545 1412 10133 7833 2300 4718 3115 262 293 154 232335 19718 6457 5337 885 762 123 709 399 13261 208 2007 1480 1402 797 193 604 181
internal_count=263438 243880 11545 1412 10133 7833 2300 4718 3115 262 293 154 232335 19718 6457 5337 885 762 123 709 399 13261 208 2007 1480 1402 797 193 604 181
is_linear=0
shrinkage=0.05


Tree=117
num_leaves=31
num_cat=0
split_feature=13 13 29 3 2 13 0 28 27 12 8 29 21 11 18 11 3 19 18 3 4 12 5 8 14 11 24 9 19 4
split_gain=1.03315 1.38186 0.940135 1.12759 1.04758 1.54678 1.00005 0.891136 0.822208 0.821063 0.844417 0.789097 0.872954 0.890947 0.771335 0.886299 1.19884 0.741206 0.880844 1.02224 0.722776 0.780806 0.838893 1.3974 1.33515 0.99933 0.937543 0.752265 0.744075 1.22699
threshold=0.16363493331508963 0.92799832563025675 -2.8294749043545768 -1.0739094439764287 -0.74097464325254292 0.037872226721544396 4.6851294144313123 1.5000000000000002 59.500000000000007 0.39819164959806813 2.9280738751627431 5.8911258848236683 38.500000000000007 0.82453793490313221 72.055489930407177 0.30002106308932225 -0.90435493388536248 45.784357802777031 50.504317098060362 -0.96764510440433205 0.045414351683201036 0.9489467609945802 0.62832612114087827 0.59670598189958912 1.3173073788978713 0.46921417063070087 24.500000000000004 0.77680467171974166 41.617910341718854 -0.49783181269883786
decision_type=2 2 2 2 2 2 2 2 2 2 2 2 2 2 2 2 2 2 2 2 2 2 2 2 2 2 2 2 2 2
left_child=2 7 3 4 6 -6 -1 -2 -4 10 -9 14 13 17 -3 16 -16 -13 19 -19 28 -22 23 24 25 26 -23 -25 29 -11
right_child=1 11 8 -5 5 -7 -8 9 -10 20 -12 12 -14 -15 15 -17 -18 18 -20 -21 21 22 -24 27 -26 -27 -28 -29 -30 -31
leaf_value=0.057697329605828962 0.00023763853238425179 0.0015210227301548623 0.00086629171839336719 -0.0074329639665915367 -0.025649361022253271 -0.15259884691642775 -0.052979155852218809 -0.0017824842255673994 -0.071459636581463273 -0.014685895129180586 0.011462638457565798 0.018773825690632105 -0.041828716878968997 0.015671372854350857 -0.060203982227676062 -0.0093090002555246184 -0.0077339338724460339 -0.1080849822255765 0.015034789126223098 -0.027436603789410954 0.0027447592678650741 -0.01279750062305857 0.00338534835360078 0.0024466930073001069 -0.00019440702324745836 -0.013683229486477603 0.0024398303869748502 -0.0086218062437057475 0.00072006545189834002 -0.00017174437682458576
leaf_weight=67 43822 41466 95818 1181 70 78 51 49385 55 3225 235 114 84 163 52 223 53 60 50 121 3982 151 867 447 217 66 58 55 14049 7564
leaf_count=67 43822 41466 95818 1181 70 78 51 49385 55 3225 235 114 84 163 52 223 53 60 50 121 3982 151 867 447 217 66 58 55 14049 7564
internal_value=5.39935e-05 -2.16503e-05 0.000183416 -0.00108155 -0.00402256 -0.00682432 -0.000508474 -0.000105822 0.000202508 -0.000204792 -0.000330512 0.000224839 -0.00158784 -0.000807086 0.000250515 -0.00216463 -0.00595238 -0.00224638 -0.00387446 -0.00549724 -1.46652e-06 0.000498888 -0.000346588 -0.00133803 -0.00323171 -0.00554545 -0.00385167 0.000517928 -0.000119172 -0.000431458
internal_weight=263829 166509 97320 1447 266 148 118 124123 95873 80301 49620 42386 592 508 41794 328 105 345 231 181 30681 5843 1861 994 492 275 209 502 24838 10789
internal_count=263829 166509 97320 1447 266 148 118 124123 95873 80301 49620 42386 592 508 41794 328 105 345 231 181 30681 5843 1861 994 492 275 209 502 24838 10789
is_linear=0
shrinkage=0.05


Tree=118
num_leaves=31
num_cat=0
split_feature=13 1 15 24 24 14 22 1 7 6 12 9 12 20 10 4 21 27 6 24 11 13 2 26 16 0 11 7 24 13
split_gain=1.01772 1.27135 1.21108 1.55354 1.67204 1.33184 1.26204 1.19908 1.68432 1.3838 1.18597 1.14916 1.49067 1.6052 1.13967 1.24236 1.13522 1.46347 1.07175 1.06845 1.2947 1.28508 1.06734 0.976171 0.973989 1.0748 0.982275 0.963879 1.64798 1.42347
threshold=0.11084762384796588 297.00000000000006 4.5000000000000009 21.500000000000004 24.500000000000004 1.129763048746353 26.500000000000004 125.00000000000001 0.53903927191660472 0.27832056062710414 0.18003226881425496 0.64705230206425035 0.10169734748378949 0.051488372481554544 0.15000000000000002 0.44099366544005086 29.500000000000004 19.500000000000004 0.45611936373137923 17.500000000000004 0.097228178678724145 0.47896589403446721 -0.63016557428911468 1.0000000180025095e-35 1.8265939905570898 4.6982027489592868 1.561759448688816 0.35071519013389857 27.500000000000004 0.16835478749891125
decision_type=2 2 2 2 2 2 2 2 2 2 2 2 2 2 2 2 2 2 2 2 2 2 2 2 2 2 2 2 2 2
left_child=1 -1 3 7 14 27 -7 8 19 16 -4 24 -13 -14 15 18 -10 -18 -5 21 -21 -2 -23 -12 26 -26 -8 -6 29 -29
right_child=2 -3 10 4 5 6 11 -9 9 -11 23 12 13 -15 -16 -17 17 -19 -20 20 -22 22 -24 -25 25 -27 -28 28 -30 -31
leaf_value=0.00094372339061220419 -0.0024208060203521078 0.007882365136977449 0.0003446304275629692 0.0042697290831873683 0.0011959604744063064 0.0020827821843988959 0.0017899489660530663 0.00024788769369455305 0.010450676269949806 -0.0046037283313260782 -0.0016340834052092732 0.0098013181603034197 -0.020479363027911965 -0.011994352052082029 0.0025608556788572832 -0.014425710008378707 -0.036599954488969758 -0.012244878309387693 0.0017876415166327075 0.0049592588192870152 -0.0052270520784930517 -0.0059394628438816967 0.0050094009972648634 -0.0055906283861589896 0.0065048136700166601 -0.014176590947479976 -0.013761525248113965 -0.012423021418372883 0.00022136492403477157 -0.0028342422596454604
leaf_weight=65571 4468 604 29776 1861 2176 17947 1821 65847 53 5727 37517 84 52 325 10007 70 54 52 1473 367 1605 617 3518 2580 481 1010 68 382 4332 3087
leaf_count=65571 4468 604 29776 1861 2176 17947 1821 65847 53 5727 37517 84 52 325 10007 70 54 52 1473 367 1605 617 3518 2580 481 1010 68 382 4332 3087
internal_value=6.3408e-05 0.000233094 6.51123e-06 9.82086e-05 0.000333806 0.000136156 0.000355242 -3.11025e-05 -0.000412794 -0.00109072 -0.000160792 -0.000467326 -0.00280911 -0.00415119 0.000801954 0.00159224 -0.00569182 -0.00867924 0.00173065 -3.54608e-05 -0.00108519 0.000205161 0.000840387 -0.000338304 -0.000147929 -0.00110329 0.000606141 -0.000342287 -0.000601846 -0.00141395
internal_weight=263532 66175 197357 127484 45176 31765 21788 82308 16461 5886 69873 3841 461 377 13411 3404 159 106 3334 10575 1972 8603 4135 40097 3380 1491 1889 9977 7801 3469
internal_count=263532 66175 197357 127484 45176 31765 21788 82308 16461 5886 69873 3841 461 377 13411 3404 159 106 3334 10575 1972 8603 4135 40097 3380 1491 1889 9977 7801 3469
is_linear=0
shrinkage=0.05


Tree=119
num_leaves=31
num_cat=0
split_feature=6 28 9 1 17 17 5 20 14 16 28 11 22 0 1 22 28 12 3 27 0 1 28 28 11 3 27 11 14 17
split_gain=1.0152 1.56119 1.11366 1.76754 1.01377 0.967058 1.22204 1.14199 1.69184 1.07745 0.991796 0.886025 0.883065 0.863175 0.88678 1.14181 0.796862 0.960317 0.750645 1.17029 0.75007 2.39181 1.30247 1.49106 1.97883 1.19999 1.13513 0.954029 0.906355 1.4872
threshold=0.13319415438563156 8.5000000000000018 0.55408270420111394 225.00000000000003 6.5000000000000009 8.5000000000000018 4.3892368686248622 0.71486544026091525 1.5357756927412083 0.02922305802498695 8.5000000000000018 0.52248303327817391 26.500000000000004 5.6492764668392832 261.00000000000006 9.5000000000000018 16.500000000000004 0.19899137241606016 0.50151335931805185 32.500000000000007 4.6098625740792736 161.00000000000003 26.500000000000004 29.500000000000004 3.3839275911733053 -1.2989473524795698 35.500000000000007 0.35513130051576586 3.6453913440361085 5.5000000000000009
decision_type=2 2 2 2 2 2 2 2 2 2 2 2 2 2 2 2 2 2 2 2 2 2 2 2 2 2 2 2 2 2
left_child=1 2 3 12 -4 13 9 8 -8 10 -7 -3 -1 18 -15 -16 17 -9 20 -20 21 -2 26 24 27 -22 -23 -24 -25 -30
right_child=5 11 4 -5 -6 6 7 16 -10 -11 -12 -13 -14 14 15 -17 -18 -19 19 -21 25 22 23 28 -26 -27 -28 -29 29 -31
leaf_value=0.0076182431429207137 0.0094594900995468509 -0.00027072488818994322 0.00013420125162979141 0.014582400554492243 0.010795039030088473 -0.016234756099796546 -0.012338094407727058 -0.03907316895865335 -0.068051113882713496 0.0031702681446358614 -0.0039726586746895859 0.019188548718692716 -0.00043969188194881414 0.0034928919538798247 -0.013577894147690117 0.02545401267374512 0.010194297525171026 0.0033717551015907082 -0.0024470597211488634 -0.015169642766185702 0.0081021480033540861 -0.0085610176024433979 -0.084147896630087357 0.02005149071346693 -0.069966253853195104 -1.5467192708502753e-05 -0.072924526684554569 -0.0098271794556503492 -0.12337486988228799 0.0029874897503122562
leaf_weight=3257 1771 11201 4806 979 393 58 222 63 65 15284 106 123 1640 3727 72 53 305 63 2374 92 5142 5550 198 249 61 204818 95 208 52 108
leaf_count=3257 1771 11201 4806 979 393 58 222 63 65 15284 106 123 1640 3727 72 53 305 63 2374 92 5142 5550 198 249 61 204818 95 208 52 108
internal_value=5.72902e-05 0.000379258 0.000801355 0.00127297 0.000268321 2.7333e-05 0.000400841 -0.0016156 -0.00405923 0.000494563 -0.00353659 -3.35569e-05 0.000885236 4.45482e-07 0.000742472 -0.0034 1.16011e-05 -0.00333333 -1.25045e-05 -0.000879967 -2.70311e-06 -0.000469127 -0.00091167 -0.00270548 -0.00463597 1.57175e-05 -0.000633304 -0.00337438 -0.000501222 -0.0034375
internal_weight=263135 22399 11075 5876 5199 240736 16166 718 287 15448 164 11324 4897 224570 3852 125 431 126 220718 2466 218252 8292 6521 876 467 209960 5645 406 409 160
internal_count=263135 22399 11075 5876 5199 240736 16166 718 287 15448 164 11324 4897 224570 3852 125 431 126 220718 2466 218252 8292 6521 876 467 209960 5645 406 409 160
is_linear=0
shrinkage=0.05


Tree=120
num_leaves=31
num_cat=0
split_feature=2 23 0 17 24 24 21 29 21 29 20 23 17 21 0 29 1 4 0 0 1 0 18 29 7 22 28 18 28 23
split_gain=0.964756 1.88335 1.01534 0.913143 1.20772 2.45509 1.47278 1.3625 1.61706 1.30495 0.998902 1.15521 0.989688 1.58423 1.57576 1.49168 1.65747 1.43928 2.14213 1.92787 1.61956 2.26381 1.85331 1.88835 1.94906 1.74828 2.03723 1.57955 1.53412 1.47599
threshold=0.28694789977656471 1.5000000000000002 5.5099253636219219 8.5000000000000018 1.5000000000000002 5.5000000000000009 31.500000000000004 -0.21038776322965347 28.500000000000004 -1.2218905403000824 0.72448600594899382 2.5000000000000004 5.5000000000000009 36.500000000000007 4.7720400331370492 -1.8577800261288111 193.00000000000003 -0.53144464011021608 4.7985492905656644 4.8459066944144054 233.00000000000003 4.5860089852518895 14.189292361214495 -3.6915046855524722 1.0773958866456528 7.5000000000000009 9.5000000000000018 50.504317098060362 10.500000000000002 5.5000000000000009
decision_type=2 2 2 2 2 2 2 2 2 2 2 2 2 2 2 2 2 2 2 2 2 2 2 2 2 2 2 2 2 2
left_child=3 -2 -3 12 -5 6 7 8 -6 -10 11 -11 17 -14 15 16 -15 18 20 -19 21 27 28 24 -24 26 -25 -1 -22 -21
right_child=1 2 -4 4 5 -7 -8 -9 9 10 -12 -13 13 14 -16 -17 -18 19 -20 29 22 -23 23 25 -26 -27 -28 -29 -30 -31
leaf_value=-0.013170775715440992 -0.0011390268904418479 0.00038604415204534939 0.0020648797878503162 0.014935376170742183 0.0054700304968109698 0.0025707083718321871 0.00055605282121059738 -0.0047741033455159232 0.0014512449022004818 -0.046235206878986135 -0.054931999073628016 -0.017357924632377522 -0.00058003799462440415 -0.045069286757895566 -0.0010653131700536971 -0.021091881431601955 0.052127325019526417 -0.0075564590047155688 0.010609352840993815 0.00013927070190514684 0.017696018146804517 -0.00030331224169002625 -0.064024676518369739 -0.02411260922262182 -0.35869649213541011 0.0070817645855699753 0.00047343574610928863 -0.059590973749520083 0.0047328732919259221 -0.0020626878990971181
leaf_weight=1001 11479 12680 16636 943 59 13871 653 374 67 53 100 128 42079 100 5936 3777 479 4644 6535 90929 2469 20634 96 1062 52 6713 3026 227 2529 14548
leaf_count=1001 11479 12680 16636 943 59 13871 653 374 67 53 100 128 42079 100 5936 3777 479 4644 6535 90929 2469 20634 96 1062 52 6713 3026 227 2529 14548
internal_value=2.7077e-05 0.000250644 0.000463228 -1.38063e-05 0.00034712 0.000240118 -0.00172943 -0.00319462 -0.00519656 -0.00649425 -0.00798932 -0.00577348 -4.21588e-05 -0.000229994 -0.000786047 -0.00150826 0.000854922 2.15261e-05 0.000262042 -7.5326e-05 0.000117565 -0.000161925 0.000500721 0.000136542 -0.00547297 0.000213406 -0.000601761 -0.00224756 0.00129852 -3.14285e-05
internal_weight=263879 40795 29316 223084 16248 15305 1434 781 407 348 281 181 206836 52371 10292 4356 579 154465 44344 110121 37809 21862 15947 10949 148 10801 4088 1228 4998 105477
internal_count=263879 40795 29316 223084 16248 15305 1434 781 407 348 281 181 206836 52371 10292 4356 579 154465 44344 110121 37809 21862 15947 10949 148 10801 4088 1228 4998 105477
is_linear=0
shrinkage=0.05


Tree=121
num_leaves=31
num_cat=0
split_feature=5 14 24 6 5 0 14 0 12 0 6 11 2 4 0 23 4 23 1 23 23 23 17 4 17 11 16 2 17 24
split_gain=1.05458 0.904617 1.22343 0.968743 1.15853 1.43699 1.17583 1.03871 1.19583 1.09144 0.958323 0.974366 0.921295 0.898697 0.885826 2.82771 3.38233 3.37899 4.27111 3.43515 2.81454 4.14777 2.6873 3.35216 2.30653 2.02764 1.98537 1.90913 1.65264 1.5695
threshold=0.36955847803969871 4.2343533827342315 23.500000000000004 0.28906233286774546 0.40747828828078908 5.2235812945003683 0.96982378087972942 5.5746383022120165 1.2846297319829549 4.6461108844735088 0.29463671985308793 0.85492308390025462 -2.4789605954257139 -0.0092493123177646505 5.2857546082407643 1.5000000000000002 0.20050477490729349 2.5000000000000004 245.00000000000003 5.5000000000000009 4.5000000000000009 3.5000000000000004 4.5000000000000009 0.12752393349134036 3.5000000000000004 0.84076096094271346 0.025853326908751001 0.4999105579486664 6.5000000000000009 4.5000000000000009
decision_type=2 2 2 2 2 2 2 2 2 2 2 2 2 2 2 2 2 2 2 2 2 2 2 2 2 2 2 2 2 2
left_child=-1 3 -3 7 5 -5 10 8 9 -2 11 -6 -12 -7 -14 27 17 18 28 20 21 -19 23 -23 -22 -24 -21 -16 -17 -28
right_child=1 2 -4 4 6 13 -8 -9 -10 -11 12 -13 14 -15 15 16 -18 19 -20 26 24 22 25 -25 -26 -27 29 -29 -30 -31
leaf_value=0.0024576986816928362 0.0054167725115123484 0.00060843534457741028 0.010738722436746739 -0.0070104552827948037 -0.0053546438713965375 -0.0072838773415640854 0.00021992995511645235 0.0026042397240415849 -0.014411081916763508 8.4938540933652179e-05 -0.058741281619377209 -0.020871466414460263 -0.00040142899322598042 -2.7733094954345305e-06 0.0037839300902266109 -0.016426272563038174 0.00075099682294541383 0.0035355365638390802 -0.053193557560288207 -0.037112928471026728 -0.01357885714442298 0.0017695790196235216 -0.034322563603493429 -0.059791161617235591 0.010468189355860006 -0.042408623463433159 0.017976688488498514 -0.024916902583306231 -0.056161391295800368 -0.022091256405591644
leaf_weight=4065 4900 18283 7441 1716 1176 268 101087 7744 236 53736 56 58 46789 3351 3579 994 3445 1210 100 81 214 518 539 62 1031 110 128 159 97 962
leaf_count=4065 4900 18283 7441 1716 1176 268 101087 7744 236 53736 56 58 46789 3351 3579 994 3445 1210 100 81 214 518 539 62 1031 110 128 159 97 962
internal_value=3.11396e-05 1.8649e-05 0.000300109 -1.22467e-05 -7.63129e-05 -0.000801312 -5.24953e-05 0.000149063 7.74564e-05 9.17527e-05 -0.000225256 -0.00160454 -0.000196924 -0.000236253 -0.000190943 -0.000552196 -0.00101096 -0.00172345 -0.00410999 -0.001138 -0.000388165 -0.00137556 -0.00342148 -0.000948276 0.00154618 -0.00563174 -0.00349701 0.000612627 -0.00320348 -0.00293578
internal_weight=264135 260070 25724 234346 167730 5335 162395 66616 58872 58636 61308 1234 60074 3619 60018 13229 9491 6046 1191 4855 3684 2439 1229 580 1245 649 1171 3738 1091 1090
internal_count=264135 260070 25724 234346 167730 5335 162395 66616 58872 58636 61308 1234 60074 3619 60018 13229 9491 6046 1191 4855 3684 2439 1229 580 1245 649 1171 3738 1091 1090
is_linear=0
shrinkage=0.05


Tree=122
num_leaves=31
num_cat=0
split_feature=24 0 4 12 28 24 24 27 7 1 27 1 19 22 28 0 2 0 0 27 0 4 0 24 24 1 24 9 24 13
split_gain=1.17666 1.72242 1.24715 1.05939 2.12419 1.03577 1.74794 1.79574 1.82839 2.34099 1.34419 1.45886 1.44246 1.74062 1.73355 1.29484 1.28743 1.38895 1.31862 1.27918 1.10219 1.63435 1.59842 4.49489 6.40508 6.01767 2.7985 1.55269 1.3614 1.61604
threshold=1.5000000000000002 4.6344336593550848 0.25048996713075433 3.1286778461015454 19.500000000000004 21.500000000000004 24.500000000000004 16.500000000000004 0.27613375676149005 117.00000000000001 27.500000000000004 249.00000000000003 48.521988010920985 8.5000000000000018 10.500000000000002 5.6492764668392832 -0.1816038098615301 5.1701421864534813 5.54593981920228 23.500000000000004 4.7640480011832471 -0.21650765130726377 5.0321893123531218 6.5000000000000009 9.5000000000000018 157.00000000000003 7.5000000000000009 0.65060231800007251 6.5000000000000009 0.19107325073635506
decision_type=2 2 2 2 2 2 2 2 2 2 2 2 2 2 2 2 2 2 2 2 2 2 2 2 2 2 2 2 2 2
left_child=1 -1 3 -3 -5 15 -7 16 9 19 11 -10 14 -14 -13 20 18 -18 -8 -9 -2 -22 23 27 25 26 -25 -23 -24 -30
right_child=5 2 -4 4 -6 6 7 8 10 -11 -12 12 13 -15 -16 -17 17 -19 -20 -21 21 22 28 24 -26 -27 -28 -29 29 -31
leaf_value=0.014693915297105035 -0.0033395809122487869 0.00073334183824546998 0.0053468731033733431 -0.0013707523586656322 -0.030570538165742747 0.0018892873169338627 -0.0032490642677771675 -0.025204262992557992 0.0018649403292096138 0.0084012327590488791 -0.0045662348278908632 0.018285883238369285 -0.0082092756954514311 0.021649294421894123 0.00028130308283420098 0.0043048857618399388 0.0063225410159866262 -0.00029991575834226126 -0.016593746800547881 -0.0064655503709517784 0.0025729352427140712 0.012097755903326917 -0.0023977507503099103 -0.12482941661011809 -0.0027109162564246839 0.027284719102649374 -0.12428137663029133 -0.012320509160600058 0.001277074043956717 -0.00045261034448777597
leaf_weight=1507 35796 8153 1619 221 62 27357 10079 85 17539 113 3998 1207 1112 1573 501 2684 1963 28027 169 55 26481 2293 19942 451 5822 212 849 180 27196 36247
leaf_count=1507 35796 8153 1619 221 62 27357 10079 85 17539 113 3998 1207 1112 1573 501 2684 1963 28027 169 55 26481 2293 19942 451 5822 212 849 180 27196 36247
internal_value=4.38913e-05 0.000537104 0.000300846 5.68992e-05 -0.00295053 2.1256e-05 0.000152915 1.43782e-05 0.000336669 -0.00389328 0.000377941 0.000531643 0.00134646 0.000623836 0.00248244 -5.68119e-05 -0.000195338 -3.00098e-05 -0.000679157 -0.00821429 -7.56097e-05 -2.79911e-06 -0.000101296 -0.000705108 -0.0013267 -0.00422619 -0.0055 0.00113829 -3.0281e-05 8.29881e-05
internal_weight=263493 11562 10055 8436 283 251931 93778 66421 26183 253 25930 21932 4393 2685 1708 158153 40238 29990 10248 140 155469 119673 93192 9807 7334 1512 1300 2473 83385 63443
internal_count=263493 11562 10055 8436 283 251931 93778 66421 26183 253 25930 21932 4393 2685 1708 158153 40238 29990 10248 140 155469 119673 93192 9807 7334 1512 1300 2473 83385 63443
is_linear=0
shrinkage=0.05


Tree=123
num_leaves=31
num_cat=0
split_feature=29 1 24 24 0 0 8 3 27 15 29 5 0 7 5 18 22 22 27 27 27 22 15 22 0 19 27 12 17 15
split_gain=0.776814 1.33244 1.29891 4.24826 2.77788 1.23522 1.162 1.07846 1.06804 1.1201 1.03653 1.35855 1.90223 1.18693 0.913839 0.893837 3.76567 1.20771 1.02971 4.23027 1.17263 0.992907 2.55347 2.85099 1.52477 1.36734 2.11803 1.82768 1.75118 1.31022
threshold=0.33712623919258983 109.00000000000001 27.500000000000004 29.500000000000004 5.5783001407402253 4.4439066730957402 0.98445320424864191 0.018314494303103428 27.500000000000004 13.500000000000002 4.1337886697869566 2.7880309206352289 5.0085047394125981 0.52145945239735558 2.8531236761025296 1.6463133361002953 2.5000000000000004 16.500000000000004 15.500000000000002 28.500000000000004 4.5000000000000009 3.5000000000000004 1.5000000000000002 1.5000000000000002 5.4921724989964957 49.630314285091309 21.500000000000004 0.11018219446633483 9.5000000000000018 2.5000000000000004
decision_type=2 2 2 2 2 2 2 2 2 2 2 2 2 2 2 2 2 2 2 2 2 2 2 2 2 2 2 2 2 2
left_child=6 2 10 4 7 8 15 -4 -3 -10 11 -2 -13 -14 -7 16 -1 18 20 -20 -18 22 23 -17 25 27 -27 28 -24 -23
right_child=1 5 3 -5 -6 14 -8 -9 9 -11 -12 12 13 -15 -16 21 17 -19 19 -21 -22 29 24 -25 -26 26 -28 -29 -30 -31
leaf_value=0.0065749817422674191 -0.0039303121759057614 -0.00092290376451342835 -0.013904849943965758 0.0025912860384380253 -0.048791129590887328 -0.00017209749769657329 0.0033958452207981378 0.0011142411005471864 -0.018433343674048575 -0.063156768733105606 0.0067406397666914019 -0.12255883966581926 0.01872747403922392 -0.16649673602590145 0.0057620928435764864 -0.010604448965139021 0.0020458603001604868 -0.00045311852624914709 0.018508395798462095 -0.0027199385942714717 -0.0042468667143607365 0.00098035560565387691 0.012633773443651306 -0.0018353860373024203 -0.0055827149395540751 0.00069484336396427419 -0.019559766408623308 0.0010768347932918522 -0.0030387250047039876 -0.00017402933768230575
leaf_weight=1707 3256 148 61 233 54 33687 3654 51 82 52 1135 64 84 62 1088 2255 6832 12379 718 1086 1900 72818 1620 4365 1947 4950 1128 6122 323 99618
leaf_count=1707 3256 148 61 233 54 33687 3654 51 82 52 1135 64 84 62 1088 2255 6832 12379 718 1086 1900 72818 1620 4365 1947 4950 1128 6122 323 99618
internal_value=5.63424e-05 -0.000146416 -0.00091 -0.00364662 -0.00975904 -3.75102e-05 9.26947e-05 -0.00526786 -0.00333333 -0.00656716 -0.00067268 -0.00110213 -0.005 -0.00184931 -1.07834e-05 7.79915e-05 0.000361872 0.000193105 0.000586561 0.00167406 0.000361887 4.21737e-05 -0.000268604 -0.00109517 7.14731e-05 0.000252068 -0.000314248 0.000678859 0.00201493 8.31035e-05
internal_weight=263479 40057 5000 399 166 35057 223422 112 282 134 4601 3466 210 146 34775 219768 24622 22915 10536 1804 8732 195146 22710 6620 16090 14143 6078 8065 1943 172436
internal_count=263479 40057 5000 399 166 35057 223422 112 282 134 4601 3466 210 146 34775 219768 24622 22915 10536 1804 8732 195146 22710 6620 16090 14143 6078 8065 1943 172436
is_linear=0
shrinkage=0.05


Tree=124
num_leaves=31
num_cat=0
split_feature=18 22 27 26 24 19 8 1 28 12 19 12 12 2 22 24 16 19 29 27 23 16 29 19 19 19 1 22 27 27
split_gain=1.04095 4.35256 1.28275 0.982752 0.967195 1.34801 1.18 0.979423 1.96376 1.02754 1.01445 0.905082 0.948744 0.887275 1.55102 1.03897 1.64079 1.67332 2.07273 0.875069 0.844718 0.823237 0.939554 0.822963 0.838527 0.816316 0.792419 0.999972 1.21983 1.97584
threshold=1.2139476720512721 2.5000000000000004 52.500000000000007 1.0000000180025095e-35 11.500000000000002 6.9839222246380492 0.76844772505053216 221.00000000000003 25.500000000000004 2.3164918742227187 6.9839222246380492 0.59824138191952714 0.83459490011212301 -1.9450584503085147 24.500000000000004 9.5000000000000018 4.2645411521075323 59.99486014821899 -0.69522441631592968 48.500000000000007 5.5000000000000009 0.16922380589158079 0.038761191647520087 8.7155460526511224 14.817224488802124 51.555051109777715 137.00000000000003 16.500000000000004 10.500000000000002 29.500000000000004
decision_type=2 2 2 2 2 2 2 2 2 2 2 2 2 2 2 2 2 2 2 2 2 2 2 2 2 2 2 2 2 2
left_child=1 -1 26 13 5 -5 11 9 10 -6 -9 -7 -13 14 -2 16 -16 -18 -19 -15 21 22 -12 -23 -25 -17 -3 28 -28 -30
right_child=3 2 -4 4 7 6 -8 8 -10 -11 20 12 -14 19 15 25 17 18 -20 -21 -22 23 -24 24 -26 -27 27 -29 29 -31
leaf_value=0.0090897954569070915 0.0099676221329463906 0.0024813262760533562 -0.086973165138839501 0.007107162601352357 -0.00072859837919253849 -0.0028110143533558278 -0.02077125078143803 0.0065784399771177983 -0.051275406386713462 0.0098314444891792613 -0.037868136149821575 -0.020164567116250084 -0.0070352926286373768 0.00017857952793581667 0.0059592164590363227 -0.010388807135731835 0.011514435392393264 -0.31437634759204114 -0.093346326651856201 0.01532954659522324 0.0073382541321722096 -0.02110541655557803 -0.0091701487958775908 0.0083269333039363638 -0.013359068519233491 0.012277657791530323 -0.00042935571553185211 -0.0037444062661107051 0.01756932220089704 -0.005787893251977338
leaf_weight=1187 5526 6822 63 110 14940 822 86 77 53 858 57 61 191 221353 288 421 92 95 114 143 202 51 70 123 504 858 2731 4381 828 620
leaf_count=1187 5526 6822 63 110 14940 822 86 77 53 858 57 61 191 221353 288 421 92 95 114 143 202 51 70 123 504 858 2731 4381 828 620
internal_value=5.66307e-05 0.000439514 0.00021528 3.08588e-05 -0.000322713 -0.00165354 -0.00215517 -0.000222911 -0.00164028 -0.000120901 -0.00118081 -0.00170391 -0.0043254 5.89805e-05 0.000597782 -0.000647751 -0.0023854 -0.00496678 -0.00744019 4.09942e-05 -0.00160377 -0.00232919 -0.00602362 -0.00163717 -0.00114035 0.000152463 0.000244442 -7.59344e-05 0.000477387 0.00165055
internal_weight=263727 16632 15445 247095 18205 1270 1160 16935 1137 15798 1084 1074 252 228890 7394 1868 589 301 209 221496 1007 805 127 678 627 1279 15382 8560 4179 1448
internal_count=263727 16632 15445 247095 18205 1270 1160 16935 1137 15798 1084 1074 252 228890 7394 1868 589 301 209 221496 1007 805 127 678 627 1279 15382 8560 4179 1448
is_linear=0
shrinkage=0.05


Tree=125
num_leaves=31
num_cat=0
split_feature=2 29 16 24 23 24 0 20 1 4 7 5 0 11 16 27 0 7 0 14 6 16 29 11 29 7 29 3 27 7
split_gain=0.903829 1.08422 1.1391 1.88997 0.939918 0.830269 1.57378 1.53863 1.52105 1.29195 1.27829 1.06463 0.985138 0.978715 0.965717 1.08369 1.5476 0.949101 0.924625 1.24608 1.52763 1.31353 1.06566 1.98216 0.914554 0.875756 1.29973 0.856367 1.17384 1.48205
threshold=-1.8749923332131402 -1.409456967099425 0.43860731532153063 18.500000000000004 2.5000000000000004 1.5000000000000002 4.6344336593550848 0.71936151845197727 273.00000000000006 0.21062177623843292 0.26329951490995479 1.5035767645172997 4.8638827521613406 3.2349386549367032 0.76300146849490524 1.5000000000000002 5.3011333813679853 0.63777410266464118 5.0590719231024197 1.6534172553091813 0.4266024921825336 2.1080384028709802 -0.45011877452317312 0.1258197370003489 -0.052392860855832203 0.46404645797470184 0.019957140152332232 0.48477228857636528 32.500000000000007 0.51215775566350075
decision_type=2 2 2 2 2 2 2 2 2 2 2 2 2 2 2 2 2 2 2 2 2 2 2 2 2 2 2 2 2 2
left_child=1 -1 3 -3 -5 6 13 8 9 11 -10 17 -9 -2 -12 16 -16 24 19 20 22 -21 -14 -24 -8 26 -26 -7 -29 -30
right_child=5 2 -4 4 -6 27 7 12 10 -11 14 -13 18 -15 15 -17 -18 -19 -20 21 -22 -23 23 -25 25 -27 -28 28 29 -31
leaf_value=-0.01140619878812753 0.014486776126742885 0.0043126975369499254 0.0087156005575789296 -0.01367982380430121 -0.0578056346807298 0.00012193322240635645 0.0067079735106610489 0.0032909788815944545 -0.020922364260972215 0.0071844830582889277 0.0011046432248720199 0.011275631359868102 0.006310796930337554 -0.023735362868810506 -0.022045850693925607 -0.0058683898424194206 -0.0023531141487465536 -0.010164060962337794 0.003185798487573761 0.012674613117952767 -0.050823735759438216 -0.030118935095477906 0.0087629477800986264 -0.046032066579675519 -0.017310754921894933 0.0019202244275488929 -0.00050428220912068821 -0.0020082492801205306 -0.014316784991089185 0.010395116266296625
leaf_weight=1512 1401 141 7492 55 65 239402 1155 312 65 1481 563 1334 86 59 57 350 81 1112 167 186 86 117 64 75 206 1228 983 3862 78 52
leaf_count=1512 1401 141 7492 55 65 239402 1155 312 65 1481 563 1334 86 59 57 350 81 1112 167 186 86 117 64 75 206 1228 983 3862 78 52
internal_value=5.18713e-05 0.000536967 0.000775829 -0.00247126 -0.00708333 3.42158e-05 0.000455767 0.000225587 0.000449797 0.000706094 -0.0012724 0.000380525 -0.00154163 0.0019863 -0.00085157 -0.00247951 -0.00623188 2.56193e-05 -0.0024904 -0.00338762 -0.00561093 -0.00110561 -0.00344444 -0.00615108 0.000422733 -0.000130327 -0.00109756 1.48732e-05 -0.000711423 -0.00538462
internal_weight=263827 9265 7753 261 120 254562 11168 9708 8615 7499 1116 6018 1093 1460 1051 488 138 4684 781 614 311 303 225 139 3572 2417 1189 243394 3992 130
internal_count=263827 9265 7753 261 120 254562 11168 9708 8615 7499 1116 6018 1093 1460 1051 488 138 4684 781 614 311 303 225 139 3572 2417 1189 243394 3992 130
is_linear=0
shrinkage=0.05


Tree=126
num_leaves=31
num_cat=0
split_feature=0 24 0 4 5 4 11 1 16 5 28 29 24 24 0 23 0 23 5 13 19 6 5 19 17 22 16 22 11 3
split_gain=0.768992 0.621729 1.59492 1.03246 1.29953 1.0148 0.982676 0.946047 0.911454 0.844801 0.942455 0.866312 0.783128 1.12998 1.32551 1.17054 2.14595 1.56366 1.62757 1.07457 1.05092 0.976317 0.981778 1.04175 1.07418 1.17455 1.36064 0.938451 1.88358 1.09759
threshold=5.6639013355751313 1.5000000000000002 4.6568054714595153 -0.3808560860996118 0.6413896102798059 0.25048996713075433 0.23508516446072983 273.00000000000006 0.13134659844149263 1.8464518028468426 31.500000000000004 -0.33473756701380636 21.500000000000004 24.500000000000004 5.6225159719761661 1.0000000180025095e-35 4.6461108844735088 3.5000000000000004 3.6796983145944195 0.29291392018277806 6.4266903564710818 0.39323192502660759 0.35964551885601487 56.363302583958479 2.5000000000000004 8.5000000000000018 0.28305421577034279 5.5000000000000009 0.60914849291001449 1.0000000180025095e-35
decision_type=2 2 2 2 2 2 2 2 2 2 2 2 2 2 2 2 2 2 2 2 2 2 2 2 2 2 2 2 2 2
left_child=1 2 3 4 -1 9 -6 -7 -8 10 -4 -12 21 15 -15 16 19 18 -17 -14 -18 -3 -23 24 25 -24 -27 28 -16 -29
right_child=-2 12 5 -5 6 7 8 -9 -10 -11 11 -13 13 14 27 17 20 -19 -20 -21 -22 22 23 -25 -26 26 -28 29 -30 -31
leaf_value=-0.054185457869951659 0.0048365515006625337 0.00039509680538294279 -0.00108519509466697 0.013913068113525384 0.020346422814223632 0.0065153390694488965 -0.06211837477095461 -0.0020248981499633497 0.0054759614775099982 0.0048754904223199851 -0.032553397130041704 0.0052527234247509644 -0.045791432026996842 0.00018075432887424347 -0.020054452451861542 0.0034865708622270502 0.0055012510730929097 0.00038506305279397063 -0.0047573037376155486 -0.031178034046400283 -0.0017969532327165268 0.0060045136808801131 0.0044985720447270486 0.00047379412750744821 -0.0012507101582467756 -0.017302329671082049 0.00014394115965220416 -0.014825010666012257 0.0077559622850459226 -0.00078463499504054864
leaf_weight=50 2007 65116 6590 622 430 1346 54 243 709 1331 83 62 126 64368 221 12511 418 10750 322 147 2823 687 196 31480 58926 352 213 272 82 1017
leaf_count=50 2007 65116 6590 622 430 1346 54 243 709 1331 83 62 126 64368 221 12511 418 10750 322 147 2823 687 196 31480 58926 352 213 272 82 1017
internal_value=3.89675e-05 3.14859e-05 0.000390625 0.00172922 0.000897023 0.000132056 0.001228 0.00128697 0.000150721 -9.54622e-05 -0.00032294 -0.00431034 1.49386e-05 0.000129867 1.8193e-05 0.000401705 -0.00044963 0.000528559 0.000901192 -0.00470696 -9.10211e-05 -5.31947e-05 -0.000158186 -0.000172376 -0.000295123 -0.00216163 -0.00331858 -0.00140703 -0.00391089 -0.000818464
internal_weight=263554 261547 11520 1865 1243 9655 1193 1589 763 8066 6735 145 250027 93057 65960 27097 3514 23583 12833 273 3241 156970 91854 91167 59687 761 565 1592 303 1289
internal_count=263554 261547 11520 1865 1243 9655 1193 1589 763 8066 6735 145 250027 93057 65960 27097 3514 23583 12833 273 3241 156970 91854 91167 59687 761 565 1592 303 1289
is_linear=0
shrinkage=0.05


Tree=127
num_leaves=31
num_cat=0
split_feature=24 14 18 0 20 14 0 2 2 3 1 0 21 27 5 18 5 24 0 24 17 24 19 17 27 27 17 21 14 1
split_gain=1.00001 1.49306 1.78219 1.71702 1.12759 1.44547 2.7935 1.10967 1.24032 1.06963 1.53339 1.00862 0.862569 1.29566 1.20473 1.41173 1.23625 1.19244 1.73387 1.83523 2.11673 2.85028 2.89828 1.8475 1.81075 1.72631 1.59958 1.32203 1.36564 1.32007
threshold=1.5000000000000002 1.5223593659663242 40.267125989099505 4.7041876600984978 0.71104944821017579 3.8205432957854808 4.9386601029930661 -0.50413775493815072 -0.41096681949968317 -0.76617981026263171 213.00000000000003 4.6851294144313123 34.500000000000007 4.5000000000000009 0.74013595427780354 0.9153330097459661 0.36955847803969871 14.500000000000002 4.9435104813910415 6.5000000000000009 4.5000000000000009 9.5000000000000018 32.950495864843944 8.5000000000000018 4.5000000000000009 23.500000000000004 3.5000000000000004 30.500000000000004 8.6360350111497919 153.00000000000003
decision_type=2 2 2 2 2 2 2 2 2 2 2 2 2 2 2 2 2 2 2 2 2 2 2 2 2 2 2 2 2 2
left_child=1 2 3 -1 -3 7 -7 -6 -9 11 -11 -4 14 -14 15 -2 -17 18 19 23 21 22 -21 24 -16 27 -24 -26 -29 -27
right_child=12 4 9 -5 5 6 -8 8 -10 10 -12 -13 13 -15 17 16 -18 -19 -20 20 -22 -23 26 -25 25 29 -28 28 -30 -31
leaf_value=0.014308013077011038 0.0047791534074756413 0.00038670528484176822 0.027917857712363665 0.0026198834128941936 0.0027198189631385782 -0.015865610499698275 -0.021649977425413164 -0.031817045554904305 0.0069723845353342768 -0.078870896822539283 -0.0050468200123534607 -0.011529541998223746 0.006111122675838623 -0.0022190902397308684 0.020986461711315484 0.0023319684837965118 -0.00030676520362272553 0.0020561414982096893 0.0026428667616670404 0.012640883577197049 -0.0016645040656639216 -0.0044732288448654494 -0.21926021950157432 -0.011344032770538068 0.0068189928162945947 0.01945394737756408 -0.16786794847369829 -0.013226330655192853 -0.052320015062364569 0.0025814105029198543
leaf_weight=1090 1815 3457 165 5882 412 122 50 86 54 54 59 91 3365 29863 1212 3758 109725 63506 13979 473 10978 3775 430 653 877 1298 1247 1314 64 4088
leaf_count=1090 1815 3457 165 5882 412 122 50 86 54 54 59 91 3365 29863 1212 3758 109725 63506 13979 473 10978 3775 430 653 877 1298 1247 1314 64 4088
internal_value=4.8723e-05 0.000504253 0.000933797 0.00111302 -0.00024994 -0.0020442 -0.00604651 -0.000797101 -0.00464286 -0.00245257 -0.00650442 -0.000664062 2.79298e-05 -0.000209462 6.39168e-05 -4.73554e-05 -6.94816e-05 0.000187403 -2.50072e-05 -0.000263357 -0.000575933 -0.00133755 -0.0027907 0.000292447 0.000481758 0.000196964 -0.00376565 -0.000964523 -0.00193033 0.000683253
internal_weight=263942 11522 7341 6972 4181 724 172 552 140 369 113 256 252420 33228 219192 115298 113483 103894 40388 26409 16903 5925 2150 9506 8853 7641 1677 2255 1378 5386
internal_count=263942 11522 7341 6972 4181 724 172 552 140 369 113 256 252420 33228 219192 115298 113483 103894 40388 26409 16903 5925 2150 9506 8853 7641 1677 2255 1378 5386
is_linear=0
shrinkage=0.05


Tree=128
num_leaves=31
num_cat=0
split_feature=24 0 18 12 28 1 24 0 24 0 17 18 15 24 21 12 0 0 24 4 14 16 2 0 23 1 4 3 9 18
split_gain=0.852411 0.997937 1.11074 1.07314 2.0757 0.903349 1.09381 1.11257 0.828068 2.34593 1.76128 1.04745 0.907145 1.29743 1.11537 1.01485 1.00623 1.00191 2.24721 1.49502 1.85846 1.26974 1.37494 1.07794 1.07047 1.00945 1.20313 1.01525 1.40431 1.33247
threshold=1.5000000000000002 4.6207751646789132 27.617168420589575 3.004573443485357 19.500000000000004 277.00000000000006 26.500000000000004 5.6320442347098254 27.500000000000004 4.6152523066285216 3.5000000000000004 40.267125989099505 12.500000000000002 21.500000000000004 1.5000000000000002 0.74118645805384509 5.6367995858928763 5.1286703667030071 24.500000000000004 0.14338744681066828 1.0317210357397322 0.29465070281279981 -0.16960522564729855 5.5816893903479796 1.0000000180025095e-35 217.00000000000003 0.027694855897018519 0.068025892211629982 0.52910727653518907 3.4791938625443009
decision_type=2 2 2 2 2 2 2 2 2 2 2 2 2 2 2 2 2 2 2 2 2 2 2 2 2 2 2 2 2 2
left_child=1 2 -1 -3 -5 8 -7 -8 12 11 -11 -10 13 16 15 -15 -2 -16 24 20 21 22 -20 -21 -19 -24 -27 28 29 -28
right_child=5 3 -4 4 -6 6 7 -9 9 10 -12 -13 -14 14 17 -17 -18 18 19 23 -22 -23 25 -25 -26 26 27 -29 -30 -31
leaf_value=0.01289262709301299 -0.00011148069386598197 0.0015833096056780906 -0.00061982446992682808 -0.0010945798618220198 -0.029082020985219243 0.00012622895358957559 0.0037432769013460939 -0.012941421840643799 0.0059922403932619155 0.0011561779384369148 -0.0025269340160564454 -0.02068616514549515 -0.0017740953427586069 0.0031322409443300873 0.0031717723911758519 -0.0016407325630824936 0.0039640302927171694 -0.0020717335088594746 -0.013155923720583652 -0.00011454525473752909 0.00020394066468275757 -0.0083664429449762535 0.0009296137036986841 0.003952632822082503 0.0019519299065710823 0.0058114069622199468 -0.012141370748142408 -0.0045489619144553056 7.5665072704697109e-05 -0.022305792105682728
leaf_weight=909 135733 9792 466 276 74 6232 4815 54 3434 5333 23737 677 21235 2520 22740 434 3777 1574 142 3535 2655 1972 1532 581 8976 106 62 333 59 51
leaf_count=909 135733 9792 466 276 74 6232 4815 54 3434 5333 23737 677 21235 2520 22740 434 3777 1574 142 3535 2655 1972 1532 581 8976 106 62 333 59 51
internal_value=4.25677e-05 0.000463228 0.00172727 0.000291856 -0.00242857 2.33653e-05 0.000464373 0.00102588 3.06821e-06 -0.000228896 -0.000386997 0.000889078 4.0069e-05 7.52751e-05 0.000301659 0.00124238 -1.4334e-06 0.000238955 -5.0976e-06 -0.000504171 -0.000953414 -0.00160089 -0.000798687 0.000250243 0.000516588 -0.000482968 -0.00220131 -0.00321782 -0.00633721 -0.00960177
internal_weight=263816 11517 1375 10142 350 252299 11101 4869 241198 33181 29070 4111 208017 186782 47272 2954 139510 44318 21578 11028 6912 4257 2285 4116 10550 2143 611 505 172 113
internal_count=263816 11517 1375 10142 350 252299 11101 4869 241198 33181 29070 4111 208017 186782 47272 2954 139510 44318 21578 11028 6912 4257 2285 4116 10550 2143 611 505 172 113
is_linear=0
shrinkage=0.05


Tree=129
num_leaves=31
num_cat=0
split_feature=17 24 24 16 7 29 5 5 27 28 29 23 4 20 4 16 16 18 15 7 20 14 27 6 22 27 5 6 3 7
split_gain=0.893541 0.876494 1.77906 1.10607 1.96818 1.03944 0.913144 1.16865 1.17609 1.59567 0.928581 2.30776 1.0629 1.0386 0.9084 1.04497 0.830095 0.823012 0.946061 1.14292 0.898396 0.881016 0.787331 0.782404 1.9474 1.38002 1.14541 0.995981 1.06963 0.884814
threshold=8.5000000000000018 1.5000000000000002 7.5000000000000009 2.2231599324334388 0.56881630343600953 -1.2877420863276781 0.61364818447876657 0.88821823950593071 2.5000000000000004 27.500000000000004 -0.51305018789241741 3.5000000000000004 -0.34407718751228883 0.71268007168665759 0.09457079098184068 0.88973413934518197 4.1220256421759673 13.953767183741615 21.500000000000004 0.6827052067270315 0.091271089987552054 1.4762419807280656 5.5000000000000009 0.099586668812152904 2.5000000000000004 8.5000000000000018 4.1755266833202755 0.0093013831142493061 0.16223955107892893 0.24350008996465164
decision_type=2 2 2 2 2 2 2 2 2 2 2 2 2 2 2 2 2 2 2 2 2 2 2 2 2 2 2 2 2 2
left_child=23 -2 3 4 14 16 -6 10 -9 -10 12 -12 -8 -14 -3 -16 -4 21 -19 20 -20 -7 -5 24 25 -1 27 28 29 -26
right_child=1 2 5 22 6 17 7 8 9 -11 11 -13 13 -15 15 -17 -18 18 19 -21 -22 -23 -24 -25 26 -27 -28 -29 -30 -31
leaf_value=-0.00027300859727361608 0.010241690463881589 0.0035769655519395159 0.026362655331998237 -0.020366096406764914 0.018779010360452295 0.0071314663247856753 0.0015239395563683552 0.025985002157791516 -0.021968452191100645 -0.040870125018082543 -0.074092475179384387 -0.0067237835986544703 -0.018774720292371566 -0.043142712497390372 -9.4150759007214689e-05 -0.057301881215418564 -0.045726788490439728 0.0019008871298336776 -0.014738980855690484 -0.055020759788921875 -0.00069042740478089529 -0.00034286523251935309 0.012249326404454086 3.7529540161822436e-05 -0.030522815687691926 0.015223338826145755 -0.040657331688456366 0.0022492684551722241 -0.020152421393787714 -0.001175309448314287
leaf_weight=329 1009 912 768 85 86 3307 77 50 279 75 67 56 54 52 157 109 78 7192 87 211 1029 1312 279 232742 87 690 60 9291 57 3134
leaf_count=329 1009 912 768 85 86 3307 77 50 279 75 67 56 54 52 157 109 78 7192 87 211 1029 1312 279 232742 87 690 60 9291 57 3134
internal_value=5.13992e-05 0.000398419 0.000310011 -0.000966638 -0.00143364 0.000523456 -0.00335427 -0.00394366 -0.00217822 -0.00319209 -0.00627451 -0.00963415 -0.00401639 -0.00726415 -0.000135823 -0.00270677 0.00222222 0.000414066 0.000122667 -0.00110399 -0.00046595 0.000951505 0.00156593 2.69899e-05 0.00039493 0.00249755 0.000225275 0.000258175 -0.000491153 -0.000371003
internal_weight=263721 17331 16322 2338 1974 13984 796 710 404 354 306 123 183 106 1178 266 846 13138 8519 1327 1116 4619 364 246390 13648 1019 12629 12569 3278 3221
internal_count=263721 17331 16322 2338 1974 13984 796 710 404 354 306 123 183 106 1178 266 846 13138 8519 1327 1116 4619 364 246390 13648 1019 12629 12569 3278 3221
is_linear=0
shrinkage=0.05


Tree=130
num_leaves=31
num_cat=0
split_feature=5 7 13 13 1 8 3 29 29 13 0 0 16 14 0 14 29 21 1 8 29 9 20 0 0 5 16 9 20 29
split_gain=0.944868 0.972057 0.738764 0.79738 1.43922 0.998887 0.818254 1.07226 1.08519 1.10116 0.895326 0.755861 0.986273 0.989737 1.09357 0.933033 0.97057 0.941926 1.16028 0.955932 0.923972 0.920207 1.11236 0.992885 0.985727 0.876925 1.19391 0.903712 1.50044 1.00186
threshold=0.36955847803969871 0.43628129153086587 0.94771424430146667 0.16193044866632031 277.00000000000006 1.008591237912656 0.52565656592785703 0.49506689351185157 0.10480753632568028 0.19284507468109566 4.8812865822448641 5.2315852847058562 0.0055345242886652097 7.4040204650865453 4.6245658589774434 2.9617756605542893 -0.15303629100651941 1.5000000000000002 233.00000000000003 0.49318952525281462 0.6935744829748387 0.55014512801500248 0.21455355943772034 5.2401580962086403 5.5816893903479796 0.38833895030583537 0.34502689178976759 0.52264778491325059 0.097678316252046579 0.019957140152332232
decision_type=2 2 2 2 2 2 2 2 2 2 2 2 2 2 2 2 2 2 2 2 2 2 2 2 2 2 2 2 2 2
left_child=1 -1 3 4 -2 6 11 8 10 -10 -8 12 -5 25 -15 16 -13 18 20 -19 -18 -21 23 -23 -25 26 -14 29 -29 -28
right_child=2 -3 -4 5 -6 -7 7 -9 9 -11 -12 15 13 14 -16 -17 17 19 -20 21 -22 22 -24 24 -26 -27 27 28 -30 -31
leaf_value=0.0011531204556902222 0.00031962086889015921 0.0045124617250121186 0.0012814475203508616 0.0057749708133399387 0.0031331328051684595 0.0045821114866849534 -0.027889917845014045 0.0063422442956821649 -0.00053711644753680983 -0.023377254277826467 0.0011104319530260073 0.0015895365748828699 0.00018401387049218058 -0.02613044696627765 0.0099510919713474699 0.0065121729001204193 0.00086992375356295714 0.00081106836949348211 0.0052524642472578029 -0.0021857565220524222 -0.018203960335439518 0.0047535762574110983 -0.013096148870257372 -0.00094832026846657438 0.0033089027264019849 -0.0011987653328937016 -0.020809846850073255 0.0062421762658814873 -0.0230251050755578 -0.0081918539925154837
leaf_weight=3092 91082 1029 41252 1062 3799 1534 153 153 62 111 312 7646 377 424 2826 167 4389 10297 936 7714 79 900 149 12126 1892 69782 122 82 72 120
leaf_count=3092 91082 1029 41252 1062 3799 1534 153 153 62 111 312 7646 377 424 2826 167 4389 10297 936 7714 79 900 149 12126 1892 69782 122 82 72 120
internal_value=5.08266e-05 0.00080199 3.89032e-05 2.2441e-06 0.000111245 -8.15064e-05 -9.74554e-05 -0.00170038 -0.00260188 -0.00598266 -0.00134409 -8.69908e-05 -0.000185195 -0.000206964 0.000646154 7.18222e-05 5.83162e-05 -4.39164e-05 0.000568098 -0.000143902 0.000232767 -0.000324612 -9.72322e-05 -5.42966e-05 -0.000157654 -0.000246262 -0.00192109 -0.00383838 -0.000844156 -0.0057438
internal_weight=263741 4121 259620 218368 94881 123487 121953 791 638 173 465 121162 74867 73805 3250 46295 46128 38482 5404 33078 4468 22781 15067 14918 14018 70555 773 396 154 242
internal_count=263741 4121 259620 218368 94881 123487 121953 791 638 173 465 121162 74867 73805 3250 46295 46128 38482 5404 33078 4468 22781 15067 14918 14018 70555 773 396 154 242
is_linear=0
shrinkage=0.05


Tree=131
num_leaves=31
num_cat=0
split_feature=5 14 14 22 16 18 18 6 2 24 14 16 3 21 29 17 6 0 28 24 6 3 7 15 22 22 1 15 0 29
split_gain=0.664301 0.78958 0.653179 1.18013 1.08478 1.17946 0.983352 1.39092 0.855335 1.00641 1.1046 0.814933 0.732432 0.885243 0.856425 0.782831 0.714236 0.895608 0.716208 1.63542 1.13539 0.846613 1.05935 0.741971 1.14322 1.01563 1.1162 1.00888 0.847458 0.806153
threshold=0.36955847803969871 1.3798869410184831 4.7154153011772566 21.500000000000004 6.3318920565616708 10.849431867776707 11.664501020531697 1.2882517431559577 -1.2070313515381357 9.5000000000000018 5.9371619166382592 1.0156360363538293 -0.10961765521741011 27.500000000000004 -2.1968687689319921 6.5000000000000009 2.487574712025947 4.7544443676919261 3.5000000000000004 29.500000000000004 1.9524119417911521 -0.73194956828770064 0.62830596104012726 4.5000000000000009 8.5000000000000018 13.500000000000002 205.00000000000003 5.5000000000000009 4.7482908581751948 -0.46518392472356479
decision_type=2 2 2 2 2 2 2 2 2 2 2 2 2 2 2 2 2 2 2 2 2 2 2 2 2 2 2 2 2 2
left_child=1 -1 -2 6 5 12 7 8 9 -4 -11 -9 13 -5 -15 -16 18 -18 19 20 21 -8 -23 -20 29 26 -26 28 -27 -25
right_child=2 -3 3 4 -6 -7 16 11 -10 10 -12 -13 -14 14 15 -17 17 -19 23 -21 -22 22 -24 24 25 27 -28 -29 -30 -31
leaf_value=0.0013144995920143187 2.5847885811873344e-05 0.0060475360803998544 0.035981777429533714 -0.026587578740966296 -0.02170994311324001 0.0035821578270486677 0.012704784459400065 -0.0067226573293484044 0.0077509976662030206 -0.028760555515206534 -0.022348048906455038 0.028039379604400644 0.02603562964141265 -0.076768651058661888 -0.010630729791230958 0.023877442151493726 0.0059407305456447698 0.024956462858548412 0.0034744898031066856 -0.055962164214893917 -0.02873328939821005 0.010321060370138191 -0.059611010668672873 0.026776412508244276 -0.02375841683984355 0.001766329282299203 -0.061391867964742643 0.053318713769430828 -0.025555525969386129 -0.021188078060418333
leaf_weight=3690 237392 433 56 71 955 4798 547 82 856 52 79 2261 59 92 980 156 1087 463 8474 81 127 64 61 185 60 59 76 50 59 113
leaf_count=3690 237392 433 56 71 955 4798 547 82 856 52 79 2261 59 92 980 156 1087 463 8474 81 127 64 61 185 60 59 76 50 59 113
internal_value=4.09462e-05 0.000670628 3.09376e-05 0.000291551 -0.000238363 4.87348e-06 0.000544588 0.00129356 -0.000225311 -0.00328877 -0.00568702 0.0019697 -0.00129602 -0.00154349 -0.00122964 -0.000853873 0.000324179 0.00132258 0.000168743 -0.00119318 -0.000506883 0.0003125 -0.0034 0.000300793 -0.00139535 -0.00355263 -0.00676471 -0.000952381 -0.00347458 0.000805369
internal_weight=263518 4123 259395 22003 7111 6156 14892 3386 1043 187 131 2343 1358 1299 1228 1136 11506 1550 9956 880 799 672 125 9076 602 304 136 168 118 298
internal_count=263518 4123 259395 22003 7111 6156 14892 3386 1043 187 131 2343 1358 1299 1228 1136 11506 1550 9956 880 799 672 125 9076 602 304 136 168 118 298
is_linear=0
shrinkage=0.05


Tree=132
num_leaves=31
num_cat=0
split_feature=17 6 9 28 7 22 19 8 8 16 24 24 11 3 11 14 6 5 6 27 24 24 7 22 20 19 28 21 19 27
split_gain=0.930235 0.867058 0.922663 0.960855 0.905278 0.97456 1.02441 0.955659 0.968571 0.871742 0.969046 1.64894 1.2004 0.853206 1.5823 0.833867 1.63267 0.890339 0.932245 0.808451 0.7888 1.39275 0.967174 1.11435 0.85347 2.12288 1.32646 0.818102 0.815138 0.773568
threshold=8.5000000000000018 0.21660366003343554 0.66052752753468835 8.5000000000000018 0.44385357307005169 2.5000000000000004 53.611617177332597 0.54894146492954343 0.51871560438789432 0.19912780192852694 17.500000000000004 6.5000000000000009 0.2394300125026381 0.36779490619727712 0.059068008286746111 1.0000000180025095e-35 2.487574712025947 1.1249258713123969 0.7444972898204042 25.500000000000004 9.5000000000000018 1.5000000000000002 0.55285001270483702 2.5000000000000004 0.81136725302130219 33.433507884216034 4.5000000000000009 59.500000000000007 12.105725609730476 38.500000000000007
decision_type=2 2 2 2 2 2 2 2 2 2 2 2 2 2 2 2 2 2 2 2 2 2 2 2 2 2 2 2 2 2
left_child=1 2 3 4 -1 6 -6 8 -7 10 11 12 -4 14 -12 16 17 18 -3 -13 21 24 -23 -24 -2 -26 -27 -25 -22 -19
right_child=20 15 9 -5 5 7 -8 -9 -10 -11 13 19 -14 -15 -16 -17 -18 29 -20 -21 28 22 23 27 25 26 -28 -29 -30 -31
leaf_value=0.0011858838130710113 0.0099121625999778716 -0.00057172496593921372 -0.010198411879048491 0.00037496813128684304 0.011988461003747602 0.0049160567949579044 -0.0044464422462155992 0.013262964181721713 -0.0092148620440936028 0.00086727880035284268 -0.028381355869712351 0.0036094250549077406 -0.088708044840127231 -0.0024841105886091539 -0.012440879479624054 0.00011639998195080784 -0.05895658660634763 -0.005205579813698763 0.0088575941461384693 -0.018822667214625895 0.010457270971043981 0.00057996062075896921 0.013795036935812896 -0.011022706340992032 0.018239373386389545 -0.057801645012549419 0.0014073061934821336 -0.038320170296009155 0.0026370751711716715 -0.022791661425116128
leaf_weight=11215 728 18563 625 15775 735 5506 98 255 55 3583 85 1101 68 1471 320 173089 59 12432 1141 57 1369 1570 134 1358 118 76 84 69 11763 161
leaf_count=11215 728 18563 625 15775 735 5506 98 255 55 3583 85 1101 68 1471 320 173089 59 12432 1141 57 1369 1570 134 1358 118 76 84 69 11763 161
internal_value=5.03106e-05 2.54472e-05 0.000235537 0.000346176 0.000597291 0.00105956 0.00265906 0.000830468 0.000693221 -0.000273598 -0.000808961 2.70143e-06 -0.00192641 -0.00160981 -0.00364198 -1.64276e-05 -0.000249413 -0.000234232 -2.43603e-05 0.00115717 0.000405061 -0.000197002 -0.000717023 -0.00159833 0.00142147 -0.000935252 -0.0046875 -0.00200771 0.000594731 -0.000562614
internal_weight=263663 246394 40949 33639 17864 6649 833 5816 5561 7310 3727 1851 693 1876 405 205445 32356 32297 19704 1158 17269 4137 3131 1561 1006 278 160 1427 13132 12593
internal_count=263663 246394 40949 33639 17864 6649 833 5816 5561 7310 3727 1851 693 1876 405 205445 32356 32297 19704 1158 17269 4137 3131 1561 1006 278 160 1427 13132 12593
is_linear=0
shrinkage=0.05


Tree=133
num_leaves=31
num_cat=0
split_feature=26 28 24 16 27 17 11 18 7 19 19 27 27 27 18 28 2 28 5 19 27 24 16 2 12 1 24 27 4 14
split_gain=0.78419 0.864238 0.820185 0.974693 1.63418 1.22695 1.44012 1.04812 0.866475 0.785898 1.06794 1.98594 0.781693 0.809131 1.21812 1.15852 0.774688 0.769905 1.51577 1.81012 1.525 1.4684 1.50688 1.16472 1.14467 1.12371 1.39579 1.08354 1.06446 1.19732
threshold=1.0000000180025095e-35 37.500000000000007 11.500000000000002 1.3526885874016197 7.5000000000000009 3.5000000000000004 0.13637365765083251 9.945141015626751 0.45245771331125084 59.187244281006727 56.363302583958479 11.500000000000002 16.500000000000004 32.500000000000007 10.624203996195957 1.5000000000000002 -0.72823855317285779 11.500000000000002 0.74013595427780354 10.382297427203765 25.500000000000004 5.5000000000000009 0.33373509458393075 -1.0411205181849295 0.11018219446633483 229.00000000000003 10.500000000000002 1.0000000180025095e-35 0.36760723639403742 0.54867540843328
decision_type=2 2 2 2 2 2 2 2 2 2 2 2 2 2 2 2 2 2 2 2 2 2 2 2 2 2 2 2 2 2
left_child=17 2 3 5 7 6 -2 -5 -8 10 -4 -12 -11 14 -14 -16 -9 18 -1 -20 23 22 -22 -21 28 26 -23 -19 -25 -30
right_child=1 -3 9 4 -6 -7 8 16 -10 12 11 -13 13 -15 15 -17 -18 27 19 20 21 25 -24 24 -26 -27 -28 -29 29 -31
leaf_value=3.398900299834913e-05 -0.01896521222922147 -0.017626493258297748 -0.00077233560636492244 -0.048348144078635052 0.0044611081202273742 0.00031456703750711322 -0.0085580758917368355 -0.026175273379594768 0.00097116603868543656 0.0041674990547013588 -0.050563705569062325 0.0018344117445515723 -0.033666382528198209 0.039098168610369424 -0.016438179425992915 -0.00057242340125127967 -0.055613980587945068 0.02206315249971591 0.0048924857621467461 0.011659270881830646 0.01925710648706579 -0.016010234037325918 0.0014026250720125004 0.0059777890140611904 0.00024790867510110346 -0.013793719381537884 0.0021651578772429072 -0.00046096747579333703 -0.010794219222831039 0.0031067115553259448
leaf_weight=104069 53 51 12982 50 132 813 71 89 135 2907 65 94 70 196 98 1755 52 377 9711 5920 1094 3989 4821 7334 15604 3337 7056 80823 137 138
leaf_count=104069 53 51 12982 50 132 813 71 89 135 2907 65 94 70 196 98 1755 52 377 9711 5920 1094 3989 4821 7334 15604 3337 7056 80823 137 138
internal_value=3.98263e-05 -0.000264365 -0.000247418 -0.00141577 -0.00382353 -0.000690298 -0.00368726 -0.0067801 -0.00179612 -0.000157703 -0.000361083 -0.00443396 0.000374055 -0.0003563 -0.000668227 -0.000423637 -0.00457447 6.42365e-05 0.000126831 0.00032896 0.000206353 -0.000126373 0.000536771 0.000438163 0.000278508 -0.00039911 -0.000156179 -6.15762e-05 0.000781312 -0.00227273
internal_weight=264023 19613 19562 1395 323 1072 259 191 206 18167 13141 159 5026 2119 1923 1853 141 244410 163210 59141 49430 20297 5915 29133 23213 14382 11045 81200 7609 275
internal_count=264023 19613 19562 1395 323 1072 259 191 206 18167 13141 159 5026 2119 1923 1853 141 244410 163210 59141 49430 20297 5915 29133 23213 14382 11045 81200 7609 275
is_linear=0
shrinkage=0.05


Tree=134
num_leaves=31
num_cat=0
split_feature=9 19 27 6 11 14 13 28 2 11 11 3 27 2 23 1 2 10 29 20 11 3 0 14 29 2 1 27 13 8
split_gain=0.597223 1.56548 1.80042 1.03208 0.97102 1.39405 0.896454 0.817243 1.15733 0.659581 1.14792 1.09299 1.55774 0.639896 1.41101 1.1618 1.22179 1.04769 1.15943 0.996775 1.00458 0.943985 1.32521 0.928405 0.878485 1.20369 1.19462 0.976853 1.13228 0.813178
threshold=0.84916852147817357 54.244096753380468 32.500000000000007 1.1318644225234415 0.65245696597040592 2.9617756605542893 0.53283787701134855 18.500000000000004 0.34015517902837555 0.38107368385096246 0.25441028021184392 0.57855146471576868 11.500000000000002 0.31227319437685591 1.5000000000000002 241.00000000000003 0.34015517902837555 0.083333333333333356 0.50996145482694988 0.033668173619919022 0.64083534965619193 0.30361187428283354 5.2626579170538763 0.55656000624229185 0.62705200687072382 0.41728468536435087 153.00000000000003 1.0000000180025095e-35 0.18911296639789854 0.66191330713778418
decision_type=2 2 2 2 2 2 2 2 2 2 2 2 2 2 2 2 2 2 2 2 2 2 2 2 2 2 2 2 2 2
left_child=13 4 3 -3 9 7 -5 8 -6 10 11 -2 -13 -1 15 24 -17 -18 19 -19 -21 22 -16 -24 -15 -26 27 -27 -29 -23
right_child=1 2 -4 6 5 -7 -8 -9 -10 -11 -12 12 -14 14 21 16 17 18 -20 20 -22 29 23 -25 25 26 -28 28 -30 -31
leaf_value=9.6087980035204333e-05 0.00051633066548751791 0.0073891902330205069 -0.017878653848088032 0.020887326583617777 -0.054337038811294897 0.012403003746901245 -0.046193954779002101 -0.017431678763691283 -0.023243195462213026 0.009796637396182575 -0.023715107738458432 -0.0011942855469753806 -0.036706757987480736 0.00041659536526595623 0.0013384836563068649 0.0036835837276099196 0.001006371766616486 0.004799808265013833 0.0052878397661778008 -0.01433174845890638 -0.027927135268395138 0.0017387998189689925 0.0037639351890409499 0.0065281679133128816 0.0025269762790079307 -0.032128063136529314 -0.0024824895175835065 0.0021252133919218283 -0.037636130068827725 -7.9983485281567328e-05
leaf_weight=225271 670 1049 58 51 56 72 53 131 102 203 139 109 94 7584 4662 198 406 71 165 711 112 4966 2287 2195 261 83 303 86 54 11517
leaf_count=225271 670 1049 58 51 56 72 53 131 102 203 139 109 94 7584 4662 198 406 71 165 711 112 4966 2287 2195 261 83 303 86 54 11517
internal_value=4.09339e-05 -0.000687119 0.00066474 0.00109714 -0.00172589 -0.00400277 -0.00365385 -0.00555363 -0.00797468 -0.00104938 -0.00157115 -0.000899198 -0.0041133 4.87102e-05 0.000245506 -0.000257126 -0.00146422 -0.00196246 -0.00279037 -0.00350112 -0.00399149 0.000442307 0.000849738 0.00146363 -1.73215e-05 -0.00160737 -0.00298479 -0.00576233 -0.00321429 0.000216284
internal_weight=263719 2787 1211 1153 1576 361 104 289 158 1215 1012 873 203 260932 35661 10034 1663 1465 1059 894 823 25627 9144 4482 8371 787 526 223 140 16483
internal_count=263719 2787 1211 1153 1576 361 104 289 158 1215 1012 873 203 260932 35661 10034 1663 1465 1059 894 823 25627 9144 4482 8371 787 526 223 140 16483
is_linear=0
shrinkage=0.05


Tree=135
num_leaves=31
num_cat=0
split_feature=17 24 24 0 29 7 19 15 5 2 1 29 29 12 7 24 22 27 29 27 29 20 15 7 7 29 18 20 1 18
split_gain=0.89539 0.993401 2.3123 2.05092 1.41881 1.8466 0.97902 1.06513 1.13551 0.923786 0.875053 1.08414 1.8983 0.94456 0.892857 0.836305 0.829638 0.850647 0.798286 0.782414 2.60795 2.27802 1.27492 0.973574 0.881157 0.835503 0.796819 1.18945 0.936573 0.738037
threshold=8.5000000000000018 1.5000000000000002 6.5000000000000009 4.4674786937065862 -0.84205718744538371 0.72920380333587043 37.371400064480738 1.5000000000000002 4.1755266833202755 -1.2793093783136558 125.00000000000001 4.1337886697869566 2.8408173346488366 0.75419601131926173 0.53068458569143029 2.5000000000000004 2.5000000000000004 21.500000000000004 -1.1313414534795427 27.500000000000004 -0.77071677021972174 1.2782096704950086 5.5000000000000009 0.56881630343600953 0.68873387129864627 -0.18126968021884013 35.316506877593163 0.70822378247410345 101.00000000000001 40.267125989099505
decision_type=2 2 2 2 2 2 2 2 2 2 2 2 2 2 2 2 2 2 2 2 2 2 2 2 2 2 2 2 2 2
left_child=-1 29 3 4 -3 -6 7 16 18 -8 11 12 13 15 -14 -5 17 -4 -9 26 21 22 -21 -22 25 -25 28 -28 -11 -2
right_child=1 2 6 10 5 -7 9 8 -10 19 -12 -13 14 -15 -16 -17 -18 -19 -20 20 23 -23 -24 24 -26 -27 27 -29 -30 -31
leaf_value=-3.193903006856629e-05 0.0097430383165358018 -0.0036753272572738419 0.00043778211165446254 0.016820297377073877 -0.026469705077620306 -0.054718951828745338 0.010183436690951307 0.024888483708422775 -0.0046858371872241034 0.0050542045304540172 0.0036060933206237323 0.0039800834199900026 -0.03590363157403343 -0.017355551417668202 -0.0050005386848547386 -0.0097325183867049275 9.8087926383569422e-05 -0.054210708964255665 0.0053816031468603524 -0.054824305506156315 0.011768420055378769 -0.10423812122176522 0.012101791320675686 -0.010838509275482654 0.019805811305969753 -0.022690079201497865 -0.017369608286013773 0.01699646772593208 -0.0027522392486804626 -0.046713666835765139
leaf_weight=246588 938 98 63 139 98 73 756 426 352 1032 533 241 56 144 56 480 997 53 4769 50 344 65 79 99 97 50 535 869 3627 86
leaf_count=246588 938 98 63 139 98 73 756 426 352 1032 533 241 56 144 56 480 997 53 4769 50 344 65 79 99 97 50 535 869 3627 86
internal_value=1.59786e-05 0.00036472 0.000269143 -0.00136079 -0.00540892 -0.00815789 0.000488327 0.000930931 0.00121417 0.000100618 -0.000700424 -0.00149642 -0.00231429 -0.00142202 -0.00839286 -0.000573505 -0.000480683 -0.00448276 0.00140039 -8.25177e-05 -0.00156888 -0.00659794 -0.00275194 8.47459e-05 -0.00231707 -0.00473154 0.000109682 0.00115385 -0.000204979 0.001875
internal_weight=263793 17205 16181 1918 269 171 14263 6660 5547 7603 1649 1116 875 763 112 619 1113 116 5195 6847 784 194 129 590 246 149 6063 1404 4659 1024
internal_count=263793 17205 16181 1918 269 171 14263 6660 5547 7603 1649 1116 875 763 112 619 1113 116 5195 6847 784 194 129 590 246 149 6063 1404 4659 1024
is_linear=0
shrinkage=0.05


Tree=136
num_leaves=31
num_cat=0
split_feature=27 13 24 27 9 23 29 15 3 22 22 24 1 29 29 5 1 12 14 16 19 5 19 16 3 3 5 8 23 5
split_gain=0.680394 0.664416 0.916974 1.16044 0.89532 0.855068 0.853248 1.22206 0.972397 1.59267 1.56806 1.04425 0.927084 1.8623 0.861112 0.958271 1.53186 0.901017 0.85806 0.830655 0.864604 0.869074 0.829601 0.853205 0.812212 1.58638 0.853165 0.769494 0.758542 0.748386
threshold=59.500000000000007 0.070646688257554074 2.5000000000000004 25.500000000000004 0.62016463743589301 4.5000000000000009 1.0363813241343511 9.5000000000000018 0.37281581557300486 7.5000000000000009 29.500000000000004 22.500000000000004 109.00000000000001 4.4656086771559433 0.2578448876669549 0.53175967452524575 197.00000000000003 0.2048732314778238 1.3798869410184831 1.6861199440423784 50.169020420015215 1.3231736199539006 19.130718000470363 2.2231599324334388 -0.58435523989056748 -0.78157656049389301 0.58586300539398872 0.54553620117163149 2.5000000000000004 1.0928004516098981
decision_type=2 2 2 2 2 2 2 2 2 2 2 2 2 2 2 2 2 2 2 2 2 2 2 2 2 2 2 2 2 2
left_child=1 2 3 4 5 19 8 12 22 14 -11 18 13 -8 15 16 -10 -17 27 -1 -21 -22 23 -4 25 -9 -26 -12 -27 -24
right_child=-2 -3 6 -5 -6 -7 7 24 9 10 11 -13 -14 -15 -16 17 -18 -19 -20 20 21 -23 29 -25 26 28 -28 -29 -30 -31
leaf_value=-0.00069388587077028052 -0.063448914442175638 0.00015066532195686527 0.0016295286564816007 0.01239078123041058 0.0075794076951870119 0.0074922666025520395 -0.089321024011150607 -0.012986702301901246 -0.0032516318181397713 0.0013584866556177674 -0.017722892916775621 0.0025992738164646164 0.0068894136658361185 0.0077095222015220663 -0.00069426643771250255 -0.0049794859862302438 -0.023858638569835798 -0.027713995576666473 -0.033219106035623162 -0.033950552275524806 0.046313545118738725 -0.024316269071020732 -0.0016159462614673756 0.017603168949543693 -0.039534624116618226 -0.18875679778442517 -0.0017665837574380575 -0.0063778131124836747 -0.081525812744639575 0.0022239538897225477
leaf_weight=1088 58 217644 15565 745 531 737 91 179 75 2573 74 186 1024 121 527 249 85 92 68 62 54 50 7592 429 55 67 468 223 127 12764
leaf_count=1088 58 217644 15565 745 531 737 91 179 75 2573 74 186 1024 121 527 249 85 92 68 62 54 50 7592 429 55 67 468 223 127 12764
internal_value=7.00487e-05 7.12404e-05 0.000244113 0.00105142 0.000539255 5.27375e-05 0.000182249 -0.000792683 0.000233569 -0.000491329 7.04227e-05 -0.00235027 0.000226537 -0.00278302 -0.00219844 -0.00368263 -0.006875 -0.00218475 -0.00390411 -0.000741627 -0.00403614 -0.00125 0.000316369 0.000585845 -0.00219866 -0.00398123 -0.000927342 -0.00274411 -0.0071134 0.000104638
internal_weight=263603 263545 45901 3267 2522 1991 42634 2132 40502 4152 3124 551 1236 212 1028 501 160 341 365 1254 166 104 36350 15994 896 373 523 297 194 20356
internal_count=263603 263545 45901 3267 2522 1991 42634 2132 40502 4152 3124 551 1236 212 1028 501 160 341 365 1254 166 104 36350 15994 896 373 523 297 194 20356
is_linear=0
shrinkage=0.05


Tree=137
num_leaves=31
num_cat=0
split_feature=17 0 24 20 24 23 21 1 3 27 20 23 27 3 16 16 11 12 1 13 5 3 2 13 6 14 14 1 4 21
split_gain=0.724529 1.01961 1.63041 1.32602 1.12815 1.42964 0.907892 1.05167 0.874635 0.976611 0.921805 1.16409 0.805858 1.31081 0.968402 0.814559 0.793786 0.921724 1.14577 1.03171 0.777466 1.5659 1.34174 1.72941 0.890435 0.777165 1.64851 0.765531 0.989888 0.841614
threshold=8.5000000000000018 4.6098625740792736 3.5000000000000004 0.1404878991158163 24.500000000000004 2.5000000000000004 27.500000000000004 233.00000000000003 -0.47459315961382559 9.5000000000000018 0.71268007168665759 3.5000000000000004 11.500000000000002 -0.64078258289947654 0.78051517059538711 1.180895197251709 2.4812003789584818 0.22622735226223933 197.00000000000003 0.38539271832542338 2.0003250782998951 -1.2989473524795698 -1.8159534694302721 0.36184058421471016 1.4253040497490925 3.7040868174770409 4.7154153011772566 149.00000000000003 -0.53144464011021608 1.5000000000000002
decision_type=2 2 2 2 2 2 2 2 2 2 2 2 2 2 2 2 2 2 2 2 2 2 2 2 2 2 2 2 2 2
left_child=1 2 25 4 5 12 -6 20 -5 -10 -11 -12 15 -14 -15 -4 17 -17 -19 -20 22 -22 -8 -24 -25 -1 -27 28 -3 -29
right_child=-2 27 3 8 6 -7 7 -9 9 10 11 -13 13 14 -16 16 -18 18 19 -21 21 -23 23 24 -26 26 -28 29 -30 -31
leaf_value=0.016558178462543548 0.0017529343502690497 0.018718965958175193 0.023932951251885715 0.010656520794567727 -0.072445830092755445 -0.023332503329730928 0.070823602011106185 0.011181779655893809 0.025144410505723649 0.0051416499685717279 -0.035535367254190674 0.0011393733236331996 -0.010783816048183514 -0.024240604921263783 -0.088621993215241723 0.034952143980161214 0.030349319913235834 0.020346507203010056 -0.07752986094667208 -0.025022799419458563 0.053455996225934922 -0.055790417218724221 0.0047179677985579255 -0.023144755517199241 -0.054122345440572039 -0.071015295700482803 0.040802536988888298 0.0018149888814027156 -0.00041673129909072386 0.00022504194300232918
leaf_weight=631 17192 637 368 862 57 2421 119 1338 100 375 197 162 860 56 51 83 139 83 85 92 62 51 429 225 69 56 171 9196 77821 149918
leaf_count=631 17192 637 368 862 57 2421 119 1338 100 375 197 162 860 56 51 83 139 83 85 92 62 51 429 225 69 56 171 9196 77821 149918
internal_value=2.70174e-05 5.14785e-06 -0.000513017 -0.000727909 -0.00104888 -0.0015361 -0.000170213 -1.52637e-05 0.000518868 -0.000635491 -0.00126703 -0.00307799 -0.000476059 -0.00146329 -0.00668224 0.000647059 -0.000705394 -0.00199708 -0.00346154 -0.00573446 -0.00128272 -0.00517699 -0.000760095 -0.00156985 -0.00452381 0.00156177 -0.000947136 2.50873e-05 -0.00010273 8.81131e-05
internal_weight=263906 246714 9142 8284 6588 4238 2350 2293 1696 834 734 359 1817 967 107 850 482 343 260 177 955 113 842 723 294 858 227 237572 78458 159114
internal_count=263906 246714 9142 8284 6588 4238 2350 2293 1696 834 734 359 1817 967 107 850 482 343 260 177 955 113 842 723 294 858 227 237572 78458 159114
is_linear=0
shrinkage=0.05


Tree=138
num_leaves=31
num_cat=0
split_feature=27 21 27 9 1 1 25 13 9 12 22 15 18 27 11 29 23 22 14 23 27 23 18 29 15 22 6 6 27 27
split_gain=0.719828 0.58771 1.19865 1.75206 1.18517 0.843077 0.819223 0.818594 0.749568 0.578367 0.891151 1.86841 2.08157 1.43608 0.848034 1.38246 1.4782 0.951556 1.43813 0.961538 0.843765 0.848398 0.807648 0.923843 0.790225 1.06417 0.73997 0.698724 0.986686 0.805591
threshold=59.500000000000007 59.500000000000007 38.500000000000007 0.84916852147817357 217.00000000000003 265.00000000000006 1.0000000180025095e-35 0.28419627766652306 0.73619277525180882 0.64246899395545787 1.5000000000000002 1.5000000000000002 1.7334809611990238 24.500000000000004 1.2005362815580594 -1.5062216332329936 2.5000000000000004 25.500000000000004 6.5393900661949003 4.5000000000000009 12.500000000000002 4.5000000000000009 37.582006658413199 -1.1894795493740016 3.5000000000000004 4.5000000000000009 2.2115467421833706 0.17974791284276739 24.500000000000004 30.500000000000004
decision_type=2 2 2 2 2 2 2 2 2 2 2 2 2 2 2 2 2 2 2 2 2 2 2 2 2 2 2 2 2 2
left_child=1 2 9 4 6 7 8 -6 -4 27 11 12 -11 22 24 16 -16 20 -19 -20 -18 -22 -14 -24 -12 -26 -17 28 -1 -30
right_child=-2 -3 3 -5 5 -7 -8 -9 -10 10 14 -13 13 -15 15 26 17 18 19 -21 21 -23 23 -25 25 -27 -28 -29 29 -31
leaf_value=0.00034784374488492829 -0.060759049294866502 0.0024778402086931585 0.011593577663136422 -0.040600392544920462 -0.065211791375572717 0.003779671771807424 -0.0093747445344523252 -0.025940019463064391 -0.017078609356863596 0.0057809047510508915 0.00080300140193686998 0.0049428633224247323 -0.0074208272760511451 -0.050901005030714645 0.018492915118154204 0.0043382142275442152 0.0090242923749705526 -0.0083877604613986096 -0.2784976976404821 -0.069217456902742489 -0.072522233881371925 0.00010674735606593066 -0.15992697663285438 -0.025716415440592985 0.0062277672233191743 -0.0035310047443892871 0.019793970960972559 -0.00023624397947306182 0.0083616198561698926 -0.00099192122185489382
leaf_weight=27295 63 1247 441 60 63 71 212 84 51 154 40684 776 1135 108 475 8147 235 178 52 52 81 79 50 87 934 7265 1402 167164 3740 1322
leaf_count=27295 63 1247 441 60 63 71 212 84 51 154 40684 776 1135 108 475 8147 235 178 52 52 81 79 50 87 934 7265 1402 167164 3740 1322
internal_value=2.64879e-05 2.77649e-05 2.26186e-05 -0.00172098 -0.00118221 -0.00440367 -0.000184659 -0.00656463 0.00093496 2.91684e-05 0.000162698 -0.000800866 -0.00181226 -0.00242754 0.000200054 0.000603215 -0.00103299 -0.00253323 -0.00475177 -0.00942308 -0.000949367 -0.00375 -0.00195755 -0.00558394 0.000111798 -0.000336016 0.000800608 -1.22542e-05 0.00020042 0.000841565
internal_weight=263707 263644 262397 982 922 218 704 147 492 261415 61894 2310 1534 1380 59584 10701 1152 677 282 104 395 160 1272 137 48883 8199 9549 199521 32357 5062
internal_count=263707 263644 262397 982 922 218 704 147 492 261415 61894 2310 1534 1380 59584 10701 1152 677 282 104 395 160 1272 137 48883 8199 9549 199521 32357 5062
is_linear=0
shrinkage=0.05


Tree=139
num_leaves=31
num_cat=0
split_feature=17 24 24 0 22 22 14 15 19 1 29 22 6 13 4 19 28 28 20 0 28 15 29 19 0 27 3 4 16 16
split_gain=0.695776 1.02522 1.73226 1.86296 1.42135 1.66113 1.5845 1.48422 1.72833 1.551 1.12946 1.11178 1.21266 1.0955 0.92634 0.880433 0.872781 0.854668 0.76406 1.03665 1.91628 0.870738 1.55976 0.735277 0.737842 0.741888 0.712015 0.704853 0.978193 0.775329
threshold=8.5000000000000018 9.5000000000000018 1.5000000000000002 4.5649191543146843 23.500000000000004 2.5000000000000004 1.9897057271910594 8.5000000000000018 27.871945639996966 141.00000000000003 -0.54786112144431576 33.500000000000007 0.33847284853806919 0.34579596995534906 0.18217412118880802 13.411691192263779 26.500000000000004 31.500000000000004 0.1589772569293619 5.1286703667030071 14.500000000000002 28.500000000000004 -0.66068530402962788 48.521988010920985 4.3895594239587075 4.5000000000000009 0.063119623122181792 -0.014145735271747261 3.3505732793670053 1.2130202552805487
decision_type=2 2 2 2 2 2 2 2 2 2 2 2 2 2 2 2 2 2 2 2 2 2 2 2 2 2 2 2 2 2
left_child=-1 2 -2 4 5 -4 7 8 -7 16 -10 14 -13 -11 17 27 -9 -5 21 -20 26 23 -23 -17 -25 -26 -21 28 -3 -29
right_child=1 15 3 11 -6 6 -8 9 10 13 -12 12 -14 -15 -16 18 -18 -19 19 20 -22 22 -24 24 25 -27 -28 29 -30 -31
leaf_value=0.00016630397161298586 0.0065814435902589469 0.012763282676402114 0.010553183151656906 0.0049938359339181809 0.001098074188826097 -0.022985858343374889 0.0039561068659769152 7.6320681687983894e-06 -0.035007614938181872 -0.0090143389933855459 -0.054998807964288111 -0.024320887688414249 0.013000875918113372 -0.060960664401862569 -0.017276397985535829 0.011903273409324178 -0.015349955280915551 -0.014994802988113962 0.0013211626515520956 0.035125780391836448 -0.017126703526339906 -0.018942618166255244 0.025035170820273775 0.035553722104308273 0.016870273643064985 -0.0074807803048613473 -0.0072321930935868549 0.0041056391129146719 -0.021729639896402312 -0.0048655166501046796
leaf_weight=246701 999 1024 139 1416 391 115 140 231 85 61 50 58 57 50 76 1677 105 138 8242 56 91 51 92 463 72 723 65 263 55 144
leaf_count=246701 999 1024 139 1416 391 115 140 231 85 61 50 58 57 50 76 1677 105 138 8242 56 91 51 92 463 72 723 65 263 55 144
internal_value=6.51937e-05 0.000373344 -0.000315008 -0.000896529 -0.00227871 -0.00329918 -0.00413978 -0.00511478 -0.0082 -0.00338926 -0.012037 0.000186247 -0.00456522 -0.00851351 0.000521473 0.000590721 -0.00169643 0.000785071 0.000443115 0.00019754 -0.00325472 0.00111761 -0.00269231 0.00130324 0.000389507 -0.000534591 0.000867769 0.0017362 0.002405 -3.68548e-05
internal_weight=263830 17129 4111 3112 1367 976 837 697 250 447 135 1745 115 111 1630 13018 336 1554 11532 8454 212 3078 143 2935 1258 795 121 1486 1079 407
internal_count=263830 17129 4111 3112 1367 976 837 697 250 447 135 1745 115 111 1630 13018 336 1554 11532 8454 212 3078 143 2935 1258 795 121 1486 1079 407
is_linear=0
shrinkage=0.05


Tree=140
num_leaves=31
num_cat=0
split_feature=6 13 15 22 7 9 29 17 7 21 24 20 3 10 29 29 7 24 28 29 6 3 26 20 18 24 16 29 3 24
split_gain=0.759063 1.46141 1.1041 1.36843 0.952461 1.13929 1.18285 1.02904 0.921151 0.964205 0.906489 0.932447 0.719935 1.3418 1.38835 1.11113 1.85667 1.17107 1.05323 1.36532 1.2849 1.01289 0.990041 0.983723 1.40545 1.09056 0.88668 0.931166 0.845355 0.745341
threshold=0.24815982173329815 0.46360025950556477 10.500000000000002 17.500000000000004 0.46575157517672378 0.54281430725404911 0.60199955426817631 9.5000000000000018 0.94696005558302443 34.500000000000007 3.5000000000000004 0.050888425064799875 0.31361489975169637 0.15000000000000002 0.45741735484948326 0.56051074655438726 0.56309747423779422 6.5000000000000009 7.5000000000000009 -1.0000000180025095e-35 0.14655193181477841 -0.40845758037092594 1.0000000180025095e-35 0.1948131520358202 2.9875949786540708 16.500000000000004 1.6396454242453151 0.25131046356015935 -0.38080928179244405 12.500000000000002
decision_type=2 2 2 2 2 2 2 2 2 2 2 2 2 2 2 2 2 2 2 2 2 2 2 2 2 2 2 2 2 2
left_child=1 12 -2 8 7 -6 10 -5 -4 -10 -7 -12 13 -1 18 23 28 -18 20 -20 26 -21 -22 24 -16 -26 27 -15 -17 -30
right_child=2 -3 3 4 5 6 -8 -9 9 -11 11 -13 -14 14 15 16 17 -19 19 21 22 -23 -24 -25 25 -27 -28 -29 29 -31
leaf_value=0.0034471306910647381 0.00017624325389066771 0.0038125194111266873 -0.0043582141480608049 0.0026602477876872047 0.00093506127829418376 -0.030290328589876115 -0.032601330314207526 0.011959271392360029 -0.013363660542683007 -0.038494793055313919 -0.020588989229263919 -0.001789196156371806 -0.000364875689788757 0.0074074389704793259 0.0014199250128708509 0.018440866047140899 -0.0005109330423931106 -0.058277596828244571 0.00050078463124106863 -0.096629741079399034 0.001396990575037336 0.00024232155787937693 -0.0066250628337226405 -0.028781485266015899 -0.055526132055530988 -0.011550143989071579 -0.01968649873811544 -0.0022012016346597304 -0.0092488111873414176 0.0040021750311629873
leaf_weight=3881 193512 2226 8831 1795 4043 78 53 360 839 351 59 633 14189 4629 174 549 561 807 18748 51 5201 52 435 50 53 57 62 329 667 349
leaf_count=3881 193512 2226 8831 1795 4043 78 53 360 839 351 59 633 14189 4629 174 549 561 807 18748 51 5201 52 435 50 53 57 62 329 667 349
internal_value=5.05267e-05 0.000219522 7.93164e-06 -0.00037789 0.000157385 -0.000230168 -0.00192588 0.00103248 -0.000752919 -0.00205882 -0.00142857 -0.000852601 0.000164621 0.000281681 0.00017758 -0.000800428 -0.00048926 -0.0018348 0.000285865 6.12701e-05 0.000683183 -0.00567961 0.000165011 -0.00353293 -0.00239437 -0.00681818 0.00126494 0.00133925 0.000686901 -0.000167323
internal_weight=263624 53070 210554 17042 7021 4866 823 2155 10021 1190 770 692 50844 36655 32774 3267 2933 1368 29507 18851 10656 103 5636 334 284 110 5020 4958 1565 1016
internal_count=263624 53070 210554 17042 7021 4866 823 2155 10021 1190 770 692 50844 36655 32774 3267 2933 1368 29507 18851 10656 103 5636 334 284 110 5020 4958 1565 1016
is_linear=0
shrinkage=0.05


Tree=141
num_leaves=31
num_cat=0
split_feature=29 29 5 16 24 16 0 22 18 18 2 12 26 0 14 22 28 18 29 27 14 27 29 5 24 5 4 0 27 9
split_gain=0.660301 1.14323 0.951257 1.04926 0.966406 0.996923 0.817792 0.809259 1.47996 1.03408 0.901664 1.28758 0.781161 0.976842 1.1672 1.22631 1.33341 0.94559 0.859867 0.801829 0.878087 0.792205 1.60281 1.5511 1.48163 2.22324 1.47893 1.20372 1.06821 2.29039
threshold=0.35441858460372855 0.36306981479561701 0.60264412435075865 0.45766233733023864 14.500000000000002 0.68759789599987475 5.6136670051882271 22.500000000000004 2.1578333170927175 2.1274987103886649 -0.67026214108848781 0.24762440350326073 1.0000000180025095e-35 4.8696986285031327 4.0220505084470437 19.500000000000004 24.500000000000004 11.475555918351697 -0.22971457122045122 19.500000000000004 5.0647189479613592 20.500000000000004 -0.11661615340548669 0.4425090111029108 26.500000000000004 0.39357389656109359 0.064669265914781768 5.2538158083088478 29.500000000000004 0.59658865772503955
decision_type=2 2 2 2 2 2 2 2 2 2 2 2 2 2 2 2 2 2 2 2 2 2 2 2 2 2 2 2 2 2
left_child=12 2 3 -2 5 -5 -4 -3 9 10 11 -9 21 14 15 16 -14 -15 -18 -16 -21 27 24 -24 -23 -26 -25 -1 -28 -30
right_child=1 7 6 4 -6 -7 -8 8 -10 -11 -12 -13 13 17 19 -17 18 -19 -20 20 -22 22 23 26 25 -27 28 -29 29 -31
leaf_value=-0.00018252097280745089 -0.0029069055053990863 -0.0010056959029819297 0.0025850278953316835 -0.06400725101572495 -0.0038563986846334173 -0.019527708107587319 -0.0191289841862851 -0.001186905507126141 0.0024418468828670725 -0.014827793586926263 -0.00096307029619440072 -0.076834726344960441 -0.009449174685953507 -0.00062889193161236453 0.008912589897752626 -0.00072421246928334538 -0.031560472875730536 0.0042359144596721453 -0.037366348898438019 0.046749454405241635 -0.02304704662754329 -0.00040082093789744723 -0.02831588711984831 0.0082488357950831863 -0.032885249719571685 0.0046893705386875017 -0.0006061336391640288 0.00080060346795940678 0.00050624805031178918 -0.057344325282647893
leaf_weight=112019 340 25097 326 50 146 80 72 72 9051 56 2584 50 1698 9694 995 1434 344 2563 59 96 249 26717 76 7403 67 10649 469 50678 99 64
leaf_count=112019 340 25097 326 50 146 80 72 72 9051 56 2584 50 1698 9694 995 1434 344 2563 59 96 249 26717 76 7403 67 10649 469 50678 99 64
internal_value=4.45696e-05 -0.000148455 -0.00180473 -0.00303571 -0.00532609 -0.00846154 0.000100503 -0.000102953 0.000238297 -0.000774801 -0.000635624 -0.00483607 7.70502e-05 -0.00024749 -0.000846154 -0.00132249 -0.00209186 -9.38221e-06 -0.00467742 0.000410448 -0.00166667 0.00010375 0.000288073 0.000925287 0.000150002 0.000646697 0.000992533 5.21523e-05 -0.00132911 -0.00481595
internal_weight=263297 37924 1014 616 276 130 398 36910 11813 2762 2706 122 225373 17132 4875 3535 2101 12257 403 1340 345 208241 45544 8111 37433 10716 8035 162697 632 163
internal_count=263297 37924 1014 616 276 130 398 36910 11813 2762 2706 122 225373 17132 4875 3535 2101 12257 403 1340 345 208241 45544 8111 37433 10716 8035 162697 632 163
is_linear=0
shrinkage=0.05


Tree=142
num_leaves=31
num_cat=0
split_feature=15 28 3 24 29 17 6 11 9 21 7 29 2 3 4 29 21 29 24 24 7 24 1 17 24 28 12 29 19 3
split_gain=0.637733 1.06099 1.94498 0.990572 1.43112 1.42759 1.46366 0.961538 0.833849 0.656884 0.949102 0.802222 0.738637 0.57904 0.809088 0.67717 0.5475 1.00377 0.933818 1.44453 1.18796 1.42437 2.88195 1.1437 1.64993 1.61462 1.19843 1.43034 1.04261 1.29375
threshold=26.500000000000004 2.5000000000000004 -0.52951549419798061 2.5000000000000004 -0.052392860855832203 4.5000000000000009 0.38844506274944995 0.14220164680872774 0.62511285369998049 56.500000000000007 0.7165531954006098 -0.67210302198578964 -1.0041234460077189 0.32308042656374097 0.017739322336633615 -0.15722160775239588 36.500000000000007 -3.6915046855524722 7.5000000000000009 15.500000000000002 0.45245771331125084 2.5000000000000004 125.00000000000001 5.5000000000000009 23.500000000000004 24.500000000000004 0.30174765060149772 -0.29976924049999526 12.696614134956148 0.2684026855020028
decision_type=2 2 2 2 2 2 2 2 2 2 2 2 2 2 2 2 2 2 2 2 2 2 2 2 2 2 2 2 2 2
left_child=9 2 -2 -3 -5 -6 7 -7 -4 16 13 -12 -13 -11 -15 -16 -1 -18 20 28 -19 -22 -23 24 25 -21 -25 -28 -20 -30
right_child=1 3 8 4 5 6 -8 -9 -10 10 11 12 -14 14 15 -17 17 18 19 23 21 22 -24 26 -26 -27 27 -29 29 -31
leaf_value=0.00019397078659184083 -0.055859353017939074 0.025153904585870537 0.00093150187132528476 -0.0017911799161349233 0.014786441161298887 -0.010251497743527205 -0.056004019861362997 0.019741496949951805 -0.025611848972100906 0.0089268107525969 0.01296344821594839 -0.00024613172255193633 -0.05571038615896734 0.0063852286250675946 -0.00096264692490853068 -0.048452120795279718 0.039629461143354666 0.0084962830851089497 -0.0068009271063715132 -0.00043960883541679333 0.0014864873467951903 -0.19845714287325583 -0.0071502542568442481 -0.0013716805405510138 0.0062013774579483174 -0.015578015162488508 -0.017706486957390466 0.001198877179783399 0.0079819580379561633 -0.0085900604232165417
leaf_weight=236457 89 176 252 2288 59 52 74 52 61 786 75 68 82 201 179 56 390 780 1207 2119 1357 640 1864 3525 3080 803 1849 813 3960 380
leaf_count=236457 89 176 252 2288 59 52 74 52 61 786 75 68 82 201 179 56 390 780 1207 2119 1357 640 1864 3525 3080 803 1849 813 3960 380
internal_value=2.45288e-05 -0.000688044 -0.00308458 -0.000331359 -0.000584158 -0.0042827 -0.00651685 -0.00269231 -0.00123003 3.30111e-05 0.00109537 -0.00188889 -0.004 0.00164484 0.000183486 -0.00180851 2.7081e-05 -0.000207098 -0.000250927 -8.57012e-05 -0.000882353 -0.00124191 -0.00194888 -0.000390106 0.000101633 -0.000749486 -0.000867141 -0.00166792 0.000583198 0.000944701
internal_weight=263774 3103 402 2701 2525 237 178 104 313 260671 1447 225 150 1222 436 235 259224 22767 22377 17736 4641 3861 2504 12189 6002 2922 6187 2662 5547 4340
internal_count=263774 3103 402 2701 2525 237 178 104 313 260671 1447 225 150 1222 436 235 259224 22767 22377 17736 4641 3861 2504 12189 6002 2922 6187 2662 5547 4340
is_linear=0
shrinkage=0.05


Tree=143
num_leaves=31
num_cat=0
split_feature=17 29 24 29 29 12 23 11 19 21 20 21 1 4 11 3 19 24 16 19 2 21 12 10 10 23 8 24 1 3
split_gain=0.787458 0.869918 1.0361 1.55514 2.01879 1.18343 1.09556 1.428 1.80534 1.08254 1.01572 1.8021 1.26212 0.867635 0.791722 0.859473 0.751768 1.15674 1.13525 1.49239 0.731134 0.72906 0.941112 0.896987 0.872778 1.41808 1.54174 1.40369 1.41223 1.38886
threshold=8.5000000000000018 -1.2877420863276781 9.5000000000000018 -0.40543560691002828 -0.44252610937883896 0.21977845111554598 2.5000000000000004 0.19415250451483484 35.899440369755844 31.500000000000004 0.81136725302130219 30.500000000000004 153.00000000000003 -0.033645560161340383 0.055870501080268989 0.11461509136311218 11.086542850095091 10.500000000000002 0.025853326908751001 40.162470820005133 -1.1827209498601443 1.5000000000000002 0.9489467609945802 0.28333333333333338 1.0000000180025095e-35 4.5000000000000009 0.56826616732644653 13.500000000000002 165.00000000000003 0.46213578783789483
decision_type=2 2 2 2 2 2 2 2 2 2 2 2 2 2 2 2 2 2 2 2 2 2 2 2 2 2 2 2 2 2
left_child=21 13 3 4 5 6 7 8 -3 10 -5 12 -12 -2 -8 -16 -4 -18 19 -19 -7 22 -1 -24 25 26 27 -23 -29 -27
right_child=1 2 16 9 -6 20 14 -9 -10 -11 11 -13 -14 -15 15 -17 17 18 -20 -21 -22 24 23 -25 -26 29 -28 28 -30 -31
leaf_value=0.0011917356597795691 0.021715164446830675 -0.016828050041286968 0.0089449867736422148 0.0019791383874264595 -0.038135412496588861 -0.041334877327519233 0.022229425865977787 -0.0070043908705836322 -0.06306334922624339 0.0078438895838566156 0.0042213104249928619 -0.065124273283363093 -0.014339661575692038 -0.033254635054019543 -0.024534093086421564 0.014086672157118077 0.025438968138422266 0.02582657625987643 0.0015889928102787985 -0.045438325515045751 0.00074248478714366661 -0.009783395300917765 -0.0019685545623323308 -0.012578014000632449 -5.9001824238087267e-05 0.0052790885078193121 -0.0062511892927455681 -0.033821589820525848 -0.013740515745201852 -0.012747147585987446
leaf_weight=14019 1099 56 1184 926 56 75 57 136 50 823 204 65 66 182 161 52 322 59 10710 54 806 81 1064 87 229886 343 738 63 56 53
leaf_count=14019 1099 56 1184 926 56 75 57 136 50 823 204 65 66 182 161 52 322 59 10710 54 806 81 1064 87 229886 343 738 63 56 53
internal_value=2.32041e-05 0.000350872 0.000249653 -0.000505236 -0.00176328 -0.00138909 -0.00330078 -0.0057438 -0.0100943 0.000369482 -0.00055115 -0.00291045 -0.00111111 0.00160422 -0.00111111 -0.00251174 0.000465975 0.000338717 0.000250855 -0.00473451 -0.000278093 4.06047e-07 0.00033619 -0.00103823 -2.16242e-05 -0.00129685 -0.00235608 -0.00625 -0.00970588 0.00121212
internal_weight=263533 17143 15862 3533 1449 1393 512 242 106 2084 1261 335 270 1281 270 213 12329 11145 10823 113 881 246390 15170 1151 231220 1334 938 200 119 396
internal_count=263533 17143 15862 3533 1449 1393 512 242 106 2084 1261 335 270 1281 270 213 12329 11145 10823 113 881 246390 15170 1151 231220 1334 938 200 119 396
is_linear=0
shrinkage=0.05


Tree=144
num_leaves=31
num_cat=0
split_feature=13 18 11 6 12 28 29 16 14 18 11 12 27 29 27 16 29 14 29 28 13 15 12 18 13 12 29 15 11 27
split_gain=1.02417 0.869788 0.892808 0.813233 0.779011 0.951346 0.778764 0.951258 1.34059 0.729718 0.678481 0.642578 0.621204 1.54251 1.07432 0.712939 0.672081 0.791127 0.752878 0.597587 0.576414 0.572849 1.18055 1.09744 0.849267 0.783301 0.695035 1.04888 0.845679 0.796794
threshold=1.0336611297045482 72.055489930407177 2.4812003789584818 0.19209988291272687 1.9072835476382204 9.5000000000000018 5.8911258848236683 2.891246311064875 5.6785847193382484 0.9153330097459661 0.22838862799079848 0.91461178360578443 16.500000000000004 -1.691767014093873 29.500000000000004 0.12686570088034446 0.29198063546128966 1.0412111710742684 0.44442789356771872 20.500000000000004 0.91033072706320217 11.500000000000002 0.53693820936836689 42.406654588276702 0.46360025950556477 0.52695333909106656 -0.43523374887946648 27.500000000000004 2.6613997082239762 29.500000000000004
decision_type=2 2 2 2 2 2 2 2 2 2 2 2 2 2 2 2 2 2 2 2 2 2 2 2 2 2 2 2 2 2
left_child=3 6 4 -1 5 -3 -2 10 -9 11 -8 12 15 14 -14 -5 20 -18 -19 -7 -17 -11 25 -24 -25 26 27 29 -28 -23
right_child=1 2 -4 9 -6 19 7 8 -10 21 -12 -13 13 -15 -16 16 17 18 -20 -21 -22 22 23 24 -26 -27 28 -29 -30 -31
leaf_value=0.0009048080378942794 0.0018199909414725627 0.036638862679295947 -0.096221383836616506 0.0054190154051901168 0.051662433260374556 -0.041505111623568583 -0.033381441466771397 -0.056990489637736522 -0.0070044798839388901 -0.00013925786376064854 0.020082981750715059 0.0095626169272099888 -0.24346149975730885 0.011380327403046529 -0.0014050741122228325 -0.0014125323446506242 0.0050529748618939668 -0.015906586409539659 -0.0092536921845539962 -0.016930876377312457 0.013441343348805907 -0.0052963053486748141 0.004200223975971514 -0.00042067158279279727 -0.029776340409449587 -0.032573630477906707 -0.00076645672967359368 -0.028439221089085445 -0.032812485253313983 -0.027385044747458821
leaf_weight=35845 37028 54 53 247 68 101 131 101 111 169682 187 718 55 1610 68 1949 96 50 123 62 53 3814 3055 351 201 100 6854 508 151 444
leaf_count=35845 37028 54 53 247 68 101 131 101 111 169682 187 718 55 1610 68 1949 96 50 123 62 53 3814 3055 351 201 100 6854 508 151 444
internal_value=3.60028e-05 0.000276547 -0.00224852 -4.3366e-06 -0.00114035 -0.00260369 0.000299271 -0.00160377 -0.00419811 -4.55215e-05 0.000125786 0.000552425 0.000318749 0.00104732 -0.00434959 -0.000182684 -0.00046015 -0.00280669 -0.00482659 -0.0045092 -0.000144855 -6.15682e-05 -0.000352759 0.000439424 -0.00161232 -0.000593463 -0.000556027 -0.00102182 -0.000239115 -0.000765617
internal_weight=263870 37896 338 225974 285 217 37558 530 212 190129 318 4969 4251 1733 123 2518 2271 269 173 163 2002 185160 15478 3607 552 11871 11771 4766 7005 4258
internal_count=263870 37896 338 225974 285 217 37558 530 212 190129 318 4969 4251 1733 123 2518 2271 269 173 163 2002 185160 15478 3607 552 11871 11771 4766 7005 4258
is_linear=0
shrinkage=0.05


Tree=145
num_leaves=31
num_cat=0
split_feature=5 27 24 24 0 4 5 24 13 24 21 23 2 27 21 6 0 24 1 1 18 0 5 5 24 5 4 0 0 4
split_gain=1.02029 0.834349 1.21531 2.13621 3.17169 3.46216 1.49762 1.53217 1.47576 1.37145 1.53965 1.97065 1.30416 1.30297 1.30201 1.58288 1.24809 1.15847 1.18362 1.5151 2.03998 1.58453 1.41325 1.21882 1.13525 1.61336 1.70284 1.13397 1.46485 1.39631
threshold=0.36955847803969871 22.500000000000004 5.5000000000000009 17.500000000000004 5.0517303177099064 -0.16333323227328525 2.5923042418178937 7.5000000000000009 0.083497588071038145 6.5000000000000009 34.500000000000007 1.0000000180025095e-35 -1.331326636437254 25.500000000000004 35.500000000000007 0.303104030206029 4.8812865822448641 27.500000000000004 273.00000000000006 253.00000000000003 59.307370038592801 5.6320442347098254 2.5131780152855359 3.1888770413588818 29.500000000000004 2.3902029425572091 0.40495001197563485 5.5341598236142326 5.54593981920228 0.34279727925295861
decision_type=2 2 2 2 2 2 2 2 2 2 2 2 2 2 2 2 2 2 2 2 2 2 2 2 2 2 2 2 2 2
left_child=-1 17 8 4 5 16 -6 14 -3 -7 11 -11 -10 -12 -8 -16 -4 -2 19 -19 21 24 -20 -24 25 26 -21 -26 -29 -30
right_child=1 2 3 -5 6 9 7 -9 12 10 13 -13 -14 -15 15 -17 -18 18 22 20 -22 -23 23 -25 27 -27 -28 28 29 -31
leaf_value=0.0022953553059552492 0.00011194599958026531 0.0099504973046848147 -0.0086944844838809359 0.0025916747621601934 0.01091305096632259 0.00055494322088775396 -0.0051337007387806596 0.0026279250514595169 0.021443267290565365 -0.11788230255394938 -0.085889075903888015 -0.052345188743575813 0.00023890939974386598 -0.0065948085590249424 -0.17559455981080374 -0.1681029798118806 0.0041231723761454312 -0.0010946682511465745 0.002532559096947318 0.0020578699900677881 -0.039809567213914349 -0.02444180170402183 -0.040901772697748265 0.0082478829352805854 -0.0071896274305000719 -0.030841237385880224 -0.019167496054008158 -0.020625952379961641 -0.0501989943055976 0.0080635452157210644
leaf_weight=4060 187477 3145 7058 18403 1428 366 126 1215 1717 146 65 943 7297 646 53 63 2103 20934 3193 1367 153 50 51 52 1204 67 126 58 77 64
leaf_count=4060 187477 3145 7058 18403 1428 366 126 1215 1717 146 65 943 7297 646 53 63 2103 20934 3193 1367 153 50 51 52 1204 67 126 58 77 64
internal_value=3.86226e-05 2.63244e-05 0.000222674 6.36212e-05 -0.000396848 -0.000773815 0.00108319 -4.4612e-05 0.000649313 -0.00257156 -0.00313889 -0.00432048 0.000323941 -0.00132911 -0.00367769 -0.0075 -0.000348761 -1.45898e-05 -0.000318294 -0.000439834 -0.00145925 -0.00117325 0.000570389 -0.00519417 -0.0010243 -9.61537e-05 0.000244474 -0.00205631 -0.00555276 -0.00280142
internal_weight=263707 259647 44774 32615 14212 11327 2885 1457 12159 2166 1800 1089 9014 711 242 116 9161 214873 27396 24100 3166 3013 3296 103 2963 1560 1493 1403 199 141
internal_count=263707 259647 44774 32615 14212 11327 2885 1457 12159 2166 1800 1089 9014 711 242 116 9161 214873 27396 24100 3166 3013 3296 103 2963 1560 1493 1403 199 141
is_linear=0
shrinkage=0.05


Tree=146
num_leaves=31
num_cat=0
split_feature=24 0 4 1 5 29 0 15 29 12 19 3 3 0 19 21 21 29 1 24 5 5 0 3 8 6 4 23 6 23
split_gain=0.788963 1.20946 1.49244 1.13874 1.19931 1.07146 2.1964 1.86714 1.61811 1.40465 1.04209 1.02623 1.00555 2.79639 0.881791 0.74733 1.71285 0.91775 0.639024 0.892254 2.08163 1.20127 0.74528 0.670039 0.828431 0.799215 1.11932 1.19386 0.993259 1.28937
threshold=1.5000000000000002 4.6207751646789132 0.25048996713075433 273.00000000000006 0.65504723996147796 0.35441858460372855 5.2440907012378011 15.500000000000002 0.39095661614053018 0.34495938031083345 59.187244281006727 0.40565930778063453 -0.71120899767915025 4.7324720776733296 16.276638782866737 29.500000000000004 30.500000000000004 -0.12325831839925346 277.00000000000006 26.500000000000004 2.5131780152855359 3.3465682936610741 5.6273578383842873 0.43831661869619659 0.98445320424864191 0.32289314030302702 -0.18669909107007937 1.5000000000000002 0.36104879606109291 1.0000000180025095e-35
decision_type=2 2 2 2 2 2 2 2 2 2 2 2 2 2 2 2 2 2 2 2 2 2 2 2 2 2 2 2 2 2
left_child=1 10 5 -4 14 11 7 12 -8 -10 -1 -3 13 -7 -5 -12 -17 -18 23 -20 22 -22 -21 24 -2 -25 -27 28 29 -28
right_child=18 2 3 4 -6 6 8 -9 9 -11 15 -13 -14 -15 -16 16 17 -19 19 20 21 -23 -24 25 -26 26 27 -29 -30 -31
leaf_value=0.010072378958590353 -5.7481151185968898e-06 0.0011095943594452095 0.0065762705484223739 0.0045399229283620531 -0.0064932214250912187 0.030647996376799498 -0.014835129687074344 -0.070503638506757407 0.00054028858364168358 -0.01208401389556637 0.02266188047200049 -0.038748515969503711 0.0054247009557747642 -0.032881495898246953 -0.031069476256988995 -0.050482829596362758 0.032986918427985908 -0.038506116101723303 -5.5523279067343077e-05 0.0034821195103863578 -0.03962127978758978 0.0012937377344811156 -0.0079431217478309508 -0.00041223658980073095 0.003040987043755787 0.012039294181221752 -0.00086720090476784121 -0.0033418843713111605 -0.0074270588105571139 -0.034856242647174296
leaf_weight=990 229430 7473 1363 115 65 155 67 63 128 68 53 69 499 117 67 78 151 74 6315 4649 111 63 65 5208 3252 278 69 2014 643 86
leaf_count=990 229430 7473 1363 115 65 155 67 63 128 68 53 69 499 117 67 78 151 74 6315 4649 111 63 65 5208 3252 278 69 2014 643 86
internal_value=3.01013e-05 0.000433377 0.000248317 0.00164596 -0.00147773 -1.2154e-05 -0.0014722 -0.000215827 -0.00545627 -0.00316327 0.0018425 0.000200212 0.000460441 -0.00198529 0.000604396 -0.000477528 -0.00143564 0.000777778 1.15593e-05 0.000380702 0.000887889 -0.00448276 0.00108613 -5.60194e-06 1.01428e-05 -0.000447095 -0.00108414 -0.00138336 -0.00302005 -0.0066129
internal_weight=263778 11595 10249 1610 247 8639 1097 834 263 196 1346 7542 771 272 182 356 303 225 252183 11203 4888 174 4714 240980 232682 8298 3090 2812 798 155
internal_count=263778 11595 10249 1610 247 8639 1097 834 263 196 1346 7542 771 272 182 356 303 225 252183 11203 4888 174 4714 240980 232682 8298 3090 2812 798 155
is_linear=0
shrinkage=0.05


Tree=147
num_leaves=31
num_cat=0
split_feature=5 7 29 15 29 5 29 29 13 12 24 3 22 3 14 18 24 0 18 3 22 18 11 14 12 11 12 18 14 13
split_gain=0.557717 1.12308 0.864009 1.02022 0.665603 0.625753 0.865492 1.4389 1.21312 1.00101 0.895546 0.847571 2.01406 1.93733 1.68866 1.17712 1.02936 0.797662 1.36499 0.705625 0.772401 0.701988 1.14876 0.728448 0.736543 0.655541 0.644819 0.778683 0.918598 0.746758
threshold=0.36955847803969871 0.43628129153086587 0.12233327623614838 8.5000000000000018 -0.98629016210140319 0.40747828828078908 0.20559250476795057 0.19936444769259018 0.47896589403446721 0.52695333909106656 5.5000000000000009 0.058026853622023263 31.500000000000004 0.0067151627742470547 1.4641538992239684 8.5080550058377042 29.500000000000004 5.2106208181773761 5.305932897020516 0.12909294262910034 14.500000000000002 2.6389240956144726 0.49377391006513888 0.5322860203638301 0.30843213237810718 0.15370154349851192 0.630849833662806 1.0040241493716906 1.3391815420497968 0.16193044866632031
decision_type=2 2 2 2 2 2 2 2 2 2 2 2 2 2 2 2 2 2 2 2 2 2 2 2 2 2 2 2 2 2
left_child=1 4 3 -3 -1 6 7 8 11 -10 -11 12 14 -14 16 17 21 18 19 20 -13 22 23 24 -2 -12 -7 28 -28 -30
right_child=5 2 -4 -5 -6 26 -8 -9 9 10 25 15 13 -15 -16 -17 -18 -19 -20 -21 -22 -23 -24 -25 -26 -27 27 -29 29 -31
leaf_value=0.019539218551894569 0.00087717229716456754 0.0039247113684551518 0.0080312563308140242 -0.014686596580750364 0.00033373906165028177 8.7619031540249334e-06 0.001888647601253797 -0.0096037808263917217 0.0045995485900991442 0.01499381334757207 0.0109439809786514 0.00056741421591246718 -0.0080051974678159599 -0.018365715459142989 -0.0120542072170098 -0.022411592364766406 -0.019330445576708051 -0.00031793243534935221 -0.021809226139250591 0.0060742442179964806 -0.022022886130475296 0.0019205704728375928 -0.012454442482397483 0.0068478151695198358 -0.016354701414773899 -0.010450358343501595 0.0070195423745992129 0.00067651775558391191 0.011557355275178191 -0.0021164026860710544
leaf_weight=69 68 575 380 65 3010 191270 2082 54 983 59 57 113 53 61 119 54 51 2260 62 51 85 532 64 110 73 282 479 59714 278 724
leaf_count=69 68 575 380 65 3010 191270 2082 54 983 59 57 113 53 61 119 54 51 2260 62 51 85 532 64 110 73 282 479 59714 278 724
internal_value=4.22043e-05 0.000620883 0.00205882 0.0009375 0.000144528 3.3072e-05 -0.000424171 -0.000769601 -0.000684251 0.000582911 -0.00153266 -0.00115016 -0.00229443 -0.00859649 -0.001588 -0.000657143 -0.000846325 -0.000503695 -0.00287781 -0.0012249 -0.00257576 -0.000430933 -0.00230159 -0.000776892 -0.00315603 -0.00252212 4.62442e-05 0.000187516 0.00132005 0.000459082
internal_weight=263837 4099 1020 640 3079 259738 7273 5191 5137 1381 398 3756 1131 114 1017 2625 898 2571 311 249 198 847 315 251 141 339 252465 61195 1481 1002
internal_count=263837 4099 1020 640 3079 259738 7273 5191 5137 1381 398 3756 1131 114 1017 2625 898 2571 311 249 198 847 315 251 141 339 252465 61195 1481 1002
is_linear=0
shrinkage=0.05


Tree=148
num_leaves=31
num_cat=0
split_feature=24 1 4 0 5 18 29 27 5 11 21 29 27 28 11 28 0 0 18 23 21 21 7 1 5 21 1 1 14 29
split_gain=0.509115 1.34959 1.37743 1.97564 1.52597 1.45958 1.50356 1.36129 2.12236 1.63726 1.24233 1.18735 1.16009 1.9804 1.24177 1.18548 1.55447 1.09487 1.25122 0.969965 1.22724 0.988294 0.965983 0.861101 0.954197 0.839846 0.831305 1.16447 0.812741 1.11649
threshold=1.5000000000000002 273.00000000000006 0.25048996713075433 4.8022471230451886 1.5035767645172997 40.267125989099505 6.8981135525598924 23.500000000000004 1.630474832658535 1.1340303632662712 34.500000000000007 -0.78361957578518804 17.500000000000004 9.5000000000000018 1.0000000180025095e-35 11.500000000000002 5.0146537794266903 4.7199269281688467 59.307370038592801 3.5000000000000004 38.500000000000007 32.500000000000007 0.64202719841342637 157.00000000000003 0.45954278253865488 29.500000000000004 225.00000000000003 153.00000000000003 0.60853018816750326 0.37214301231675612
decision_type=2 2 2 2 2 2 2 2 2 2 2 2 2 2 2 2 2 2 2 2 2 2 2 2 2 2 2 2 2 2
left_child=1 2 3 4 5 22 11 8 9 -3 -9 17 23 14 -14 16 -15 18 -7 20 21 25 -1 -5 -25 -16 27 -24 29 -26
right_child=-2 7 -4 12 -6 6 -8 10 -10 -11 -12 -13 13 15 19 -17 -18 -19 -20 -21 -22 -23 26 24 28 -27 -28 -29 -30 -31
leaf_value=0.0096632182884380715 8.0729179328235074e-05 -0.0027492443702203289 0.0062322692728342555 0.0030637517115670618 0.013863597667313042 -0.066618438473728323 -0.06961693530284617 0.0073488841453649206 -0.022511296411287143 -0.037604219769672709 -0.042967921547634624 0.021547204642162334 0.016724797333030998 -0.06490336200420431 -0.014629972729981025 -0.011182838406654516 -0.0049023647329486178 0.0087159158881607666 -0.025779443073897703 0.0053789495730683203 0.035435048208102983 -0.031489554999040971 0.01135533832909941 0.0052042416017603959 -0.012101642662995486 -0.00060365559667259309 0.021959204453934386 -0.017888977031285822 -0.0010732298242322154 -0.032070841878796642
leaf_weight=547 251881 859 1326 1774 1346 73 53 292 81 74 68 184 170 90 146 219 59 52 53 468 54 52 141 599 565 151 526 435 1060 61
leaf_count=547 251881 859 1326 1774 1346 73 53 292 81 74 68 184 170 90 146 219 59 52 53 468 54 52 141 599 565 151 526 435 1060 61
internal_value=3.3383e-05 0.000357575 0.000555665 0.000331156 0.00127566 0.000421512 -0.00222892 -0.00111354 -0.00205128 -0.00137728 0.00152778 -0.00107735 -0.000257864 -0.00149397 -0.000379443 -0.00464674 -0.00808725 -0.00398876 -0.00650794 -0.00114236 -0.00294045 -0.00402579 0.00108854 0.000171225 -0.000470459 -0.00291246 0.000235935 -0.00107639 -0.00107948 -0.00250799
internal_weight=263459 11578 10204 8878 3410 2064 415 1374 1014 933 360 362 5468 1409 1041 368 149 178 126 871 403 349 1649 4059 2285 297 1102 576 1686 626
internal_count=263459 11578 10204 8878 3410 2064 415 1374 1014 933 360 362 5468 1409 1041 368 149 178 126 871 403 349 1649 4059 2285 297 1102 576 1686 626
is_linear=0
shrinkage=0.05


Tree=149
num_leaves=31
num_cat=0
split_feature=18 19 27 7 29 15 24 2 23 24 23 29 7 18 29 5 9 1 2 29 24 2 5 8 24 24 2 7 19 18
split_gain=0.621867 0.690277 0.675232 0.933024 0.754038 0.789266 0.695652 0.67194 2.18407 0.75893 1.18435 2.09195 1.20436 1.02486 0.846071 0.785811 0.985867 0.885169 1.11241 1.15073 1.09398 1.08604 1.01775 0.990816 0.984422 1.9369 2.00077 0.868867 0.86729 0.845266
threshold=0.9153330097459661 5.4041075629617303 15.500000000000002 0.2131333887832296 -0.10383428234415885 8.5000000000000018 25.500000000000004 0.28694789977656471 1.5000000000000002 3.5000000000000004 1.0000000180025095e-35 0.35441858460372855 0.29142337565840487 3.0174716476165595 0.21851233520207783 0.75544060075152986 1.0021672713445475 241.00000000000003 0.32609483450760329 0.60199955426817631 15.500000000000002 0.6204402495778748 0.59119116799249061 0.89318922896646069 19.500000000000004 13.500000000000002 0.45623322202348843 0.31158579129332864 6.8172796720680022 4.3149702784170527
decision_type=2 2 2 2 2 2 2 2 2 2 2 2 2 2 2 2 2 2 2 2 2 2 2 2 2 2 2 2 2 2
left_child=1 2 6 -4 5 -5 -1 -2 9 10 14 13 -13 -12 -9 17 27 20 -19 21 29 24 23 -23 25 -20 -27 -17 -22 -11
right_child=7 -3 3 4 -6 -7 -8 8 -10 15 11 12 -14 -15 -16 16 -18 18 19 -21 28 22 -24 -25 -26 26 -28 -29 -30 -31
leaf_value=-0.0010122195189755932 -0.00011249451323867256 0.0098456213203152211 -0.029559775755633871 0.0082325359611389246 0.011591740821292809 -0.0013791940875389167 0.0063194270356633055 -0.0079168581896640073 0.0012948010316179343 0.0029781899541638473 -0.039495837271416423 -0.014438463425208242 -0.079979934652348261 0.0035362709301514752 0.0075730190402726119 -0.0093571043006151853 -0.01796323485598279 0.0020661351858151534 -0.012321181850979038 0.0095878138616733999 -0.011309471310868832 -0.022000240098594574 -0.023897688937598863 0.0013621095579020423 -0.0040705948240366717 -0.02629402201566779 -0.00057699899670512697 0.0058258770795194979 -0.0013196851040772949 -0.0045443620994300386
leaf_weight=4851 211595 322 77 2034 1533 1735 844 233 29257 1999 77 92 89 248 244 154 107 270 246 114 168 60 62 82 753 80 50 1342 4180 900
leaf_count=4851 211595 322 77 2034 1533 1735 844 233 29257 1999 77 92 89 248 244 154 107 270 246 114 168 60 62 82 753 80 50 1342 4180 900
internal_value=2.74454e-05 0.000388733 0.000322377 0.000724112 0.000803471 0.000423189 -5.70674e-05 1.11332e-05 0.000196903 -0.000385281 -0.00171414 -0.00339921 -0.00770718 -0.001 7.33754e-05 -0.000261663 0.000757954 -0.000443998 -0.00146476 -0.00201451 -0.000202152 -0.00242686 -0.00578431 -0.0034507 -0.00182019 -0.00390957 -0.00884615 0.00108957 -0.000703772 0.00055019
internal_weight=263798 11396 11074 5379 5302 3769 5695 252402 40807 11550 983 506 181 325 477 10567 1603 8964 1717 1447 7247 1333 204 142 1129 376 130 1496 4348 2899
internal_count=263798 11396 11074 5379 5302 3769 5695 252402 40807 11550 983 506 181 325 477 10567 1603 8964 1717 1447 7247 1333 204 142 1129 376 130 1496 4348 2899
is_linear=0
shrinkage=0.05


Tree=150
num_leaves=31
num_cat=0
split_feature=17 23 5 4 14 16 13 16 19 6 19 27 15 15 13 6 15 16 18 28 27 7 29 12 13 10 5 2 28 13
split_gain=0.920284 1.08343 0.756542 0.857868 1.14803 2.0961 0.821252 1.65498 0.817574 1.06062 0.733016 0.716379 1.13159 0.995107 1.04317 0.684873 0.884098 1.12405 0.752066 0.769651 1.21881 0.91513 1.60318 1.3988 0.774339 0.75316 1.10787 0.735632 0.841054 1.11439
threshold=7.5000000000000009 4.5000000000000009 4.3892368686248622 -0.087824573254756635 1.4641538992239684 2.7706191456776534 0.50417043965637742 0.074602673179880633 44.203173123004881 0.063193627739669814 5.5150598165666507 40.500000000000007 21.500000000000004 4.5000000000000009 0.19284507468109566 0.099586668812152904 12.500000000000002 0.0055345242886652097 1.0040241493716906 20.500000000000004 5.5000000000000009 0.7165531954006098 -1.0072396594512696 0.29833809361537383 0.17883369992584966 0.11666666666666668 0.50307064221808606 -0.0038155840165167878 13.500000000000002 0.16363493331508963
decision_type=2 2 2 2 2 2 2 2 2 2 2 2 2 2 2 2 2 2 2 2 2 2 2 2 2 2 2 2 2 2
left_child=11 2 6 -4 -5 -6 8 -8 -2 -10 -3 15 13 -13 -15 27 18 -18 19 25 -21 -22 23 24 -23 26 -17 28 29 -1
right_child=1 10 3 4 5 -7 7 -9 9 -11 -12 12 -14 14 -16 16 17 -19 -20 20 21 22 -24 -25 -26 -27 -28 -29 -30 -31
leaf_value=0.0083465889627268985 0.001634320884622589 0.014418098222959246 0.0094876006430363764 -0.0072274474938959447 -0.059623993637922514 0.0041407369234063495 -0.037528206058138891 0.0042759407744272235 -0.026045505448218688 -0.0029875809479018669 0.0045650753255350148 0.00055960471582293804 0.028344406788704691 -0.13622035601834345 -0.028651736741661788 -0.0055022232704889824 0.0023863415612523755 -0.0037214181769891826 4.9880406959894247e-05 0.01069455505866521 0.00099696623222963131 -0.038557344154888845 -0.0079078089680649152 0.0075620850282995646 -0.091092678089363832 0.0052617760497147411 0.00047421787554052504 -0.00024073069460971716 0.0011925077048978022 -0.017741941825345813
leaf_weight=3379 5806 461 131 312 96 50 133 4877 51 4243 5885 70 59 54 57 97 2568 12152 206758 885 532 62 417 50 51 4469 327 5360 4287 101
leaf_count=3379 5806 461 131 312 96 50 133 4877 51 4243 5885 70 59 54 57 97 2568 12152 206758 885 532 62 417 50 51 4469 327 5360 4287 101
internal_value=5.02314e-05 0.000359492 0.000136633 -0.00162139 -0.00264192 -0.00630137 0.000205162 0.000728543 -5.44553e-05 -0.00057755 0.00091081 2.20284e-05 -0.00270833 -0.00466851 -0.00761261 2.47419e-05 4.55424e-06 -0.000370244 3.03773e-05 0.000544267 -0.000282924 -0.00138489 -0.00275862 -0.00696319 -0.0100442 0.000881872 -0.00113208 0.000375943 0.000686881 0.00126437
internal_weight=263780 22045 15699 589 458 146 15110 5010 10100 4294 6346 241735 240 181 111 241495 228368 14720 213648 6890 1997 1112 580 163 113 4893 424 13127 7767 3480
internal_count=263780 22045 15699 589 458 146 15110 5010 10100 4294 6346 241735 240 181 111 241495 228368 14720 213648 6890 1997 1112 580 163 113 4893 424 13127 7767 3480
is_linear=0
shrinkage=0.05


Tree=151
num_leaves=31
num_cat=0
split_feature=17 24 24 0 4 16 16 7 19 12 21 24 7 16 26 11 2 18 0 4 12 21 24 0 18 11 18 23 7 9
split_gain=0.949658 0.966817 1.21525 1.13738 1.01855 0.882418 1.2714 0.850037 0.835772 0.857017 1.81876 1.17592 1.68889 0.926686 0.900135 1.04533 1.08148 0.889941 0.82777 0.779838 1.19586 0.977812 1.26211 1.16579 0.946997 1.31778 0.91158 0.695227 1.01714 0.772989
threshold=8.5000000000000018 1.5000000000000002 7.5000000000000009 4.5402900480898207 0.10910669148715564 1.9530577532893723 1.6132327290763548 0.59367885758365302 6.1344714275706513 0.26258678285149284 31.500000000000004 30.500000000000004 0.52494537242880368 0.040011629287108337 1.0000000180025095e-35 0.59921268109461889 -0.34704044823073393 12.328031187125188 5.0448809385801114 -0.17510083151372932 0.240338146506965 30.500000000000004 24.500000000000004 4.7946504408654791 15.371277410323176 0.13033899973640775 38.534589766573134 4.5000000000000009 0.36829023862607085 0.87120393415823638
decision_type=2 2 2 2 2 2 2 2 2 2 2 2 2 2 2 2 2 2 2 2 2 2 2 2 2 2 2 2 2 2
left_child=-1 -2 3 5 -5 6 7 -3 18 10 13 27 -13 -10 -11 16 17 -16 -4 20 21 22 23 24 -15 -26 -27 29 -29 -12
right_child=1 2 8 4 -6 -7 -8 -9 9 14 11 12 -14 19 15 -17 -18 -19 -20 -21 -22 -23 -24 -25 25 26 -28 28 -30 -31
leaf_value=-4.4767789453785105e-06 0.0064919754156476522 -0.0015519079804213465 0.011350620192293867 0.0023936216223856698 -0.013044418116960353 0.0096664580073913681 -0.042730356774546861 -0.023546915988778352 -0.029158681924758307 0.0046618876781207739 -0.0080977289314512878 -0.00087139847085072821 -0.059011266627536432 0.013981068641454712 -0.015495786292218023 0.0025250704469932921 0.0055228494719721617 -0.041988715021828188 -0.02292505075566242 0.0067604419947027254 -0.054628964403607982 0.022807929251718363 0.0097046950160615247 0.025699064183256893 0.0035546530244974714 -0.047111562945466083 -0.015660299134399935 -0.031751108232363358 0.0092403020227360601 -0.033982543452216955
leaf_weight=246959 985 303 776 1323 214 145 51 287 56 7179 1546 56 50 63 50 135 80 82 84 1909 63 310 402 116 92 152 64 62 513 80
leaf_count=246959 985 303 776 1323 214 145 51 287 56 7179 1546 56 50 63 50 135 80 82 84 1909 63 310 402 116 92 152 64 62 513 80
internal_value=2.36009e-05 0.000382517 0.000290279 -0.000768403 2.27718e-05 -0.00231552 -0.00311232 -0.00245763 0.000466954 0.000367535 -0.000104806 -0.00117685 -0.00632075 0.000661605 0.000714855 -0.00177233 -0.00396226 -0.00674242 0.00197674 0.000774204 -0.000190174 0.000162636 -0.00068054 -0.0023922 -0.00376011 -0.0049026 -0.00703704 -0.000929123 0.000565218 -0.00145756
internal_weight=264187 17228 16243 2323 1537 786 641 590 13920 13060 5534 2307 106 3227 7526 347 212 132 860 3171 1262 1199 889 487 371 308 216 2201 575 1626
internal_count=264187 17228 16243 2323 1537 786 641 590 13920 13060 5534 2307 106 3227 7526 347 212 132 860 3171 1262 1199 889 487 371 308 216 2201 575 1626
is_linear=0
shrinkage=0.05


Tree=152
num_leaves=31
num_cat=0
split_feature=18 22 27 22 11 12 27 11 19 22 27 18 16 29 27 28 21 7 14 4 16 22 11 14 14 18 11 26 22 18
split_gain=0.561325 1.31745 1.23515 3.405 1.99084 1.61446 1.67093 1.37759 1.31897 1.22714 1.88393 1.60043 1.18339 1.13538 1.24018 1.71074 1.14922 1.38025 1.12775 1.12321 1.15414 1.08521 1.43625 1.3413 1.65947 1.11655 1.0708 1.46661 1.04254 0.982314
threshold=13.711901041093762 16.500000000000004 19.500000000000004 20.500000000000004 0.16148973527627278 0.079954608250901685 29.500000000000004 0.16292784968131183 0.079460925144518246 12.500000000000002 35.500000000000007 3.7973285766212217 0.35083521856047634 -0.27061159832106957 5.5000000000000009 15.500000000000002 30.500000000000004 0.25270673430335894 3.3815553193664418 -0.42032887886873266 0.043557095429969162 5.5000000000000009 1.0267070413001731 3.589194394537532 2.623059045705324 42.406654588276702 0.1779733106502803 1.0000000180025095e-35 2.5000000000000004 16.344347621319347
decision_type=2 2 2 2 2 2 2 2 2 2 2 2 2 2 2 2 2 2 2 2 2 2 2 2 2 2 2 2 2 2
left_child=2 13 -1 4 5 6 -4 -6 -5 10 11 12 -9 14 21 16 -16 -18 -13 -7 -21 22 -2 24 -24 -26 27 -23 -20 -3
right_child=1 29 3 8 7 19 -8 9 -10 -11 -12 18 -14 -15 15 -17 17 -19 28 20 -22 26 23 -25 25 -27 -28 -29 -30 -31
leaf_value=0.00012719675874065024 0.006316374589130376 -0.0021273257123786719 0.012312912929955802 -0.019361306355810418 -0.024118339013533364 0.016435727497287094 0.0082006026381433918 -0.01103692670053294 -0.0018175388120724612 0.013004577405846424 -0.024809955856844288 -0.0042814657860958628 0.015855248504345037 -0.0039847416681915576 0.00069893755871241949 0.0033382051541208943 -0.01877864665139518 -0.006932382761151417 -0.016878044131618971 -0.025952071827610626 0.0026888193444109115 -0.029690963633196905 -0.010678704517689441 0.0055213105696585996 -0.14859927739401949 -0.024958738833216018 -0.0096662594792757215 -0.057360624439028653 0.031797696351557811 0.0020725580891721323
leaf_weight=153526 1381 5512 2226 548 80 2120 1186 113 8253 2089 511 3141 1047 14110 7805 12725 55 7850 206 126 2722 551 268 272 58 51 1143 51 904 33404
leaf_count=153526 1381 5512 2226 548 80 2120 1186 113 8253 2089 511 3141 1047 14110 7805 12725 55 7850 206 126 2722 551 268 272 58 51 1143 51 904 33404
internal_value=3.96542e-05 -6.59344e-05 8.999e-05 0.000413897 0.00083814 0.00137828 0.00221571 0.000278705 -0.00038007 0.000343902 -2.36405e-05 0.000250416 0.00189655 -0.000246114 -8.22724e-05 3.07721e-05 -0.000318268 -0.0007432 -0.000198777 0.00080314 0.000154495 -0.000933775 -0.000147783 -0.00208783 -0.00401857 -0.00922018 -0.00184814 -0.00355482 0.00117117 0.000148525
internal_weight=264034 85236 178798 25272 16471 8380 3412 8091 8801 8011 5922 5411 1160 46320 32210 28435 15710 7905 4251 4968 2848 3775 2030 649 377 109 1745 602 1110 38916
internal_count=264034 85236 178798 25272 16471 8380 3412 8091 8801 8011 5922 5411 1160 46320 32210 28435 15710 7905 4251 4968 2848 3775 2030 649 377 109 1745 602 1110 38916
is_linear=0
shrinkage=0.05


Tree=153
num_leaves=31
num_cat=0
split_feature=17 0 24 21 0 18 4 14 22 15 19 24 24 1 23 1 7 7 27 28 20 27 28 24 18 7 19 6 28 5
split_gain=0.770329 0.733489 1.77219 1.19514 0.983437 0.969299 1.34799 1.11281 0.888369 1.3046 0.876029 0.764461 1.41597 1.26215 1.57338 1.78571 0.975763 0.935562 0.760161 0.741191 1.56846 1.64021 1.98711 2.61825 1.61212 1.55957 1.3419 1.05299 0.805933 0.78214
threshold=8.5000000000000018 4.7199269281688467 21.500000000000004 40.500000000000007 4.5402900480898207 6.0588301190220601 -0.02048242725888377 2.2829189494760072 4.5000000000000009 1.5000000000000002 5.5150598165666507 6.5000000000000009 2.5000000000000004 97.000000000000014 3.5000000000000004 117.00000000000001 0.32697226246320371 0.50521414319686875 24.500000000000004 6.5000000000000009 0.72448600594899382 27.500000000000004 1.5000000000000002 3.5000000000000004 31.375848613157462 0.60492492044533874 27.044460523766247 0.56625306478845805 10.500000000000002 0.53932334134770243
decision_type=2 2 2 2 2 2 2 2 2 2 2 2 2 2 2 2 2 2 2 2 2 2 2 2 2 2 2 2 2 2
left_child=-1 4 10 -4 5 6 -2 19 9 -9 -3 12 -6 -14 15 -15 -13 -16 -8 20 26 25 23 -23 -24 29 27 -7 -21 -22
right_child=1 2 3 -5 11 7 18 8 -10 -11 -12 16 13 14 17 -17 -18 -19 -20 28 21 22 24 -25 -26 -27 -28 -29 -30 -31
leaf_value=6.6527792761563842e-05 0.012981141755109388 0.026975670188111384 -0.0080459544283588615 -0.024670834730345814 0.007218280273784578 -0.0015284772166037713 -0.010641825207900833 -0.034440619787066112 0.0096217657870870717 0.0079745930998491501 0.00083304814070090055 -0.010795127972564766 0.0049852768550448096 -0.035835142715604514 -0.016081818160677892 -0.0056133757437462515 0.0072660744752007225 0.0058811921764185902 0.0061639742826880735 0.0052403488174338772 0.0046703350191046192 -0.057967070864389562 -0.086053831572650522 0.0097198550625280863 -0.092190800031359293 0.0059228520603830815 0.003504355395935679 -0.076250888652433249 -0.0012563500489510683 -0.086839673211946397
leaf_weight=246387 501 192 1009 93 412 121 108 106 884 178 2443 53 156 63 95 63 4155 140 137 981 62 56 95 148 70 299 816 66 3561 119
leaf_count=246387 501 192 1009 93 412 121 108 106 884 178 2443 53 156 63 95 63 4155 140 137 981 62 56 95 148 70 299 816 66 3561 119
internal_value=3.77322e-05 0.000361425 -0.000258228 -0.00194192 0.000533656 0.0001974 0.00191689 2.77706e-05 0.00144692 -0.000985915 0.00044592 0.00107748 -0.000220667 -0.00196325 -0.00358726 -0.00809524 0.00136407 -0.00117021 -0.00112245 -0.000231467 -0.00107451 -0.00265607 -0.0051626 -0.00186274 -0.00924242 -0.000729166 0.000264208 -0.00355615 0.000112286 -0.00439226
internal_weight=263569 17182 3737 1102 13445 8308 746 7562 1168 284 2635 5137 929 517 361 126 4208 235 245 6394 1852 849 369 204 165 480 1003 187 4542 181
internal_count=263569 17182 3737 1102 13445 8308 746 7562 1168 284 2635 5137 929 517 361 126 4208 235 245 6394 1852 849 369 204 165 480 1003 187 4542 181
is_linear=0
shrinkage=0.05


Tree=154
num_leaves=31
num_cat=0
split_feature=17 5 28 19 24 27 0 24 0 3 0 3 19 0 19 2 12 3 3 19 7 7 27 4 6 0 4 5 21 24
split_gain=0.973148 0.843766 1.24818 1.98653 1.4049 1.87577 1.92458 2.10704 1.74145 1.69898 1.42742 2.09559 1.39848 1.31787 1.57802 1.07198 1.13905 1.05068 1.22171 1.03126 1.03551 1.00054 1.49878 0.983723 1.22044 1.20507 1.03142 2.10005 1.04815 0.977961
threshold=8.5000000000000018 0.75018944508697005 8.5000000000000018 9.9061393167307816 6.5000000000000009 25.500000000000004 5.1022775351308658 9.5000000000000018 4.6750101137906439 -1.2042939719806671 5.0026325636191329 -0.51475799797007971 59.99486014821899 4.6152523066285216 0.079460925144518246 -0.13614166746668496 0.53693820936836689 0.094987420286011301 0.034842836198130396 25.153835959944125 0.52494537242880368 0.25270673430335894 19.500000000000004 -0.060715144358704481 0.40046790417427613 4.8812865822448641 -0.45850634528089879 0.99824353718710557 37.500000000000007 13.500000000000002
decision_type=2 2 2 2 2 2 2 2 2 2 2 2 2 2 2 2 2 2 2 2 2 2 2 2 2 2 2 2 2 2
left_child=1 29 3 -3 10 -6 7 8 -7 12 15 -12 -10 14 -4 16 -5 18 -13 -20 -21 22 -15 25 -25 26 28 -28 -11 -1
right_child=-2 2 13 4 5 6 -8 -9 9 23 11 17 -14 21 -16 -17 -18 -19 19 20 -22 -23 -24 24 -26 -27 27 -29 -30 -31
leaf_value=0.00028722856663729616 0.0018811228932270902 0.0043787766911645839 -0.044093178607379047 0.0019376431307427237 0.0020247878485377666 0.0075157881370357948 0.0069770818863413575 -0.0035819565227377722 -0.084251560207396728 -0.17601944916073922 -0.016190060555527967 0.0020198454137627 -0.32236880475327262 -0.0019924984722411131 -0.0098971188152169719 0.016846707636922295 0.019646079222405761 0.0048230432430543049 -0.011069028639055208 -0.04086502316562738 -0.062417150296684182 0.00027207400725616672 -0.015859490138494452 -0.12541590141619804 -0.043525411546246222 0.00026666940389430719 0.037098919115908978 -0.28591794853293856 0.025143842707662969 -0.00058018072123980434
leaf_weight=46836 17303 8139 95 4699 15169 521 1632 7347 52 811 359 992 61 302 6572 965 2589 1072 392 94 54 74827 76 153 88 491 75 117 83 72091
leaf_count=46836 17303 8139 95 4699 15169 521 1632 7347 52 811 359 992 61 302 6572 965 2589 1072 392 94 54 74827 76 153 88 491 75 117 83 72091
internal_value=1.98255e-05 -5.59243e-06 8.35897e-05 0.000292134 0.000139624 -5.82705e-05 -0.000541947 -0.000806715 -0.00207586 -0.002768 0.000608952 -0.000332433 -0.00871681 -3.34667e-05 -0.000707214 0.000946929 0.000739572 0.000161291 -0.000678851 -0.00259259 -0.00614865 2.62617e-05 -0.00253968 -0.00239824 -0.00537344 -0.00194356 -0.00287293 -0.00619792 -0.00215884 -0.000101449
internal_weight=264057 246754 127827 45955 37816 26600 11431 9799 2452 1931 11216 2963 113 81872 6667 8253 7288 2604 1532 540 148 75205 378 1818 241 1577 1086 192 894 118927
internal_count=264057 246754 127827 45955 37816 26600 11431 9799 2452 1931 11216 2963 113 81872 6667 8253 7288 2604 1532 540 148 75205 378 1818 241 1577 1086 192 894 118927
is_linear=0
shrinkage=0.05


Tree=155
num_leaves=31
num_cat=0
split_feature=13 22 16 11 22 11 12 5 22 23 14 12 27 23 14 23 12 23 11 16 9 16 22 27 14 15 27 5 13 14
split_gain=0.645336 0.815724 2.46789 1.0691 0.885992 0.878679 0.786863 0.8386 1.11535 0.752477 0.752257 1.06484 1.4921 1.50794 0.81861 0.83902 0.759961 0.721393 0.709571 0.864785 0.84469 0.699063 1.14995 1.03347 0.850574 1.26096 0.714255 0.682789 0.719351 0.856128
threshold=0.94771424430146667 25.500000000000004 7.1096240885869593 1.1680395064885118 2.5000000000000004 0.98169508726936006 0.034897783064122473 1.0928004516098981 1.5000000000000002 2.5000000000000004 2.8527647231789657 0.65273463215482574 17.500000000000004 3.5000000000000004 3.339047601280424 3.5000000000000004 1.5124841460464775 4.5000000000000009 3.8081322656428704 1.8265939905570898 0.74278328224799639 5.2250839448840321 1.5000000000000002 13.500000000000002 6.9314320908372045 4.5000000000000009 1.5000000000000002 1.2281253662846803 0.26242354332569406 7.1407970139160017
decision_type=2 2 2 2 2 2 2 2 2 2 2 2 2 2 2 2 2 2 2 2 2 2 2 2 2 2 2 2 2 2
left_child=21 3 18 5 6 -2 -5 8 -8 -4 11 -7 13 -13 -12 -16 -17 -11 19 -3 -21 24 23 -23 -1 26 -26 -24 -29 -30
right_child=1 2 9 4 -6 10 7 -9 -10 17 14 12 -14 -15 15 16 -18 -19 -20 20 -22 22 27 -25 25 -27 -28 28 29 -31
leaf_value=4.1002475752094117e-05 0.0011034356237185595 0.0010478467863186292 -0.071160511540092175 0.030192084236398509 0.0078199051843497441 -0.0028236367025997345 9.7202128615637992e-05 -0.0027568629739585151 -0.023293102288064808 -0.16225625941177454 0.016034797466127217 -0.02259710044797672 -0.0012865655958649871 -0.013609446951490285 0.011782331816268969 -0.0050718140476526527 -0.094478845438689896 -0.065886246393588629 0.021174418910838152 -0.0048287473659191192 -0.011008176616304745 -0.011030400837259093 0.019697401194720937 -0.10926810788725205 -0.088372312828388491 -0.021677772853230068 0.015104561178750163 0.00035368140364509538 -0.022370348782710794 -0.0042126348616516526
leaf_weight=216270 23803 5471 80 53 6196 376 84 441 81 70 77 62 85 56 216 93 52 52 248 3761 97 70 329 74 68 426 2642 1464 500 1022
leaf_count=216270 23803 5471 80 53 6196 376 84 441 81 70 77 62 85 56 216 93 52 52 248 3761 97 70 329 74 68 426 2642 1464 500 1022
internal_value=4.36785e-05 0.000224828 -0.000174353 0.000348066 0.000900803 0.000195407 -0.000842185 -0.00135314 -0.00439394 -0.00564356 -0.00124385 -0.0024266 -0.00534483 -0.00898305 0.000319635 -0.00067867 -0.00362069 -0.00811475 -5.89953e-05 -0.000129167 -0.000702436 9.98381e-06 -0.000695287 -0.00506944 2.11026e-05 0.000838648 0.00123616 -0.000505279 -0.000743469 -0.0015046
internal_weight=264319 41454 9779 31675 6855 24820 659 606 165 202 1017 579 203 118 438 361 145 122 9577 9329 3858 222865 3459 144 219406 3136 2710 3315 2986 1522
internal_count=264319 41454 9779 31675 6855 24820 659 606 165 202 1017 579 203 118 438 361 145 122 9577 9329 3858 222865 3459 144 219406 3136 2710 3315 2986 1522
is_linear=0
shrinkage=0.05


Tree=156
num_leaves=31
num_cat=0
split_feature=26 12 0 28 1 27 0 3 7 28 17 29 11 11 0 24 29 12 11 27 1 28 7 12 13 0 5 15 24 22
split_gain=0.768984 0.865503 0.802047 0.906177 1.72787 1.28014 0.962198 0.959341 1.25167 1.1719 1.49928 1.30317 0.914095 0.906527 0.846612 0.83635 0.821536 1.16881 0.809649 0.896801 0.787497 0.779321 0.712596 0.706053 0.775256 0.652896 0.648171 2.06791 0.666915 0.627138
threshold=1.0000000180025095e-35 2.0608296616885724 4.8812865822448641 26.500000000000004 201.00000000000003 19.500000000000004 4.8459066944144054 -0.94237699684084697 0.89503252676652878 8.5000000000000018 9.5000000000000018 -0.24983581559856657 2.5581036272323461 0.2901671152618901 4.5649191543146843 15.500000000000002 -0.46518392472356479 0.25767722209089033 0.14220164680872774 22.500000000000004 201.00000000000003 17.500000000000004 0.85255395649047017 0.073905492252680907 0.17538470910933926 5.6757271873972215 1.2506092511041185 3.5000000000000004 11.500000000000002 29.500000000000004
decision_type=2 2 2 2 2 2 2 2 2 2 2 2 2 2 2 2 2 2 2 2 2 2 2 2 2 2 2 2 2 2
left_child=-1 2 3 5 6 15 -5 12 9 14 11 13 18 -11 -9 21 17 -16 19 -7 23 -2 25 24 -17 29 -3 28 -28 -4
right_child=1 26 22 4 -6 7 -8 8 -10 10 -12 -13 -14 -15 16 20 -18 -19 -20 -21 -22 -23 -24 -25 -26 -27 27 -29 -30 -31
leaf_value=0.00025357935384708323 0.043470466470078288 0.0071555037230473309 -0.00026930038480291201 -0.00087490745832770615 -0.04741778336973148 -0.033732717076548201 -0.058988630254982501 -0.0083831693585630692 -0.055411849560449269 -0.071742501799192712 0.012443867609395072 -0.046974909522776262 -0.02722595823326689 0.0014105091190949072 0.010821131905545445 0.0019424735044961845 0.0085053251780886543 -0.024596449339045007 0.027134534959699405 0.056254153214170849 -0.010828951958491357 -0.011326755977940218 0.01933873525574982 0.0074153626159483834 -0.019988258469267474 0.010783148958330751 -0.03376264528619484 -0.055887227282533584 0.0081703114477299985 -0.0022406866698839144
leaf_weight=244728 55 539 11443 364 92 94 55 100 84 80 50 81 60 73 122 253 218 80 257 52 605 567 242 885 102 94 52 62 631 2112
leaf_count=244728 55 539 11443 364 92 94 55 100 84 80 50 81 60 73 122 253 218 80 257 52 605 567 242 885 102 94 52 62 631 2112
internal_value=3.6559e-05 -0.000265586 -0.000354006 -0.000948256 -0.00292564 -0.000683604 -0.00156325 -0.0019208 -0.00288288 -0.00227612 -0.00485915 -0.00653846 -7.55938e-05 -0.00382353 -0.000865384 -6.08007e-06 0.000119048 -0.00217822 0.000781638 -0.00219178 0.000528455 -0.00159164 -0.000168814 0.00125 -0.000633803 -0.000216499 0.000989097 3.35572e-05 0.000827233 -0.000245297
internal_weight=264232 19504 18220 4329 511 3818 419 1351 888 804 284 234 463 153 520 2467 420 202 403 146 1845 622 13891 1240 355 13649 1284 745 683 13555
internal_count=264232 19504 18220 4329 511 3818 419 1351 888 804 284 234 463 153 520 2467 420 202 403 146 1845 622 13891 1240 355 13649 1284 745 683 13555
is_linear=0
shrinkage=0.05


Tree=157
num_leaves=31
num_cat=0
split_feature=19 19 6 4 14 14 4 24 0 16 1 1 29 0 24 29 29 1 16 28 23 24 5 17 29 24 16 19 21 24
split_gain=0.594233 0.848852 1.53957 1.20071 0.727047 1.64266 0.844595 0.715664 0.990734 0.831888 1.1408 0.87207 1.33024 0.826242 0.975637 0.920779 0.860293 0.838985 0.929501 0.838635 0.804816 1.2141 1.46695 1.25302 0.765441 0.732601 0.877367 0.842243 1.47778 0.726603
threshold=4.2761266608149802 4.4166819120041954 0.38844506274944995 0.055454571609730628 0.62478623098410135 1.2767124859005927 -0.0082291034614279338 20.500000000000004 4.7946504408654791 0.36158082700600619 113.00000000000001 237.00000000000003 -0.22267175236315265 4.7754847560736993 4.5000000000000009 -0.27770026063877867 -0.28503810553964043 269.00000000000006 0.21957302112008917 14.500000000000002 4.5000000000000009 8.5000000000000018 1.5688935686757868 5.5000000000000009 -0.42790448429647959 18.500000000000004 1.5418530610367169 1.050797484154723 31.500000000000004 11.500000000000002
decision_type=2 2 2 2 2 2 2 2 2 2 2 2 2 2 2 2 2 2 2 2 2 2 2 2 2 2 2 2 2 2
left_child=7 2 -2 4 6 -6 -4 8 13 11 -11 -10 -13 14 16 29 24 18 -16 20 21 -20 23 -23 -1 26 27 -21 -29 -15
right_child=1 -3 3 -5 5 -7 -8 -9 9 10 -12 12 -14 15 17 -17 -18 -19 19 25 -22 22 -24 -25 -26 -27 -28 28 -30 -31
leaf_value=0.0065973565329550676 0.0063974768146517688 4.3312462887579214e-05 -0.0028780936917158096 -0.015517135758266742 0.0063455108395263421 -0.0098908423459465947 -0.015112088404753336 0.0020343621098689816 -0.00015616101938581621 -0.0039969885731074234 0.0040127391513854012 -0.019455802155201901 -0.002428359171634534 -0.082898505432000391 0.003393601331122638 0.025954930511899173 0.014648007750574128 0.013899702679940491 -0.012158329514590616 -0.0087163983914388295 -0.013003552146526182 -0.103131084820528 -0.024877991401715101 -0.068657915297892932 -0.016214506367220615 0.014515669049451294 0.0018604315346566849 0.00029342415271159248 -0.044223405259385576 -0.017959384225145821
leaf_weight=235 193 245524 56 57 107 266 61 6408 3319 940 4107 52 141 53 345 53 178 153 95 230 111 67 67 59 72 117 317 64 91 62
leaf_count=235 193 245524 56 57 107 266 61 6408 3319 940 4107 52 141 53 345 53 178 153 95 230 111 67 67 59 72 117 317 64 91 62
internal_value=2.16239e-05 1.70567e-06 -0.00168919 -0.00304388 -0.0022449 -0.00116622 -0.00568376 0.000304569 5.85653e-05 0.000309032 0.00072023 -0.00028189 -0.00354922 -0.000846348 -0.000588369 -0.00422619 0.00139175 -0.00114802 -0.00149392 -0.00214286 -0.00402256 -0.00541667 -0.0076943 -0.010873 -0.000211726 -0.00122711 -0.00183761 -0.00344156 -0.00629032 -0.00673913
internal_weight=263600 246264 740 547 490 373 117 17336 10928 8559 5047 3512 193 2369 2201 168 485 1716 1563 1218 399 288 193 126 307 819 702 385 155 115
internal_count=263600 246264 740 547 490 373 117 17336 10928 8559 5047 3512 193 2369 2201 168 485 1716 1563 1218 399 288 193 126 307 819 702 385 155 115
is_linear=0
shrinkage=0.05


Tree=158
num_leaves=31
num_cat=0
split_feature=14 29 5 19 12 6 18 12 0 16 7 1 29 12 20 27 7 2 2 13 0 24 19 28 28 5 5 23 29 11
split_gain=0.977038 0.811805 0.677076 0.651186 0.709926 0.625486 1.68953 1.22777 0.737957 0.714196 0.713281 0.594973 0.688287 0.592775 1.05244 1.25563 1.05425 1.63464 1.2907 1.00558 0.738781 0.792214 0.843254 0.814124 0.62268 0.991744 0.616184 1.4347 0.785551 0.66588
threshold=13.651224984796185 -1.1041871305606306 2.1341822330214413 43.60571307918071 0.66225385881370802 2.487574712025947 48.954811645103682 0.630849833662806 4.7544443676919261 3.6223557785107601 1.4000310583957483 181.00000000000003 -0.19247936463101048 4.0891328792704167 0.71712902252051836 18.500000000000004 0.6121042925523239 -0.91797480838959411 -2.095014047561524 0.18225124559297565 4.6851294144313123 6.5000000000000009 49.138707003432394 22.500000000000004 17.500000000000004 1.8215862334936765 1.365119990819762 4.5000000000000009 -0.29244308552276649 3.8081322656428704
decision_type=2 2 2 2 2 2 2 2 2 2 2 2 2 2 2 2 2 2 2 2 2 2 2 2 2 2 2 2 2 2
left_child=5 2 -2 -3 -5 13 7 11 9 10 -9 12 -7 -1 15 16 17 19 -18 -15 21 -20 23 -23 -24 -26 27 -17 29 -28
right_child=1 3 -4 4 -6 6 -8 8 -10 -11 -12 -13 -14 14 -16 26 18 -19 20 -21 -22 22 24 -25 25 -27 28 -29 -30 -31
leaf_value=5.7057554238740405e-05 -0.14031310098811725 -0.033890414566077977 -0.03256079795373814 -0.027299817409031847 0.0087571728750767686 -0.0091712832185404346 -0.050612396934285001 0.0045801313432246799 0.026237354129928225 0.023599527368681233 -0.038939181868966596 0.0065580192156584746 -0.10512226909680218 -0.11392399863490139 0.0054708550749612492 0.0033087470055926981 -0.026622315016586229 0.0099279490866221575 -0.10991086129208164 -0.02189267594685354 0.003037265788515868 -0.037190930758195309 -0.033608548595587054 -0.0095246465319541382 0.017881057325422962 -0.047967941619244094 0.0041905611832892074 -0.050675875183735189 0.035923941165177158 -0.029982958054144526
leaf_weight=257052 61 61 138 94 371 146 73 322 616 502 68 477 55 51 750 271 291 54 50 100 655 50 131 86 294 51 577 86 283 59
leaf_count=257052 61 61 138 94 371 146 73 322 616 502 68 477 55 51 750 271 291 54 50 100 655 50 131 86 294 51 577 86 283 59
internal_value=5.40047e-06 -0.00182759 -0.00454774 -0.000798479 -0.00016129 1.04505e-05 0.000838867 0.00108875 0.00188329 0.000964126 -0.000641025 -0.000678466 -0.0029602 3.27742e-06 -0.000613441 -0.00102137 -0.00186707 -0.0052439 -0.00143657 -0.00791391 -0.000770691 -0.00194864 -0.00145425 -0.00492647 -0.000462185 0.000652174 0.000180251 -0.00158263 0.000865071 -0.000110063
internal_weight=263875 725 199 526 465 263150 2259 2186 1508 892 390 678 201 260891 3839 3089 1813 205 1608 151 1317 662 612 136 476 345 1276 357 919 636
internal_count=263875 725 199 526 465 263150 2259 2186 1508 892 390 678 201 260891 3839 3089 1813 205 1608 151 1317 662 612 136 476 345 1276 357 919 636
is_linear=0
shrinkage=0.05


Tree=159
num_leaves=31
num_cat=0
split_feature=27 24 19 24 22 6 12 15 4 29 4 17 7 7 7 13 27 4 29 22 19 13 5 16 24 20 4 6 29 29
split_gain=0.801194 1.52367 1.74022 1.72833 1.56657 1.36532 1.35962 1.21031 1.39355 1.19848 1.067 1.66139 1.24792 1.12058 1.04401 2.45472 1.53011 1.01797 0.961777 0.954518 1.22048 0.932452 1.12719 0.840807 0.903277 0.833395 1.26887 0.924359 1.30367 1.70813
threshold=22.500000000000004 5.5000000000000009 50.812282665323643 10.500000000000002 23.500000000000004 0.099586668812152904 0.19107429257261446 7.5000000000000009 -0.067137826953368701 -0.69522441631592968 -0.026209838687909413 5.5000000000000009 0.66221672086324612 0.44032404744014303 0.51398530119381369 0.15283379206343312 27.500000000000004 -0.08100052246738286 -0.51305018789241741 2.5000000000000004 6.1344714275706513 0.13533029037819297 1.1879734282520555 1.4751393079418531 3.5000000000000004 0.73529432411517204 -0.46302056092131688 0.32816553634397277 -0.18677238458279286 -0.29244308552276649
decision_type=2 2 2 2 2 2 2 2 2 2 2 2 2 2 2 2 2 2 2 2 2 2 2 2 2 2 2 2 2 2
left_child=-1 2 4 10 5 -2 -5 19 17 -10 11 13 21 -3 15 -15 -17 -9 23 20 -8 22 -12 -6 -25 -4 -27 -28 29 -29
right_child=1 3 25 6 18 -7 7 8 9 -11 12 -13 -14 14 -16 16 -18 -19 -20 -21 -22 -23 -24 24 -26 26 27 28 -30 -31
leaf_value=-0.00010472985484360834 0.011625618869686579 0.011897267704765258 0.0025716936637045968 0.0036238308085491779 -0.00057569558131341373 0.0086629138451670765 0.018855178282626551 -0.011087417060056537 -0.019871825078023569 0.0061246567372869659 -0.077230143745037477 0.0048206838969360758 -0.12817092034433766 0.0078795163395442621 -0.017878068416740556 -0.1652482803566582 -0.15234762217622999 -0.023185175114949531 0.0026578761946483296 0.0027417654530733342 -0.019169931713796606 0.0024624383485911277 -0.033116160485559758 -0.0062473389073117707 -0.062850454058132374 0.0052586972089466895 0.0029406891397426582 -0.023840145075518782 -0.0028321260185342183 -0.034740395541199919
leaf_weight=219277 598 390 4845 10321 210 3806 78 3347 98 756 55 2539 86 119 3355 50 81 75 1290 9590 640 434 642 72 55 435 270 298 285 51
leaf_count=219277 598 390 4845 10321 210 3806 78 3347 98 756 55 2539 86 119 3355 50 81 75 1290 9590 640 434 642 72 55 435 270 298 285 51
internal_value=1.26446e-05 0.000205144 0.000681539 2.69478e-05 0.00128586 0.00177566 0.000229874 -8.09104e-05 -0.00078812 0.00101874 -0.00062508 -0.000371901 -0.00198439 -0.00100751 -0.00128294 -0.0044 -0.00912214 -0.00123904 -3.99506e-05 0.000212457 -0.00154596 -0.00154288 -0.00267575 -0.0024184 -0.00562992 9.21735e-05 -0.00101195 -0.00207965 -0.00312303 -0.00517192
internal_weight=264148 44871 12215 32656 6031 4404 24905 14584 4276 854 7751 6534 1217 3995 3605 250 131 3422 1627 10308 718 1131 697 337 127 6184 1339 904 634 349
internal_count=264148 44871 12215 32656 6031 4404 24905 14584 4276 854 7751 6534 1217 3995 3605 250 131 3422 1627 10308 718 1131 697 337 127 6184 1339 904 634 349
is_linear=0
shrinkage=0.05


Tree=160
num_leaves=31
num_cat=0
split_feature=19 22 5 12 24 24 28 5 29 13 19 11 24 29 2 11 13 13 13 1 16 3 24 15 3 22 24 28 6 5
split_gain=0.538945 2.25526 1.99775 1.19296 1.01303 1.26214 1.51289 1.13799 0.894822 1.14085 0.988227 1.44962 0.979507 0.943099 0.964369 0.871374 0.955472 1.19389 0.821455 0.809578 1.07386 0.762089 0.760853 0.741265 1.02292 0.845783 0.901639 1.45951 0.975238 0.899913
threshold=8.26365763342916 3.5000000000000004 0.76642272296969061 0.069130103907427271 20.500000000000004 3.5000000000000004 35.500000000000007 1.7962374405998924 -0.48787656737298651 2.5877191828083874 6.6323327522922844 0.17469436624952303 13.500000000000002 0.026122464580513982 0.40777042607157482 0.26744131811121402 0.76757537803870668 0.4286449668743027 1.7611445145961853 137.00000000000003 0.032839772986434708 -1.045963050626052 1.5000000000000002 21.500000000000004 -0.53644340829440484 21.500000000000004 9.5000000000000018 3.5000000000000004 0.30021459643041121 1.920339662692834
decision_type=2 2 2 2 2 2 2 2 2 2 2 2 2 2 2 2 2 2 2 2 2 2 2 2 2 2 2 2 2 2
left_child=1 2 3 -1 5 6 7 18 9 10 23 -12 -11 14 -10 -13 17 -17 19 20 -3 -21 -22 25 -25 26 -7 28 -28 -29
right_child=-2 4 -4 -5 -6 8 -8 -9 13 12 11 15 -14 -15 -16 16 -18 -19 -20 21 22 -23 -24 24 -26 -27 27 29 -30 -31
leaf_value=0.005019822197177678 -7.277704571959964e-05 -0.019495182568778122 0.0074871292105002062 0.00025310684264220798 0.00088607571147091219 0.0077407880144058586 -0.034774233113959149 0.017955515258220336 0.00068570183116384721 -0.038677873828224456 0.0037193179245323818 -0.066156550796595673 -0.033790583394655321 -0.0013750334444163511 0.010169061243850756 -0.031253069617487285 0.0067144371865652105 -0.051192656960525419 -0.010146957058221842 -0.056222931189390118 0.0079137971841111744 0.0042205290903572631 -0.0058925084175480303 0.014612514745612079 -0.028960808712239952 -0.011935921690169882 -0.036306396088955341 -0.0041388594326019386 -0.0050576478065099311 0.017793176032389051
leaf_weight=526 214770 88 1581 3238 16288 796 50 356 8303 134 215 68 89 10619 106 171 65 55 155 50 360 2640 643 58 102 1229 70 836 105 278
leaf_count=526 214770 88 1581 3238 16288 796 50 356 8303 134 215 68 89 10619 106 171 65 55 155 50 360 2640 643 58 102 1229 70 836 105 278
internal_value=1.76866e-05 0.000166822 0.00113658 0.000510096 4.8829e-05 -0.000135487 0.000647167 0.000747903 -0.000281342 -0.000935378 -0.000743577 -0.0026655 -0.00441704 -0.000134538 0.00026103 -0.00461003 -0.00341924 -0.00495575 0.000503049 0.000649299 -0.000499542 0.00111524 -3.48951e-05 -0.000426022 -0.00375 -0.00026554 0.000347722 -0.000469356 -0.00471429 0.000197487
internal_weight=264044 49274 5345 3764 43929 27641 4342 4292 23299 4271 4048 574 223 19028 8409 359 291 226 3936 3781 1091 2690 1003 3474 160 3314 2085 1289 175 1114
internal_count=264044 49274 5345 3764 43929 27641 4342 4292 23299 4271 4048 574 223 19028 8409 359 291 226 3936 3781 1091 2690 1003 3474 160 3314 2085 1289 175 1114
is_linear=0
shrinkage=0.05


Tree=161
num_leaves=31
num_cat=0
split_feature=6 13 13 29 28 28 0 5 23 0 28 5 29 20 11 23 5 5 15 11 6 23 9 4 5 19 13 6 13 29
split_gain=0.586247 0.765991 1.08439 1.23204 0.724549 0.797348 0.661995 0.605121 0.595847 0.665106 0.755434 1.26304 1.38254 0.853581 0.805355 0.791383 0.831329 0.771789 0.740755 0.687328 1.5153 1.15668 1.3288 0.959268 1.13086 0.89834 1.53922 1.24727 1.4188 1.19623
threshold=1.8839739249646514 0.14629976908977085 0.15122385667250698 -2.0687998472287839 34.500000000000007 31.500000000000004 4.7041876600984978 0.38299279661096169 2.5000000000000004 4.6676560430519158 8.5000000000000018 0.49287778096325646 -0.14889241537967404 0.010396394390677272 6.0860226391650487 1.0000000180025095e-35 4.3892368686248622 0.55702619986130153 27.500000000000004 0.20202467525680096 0.38619414009551006 1.5000000000000002 0.65234462982395025 0.4329387403755342 0.75018944508697005 6.5325324766689254 0.11384490509697646 0.37868525626541921 0.098034164823343026 0.26451136106598711
decision_type=2 2 2 2 2 2 2 2 2 2 2 2 2 2 2 2 2 2 2 2 2 2 2 2 2 2 2 2 2 2
left_child=1 8 3 -3 5 -2 -7 -5 9 -1 13 12 -12 -11 17 -15 19 -13 -19 20 23 22 25 24 -17 26 -21 28 -27 -30
right_child=4 2 -4 7 -6 6 -8 -9 -10 10 11 14 -14 15 -16 16 -18 18 -20 21 -22 -23 -24 -25 -26 27 -28 -29 29 -31
leaf_value=0.0034190152322669132 0.0042219624781125896 -0.14438793683372456 -0.00014142988453191409 -0.014078188438353761 0.018551091031357558 -0.043329451586083555 0.00026827011270361692 -0.0027719410846897838 0.00098798901638694615 0.0093368198836449295 -0.0033702355045689583 0.014909054462235422 -0.03034562445348243 0.0014977220232684307 0.019570281158100507 -0.0027299632246127019 -0.010671650932229607 -0.0020204173932964454 -0.014963709485177917 -0.010416766587103943 -0.0092409902433057169 0.0036517679971723722 -0.007604279659506709 0.0072643047406435709 0.0059783494823429121 0.0027095564550279425 0.0066054118567662372 0.0050779337905570883 -0.013507717765814917 0.0067758309037101372
leaf_weight=3821 8816 72 165420 60 125 67 85 2555 49867 1538 149 249 90 6288 120 3804 52 12063 53 189 1948 2325 540 260 1574 510 51 770 214 77
leaf_count=3821 8816 72 165420 60 125 67 85 2555 49867 1538 149 249 90 6288 120 3804 52 12063 53 189 1948 2325 540 260 1574 510 51 770 214 77
internal_value=2.50616e-05 1.09756e-05 -5.12469e-05 -0.00104764 0.000419554 0.00036686 -0.00322368 -0.000869981 0.000131828 -2.11256e-05 -9.37194e-05 -0.000395316 -0.00399582 9.68224e-05 -0.000326391 3.22565e-06 -0.00022982 -0.000365952 -0.000422582 -0.000203066 -0.000496968 0.000273738 -0.000508294 -8.1589e-05 -0.000224991 0.000140806 -0.00270833 0.000576066 -0.000805243 -0.00359107
internal_weight=263752 254659 168107 2687 9093 8968 152 2615 86552 36685 32864 12724 239 20140 12485 18602 12314 12365 12116 12262 7586 4676 2351 5638 5378 1811 240 1571 801 291
internal_count=263752 254659 168107 2687 9093 8968 152 2615 86552 36685 32864 12724 239 20140 12485 18602 12314 12365 12116 12262 7586 4676 2351 5638 5378 1811 240 1571 801 291
is_linear=0
shrinkage=0.05


Tree=162
num_leaves=31
num_cat=0
split_feature=13 13 22 16 23 16 29 29 29 23 6 24 18 17 6 14 22 14 13 15 12 2 5 18 10 14 5 9 24 29
split_gain=0.636737 0.829128 0.884221 1.86216 1.30272 1.16161 1.07016 1.01883 1.11646 1.11408 1.00823 0.823485 0.918992 0.847461 1.15209 1.43778 0.803492 1.3011 0.951458 1.06926 1.00491 0.924679 0.962245 0.933795 0.895069 1.35905 1.265 1.13628 1.05058 0.89453
threshold=0.16363493331508963 0.94771424430146667 24.500000000000004 6.3318920565616708 2.5000000000000004 0.45136296775246826 -0.81085743534099719 0.086861271210942489 0.11586803245802089 5.5000000000000009 0.49197573659244798 25.500000000000004 0.096941918992014112 4.5000000000000009 0.52194417089814338 1.3391815420497968 25.500000000000004 1.1119256201706098 0.18055712624711576 15.500000000000002 0.14485014621351774 -1.303850162786131 0.40747828828078908 11.664501020531697 0.15000000000000002 1.0046453038085315 0.53674640719026689 0.47451468182694029 8.5000000000000018 0.14576645375177313
decision_type=2 2 2 2 2 2 2 2 2 2 2 2 2 2 2 2 2 2 2 2 2 2 2 2 2 2 2 2 2 2
left_child=-1 16 5 11 -5 7 -6 -3 -9 -10 -11 12 -4 14 15 -13 24 18 19 20 -18 23 29 -20 25 26 -2 28 -28 -23
right_child=1 2 3 4 6 -7 -8 8 9 10 -12 13 -14 -15 -16 -17 17 -19 21 -21 -22 22 -24 -25 -26 -27 27 -29 -30 -31
leaf_value=0.0004663130752022041 0.0006645481123371675 0.00025945279620816604 -0.021343533670406905 0.0096685359021025236 -0.15680218601928486 0.002153083204578154 -0.052759978410394343 -0.016168055296117069 -0.0023582096813901466 -0.031095543448902203 -0.0039780960777044119 0.0036460211265768646 0.00069907480863976577 -0.013014778663706292 0.0027197894212002255 -0.027371625736755497 -0.0050053624574828417 -0.0011846070899637492 -0.088467691278949212 -0.023946782511800293 0.0032586359655133652 -0.0059413561881342314 0.0025977470130802999 -0.0032209994856773217 -0.0011997228720034975 0.0015254825430329917 -0.050121766933804691 -0.0019615666189291008 -0.0061006829651782234 0.003611953262124064
leaf_weight=97037 7002 2629 58 111 89 26766 88 97 982 54 97 134 8779 972 452 110 462 12666 50 114 685 961 13950 91 72717 9030 57 6783 207 495
leaf_count=97037 7002 2629 58 111 89 26766 88 97 982 54 97 134 8779 972 452 110 462 12666 50 114 685 961 13950 91 72717 9030 57 6783 207 495
internal_value=1.96229e-05 -3.96547e-05 0.000154281 -0.000234874 -0.00420139 0.000291429 -0.00686441 -0.000519564 -0.00170732 -0.00126655 -0.0052649 -0.00012613 6.61991e-05 -0.00114508 0.000186782 -0.00258197 -0.000103776 0.000124517 0.000412899 -0.000908009 -0.000448997 0.000520036 0.000556926 -0.00351064 -0.000174015 9.72748e-05 -0.000210335 -0.000683269 -0.00390151 -0.000666209
internal_weight=263725 166688 41418 10793 288 30625 177 3859 1230 1133 151 10505 8837 1668 696 244 125270 29474 16808 1261 1147 15547 15406 141 95796 23079 14049 7047 264 1456
internal_count=263725 166688 41418 10793 288 30625 177 3859 1230 1133 151 10505 8837 1668 696 244 125270 29474 16808 1261 1147 15547 15406 141 95796 23079 14049 7047 264 1456
is_linear=0
shrinkage=0.05


Tree=163
num_leaves=31
num_cat=0
split_feature=27 24 0 24 17 29 5 4 18 5 13 9 18 22 5 0 7 7 4 4 22 7 20 2 20 20 4 28 29 12
split_gain=0.6274 1.21437 1.77669 2.70743 2.81847 1.72247 1.88498 1.61082 1.50133 2.31102 1.53335 1.47534 1.34717 2.2734 1.25209 1.15164 1.29772 1.25252 1.24789 1.18231 1.14773 1.00581 0.979413 1.0401 0.96995 1.11499 0.953923 1.51902 0.917583 0.906181
threshold=22.500000000000004 6.5000000000000009 5.0517303177099064 9.5000000000000018 5.5000000000000009 -0.14889241537967404 0.69371795988285478 -0.091335160072792868 24.736621419192343 2.1341822330214413 1.0336611297045482 1.1362416369051334 11.475555918351697 24.500000000000004 2.8531236761025296 4.9965635965540569 0.62830596104012726 0.50689153867292835 0.08186184861267877 -0.46695800314353125 33.500000000000007 0.95438331106223684 0.71412733633231518 -0.45117095919678624 0.70759620634253517 0.3948836546645465 -0.41183370103793077 2.5000000000000004 -0.10995315093910753 0.19327500372141174
decision_type=2 2 2 2 2 2 2 2 2 2 2 2 2 2 2 2 2 2 2 2 2 2 2 2 2 2 2 2 2 2
left_child=-1 11 3 4 5 20 -7 -6 9 -8 29 12 13 -2 -11 16 -14 22 -19 -18 -3 26 -17 -24 25 28 27 -21 -9 -10
right_child=1 2 -4 -5 7 6 8 24 10 14 -12 -13 15 -15 -16 17 19 18 -20 21 -22 -23 23 -25 -26 -27 -28 -29 -30 -31
leaf_value=4.1993028337845155e-05 0.011002515773511221 -0.066681517689202149 0.0040970643859033753 0.00057572005309402435 0.011487629823571485 -0.1913910908109801 -0.048973416776063178 0.0030891373803580793 -0.28473201847747953 -0.18520614949883565 -0.34359218230464433 -0.025569316746629295 0.007446275731048807 -0.0020000947471492977 -0.080585682921269705 0.0080769933039269368 0.0024351618752268349 -0.018257078554936482 -0.14429202889266482 -0.059568880829591032 -0.11806882103651016 -0.048136591786311099 -0.088586538425696526 -0.0028018754762922605 0.009067457743712936 -0.102917859418018 -0.00075707980897129774 -0.00019173279582297139 -0.12630563449265822 -0.038628359059246782
leaf_weight=218936 3914 1449 5369 21497 1265 59 472 59 50 75 61 56 1865 1487 64 372 4999 366 55 60 77 73 50 120 111 55 535 103 52 103
leaf_count=218936 3914 1449 5369 21497 1265 59 472 59 50 75 61 56 1865 1487 64 372 4999 366 55 60 77 73 50 120 111 55 535 103 52 103
internal_value=4.39524e-05 0.000214272 3.8614e-05 -0.000135762 -0.00133856 -0.00240664 -0.0041629 0.000330739 -0.00354545 -0.00228314 -0.00714953 0.000599431 0.000631831 0.00125069 -0.00794964 0.00024308 0.000448592 -0.00138629 -0.0034323 7.79898e-05 -0.00138925 -0.00174449 0.000202952 -0.00294118 -0.00312274 -0.00554217 -0.00116046 -0.0045092 -0.00265766 -0.00447712
internal_weight=263809 44873 30818 25449 3952 2410 884 1542 825 611 214 14055 13999 5401 139 8598 7635 963 421 5770 1526 771 542 170 277 166 698 163 111 153
internal_count=263809 44873 30818 25449 3952 2410 884 1542 825 611 214 14055 13999 5401 139 8598 7635 963 421 5770 1526 771 542 170 277 166 698 163 111 153
is_linear=0
shrinkage=0.05


Tree=164
num_leaves=31
num_cat=0
split_feature=29 0 10 1 29 7 0 29 11 24 9 5 0 1 28 18 0 24 5 13 11 29 24 13 3 0 1 13 0 24
split_gain=0.586935 1.11783 1.03836 0.948802 1.70817 1.36186 1.56953 1.55696 1.37888 1.33298 1.08428 1.69455 1.15184 1.54128 1.14961 1.08786 1.22085 1.42068 1.48945 1.37356 2.35328 1.08889 1.06595 1.59718 1.23779 1.1966 1.15709 1.27004 1.06137 2.05705
threshold=0.069507765043610711 5.2538158083088478 0.25000000000000006 149.00000000000003 0.17541648597320103 0.38190974604662803 5.5073124013830048 0.12843151119100638 2.8436285499473768 1.5000000000000002 0.77680467171974166 0.56468755082207389 4.9041128417203437 193.00000000000003 15.500000000000002 22.975506823943658 4.7041876600984978 8.5000000000000018 1.4568475996519774 0.41097972667752564 0.30002106308932225 3.7506147206528282 3.5000000000000004 0.28419627766652306 0.046300854771734894 5.2581167805262305 181.00000000000003 0.18574405297445626 4.9594602393769431 7.5000000000000009
decision_type=2 2 2 2 2 2 2 2 2 2 2 2 2 2 2 2 2 2 2 2 2 2 2 2 2 2 2 2 2 2
left_child=1 -1 -3 9 5 6 7 -5 22 -2 12 -12 13 15 -14 -6 17 18 19 20 -17 -18 23 24 26 -24 -7 -28 29 -11
right_child=3 2 -4 4 10 8 -8 -9 -10 28 11 -13 14 -15 -16 16 21 -19 -20 -21 -22 -23 25 -25 -26 -27 27 -29 -30 -31
leaf_value=0.00028936670985521562 0.0045794416956225657 0.0010383509440609624 0.0039486300444834315 -0.0037423600100678668 -0.0045867869659857166 0.0095097209923555165 -0.0016370007064307739 -0.011187913054465651 -0.010118961661153968 -0.0018641967557753662 -0.011992157260063092 -0.00045480893311596206 0.00083188722470927334 0.002567808206497592 0.013433522890135167 -0.14417792386497957 -0.13659080209678867 -0.16602554634043828 0.034418349257195287 -0.020424425276417937 -0.0064694679790947719 0.0043670588179327971 -0.0021947831691225199 0.0089621902269969422 0.0068094876680815852 0.0021172695136325958 -0.017019851865023528 -0.006295524367760332 -0.0010126184632225652 -0.066560373669022829
leaf_weight=151832 1396 26086 1996 856 1115 51 2667 649 59 1149 605 1934 33820 3908 802 62 115 89 124 136 81 323 5385 608 246 2625 54 63 23795 542
leaf_count=151832 1396 26086 1996 856 1115 51 2667 649 59 1149 605 1934 33820 3908 802 62 115 89 124 136 81 323 5385 608 246 2625 54 63 23795 542
internal_value=5.32541e-05 0.00010405 0.000393847 -5.65102e-05 6.00424e-05 -0.000436176 -0.00118408 -0.00247508 -9.29489e-05 -0.000300945 0.000212692 -0.000789681 0.000275416 -0.000367042 0.000385882 -0.00147922 -0.00274194 -0.00445122 -0.00318859 -0.00521505 -0.00863636 -0.000821918 -4.31796e-05 0.0014775 -0.000917874 -0.000237203 -0.00422619 -0.00696581 -0.000383348 -0.00159373
internal_weight=263173 179914 28082 83259 56377 13263 4172 1505 9091 26882 43114 2539 40575 5953 34622 2045 930 492 403 279 143 438 9032 1022 414 8010 168 117 25486 1691
internal_count=263173 179914 28082 83259 56377 13263 4172 1505 9091 26882 43114 2539 40575 5953 34622 2045 930 492 403 279 143 438 9032 1022 414 8010 168 117 25486 1691
is_linear=0
shrinkage=0.05


Tree=165
num_leaves=31
num_cat=0
split_feature=26 27 7 24 3 21 10 29 7 13 1 29 7 21 23 29 5 21 4 29 1 28 19 4 29 29 4 12 24 27
split_gain=0.573525 1.0329 0.733354 0.633156 1.07696 0.916093 1.04387 0.970771 1.42116 1.75879 0.941477 1.20617 0.968587 0.927198 0.816232 1.04537 1.33297 1.32646 1.63386 1.26914 1.05743 1.37894 1.0109 1.25609 1.50814 1.25735 1.68471 0.970634 0.934444 0.924539
threshold=1.0000000180025095e-35 32.500000000000007 0.20486529385727628 11.500000000000002 0.38634279193225335 34.500000000000007 0.15000000000000002 -1.8577800261288111 0.7165531954006098 0.19107325073635506 157.00000000000003 -0.89127533738544151 0.44911440505072786 29.500000000000004 1.5000000000000002 -1.1313414534795427 0.66249135497708289 27.500000000000004 0.3852210359942953 -0.49619527688194393 209.00000000000003 22.500000000000004 8.7155460526511224 -0.00084538254036352789 -0.24983581559856657 0.098734064474746114 0.034010655918635009 0.34879222638237561 15.500000000000002 17.500000000000004
decision_type=2 2 2 2 2 2 2 2 2 2 2 2 2 2 2 2 2 2 2 2 2 2 2 2 2 2 2 2 2 2
left_child=-1 2 -2 4 5 6 -4 13 10 -10 11 -9 -12 -8 15 -5 22 18 19 -18 29 -22 23 -17 -25 -26 28 -28 -27 -19
right_child=1 -3 3 14 -6 -7 7 8 9 -11 12 -13 -14 -15 -16 16 17 20 -20 -21 21 -23 -24 24 25 26 27 -29 -30 -31
leaf_value=0.00021475845239261231 0.0063128356614795787 0.033784417538037355 0.0012963582112014403 -0.016364691977437198 -0.019022896502814232 0.022192805568226576 -0.050278173816973082 -0.025023485023843602 -0.050881957247052273 -0.03613202209934694 -0.0062867251721117944 -0.0040081142745516463 0.0085660761577954162 0.01390852299497638 0.00014584638834329457 0.00045358115226659998 -0.0067604788475036058 0.0031823675573913798 -0.01687216062319569 0.0066900804934231827 -0.015803936926790208 -0.036825298374526402 -0.0014233602714286717 -0.034871620547613072 -0.00041647866946476045 -0.0086073133256415017 -0.00013724080553976719 -0.017134778907642225 -0.011390235580249554 -0.0066826076971867251
leaf_weight=244198 212 416 291 475 79 161 59 72 52 64 72 255 119 120 9878 270 76 1604 55 997 268 51 2167 50 284 60 167 86 90 956
leaf_count=244198 212 416 291 475 79 161 59 72 52 64 72 255 119 120 9878 270 76 1604 55 997 268 51 2167 50 284 60 167 86 90 956
internal_value=3.17403e-05 -0.00022916 -0.00028287 -0.000315711 -0.00136161 -0.0010079 -0.00152174 -0.00244157 -0.00335962 -0.00836207 -0.00223938 -0.0038685 0.000549738 0.000810056 -0.000235542 -0.000623041 -0.000472775 0.000133517 0.00158688 0.00201771 -0.000435915 -0.00315047 -0.00123819 -0.00254717 -0.00361601 -0.00300582 -0.00480149 -0.00231225 -0.009 -9.76561e-05
internal_weight=263704 19506 19090 18878 1344 1265 1104 813 634 116 518 327 191 179 17534 7656 7181 4007 1128 1073 2879 319 3174 1007 737 687 403 253 150 2560
internal_count=263704 19506 19090 18878 1344 1265 1104 813 634 116 518 327 191 179 17534 7656 7181 4007 1128 1073 2879 319 3174 1007 737 687 403 253 150 2560
is_linear=0
shrinkage=0.05


Tree=166
num_leaves=31
num_cat=0
split_feature=17 21 0 24 0 5 5 24 24 3 18 0 20 23 28 13 21 21 6 0 16 5 5 27 3 12 6 12 22 18
split_gain=0.588828 1.30489 1.04735 1.71164 1.65555 1.31484 1.17541 1.09757 2.12455 1.16504 1.05232 1.02045 1.18533 1.52046 0.930027 1.12458 1.28396 0.939219 1.06779 0.921573 1.21495 1.01119 1.35522 1.2364 1.57439 1.23406 0.88327 1.0158 0.87879 0.832923
threshold=8.5000000000000018 26.500000000000004 4.7292907654218128 21.500000000000004 4.7946504408654791 1.408920355789758 1.4568475996519774 2.5000000000000004 5.5000000000000009 -0.61001418667700025 1.0691004236217545 4.8812865822448641 0.3948836546645465 3.5000000000000004 32.500000000000007 1.0336611297045482 40.500000000000007 39.500000000000007 0.87907762625061514 4.5208249664032918 0.0226436716099391 1.541694599784063 0.80628925514093874 25.500000000000004 0.15213201316019795 2.4148859806295624 0.45342577831189207 0.34174450567356113 4.5000000000000009 6.5952997166681353
decision_type=2 2 2 2 2 2 2 2 2 2 2 2 2 2 2 2 2 2 2 2 2 2 2 2 2 2 2 2 2 2
left_child=-1 -2 7 5 -5 11 -7 9 -9 -3 -8 12 -4 -14 15 16 17 18 -6 21 -21 22 25 24 26 29 -23 -28 -13 -10
right_child=1 2 3 4 14 6 10 8 19 -11 -12 28 13 -15 -16 -17 -18 -19 -20 20 -22 23 -24 -25 -26 -27 27 -29 -30 -31
leaf_value=3.4668567452238343e-06 0.0081236610579745634 -0.00038589733520718705 0.048932230844558118 -0.026773311963842996 -0.0078707188792344861 -0.0494422803171898 0.029695691635283378 -0.0076767972879226536 0.01215811353096086 0.008098496116659271 -0.0056573666414956453 -0.011783417155284043 -0.035921471098318503 0.012230249806343602 -0.014696763815666702 0.035133165675708761 -0.016792664890538773 0.037666569857048207 -0.022991471485348299 -0.011748544408854108 0.0053150880322562679 0.0011624337397480617 0.010125392672856399 0.0039783164683152008 -0.0010495714957746347 -0.03602158698856589 -0.057436249332775982 -0.048748170175814336 0.017704370615034076 -0.0018491120276138532
leaf_weight=246663 657 402 149 67 526 63 76 788 275 703 991 88 142 87 53 125 70 52 81 51 5447 58 1857 437 434 84 78 132 717 2545
leaf_count=246663 657 402 149 67 526 63 76 788 275 703 991 88 142 87 53 125 70 52 81 51 5447 58 1857 437 434 84 78 132 717 2545
internal_value=2.06142e-05 0.000303162 0.000216552 -0.000582598 -0.00234086 0.000157804 -0.00106195 0.00041419 0.000277368 0.00192308 -0.000670103 0.00132291 -0.000820106 -0.0030786 -0.0017806 -0.00138173 -0.00213306 -0.00144917 -0.00200165 0.000450956 0.000916697 1.69493e-05 0.000337114 -0.00132133 -0.00262108 -0.000337465 -0.00563433 -0.00714286 0.00232919 -0.000159574
internal_weight=263898 17235 16578 3287 974 2313 1130 13291 12186 1105 1067 1183 378 229 907 854 729 659 607 11398 5498 5900 4761 1139 702 2904 268 210 805 2820
internal_count=263898 17235 16578 3287 974 2313 1130 13291 12186 1105 1067 1183 378 229 907 854 729 659 607 11398 5498 5900 4761 1139 702 2904 268 210 805 2820
is_linear=0
shrinkage=0.05


Tree=167
num_leaves=31
num_cat=0
split_feature=24 0 23 1 8 15 24 0 18 1 18 19 2 9 1 17 3 9 9 4 1 11 6 28 21 18 0 2 16 10
split_gain=0.673332 1.69327 2.10848 1.33211 1.50288 1.0059 0.923219 1.84831 1.09147 1.25583 0.949085 1.11075 1.28423 0.857697 0.849618 1.30297 1.91525 1.03612 1.05687 1.07034 0.932301 0.899111 0.848695 0.841666 1.05489 0.836959 1.08519 0.952578 0.941861 0.75197
threshold=3.5000000000000004 5.5931903528767899 4.5000000000000009 205.00000000000003 0.55241982397434708 5.5000000000000009 4.5000000000000009 5.0848964481369547 14.885862422225669 113.00000000000001 11.048218693646772 33.433507884216034 -0.74097464325254292 0.57917565755904332 273.00000000000006 5.5000000000000009 -0.95082187666358509 0.55408270420111394 0.59293146771255567 0.3888609215593089 257.00000000000006 0.28740034963800604 0.50121316964798768 6.5000000000000009 29.500000000000004 23.293648310416959 4.6046610299420534 -1.6169592519082843 0.0226436716099391 0.15000000000000002
decision_type=2 2 2 2 2 2 2 2 2 2 2 2 2 2 2 2 2 2 2 2 2 2 2 2 2 2 2 2 2 2
left_child=1 14 3 5 -5 22 7 10 -9 -10 23 12 -12 -6 20 17 21 -16 -19 -20 25 -17 -3 -2 -25 26 -1 -28 -27 -24
right_child=6 2 -4 4 13 -7 -8 8 9 -11 11 -13 -14 -15 15 16 -18 18 19 -21 -22 -23 29 24 -26 28 27 -29 -30 -31
leaf_value=0.0074042343042233037 0.018521075922058705 0.0039004907257357184 0.0098291811850011873 -0.025785141304414186 -0.051032265812812241 -0.020307252318840462 3.1589834657812306e-05 -0.0082664748052104099 -0.20293298682704741 -0.010273607497319249 0.014770547807155438 5.8143011395910517e-05 -0.03304459918616285 -0.019739051219223709 0.0033938090165642181 -0.031035249564201606 -0.0014603816234579538 -0.0169777487091466 0.0043372535584675943 -0.0088919495454792118 0.0092864488547886835 -0.04580376246902565 -0.026594396106615542 0.05386287683373206 -0.0026488899948867283 0.037014940869891384 0.028294618235824111 0.0014122304601316582 -0.0035580976600938031 0.010807783048677175
leaf_weight=1026 600 465 440 109 50 292 230251 3687 82 133 69 2045 85 51 664 51 187 88 179 96 1415 65 202 123 456 99 604 16270 3718 81
leaf_count=1026 600 465 440 109 50 292 230251 3687 82 133 69 2045 85 51 664 51 187 88 179 96 1415 65 202 123 456 99 604 16270 3718 81
internal_value=1.76919e-05 0.000258489 -0.00127219 -0.00232 -0.00595238 -0.00158654 -8.81971e-06 -0.000563187 -0.00130446 -0.00476744 0.000293073 -0.0003206 -0.00441558 -0.0103465 0.000364239 -0.000864661 -0.00374587 -1.46055e-05 -0.00216253 -0.000636363 0.000434896 -0.0087931 -0.000614973 0.00143766 7.77204e-05 0.00035387 0.000497207 0.000401209 -0.000318313 -0.00277385
internal_weight=263683 26152 1690 1250 210 1040 237531 7280 3902 215 3378 2199 154 101 24462 1330 303 1027 363 275 23132 116 748 1179 579 21717 17900 16874 3817 283
internal_count=263683 26152 1690 1250 210 1040 237531 7280 3902 215 3378 2199 154 101 24462 1330 303 1027 363 275 23132 116 748 1179 579 21717 17900 16874 3817 283
is_linear=0
shrinkage=0.05


Tree=168
num_leaves=31
num_cat=0
split_feature=7 29 0 6 1 17 6 2 14 29 12 2 5 9 2 6 7 28 3 3 6 5 13 27 18 20 24 7 6 7
split_gain=0.581697 0.907901 1.0428 0.766246 0.827008 1.51272 0.743811 0.846407 0.952828 0.709066 0.702024 0.696102 0.80825 1.0257 0.979593 1.22741 0.991925 1.15584 1.30687 0.862627 1.05814 0.829832 1.39518 0.779298 0.969625 0.677247 0.666504 0.662469 1.20755 0.659851
threshold=0.36529561583706288 -0.23613069328752892 5.0848964481369547 0.071444036019819121 177.00000000000003 3.5000000000000004 0.24501331494547204 0.35459761674593854 0.42631585050074405 -0.25669524252401499 0.26851984191176975 0.25859437075940278 0.6164047284810853 0.73619277525180882 0.15394392585434327 0.48904284183173008 0.35658089066427145 16.500000000000004 0.21542235901923742 0.38170976917877025 0.15657595575907982 0.55216335243241754 0.1839312793789023 22.500000000000004 15.61597331111186 0.18703953741538323 12.500000000000002 0.35356330408184838 0.51140040232476014 0.37374694532356506
decision_type=2 2 2 2 2 2 2 2 2 2 2 2 2 2 2 2 2 2 2 2 2 2 2 2 2 2 2 2 2 2
left_child=1 2 9 -4 27 -6 7 8 -7 10 -1 12 13 -3 15 16 19 18 -18 -14 -21 -15 -23 24 26 -8 -22 -5 -29 -2
right_child=29 11 3 4 5 6 25 -9 -10 -11 -12 -13 14 21 -16 -17 17 -19 -20 20 23 22 -24 -25 -26 -27 -28 28 -30 -31
leaf_value=-0.0058904326268259264 0.0025436985134987332 -0.0020040648040422341 -0.010071378047642939 0.0044234656042533328 -0.022257914996686362 0.0001059739607632098 0.0033527958943044703 0.00079585759081150234 -0.017220405342184535 0.022225244810939855 0.0023335418807119402 -0.0001646123041252303 -0.00081175306507563685 -0.0014102347321024939 0.003001074623890568 0.0020537005834203189 -0.032445876099315672 0.0039024169540340715 -0.0068419504806518346 0.012074780288962528 0.0096265624300797409 -0.0047837689687220174 -0.024936021724615572 0.0031774483766959863 -0.047149398505483345 -0.013073632127808404 -0.011225304583782993 0.001417797819082795 -0.020193909287865859 0.00027889839857582845
leaf_weight=1839 3074 9695 116 3213 99 77 614 319 81 60 946 27081 1523 202 1189 1401 77 59 78 59 62 80 84 70 77 65 120 265 50 210787
leaf_count=1839 3074 9695 116 3213 99 77 614 319 81 60 946 27081 1523 202 1189 1401 77 59 78 59 62 80 84 70 77 65 120 265 50 210787
internal_value=4.04614e-05 -0.000113808 0.000383523 0.000825679 0.000923061 -0.000179283 0.00032872 -0.00118449 -0.00417721 -0.000377856 -0.000493716 -0.00020582 -0.000481862 -0.000735016 5.83247e-05 -0.000360181 -0.00111765 -0.00434579 -0.0066129 -0.000756148 -0.00286082 -0.00333333 -0.00597561 -0.00396657 -0.00523166 0.00139175 -0.00324176 0.00131519 -0.000873016 7.62413e-05
internal_weight=263462 49601 7744 4899 4783 1255 1156 477 158 2845 2785 41857 14776 10061 4715 3526 2125 214 155 1911 388 366 164 329 259 679 182 3528 315 213861
internal_count=263462 49601 7744 4899 4783 1255 1156 477 158 2845 2785 41857 14776 10061 4715 3526 2125 214 155 1911 388 366 164 329 259 679 182 3528 315 213861
is_linear=0
shrinkage=0.05


Tree=169
num_leaves=31
num_cat=0
split_feature=29 29 0 5 7 23 0 15 24 1 13 1 24 24 0 7 10 8 18 22 1 29 29 28 28 13 13 24 5 17
split_gain=0.624873 1.67561 1.3477 1.40477 1.26293 1.57848 1.20545 1.19588 1.14979 1.34638 1.25187 1.10164 1.2707 3.64 3.03784 5.52213 1.0911 1.14301 1.08644 2.36946 1.01023 1.00787 1.26077 2.50888 1.04366 0.999341 1.05525 1.29588 1.19214 0.998917
threshold=0.11033084955213045 0.16363285606096714 5.5888183557842188 0.93903965249392052 0.32697226246320371 4.5000000000000009 5.2429078649157086 9.5000000000000018 8.5000000000000018 153.00000000000003 0.61292554373727637 125.00000000000001 27.500000000000004 29.500000000000004 5.5594021876627302 0.44211831739564095 0.18333333333333338 0.77250672781792762 1.5541539343339412 2.5000000000000004 109.00000000000001 0.49506689351185157 3.7506147206528282 27.500000000000004 17.500000000000004 0.10937195610428289 0.17167403648573409 5.5000000000000009 0.37669794318080668 4.5000000000000009
decision_type=2 2 2 2 2 2 2 2 2 2 2 2 2 2 2 2 2 2 2 2 2 2 2 2 2 2 2 2 2 2
left_child=18 2 3 4 5 7 8 -2 9 10 -6 12 21 14 20 -16 17 -13 19 -1 -14 25 23 -23 -24 -3 27 -27 -28 -10
right_child=1 11 -4 -5 6 -7 -8 -9 29 -11 -12 16 13 -15 15 -17 -18 -19 -20 -21 -22 22 24 -25 -26 26 28 -29 -30 -31
leaf_value=0.0053647121575121802 -0.012258134854366529 0.0037101842405573662 0.0021441990006713873 -0.030534996443335672 -0.0080359121904377325 0.00087663320277865111 0.00011681783912479717 0.0010767333803579011 -0.0040828581756465476 0.0069742149124595023 -0.016564401018926606 0.00088618187745323593 -0.0089552450125488028 0.0011456303625235959 -0.010660637683358912 -0.041882028690750354 -0.00065323366061793885 -0.001450163526294921 0.00020522505053999931 0.001208906882789402 0.0024028355953349045 -0.0059217823816353349 -0.0029071356487577662 -0.13068602724427564 0.007344536077157085 -0.023833733294555969 -0.01823249112171086 -0.0023980188712316424 0.001209096242819202 -0.010724227538604926
leaf_weight=1288 840 1637 1134 69 158 353 3475 169 2397 511 51 25258 161 572 113 62 21237 6694 169663 16741 186 3058 1374 123 782 260 65 983 4168 202
leaf_count=1288 840 1637 1134 69 158 353 3475 169 2397 511 51 25258 161 572 113 62 21237 6694 169663 16741 186 3058 1374 123 782 260 65 983 4168 202
internal_value=3.09725e-05 -8.9891e-05 -0.000716422 -0.00093921 -0.000879107 -0.00226872 -0.00060053 -0.00327552 -0.00128201 0.000486111 -0.00289474 -2.0228e-06 -0.000404607 -0.00203839 -0.00505747 -0.0104286 0.000100491 0.000285115 7.99716e-05 0.000448999 -0.0023487 -0.000261044 -0.000780401 -0.00141308 0.000153061 0.000128638 -0.000195398 -0.00147627 0.000180723 -0.00177184
internal_weight=263784 76092 9359 8225 8156 1362 6794 1009 3319 720 209 66733 13544 1094 522 175 53189 31952 187692 18029 347 12450 5337 3181 2156 7113 5476 1243 4233 2599
internal_count=263784 76092 9359 8225 8156 1362 6794 1009 3319 720 209 66733 13544 1094 522 175 53189 31952 187692 18029 347 12450 5337 3181 2156 7113 5476 1243 4233 2599
is_linear=0
shrinkage=0.05


Tree=170
num_leaves=31
num_cat=0
split_feature=22 5 28 27 2 24 27 24 5 3 4 7 14 29 21 29 3 7 28 5 5 23 27 19 0 13 2 18 28 28
split_gain=0.61479 1.46594 0.895743 1.17736 1.50583 1.04029 0.84129 1.01732 0.761607 0.943222 0.958357 0.878441 0.679308 0.64174 0.888223 1.03049 0.62664 0.603689 1.28779 0.790072 1.27782 0.95617 0.928179 0.919207 0.7151 1.46146 1.00743 2.32238 0.918205 0.699511
threshold=33.500000000000007 1.2281253662846803 2.5000000000000004 13.500000000000002 -0.0038155840165167878 26.500000000000004 15.500000000000002 23.500000000000004 1.3231736199539006 -0.81022791595296451 -0.21650765130726377 0.42292550615848851 1.7379886795612647 -1.5062216332329936 29.500000000000004 -2.0687998472287839 -0.95082187666358509 1.1926585445815248 10.500000000000002 1.4337600366147198 1.3030995328642754 5.5000000000000009 25.500000000000004 24.408271411407821 4.8022471230451886 0.026825385527065589 -0.55092090646947989 13.711901041093762 13.500000000000002 10.500000000000002
decision_type=2 2 2 2 2 2 2 2 2 2 2 2 2 2 2 2 2 2 2 2 2 2 2 2 2 2 2 2 2 2
left_child=-1 16 -3 5 6 8 7 -5 9 -4 -11 -10 -7 14 -13 -16 -2 19 -19 20 -8 23 -22 -21 28 -26 -27 29 -25 -28
right_child=1 2 3 4 -6 12 17 -9 11 10 -12 13 -14 -15 15 -17 -18 18 -20 21 22 -23 -24 24 25 26 27 -29 -30 -31
leaf_value=6.0452666333863672e-05 -0.027864510036988494 0.026043120201302401 0.028610772233747986 -0.015862993723288688 -0.046070081658709995 -0.0025105762161092152 0.0058523170490394237 -0.032742394802271813 -0.0097117988174345478 -0.049462298302479897 -0.0047196725819261516 -0.025217187494762202 -0.038153891933072726 0.01238583501836109 0.056097417998276666 -0.037690216477717274 0.00022394266595674196 -0.045922240607508151 0.00041121127632974612 0.017186919616457217 -0.018422646074555345 0.024928902574690926 -0.061156182276675533 0.014006113133790438 0.043636161792492932 -0.0028184570373501316 -0.047058761473529574 -0.15160486212519683 -0.059075323832636709 0.0016136594367885324
leaf_weight=251680 87 236 70 199 74 51 133 63 113 54 55 71 58 1002 82 82 8135 111 81 277 142 133 51 196 57 121 79 75 57 83
leaf_count=251680 87 236 70 199 74 51 133 63 113 54 55 71 58 1002 82 82 8135 111 81 277 142 133 51 196 57 121 79 75 57 83
internal_value=-7.96149e-07 -0.000350016 -0.00116132 -0.00135854 -0.00219462 -0.000372405 -0.00191604 -0.00454198 -3.5971e-05 -0.00310056 -0.00600917 0.000370371 -0.00509174 0.000755861 -0.00159574 0.000426829 2.55414e-05 -0.00148496 -0.00411458 -0.00112536 -0.00328221 -0.000473098 -0.00588083 -0.00103175 -0.00203593 -0.00331325 -0.00449721 -0.0063924 5.92887e-05 -0.00302469
internal_weight=263708 12028 3806 3570 1932 1638 1858 262 1529 179 109 1350 109 1237 235 164 8222 1596 192 1404 326 1078 193 945 668 415 358 237 253 162
internal_count=263708 12028 3806 3570 1932 1638 1858 262 1529 179 109 1350 109 1237 235 164 8222 1596 192 1404 326 1078 193 945 668 415 358 237 253 162
is_linear=0
shrinkage=0.05


Tree=171
num_leaves=31
num_cat=0
split_feature=0 29 24 7 29 29 28 12 0 5 7 27 29 15 22 23 29 0 27 28 27 15 1 11 29 0 6 29 22 24
split_gain=0.544233 2.84155 3.30059 0.656822 0.767539 0.598174 0.548653 0.920793 1.35079 1.18244 1.26967 1.56346 1.24305 0.82402 0.595991 0.548573 0.778356 0.674221 0.54199 0.537563 0.841373 1.2319 1.57583 1.46323 1.13009 1.01531 1.36951 1.32009 1.17737 1.5153
threshold=4.3895594239587075 -0.30685480284904904 27.500000000000004 0.72920380333587043 4.4656086771559433 -0.079601987813108552 29.500000000000004 0.021225772796737857 4.7544443676919261 0.72549084824318733 0.62830596104012726 4.5000000000000009 -0.088663157652350291 7.5000000000000009 1.5000000000000002 2.5000000000000004 -0.69522441631592968 5.0146537794266903 1.0000000180025095e-35 27.500000000000004 6.5000000000000009 2.5000000000000004 181.00000000000003 0.23508516446072983 -0.75729439682244581 4.6383966752493375 0.56625306478845805 -0.84205718744538371 8.5000000000000018 9.5000000000000018
decision_type=2 2 2 2 2 2 2 2 2 2 2 2 2 2 2 2 2 2 2 2 2 2 2 2 2 2 2 2 2 2
left_child=1 -1 3 5 -5 -3 19 8 -8 -10 11 12 15 -13 -9 16 -11 -17 -16 -2 24 22 -22 -24 25 28 27 -27 -21 -30
right_child=6 2 -4 4 -6 -7 7 14 9 10 -12 13 -14 -15 18 17 -18 -19 -20 20 21 -23 23 -25 -26 26 -28 -29 29 -31
leaf_value=0.016055584432705369 0.00010919554095031427 -0.0002753574032608931 -0.1065623511698002 0.022911518305905786 -0.016198789658766973 -0.045978073949758724 0.0055199381342397611 0.010944125904336344 0.030875723273981179 -0.045089167549313039 -0.0016541233144906438 -0.044184571569785926 -0.084144127222557763 -0.056080060493351042 0.032138403398426239 0.02414795428954104 0.0086153247183391405 -0.0052338213132264192 0.0027974988451708455 0.013405226644019065 -0.0024455326705480236 -0.0015522011087698998 -0.038864306903158147 -0.022497436238701693 0.003995350787001529 -0.011009357740107336 0.006119175069598904 -0.044681142172287726 -0.0029655041002435616 -0.085020211095175505
leaf_weight=1556 243890 89 85 136 78 82 758 339 126 70 399 60 51 68 106 84 58 62 8589 135 318 1051 62 216 2888 798 972 71 141 192
leaf_count=1556 243890 89 85 136 78 82 758 339 126 70 399 60 51 68 106 84 58 62 8589 135 318 1051 62 216 2888 798 972 71 141 192
internal_value=3.75671e-05 0.000853899 -0.00255319 -0.000584415 0.00126168 -0.00289474 3.12425e-05 0.000380687 -0.000673963 -0.00190184 -0.00257042 -0.0043819 -0.00253846 -0.0090625 0.000583352 -0.00120438 -0.00359375 0.000890411 0.000503163 1.62325e-05 -0.000420806 -0.00140559 -0.00322148 -0.00597122 -0.000108716 -0.000933304 -0.000404671 -0.00184695 -0.00301282 -0.00460961
internal_weight=263530 2026 470 385 214 171 261504 10770 1736 978 852 453 325 128 9034 274 128 146 8695 250734 6844 1647 596 278 5197 2309 1841 869 468 333
internal_count=263530 2026 470 385 214 171 261504 10770 1736 978 852 453 325 128 9034 274 128 146 8695 250734 6844 1647 596 278 5197 2309 1841 869 468 333
is_linear=0
shrinkage=0.05


Tree=172
num_leaves=31
num_cat=0
split_feature=17 27 9 14 8 9 11 12 5 21 19 5 19 29 4 11 9 29 29 2 12 22 22 17 29 29 25 7 18 5
split_gain=0.642387 0.762144 0.711518 0.819387 0.67915 0.624014 0.754241 0.703181 0.658613 0.613298 1.39586 1.21688 1.08958 1.55477 1.89215 1.02008 1.03907 2.27084 1.08007 1.55496 0.897718 0.754123 1.18815 0.662799 0.780066 1.06676 1.4163 1.54412 1.66268 1.43123
threshold=2.5000000000000004 30.500000000000004 0.63233812832547731 4.7154153011772566 0.52812001148646093 0.51819903955298641 0.26236376732931804 0.86549222714174889 2.7880309206352289 1.5000000000000002 6.9839222246380492 0.40365740926275456 3.4635220791904842 0.019957140152332232 0.016392840702711516 0.36745410527578787 0.45145970441399647 0.044985732942151975 -0.069922006990482191 0.072479206191765164 0.54625124810955883 28.500000000000004 30.500000000000004 8.5000000000000018 -1.1598050193827298 -0.87527059907807514 1.0000000180025095e-35 0.79596445721630371 15.13058039051147 0.63143743695242838
decision_type=2 2 2 2 2 2 2 2 2 2 2 2 2 2 2 2 2 2 2 2 2 2 2 2 2 2 2 2 2 2
left_child=1 2 3 4 5 7 8 -1 -7 10 11 12 -2 14 -14 21 17 -17 19 20 -18 -13 -23 -11 -25 26 -26 28 -28 -30
right_child=9 -3 -4 -5 -6 6 -8 -9 -10 23 -12 15 13 -15 -16 16 18 -19 -20 -21 -22 22 -24 24 25 -27 27 -29 29 -31
leaf_value=-0.0029247347262758485 0.0044871188971428444 0.018453075845380716 -0.017318946400757766 0.027164996281546724 0.00032634348641427771 -0.038131555850938484 -0.0028877470505733228 -0.013171892996856397 -0.013937695087297237 1.9249522252567626e-05 0.0016796161776612027 0.0030319939469865571 -0.014915046090239635 -0.0050204746830867994 -0.0091419229653017832 0.0001024908268743692 0.0040687917687883676 -0.01051607704060257 0.0011772220524957832 -0.01231326338093737 -0.0055526349961106062 -0.016296546308657744 0.0029537406589687284 0.01145350169837514 -0.00049294662223572721 0.0016910854196296764 0.0019896994711099082 0.0076885230751467144 -0.020779326708344398 -0.071714493340934368
leaf_weight=1053 71 56 106 157 649 62 128 191 52 228924 11899 1123 80 265 87 126 127 86 624 63 71 69 175 1637 1008 14214 89 85 58 125
leaf_count=1053 71 56 106 157 649 62 128 191 52 228924 11899 1123 80 265 87 126 127 86 624 63 71 69 175 1637 1008 14214 89 85 58 125
internal_value=3.90953e-05 -0.000766096 -0.00090075 -0.000715532 -0.000971897 -0.00156124 -0.0038843 -0.00110932 -0.0068421 4.66658e-05 0.000358536 -0.000611729 -0.00285288 -0.0037963 -0.00757485 -0.000154221 -0.00128988 -0.00443396 -0.000536723 -0.00323755 -0.00106061 0.000757133 -0.00176229 2.78299e-05 0.000327022 0.000217922 -0.00111722 -0.00382353 -0.00566176 -0.00838798
internal_weight=263460 2454 2398 2292 2135 1486 242 1244 114 261006 14866 2967 503 432 167 2464 1097 212 885 261 198 1367 244 246140 17216 15579 1365 357 272 183
internal_count=263460 2454 2398 2292 2135 1486 242 1244 114 261006 14866 2967 503 432 167 2464 1097 212 885 261 198 1367 244 246140 17216 15579 1365 357 272 183
is_linear=0
shrinkage=0.05


Tree=173
num_leaves=31
num_cat=0
split_feature=27 24 0 24 29 23 4 24 19 29 19 27 1 1 5 0 29 18 22 1 27 29 5 9 16 20 18 23 7 24
split_gain=0.629301 1.04014 1.79274 2.68045 2.58443 1.25334 1.96733 1.01767 0.968909 1.7448 1.05052 1.14627 3.02675 1.04614 1.76857 1.57718 0.967071 0.945467 1.8495 1.34642 1.33037 1.26 1.03196 1.00794 0.971919 0.939668 1.30744 1.42122 0.919006 0.890165
threshold=22.500000000000004 6.5000000000000009 5.0321893123531218 9.5000000000000018 -0.69522441631592968 1.0000000180025095e-35 -0.15214498962175604 26.500000000000004 0.079460925144518246 -0.49619527688194393 3.2988712152591364 35.500000000000007 249.00000000000003 273.00000000000006 2.5131780152855359 4.5989605807911609 8.7539835382869775 11.475555918351697 24.500000000000004 221.00000000000003 31.500000000000004 -1.2530839403026801 2.0274090822564257 0.62794808234966448 1.2984396972402625 0.70734206224835539 6.0588301190220601 4.5000000000000009 0.87497562840561416 24.500000000000004
decision_type=2 2 2 2 2 2 2 2 2 2 2 2 2 2 2 2 2 2 2 2 2 2 2 2 2 2 2 2 2 2
left_child=-1 17 3 4 -3 6 28 -5 9 -9 -10 13 -13 -12 15 -15 -7 18 20 -19 23 -22 25 -2 -25 26 27 -20 -6 -4
right_child=1 2 29 7 5 16 -8 8 10 -11 11 12 -14 14 -16 -17 -18 19 22 -21 21 -23 -24 24 -26 -27 -28 -29 -30 -31
leaf_value=-6.948656611019467e-05 0.013813982827233754 -0.0041190399967774441 0.0054255757593901699 -0.0027635241567871859 0.002283785468264965 -0.10099295135051632 -0.11168543509283656 -0.044490723492636913 0.0068813443294869327 0.00062616916007923122 0.0019576984852514613 0.0030492995492753232 -0.10736089245417405 -0.073765450657586606 -0.035708983808846143 0.020269756158511062 -0.18753008676137403 -0.00066114387524433458 -0.0343254607325051 0.0143834494692351 0.022927028311685166 -0.025182931074476025 0.012516602270127318 0.0045612040543318039 -0.043222246065246342 -0.0012439638719501265 -0.0044741679011582975 0.0074549540131143488 -0.24806492432354044 -0.0014654186548966022
leaf_weight=218789 3224 2068 4680 11236 96 1507 68 54 475 91 7835 233 92 86 50 735 59 6347 142 2307 160 400 476 92 58 674 205 57 52 1297
leaf_count=218789 3224 2068 4680 11236 96 1507 68 54 475 91 7835 233 92 86 50 735 59 6347 142 2307 160 400 476 92 58 674 205 57 52 1297
internal_value=1.62152e-05 0.00018682 2.34423e-05 -0.000164329 -0.00137662 -0.00277217 -0.00634259 5.91279e-05 0.000435706 -0.00362069 0.000497581 0.000377035 -0.00253846 0.000485872 0.00212974 0.00268575 -0.00227969 0.000541649 0.00105503 0.000216085 0.00163193 -0.000625 -0.000405405 0.00200652 -0.002 -0.0012616 -0.00316832 -0.00605528 -0.00310811 0.000800569
internal_weight=263645 44856 30714 24737 3850 1782 216 20887 9651 145 9506 9031 325 8706 871 821 1566 14142 5488 8654 3934 560 1554 3374 150 1078 404 199 148 5977
internal_count=263645 44856 30714 24737 3850 1782 216 20887 9651 145 9506 9031 325 8706 871 821 1566 14142 5488 8654 3934 560 1554 3374 150 1078 404 199 148 5977
is_linear=0
shrinkage=0.05


Tree=174
num_leaves=31
num_cat=0
split_feature=16 8 24 0 22 19 3 11 18 8 10 29 29 1 10 7 6 8 11 24 2 6 16 20 1 14 17 0 6 6
split_gain=0.605 0.859691 0.71853 1.09239 1.40728 1.69287 1.65265 1.54084 1.05026 0.938889 0.909841 1.38124 1.11634 1.01156 0.896473 1.19943 0.872555 0.867327 0.826672 0.826049 1.41136 0.855064 1.0612 1.16393 0.817263 0.804421 0.738337 1.58585 1.02361 0.954608
threshold=0.71255612659755052 0.61638921543285685 24.500000000000004 5.6273578383842873 5.5000000000000009 11.637590493069476 0.065712386785699836 0.66429506473521316 44.858287520818259 0.57147920285572784 0.083333333333333356 -0.17608147380662598 -0.14889241537967404 277.00000000000006 0.18333333333333338 0.56309747423779422 0.35355655779317424 0.36947546898599354 0.1243206573082981 21.500000000000004 -1.6169592519082843 0.19599727362273558 0.0055345242886652097 0.046829476616573093 129.00000000000003 5.0647189479613592 5.5000000000000009 4.5923386465912319 0.42939582833456302 0.21335977560589955
decision_type=2 2 2 2 2 2 2 2 2 2 2 2 2 2 2 2 2 2 2 2 2 2 2 2 2 2 2 2 2 2
left_child=2 -2 8 10 5 -5 -7 14 19 -9 11 -4 -13 26 15 -6 -16 -14 -10 25 -21 22 23 -22 -25 -1 29 -28 -29 -12
right_child=1 -3 3 4 7 6 -8 9 18 -11 13 12 17 -15 16 -17 -18 -19 -20 20 21 -23 -24 24 -26 -27 27 28 -30 -31
leaf_value=-8.2006752231015434e-05 0.00024365153342283637 0.0011692634319300605 0.005749997182316318 0.0044950280520406364 0.0036628300072149445 -0.034059794314023388 -0.0088158474901855431 -0.024314237703486428 -0.026490151685907761 -0.0017727179296538346 0.0018537345258268633 -0.032448815201454713 -0.01223468344771405 0.0019874685629071879 -0.018941927658359614 -0.016113766917960692 7.9535581968555666e-05 -0.0030136036194321264 -0.0092110709816985836 -0.024780625499931375 0.0030470313719653404 0.0018377709345149392 -0.00026315770247432342 -0.0067584566973905138 -0.021299683251894925 0.0095740308280265213 0.0024193353336995601 -0.0049345286311875368 -0.017440921170842446 -0.00074154329806685277
leaf_weight=87485 108517 16981 301 75 837 76 80 80 379 64 5406 51 62 2498 64 81 75 2504 1886 74 51 10444 3091 53 59 397 2002 2975 696 16520
leaf_count=87485 108517 16981 301 75 837 76 80 80 379 64 5406 51 62 2498 64 81 75 2504 1886 74 51 10444 3091 53 59 397 2002 2975 696 16520
internal_value=2.2815e-05 0.000102313 -4.92894e-05 -0.000247191 -0.00159916 -0.00517316 -0.00814103 -0.00091174 1.6311e-05 -0.00576389 -0.00018855 -0.00103153 -0.00140046 -0.000106821 -0.000250709 0.000315904 -0.00399281 -0.00125487 -0.00104856 4.0038e-05 0.000400087 0.00043729 -0.000270436 -0.00420245 -0.00705357 -1.63854e-05 -0.000194029 -0.00070245 -0.0013198 -6.24827e-05
internal_weight=263864 125498 138366 34447 1432 231 156 1201 103919 144 33015 2918 2617 30097 1057 918 139 2566 2265 101654 13772 13698 3254 163 112 87882 27599 5673 3671 21926
internal_count=263864 125498 138366 34447 1432 231 156 1201 103919 144 33015 2918 2617 30097 1057 918 139 2566 2265 101654 13772 13698 3254 163 112 87882 27599 5673 3671 21926
is_linear=0
shrinkage=0.05


Tree=175
num_leaves=31
num_cat=0
split_feature=5 0 19 4 1 29 0 23 12 1 1 13 27 18 22 18 19 22 3 22 1 29 24 15 16 18 1 0 27 0
split_gain=0.667685 1.21056 2.11709 1.81706 1.37432 1.07917 1.50826 1.1794 1.01158 0.997062 1.07926 1.15305 1.12827 1.46426 1.50802 1.06774 0.990273 1.73492 1.59431 1.01202 1.23308 1.58558 1.21485 1.15838 1.79745 1.74779 0.986771 0.958207 0.914135 1.65079
threshold=0.74013595427780354 4.8404521090059918 0.079460925144518246 -0.53144464011021608 201.00000000000003 -1.2530839403026801 4.973239364658367 3.5000000000000004 0.094938914965202029 101.00000000000001 233.00000000000003 0.16525638659537104 19.500000000000004 14.885862422225669 4.5000000000000009 0.096941918992014112 9.4277722782325704 4.5000000000000009 -0.057329337161237566 27.500000000000004 129.00000000000003 -1.691767014093873 30.500000000000004 11.500000000000002 1.4314004656243868 14.405193574437424 197.00000000000003 4.8751815933909866 21.500000000000004 4.7324720776733296
decision_type=2 2 2 2 2 2 2 2 2 2 2 2 2 2 2 2 2 2 2 2 2 2 2 2 2 2 2 2 2 2
left_child=5 2 4 -3 28 6 7 -1 -6 -4 -11 12 -12 15 -15 -14 17 -5 27 20 21 23 -23 24 -18 -25 -9 -19 -2 -30
right_child=1 3 9 16 8 -7 -8 26 -10 10 11 -13 13 14 -16 -17 19 18 -20 -21 -22 22 -24 25 -26 -27 -28 -29 29 -31
leaf_value=0.011698989531906984 -0.021797448041417103 0.010589093079920295 0.0047114773654722136 0.0054729284662155672 0.0092067907385292077 -0.00020347997715491309 0.017669952691346694 -0.012158895681753922 -0.046298893032316622 -0.0012482501899361382 0.0020343264606255086 0.0002000781160888442 -0.0024431694800078419 -0.02014422067878328 0.0091428220667711512 0.014562323634857122 0.0036546821742744389 0.016602976654416096 0.0042016441892002848 0.0027699148761778508 0.00095199658309773035 -0.0011308126082598116 0.0076511282160015726 -0.029666331933037859 -0.13287374688793405 -0.16685750997267279 -0.015530398815805714 -0.0021347227766501989 -0.032542870359643254 -0.063909546393556629
leaf_weight=660 296 4660 1931 1270 342 121716 577 416 50 49166 3863 18184 130 273 1170 1626 403 245 4518 10354 19764 16611 347 67 229 53 75 4202 72 84
leaf_count=660 296 4660 1931 1270 342 121716 577 416 50 49166 3863 18184 130 273 1170 1626 403 245 4518 10354 19764 16611 347 67 229 53 75 4202 72 84
internal_value=2.45679e-05 9.93498e-05 -3.32308e-05 0.000262504 -0.0025237 -6.0189e-05 0.00118056 0.000134666 -0.000357143 -5.69778e-06 -3.4806e-05 0.000230928 0.000773152 0.00146765 0.000287595 0.00243736 0.000186263 0.000632633 0.000387619 9.0742e-05 -3.01541e-05 -0.000333145 -0.000233518 -0.00257979 -0.00172468 -0.00708333 -0.00172098 -0.000284461 -0.00440265 -0.0075
internal_weight=263354 139910 77187 62723 844 123444 1728 1151 392 76343 74412 25246 7062 3199 1443 1756 58063 10235 8965 47828 37474 17710 16958 752 632 120 491 4447 452 156
internal_count=263354 139910 77187 62723 844 123444 1728 1151 392 76343 74412 25246 7062 3199 1443 1756 58063 10235 8965 47828 37474 17710 16958 752 632 120 491 4447 452 156
is_linear=0
shrinkage=0.05


Tree=176
num_leaves=31
num_cat=0
split_feature=14 22 18 0 11 13 27 19 0 11 6 19 27 1 18 18 13 5 29 11 28 5 14 14 18 29 18 29 22 22
split_gain=0.479462 0.829783 1.1931 1.10002 0.963911 0.812505 1.10009 0.980239 0.720138 0.704372 0.669284 0.965755 0.699259 0.927615 0.655178 0.641759 0.663242 1.0937 0.627339 0.704477 0.619129 0.623358 0.593164 0.589944 0.83807 0.754563 0.661721 0.587211 0.592959 0.582068
threshold=4.2343533827342315 29.500000000000004 11.269544797355497 4.6344336593550848 0.048840909276040172 0.24395759322829325 21.500000000000004 11.724891578114079 4.4236054436470065 0.061897364682604934 2.487574712025947 24.814432026626452 6.5000000000000009 221.00000000000003 28.015168045621891 10.849431867776707 4.3902723699348538 1.3975692289366604 -0.36985758113450201 3.0952901223972566 33.500000000000007 1.7962374405998924 10.446576196758164 9.8703504475701269 62.107379387004379 -1.691767014093873 30.791296185257895 0.74295216348336446 26.500000000000004 32.500000000000007
decision_type=2 2 2 2 2 2 2 2 2 2 2 2 2 2 2 2 2 2 2 2 2 2 2 2 2 2 2 2 2 2
left_child=-1 2 3 5 22 -2 7 -7 -6 -10 11 12 -11 -14 -12 16 17 29 19 20 21 -5 -4 -13 25 26 -25 -20 -29 -3
right_child=1 15 4 18 8 6 -8 -9 9 10 14 23 13 -15 -16 -17 -18 -19 27 -21 -22 -23 -24 24 -26 -27 -28 28 -30 -31
leaf_value=-8.9980940981672152e-06 -0.037973756547994515 -0.0047562546014786244 0.014518113000198896 -0.0026400424141032066 0.024926034104804609 0.01604539458364479 0.014661692789445416 -0.045089336536362642 -0.05960624925455487 0.017844600797380841 0.016929165917470432 0.00077873778644677071 -0.049761220745029436 -0.0051916334840909836 -0.0022861053856898408 -0.00089044975183254042 -0.036301029802932303 0.0099096739789089078 0.022410797986690992 0.032105004585292106 0.02828355774567002 0.016572997093052586 -0.0049878606957169877 -0.081526647398095509 -0.042352176688186464 -0.0043794563050235952 -0.019517234855466904 0.013237687930748128 -0.03160682366026487 -0.020425448503252643
leaf_weight=238136 70 170 1141 1699 109 89 139 83 70 51 1116 12406 101 99 778 2689 59 385 1449 379 92 575 155 55 53 983 52 336 51 154
leaf_count=238136 70 170 1141 1699 109 89 139 83 70 51 1116 12406 101 99 778 2689 59 385 1449 379 92 575 155 55 53 983 52 336 51 154
internal_value=1.86561e-05 0.000224324 0.000336858 0.00101975 0.000139496 -0.00156168 -0.000466238 -0.00313953 3.24452e-05 4.44068e-06 2.6762e-05 -9.42027e-05 -0.00316733 -0.0045 0.000908131 -0.000496095 -0.00177083 -0.00134697 0.00123445 0.00075592 0.000435334 0.000272647 0.00145062 -3.72719e-05 -0.00112423 -0.000825688 -0.00481308 0.00194989 0.000219638 -0.00348765
internal_weight=263724 25588 22131 4962 17169 381 311 172 15873 15764 15694 13800 251 200 1894 3457 768 709 4581 2745 2366 2274 1296 13549 1143 1090 107 1836 387 324
internal_count=263724 25588 22131 4962 17169 381 311 172 15873 15764 15694 13800 251 200 1894 3457 768 709 4581 2745 2366 2274 1296 13549 1143 1090 107 1836 387 324
is_linear=0
shrinkage=0.05


Tree=177
num_leaves=31
num_cat=0
split_feature=27 27 6 0 13 22 8 16 19 19 10 8 27 0 27 8 0 0 29 6 16 3 29 0 23 23 23 24 1 1
split_gain=0.577331 0.808692 0.539403 0.686062 0.582258 0.929153 1.19359 1.11141 0.929068 0.917226 1.37887 1.38806 1.01159 0.939985 0.881161 0.82211 1.10663 1.22454 1.08212 0.772992 0.731705 0.711483 1.24139 0.772797 2.42656 4.09762 3.09055 2.62788 3.36509 3.09375
threshold=59.500000000000007 45.500000000000007 0.19209988291272687 4.6046610299420534 0.94771424430146667 24.500000000000004 0.64566386324961222 8.425911474463307 9.3481717326163665 9.5917839092640822 0.083333333333333356 0.56511701120787239 5.5000000000000009 4.6568054714595153 1.0000000180025095e-35 0.88375414178091261 5.2509586865796907 5.2454046701706245 -0.13373295985531666 0.23889040690544161 0.48170427826263368 0.097858170481331788 -0.77071677021972174 5.5436514665010481 1.5000000000000002 2.5000000000000004 3.5000000000000004 27.500000000000004 245.00000000000003 129.00000000000003
decision_type=2 2 2 2 2 2 2 2 2 2 2 2 2 2 2 2 2 2 2 2 2 2 2 2 2 2 2 2 2 2
left_child=1 2 3 -1 21 8 7 9 20 10 11 -7 -11 -12 15 16 17 18 -10 -16 -6 23 -23 -4 -25 27 -27 28 -26 -29
right_child=-2 -3 4 -5 5 6 -8 -9 14 12 13 -13 -14 -15 19 -17 -18 -19 -20 -21 -22 22 -24 24 25 26 -28 29 -30 -31
leaf_value=0.0044422775194524235 -0.058204231580468717 0.0096214803355929926 -0.00028447755326249479 0.00058428859766282112 -0.00020985112701710738 -0.029953738923165593 0.0030752506053809184 -0.23941505890163761 -0.01873316813615505 0.0045386459597619591 0.020867532527103209 0.00049466097504604419 -0.003477676856342113 -0.0053810484756696836 0.0093089186061206582 -0.013188532624016223 0.00034834559871622575 -0.015464155165619588 -0.0016306253328044246 0.0015926892583096358 0.0038875958514910918 0.0091239631478886411 0.00022164142789873935 0.0039248028664862784 -0.019695697508903591 0.0084143828602466064 -0.010219954600907881 -0.044290485814796915 -0.042693226583394583 -0.029675378464779467
leaf_weight=1565 61 255 122986 34315 1125 81 1157 98 92 2310 62 51 5592 1350 125 170 1419 65 390 23575 3561 1403 53970 2381 967 1177 3566 50 71 110
leaf_count=1565 61 255 122986 34315 1125 81 1157 98 92 2310 62 51 5592 1350 125 170 1419 65 390 23575 3561 1403 53970 2381 967 1177 3566 50 71 110
internal_value=2.76412e-05 2.87649e-05 2.60442e-05 0.000206243 -2.32535e-06 0.000167746 -0.000233156 -0.000417016 0.000308302 -0.000362058 -0.00147668 -0.00636364 -0.000144267 -0.00101983 0.000190819 -0.000781835 -0.000493387 -0.00240402 -0.00153527 0.000278481 0.000956039 -3.98807e-05 0.000110433 -0.000103268 -0.000569574 -0.00111008 -0.000450137 -0.00372287 -0.00280347 -0.0096875
internal_weight=264100 264039 263784 35880 227904 41223 10701 9544 30522 9446 1544 132 7902 1412 25836 2136 1966 547 482 23700 4686 186681 55373 131308 8322 5941 4743 1198 1038 160
internal_count=264100 264039 263784 35880 227904 41223 10701 9544 30522 9446 1544 132 7902 1412 25836 2136 1966 547 482 23700 4686 186681 55373 131308 8322 5941 4743 1198 1038 160
is_linear=0
shrinkage=0.05


Tree=178
num_leaves=31
num_cat=0
split_feature=0 24 5 16 4 0 3 5 5 5 3 23 23 28 28 16 5 14 1 4 13 11 19 23 24 16 20 19 11 4
split_gain=0.512701 0.517133 1.15731 0.821967 1.24918 0.61306 1.09249 1.06529 0.887336 0.670132 0.596823 0.593282 1.28025 0.69066 1.05078 1.13553 0.588312 0.565416 0.55489 0.549456 0.721411 0.829505 1.36034 0.837347 1.15076 1.51369 0.665936 1.26481 1.35426 0.846963
threshold=5.6757271873972215 2.5000000000000004 1.7962374405998924 1.6132327290763548 0.018918523527748619 4.6046610299420534 -0.60451242112916326 0.85386807938112075 0.77255834920795341 1.7707645836738664 -0.65314107361018614 2.5000000000000004 1.0000000180025095e-35 3.5000000000000004 16.500000000000004 2.5351851135752379 1.630474832658535 1.3173073788978713 273.00000000000006 0.25048996713075433 0.094311394975942958 0.92991112836643042 15.326876012614981 1.5000000000000002 1.5000000000000002 0.30551806925362596 0.087226278348357056 19.700981702602352 0.16630131028406131 0.40967519038616002
decision_type=2 2 2 2 2 2 2 2 2 2 2 2 2 2 2 2 2 2 2 2 2 2 2 2 2 2 2 2 2 2
left_child=1 2 5 -4 11 6 7 8 10 19 -1 12 -5 -14 15 -15 -9 -8 -13 -7 -21 23 -23 24 -22 -26 27 29 -29 -25
right_child=-2 -3 3 4 -6 9 17 16 -10 -11 -12 18 13 14 -16 -17 -18 -19 -20 20 21 22 -24 26 25 -27 -28 28 -30 -31
leaf_value=0.0059066290621375556 0.0045053152785411799 -1.5470888245622284e-05 0.0065054073691854439 0.030910025221055661 -0.010481413340377884 -0.00046166805481021592 0.0091670173452207595 0.018966577446848199 -0.058631240516333963 -0.021561536744051858 -0.026002184087146427 0.014770758925031014 0.019734949500500313 -0.080274221497232762 0.018369194759406023 -0.021217642469878017 -0.0094838794179908092 -0.00012373910048347935 -0.014624279697270537 0.0062811920217278328 0.0061782696992247893 0.0015654419554912075 -0.030543105039305136 0.0052958579512674539 -0.054541101015933013 -0.0077950224030489349 0.0069465351233363448 -0.0046421617917066036 -0.032223909410842508 -0.0095635174281389831
leaf_weight=70 1000 244060 1978 116 124 11922 325 473 84 78 69 508 50 50 53 73 51 98 84 648 154 121 60 386 61 152 620 84 51 102
leaf_count=70 1000 244060 1978 116 124 11922 325 473 84 78 69 508 50 50 53 73 51 98 84 648 154 121 60 386 61 152 620 84 51 102
internal_value=2.00036e-05 1.57022e-05 0.000269509 0.00116271 3.78074e-05 9.57783e-05 0.00119658 4.68543e-05 -0.00284753 6.57959e-06 -0.000395683 0.000663812 -0.000994152 -0.00318584 -0.00465909 -0.00719512 0.00127863 0.00322695 0.00162162 3.16832e-05 0.000715457 0.000198213 -0.00301105 0.000559006 -0.00153951 -0.00392019 0.0011786 2.40772e-05 -0.00425926 0.00120902
internal_weight=263705 262705 18645 3036 1058 15609 1170 747 223 14439 139 934 342 226 176 123 524 423 592 14361 2439 1791 181 1610 367 213 1243 623 135 488
internal_count=263705 262705 18645 3036 1058 15609 1170 747 223 14439 139 934 342 226 176 123 524 423 592 14361 2439 1791 181 1610 367 213 1243 623 135 488
is_linear=0
shrinkage=0.05


Tree=179
num_leaves=31
num_cat=0
split_feature=5 7 19 1 0 5 29 16 0 14 2 2 10 8 23 8 29 14 22 13 1 22 11 4 5 12 5 28 29 13
split_gain=0.688954 0.892926 0.895946 1.21993 1.36762 0.704284 1.09232 0.799783 0.846292 1.04818 1.00181 1.38233 0.870899 0.850773 0.768947 0.700286 0.661899 0.576898 0.573119 0.571291 0.75687 0.659678 1.07899 0.723512 0.953348 1.32012 0.908689 0.662445 0.756024 0.623488
threshold=0.36955847803969871 0.43628129153086587 4.8272506170453378 113.00000000000001 5.1701421864534813 0.37669794318080668 0.32943910009416355 0.025853326908751001 5.2581167805262305 0.40316868776881082 0.029729724784469096 -0.12642407371067743 0.15000000000000002 0.42424043650181287 3.5000000000000004 0.63050731966345031 0.12843151119100638 1.4138201471629561 8.5000000000000018 1.4200759745327287 289.00000000000006 3.5000000000000004 0.11986598464265888 0.007538409528933177 1.0928004516098981 1.5124841460464775 3.9776275099879572 20.500000000000004 -0.49619527688194393 2.6805675515480627
decision_type=2 2 2 2 2 2 2 2 2 2 2 2 2 2 2 2 2 2 2 2 2 2 2 2 2 2 2 2 2 2
left_child=1 2 3 -1 -5 6 7 -2 10 -10 11 -9 -12 -11 -13 -15 17 -3 -14 -7 21 22 -21 24 25 27 -26 28 -24 -30
right_child=5 16 -4 4 -6 19 -8 8 9 13 12 14 18 15 -16 -17 -18 -19 -20 20 -22 -23 23 -25 26 -27 -28 -29 29 -31
leaf_value=-0.049115702369525643 0.011266483811856907 0.0012096657151371112 0.0020896785789336664 0.032135810377976019 -0.0029484605380793371 4.0319645006269517e-05 0.0058949772840249642 -0.0085169532434616751 -0.017374135489498295 -0.0065702015689758711 -0.019958399814819613 -0.013085733982807077 0.0060808565573614347 0.010484237273469893 -0.017336863354552513 -0.0032899597144562323 0.0073237673625617368 0.0066253519276472002 -0.0094713664256934511 0.010860106806409447 0.011513441611882516 0.00073599526209376198 0.0031071022783874303 0.0063551204905499528 0.0072189234731861217 -0.042650480406430047 -0.01939430061853907 0.010760872501204732 -0.011576154957494908 -0.027656910595129505
leaf_weight=64 76 551 2697 79 252 230749 140 70 57 52 143 69 77 149 59 55 371 100 108 596 678 24229 122 277 1440 96 51 186 106 55
leaf_count=64 76 551 2697 79 252 230749 140 70 57 52 143 69 77 149 59 55 371 100 108 596 678 24229 122 277 1440 96 51 186 106 55
internal_value=4.34877e-05 0.000685464 0.000261967 -0.00196203 -0.000740181 3.33155e-05 -0.00125592 -0.00188525 -0.00233015 -0.000271565 -0.00355513 -0.00636364 -0.00185976 0.00109375 -0.00945312 0.00254902 0.00196673 0.00100614 0.000405406 3.85755e-05 0.000252551 0.000211356 0.000920109 0.000435062 0.000111868 -0.00163717 0.000774648 -0.00054371 -0.00206714 -0.00431677
internal_weight=263754 4114 3092 395 331 259640 1055 915 839 313 526 198 328 256 128 204 1022 651 185 258585 27836 27158 2929 2333 2056 565 1491 469 283 161
internal_count=263754 4114 3092 395 331 259640 1055 915 839 313 526 198 328 256 128 204 1022 651 185 258585 27836 27158 2929 2333 2056 565 1491 469 283 161
is_linear=0
shrinkage=0.05


Tree=180
num_leaves=31
num_cat=0
split_feature=28 2 22 2 29 12 19 19 2 24 8 12 8 18 24 22 1 6 23 6 9 24 5 22 19 2 7 6 12 8
split_gain=0.64355 0.848423 1.2847 1.13684 1.05602 1.25971 0.978788 2.48218 1.68633 1.02098 1.76127 1.09342 2.04849 0.920171 0.925691 1.0516 0.951732 0.94594 0.913284 1.01799 0.935891 0.91068 0.900795 0.889427 1.37039 1.21322 0.880102 0.824027 0.787285 0.782896
threshold=1.5000000000000002 -0.0038155840165167878 2.5000000000000004 0.11235548765409907 -0.28503810553964043 0.16324849213656631 23.486701455950854 22.67454580729736 0.53853972921116455 29.500000000000004 0.48258103331723051 0.10854559488297659 0.69126438060899953 2.0313041476632363 8.5000000000000018 24.500000000000004 209.00000000000003 0.4129676526543628 3.5000000000000004 0.80371307345825804 0.83246054453473639 15.500000000000002 0.63798244929616177 34.500000000000007 9.5917839092640822 0.045986122874501843 0.48714974080428097 0.071444036019819121 0.16969773004694474 0.48426622192682972
decision_type=2 2 2 2 2 2 2 2 2 2 2 2 2 2 2 2 2 2 2 2 2 2 2 2 2 2 2 2 2 2
left_child=-1 27 -3 23 18 6 7 9 21 13 -11 -12 -13 14 17 16 -16 -6 19 -5 -21 -9 -17 -4 25 26 -25 -2 -7 -18
right_child=1 2 3 4 5 28 -8 8 -10 10 11 12 -14 -15 15 22 29 -19 -20 20 -22 -23 -24 24 -26 -27 -28 -29 -30 -31
leaf_value=0.00045122061237673841 0.0033353622733930661 0.0051109216813083882 -0.0015481054395981876 0.00080834607685574794 0.0071034358196067227 0.0046405687251441568 0.0017109213769798352 -0.063300212234857864 -0.038097438713739357 -0.015094795265868183 0.0018610280802850096 0.0010100847888897199 -0.02741549725272371 -0.0025591262785631015 0.0031983413065493371 -0.012592256302990932 0.0033413866500645443 -0.010486355208571991 0.0043347254220300717 -0.0035985290879302165 -0.013355198802798899 0.0047241662213549362 0.0029510323713261666 -0.031295151543027776 0.00317178540952386 -0.0031401172221480478 -0.020950784638969898 0.00011181926032127651 8.5558070551625343e-05 -0.0043884600280467241
leaf_weight=78008 4952 626 11640 1845 607 570 2260 83 81 98 277 138 96 6396 983 420 117 96 1608 128 53 77 173 53 155 93 64 135341 15781 462
leaf_count=78008 4952 626 11640 1845 607 570 2260 83 81 98 277 138 96 6396 983 420 117 96 1608 128 53 77 173 53 155 93 64 135341 15781 462
internal_value=3.51527e-05 -1.55714e-05 -0.000204535 -0.000236281 -8.20734e-05 -0.000183702 -0.000564542 -0.00077494 -0.00578838 -0.000652438 -0.00263547 -0.00145793 -0.00397436 -0.000521936 0.000223933 -0.000290023 0.000390525 0.00179943 0.000720969 1.48077e-05 -0.00356354 -0.0028125 -0.00208263 -0.000651812 -0.00308219 -0.00571429 -0.00910256 4.50131e-05 0.000104275 -0.00121762
internal_weight=263281 185273 44980 44354 32349 28715 12364 10104 241 9863 609 511 234 9254 2858 2155 1562 703 3634 2026 181 160 593 12005 365 210 117 140293 16351 579
internal_count=263281 185273 44980 44354 32349 28715 12364 10104 241 9863 609 511 234 9254 2858 2155 1562 703 3634 2026 181 160 593 12005 365 210 117 140293 16351 579
is_linear=0
shrinkage=0.05


Tree=181
num_leaves=31
num_cat=0
split_feature=5 7 19 17 14 1 14 19 18 29 29 14 1 0 2 23 29 21 29 11 22 18 15 28 2 29 6 1 20 12
split_gain=0.787513 1.14522 1.06531 0.580176 0.549344 0.642817 0.524069 0.588598 0.503229 1.04023 1.79975 1.49603 1.12822 1.16784 0.586328 0.538956 0.578779 0.631353 0.600257 0.490549 0.943705 2.34903 1.88631 0.715267 1.36153 0.928691 0.923606 0.852771 0.949792 0.641487
threshold=0.36955847803969871 0.43628129153086587 20.366030643885122 9.5000000000000018 0.32045253658050293 205.00000000000003 1.3798869410184831 4.8272506170453378 81.762926457593622 -0.87527059907807514 -0.56603449248727311 3.9442914651114314 189.00000000000003 4.6302655068254284 -0.91797480838959411 5.5000000000000009 -1.0308775640211452 30.500000000000004 -1.2530839403026801 0.75742808558791541 2.5000000000000004 2.0975999086549182 1.0000000180025095e-35 16.500000000000004 0.045986122874501843 -1.1041871305606306 0.47402601654345544 221.00000000000003 0.71073997274173584 0.24257967908490433
decision_type=2 2 2 2 2 2 2 2 2 2 2 2 2 2 2 2 2 2 2 2 2 2 2 2 2 2 2 2 2 2
left_child=1 3 4 6 5 -3 -1 -8 19 15 11 -11 -12 -14 -15 16 17 18 -10 -2 21 -21 23 24 29 27 -26 28 -25 -23
right_child=8 2 -4 -5 -6 -7 7 -9 9 10 12 -13 13 14 -16 -17 -18 -19 -20 20 -22 22 -24 25 26 -27 -28 -29 -30 -31
leaf_value=-0.00054197387138199354 -9.8677536519578741e-05 0.0033337843850392429 -0.0099013380124171411 0.018395082016963171 0.0048148668828896287 -0.0074970605503484142 -0.0053874291350875098 0.0072868625567730121 0.028400667270800692 -0.13313970629835484 0.042517396231157106 -0.0088075973179626964 -0.0817269460358237 -0.011739328926920091 0.011244844142852541 -0.040038872042362499 0.045473382572942797 -0.031871024463348045 -0.04724900752366698 0.004083816331865958 0.00090192033368039545 -0.013226189802980653 0.0019617256101569238 0.023641022762820211 -0.006827538248350945 0.0018178913478240481 0.0070731620256014567 -0.060643500254861815 -0.068015704694821308 -0.018388263473695179
leaf_weight=2699 206077 90 67 131 824 51 66 188 167 106 96 61 93 70 71 69 77 161 62 499 48658 434 1220 73 356 525 142 96 50 484
leaf_count=2699 206077 90 67 131 824 51 66 188 167 106 96 61 93 70 71 69 77 161 62 499 48658 434 1220 73 356 525 142 96 50 484
internal_value=1.35161e-05 0.000699709 0.00214147 0.000217251 0.00256477 -0.000319149 7.28075e-05 0.00224409 2.63838e-06 -0.00109874 -0.00274648 -0.00697605 -0.00060606 -0.00247863 0.000390071 0.000429105 0.00103854 0.00025641 0.00194323 7.0377e-06 0.000143423 -0.000607115 -0.00107988 -0.00196759 -0.00262712 -0.000712365 -0.000522088 -0.00344749 -0.000691057 -0.00376906
internal_weight=263763 4116 1032 3084 965 141 2953 254 259647 1033 497 167 330 234 141 536 467 390 229 258614 52537 3879 3380 2160 1416 744 498 219 123 918
internal_count=263763 4116 1032 3084 965 141 2953 254 259647 1033 497 167 330 234 141 536 467 390 229 258614 52537 3879 3380 2160 1416 744 498 219 123 918
is_linear=0
shrinkage=0.05


Tree=182
num_leaves=31
num_cat=0
split_feature=0 27 18 22 1 3 22 29 28 22 13 18 15 22 18 22 6 18 5 6 1 0 18 14 6 13 12 6 29 10
split_gain=0.53195 0.493616 0.473839 2.48281 2.06971 1.12451 1.05741 1.01704 1.1383 0.903072 1.62089 1.38953 1.61656 1.60567 1.14419 1.07058 1.05793 2.63182 1.03469 1.00945 1.17805 1.18075 1.33833 1.45955 1.38005 1.2171 1.00571 1.21319 0.958039 0.942464
threshold=5.6757271873972215 1.0000000180025095e-35 1.0040241493716906 7.5000000000000009 297.00000000000006 -0.66622382896677734 1.5000000000000002 -1.1894795493740016 2.5000000000000004 3.5000000000000004 0.37520510299196164 2.0645452624414653 2.5000000000000004 1.5000000000000002 2.2161319225417695 2.5000000000000004 0.071444036019819121 19.214014412006815 0.5776783392435606 0.7215909164662534 261.00000000000006 4.8576412516912386 5.9619805275680928 1.5625483357710288 0.303104030206029 0.13681022460305042 0.12218387853063457 2.0265819270546817 -3.1903952382278615 0.15000000000000002
decision_type=2 2 2 2 2 2 2 2 2 2 2 2 2 2 2 2 2 2 2 2 2 2 2 2 2 2 2 2 2 2
left_child=2 -2 3 4 6 -5 -1 8 -8 10 11 15 13 18 -15 -4 17 -14 -13 20 21 25 23 24 -23 -20 -16 -28 -18 -26
right_child=1 -3 9 5 -6 -7 7 -9 -10 -11 -12 12 16 14 26 -17 28 -19 19 -21 -22 22 -24 -25 29 -27 27 -29 -30 -31
leaf_value=0.010358093710061326 0.0079367467407998465 3.2786866520542e-05 0.0029408754627736201 -0.0054662255380015434 -0.0024332881749215308 0.0014306087753878022 -0.049577530578585709 0.0071161608934356638 0.0020909335648547651 0.00012179940412964399 0.00079744314057436606 -0.0027824935957951507 0.010278886547247559 -0.0086647280097029815 -0.011338023689862546 -0.0018265675221104775 -0.098345866383606234 -0.13320704539010469 -0.039704556238868906 -0.021037212769181177 -0.001559143385229276 -0.015150470160731663 -0.0092748743869576402 -0.00019674518121940172 -0.02944423814000556 -0.066529082555669819 -0.00059142237414801561 -0.042799216016942851 -0.0023650649082221824 -0.026175463012310753
leaf_weight=438 549 478 1474 3641 93 5728 74 2000 325 221877 10438 474 497 99 416 675 121 68 55 470 121 67 170 65 66 59 2570 50 10866 63
leaf_count=438 549 478 1474 3641 93 5728 74 2000 325 221877 10438 474 497 99 416 675 121 68 55 470 121 67 170 65 66 59 2570 50 10866 63
internal_value=1.81192e-05 0.00115385 1.36853e-05 0.000316693 0.00158703 -8.05847e-05 0.00182763 0.00141517 -0.000889724 -1.17623e-06 -0.00026416 -0.000545918 -0.000703504 -0.00148051 -0.000821371 0.000649139 -0.000384349 0.00172566 -0.00276397 -0.00358275 -0.00483483 -0.00582569 -0.00462877 -0.00687739 -0.00903061 -0.0103509 -0.00064888 -0.000286259 -0.000492855 -0.0120543
internal_weight=264087 1027 263060 12299 2930 9369 2837 2399 399 250761 28884 18446 16297 4745 3135 2149 11552 565 1610 1136 666 545 431 261 196 114 3036 2620 10987 129
internal_count=264087 1027 263060 12299 2930 9369 2837 2399 399 250761 28884 18446 16297 4745 3135 2149 11552 565 1610 1136 666 545 431 261 196 114 3036 2620 10987 129
is_linear=0
shrinkage=0.05


Tree=183
num_leaves=31
num_cat=0
split_feature=24 27 20 18 2 23 22 8 23 0 17 4 0 9 8 9 5 24 1 9 15 10 1 24 1 1 0 4 1 5
split_gain=0.648868 0.908154 0.971272 1.24141 0.865708 1.09481 0.974169 0.930284 1.23341 4.54058 2.82879 3.29062 3.67601 1.9199 1.81258 1.54637 1.42316 1.4196 1.4717 1.51245 1.36306 1.23525 1.15913 1.32821 1.26701 1.64766 1.07378 0.99646 0.989271 1.03651
threshold=3.5000000000000004 28.500000000000004 1.2782096704950086 23.988904727922019 0.31873571726751332 1.5000000000000002 15.500000000000002 0.41498714264279662 5.5000000000000009 5.5539350593281904 4.5000000000000009 0.07967562999774809 5.6136670051882271 0.64197776508348825 0.48258103331723051 0.46757628384700428 0.76642272296969061 4.5000000000000009 213.00000000000003 0.49645227801097752 11.500000000000002 0.05000000000000001 237.00000000000003 17.500000000000004 205.00000000000003 117.00000000000001 5.2524496318576963 0.41466029501428142 273.00000000000006 0.5218132257820286
decision_type=2 2 2 2 2 2 2 2 2 2 2 2 2 2 2 2 2 2 2 2 2 2 2 2 2 2 2 2 2 2
left_child=1 -1 -3 -4 7 6 -6 -2 17 27 11 12 -11 -13 -14 -12 -16 18 20 -20 -9 -17 23 -23 25 -25 -19 28 -10 -30
right_child=4 2 3 -5 5 -7 -8 8 9 10 15 13 14 -15 16 21 -18 26 19 -21 -22 22 -24 24 -26 -27 -28 -29 29 -31
leaf_value=0.00071083290779877289 0.00013486586455278867 0.0088797902043757353 0.0045509177496291528 -0.038779528371950082 -0.0027436888920831419 0.0011709834934093637 0.0009933609884028589 -0.013082383021663549 -0.00039852397482285505 -0.036895751204785367 -0.033163901679327104 -0.00034040336469372051 0.0019278578244720361 -0.02851043902338073 -0.035432472358954532 0.01789404761251346 -0.018792385886019211 -0.0010229807676627419 -0.017693543125803408 0.008962556195406925 -0.051437075742280097 -0.00067923614764396698 0.012783981737244019 -0.031111217128910008 -0.04192134860681359 -0.0060961832675201855 0.00041099932683008275 0.0085778396039637335 -0.00053247902258030111 -0.02340515896570013
leaf_weight=24520 143189 1224 288 113 4550 23004 4632 1505 6220 57 76 315 84 128 119 128 91 22569 65 346 58 404 126 91 55 211 28957 128 151 132
leaf_count=24520 143189 1224 288 113 4550 23004 4632 1505 6220 57 76 315 84 128 119 128 91 22569 65 346 58 404 126 91 55 211 28957 128 151 132
internal_value=1.8897e-05 0.000255307 0.0014 -0.000735661 -7.13993e-06 0.000233953 -0.000227619 -4.49549e-05 -0.000206721 -0.000765617 -0.00293103 -0.00520151 -0.00881766 -0.00233634 -0.00656463 -0.00127864 -0.00904762 -0.000117757 -0.00143364 0.00122871 -0.00213372 -0.000763547 -0.00142616 -0.00216163 -0.00438375 -0.00311258 -6.73445e-05 -0.000150053 -0.000236045 -0.00312721
internal_weight=263536 26145 1625 401 237391 32186 9182 205205 62016 8516 1885 794 351 443 294 1091 210 53500 1974 411 1563 1015 887 761 357 302 51526 6631 6503 283
internal_count=263536 26145 1625 401 237391 32186 9182 205205 62016 8516 1885 794 351 443 294 1091 210 53500 1974 411 1563 1015 887 761 357 302 51526 6631 6503 283
is_linear=0
shrinkage=0.05


Tree=184
num_leaves=31
num_cat=0
split_feature=18 22 4 27 4 0 27 19 3 22 29 28 27 0 24 15 3 11 1 19 5 14 24 16 3 4 6 22 24 16
split_gain=0.487876 2.90273 1.29107 0.873109 0.729163 0.635769 0.86684 0.935622 1.2966 0.96576 1.24549 0.912978 0.846663 0.875301 1.11272 0.769612 0.747859 0.726593 0.925318 0.692702 0.672994 0.659216 0.641042 0.639241 0.609936 0.891372 1.19402 0.592843 0.64074 0.75381
threshold=0.9153330097459661 4.5000000000000009 -0.18285179575064528 52.500000000000007 -0.18669909107007937 4.8404521090059918 5.5000000000000009 0.38025422428337641 -0.52951549419798061 22.500000000000004 -0.13745828384435174 20.500000000000004 10.500000000000002 4.8022471230451886 17.500000000000004 1.5000000000000002 -0.017388202391026102 0.15236353585561158 201.00000000000003 0.16997065332559536 1.8709337091417737 3.765331576649809 10.500000000000002 0.32784009668238173 0.018314494303103428 0.015261923683561348 0.48557347810946938 1.5000000000000002 24.500000000000004 0.32784009668238173
decision_type=2 2 2 2 2 2 2 2 2 2 2 2 2 2 2 2 2 2 2 2 2 2 2 2 2 2 2 2 2 2
left_child=1 27 4 24 5 6 -3 9 11 12 -11 15 13 14 -8 -9 20 18 -13 22 -7 -19 -14 -21 25 -4 -27 -1 29 -29
right_child=-2 2 3 -5 -6 16 7 8 -10 10 -12 17 19 -15 -16 -17 -18 21 -20 23 -22 -23 -24 -25 -26 26 -28 28 -30 -31
leaf_value=0.0081923277785781439 0.00011353905251588678 0.0089492130269906173 0.0028441759949854903 -0.080600454113914713 -0.02623187519961534 0.00018425401221933843 -0.022070935387089107 -0.032521095896353401 -0.040013449246015763 -0.025148121447227879 -0.040751821982957195 -0.034080958959956179 0.023612447923825081 -0.030139755582659696 0.050513538965226604 0.019773590749440875 -0.020817483834944129 0.042929744385071356 -0.014501724927437429 0.0071911930354618932 0.020037568992427156 -0.022996371533892182 -0.00019833790438359003 -0.041291678065762921 0.0072141274185918217 0.0020616767585052288 -0.020992965663430899 -0.0021019532350970279 0.0087381444654062897 0.010024239721975026
leaf_weight=445 252440 521 3351 51 91 2181 129 85 50 386 135 64 102 53 99 617 92 85 89 50 346 50 317 118 519 84 69 360 288 531
leaf_count=445 252440 521 3351 51 91 2181 129 85 50 386 135 64 102 53 99 617 92 85 89 50 346 50 317 118 519 84 69 360 288 531
internal_value=4.39353e-05 0.000364501 3.80113e-05 0.00071674 -0.00045053 -0.000377985 -0.000881356 -0.0012783 -0.000144231 -0.00212743 -0.00382917 0.000252525 -0.00110599 -0.00336299 -0.00201754 0.00122507 0.000189004 -0.00211806 -0.00447712 -2.55535e-05 0.000350218 0.000555556 0.00106205 -0.00273809 0.000799155 0.000562215 -0.00316993 0.00232143 0.00173452 0.00107183
internal_weight=263798 11358 9734 4074 5660 5569 2950 2429 1040 1389 521 990 868 281 228 702 2619 288 153 587 2527 135 419 168 4023 3504 153 1624 1179 891
internal_count=263798 11358 9734 4074 5660 5569 2950 2429 1040 1389 521 990 868 281 228 702 2619 288 153 587 2527 135 419 168 4023 3504 153 1624 1179 891
is_linear=0
shrinkage=0.05


Tree=185
num_leaves=31
num_cat=0
split_feature=0 29 24 16 21 0 29 7 1 5 24 24 29 12 8 8 29 9 29 22 3 1 9 29 7 3 5 20 29 1
split_gain=0.685811 2.91116 2.58067 0.802863 0.622749 1.52011 1.10137 1.26678 1.14546 0.989665 1.05226 1.28869 1.21059 0.775791 0.791508 1.13814 0.748988 1.24282 0.765062 1.06781 0.724642 1.18664 1.33309 1.10745 1.45398 1.4161 0.687096 0.685123 1.43576 1.47459
threshold=4.3895594239587075 -0.3206148700691972 28.500000000000004 2.2667025232815408 1.5000000000000002 5.2496486618961447 -0.0063250976508995574 0.33599156553472248 149.00000000000003 0.41569851066072167 16.500000000000004 21.500000000000004 0.23815253118961363 0.32794524593091007 0.49973829837089817 0.71034142110698251 0.2578448876669549 0.4332931083098373 0.28524847114902679 6.5000000000000009 0.30361187428283354 213.00000000000003 0.68576888578056505 0.54280278330869824 0.27298450525557866 0.35388060286538209 0.53438450497641943 0.097678316252046579 -0.044962754561565031 213.00000000000003
decision_type=2 2 2 2 2 2 2 2 2 2 2 2 2 2 2 2 2 2 2 2 2 2 2 2 2 2 2 2 2 2
left_child=1 3 -3 -1 5 6 27 -8 13 10 -10 -12 -13 -9 -15 -16 -7 -18 19 -19 -20 22 23 24 -22 -25 -24 -2 -29 -30
right_child=4 2 -4 -5 -6 16 7 8 9 -11 11 12 -14 14 15 -17 17 18 20 -21 21 -23 26 25 -26 -27 -28 28 29 -31
leaf_value=0.011817116611166861 -0.0080232007289182915 -0.0083167597769903366 -0.11641493513666049 0.027959180565704303 0.00011074884165249572 0.0030603173154750496 -0.014404446295074275 0.0017902058611060274 0.0024279461428938598 0.0036129094678751133 -0.020715492250506423 0.0042304167541416275 -0.01515495342175472 0.0006764141700730808 -0.010956635774478602 0.0044929514652542616 -0.01675270087380416 -0.0098568197689645927 0.0040905695333195028 -0.0034842961491441254 0.0037672176401217367 0.0028306521215620732 -0.0060757865052821422 -0.012308807852200402 -0.006463800011272525 -0.03056471930669144 0.006319858461854554 0.00098088173570814378 -0.0071586764985350111 -0.017446915981847243
leaf_weight=1177 1061 424 62 371 246780 6293 64 500 264 2107 57 142 61 183 294 69 95 56 1333 213 191 414 96 101 132 90 207 965 116 51
leaf_count=1177 1061 424 62 371 246780 6293 64 500 264 2107 57 142 61 183 294 69 95 56 1333 213 191 414 96 101 132 90 207 965 116 51
internal_value=5.39649e-05 0.000968535 -0.00240741 0.00202842 4.6863e-05 0.000357968 -0.000266262 0.00025528 0.000376666 0.000933105 -0.00101145 -0.00326923 -0.00140394 -0.00102294 -0.00232601 -0.00367769 0.000759679 9.90439e-05 0.000287681 -0.00224907 0.000553822 -0.000320877 -0.00142595 -0.00297665 -0.00119195 -0.00599476 0.00120462 -0.00115595 -0.000300353 -0.00458084
internal_weight=263969 2034 486 1548 261935 15155 5934 3741 3677 2631 524 260 203 1046 546 363 9221 2928 2833 269 2564 1231 817 514 323 191 303 2193 1132 167
internal_count=263969 2034 486 1548 261935 15155 5934 3741 3677 2631 524 260 203 1046 546 363 9221 2928 2833 269 2564 1231 817 514 323 191 303 2193 1132 167
is_linear=0
shrinkage=0.05


Tree=186
num_leaves=31
num_cat=0
split_feature=5 11 29 9 29 0 0 20 19 22 21 29 20 1 17 29 13 29 21 18 5 1 20 29 19 22 14 0 19 18
split_gain=0.591829 1.61881 1.81504 1.32017 1.29029 1.52453 1.26345 1.36708 1.22589 1.48891 0.943681 0.939073 1.00357 0.925867 1.23236 1.16759 1.34819 1.39263 1.78113 1.33603 1.04957 0.995276 0.925517 1.90499 0.897424 1.67073 1.76201 0.944643 0.921265 0.882053
threshold=0.74013595427780354 2.8436285499473768 -0.57590045483512864 0.59187391762042929 -1.2218905403000824 4.9965635965540569 4.8212977052136194 1.0000000180025095e-35 14.334568357844137 2.5000000000000004 28.500000000000004 0.48199358273701259 0.70807041604804144 233.00000000000003 5.5000000000000009 -1.6214020128300053 0.16525638659537104 -1.4571161936178669 34.500000000000007 36.744099829618499 1.3863692971547981 113.00000000000001 1.2782096704950086 -0.38423582872657108 0.38025422428337641 18.500000000000004 1.4989877564747525 4.6207751646789132 0.16997065332559536 14.885862422225669
decision_type=2 2 2 2 2 2 2 2 2 2 2 2 2 2 2 2 2 2 2 2 2 2 2 2 2 2 2 2 2 2
left_child=1 4 -3 -4 5 -1 10 -8 9 -9 22 12 -11 21 29 -16 -17 18 20 -20 -18 -12 -2 -24 25 -23 27 -27 -28 -15
right_child=6 2 3 -5 -6 -7 7 8 -10 11 13 -13 -14 14 15 16 17 -19 19 -21 -22 24 23 -25 -26 26 28 -29 -30 -31
leaf_value=0.0020735752392108328 -0.0052294705305629685 -0.063055440338559351 -0.011085297372885859 0.0035176497242094466 -0.0001979300114890558 0.021544703034703464 0.0098278884473534198 0.0051101158645551654 0.00021729177150501793 0.0035384910437561961 0.002729096306048655 -0.0040412927531953699 -0.00028485901174975155 0.0086461526522071501 0.015066852560068357 0.0080814978050115661 0.067901957167286461 -0.008902704433966839 -0.025848174381819869 -0.03821805078987215 -0.042401576227625221 0.0011670586367396932 -0.082915036516685775 0.011366651129574655 -0.0011179537434742131 -0.053748934197784537 -0.011546120430541202 -0.012638859330507492 -0.063849856731122201 0.0022651818081088067
leaf_weight=1284 7603 50 290 129 121435 504 5090 1075 45256 9335 2947 1589 4317 5144 1042 1426 56 4848 78 61 71 635 97 91 39498 59 86 302 50 9463
leaf_count=1284 7603 50 290 129 121435 504 5090 1075 45256 9335 2947 1589 4317 5144 1042 1426 56 4848 78 61 71 635 97 91 39498 59 86 302 50 9463
internal_value=1.59336e-05 -6.37873e-05 -0.00299574 -0.00192124 -5.2628e-05 0.00128076 8.62581e-05 0.000243917 0.000178815 0.00055038 -5.66226e-05 0.000423529 0.000557428 5.01798e-06 0.000267926 -0.000249274 -0.000496942 -0.000876026 -0.0043985 -0.00830935 -0.00011811 -0.000128852 -0.000576948 -0.00404255 -0.000193207 -0.00158127 -0.00375251 -0.00192521 -0.00860294 0.000536387
internal_weight=263911 123692 469 419 123223 1788 140219 66662 61572 16316 73557 15241 13652 65766 22189 7582 6540 5114 266 139 127 43577 7791 188 40630 1132 497 361 136 14607
internal_count=263911 123692 469 419 123223 1788 140219 66662 61572 16316 73557 15241 13652 65766 22189 7582 6540 5114 266 139 127 43577 7791 188 40630 1132 497 361 136 14607
is_linear=0
shrinkage=0.05


Tree=187
num_leaves=31
num_cat=0
split_feature=0 11 22 16 22 29 7 9 13 18 3 0 5 0 22 29 24 0 27 17 29 4 7 1 16 22 24 24 18 29
split_gain=0.711995 0.998679 0.746286 0.926278 0.760863 0.760008 0.81 0.69345 0.634493 0.650992 0.601211 1.04424 0.844068 0.75401 0.74599 0.692246 1.31034 1.57542 1.08632 0.667266 1.21075 0.827423 1.11264 0.78379 1.16861 2.15904 1.00054 1.05055 1.06204 0.930803
threshold=5.6639013355751313 0.79573476830300838 17.500000000000004 0.20953296982045463 10.500000000000002 0.37214301231675612 0.48714974080428097 0.54191331673938758 0.62428670687186372 1.2544728625078301 -1.2746328245152851 4.7682863635691586 1.8215862334936765 4.5860089852518895 21.500000000000004 -0.75729439682244581 15.500000000000002 4.5563455921752096 13.500000000000002 8.5000000000000018 -1.2877420863276781 -0.033645560161340383 0.56881630343600953 97.000000000000014 0.81093540712242584 34.500000000000007 28.500000000000004 3.5000000000000004 1.2544728625078301 0.39095661614053018
decision_type=2 2 2 2 2 2 2 2 2 2 2 2 2 2 2 2 2 2 2 2 2 2 2 2 2 2 2 2 2 2
left_child=10 2 3 4 7 -5 -7 -2 9 -3 11 12 14 15 -1 16 17 -14 -18 23 21 -21 -23 24 26 29 27 -12 -29 -26
right_child=1 8 -4 5 -6 6 -8 -9 -10 -11 19 -13 13 -15 -16 -17 18 -19 -20 20 -22 22 -24 -25 25 -27 -28 28 -30 -31
leaf_value=0.018382997801214659 -0.0021928379034870361 0.0082687755919066061 0.0082155017909439736 0.0079613018793577833 0.0081206267856516346 -0.025025647097149797 0.0044531658168627756 -0.024236202205710149 -0.018858644802293555 -0.012765872437540694 0.0020166500276282656 0.026722342950503998 -0.048900313857015938 0.00094748683646248748 -0.0041816513124753778 -0.0095702407490675691 0.10841382161962712 -0.12904839788017938 -0.05876851000443481 0.018414686488329952 0.00094072166268605788 0.0095275795141530218 -0.11636602114747535 9.361912458197943e-05 0.004296550359919998 -0.1351010898981044 0.0058070198152328431 0.0024962869880626355 -0.0072361450093208759 -0.0077728398584773874
leaf_weight=1162 96 89 866 512 108 50 50 75 68 113 978 774 51 4419 471 268 52 52 61 1101 15858 130 52 226787 2528 90 532 841 5112 430
leaf_count=1162 96 89 866 512 108 50 50 75 68 113 978 774 51 4419 471 268 52 52 61 1101 15858 130 52 226787 2528 90 532 841 5112 430
internal_value=4.57966e-05 0.00097928 0.00141434 0.000398429 -0.00198925 0.00148693 -0.0025 -0.00406433 -0.00185185 -0.000445544 3.85677e-05 0.000485636 0.000279988 -4.79297e-05 0.00126454 -0.00192149 -0.00402778 -0.0081068 -0.000309734 2.57234e-05 0.000326994 0.00180436 -0.00131868 3.96145e-06 -0.000418133 0.000406824 -0.000755058 -0.000915452 -0.00116496 0.000638945
internal_weight=263776 2027 1757 891 279 612 100 171 270 202 261749 7310 6536 4903 1633 484 216 103 113 254439 17141 1283 182 237298 10511 3048 7463 6931 5953 2958
internal_count=263776 2027 1757 891 279 612 100 171 270 202 261749 7310 6536 4903 1633 484 216 103 113 254439 17141 1283 182 237298 10511 3048 7463 6931 5953 2958
is_linear=0
shrinkage=0.05


Tree=188
num_leaves=31
num_cat=0
split_feature=0 10 29 22 15 5 11 5 29 17 10 23 6 11 29 13 14 28 16 15 3 29 18 0 29 28 22 13 29 13
split_gain=0.676587 0.92089 0.913613 0.817224 0.519003 0.595086 0.695662 0.517014 0.657972 0.508183 0.766773 0.830313 0.692243 0.514003 0.567673 0.476261 0.460209 0.637942 0.682719 0.848466 0.897209 1.11005 1.22351 1.05148 0.846481 0.742089 1.17903 0.898487 0.852792 0.758102
threshold=5.6639013355751313 1.0000000180025095e-35 0.56051074655438726 26.500000000000004 10.500000000000002 0.7791949656539513 0.083950696720561976 0.32766187137346731 0.35441858460372855 3.5000000000000004 0.11666666666666668 1.5000000000000002 0.22650874048757058 0.43553005262734251 0.10480753632568028 0.58340112993594506 4.2343533827342315 35.500000000000007 4.4155177645442141 3.5000000000000004 -0.65996746046144716 -0.094754131549607962 29.679186642393145 4.9594602393769431 3.3334073898702967 18.500000000000004 1.5000000000000002 0.30486085368537874 -3.1903952382278615 7.7110302438202263
decision_type=2 2 2 2 2 2 2 2 2 2 2 2 2 2 2 2 2 2 2 2 2 2 2 2 2 2 2 2 2 2
left_child=7 -2 3 4 5 -3 -7 8 9 -1 13 12 -12 14 -11 -5 -9 18 19 20 -18 23 -23 -22 -21 26 27 -20 -28 -27
right_child=1 2 -4 15 -6 6 -8 16 -10 10 11 -13 -14 -15 -16 -17 17 -19 25 24 21 22 -24 -25 -26 29 28 -29 -30 -31
leaf_value=0.0044148684381489977 -0.025561179970297596 0.00024109421110788364 -0.016457047383561584 0.010335168324737016 -0.010712723552298201 0.01256850635258052 0.00511309919402754 -7.1509026648526846e-05 -0.0095931064189320302 -0.016400286702754792 -0.026675419922095125 0.0099908506125546692 0.0050206908077857475 0.0035980909110693415 0.0010724508176585233 0.0035558421963703458 0.006947077886759071 0.01446426382384719 -0.10571436904425534 -0.0029779420012260053 -0.014229585897177197 0.0097701760828920962 -0.035285246514270459 0.0043776737410234096 0.028412555039578249 -0.0089143910555794289 -0.12367092929146072 -0.0042802359613598922 0.0049618413028686111 0.010178581173895109
leaf_weight=270 88 793 68 341 105 165 402 235076 87 73 55 372 82 52 52 106 10605 272 62 3386 1219 524 51 644 218 3410 111 106 5121 165
leaf_count=270 88 793 68 341 105 165 402 235076 87 73 55 372 82 52 52 106 10605 272 62 3386 1219 524 51 644 218 3410 111 106 5121 165
internal_value=1.30833e-05 0.000913927 0.00113636 0.00133891 0.000767918 0.00102941 0.00226631 5.97317e-06 0.00111697 0.00149582 0.000772595 0.00175835 -0.00156934 -0.00206215 -0.0038 0.00321029 1.53293e-06 0.000201591 0.000176021 0.000365532 0.00055317 -0.000311731 0.0016087 -0.000904455 -0.00031354 -0.000175487 0.000194445 -0.00392857 0.000326835 -0.000734266
internal_weight=264081 2068 1980 1912 1465 1360 567 262013 1043 956 686 509 137 177 125 447 260970 25894 25622 16647 13043 2438 575 1863 3604 8975 5400 168 5232 3575
internal_count=264081 2068 1980 1912 1465 1360 567 262013 1043 956 686 509 137 177 125 447 260970 25894 25622 16647 13043 2438 575 1863 3604 8975 5400 168 5232 3575
is_linear=0
shrinkage=0.05


Tree=189
num_leaves=31
num_cat=0
split_feature=2 22 19 18 3 23 29 7 19 19 16 27 22 21 19 18 7 14 29 24 5 29 2 22 18 24 21 2 7 24
split_gain=0.582878 0.926448 2.03818 1.70239 1.28847 1.34554 1.01826 0.756218 0.939154 0.761038 1.49323 0.746886 1.49348 0.679899 0.778948 0.755645 1.31494 0.808282 0.767612 0.742253 0.703054 1.2002 0.803368 1.09915 1.54894 0.653918 1.17165 0.798676 1.00447 0.753945
threshold=-0.88887397286016012 20.500000000000004 20.568599302243488 13.711901041093762 0.14160710721412326 4.5000000000000009 -0.53032473659995172 0.77565501858382757 25.153835959944125 40.672777433114675 2.891246311064875 34.500000000000007 12.500000000000002 38.500000000000007 42.083106724363269 11.664501020531697 0.40435014488386795 10.446576196758164 -0.47967793934772801 29.500000000000004 1.8464518028468426 -0.088663157652350291 -1.1192573320287642 26.500000000000004 8.1147251526691715 3.5000000000000004 48.000000000000007 0.55357699962049267 0.3389386867849849 2.5000000000000004
decision_type=2 2 2 2 2 2 2 2 2 2 2 2 2 2 2 2 2 2 2 2 2 2 2 2 2 2 2 2 2 2
left_child=1 3 -3 4 6 -6 7 8 -1 10 -10 -9 -13 15 -15 17 18 20 -17 -16 -4 22 23 24 -22 26 27 -2 -29 -30
right_child=25 2 13 -5 5 -7 -8 11 9 -11 -12 12 -14 14 19 16 -18 -19 -20 -21 21 -23 -24 -25 -26 -27 -28 28 29 -31
leaf_value=0.029996251829229038 0.0011575780138249699 -0.012164891243930671 0.00058497198677168389 0.00080253762969996272 -0.0002532054433372939 -0.031194044617856759 0.017222704197293298 0.0019403205239905273 0.00055422552565785133 0.010133473650644799 -0.046623167120220348 -0.045694553476845839 0.053091096091012785 0.0040520072661703902 -0.014028633369373881 -0.022499551135894691 0.0040286378544673674 -0.059306606041824965 -0.0063217335172735508 -0.032145857375652835 -0.0069681573367330572 0.047812486895520034 -0.00062672181606722032 -0.0063478792846495356 -0.09738337346984019 -0.00014203093530049042 0.01145559760211402 3.8451267628143864e-05 -0.0055948665986029463 -0.055195241078253236
leaf_weight=461 20995 2055 1471 20404 225 94 4959 2700 186 364 52 140 54 486 725 62 10306 68 54 72 52 97 144 151 72 196233 168 611 235 105
leaf_count=461 20995 2055 1471 20404 225 94 4959 2700 186 364 52 140 54 486 725 62 10306 68 54 72 52 97 144 151 72 196233 168 611 235 105
internal_value=2.12473e-05 0.000184142 -0.000124881 0.000349034 0.00091229 -0.00221003 0.001024 0.000425828 0.00156632 0.000265781 -0.00193277 6.91104e-06 -0.00298969 9.44769e-05 -0.00100156 0.000207181 0.000379966 -0.0006691 -0.00491379 -0.00196361 -0.000485657 -0.00207364 -0.00323389 -0.00481818 -0.00830645 -1.26631e-05 0.000245094 0.000213251 -0.001204 -0.00338235
internal_weight=263801 45454 15815 29639 9235 319 8916 3957 1063 602 238 2894 194 13760 1283 12477 10422 2055 116 797 1987 516 419 275 124 218347 22114 21946 951 340
internal_count=263801 45454 15815 29639 9235 319 8916 3957 1063 602 238 2894 194 13760 1283 12477 10422 2055 116 797 1987 516 419 275 124 218347 22114 21946 951 340
is_linear=0
shrinkage=0.05


Tree=190
num_leaves=31
num_cat=0
split_feature=13 13 6 16 3 8 12 22 29 29 10 12 16 18 0 24 7 11 11 1 12 16 1 3 19 20 29 11 1 23
split_gain=0.459579 0.726079 0.982504 0.772872 1.85193 0.81065 1.06629 1.27879 0.793189 0.721617 0.719114 0.693837 0.769194 1.24325 0.916817 0.797802 0.781284 0.776168 1.40643 1.08192 0.958518 1.32011 0.869722 1.31635 1.07193 1.16691 1.05145 1.04706 1.64118 0.899964
threshold=1.1448061853686926 0.28419627766652306 0.25148989721400256 1.0931450062474395 -0.57792416978614225 0.65144921996469596 0.21303139162110718 25.500000000000004 -0.42083534739551903 0.20559250476795057 0.18333333333333338 0.23802826117789441 0.76300146849490524 46.090845381258767 4.6500701778329185 24.500000000000004 0.52874694714470971 0.27552512511255617 0.25958238676722406 121.00000000000001 0.18931679799952691 0.28830299150309513 201.00000000000003 0.004111449187599845 15.998819282565686 0.17068058628139238 0.41060245380955612 0.13336558209689992 229.00000000000003 4.5000000000000009
decision_type=2 2 2 2 2 2 2 2 2 2 2 2 2 2 2 2 2 2 2 2 2 2 2 2 2 2 2 2 2 2
left_child=1 -1 3 5 8 10 -7 9 -5 -8 -3 12 13 16 -15 -16 17 18 22 -20 21 -21 -4 -24 25 27 -26 -25 29 -29
right_child=-2 2 11 4 -6 6 7 -9 -10 -11 -12 -13 -14 14 15 -17 -18 -19 19 20 -22 -23 23 24 26 -27 -28 28 -30 -31
leaf_value=0.00025730219680311503 0.00094666826208337725 0.0039748101327379331 -0.0017434460967583878 -0.022149959389250413 0.010714319691270865 0.001012837683967941 -0.017986471609973971 -0.022183653774583409 -0.070255949598166251 0.0037992882649130633 0.0024700397079928417 -0.00020076752858661837 -0.00026997262855686188 -0.055355030239774894 -0.019144661867643686 0.016976321355889057 0.00055434866470924324 -0.00095471161264964815 -0.019786198454276857 -0.018451372356013816 0.0070546007435101435 -0.0027864958171673797 0.0072843171181406043 0.0013429212273493372 -0.017054595323715206 -0.022367219750222933 -0.032587198926381143 -0.0090147268661847808 -0.00095911087797748195 -0.020368298947108975
leaf_weight=147824 34025 1440 3280 97 130 689 95 61 50 92 2718 52624 10163 158 140 52 3109 5316 79 65 77 72 136 449 293 70 73 175 406 67
leaf_count=147824 34025 1440 3280 97 130 689 95 61 50 92 2718 52624 10163 158 140 52 3109 5316 79 65 77 72 136 449 293 70 73 175 406 67
internal_value=2.31987e-05 -2.17373e-06 -0.000121325 0.00053239 -0.00203971 0.000672228 -0.00065635 -0.00346774 -0.00588435 -0.00141711 0.000971621 -0.000167048 -0.000388751 -0.000628879 -0.00357143 -0.00125 -0.000553523 -0.000758666 -0.00119039 -0.00455631 -0.00271028 -0.00521898 -0.000991109 -0.00192031 -0.00233855 -0.00159811 -0.00469945 -0.00119872 -0.00248457 -0.0057438
internal_weight=264025 230000 82176 5372 277 5095 937 248 147 187 4158 76804 24180 14017 350 192 13667 10558 5242 293 214 137 4949 1669 1533 1167 366 1097 648 242
internal_count=264025 230000 82176 5372 277 5095 937 248 147 187 4158 76804 24180 14017 350 192 13667 10558 5242 293 214 137 4949 1669 1533 1167 366 1097 648 242
is_linear=0
shrinkage=0.05


Tree=191
num_leaves=31
num_cat=0
split_feature=3 29 7 3 19 22 12 9 0 20 1 13 18 13 1 18 22 3 18 18 22 19 16 9 24 1 0 4 20 5
split_gain=0.598005 0.946277 1.03274 0.774199 1.19328 1.83598 1.11619 1.27518 1.08 1.07968 0.889568 1.9238 1.07002 1.10912 1.05502 1.05115 1.21783 0.931762 1.0531 1.58189 0.883741 1.09857 1.00665 0.929218 0.865158 0.872738 0.854172 1.87202 1.17311 1.38233
threshold=0.070466364595715661 -0.24287231038323245 0.77565501858382757 -0.010576910221086764 15.071264023221252 11.500000000000002 0.96842403299198943 0.52461636797493183 5.6367995858928763 0.072956092293644151 301.00000000000006 0.032962577965557856 13.711901041093762 0.40484824922999385 257.00000000000006 14.885862422225669 7.5000000000000009 -1.3256241699700331 11.878326864882235 8.5080550058377042 16.500000000000004 12.990775911019623 0.10005125521430312 0.43637524283445145 8.5000000000000018 189.00000000000003 4.8459066944144054 -0.4931170701548131 0.84247624802388754 0.6164047284810853
decision_type=2 2 2 2 2 2 2 2 2 2 2 2 2 2 2 2 2 2 2 2 2 2 2 2 2 2 2 2 2 2
left_child=3 2 -2 10 20 -6 8 9 24 -8 14 -12 -13 -14 26 17 -17 18 19 -16 22 -22 23 -5 25 -7 28 -28 29 -1
right_child=1 -3 -4 4 5 6 7 -9 -10 -11 11 12 13 -15 15 16 -18 -19 -20 -21 21 -23 -24 -25 -26 -27 27 -29 -30 -31
leaf_value=0.0032383973310491257 0.0017299845005644958 8.8727348559284469e-05 -0.025124157715576578 0.0039134425745906186 -0.0093352408943514573 -0.0055038181858841828 -0.017946196991741128 -0.0070472624909986171 0.011778618775276448 -0.0063455817475699854 -0.0032822707790391829 0.0081828775656691763 -0.036867839280800917 0.0041994434009442576 -0.0065709406312458619 -0.0059721139679937089 0.0038960248714151853 0.0059566098160386462 0.029014658112900066 -0.045200502729919878 -0.0017996439295424459 0.0031082481990852284 0.00086664287572080353 -0.0036197691646505936 0.00019829532309769348 -0.022670517103152675 0.0073622427043317715 1.0572416957369157e-05 -0.0046658771338005311 -0.0012985014054414769
leaf_weight=3535 13330 73101 85 220 2712 816 60 427 705 62 61 108 124 68 151 4197 5451 5435 123 76 12163 1453 11827 1983 2901 117 6201 52141 10378 54191
leaf_count=3535 13330 73101 85 220 2712 816 60 427 705 62 61 108 124 68 151 4197 5451 5435 123 76 12163 1453 11827 1983 2901 117 6201 52141 10378 54191
internal_value=3.80361e-08 0.000107842 0.00049385 -5.24519e-05 -0.000261524 -0.000807692 -0.000247641 -0.00237705 9.91426e-06 -0.00688525 -3.51332e-07 -0.00247922 -0.000833333 -0.00307292 5.95597e-06 0.000396229 7.67e-05 0.000929127 -0.00157143 -0.00359031 -0.000107429 -0.000394389 0.000171062 -0.000810259 -0.000320814 -0.00164523 -4.16777e-05 9.87284e-05 -0.000161958 -7.39699e-05
internal_weight=264202 86516 13415 177686 35446 7800 5088 549 4539 122 142240 361 300 192 141879 15433 9648 5785 350 227 27646 13616 14030 2203 3834 933 126446 58342 68104 57726
internal_count=264202 86516 13415 177686 35446 7800 5088 549 4539 122 142240 361 300 192 141879 15433 9648 5785 350 227 27646 13616 14030 2203 3834 933 126446 58342 68104 57726
is_linear=0
shrinkage=0.05


Tree=192
num_leaves=31
num_cat=0
split_feature=5 2 7 1 24 7 29 0 15 24 15 13 12 0 22 24 27 17 0 1 29 23 29 0 13 5 13 28 24 29
split_gain=0.608707 1.13797 1.28932 1.20286 1.3254 1.53486 1.09969 1.09927 0.787183 1.19143 0.783466 0.977043 0.772098 0.766145 0.762804 0.719146 0.700887 0.938137 1.12618 1.17393 1.25641 0.843291 0.81571 0.919174 0.794926 0.892583 1.24572 0.934496 0.724176 1.44621
threshold=0.74013595427780354 0.18012015220412725 0.35658089066427145 161.00000000000003 4.5000000000000009 0.32427319812269101 -1.409456967099425 5.0258752632043366 9.5000000000000018 16.500000000000004 3.5000000000000004 0.35356199908809477 4.4595888404849635 5.2581167805262305 28.500000000000004 25.500000000000004 2.5000000000000004 7.5000000000000009 4.5860089852518895 149.00000000000003 -0.13373295985531666 1.5000000000000002 -1.1894795493740016 4.5486059994538381 1.3291452827411223 1.1674336495483042 1.1119986890868603 13.500000000000002 1.5000000000000002 -0.027833274582046184
decision_type=2 2 2 2 2 2 2 2 2 2 2 2 2 2 2 2 2 2 2 2 2 2 2 2 2 2 2 2 2 2
left_child=6 10 3 -3 5 -5 7 -1 14 -10 -2 -12 16 -4 -6 -11 21 18 19 20 -18 -13 -19 28 25 27 -27 -21 -24 -30
right_child=1 2 13 4 8 -7 -8 -9 9 15 11 12 -14 -15 -16 -17 17 22 -20 24 -22 -23 23 -25 -26 26 -28 -29 29 -31
leaf_value=0.0033592178043728941 0.0011889958166662017 0.0032412407690894079 0.0014377953942347446 -7.6553442131013249e-05 0.0030452832080021751 -0.044340126522984212 -0.00019559075747746402 0.024099302073635444 0.004089401064357308 -0.021734256230249945 0.00034482533945214005 0.0087361529693827707 -0.031719810941635104 0.0056207546948199823 -0.0041043901387613716 -0.0041033616270889214 0.0207251506699681 0.025841879942666152 -0.0045368894976939153 0.071409601445499765 -0.042773769622926096 -0.00060585685430992022 0.012134594640532795 0.0072418616224700257 -0.0064949341595642307 -0.058435075008542503 -0.062825519214280354 -0.042456873634265098 -0.0031082577980848839 -0.052375041443112169
leaf_weight=978 62038 940 2857 50 386 52 122162 323 108 99 52899 452 179 3759 73 71 156 339 10684 61 52 1233 123 993 248 428 52 70 1386 74
leaf_count=978 62038 940 2857 50 386 52 122162 323 108 99 52899 452 179 3759 73 71 156 339 10684 61 52 1233 123 993 248 428 52 70 1386 74
internal_value=2.2311e-05 9.37354e-05 0.00065813 -0.000536818 -0.00191299 -0.0072549 -5.86004e-05 0.00138739 -0.00117368 -0.00327338 5.76953e-05 -5.76846e-05 -0.000393224 0.000979444 9.80394e-05 -0.00588235 -0.00035747 -0.00046843 -0.000667603 -0.00221649 0.00115385 0.000608309 0.000334477 3.10561e-05 -0.0030326 -0.00400164 -0.005 -0.000343511 -0.000716993 -0.0010274
internal_weight=263325 139862 8395 1779 839 102 123463 1301 737 278 131467 69429 16530 6616 459 170 16351 14666 11751 1067 208 1685 2915 2576 859 611 480 131 1583 1460
internal_count=263325 139862 8395 1779 839 102 123463 1301 737 278 131467 69429 16530 6616 459 170 16351 14666 11751 1067 208 1685 2915 2576 859 611 480 131 1583 1460
is_linear=0
shrinkage=0.05


Tree=193
num_leaves=31
num_cat=0
split_feature=6 18 22 0 21 11 29 11 5 21 11 19 5 28 22 17 7 18 3 18 23 10 29 29 6 23 18 24 5 27
split_gain=0.501291 0.928732 0.883814 0.69788 0.715071 0.6065 0.88465 0.695142 0.633789 0.432367 0.609303 0.539444 0.415233 0.479098 0.6267 0.467475 0.401573 0.543728 0.454634 0.660072 0.611657 0.38694 1.16438 1.29788 1.5248 1.96748 1.0256 1.00574 1.21744 1.00569
threshold=2.487574712025947 59.307370038592801 22.500000000000004 4.811192744896907 33.500000000000007 0.57687031218492468 -2.8294749043545768 0.28450814108725403 2.3902029425572091 35.500000000000007 0.28161215106637122 31.550804026682815 1.8955486089219573 24.500000000000004 2.5000000000000004 5.5000000000000009 1.3643067907702577 29.679186642393145 -1.2191137675399151 24.736621419192343 2.5000000000000004 0.15000000000000002 0.069507765043610711 3.3334073898702967 0.063193627739669814 1.5000000000000002 35.316506877593163 10.500000000000002 0.59119116799249061 7.5000000000000009
decision_type=2 2 2 2 2 2 2 2 2 2 2 2 2 2 2 2 2 2 2 2 2 2 2 2 2 2 2 2 2 2
left_child=21 2 9 4 5 7 -7 8 -4 12 -11 -12 -2 14 -14 16 18 -18 -16 -20 -21 -1 -23 24 25 -24 -26 -25 -29 -27
right_child=1 -3 3 -5 -6 6 -8 -9 -10 10 11 -13 13 -15 15 -17 17 -19 19 20 -22 22 23 27 26 29 -28 28 -30 -31
leaf_value=0.00031096316281865134 0.028109774773870295 -0.085828880657385018 -0.041318371124009871 0.02631807912529581 -0.064971490025626119 -0.22499860462855234 0.010109826011194945 -0.058090426206095551 0.088666333287460708 0.047879636412699669 -0.040578343936929849 0.02132179697157641 -0.017526228453480515 0.045457850328991904 0.030420215306294886 0.035363295857295245 -0.024349095215482574 0.005008020064140719 0.016310259182401501 -0.040735439922417918 0.0095302164639425955 0.0002009849236479019 -0.13223694321473375 -0.00017650622222784647 -0.00093913028698835879 0.001501961253391108 -0.081930483782470212 -0.009397402614275463 0.0072447144286528755 -0.11470474123197386
leaf_weight=60465 554 56 99 134 80 51 396 50 54 51 78 88 84 97 216 238 133 123 252 63 78 154856 80 6366 35566 167 318 135 2524 63
leaf_count=60465 554 56 99 134 80 51 396 50 54 51 78 88 84 97 216 238 133 123 252 63 78 154856 80 6366 35566 167 318 135 2524 63
internal_value=1.85001e-05 0.000663866 0.000786228 -0.000555555 -0.00116438 -0.000615384 0.00041387 -0.00288177 -0.00120915 0.00135037 -0.000760368 -0.00222892 0.00159956 0.00110592 0.000829823 0.00114687 0.000606937 -0.00105469 0.00130542 0.000292621 -0.00244681 1.11309e-05 -2.23664e-05 -0.000245582 -0.000379344 -0.00387097 -0.00034918 0.000290859 0.00110756 -0.00152174
internal_weight=263515 2975 2919 864 730 650 447 203 153 2055 217 166 1838 1284 1187 1103 865 256 609 393 141 260540 200075 45219 36194 310 35884 9025 2659 230
internal_count=263515 2975 2919 864 730 650 447 203 153 2055 217 166 1838 1284 1187 1103 865 256 609 393 141 260540 200075 45219 36194 310 35884 9025 2659 230
is_linear=0
shrinkage=0.05


end of trees

feature_importances:
Column_24=628
Column_0=609
Column_29=441
Column_18=333
Column_27=270
Column_1=265
Column_23=255
Column_22=249
Column_4=236
Column_5=213
Column_28=189
Column_19=185
Column_17=177
Column_21=173
Column_6=155
Column_3=150
Column_7=131
Column_16=127
Column_14=114
Column_2=111
Column_20=110
Column_12=108
Column_11=106
Column_13=105
Column_15=103
Column_26=94
Column_9=74
Column_8=54
Column_10=49
Column_25=6

parameters:
[boosting: gbdt]
[objective: quantile]
[metric: quantile]
[tree_learner: serial]
[device_type: cpu]
[data_sample_strategy: bagging]
[data: ]
[valid: ]
[num_iterations: 2000]
[learning_rate: 0.05]
[num_leaves: 31]
[num_threads: 2]
[seed: 20261003]
[deterministic: 0]
[force_col_wise: 0]
[force_row_wise: 0]
[histogram_pool_size: -1]
[max_depth: -1]
[min_data_in_leaf: 50]
[min_sum_hessian_in_leaf: 0.001]
[bagging_fraction: 0.8]
[pos_bagging_fraction: 1]
[neg_bagging_fraction: 1]
[bagging_freq: 1]
[bagging_seed: 27986]
[bagging_by_query: 0]
[feature_fraction: 0.8]
[feature_fraction_bynode: 1]
[feature_fraction_seed: 26999]
[extra_trees: 0]
[extra_seed: 5963]
[early_stopping_round: 0]
[early_stopping_min_delta: 0]
[first_metric_only: 0]
[max_delta_step: 0]
[lambda_l1: 0]
[lambda_l2: 0]
[linear_lambda: 0]
[min_gain_to_split: 0]
[drop_rate: 0.1]
[max_drop: 50]
[skip_drop: 0.5]
[xgboost_dart_mode: 0]
[uniform_drop: 0]
[drop_seed: 30954]
[top_rate: 0.2]
[other_rate: 0.1]
[min_data_per_group: 100]
[max_cat_threshold: 32]
[cat_l2: 10]
[cat_smooth: 10]
[max_cat_to_onehot: 4]
[top_k: 20]
[monotone_constraints: ]
[monotone_constraints_method: basic]
[monotone_penalty: 0]
[feature_contri: ]
[forcedsplits_filename: ]
[refit_decay_rate: 0.9]
[cegb_tradeoff: 1]
[cegb_penalty_split: 0]
[cegb_penalty_feature_lazy: ]
[cegb_penalty_feature_coupled: ]
[path_smooth: 0]
[interaction_constraints: ]
[verbosity: -1]
[saved_feature_importance_type: 0]
[use_quantized_grad: 0]
[num_grad_quant_bins: 4]
[quant_train_renew_leaf: 0]
[stochastic_rounding: 1]
[linear_tree: 0]
[max_bin: 255]
[max_bin_by_feature: ]
[min_data_in_bin: 3]
[bin_construct_sample_cnt: 200000]
[data_random_seed: 5357]
[is_enable_sparse: 1]
[enable_bundle: 1]
[use_missing: 1]
[zero_as_missing: 0]
[feature_pre_filter: 1]
[pre_partition: 0]
[two_round: 0]
[header: 0]
[label_column: ]
[weight_column: ]
[group_column: ]
[ignore_column: ]
[categorical_feature: ]
[forcedbins_filename: ]
[precise_float_parser: 0]
[parser_config_file: ]
[objective_seed: 10432]
[num_class: 1]
[is_unbalance: 0]
[scale_pos_weight: 1]
[sigmoid: 1]
[boost_from_average: 1]
[reg_sqrt: 0]
[alpha: 0.1]
[fair_c: 1]
[poisson_max_delta_step: 0.7]
[tweedie_variance_power: 1.5]
[lambdarank_truncation_level: 30]
[lambdarank_norm: 1]
[label_gain: ]
[lambdarank_position_bias_regularization: 0]
[eval_at: ]
[multi_error_top_k: 1]
[auc_mu_weights: ]
[num_machines: 1]
[local_listen_port: 12400]
[time_out: 120]
[machine_list_filename: ]
[machines: ]
[gpu_platform_id: -1]
[gpu_device_id: -1]
[gpu_use_dp: 0]
[num_gpu: 1]

end of parameters

pandas_categorical:null
