tree
version=v4
num_class=1
num_tree_per_iteration=1
label_index=0
max_feature_idx=29
objective=quantile
feature_names=Column_0 Column_1 Column_2 Column_3 Column_4 Column_5 Column_6 Column_7 Column_8 Column_9 Column_10 Column_11 Column_12 Column_13 Column_14 Column_15 Column_16 Column_17 Column_18 Column_19 Column_20 Column_21 Column_22 Column_23 Column_24 Column_25 Column_26 Column_27 Column_28 Column_29
feature_infos=[3.9174506576656842:5.7304380851602943] [91:303] [-4.6209391964739197:6.6781130040119603] [-2.1127544688413775:1.5582263676027908] [-1:0.52312758639412116] [0:9.9154440984925625] [0:4.6209391964739197] [0:2.1127544688413775] [0:6.9893036836044731] [0:1.8567014585212964] [0:1] [0:18.514290500025005] [0:17.943278717702203] [0:23.11690120620333] [0:20.81224925580868] [0:30] [0:17.427804678541769] [2:10] [0:159.85415496415965] [0:60] [0:1.4142135623730956] [1:60] [1:35] [0:6] [1:31] [0:1] [0:1] [0:93] [0:60] [-11.626780786704765:33.114547490360394]
tree_sizes=2857 2975 2949 2966 2986 2966 2975 2973 2990 2992 2967 2966 3006 2994 2972 2982 3016 2992 2963 2981 2969 2965 2985 2933 2938 2955 3016 2998 2988 2986 2984 3004 3010 2977 3024 3037 3038 3052 3022 3033 3059 3055 3041 3048 3051 3026 3049 3048 3040 3055 3029 3042 3064 3082 3074 3072 3065 3094 3046 3048 3070 3069 3093 3096 3102 3062 3097 3091 3077 3036 3082 3079 3088 3091 3081 3061 3085 3076 3091 3099 3081 3073 3096 3088 3085 3047 3111 3065 3102 3102 3094 3092 3100 3084 3065 3061 3065 3080 3069 3061 3092 3042 3069 3086 3054 3071 3071 3076 3050 3076 3052 3056 3011 3058 3044 2990 3032 3063 3036 3017 3060 3053 3065 3019 3021 3012 3098 3071 3027 3042 2981 3038 3069 3008 3073 3041 3027 3067 3010 3045 3072 3003 3030 3083 3011 3015 3014 2939 3039 3001 3023 2959 3042

Tree=0
num_leaves=31
num_cat=0
split_feature=10 0 4 4 1 0 2 0 0 23 23 1 23 29 0 3 29 23 3 18 10 22 17 18 14 23 17 4 29 6
split_gain=12215.9 1058.13 111.72 25.0936 14.6934 14.5432 11.9023 7.5328 6.37669 4.45231 11.9951 5.9953 5.1609 4.46606 4.38658 4.09837 3.78921 3.77856 3.76173 3.68068 3.62056 3.42044 3.35504 3.32448 3.31324 3.31248 4.91204 3.72322 3.64563 3.33118
threshold=0.51666666666666672 5.446138084545372 0.14963942630347724 0.31899956226790821 197.00000000000003 5.5389049343477952 0.15394392585434327 5.2378129105385556 5.2661901970245042 1.5000000000000002 2.5000000000000004 249.00000000000003 3.5000000000000004 -0.35512439264318191 5.6015078027592979 0.28715235809240869 0.36306981479561701 4.5000000000000009 0.19396281470544016 4.1222135776842395 0.35000000000000003 29.500000000000004 4.5000000000000009 3.8417261996202465 0.96982378087972942 5.5000000000000009 4.5000000000000009 0.10033332971889777 -0.18677238458279286 0.51837127012264927
decision_type=2 2 2 2 2 2 2 2 2 2 2 2 2 2 2 2 2 2 2 2 2 2 2 2 2 2 2 2 2 2
left_child=1 3 6 4 8 15 9 16 -1 13 11 18 -12 -3 -8 24 20 22 -11 -7 21 -6 -14 -24 -4 28 27 -27 -19 -28
right_child=-2 2 5 -5 7 19 14 -9 -10 10 12 -13 17 -15 -16 -17 -18 25 -20 -21 -22 -23 23 -25 -26 26 29 -29 -30 -31
leaf_value=0.31694664471797884 0.28937936904792394 0.32023105319975953 0.33590590318320074 0.34417099164453441 0.31975092430031926 0.33172436932208899 0.33146965083520996 0.31647247983453608 0.31412365724598601 0.31935118531120243 0.32693972317813652 0.29049487583014633 0.32547212906859907 0.32581155914017829 0.32567850698281831 0.33856425747365099 0.31788967468025503 0.32820017846031108 0.32911008656250901 0.33052105926883507 0.3225573837360633 0.31777951895279805 0.32080399142008353 0.32302970499797323 0.33831553389190427 0.31843885818218232 0.32901698350309444 0.32438240509026456 0.32456257913639208 0.32486565930777045
leaf_weight=28815 143431 322 1523 516 12758 16890 1561 9950 7729 1119 1328 99 550 2359 4180 19446 863 410 120 3334 318 1419 767 53 1370 434 359 76 957 389
leaf_count=28815 143431 322 1523 516 12758 16890 1561 9950 7729 1119 1328 99 550 2359 4180 19446 863 410 120 3334 318 1419 767 53 1370 434 359 76 957 389
internal_value=0.307975 0.319746 0.324629 0.315232 0.31514 0.325939 0.320931 0.316066 0.314499 0.31983 0.319138 0.314906 0.320201 0.321551 0.322723 0.326819 0.316761 0.319304 0.315852 0.324968 0.316952 0.316834 0.317175 0.315149 0.325063 0.320415 0.318563 0.314779 0.322119 0.321143
internal_weight=263445 120014 57646 62368 61852 42563 15083 25308 36544 9342 6661 1338 5323 2681 5741 22339 15358 3995 1239 20224 14495 14177 1370 820 2893 2625 1258 510 1367 748
internal_count=263445 120014 57646 62368 61852 42563 15083 25308 36544 9342 6661 1338 5323 2681 5741 22339 15358 3995 1239 20224 14495 14177 1370 820 2893 2625 1258 510 1367 748
is_linear=0
shrinkage=1


Tree=1
num_leaves=31
num_cat=0
split_feature=10 3 5 7 12 17 1 1 3 18 5 29 1 23 3 17 18 18 3 10 10 29 12 24 11 9 5 29 18 24
split_gain=11609.5 877.643 67.4231 30.0143 15.3449 9.52653 9.08935 7.58614 7.56659 6.90033 6.66123 5.66695 4.94935 5.57384 4.56085 4.53813 5.10707 4.48573 4.71466 4.28075 4.27347 4.26448 3.88786 3.85371 3.64974 3.6051 3.54182 4.35018 3.52503 4.03356
threshold=0.51666666666666672 0.24756238712469233 0.69371795988285478 0.34785851542352236 0.19699760467106173 4.5000000000000009 157.00000000000003 193.00000000000003 0.094987420286011301 7.1352487120704451 0.43917992428904429 0.44442789356771872 221.00000000000003 1.5000000000000002 0.28140590075069744 4.5000000000000009 1.9076461104355007 1.9076461104355007 0.17366963873331212 0.083333333333333356 0.35000000000000003 -0.11317512005879747 0.45377814639633424 6.5000000000000009 0.21077802830010656 0.57620258869117613 0.82883137921812422 0.29886960067755736 6.5952997166681353 23.500000000000004
decision_type=2 2 2 2 2 2 2 2 2 2 2 2 2 2 2 2 2 2 2 2 2 2 2 2 2 2 2 2 2 2
left_child=1 2 3 6 8 22 17 11 26 12 -8 15 13 -3 -11 -5 -17 -1 -19 -15 28 -14 -6 -21 -18 -23 27 -4 29 -9
right_child=-2 9 4 7 5 -7 10 20 -10 14 -12 -13 21 19 -16 16 24 18 -20 23 -22 25 -24 -25 -26 -27 -28 -29 -30 -31
leaf_value=0.021908650840968789 -0.017736107932848938 0.023217946933505363 0.014043511112400023 0.0079575115384910682 0.008715109854388876 0.015939900828479518 0.0077048035880582294 0.010609854466306976 0.020469262749874133 0.007473650333589113 0.019629484780175344 0.011886957643446711 0.022001352736254375 0.024038695951355576 0.01968295580252348 0.013238192961238654 0.012725251500281554 0.015293214573275758 0.020266529986759551 0.025523823531316603 0.013910259984757093 0.028944504959266648 0.012712695088313578 0.02565304230854772 0.0076658622509977632 0.027711676091192239 0.01776427160817531 0.011141130938035107 0.0073203259118260582 0.0093134442117153455
leaf_weight=638 142953 8019 2880 26736 2553 3019 648 15323 2162 149 1069 1643 1048 5606 418 969 873 367 730 2821 315 966 2929 11443 2466 11021 2735 780 1929 7955
leaf_count=638 142953 8019 2880 26736 2553 3019 648 15323 2162 149 1069 1643 1048 5606 418 969 873 367 730 2821 315 966 2929 11443 2466 11021 2735 780 1929 7955
internal_value=-0.000253948 0.0111983 0.00809665 0.007327 0.0108788 0.00937419 0.0118569 0.00705836 0.0123735 0.017083 0.00927781 0.00655398 0.0171589 0.016783 0.0116049 0.00640253 0.00790854 0.0144092 0.0124704 0.017232 0.00770433 0.0179632 0.00813207 0.0176921 0.00698113 0.0182306 0.011509 0.0104918 0.00763201 0.00780222
internal_weight=263163 120210 78719 61661 17058 8501 3452 58209 8557 41491 1717 32687 40924 27889 567 31044 4308 1735 1097 19870 25522 13035 5482 14264 3339 11987 6395 3660 25207 23278
internal_count=263163 120210 78719 61661 17058 8501 3452 58209 8557 41491 1717 32687 40924 27889 567 31044 4308 1735 1097 19870 25522 13035 5482 14264 3339 11987 6395 3660 25207 23278
is_linear=0
shrinkage=0.05


Tree=2
num_leaves=31
num_cat=0
split_feature=10 0 4 4 0 0 2 23 23 7 23 19 22 0 20 7 20 4 29 0 12 4 29 0 21 16 24 8 24 3
split_gain=10979.6 917.31 89.0599 21.1215 17.2622 14.8274 9.99468 5.24963 8.36748 5.33607 4.92494 4.28281 6.8715 4.03971 3.77449 5.29156 3.33789 3.20775 3.02458 2.93884 2.9247 2.8828 3.41943 2.87227 2.8382 3.64885 2.94512 2.81066 2.86212 2.84089
threshold=0.45000000000000007 5.446138084545372 0.14963942630347724 0.31899956226790821 5.5254869140418341 5.2496486618961447 0.13347621831156561 1.5000000000000002 2.5000000000000004 0.30867529335941118 3.5000000000000004 9.037759751253434 16.500000000000004 5.5816893903479796 0.16460665458440185 0.20486529385727628 0.044476717793778327 0.053939843395424299 -0.90936145708900018 5.2793955265773258 0.1599480920448724 0.28723500240346106 0.46942941679837918 5.5155068481256215 2.5000000000000004 1.3912873624235147 30.500000000000004 0.29829172815881583 2.5000000000000004 0.33639739559483589
decision_type=2 2 2 2 2 2 2 2 2 2 2 2 2 2 2 2 2 2 2 2 2 2 2 2 2 2 2 2 2 2
left_child=1 3 6 5 14 11 7 -3 9 -9 -10 12 16 24 21 -16 -1 -13 -8 -7 23 -4 27 -17 -6 26 -26 -23 29 -29
right_child=-2 2 4 -5 13 19 18 8 10 -11 -12 17 -14 -15 15 20 -18 -19 -20 -21 -22 22 -24 -25 25 -27 -28 28 -30 -31
leaf_value=0.012102189815165941 -0.016840312565922621 0.015832576893319256 0.027063309651195251 0.034022645596539169 0.022882515538541329 0.0066553304323461572 0.0087229076229735688 0.019487896686224089 0.016949156094315361 0.010275624265262299 0.015108604518958353 0.0080260317186630434 0.0083750057501418597 0.01878509242135808 0.033807957688442962 0.024608694440141826 0.010077931229349295 0.0093864907804336317 0.017867557034451965 0.0048586599306236202 0.028372389238456128 0.034708913801873888 0.028552571742145649 0.014925014054605735 0.023163099681909036 0.030895947980099672 0.014117622484848337 0.039371014774126092 0.02871628597187267 0.026559436591535968
leaf_weight=1487 143450 2493 932 534 17724 17139 61 73 1290 1179 3770 10350 9388 6281 136 623 8692 10327 6198 4544 859 108 4153 204 2012 105 59 123 8828 530
leaf_count=1487 143450 2493 932 534 17724 17139 61 73 1290 1179 3770 10350 9388 6281 136 623 8692 10327 6198 4544 859 108 4153 204 2012 105 59 123 8828 530
internal_value=-0.000537526 0.0106091 0.015152 0.00640944 0.0163186 0.00632406 0.0118468 0.0107609 0.00999366 0.00633387 0.0108992 0.00689196 0.00742219 0.0155204 0.0175855 0.0154391 0.00832204 0.00639019 0.0133743 0.00527003 0.0146738 0.017852 0.0180345 0.0125514 0.0158693 0.0175735 0.0171125 0.0185536 0.0184622 0.015268
internal_weight=263652 120202 57741 62461 42677 61927 15064 8805 6312 1252 5060 40244 19567 26181 16496 1822 10179 20677 6259 21683 1686 14674 13742 827 19900 2176 2071 9589 9481 653
internal_count=263652 120202 57741 62461 42677 61927 15064 8805 6312 1252 5060 40244 19567 26181 16496 1822 10179 20677 6259 21683 1686 14674 13742 827 19900 2176 2071 9589 9481 653
is_linear=0
shrinkage=0.05


Tree=3
num_leaves=31
num_cat=0
split_feature=10 0 26 4 0 4 0 26 0 1 0 23 26 2 20 4 1 29 18 3 23 9 19 1 6 2 14 23 29 23
split_gain=10420.7 824.569 95.6886 91.4333 16.8042 13.937 11.9503 5.26072 5.1952 5.61948 5.15426 4.53365 4.44985 3.41719 3.3475 3.32944 3.16514 3.46298 3.08106 3.01529 3.00214 3.89838 3.03032 2.96539 3.10305 2.82341 2.75264 2.72586 4.07681 3.19042
threshold=0.7333333333333335 5.446138084545372 1.0000000180025095e-35 0.11942066347086455 5.5539350593281904 0.31899956226790821 5.2538158083088478 1.0000000180025095e-35 5.6492764668392832 165.00000000000003 5.5125765798679067 5.5000000000000009 1.0000000180025095e-35 0.20649810031997073 0.15430027563008591 0.40100311072909972 121.00000000000001 -0.362130390798238 1.1701297279458844 0.020694845740141476 1.5000000000000002 0.63555929982221682 22.949364118069074 125.00000000000001 0.37618197968457612 0.48884615460099545 1.6534172553091813 1.0000000180025095e-35 -0.24287231038323245 2.5000000000000004
decision_type=2 2 2 2 2 2 2 2 2 2 2 2 2 2 2 2 2 2 2 2 2 2 2 2 2 2 2 2 2 2
left_child=1 2 5 8 10 6 16 -6 9 13 14 15 20 -3 -5 -7 -1 -18 -10 -20 21 26 -23 24 -22 -9 -12 28 -11 -29
right_child=-2 3 -4 4 7 11 -8 25 18 27 12 -13 -14 -15 -16 -17 17 -19 19 -21 23 22 -24 -25 -26 -27 -28 29 -30 -31
leaf_value=0.0081443055749363027 -0.016004910800089169 0.01576529483778483 -0.0012499621902992723 0.028862959698504276 0.019146220955068061 0.039126854077492883 0.0062769494135053788 0.014157222992086367 0.015544471241547226 0.0092612156422584961 0.018900410491491014 0.041453970362990339 0.020471172160221457 0.017577110352983257 0.025835331692602156 0.028359229609849268 0.0066272706899772318 0.0094164751517053641 0.0095924941004427895 0.011626788390224387 0.023792894002176324 0.023629960388119924 0.019507659005118607 0.024444704355345667 0.016164010512493023 0.021440492312934063 0.024427926383261168 0.010934160209120603 0.019559588245432635 0.015530257254576291
leaf_weight=6054 143360 4056 4830 9635 15028 109 16823 1123 523 75 1141 64 1265 1871 1690 311 1847 32269 1341 1925 846 2566 468 10614 287 250 171 859 357 1817
leaf_count=6054 143360 4056 4830 9635 15028 109 16823 1123 523 75 1141 64 1265 1871 1690 311 1847 32269 1341 1925 846 2566 468 10614 287 250 171 859 357 1817
internal_value=-0.000778146 0.0100786 0.00608648 0.014374 0.0154336 0.00665449 0.00658274 0.0141571 0.0106488 0.0113005 0.0161636 0.0151033 0.0156222 0.0122035 0.0169934 0.0132143 0.00705128 0.00723825 0.00909475 0.00852419 0.0158466 0.0147239 0.0157086 0.016262 0.0138305 0.0111945 0.0124466 0.00957851 0.0132639 0.00898356
internal_weight=263575 120215 62307 57908 45084 57477 56993 16401 12824 9035 28683 484 17358 5927 11325 420 40170 34116 3789 3266 16093 4346 3034 11747 1133 1373 1312 3108 432 2676
internal_count=263575 120215 62307 57908 45084 57477 56993 16401 12824 9035 28683 484 17358 5927 11325 420 40170 34116 3789 3266 16093 4346 3034 11747 1133 1373 1312 3108 432 2676
is_linear=0
shrinkage=0.05


Tree=4
num_leaves=31
num_cat=0
split_feature=10 7 26 9 9 7 5 5 5 18 18 5 17 19 26 26 9 17 9 7 18 26 29 10 1 19 29 23 23 1
split_gain=9904.21 523.311 70.7843 63.176 59.3235 35.9626 32.8704 17.3822 10.8032 9.37752 7.85702 7.46259 7.21021 5.8575 5.804 5.65778 5.37283 5.14067 5.12493 6.2511 5.95907 5.0802 4.74927 4.36653 4.05597 3.87159 3.75254 5.04629 3.52776 3.39555
threshold=0.51666666666666672 0.3844727184776095 1.0000000180025095e-35 0.65400395528715227 0.55691207746232552 0.30867529335941118 0.76642272296969061 0.66590799433781489 0.55216335243241754 6.9988217678188258 6.1663099423067758 0.57006594080810691 4.5000000000000009 22.369346767636817 1.0000000180025095e-35 1.0000000180025095e-35 0.57816260630434868 6.5000000000000009 0.63072861771374622 0.34151648720900551 3.1206528500156598 1.0000000180025095e-35 0.50996145482694988 0.18333333333333338 181.00000000000003 4.9612530075306447 -0.048647120297597581 1.0000000180025095e-35 1.0000000180025095e-35 149.00000000000003
decision_type=2 2 2 2 2 2 2 2 2 2 2 2 2 2 2 2 2 2 2 2 2 2 2 2 2 2 2 2 2 2
left_child=1 4 3 6 5 15 10 22 -5 12 13 21 18 17 29 -1 -8 24 19 25 -21 -7 -4 -9 -3 -6 -16 -28 -18 -14
right_child=-2 2 7 8 9 11 16 23 -10 -11 -12 -13 14 -15 26 -17 28 -19 -20 20 -22 -23 -24 -25 -26 -27 27 -29 -30 -31
leaf_value=0.018320432821065494 -0.015182416128430659 0.0078826980130083726 -0.0010320238201892683 0.012341249745266132 0.012567353705173643 0.0093711499549794658 0.012167382024808091 0.010434437016523884 0.021188101549855624 0.011996429392394011 0.0062973149857454801 0.015670348315762243 0.020423957503181406 0.014944388902461962 0.011706187127632856 0.013079020862711259 0.018562102978919613 0.015532763231520155 0.021954773587926413 0.021044714772509396 0.0079293856994785503 0.0013645583693065297 0.0096216418378234116 0.002793511656608605 0.0088591982770395046 0.018090582921666615 0.010478439725468514 0.022957179449829626 0.015760693763880555 0.02406346833993531
leaf_weight=4681 143514 24347 3838 833 58 3891 5066 1228 3824 722 4764 1141 4899 490 302 414 390 376 8659 366 559 331 117 547 24937 3814 293 1053 2390 15961
leaf_count=4681 143514 24347 3838 833 58 3891 5066 1228 3824 722 4764 1141 4899 490 302 414 390 376 8659 366 559 331 117 547 24937 3814 293 1053 2390 15961
internal_value=-0.00101988 0.00956215 0.00691457 0.00736802 0.01367 0.0103481 0.00695108 0.00157941 0.0129869 0.014617 0.00651856 0.00749021 0.0147303 0.00670289 0.0152777 0.0133562 0.00997833 0.00664922 0.0138147 0.0125036 0.00881081 0.00652061 -0.000265486 0.00569014 0.00660478 0.0133858 0.0124211 0.0135513 0.0117446 0.0155034
internal_weight=263805 120291 73147 67417 47144 10458 62760 5730 4657 36686 54914 5363 35964 50150 22508 5095 7846 49660 13456 4797 925 4222 3955 1775 49284 3872 1648 1346 2780 20860
internal_count=263805 120291 73147 67417 47144 10458 62760 5730 4657 36686 54914 5363 35964 50150 22508 5095 7846 49660 13456 4797 925 4222 3955 1775 49284 3872 1648 1346 2780 20860
is_linear=0
shrinkage=0.05


Tree=5
num_leaves=31
num_cat=0
split_feature=10 0 4 4 0 0 1 0 0 1 24 3 0 20 17 0 7 9 10 24 0 18 19 24 24 24 1 13 7 24
split_gain=9420.27 690.253 80.4379 15.3159 13.6041 11.5646 7.42863 6.4604 5.42542 3.74226 3.71945 3.39452 3.03815 2.94211 2.89913 2.89671 2.89002 2.90582 2.76727 2.7593 2.72958 2.64077 2.62632 2.5325 2.92874 3.23281 3.41454 2.96453 2.73091 2.62402
threshold=0.51666666666666672 5.446138084545372 0.14338744681066828 0.31899956226790821 5.2353610653920999 5.5716632714668153 197.00000000000003 5.6136670051882271 5.5125765798679067 141.00000000000003 28.500000000000004 0.020694845740141476 5.6561429606821259 0.10378570703635723 6.5000000000000009 5.4636711999144145 0.38190974604662803 0.61450221568337382 0.41666666666666674 2.5000000000000004 5.2581167805262305 1.2139476720512721 26.244045471071626 2.5000000000000004 23.500000000000004 19.500000000000004 205.00000000000003 0.7945753853909544 0.3844727184776095 17.500000000000004
decision_type=2 2 2 2 2 2 2 2 2 2 2 2 2 2 2 2 2 2 2 2 2 2 2 2 2 2 2 2 2 2
left_child=1 3 7 4 6 8 18 -3 13 12 -6 21 19 15 -7 -4 17 -8 -1 -9 -12 -11 23 -10 25 29 -27 -28 -26 -25
right_child=-2 2 5 -5 10 14 16 9 22 11 20 -13 -14 -15 -16 -17 -18 -19 -20 -21 -22 -23 -24 24 28 26 27 -29 -30 -31
leaf_value=0.0073474730542070297 -0.014439293744424726 0.016271497611562484 0.033305104389918468 0.028285300951565465 0.0056970076884105894 0.01574367655059088 0.0065008426831592971 0.016274492654579351 0.018446492798081002 0.012767812161831919 0.0082812004381680963 0.012226483517946937 0.010079692619816262 0.024857112306034043 0.018777853353678944 0.025606690891382983 0.009464366982213597 0.011547251708576362 -0.00096222305088709533 0.01359364093869625 0.005215293433160682 0.0084981774108200802 0.018258809929675355 0.021511176092633796 0.020774055409794875 0.021972721959605049 0.022302384411733128 0.015904907402513192 0.018492215570142651 0.018785861998662241
leaf_weight=14546 143451 5051 567 539 29718 8513 1364 227 1511 450 1605 3398 1124 4813 551 5932 13112 113 159 3083 1472 1307 1627 9117 5270 1545 1126 188 962 1364
leaf_count=14546 143451 5051 567 539 29718 8513 1364 227 1511 450 1605 3398 1124 4813 551 5932 13112 113 159 3083 1472 1307 1627 9117 5270 1545 1126 188 962 1364
internal_value=-0.00123159 0.0090837 0.0130278 0.00544836 0.00537551 0.0141157 0.0061586 0.00982582 0.0145385 0.00906351 0.00467602 0.00814743 0.0101286 0.0154332 0.0125287 0.0161271 0.00695798 0.00486121 0.00536552 0.0108912 0.00633084 0.00636312 0.0140929 0.0142423 0.0143945 0.0148126 0.0163029 0.0144292 0.0134997 0.0144061
internal_weight=263805 120354 57726 62628 62089 43086 29294 14640 34022 9589 32795 5155 4434 11312 9064 6499 14589 1477 14705 3310 3077 1757 22710 21083 19572 13340 2859 1314 6232 10481
internal_count=263805 120354 57726 62628 62089 43086 29294 14640 34022 9589 32795 5155 4434 11312 9064 6499 14589 1477 14705 3310 3077 1757 22710 21083 19572 13340 2859 1314 6232 10481
is_linear=0
shrinkage=0.05


Tree=6
num_leaves=31
num_cat=0
split_feature=10 0 26 0 4 4 0 26 0 6 0 29 20 5 14 18 12 2 19 22 20 29 0 23 9 12 18 4 0 9
split_gain=9005.71 594.131 79.1231 78.5195 15.4314 13.0377 13.351 9.3644 5.78481 4.38125 3.52982 3.26793 3.39767 3.70703 3.14793 3.05301 2.97146 2.75133 2.68031 3.95156 3.69538 2.66952 2.66891 2.66877 2.65092 2.59855 2.58479 2.88481 2.77737 2.51218
threshold=0.7333333333333335 5.446138084545372 1.0000000180025095e-35 5.5816893903479796 0.11577830079605211 0.31899956226790821 5.2353610653920999 1.0000000180025095e-35 5.5179658713565738 0.37081916692340655 5.5436514665010481 -0.32813146147528488 0.15728206021823488 0.51108668665279755 3.0409405647810819 2.6389240956144726 0.043764441002198791 0.40002271503807874 9.037759751253434 17.500000000000004 0.032750867917190625 -0.39839027209403371 5.6492764668392832 5.5000000000000009 0.65568049383236227 1.5124841460464775 7.624087633135276 0.060636400820476825 5.2681306423380407 0.45831439934961665
decision_type=2 2 2 2 2 2 2 2 2 2 2 2 2 2 2 2 2 2 2 2 2 2 2 2 2 2 2 2 2 2
left_child=1 2 5 7 9 6 18 8 11 21 -9 -3 25 -14 -10 -16 -15 -12 19 20 -1 -5 -23 -7 -20 -13 27 -8 -29 -22
right_child=-2 3 -4 4 -6 23 26 10 14 -11 17 12 13 16 15 -17 -18 -19 24 -21 29 22 -24 -25 -26 -27 -28 28 -30 -31
leaf_value=0.013093533415368525 -0.013719163229258969 0.024779737489973822 -0.0017475606455527367 0.010498966210822192 0.014394962064235626 0.027446545428356409 0.0057467937865779998 0.018959371508765935 0.019373831040531385 0.011082490810951907 0.0093510455800593292 0.024667160947996713 0.025125265446387508 0.017391065590911744 0.024245580788270358 0.018832302810885229 0.021555363532870502 0.014609969574964056 0.0078134140622130917 0.0077778478655515437 0.0079973244130153043 0.014938361731809988 0.010864582362433317 0.038220314826197893 0.01070781591781951 0.019530590342768148 0.0032162190267087097 0.0080596698305228868 0.0044303718086376931 0.0097250134318836202
leaf_weight=555 143501 493 4775 413 8354 430 22457 1636 22745 7403 654 10352 372 245 115 54 960 340 13015 6100 1459 2472 1009 59 696 216 1134 5107 1134 5546
leaf_count=555 143501 493 4775 413 8354 430 22457 1636 22745 7403 654 10352 372 245 115 54 960 340 13015 6100 1459 2472 1009 59 696 216 1134 5107 1134 5546
internal_value=-0.00142403 0.00866584 0.00528487 0.0123177 0.00974963 0.00579682 0.00572732 0.0136394 0.0138524 0.00854475 0.0107605 0.0147112 0.0145492 0.0123843 0.0133787 0.0201775 0.0110373 0.00841046 0.00652479 0.0070205 0.00778439 0.00990241 0.0103533 0.0139264 0.00603092 0.0148723 0.00499564 0.00508816 0.0060391 0.00747323
internal_weight=263801 120300 62467 57833 19651 57692 57203 38182 35552 11297 2630 12638 12145 1577 22914 169 1205 994 27371 13660 7560 3894 3481 489 13711 10568 29832 28698 6241 7005
internal_count=263801 120300 62467 57833 19651 57692 57203 38182 35552 11297 2630 12638 12145 1577 22914 169 1205 994 27371 13660 7560 3894 3481 489 13711 10568 29832 28698 6241 7005
is_linear=0
shrinkage=0.05


Tree=7
num_leaves=31
num_cat=0
split_feature=10 0 4 26 0 0 26 4 1 0 0 9 19 18 0 19 1 4 1 3 18 3 4 1 1 14 4 0 23 15
split_gain=8552.69 543.552 78.3561 71.2689 10.6428 10.5799 6.94399 5.84542 5.02244 4.72018 3.8966 4.84093 3.45571 3.11812 3.0888 3.04301 3.06408 2.96562 2.95718 3.25714 2.92036 2.88993 2.88538 4.16981 2.76762 3.3383 2.76754 2.7251 4.85623 2.68574
threshold=0.51666666666666672 5.3011333813679853 0.14338744681066828 1.0000000180025095e-35 5.226358405843377 5.556442008647335 1.0000000180025095e-35 0.044107279634450804 101.00000000000001 5.5226691910697721 5.5888183557842188 0.56397725844297553 23.21291170634921 1.3580602092328122 5.2681306423380407 30.515250648685022 117.00000000000001 0.45325867381061058 197.00000000000003 0.16223955107892893 4.2638340191467892 0.27532809102508149 0.066687580167451521 185.00000000000003 141.00000000000003 0.65782811979354416 0.16435227740156297 5.4636711999144145 5.5000000000000009 2.5000000000000004
decision_type=2 2 2 2 2 2 2 2 2 2 2 2 2 2 2 2 2 2 2 2 2 2 2 2 2 2 2 2 2 2
left_child=1 3 7 4 13 6 15 8 -3 -10 11 -9 14 -1 22 27 -17 -8 -15 -20 -7 -21 -6 -24 25 -12 -22 28 -4 -27
right_child=-2 2 5 -5 12 20 17 10 9 -11 24 -13 -14 18 -16 16 -18 -19 19 21 26 -23 23 -25 -26 29 -28 -29 -30 -31
leaf_value=0.0097067161424973618 -0.013042933665044882 0.013802793317139276 0.028343099546100384 -0.0018378456738950338 0.0061027225322464254 0.015362434543910043 0.016130496099771654 0.013367302101708318 0.0025290916082052611 0.010412862877260395 0.011786448808415284 0.018556739173654468 0.0022757618869710602 0.007621538589847935 0.0046402737560473483 -0.0037845681164045634 0.018261365330631014 0.027991107904196452 0.0093418503731748734 0.0060169867890958037 0.0079260532031225316 0.010671011797192889 0.0089635643355038212 0.0069270994641692941 0.011930995854876246 0.012795450541419135 0.013564580860438664 0.020853214706059661 0.032468634650021318 0.017061114669716288
leaf_weight=1109 143099 981 1217 4764 20614 11806 2013 1051 374 5657 1457 843 814 9135 8029 52 733 51 9122 1430 154 101 1269 5137 2959 1214 1721 25709 213 474
leaf_count=1109 143099 981 1217 4764 20614 11806 2013 1051 374 5657 1457 843 814 9135 8029 52 733 51 9122 1430 154 101 1269 5137 2959 1214 1721 25709 213 474
internal_value=-0.00162767 0.00820462 0.0116474 0.00492101 0.00541402 0.0127186 0.0132443 0.00853098 0.00747718 0.00693749 0.00945486 0.0114361 0.00489139 0.00631095 0.00496619 0.0134512 0.0103822 0.0104457 0.00616636 0.00673238 0.0115664 0.0045983 0.00522206 0.00614892 0.00884011 0.00987281 0.00973333 0.0135399 0.0156643 0.0113863
internal_weight=263302 120203 58679 61524 56760 43669 29988 15010 7012 6031 7998 1894 35863 20897 35049 27924 785 2064 19788 10653 13681 1531 27020 6406 6104 3145 1875 27139 1430 1688
internal_count=263302 120203 58679 61524 56760 43669 29988 15010 7012 6031 7998 1894 35863 20897 35049 27924 785 2064 19788 10653 13681 1531 27020 6406 6104 3145 1875 27139 1430 1688
is_linear=0
shrinkage=0.05


Tree=8
num_leaves=31
num_cat=0
split_feature=21 4 26 13 4 5 17 4 7 5 26 5 7 29 29 11 12 5 1 16 6 1 29 24 12 17 3 1 4 5
split_gain=8157.35 467.682 58.3179 18.6229 15.0399 9.02348 8.10227 8.03264 7.99858 11.5772 7.29963 4.821 4.25842 4.08033 4.27257 3.6534 3.62045 3.19824 3.13748 3.06038 3.04306 2.93735 2.87191 2.95339 2.86873 2.77287 3.37552 2.76751 2.7438 2.71572
threshold=15.000000000000002 0.14338744681066828 1.0000000180025095e-35 0.1772581132431926 0.19106950438603915 0.82076849548864261 4.5000000000000009 0.084212524191725077 0.35658089066427145 0.5776783392435606 1.0000000180025095e-35 0.77255834920795341 0.33023675348286791 -0.19811758492869305 -0.085516350746877828 0.17469436624952303 0.043764441002198791 0.66590799433781489 149.00000000000003 0.43860731532153063 0.16635297516700287 197.00000000000003 0.50996145482694988 24.500000000000004 0.2048732314778238 5.5000000000000009 0.29862804952661659 113.00000000000001 0.40100311072909972 0.84610476625601916
decision_type=2 2 2 2 2 2 2 2 2 2 2 2 2 2 2 2 2 2 2 2 2 2 2 2 2 2 2 2 2 2
left_child=1 2 3 7 8 12 17 11 -3 -10 13 15 -5 28 -15 18 27 22 -1 -14 -8 -13 23 -4 -19 26 -18 -9 -6 -12
right_child=-2 4 6 5 10 -7 20 16 9 -11 29 21 19 14 -16 -17 25 24 -20 -21 -22 -23 -24 -25 -26 -27 -28 -29 -30 -31
leaf_value=0.011669556114898784 -0.01240037933003333 0.014180779329619234 -0.00039909946311702778 0.010833442871730587 0.019049481840856378 0.010920322532903225 0.015072157974688258 0.019486690675922264 0.0044796414663984757 0.014137111294277289 0.015579281541930563 0.012104159278035929 0.0061424772209622783 0.015623135938213373 0.018767331133136125 0.0068593908171377845 0.010136422137693189 0.0075281235894932288 0.0084275406386542778 0.0070399939324825092 0.0048073609971619998 0.0084603198169060419 0.0057003855985238161 -0.0045209003887349275 -0.00012885517186439054 0.014831566069420321 0.015423703045521379 0.012377943444807585 0.021469175227230436 0.0016121946652437693
leaf_weight=1351 143363 2421 2752 1074 2479 1864 88 133 1172 1085 2741 2139 28296 1965 32570 6817 2462 393 1536 21453 1111 690 85 1133 525 828 280 366 509 90
leaf_count=1351 143363 2421 2752 1074 2479 1864 88 133 1172 1085 2741 2139 28296 1965 32570 6817 2462 393 1536 21453 1111 690 85 1133 525 828 280 366 509 90
internal_value=-0.00183155 0.00776294 0.00535436 0.00576657 0.0117945 0.00530643 0.000662067 0.00722684 0.00911073 0.00696943 0.0121056 0.00660018 0.00518112 0.0122903 0.012137 0.00607069 0.00915704 -0.000241407 0.00756148 0.00511387 0.00434529 0.0084164 -0.000856423 -0.00105534 0.0024183 0.00859944 0.0078337 0.0131463 0.0140629 0.00965737
internal_weight=263771 120408 75376 69289 45032 52687 6087 16602 4678 2257 40354 12533 50823 37523 34535 9704 4069 4888 2887 49749 1199 2829 3970 3885 918 3570 2742 499 2988 2831
internal_count=263771 120408 75376 69289 45032 52687 6087 16602 4678 2257 40354 12533 50823 37523 34535 9704 4069 4888 2887 49749 1199 2829 3970 3885 918 3570 2742 499 2988 2831
is_linear=0
shrinkage=0.05


Tree=9
num_leaves=31
num_cat=0
split_feature=10 0 0 26 0 0 3 26 24 19 2 7 26 29 13 19 29 3 18 22 7 3 29 1 19 29 7 15 29 17
split_gain=7835.14 435.376 63.732 60.1046 12.1547 11.8334 11.3806 8.47851 4.62354 4.21399 3.7392 3.40651 3.4951 4.53494 3.62129 3.37687 3.29905 3.2825 3.66869 3.21627 2.96829 2.94869 2.76128 2.94611 2.95347 2.75224 2.74782 2.68277 2.62675 2.61543
threshold=0.48333333333333339 5.446138084545372 5.6089425555744459 1.0000000180025095e-35 5.54593981920228 5.2353610653920999 0.33185174030113479 1.0000000180025095e-35 9.5000000000000018 8.9591621044582315 0.13347621831156561 0.46404645797470184 1.0000000180025095e-35 0.56051074655438726 0.17538470910933926 3.0888116236248222 0.44442789356771872 0.05082464456976981 1.2139476720512721 17.500000000000004 0.62412082942728642 0.13328619953335355 -0.33473756701380636 113.00000000000001 21.0638892258123 0.60199955426817631 0.30316584944301411 14.500000000000002 -0.53032473659995172 3.5000000000000004
decision_type=2 2 2 2 2 2 2 2 2 2 2 2 2 2 2 2 2 2 2 2 2 2 2 2 2 2 2 2 2 2
left_child=1 3 4 5 11 8 16 10 9 19 -6 12 13 22 -15 -10 -7 18 -4 -1 21 -17 -3 -24 26 -8 -25 -19 -5 -16
right_child=-2 2 17 28 7 6 25 -9 15 -11 -12 -13 -14 14 29 20 -18 27 -20 -21 -22 -23 23 24 -26 -27 -28 -29 -30 -31
leaf_value=0.0090554728195067317 -0.011764171993813403 0.01952846819768694 0.011322389529688427 0.0062450215377660321 0.014292397264901131 0.0050674136321755478 0.025661029554514738 0.0093651533242985006 0.010430702464955942 0.0050702684851006048 0.014917556305185431 0.016499150205276123 0.016148478410376279 0.020955207461301223 0.026281088152860333 0.0076819575730736793 0.0074818078397833653 0.010736663597294957 0.0084521582749339172 0.006186208186940466 -0.0010093111015114843 0.0064214945183078548 0.017175761474592301 0.019472010530491971 0.019022914911016972 0.018982072302900093 0.020720180611929595 0.0043634185224006158 -0.0017958138376375056 0.016504199422734688
leaf_weight=2022 143532 845 1057 69 4437 28953 345 1599 732 3874 13606 874 1730 2324 72 15150 936 6580 4502 1817 146 3488 517 7363 3033 95 7442 253 4748 1665
leaf_count=2022 143532 845 1057 69 4437 28953 345 1599 732 3874 13606 874 1730 2324 72 15150 936 6580 4502 1817 146 3488 517 7363 3033 95 7442 253 4748 1665
internal_value=-0.00199468 0.00741856 0.0105409 0.00452024 0.0114066 0.00496925 0.00428995 0.0104689 0.00572588 0.00468949 0.0107781 0.0121187 0.012226 0.0123873 0.0108692 0.00613548 0.00417244 0.00736201 0.0064598 0.00586351 0.00600564 0.00606127 0.0127083 0.0125797 0.0126875 0.0122727 0.0129787 0.00809601 -0.000844924 0.0091422
internal_weight=263806 120274 57899 62375 45507 57558 30329 19642 27229 7713 18043 25865 24991 23261 4061 19516 29889 12392 5559 3839 18784 18638 19200 18355 17838 440 14805 6833 4817 1737
internal_count=263806 120274 57899 62375 45507 57558 30329 19642 27229 7713 18043 25865 24991 23261 4061 19516 29889 12392 5559 3839 18784 18638 19200 18355 17838 440 14805 6833 4817 1737
is_linear=0
shrinkage=0.05


Tree=10
num_leaves=31
num_cat=0
split_feature=8 0 5 0 26 0 4 0 26 0 24 5 23 20 8 23 13 24 1 4 2 0 1 19 22 13 22 18 19 9
split_gain=7119.42 512.662 242.011 52.5136 48.1701 11.1278 11.9199 10.5855 6.35512 4.68611 4.48717 3.73696 3.5312 3.12035 3.83338 3.80386 3.77044 3.11936 3.04192 2.95223 2.86635 3.38781 2.8131 2.78241 2.692 3.12181 4.34558 2.66111 2.6232 4.49369
threshold=1.0000000180025095e-35 5.446138084545372 1.6863658757265843 5.6089425555744459 1.0000000180025095e-35 5.2378129105385556 0.31899956226790821 5.5254869140418341 1.0000000180025095e-35 5.2702521331074044 8.5000000000000018 0.83720797665618663 5.5000000000000009 0.15728206021823488 0.73806520584993207 2.5000000000000004 0.92799832563025675 24.500000000000004 133.00000000000003 0.073064926371091785 0.11704580002797392 5.6492764668392832 169.00000000000003 7.6547932226718034 15.500000000000002 0.088990345642022448 7.5000000000000009 1.582428381686475 8.8781502319934713 0.43921597008403035
decision_type=2 2 2 2 2 2 2 2 2 2 2 2 2 2 2 2 2 2 2 2 2 2 2 2 2 2 2 2 2 2
left_child=-1 2 4 7 5 10 9 13 11 -7 28 -9 -8 15 16 22 24 18 -6 -10 23 -22 -3 -5 25 26 -15 -12 29 -2
right_child=1 3 -4 20 17 6 12 8 19 -11 27 -13 -14 14 -16 -17 -18 -19 -20 -21 21 -23 -24 -25 -26 -27 -28 -29 -30 -31
leaf_value=-0.011194008435373113 0.0011217567726175763 0.018576353313781931 -0.010772238837337064 0.011242086557414871 -0.0024856848610742255 0.0052859236542063823 0.021725905152559323 0.014728696169303463 0.0029820774879908748 0.003422098206253841 0.0088272662784899241 0.01290715986484792 0.0320815988916473 0.0085200217134071589 0.016196584275664071 0.018739865328852905 0.0045338789397511145 -0.00395410969568944 0.0028526848095494594 0.011262292880262667 0.011432645380444912 0.0080890415491745044 0.021232217352074645 0.0083128385428995113 0.01810050612171785 0.022304047110720326 0.019407255803697787 0.0068676210029975388 0.0050009652449515395 0.0074619565465521929
leaf_weight=139987 487 1494 3246 1147 1471 20316 403 24327 137 7811 1962 2196 66 94 875 8495 106 1370 2018 2165 4551 1610 4361 5157 625 371 97 19770 3841 3117
leaf_count=139987 487 1494 3246 1147 1471 20316 403 24327 137 7811 1962 2196 66 94 875 8495 106 1370 2018 2165 4551 1610 4361 5157 625 371 97 19770 3841 3117
internal_value=-0.00216681 0.00657382 0.0035584 0.0100102 0.00424831 0.00465044 0.0039495 0.0108003 0.010222 0.00381768 0.00533742 0.0104408 0.011855 0.0118095 0.0100415 0.0120767 0.0117711 -0.000533031 0.00026082 0.007702 0.00713598 0.00790294 0.0130572 0.00638642 0.0125779 0.015089 0.00989529 0.00570035 0.00427804 0.00524695
internal_weight=263673 123686 65878 57808 62632 57773 28596 45343 28825 28127 29177 26523 469 16518 2168 14350 1293 4859 3489 2302 12465 6161 5855 6304 1187 562 191 21732 7445 3604
internal_count=263673 123686 65878 57808 62632 57773 28596 45343 28825 28127 29177 26523 469 16518 2168 14350 1293 4859 3489 2302 12465 6161 5855 6304 1187 562 191 21732 7445 3604
is_linear=0
shrinkage=0.05


Tree=11
num_leaves=31
num_cat=0
split_feature=10 0 0 26 0 4 0 26 24 1 20 27 20 0 7 0 7 9 19 1 3 21 29 6 3 3 29 29 1 29
split_gain=7162.41 361.193 49.4653 48.57 9.41086 8.48569 10.2215 5.74798 5.26472 5.13102 3.68954 3.32277 3.28452 3.68739 3.6339 3.21553 3.18783 3.13663 2.95608 2.90216 2.84653 2.87972 3.71303 3.06784 3.49345 2.71807 2.65123 2.60848 5.48811 2.52302
threshold=0.51666666666666672 5.446138084545372 5.6015078027592979 1.0000000180025095e-35 5.5436514665010481 0.31899956226790821 5.2482462980402831 1.0000000180025095e-35 8.5000000000000018 137.00000000000003 0.11622971817696483 2.5000000000000004 0.15586354406466932 5.4636711999144145 0.21996113103243328 5.6136670051882271 0.28535749128970644 0.59293146771255567 3.0888116236248222 101.00000000000001 0.11841395446421416 2.5000000000000004 0.18134619278300948 0.29165603177031513 0.38634279193225335 0.24756238712469233 0.6935744829748387 0.18134619278300948 169.00000000000003 -0.12325831839925346
decision_type=2 2 2 2 2 2 2 2 2 2 2 2 2 2 2 2 2 2 2 2 2 2 2 2 2 2 2 2 2 2
left_child=1 3 4 5 12 6 8 10 11 15 20 27 13 26 -14 -4 -7 -8 -10 -12 -6 -22 -23 24 -24 -5 -3 -1 -29 -11
right_child=-2 2 9 25 7 16 17 -9 18 29 19 -13 14 -15 -16 -17 -18 -19 -20 -21 21 22 23 -25 -26 -27 -28 28 -30 -31
leaf_value=0.0047304629873395473 -0.010622858993069587 0.025979073378458912 0.01214788832770212 -0.0017316031962973421 0.012320894542808866 0.017548653186871876 0.00430214802759299 0.0090660037976469047 0.0085286465309245101 0.011115291873641908 0.0090013571514123078 0.0095283394487573284 0.021727055364499773 0.017561043738777076 0.016262268286820657 0.0096638192833198716 0.026175726163196668 0.0021400467778138802 0.0065005337582847052 0.014886027084842461 0.013364627348856434 0.012695524870031408 0.011107226880424046 0.01550157258137189 0.017774118529283969 0.014337892090602622 0.011888849968909966 0.004407489084760235 0.0082768406436459392 0.0082860888450363209
leaf_weight=6827 143424 781 1349 4783 1309 262 19151 1511 979 1928 486 117 346 20818 2705 5003 215 1574 26137 4789 9427 505 241 329 68 75 99 1085 1253 6151
leaf_count=6827 143424 781 1349 4783 1309 262 19151 1511 979 1928 486 117 346 20818 2705 5003 215 1574 26137 4789 9427 505 241 329 68 75 99 1085 1253 6151
internal_value=-0.00233734 0.0066596 0.00950644 0.00402302 0.0103494 0.00442795 0.0043725 0.00950174 0.00487719 0.00697041 0.00976216 0.00384939 0.0109887 0.0112047 0.00945264 0.00803369 0.0110692 0.00348613 0.00522902 0.0108626 0.00927351 0.00954589 0.011916 0.0144514 0.0108738 -0.000778097 0.014375 0.0037425 0.00518392 0.00613442
internal_weight=263727 120303 57845 62458 43414 57600 57123 18665 36398 14431 17154 9282 24749 21698 3051 6352 477 20725 27116 5275 11879 10570 1143 638 309 4858 880 9165 2338 8079
internal_count=263727 120303 57845 62458 43414 57600 57123 18665 36398 14431 17154 9282 24749 21698 3051 6352 477 20725 27116 5275 11879 10570 1143 638 309 4858 880 9165 2338 8079
is_linear=0
shrinkage=0.05


Tree=12
num_leaves=31
num_cat=0
split_feature=10 0 0 26 0 4 26 0 24 29 4 19 0 29 29 29 4 9 3 17 24 4 19 13 3 4 24 24 5 16
split_gain=6887.24 316.278 41.7269 38.8855 8.98783 8.73385 8.7028 5.40008 4.41666 3.76542 3.6648 3.24817 2.86133 3.71458 2.80564 3.8704 4.28661 2.80532 3.78148 2.78489 2.74413 2.7104 2.58496 2.55208 2.51633 2.49561 2.50865 2.49256 2.46497 2.43192
threshold=0.51666666666666672 5.446138084545372 5.6015078027592979 1.0000000180025095e-35 5.2315852847058562 0.31899956226790821 1.0000000180025095e-35 5.5716632714668153 9.5000000000000018 -0.53032473659995172 0.13757764131200065 8.9591621044582315 5.2496486618961447 0.43297772120913963 -0.17608147380662598 -0.085516350746877828 0.39702902392000655 0.65881545841347433 0.19396281470544016 5.5000000000000009 1.5000000000000002 -0.010307319725339775 14.940144764146266 0.35356199908809477 0.50151335931805185 0.13757764131200065 24.500000000000004 23.500000000000004 0.60815907576025086 0.38466096934478172
decision_type=2 2 2 2 2 2 2 2 2 2 2 2 2 2 2 2 2 2 2 2 2 2 2 2 2 2 2 2 2 2
left_child=1 3 6 4 8 12 7 14 11 -5 27 20 19 22 -3 16 28 18 -10 -6 21 -1 -14 -19 -17 26 -11 -4 -16 -15
right_child=-2 2 10 9 5 -7 -8 -9 17 25 -12 -13 13 29 15 24 -18 23 -20 -21 -22 -23 -24 -25 -26 -27 -28 -29 -30 -31
leaf_value=-0.0041825623304582579 -0.010049962929899091 0.016087428424241341 0.0088949227351639275 0.0070494195830726296 0.0052242961108195686 0.021705533544441664 0.011384121228099786 0.011827888049291212 0.0067129134080717596 -0.0001202548091804482 0.0097559166565392222 0.0046319169623921241 0.0040624292911288842 0.0034765483680105169 0.010019010169665771 0.01588174760767791 0.018693887804133155 0.006645556773973548 0.0020289479514888618 -0.0041477961080003426 0.0053136457134487277 0.009986177800706722 0.0027906445851678223 0.012556034359636365 0.016723587124525176 0.0084584516139645013 -0.0036403919002312435 0.0076532056891852095 0.012742097190180358 0.0096706585053315981
leaf_weight=65 143481 2968 8210 75 12597 475 3144 7582 16508 3336 3426 3501 14978 364 587 26995 339 190 710 212 2881 521 4077 314 1370 110 1290 2786 466 299
leaf_count=65 143481 2968 8210 75 12597 475 3144 7582 16508 3336 3426 3501 14978 364 587 26995 339 190 710 212 2881 521 4077 314 1370 110 1290 2786 466 299
internal_value=-0.00248343 0.0063359 0.00899936 0.00386973 0.00422988 0.00369008 0.00977285 0.00997048 0.0049514 -0.000448971 0.00666898 0.0038849 0.00359179 0.00321382 0.010249 0.0101028 0.00752874 0.00537073 0.0052631 0.00417363 0.00496972 0.00808874 0.0030858 0.00904762 0.0102292 -0.000624999 -0.000801988 0.00622408 0.00595442 0.00689291
internal_weight=263857 120376 57873 62503 57692 33002 43451 40307 24690 4811 14422 6968 32527 19718 32725 29757 1392 17722 17218 12809 3467 586 19055 504 28365 4736 4626 10996 1053 663
internal_count=263857 120376 57873 62503 57692 33002 43451 40307 24690 4811 14422 6968 32527 19718 32725 29757 1392 17722 17218 12809 3467 586 19055 504 28365 4736 4626 10996 1053 663
is_linear=0
shrinkage=0.05


Tree=13
num_leaves=31
num_cat=0
split_feature=10 3 26 5 5 26 18 3 3 18 19 3 13 11 12 1 10 5 3 28 18 18 3 1 20 13 17 11 23 27
split_gain=6575.46 253.527 36.6121 16.3429 7.2467 7.19992 5.87323 7.65413 5.00572 7.65081 4.07325 3.81968 3.72741 3.71988 3.57485 3.4122 3.75241 4.25151 3.14548 3.07768 2.68314 2.6806 3.22897 2.51857 2.40151 2.3983 2.48379 2.397 2.35658 2.20799
threshold=0.7333333333333335 0.22397061954145348 1.0000000180025095e-35 0.76642272296969061 0.63143743695242838 1.0000000180025095e-35 4.9207779672608334 0.17366963873331212 0.24756238712469233 3.7973285766212217 14.454743621874018 0.016210950926025557 1.2128846773885218 0.19415250451483484 0.21744812608601999 109.00000000000001 0.11666666666666668 0.49534456093844942 0.34034077118967859 1.5000000000000002 4.8623173323366915 1.7040741207189505 0.0092173358435869851 261.00000000000006 0.032750867917190625 0.78042987312702439 5.5000000000000009 0.0202217690411708 1.5000000000000002 1.5000000000000002
decision_type=2 2 2 2 2 2 2 2 2 2 2 2 2 2 2 2 2 2 2 2 2 2 2 2 2 2 2 2 2 2
left_child=1 2 3 6 -4 8 7 10 9 19 21 -5 -7 -9 -6 25 17 29 28 -3 24 22 -1 -15 -13 -10 -27 -22 -18 -17
right_child=-2 5 4 11 14 12 -8 13 15 -11 -12 20 -14 23 -16 16 18 -19 -20 -21 27 -23 -24 -25 -26 26 -28 -29 -30 -31
leaf_value=0.0050061944430041258 -0.0095899605673195765 0.014279308158862462 -0.0014696799467327059 0.0071543903428199565 0.0057544314993343967 0.010409249799449946 0.0045166168417396617 0.011934221457365262 0.0094445118655205797 0.0045090345574392097 0.0089313437513113877 0.0055338318649640452 0.017256539643035317 0.0098274231100718406 0.0013649890403602876 0.011243534140111318 0.012406475603390038 0.014671298921917693 0.015834471572736871 0.010824352280437124 0.01453416189510291 0.0052639926048662737 0.0075361942034683372 -0.00084453138633459922 0.011702958765568061 0.011647464811646123 0.020470688196366146 0.0050783820776284438 0.013562235553404314 0.015554684986761977
leaf_weight=4659 143314 748 3945 3788 997 3093 13097 1243 2501 783 2209 295 106 960 1104 4814 1927 12848 10429 627 59 35584 3602 136 4081 213 84 490 5304 368
leaf_count=4659 143314 748 3945 3788 997 3093 13097 1243 2501 783 2209 295 106 960 1104 4814 1927 12848 10429 627 59 35584 3602 136 4081 213 84 490 5304 368
internal_value=-0.00265151 0.00597832 0.00423625 0.00455778 0.000502812 0.00900787 0.00427061 0.00452483 0.00918762 0.0068443 0.00438312 0.00658441 0.00672398 0.00731509 0.00287482 0.00931901 0.00945083 0.00894343 0.00996886 0.00909091 0.00750254 0.00427757 0.00508897 0.00519161 0.00791591 0.0076376 0.0118855 0.00420765 0.00916747 0.00773447
internal_weight=263408 120094 76249 70203 6046 43845 61490 48393 40646 2158 46054 8713 3199 2339 2101 38488 35690 18030 17660 1375 4925 43845 8261 1096 4376 2798 297 549 7231 5182
internal_count=263408 120094 76249 70203 6046 43845 61490 48393 40646 2158 46054 8713 3199 2339 2101 38488 35690 18030 17660 1375 4925 43845 8261 1096 4376 2798 297 549 7231 5182
is_linear=0
shrinkage=0.05


Tree=14
num_leaves=31
num_cat=0
split_feature=10 0 0 26 0 4 0 26 23 26 29 24 1 4 9 20 23 9 23 0 24 0 3 29 21 29 23 29 16 24
split_gain=6293.66 266.188 36.5331 34.1853 9.79458 7.08872 8.89107 3.52691 3.8457 3.39142 3.38863 3.12446 2.92669 2.79885 2.65587 2.65206 5.29504 4.11849 3.70797 3.63384 4.58644 3.41769 3.25883 2.9595 2.78177 2.60119 2.50624 2.4974 2.48919 2.45005
threshold=0.51666666666666672 5.446138084545372 5.6136670051882271 1.0000000180025095e-35 5.5484946787729337 0.31899956226790821 5.2496486618961447 1.0000000180025095e-35 1.5000000000000002 1.0000000180025095e-35 -0.34163659229328819 9.5000000000000018 145.00000000000003 0.025351293128581632 0.69007127844079941 0.13935362285303179 2.5000000000000004 0.65060231800007251 3.5000000000000004 5.5099253636219219 2.5000000000000004 5.473950012258177 0.41534953691076298 0.60199955426817631 1.5000000000000002 0.60199955426817631 4.5000000000000009 0.12843151119100638 1.0653631443542781 16.500000000000004
decision_type=2 2 2 2 2 2 2 2 2 2 2 2 2 2 2 2 2 2 2 2 2 2 2 2 2 2 2 2 2 2
left_child=1 3 4 5 9 6 11 -6 27 10 -3 -1 14 -14 -4 16 19 18 -17 -12 -21 22 23 -18 -20 -7 -26 -9 -10 -13
right_child=-2 2 12 -5 7 25 -8 8 28 -11 15 29 13 -15 -16 17 21 -19 24 20 -22 -23 -24 -25 26 -27 -28 -29 -30 -31
leaf_value=0.0044835545330564348 -0.0091039151060242612 0.015051591281921538 0.0081826820995560511 -0.0013707218578077405 0.011128320847890297 0.022073763981406435 0.0033923946810534567 -0.001801029018423727 0.0072353605531423615 0.012037410055861397 0.01956469264312714 0.0061993676472028945 0.004424446720790451 0.0080302222724581221 0.012797214373057732 0.014436866242518534 0.020441827944702177 0.012371078995947839 0.0062242224707488311 0.009118703899776516 0.014656255952065145 0.013857558778716568 0.025254907602055413 0.0025858671874489105 0.020701520339510754 0.011609032118207387 0.0161499681724366 0.0067886717399880132 0.019007979237409281 0.0053919284600805785
leaf_weight=10699 143249 944 5548 4848 18070 387 19659 239 789 1814 3003 7581 2139 3580 55 1188 358 2437 70 374 4715 10685 391 100 281 106 508 417 131 19132
leaf_count=10699 143249 944 5548 4848 18070 387 19659 239 789 1814 3003 7581 2139 3580 55 1188 358 2437 70 374 4715 10685 391 100 281 106 508 417 131 19132
internal_value=-0.00280352 0.00563061 0.00807438 0.00336602 0.00869437 0.00370562 0.00365405 0.00784587 0.00557741 0.0093148 0.00946595 0.00410644 0.00552729 0.0047316 0.00633946 0.00935089 0.00960155 0.00825379 0.00990718 0.0105821 0.00976813 0.00891365 0.011967 0.0091048 0.0124098 0.00967546 0.0132573 0.00265244 0.00766304 0.00439561
internal_weight=263497 120248 57836 62412 46514 57564 57071 19646 1576 26868 25054 37412 11322 5719 5603 24110 19626 4484 2047 8092 5089 11534 849 458 859 493 789 656 920 26713
internal_count=263497 120248 57836 62412 46514 57564 57071 19646 1576 26868 25054 37412 11322 5719 5603 24110 19626 4484 2047 8092 5089 11534 849 458 859 493 789 656 920 26713
is_linear=0
shrinkage=0.05


Tree=15
num_leaves=31
num_cat=0
split_feature=10 0 0 26 0 26 0 3 0 0 29 29 20 5 14 23 23 5 1 29 12 19 2 29 0 20 1 16 23 11
split_gain=6094.16 247.462 32.8232 31.2205 6.83698 6.02243 4.33471 8.27988 4.24428 3.14952 2.86474 2.84335 2.71704 3.61356 4.0109 3.44787 5.43153 2.88441 2.6646 2.46601 2.45952 2.57274 2.40675 2.69429 2.40136 2.41312 3.44832 2.33937 2.33923 3.04578
threshold=0.7333333333333335 5.3011333813679853 5.6089425555744459 1.0000000180025095e-35 5.2353610653920999 1.0000000180025095e-35 5.5389049343477952 0.15678165421857307 5.5039670878674301 5.1752994071594012 -0.34163659229328819 -0.53032473659995172 0.15728206021823488 0.51108668665279755 1.6672419325619703 2.5000000000000004 1.5000000000000002 0.43917992428904429 213.00000000000003 0.44442789356771872 1.0000000180025095e-35 9.3481717326163665 0.16937077112326926 0.139997436859116 5.2702521331074044 0.11283844322565036 293.00000000000006 0.71993101057696374 4.5000000000000009 0.13923118961334396
decision_type=2 2 2 2 2 2 2 2 2 2 2 2 2 2 2 2 2 2 2 2 2 2 2 2 2 2 2 2 2 2
left_child=1 3 5 4 9 6 7 8 -3 19 28 -5 15 14 18 16 17 -12 -14 -1 21 27 -4 -24 25 -6 -27 -11 29 -9
right_child=-2 2 22 11 24 -7 -8 10 -10 20 12 -13 13 -15 -16 -17 -18 -19 -20 -21 -22 -23 23 -25 -26 26 -28 -29 -30 -31
leaf_value=0.0075649799936923084 -0.0086372485240071833 0.0016378257157131891 0.0066193713522693619 0.0064268440140443361 0.0043399082750445591 0.0096110999790055759 0.010915107208960882 0.013844266432958352 0.011812554247961808 0.0073508615945683644 0.0067079394988158354 -0.0015045369940672826 0.014945000629978675 0.012329065578484198 -0.00055162632245565359 0.014547754684149095 0.018831347869194614 0.015058301065083199 0.021329537853963507 0.015837872106664538 0.0048686996226120563 0.0036143254810281512 0.0074402273504081936 0.0090319804624528627 0.0027554933903829789 0.0032296757406632967 0.008975043700149227 0.013163330206418664 0.014332254570062833 0.019471718259997984
leaf_weight=2128 143540 547 7212 70 15556 3438 20878 187 565 755 197 4724 386 1754 60 10488 2524 4588 210 105 23595 660 2678 2517 7415 6550 54 113 290 246
leaf_count=2128 143540 547 7212 70 15556 3438 20878 187 565 755 197 4724 386 1754 60 10488 2524 4588 210 105 23595 660 2678 2517 7415 6550 54 113 290 246
internal_value=-0.00292258 0.0053685 0.0076908 0.00315755 0.00348387 0.00830213 0.00846342 0.00895246 0.0047482 0.00405359 0.00917582 -0.000717563 0.00906518 0.00748963 0.0106555 0.00927853 0.0101122 0.00912226 0.011896 0.00585311 0.00389364 0.0058377 0.00540663 0.00622714 0.00295689 0.00321751 0.00241672 0.00762673 0.0122683 0.0145958
internal_weight=264030 120490 58765 61725 56931 46358 42920 22042 1112 27356 20930 4794 20207 2410 656 17797 7309 4785 596 2233 25123 1528 12407 5195 29575 22160 6604 868 723 433
internal_count=264030 120490 58765 61725 56931 46358 42920 22042 1112 27356 20930 4794 20207 2410 656 17797 7309 4785 596 2233 25123 1528 12407 5195 29575 22160 6604 868 723 433
is_linear=0
shrinkage=0.05


Tree=16
num_leaves=31
num_cat=0
split_feature=10 0 26 4 0 0 26 0 0 24 18 20 20 24 13 8 9 21 24 6 23 23 29 11 19 29 1 23 0 8
split_gain=5882.05 223.489 30.7353 28.5195 8.50554 8.14357 4.36585 3.97968 4.5347 3.66402 3.09886 3.27357 2.95157 2.76643 3.16954 2.67709 2.64133 2.80862 2.60812 2.59219 2.89894 4.43721 2.76092 2.64584 3.63575 2.57903 3.09429 2.52476 2.49207 2.48814
threshold=0.51666666666666672 5.3011333813679853 1.0000000180025095e-35 0.14338744681066828 5.2524496318576963 5.5436514665010481 1.0000000180025095e-35 5.5003400335032957 5.6320442347098254 8.5000000000000018 4.1620889701818866 0.11622971817696483 0.025121025815113076 25.500000000000004 0.17362021124821655 0.71034142110698251 0.64554463705384724 2.5000000000000004 24.500000000000004 0.37868525626541921 4.5000000000000009 1.0000000180025095e-35 0.24469882651462146 0.061897364682604934 11.93424160286294 0.48199358273701259 117.00000000000001 4.5000000000000009 5.2538158083088478 0.34191698587271041
decision_type=2 2 2 2 2 2 2 2 2 2 2 2 2 2 2 2 2 2 2 2 2 2 2 2 2 2 2 2 2 2
left_child=1 2 4 7 9 -5 10 27 12 -1 11 16 -9 14 -11 19 -7 -18 28 23 21 -21 29 -14 -25 -6 -27 -3 -4 -23
right_child=-2 3 18 5 25 6 -8 8 -10 13 -12 -13 15 -15 -16 -17 17 -19 -20 20 -22 22 -24 24 -26 26 -28 -29 -30 -31
leaf_value=0.0040889080613551055 -0.0081890898816863959 -0.0018402083577173961 0.0015703645853459959 0.013818100529465636 0.0029311105846343615 0.0088296886830082043 0.0067683861324839391 0.0042825539658049991 0.0065340288887246641 0.0066752757634239521 0.0085754449662290115 0.011095918997679539 0.012031284045608626 0.0041366319146606328 0.0052979137655831156 0.011028580538844897 0.010764598191186071 0.013799312169045187 -0.0034772405954427649 0.010268330525615927 0.00916640850275772 0.016462959381264332 0.0010755930076023332 0.0054436202614343131 0.011529695028995618 0.00081204715627926783 0.0073460732865701919 0.0056055334323062804 -0.0030621007486272278 0.0079362630892329845
leaf_weight=10120 143332 325 2146 24877 17119 6120 1501 342 6594 2973 2671 3849 751 8554 17687 980 4150 412 1345 527 1098 61 690 945 1256 147 170 154 1289 1408
leaf_count=10120 143332 325 2146 24877 17119 6120 1501 342 6594 2973 2671 3849 751 8554 17687 980 4150 412 1345 527 1098 61 690 945 1256 147 170 154 1289 1408
internal_value=-0.00304572 0.00510839 0.00300325 0.00731532 0.00332746 0.00796466 0.00717639 0.00544511 0.00559173 0.00373494 0.00740205 0.00768977 0.00638744 0.00401896 0.00433204 0.00658891 0.00723928 0.00814993 -0.00084728 0.00623367 0.00536734 0.0044825 0.00347846 0.00734417 0.00646979 0.00240824 0.00687697 0.000960335 -0.000116448 0.00470388
internal_weight=263593 120261 61550 58711 56770 43580 18703 15131 14652 39334 17202 14531 8058 29214 20660 7716 10682 4562 4780 6736 3784 2686 2159 2952 2201 17436 317 479 3435 1469
internal_count=263593 120261 61550 58711 56770 43580 18703 15131 14652 39334 17202 14531 8058 29214 20660 7716 10682 4562 4780 6736 3784 2686 2159 2952 2201 17436 317 479 3435 1469
is_linear=0
shrinkage=0.05


Tree=17
num_leaves=31
num_cat=0
split_feature=10 0 26 0 4 0 0 0 26 5 24 24 24 29 1 19 4 29 29 3 24 22 19 22 12 20 24 5 7 29
split_gain=5654.3 197.794 26.6732 25.6542 6.6556 6.48007 5.68761 5.21741 4.30884 3.37442 2.91992 2.58256 3.68186 2.72025 2.81293 2.65618 3.02726 3.39218 2.49191 3.24282 3.30842 2.97186 2.48524 3.01484 2.8442 2.4643 4.62454 2.63127 2.43879 2.28314
threshold=0.7333333333333335 5.3011333813679853 1.0000000180025095e-35 5.5816893903479796 0.041585425072287921 5.2538158083088478 5.6561429606821259 5.5003400335032957 1.0000000180025095e-35 0.62832612114087827 1.5000000000000002 9.5000000000000018 14.500000000000002 0.15182710758755566 169.00000000000003 3.8067613350035194 -0.036501837248257708 -0.027833274582046184 0.43297772120913963 0.046300854771734894 25.500000000000004 10.500000000000002 20.809744451567877 1.5000000000000002 3.004573443485357 0.11452645304259924 16.500000000000004 0.70188140413412259 0.50521414319686875 -0.22267175236315265
decision_type=2 2 2 2 2 2 2 2 2 2 2 2 2 2 2 2 2 2 2 2 2 2 2 2 2 2 2 2 2 2
left_child=1 2 5 4 9 11 10 25 22 -3 -5 13 28 -1 -15 16 17 -14 -7 -20 21 -21 24 -24 -9 26 29 -28 -13 -6
right_child=-2 3 -4 6 7 18 -8 8 -10 -11 -12 12 15 14 -16 -17 -18 -19 19 20 -22 -23 23 -25 -26 -27 27 -29 -30 -31
leaf_value=0.0035508313255536773 -0.0078248374602465226 -0.0021347730683732198 -0.00123975464002424 0.011345735951205154 0.022544104114485621 0.0027619113539862588 0.0044743318129149201 0.011309047200278999 0.0086844987987078261 0.0075811923254182388 0.0077807571365687686 0.0047711338678704286 0.013533623587950031 0.0033698129724231171 0.0061624313449634722 0.0045352843758645995 0.0060236012124816121 0.0064659730553025029 0.0015366149406249646 -0.0036569065291280124 0.012378011303565681 0.0089552160512296128 0.013763188514002031 0.0097673061504934596 0.016553221008142986 0.014777586496311293 0.015618060517610817 0.010776364088854519 0.0078604432454958476 0.016892360685984684
leaf_weight=7927 143369 319 4761 648 126 15923 3041 23266 2242 335 15993 4114 72 1673 1967 21227 1632 102 336 53 70 96 204 5031 122 2825 2312 435 1582 2070
leaf_count=7927 143369 319 4761 648 126 15923 3041 23266 2242 335 15993 4114 72 1673 1967 21227 1632 102 336 53 70 96 204 5031 122 2825 2312 435 1582 2070
internal_value=-0.00317437 0.00480905 0.00282603 0.00687836 0.00761651 0.00312749 0.00540494 0.00770119 0.00740969 0.00261468 0.00576828 0.00346908 0.00372307 0.00283825 0.00396978 0.00344158 0.00528239 0.0115517 0.00229215 0.00558559 0.0103196 0.00610738 0.00757503 0.00659026 0.00779545 0.00885942 0.00953267 0.00816527 0.00486131 0.0112432
internal_weight=263873 120504 61535 58969 39287 56774 19682 38633 30865 654 16641 40296 28729 11567 3640 23033 1806 174 16478 555 219 149 28623 5235 23388 7768 4943 2747 5696 2196
internal_count=263873 120504 61535 58969 39287 56774 19682 38633 30865 654 16641 40296 28729 11567 3640 23033 1806 174 16478 555 219 149 28623 5235 23388 7768 4943 2747 5696 2196
is_linear=0
shrinkage=0.05


Tree=18
num_leaves=31
num_cat=0
split_feature=10 0 4 0 1 1 18 23 4 0 0 9 24 16 16 23 0 13 13 18 0 1 24 6 24 2 13 17 16 11
split_gain=5438.4 175.736 23.3043 8.77172 5.35748 3.76981 3.59896 3.32964 5.26922 3.82731 3.09645 3.37515 3.18006 3.77623 3.0459 2.76435 3.98353 2.70521 2.51185 2.44405 2.46044 2.39189 2.36942 2.18102 2.14924 2.12699 2.11495 2.09109 2.08592 2.03249
threshold=0.51666666666666672 5.3011333813679853 0.14338744681066828 5.5276840733306001 197.00000000000003 149.00000000000003 4.1620889701818866 1.0000000180025095e-35 0.038866071239654527 5.5783001407402253 5.226358405843377 0.54655268350119324 23.500000000000004 0.42640792992616378 0.45136296775246826 4.5000000000000009 5.5155068481256215 0.66686361744868894 1.0336611297045482 6.4761789401795911 5.2793955265773258 289.00000000000006 30.500000000000004 0.71376173517511254 14.500000000000002 0.11235548765409907 1.0336611297045482 8.5000000000000018 0.68759789599987475 0.20016927206842139
decision_type=2 2 2 2 2 2 2 2 2 2 2 2 2 2 2 2 2 2 2 2 2 2 2 2 2 2 2 2 2 2
left_child=1 4 5 -4 19 22 24 8 -7 -10 11 12 26 -14 -15 16 -9 -11 -8 20 -1 25 -3 -17 -5 -18 -6 -26 -27 -28
right_child=-2 2 3 6 10 7 18 15 9 17 -12 -13 13 14 -16 23 21 -19 -20 -21 -22 -23 -24 -25 27 28 29 -29 -30 -31
leaf_value=0.003220136037518544 -0.0074302711476718717 0.0075643455734675045 0.013170997259524642 0.008657012659748102 0.0063380399477170005 0.0034887044330009507 0.0080001088900592057 -0.0031726705004595079 0.019320709452222893 0.0080482415756850129 0.0035187733782144955 0.0041016001242358737 0.0022949909581401972 0.0131583005848373 0.0075045710556566328 0.0064627589286946618 0.0038440850233434965 0.012750182934672763 0.015140983659508897 0.0011153756689561293 0.0014112073895210884 -0.0032876459354084977 0.012016117196359012 0.011076407806285627 0.0098213941848280736 0.0063764178341007005 0.011426707951194061 0.016976704712433156 0.010092290708800225 0.012453000591370453
leaf_weight=30437 143396 8053 18162 9092 3870 463 4008 192 90 359 13740 5044 1298 56 894 1867 2259 77 103 3001 2846 116 144 129 12440 1217 50 56 303 179
leaf_count=30437 143396 8053 18162 9092 3870 463 4008 192 90 359 13740 5044 1298 56 894 1867 2259 77 103 3001 2846 116 144 129 12440 1217 50 56 303 179
internal_value=-0.00330305 0.00452487 0.00647049 0.00705616 0.00265163 0.00478813 0.00646173 0.00394231 0.00663296 0.010057 0.00321277 0.00382232 0.00458957 0.00307829 0.00547368 0.00350485 0.00275997 0.00811927 0.00510581 0.00226298 0.0023862 0.00310655 0.00551787 0.00503006 0.00671994 0.00332363 0.0054184 0.00714549 0.00476974 0.0100873
internal_weight=263941 120545 59130 43861 61415 15269 25699 7072 989 526 25131 11391 6347 2248 950 6083 4087 436 4111 36284 33283 3895 8197 1996 21588 3779 4099 12496 1520 229
internal_count=263941 120545 59130 43861 61415 15269 25699 7072 989 526 25131 11391 6347 2248 950 6083 4087 436 4111 36284 33283 3895 8197 1996 21588 3779 4099 12496 1520 229
is_linear=0
shrinkage=0.05


Tree=19
num_leaves=31
num_cat=0
split_feature=10 0 0 26 3 0 0 0 20 26 1 14 0 14 17 1 1 7 15 9 15 1 7 0 7 8 14 3 12 8
split_gain=5289.66 153.689 23.5074 21.057 5.74921 5.66197 4.80491 3.56896 2.86947 2.80824 2.73171 2.55865 2.29169 2.22111 2.17607 2.08652 2.257 2.30256 2.03182 2.02409 2.70627 1.97806 1.91602 3.07459 2.95426 4.03316 2.44174 2.40119 2.63026 2.36135
threshold=0.7333333333333335 5.446138084545372 5.5816893903479796 1.0000000180025095e-35 0.28140590075069744 5.2681306423380407 5.5276840733306001 5.6561429606821259 0.15430027563008591 1.0000000180025095e-35 121.00000000000001 0.45609069672732877 5.1752994071594012 0.73447006619841815 8.5000000000000018 149.00000000000003 273.00000000000006 0.54562076514718949 14.500000000000002 0.47580370579903852 1.0000000180025095e-35 117.00000000000001 0.32096134110401092 5.5003400335032957 0.3389386867849849 0.96021439570697098 1.8832771490040221 0.35388060286538209 0.12218387853063457 0.53472210439197376
decision_type=2 2 2 2 2 2 2 2 2 2 2 2 2 2 2 2 2 2 2 2 2 2 2 2 2 2 2 2 2 2
left_child=1 3 6 4 5 12 8 14 10 19 -3 -5 -1 -10 18 -7 17 -17 -4 20 -8 -11 23 29 25 -24 -26 28 -28 -12
right_child=-2 2 7 11 -6 15 9 -9 13 21 22 -13 -14 -15 -16 16 -18 -19 -20 -21 -22 -23 24 -25 26 -27 27 -29 -30 -31
leaf_value=0.0071057005501150147 -0.0070632891289133977 0.0077072944383721996 0.0070624983744136203 -0.0034306116998405163 0.011331847005365355 0.00099077922813843046 0.0060346855796979907 0.0044126172540836081 0.013203021508972589 0.00073958554723169221 0.011667237408340853 0.00035835051130129011 0.0038518787445643294 0.0087588684815463943 0.01082536719209623 0.0028358544082679638 -0.0016789212228034923 0.0070076871259476502 0.0043985812407991015 0.0092279823519028827 0.01510397810106965 0.0084520444807685124 0.015643563318431336 0.010754134928521565 0.011283894802191869 0.00089678337009860406 0.019778493573459122 0.012945338225247186 0.018717563969626073 0.0158195504213481
leaf_weight=2176 143487 651 15780 1338 653 3873 81 3060 1192 245 841 3541 46088 1303 144 4120 301 464 692 18652 345 1291 1349 5296 3128 88 85 343 268 3127
leaf_count=2176 143487 651 15780 1338 653 3873 81 3060 1192 245 841 3541 46088 1303 144 4120 301 464 692 18652 345 1291 1349 5296 3128 88 85 343 268 3127
internal_value=-0.00340119 0.00432145 0.0061764 0.00260271 0.00286953 0.00281611 0.00689826 0.0047718 0.00750325 0.00637965 0.0077616 -0.000551342 0.00302834 0.00593186 0.00506079 0.0016465 0.00233368 0.00260908 0.00500729 0.00654524 0.00995305 0.00432292 0.00790362 0.00747086 0.00866565 0.0105985 0.00793933 0.0106178 0.0135127 0.00852319
internal_weight=264002 120515 57961 62554 57675 57022 38285 19676 17671 20614 15176 4879 48264 2495 16616 8758 4885 4584 16472 19078 426 1536 14525 9264 5261 1437 3824 696 353 3968
internal_count=264002 120515 57961 62554 57675 57022 38285 19676 17671 20614 15176 4879 48264 2495 16616 8758 4885 4584 16472 19078 426 1536 14525 9264 5261 1437 3824 696 353 3968
is_linear=0
shrinkage=0.05


Tree=20
num_leaves=31
num_cat=0
split_feature=10 0 0 26 4 0 26 2 23 29 0 24 5 7 23 8 0 20 29 2 24 24 2 24 5 15 20 20 13 1
split_gain=5135.55 142.807 21.9685 19.2971 4.98458 4.51037 4.5076 4.23357 4.04243 2.97391 2.93873 3.08957 3.08873 3.35237 2.58759 3.06382 3.24527 3.05737 2.78522 2.69035 2.51271 4.62408 3.8664 3.04045 2.67687 2.36227 2.64295 2.29373 2.8942 2.22794
threshold=0.7333333333333335 5.446138084545372 5.5716632714668153 1.0000000180025095e-35 0.31899956226790821 5.2378129105385556 1.0000000180025095e-35 0.17426479449493282 1.0000000180025095e-35 -0.53032473659995172 5.6492764668392832 1.5000000000000002 0.59358918735479393 0.28222995263137257 4.5000000000000009 0.81914687741393477 5.5073124013830048 0.1589772569293619 -0.50430115810215981 0.45623322202348843 26.500000000000004 24.500000000000004 0.40002271503807874 25.500000000000004 0.6480752648450866 1.5000000000000002 0.072338756009334967 0.15430027563008591 0.80650917765947039 209.00000000000003
decision_type=2 2 2 2 2 2 2 2 2 2 2 2 2 2 2 2 2 2 2 2 2 2 2 2 2 2 2 2 2 2
left_child=1 3 6 4 5 -1 14 -4 -8 -5 11 12 13 -9 15 16 18 -17 -3 -19 21 29 -23 -24 -25 -22 -27 -20 -29 -16
right_child=-2 2 7 9 -6 -7 8 10 -10 -11 -12 -13 -14 -15 20 17 -18 19 27 -21 25 22 23 24 -26 26 -28 28 -30 -31
leaf_value=0.0041939880454367976 -0.006662617855253461 0.030954812421735631 0.0055109691410833387 0.0059971221307525777 0.014775134770206484 0.0027232321652261894 0.001471849371304049 0.01115498846500948 0.0097323725195687816 -0.0012691869896134962 0.0043392512868758544 0.0073329646578167793 0.012343972406959804 -0.0013246104392593764 0.010561663888450699 0.0096526145921958639 0.010208451620708594 0.010943179854425873 0.014449979601528282 -0.00021187242537255881 0.0024376826560967855 0.0081935723811690456 0.01178592344280003 0.021099668650032724 0.013684599530985084 0.0034042904822463591 0.0085017529290402714 0.011288309447035776 -0.006606862795807732 0.0087484425922934213
leaf_weight=29176 143835 64 11053 58 491 28022 489 145 1940 4844 1263 10057 160 91 3800 4183 13993 211 3914 366 369 717 267 216 69 347 593 556 81 3053
leaf_count=29176 143835 64 11053 58 491 28022 489 145 1940 4844 1263 10057 160 91 3800 4183 13993 211 3914 366 369 717 267 216 69 347 593 556 81 3053
internal_value=-0.00350718 0.00410298 0.00589048 0.00244668 0.0027026 0.00265953 0.00667282 0.00468005 0.00459448 -0.000565075 0.00534227 0.00561753 0.0099495 0.00631356 0.00682673 0.00710887 0.00739843 0.00597689 0.00854821 0.00256499 0.00612766 0.00645531 0.00922774 0.0123732 0.0159649 0.00409473 0.00542553 0.00840255 0.00562009 0.00594192
internal_weight=264423 120588 57997 62591 57689 57198 35228 22769 2429 4902 11716 10453 396 236 32799 23368 18608 4760 4615 577 9431 8122 1269 552 285 1309 940 4551 637 6853
internal_count=264423 120588 57997 62591 57689 57198 35228 22769 2429 4902 11716 10453 396 236 32799 23368 18608 4760 4615 577 9431 8122 1269 552 285 1309 940 4551 637 6853
is_linear=0
shrinkage=0.05


Tree=21
num_leaves=31
num_cat=0
split_feature=21 4 5 3 4 1 23 23 5 24 1 24 23 2 6 22 13 24 7 5 1 29 16 23 16 22 23 24 5 5
split_gain=4970.72 116.472 7.16833 5.0366 3.56301 3.44545 3.07265 7.09014 3.66337 3.5017 2.74166 2.72695 2.72235 2.68651 3.11665 2.56599 2.5372 2.53304 2.48985 2.9295 2.4671 2.60679 2.35822 2.32303 2.31756 2.49772 2.2456 2.1376 2.8952 2.64682
threshold=15.000000000000002 0.17254456956901179 0.76642272296969061 0.22397061954145348 0.092036905063434996 157.00000000000003 1.5000000000000002 2.5000000000000004 0.48781555934674509 26.500000000000004 137.00000000000003 27.500000000000004 1.5000000000000002 0.13347621831156561 0.10380993542242617 14.500000000000002 0.17362021124821655 26.500000000000004 0.35658089066427145 0.58840374292991671 201.00000000000003 0.56051074655438726 0.3169438906124164 5.5000000000000009 1.9869606606726684 24.500000000000004 4.5000000000000009 23.500000000000004 0.55702619986130153 0.67799834232326905
decision_type=2 2 2 2 2 2 2 2 2 2 2 2 2 2 2 2 2 2 2 2 2 2 2 2 2 2 2 2 2 2
left_child=1 2 3 16 5 12 10 8 -8 24 18 15 -4 -6 -15 -11 23 27 -3 -20 -18 -22 -10 -1 -9 -26 -7 -12 -29 -30
right_child=-2 6 4 -5 13 26 7 9 22 11 17 -13 -14 14 -16 -17 20 -19 19 -21 21 -23 -24 -25 25 -27 -28 28 29 -31
leaf_value=0.0043292016640314379 -0.0063810022354778735 0.0038965300747597523 0.0072809140101905249 0.0055864948137881176 0.0064098894525499734 0.0021251712644323405 0.0083996187774869613 0.0093488035712365747 0.011789708989354719 0.0087275177639860608 0.0091230957618568965 0.0076566525960239315 0.0051467453727176591 -0.0024779152536817386 0.012433004412350733 -0.0025145096231992512 0.0027345722230611809 0.010050963675523798 0.010039763024224659 0.0061978174037182832 0.0036681678254970166 0.01051906949543048 0.01427682847460139 0.0018379983332189624 0.015135742031544089 0.022938050582550731 0.0066263113680044665 -0.0014576166120731039 0.013260922504138184 2.5515014892661325e-05
leaf_weight=10559 143532 1875 1123 4654 978 1809 1281 19916 1497 218 6552 3552 2751 87 761 346 32803 2297 74 320 20324 69 3210 1631 173 56 712 290 206 141
leaf_count=10559 143532 1875 1123 4654 978 1809 1281 19916 1497 218 6552 3552 2751 87 761 346 32803 2297 74 320 20324 69 3210 1631 173 56 712 290 206 141
internal_value=-0.00360209 0.00389598 0.00275603 0.00259209 0.00415278 0.00359656 0.0060199 0.00628649 0.00782732 0.00590619 0.0053339 0.00457726 0.00453278 0.00610077 0.00816038 0.00134752 0.00247897 0.00570736 0.00377259 0.00738579 0.00232988 0.00276173 0.00847249 0.00312962 0.00617771 0.011179 0.00215787 0.00524551 0.00248038 0.00556196
internal_weight=263797 120265 78261 70040 8221 6395 42004 30249 5988 24261 11755 4116 3874 1826 848 564 65386 9486 2269 394 53196 20393 4707 12190 20145 229 2521 7189 637 347
internal_count=263797 120265 78261 70040 8221 6395 42004 30249 5988 24261 11755 4116 3874 1826 848 564 65386 9486 2269 394 53196 20393 4707 12190 20145 229 2521 7189 637 347
is_linear=0
shrinkage=0.05


Tree=22
num_leaves=31
num_cat=0
split_feature=21 4 26 11 26 17 18 17 2 17 4 13 23 23 23 4 27 1 9 13 3 29 13 20 18 29 29 2 8 11
split_gain=4794.08 114.405 16.3965 6.79013 4.20877 4.18597 3.73709 4.07673 3.29848 3.14223 2.8961 2.9951 2.72284 3.47678 3.71851 4.55664 2.62727 2.4667 2.30367 2.2278 3.09815 2.22487 2.22156 2.07711 2.11976 2.04928 2.57657 2.2691 2.85437 3.05494
threshold=15.000000000000002 0.20050477490729349 1.0000000180025095e-35 0.16963791558144523 1.0000000180025095e-35 4.5000000000000009 6.0588301190220601 6.5000000000000009 0.13819885113783373 4.5000000000000009 0.060636400820476825 1.831319285906962 1.0000000180025095e-35 2.5000000000000004 1.5000000000000002 0.37130062653243162 1.0000000180025095e-35 109.00000000000001 0.4720165457232342 0.24916967475432036 0.35388060286538209 0.50996145482694988 0.78042987312702439 0.12229017932138177 5.7830916203520326 -0.19811758492869305 -0.076288753815791491 0.29972351830684824 0.58254143774391476 0.07290987451100156
decision_type=2 2 2 2 2 2 2 2 2 2 2 2 2 2 2 2 2 2 2 2 2 2 2 2 2 2 2 2 2 2
left_child=1 2 3 8 17 21 7 10 -1 -10 -5 23 -6 14 19 -16 -13 22 -8 -14 -21 -4 -3 -12 -25 27 -27 -19 -29 -30
right_child=-2 4 5 6 12 -7 18 -9 9 -11 11 16 13 -15 15 -17 -18 25 -20 20 -22 -23 -24 24 -26 26 -28 28 29 -31
leaf_value=0.0043446746123823581 -0.0060420869222838139 0.0056644454651543592 -0.0012794931137470355 0.0029716722591845092 0.0019970088797114506 0.0034123661725542521 -0.0038702391002157287 0.0082943876368913091 0.0049353477224930728 0.0072736038804280525 0.0038919968668583516 0.007500374555420769 0.0050463528723959546 0.0065648959206587509 0.010611047748802649 0.020061886242696874 0.013881211971913169 0.0066171393328103584 0.0022013246118675642 0.0053715946167246717 0.014323749992362146 0.004718370484697457 0.011291659189262372 0.0052283986440801299 0.010701664218542958 0.006879343526120154 0.0094329785583055596 0.015049867173700293 0.0054617807557622387 0.011837121069308482
leaf_weight=9681 143144 1764 4925 34793 549 1464 176 634 5010 3713 11000 88 440 1299 197 161 72 988 5613 72 76 144 236 3312 115 2058 30060 241 257 1079
leaf_count=9681 143144 1764 4925 34793 549 1464 176 634 5010 3713 11000 88 440 1299 197 161 72 988 5613 72 76 144 236 3312 115 2058 30060 241 257 1079
internal_value=-0.00370218 0.00365905 0.00258051 0.00279192 0.00586493 0.000179091 0.00251725 0.00265646 0.00362476 0.00432993 0.00260531 0.00319668 0.00399427 0.00476615 0.00707188 0.0110894 0.01 0.00600742 0.00131456 0.00462585 0.00993243 -0.000501084 0.0043 0.00312123 0.00419609 0.00610587 0.00599726 0.00746589 0.00864299 0.00773952
internal_weight=263361 120217 80740 74207 39477 6533 55803 50014 18404 8723 49380 14587 2794 2245 946 358 160 36683 5789 588 148 5069 2000 14427 3427 34683 32118 2565 1577 1336
internal_count=263361 120217 80740 74207 39477 6533 55803 50014 18404 8723 49380 14587 2794 2245 946 358 160 36683 5789 588 148 5069 2000 14427 3427 34683 32118 2565 1577 1336
is_linear=0
shrinkage=0.05


Tree=23
num_leaves=31
num_cat=0
split_feature=8 5 0 0 0 4 0 0 1 2 20 13 23 29 12 13 7 29 18 23 29 1 19 29 9 4 7 18 1 5
split_gain=4472.71 219.606 102.275 16.4137 6.83145 4.56085 4.9171 3.37656 3.19817 2.53086 2.70982 3.30388 2.70134 2.68505 2.50794 2.22323 2.19132 2.13518 2.12173 2.44671 2.72653 2.17316 2.15857 3.84274 2.26095 2.08644 2.05728 2.05679 2.03399 2.11162
threshold=1.0000000180025095e-35 1.6863658757265843 5.446138084545372 5.5746383022120165 5.5003400335032957 0.31899956226790821 5.2626579170538763 5.6561429606821259 209.00000000000003 0.75878430685104059 0.13935362285303179 0.64502757916050302 2.5000000000000004 -0.018088961058912559 1.2846297319829549 1.2492506122464631 0.33599156553472248 -0.12014600800388249 3.7538778984807712 3.5000000000000004 -0.12325831839925346 209.00000000000003 21.0638892258123 0.46942941679837918 0.6720904624590458 0.2988773374608194 0.32427319812269101 6.3629099779192284 289.00000000000006 0.44592120570176658
decision_type=2 2 2 2 2 2 2 2 2 2 2 2 2 2 2 2 2 2 2 2 2 2 2 2 2 2 2 2 2 2
left_child=-1 2 5 4 9 6 8 -5 27 10 12 13 28 17 15 16 18 -12 21 -20 -21 -14 -22 24 -24 -15 -23 -2 29 -4
right_child=1 -3 3 7 -6 -7 -8 -9 -10 -11 11 -13 14 25 -16 -17 -18 -19 19 20 22 26 23 -25 -26 -27 -28 -29 -30 -31
leaf_value=-0.0057399487535448549 0.0027230609613091233 -0.0053358810351276133 0.00012998642567252448 0.0059078083590272286 0.0081293390583865553 0.013946084681991858 0.0015608926302830559 0.0033900664982732783 0.0038061540256855968 0.018619488169967013 0.0093051030345315307 -0.00043672490310907509 0.014265141069841534 -0.012785980041285439 -0.002199500596859688 0.019401953456860927 0.0087555519748868278 0.018650521441104927 0.010842418217558727 0.0057968829939753098 0.017222129203689148 0.0094084829152207977 0.02044180867061066 0.0010498687616654755 0.010060728923996393 0.010040077539225182 0.020342728314706529 0.0013479321445910299 0.018233588042487116 0.013946392238686118
leaf_weight=140157 28085 3203 81 18572 28775 515 12626 3059 18298 333 145 248 685 69 126 73 780 71 164 67 199 811 56 80 111 904 54 2704 79 2075
leaf_count=140157 28085 3203 81 18572 28775 515 12626 3059 18298 333 145 248 685 69 126 73 780 71 164 67 199 811 56 80 111 904 54 2704 79 2075
internal_value=-0.00378583 0.00317047 0.00351579 0.00503376 0.00568805 0.0021103 0.0020712 0.00394526 0.00229755 0.00706421 0.0068581 0.00492693 0.00736813 0.00602187 0.00643793 0.00672078 0.00651147 0.0110648 0.00731028 0.0096455 0.011345 0.00629032 0.0127578 0.00963563 0.0139521 0.00490236 0.00462428 0.00198642 0.00870246 0.00841373
internal_weight=263205 123048 119845 57617 35986 62228 61713 21631 49087 7211 6878 1437 5441 1189 3206 3080 3007 216 2227 677 513 1550 446 247 167 973 865 30789 2235 2156
internal_count=263205 123048 119845 57617 35986 62228 61713 21631 49087 7211 6878 1437 5441 1189 3206 3080 3007 216 2227 677 513 1550 446 247 167 973 865 30789 2235 2156
is_linear=0
shrinkage=0.05


Tree=24
num_leaves=31
num_cat=0
split_feature=10 0 0 0 4 0 2 1 3 5 24 13 12 0 0 12 12 17 15 5 4 29 24 24 29 20 3 1 7 5
split_gain=4562.4 95.0719 17.6933 4.51847 4.49715 2.99034 2.72029 2.55836 2.08458 2.78878 2.104 2.9149 2.1647 2.00819 1.96855 2.10298 2.43176 2.29534 1.94736 2.23476 2.03317 1.91467 1.94476 1.90448 3.7322 2.85974 1.89683 1.89598 2.19267 1.8324
threshold=0.7333333333333335 5.446138084545372 5.5783001407402253 5.2315852847058562 0.31899956226790821 5.5039670878674301 0.17426479449493282 177.00000000000003 0.12211070574685252 0.50556665514772647 1.5000000000000002 0.26242354332569406 0.30489653858658167 5.1752994071594012 5.6492764668392832 0.10342637597321774 0.10015745179792641 8.5000000000000018 14.500000000000002 0.73534297043717756 0.097217299422049319 0.43297772120913963 2.5000000000000004 29.500000000000004 0.12233327623614838 0.11795078027812507 0.05082464456976981 257.00000000000006 0.32096134110401092 0.75544060075152986
decision_type=2 2 2 2 2 2 2 2 2 2 2 2 2 2 2 2 2 2 2 2 2 2 2 2 2 2 2 2 2 2
left_child=1 3 5 7 29 -3 -4 13 9 10 11 -9 -13 21 15 16 -8 18 19 20 -17 22 -1 -11 -25 -26 -21 -22 -29 -5
right_child=-2 2 6 4 -6 -7 14 8 -10 23 -12 12 -14 -15 -16 17 -18 -19 -20 26 27 -23 -24 24 25 -27 -28 28 -30 -31
leaf_value=-0.0070993891821612871 -0.0054219517822441691 0.011117789155877432 0.004345996761168161 0.0020476693859325136 0.012375215584290812 0.0077717026568189171 0.0067171390362226156 -0.00021323437909136729 0.0027528295454333856 0.0029608463191005919 0.0049308396407604267 0.0096650331489059535 0.015123116098542919 0.002384454594183124 0.0035597291879822649 0.0086916898272127695 0.01233202925452046 0.011443400796970255 -0.00091183560753831507 0.00052003669281593579 0.0042847007188700622 0.011211908479807466 0.0054491275282380347 0.0010728818583814262 0.01112673541492284 0.0097570972161036326 0.0092324891083866174 0.0042029393002219655 0.0087837113861082838 -0.0013607764013167144
leaf_weight=50 143739 8235 10383 34888 525 29044 3050 93 4160 5173 5918 90 155 9513 1269 574 131 70 245 119 3732 59 722 258 177 53 704 137 65 874
leaf_count=50 143739 8235 10383 34888 525 29044 3050 93 4160 5173 5918 90 155 9513 1269 574 131 70 245 119 3732 59 722 258 177 53 704 137 65 874
internal_value=-0.00387048 0.00330666 0.00477025 0.0019586 0.00159644 0.00541887 0.00358953 0.002456 0.00285066 0.00318704 0.00391464 0.00775148 0.0106122 0.00184261 0.00417393 0.00443865 0.00546683 0.00385937 0.00374641 0.00394673 0.00350932 0.00419976 0.00353627 0.00238297 0.00536885 0.01 0.00634265 0.00310371 0.00782178 0.001529
internal_weight=264205 120466 57758 62708 36287 37279 20479 26421 16077 11917 6256 338 245 10344 10096 8827 3181 5646 5576 5331 4508 831 772 5661 488 230 823 3934 202 35762
internal_count=264205 120466 57758 62708 36287 37279 20479 26421 16077 11917 6256 338 245 10344 10096 8827 3181 5646 5576 5331 4508 831 772 5661 488 230 823 3934 202 35762
is_linear=0
shrinkage=0.05


Tree=25
num_leaves=31
num_cat=0
split_feature=10 0 0 4 0 0 8 23 29 24 6 9 9 29 0 27 8 14 13 19 12 24 29 23 1 4 2 14 4 3
split_gain=4451.4 82.2306 15.0867 5.7711 4.12154 3.32187 2.79604 2.9586 3.02361 2.95167 2.86502 2.46729 2.35264 2.44369 2.19144 2.18136 2.03961 1.90885 1.84236 1.83837 2.79446 2.623 2.34284 1.9257 1.80912 2.24884 2.19865 1.80258 2.21316 1.80194
threshold=0.7333333333333335 5.3011333813679853 5.5652581246838251 0.10033332971889777 5.2626579170538763 5.5003400335032957 0.57466420928881556 2.5000000000000004 0.56051074655438726 5.5000000000000009 0.68071715795668908 0.58711432649764905 0.47074706344752548 0.33712623919258983 5.6136670051882271 2.5000000000000004 0.71339462515731045 3.302041076903921 0.85984188221753721 7.6547932226718034 1.2055217300267913 25.500000000000004 -0.52198419176418642 1.5000000000000002 289.00000000000006 0.42631891059381471 0.75878430685104059 1.3283738466901125 0.052639173058903331 0.33185174030113479
decision_type=2 2 2 2 2 2 2 2 2 2 2 2 2 2 2 2 2 2 2 2 2 2 2 2 2 2 2 2 2 2
left_child=1 4 3 -3 15 6 18 8 10 -10 16 -6 13 -7 -4 -1 29 -14 -5 -16 21 22 -21 -23 25 26 -9 -25 -29 -8
right_child=-2 2 14 5 11 12 7 24 9 -11 -12 -13 17 -15 19 -17 -18 -19 -20 20 -22 23 -24 27 -26 -27 -28 28 -30 -31
leaf_value=0.0027238543565286915 -0.0051704555331247744 0.0018031061431650142 0.0056725498969846331 0.010276428479890255 0.0016138562712566637 0.012283589166213475 0.011350769251066692 0.009758237913642491 0.020582295489047987 0.0068056204798303075 -0.0042048204210654427 -0.0020201770903795296 0.0074878518688595366 0.0062422116869697633 0.0065148103502447778 0.004973462200627457 0.013776983538012117 0.013263247603860851 -0.000720890583545754 -0.00022782135226053938 -0.0004300802796634261 0.0064297375052971718 0.0047547669678310589 -0.0010890992472917017 0.00071342951688352059 0.013652112814156568 0.019516850748439937 -0.0017377765698263646 0.0080799289152009065 0.017723329679857937
leaf_weight=48522 143183 870 13467 1924 11376 154 138 2219 70 442 67 937 25252 87 1587 678 1092 90 175 389 672 490 7049 1030 145 840 108 76 95 504
leaf_count=48522 143183 870 13467 1924 11376 154 138 2219 70 442 67 937 25252 87 1587 678 1092 90 175 389 672 490 7049 1030 145 840 108 76 95 504
internal_value=-0.0039248 0.00315484 0.00448791 0.00516956 0.00187554 0.00527457 0.00618333 0.00676445 0.00813662 0.00474609 0.0091005 0.00105742 0.0050002 0.00991701 0.00355059 0.00208029 0.0094925 0.00495344 0.00462601 0.00304004 0.00278441 0.00301347 0.00341759 0.00123596 0.00580616 0.00605621 0.00525569 0.000158202 0.00491228 0.011729
internal_weight=263728 120545 59032 34177 61513 33307 7724 5625 2313 512 1801 12313 25583 241 24855 49200 1734 25342 2099 11388 9801 9129 7438 1691 3312 3167 2327 1201 171 642
internal_count=263728 120545 59032 34177 61513 33307 7724 5625 2313 512 1801 12313 25583 241 24855 49200 1734 25342 2099 11388 9801 9129 7438 1691 3312 3167 2327 1201 171 642
is_linear=0
shrinkage=0.05


Tree=26
num_leaves=31
num_cat=0
split_feature=10 0 0 26 0 26 2 3 19 29 5 7 25 1 17 1 29 28 7 7 7 10 19 7 22 29 8 1 0 1
split_gain=4342.98 76.9396 11.6047 11.5319 4.22915 3.90445 3.15596 3.02238 2.97834 2.75768 2.38694 2.2914 2.25954 3.02059 2.24757 2.56267 2.23396 2.14515 1.96895 2.60505 1.95442 1.905 1.88572 1.87906 2.15565 1.79529 2.61783 2.51125 2.24969 1.96128
threshold=0.7333333333333335 5.446138084545372 5.5652581246838251 1.0000000180025095e-35 5.2378129105385556 1.0000000180025095e-35 0.16937077112326926 0.34974379813510542 13.195514801407503 -0.094754131549607962 0.75018944508697005 0.19160002667849954 1.0000000180025095e-35 201.00000000000003 5.5000000000000009 97.000000000000014 -0.53032473659995172 1.0000000180025095e-35 0.5346541265810244 0.53903927191660472 0.36529561583706288 0.05000000000000001 24.408271411407821 0.31791857866717926 22.500000000000004 0.30638167750459183 0.58979270171768561 241.00000000000003 5.4636711999144145 217.00000000000003
decision_type=2 2 2 2 2 2 2 2 2 2 2 2 2 2 2 2 2 2 2 2 2 2 2 2 2 2 2 2 2 2
left_child=1 3 5 4 8 11 18 10 9 20 22 -3 13 16 15 -8 -5 -11 -4 -20 -1 -17 -6 24 -9 28 -27 -28 29 -13
right_child=-2 2 6 12 7 -7 14 23 -10 17 -12 25 -14 -15 -16 21 -18 -19 19 -21 -22 -23 -24 -25 -26 26 27 -29 -30 -31
leaf_value=-0.0052867750770465086 -0.004938128456345366 0.011728283942897036 0.0035558404771968404 0.0051470587999259774 0.0020248756204207185 0.005222869215416627 0.0014982753720057746 0.0053365034912536587 0.0023116745919113326 0.0068860745664566254 -0.001604965543076169 0.018274655184710369 -0.0032052408403053395 0.014730326692620045 0.0065733850231792642 0.0035149575280746951 -0.00072651556551393869 0.0037569847272811148 0.0092123996557653114 0.0048914204088684604 0.0027398699589560515 0.0055078925392841281 -0.001329873455787561 0.012920964688410209 0.015518347700369448 0.0065101033273798669 0.0084606219697554979 0.0062035777189375484 0.008286297981481585 0.0087878562638194595
leaf_weight=203 143561 793 8090 66 26992 2283 848 204 6377 687 753 298 1352 113 2929 1388 3306 16234 222 2975 5529 8377 384 90 103 4449 7609 2654 14862 109
leaf_count=203 143561 793 8090 66 26992 2283 848 204 6377 687 753 298 1352 113 2929 1388 3306 16234 222 2975 5529 8377 384 90 103 4449 7609 2654 14862 109
internal_value=-0.00401815 0.00299022 0.00430311 0.00177215 0.00196921 0.00491666 0.00348625 0.00153684 0.00239408 0.00266278 0.0014757 0.00506467 -0.000572668 0.000100431 0.00400089 0.00366249 -0.000169039 0.00298387 0.00286879 0.0039193 0.00171493 0.00389145 0.00155209 0.00586902 0.00400652 0.0049945 0.00460033 0.00503946 0.00537429 0.00904177
internal_weight=263840 120279 57886 62393 57556 33057 24829 28526 29030 22653 28129 30774 4837 3485 13542 10613 3372 16921 11287 3197 5732 9765 27376 397 307 29981 14712 10263 15269 407
internal_count=263840 120279 57886 62393 57556 33057 24829 28526 29030 22653 28129 30774 4837 3485 13542 10613 3372 16921 11287 3197 5732 9765 27376 397 307 29981 14712 10263 15269 407
is_linear=0
shrinkage=0.05


Tree=27
num_leaves=31
num_cat=0
split_feature=10 0 26 0 26 5 4 0 0 1 24 20 5 1 0 4 0 26 15 5 4 19 2 11 24 1 29 27 1 19
split_gain=4224.84 62.5488 12.461 9.6309 3.2856 3.0886 2.48 3.311 3.2442 2.41384 2.38634 2.28872 2.60956 2.38615 2.22244 2.28767 2.22149 2.6614 2.22075 2.14932 2.14234 2.21896 2.1198 2.04472 2.05833 1.99771 3.25352 1.91623 1.89209 1.83683
threshold=0.7333333333333335 5.3011333813679853 1.0000000180025095e-35 5.5783001407402253 1.0000000180025095e-35 0.50307064221808606 0.09457079098184068 5.5652581246838251 5.5003400335032957 117.00000000000001 24.500000000000004 0.11994352032788679 0.47995490018784215 233.00000000000003 5.2681306423380407 0.16435227740156297 5.6561429606821259 1.0000000180025095e-35 1.0000000180025095e-35 0.50047965505621983 0.051142243406728724 9.9061393167307816 -0.21357624261151711 0.081745263688450517 16.500000000000004 133.00000000000003 -0.39128857406938994 1.0000000180025095e-35 173.00000000000003 12.798432636023522
decision_type=2 2 2 2 2 2 2 2 2 2 2 2 2 2 2 2 2 2 2 2 2 2 2 2 2 2 2 2 2 2
left_child=1 2 5 4 6 14 7 22 11 -6 25 12 27 -14 15 23 17 -5 -19 28 21 -9 -3 24 -1 -4 -27 -8 -16 -13
right_child=-2 3 10 16 9 -7 8 20 -10 -11 -12 29 13 -15 19 -17 -18 18 -20 -21 -22 -23 -24 -25 -26 26 -28 -29 -30 -31
leaf_value=0.0073387173776947676 -0.0047070472349183051 0.0090458406376498889 -0.0028185516377774609 0.004894166092470462 -0.0020271131902080556 0.0020009345762384907 -0.0012573284737021973 0.017753612680221721 0.0068249616771396812 0.0061223007082091344 -0.0033995991212429446 0.0074701852783645457 0.012047140695625567 0.0095199950560872649 -0.00053579745017392892 -0.0018123374915653861 0.0025422071495027863 0.0072883471288702345 0.0010313116803828072 0.0059353014664597723 0.0035832449986252708 0.014644154109862046 -0.00067146367518555966 0.0030583812671862395 0.0031891050062932804 0.0071892509100600858 0.00080710914312795271 0.0085030707652250462 0.0024691784926103291 0.010550754768550007
leaf_weight=756 143401 114 1457 15933 276 30043 193 58 27168 2400 1351 1211 2778 1601 1536 311 3067 290 1313 65 205 91 642 21915 815 82 1922 235 1365 1212
leaf_count=756 143401 114 1457 15933 276 30043 193 58 27168 2400 1351 1211 2778 1601 1536 311 3067 290 1313 65 205 91 642 21915 815 82 1922 235 1365 1212
internal_value=-0.00409111 0.00281425 0.00170113 0.00398098 0.00445108 0.00190807 0.00457841 0.00225225 0.00465347 0.00276159 -0.000741895 0.00559474 0.00622634 0.00659055 0.0022987 0.00245955 0.00310974 0.00332687 0.0013849 0.00100809 0.00624294 0.0108054 0.000383598 0.00251597 0.00425843 -4.62288e-05 0.000978045 0.0025 0.000806619 0.00434173
internal_weight=263806 120405 61618 58787 38184 56806 35508 1110 34398 2676 4812 7230 4807 4379 26763 23797 20603 17536 1603 2966 354 149 756 23486 1571 3461 2004 428 2901 2423
internal_count=263806 120405 61618 58787 38184 56806 35508 1110 34398 2676 4812 7230 4807 4379 26763 23797 20603 17536 1603 2966 354 149 756 23486 1571 3461 2004 428 2901 2423
is_linear=0
shrinkage=0.05


Tree=28
num_leaves=31
num_cat=0
split_feature=10 0 26 0 9 26 0 0 0 24 1 20 18 1 4 1 21 18 26 29 24 1 9 20 16 9 29 16 19 22
split_gain=4096.66 58.386 12.4694 7.8898 3.4764 3.15669 3.02738 2.89742 2.61948 2.21254 2.4772 2.16674 2.7865 2.09294 2.35298 2.54061 2.05417 2.05006 2.01704 2.00927 2.22068 2.72008 3.79339 2.7534 2.35286 1.98855 2.63869 3.00801 2.76379 1.91295
threshold=0.7333333333333335 5.446138084545372 1.0000000180025095e-35 5.5783001407402253 0.74278328224799639 1.0000000180025095e-35 5.5436514665010481 5.2275719340818574 5.6561429606821259 24.500000000000004 201.00000000000003 0.034592564109650885 5.7005334325441241 141.00000000000003 0.022798767839628673 273.00000000000006 2.5000000000000004 1.3580602092328122 1.0000000180025095e-35 0.013816729295986154 30.500000000000004 269.00000000000006 0.56510216603728458 0.10149378967729115 0.36707067132041299 0.76447674357495587 0.044985732942151975 0.078517297365095065 21.313781037388043 9.5000000000000018
decision_type=2 2 2 2 2 2 2 2 2 2 2 2 2 2 2 2 2 2 2 2 2 2 2 2 2 2 2 2 2 2
left_child=1 2 4 5 7 25 -7 11 13 10 16 12 -1 -5 15 17 -4 -15 -16 20 21 -13 23 24 -23 -3 27 -27 -28 -6
right_child=-2 3 9 8 29 6 -8 -9 -10 -11 -12 19 -14 14 18 -17 -18 -19 -20 -21 -22 22 -24 -25 -26 26 28 -29 -30 -31
leaf_value=0.005774603446262995 -0.0044541872480657069 0.0071833447528966603 -0.00026725494041707838 0.0052757711554490662 0.01091165806369597 0.0066063201022832614 0.00055611441973529494 0.0018041601000692992 0.0022673828860236703 -0.0033671493968738526 0.014076317720632654 0.0022806163280068236 -0.002667001693226484 0.0062362915258543112 0.0045229619345135332 -0.0060895300000883808 -0.010413092642911509 0.00029387108959547711 0.00058906218104325505 0.0032151222054664311 -0.0059605738879814733 0.013851188071373545 -0.0012063210842291367 0.0054810936761366651 0.010169880554820345 0.015444078324292031 0.0065007480409272657 0.0070222176663967129 0.0015794688029922772 0.01189994873176355
leaf_weight=1694 143336 30170 3244 8175 87 1701 952 35818 3054 1355 107 7135 209 371 7164 105 108 907 646 11795 250 96 195 134 107 70 2382 831 1111 179
leaf_count=1694 143336 30170 3244 8175 87 1701 952 35818 3054 1355 107 7135 209 371 7164 105 108 907 646 11795 250 96 195 134 107 70 2382 831 1111 179
internal_value=-0.00417677 0.00263275 0.00157439 0.0037806 0.00177837 0.00421394 0.00255183 0.00175196 0.00299089 -0.000870377 -0.000199479 0.00220911 0.00382028 0.00322835 0.00271076 0.000809834 -0.000438544 0.0014241 0.00304738 0.00205357 0.00143741 0.00158863 0.00503759 0.00824926 0.0119212 0.00434151 0.00334775 0.00576027 0.00272545 0.0074812
internal_weight=263488 120152 62513 57639 57699 37217 2653 57433 20422 4814 3459 21615 1903 17368 9193 1383 3352 1278 7810 19712 7917 7667 532 337 203 34564 4394 901 3493 266
internal_count=263488 120152 62513 57639 57699 37217 2653 57433 20422 4814 3459 21615 1903 17368 9193 1383 3352 1278 7810 19712 7917 7667 532 337 203 34564 4394 901 3493 266
is_linear=0
shrinkage=0.05


Tree=29
num_leaves=31
num_cat=0
split_feature=10 0 26 0 0 9 18 4 0 20 7 22 6 4 5 5 7 1 9 16 22 0 12 19 29 14 29 17 12 12
split_gain=4016.5 54.0848 12.8705 8.93638 2.81059 2.51862 2.89419 2.68048 2.98948 2.43927 2.25642 2.33419 2.13488 2.12991 2.06811 2.02179 2.22671 2.06718 1.9369 2.23795 1.9215 1.86847 1.8656 1.85771 2.16821 1.86704 2.13882 1.82701 1.79159 1.78967
threshold=0.7333333333333335 5.446138084545372 1.0000000180025095e-35 5.5746383022120165 5.5039670878674301 0.65568049383236227 6.7157789798930274 0.048155566077644117 5.1914582650287837 0.16865321434103539 0.19160002667849954 20.500000000000004 0.20311600295204271 0.049457790911196155 0.47764557689792719 0.50307064221808606 0.38988528062591404 245.00000000000003 0.6387723453071954 1.3712834172561443 30.500000000000004 5.618241300218509 1.3261992404697041 25.88509136901563 0.54280278330869824 0.74348039928712983 0.65717519895737342 3.5000000000000004 0.2220224091236562 0.27134765593293836
decision_type=2 2 2 2 2 2 2 2 2 2 2 2 2 2 2 2 2 2 2 2 2 2 2 2 2 2 2 2 2 2
left_child=1 2 5 4 10 6 7 8 -1 -10 11 -3 -8 -9 28 16 17 20 19 -16 -15 -5 -20 -6 -25 26 -26 -23 -12 -22
right_child=-2 3 -4 21 23 -7 12 13 9 -11 14 -13 -14 15 18 -17 -18 -19 22 -21 29 27 -24 24 25 -27 -28 -29 -30 -31
leaf_value=0.0040652054367443739 -0.0041835234103710433 0.015442133374185596 -0.0015992953258389842 0.0046758544826504328 0.0061782150335771236 0.0047082951591656125 0.010270001785893157 0.0057690392785479131 0.0018336624839330766 -8.7586584087732226e-05 0.0013590386618354217 0.0044671006399241266 0.00026260586822762815 0.0024424073768730321 0.0057932466054302174 0.0018649023099601572 0.0034962349702186771 -0.0012922662720462423 0.0097050030748783642 0.015232354371380666 0.004587069750106562 0.0046270927400436776 0.0031324134720879006 0.0030085156155955127 0.010380699359717208 0.011125562627093457 -0.0015342512416355993 0.0027812691653335921 0.0099718958958865279 0.0070719608367285948
leaf_weight=2526 143517 153 4854 11255 25691 1380 58 623 28518 2449 521 54 3735 1386 1639 7206 8767 815 5395 140 81 1114 223 1826 119 127 117 9194 211 118
leaf_count=2526 143517 153 4854 11255 25691 1380 58 623 28518 2449 521 54 3735 1386 1639 7206 8767 815 5395 140 81 1114 223 1826 119 127 117 9194 211 118
internal_value=-0.00423358 0.00250509 0.00148586 0.00360789 0.0040877 0.00169401 0.00164227 0.00173865 0.00146956 0.00133465 0.00489323 0.0100483 0.000308464 0.0022131 0.00476196 0.00211561 0.00253694 0.0011875 0.00501284 0.00357504 0.00223975 0.00280202 0.00546814 0.00384684 0.00244861 0.00597796 0.00334746 0.00231568 0.00222678 0.00683417
internal_weight=263812 120295 62516 57779 36216 57662 56282 52489 33493 30967 8336 207 3793 18996 8129 18373 11167 2400 7397 1779 1585 21563 5618 27880 2189 363 236 10308 732 199
internal_count=263812 120295 62516 57779 36216 57662 56282 52489 33493 30967 8336 207 3793 18996 8129 18373 11167 2400 7397 1779 1585 21563 5618 27880 2189 363 236 10308 732 199
is_linear=0
shrinkage=0.05


Tree=30
num_leaves=31
num_cat=0
split_feature=21 0 26 0 3 0 0 26 20 29 24 18 1 12 29 24 0 29 8 8 24 27 17 1 20 27 23 4 8 1
split_gain=3951.67 45.1861 10.7889 6.79381 4.47923 3.33657 2.67378 3.07144 2.48421 2.42043 2.6257 2.50225 2.27198 3.39642 2.55549 2.2435 2.17389 2.08032 1.99239 1.81457 1.81256 1.72321 1.68681 1.68434 2.29211 1.67969 1.85149 1.7333 1.66409 1.63814
threshold=15.000000000000002 5.3011333813679853 1.0000000180025095e-35 5.5484946787729337 0.046300854771734894 5.2315852847058562 5.6418675887389069 1.0000000180025095e-35 0.23661759625033579 -0.091673901992847542 1.5000000000000002 5.7005334325441241 277.00000000000006 0.10692433483270597 0.24469882651462146 24.500000000000004 5.2538158083088478 0.006879990237007339 1.1110763684696017 0.59161011478509085 30.500000000000004 1.5000000000000002 3.5000000000000004 165.00000000000003 0.099750824741804564 2.5000000000000004 5.5000000000000009 0.10300655519456049 0.76503617687851511 221.00000000000003
decision_type=2 2 2 2 2 2 2 2 2 2 2 2 2 2 2 2 2 2 2 2 2 2 2 2 2 2 2 2 2 2
left_child=1 2 5 4 -3 9 7 12 18 10 22 25 -5 14 17 16 -4 -14 -6 -15 28 -21 -1 -20 -25 26 -11 29 -12 -28
right_child=-2 3 15 6 8 -7 -8 -9 -10 11 20 -13 13 19 -16 -17 -18 -19 23 21 -22 -23 -24 24 -26 -27 27 -29 -30 -31
leaf_value=0.0010490394219515615 -0.0040036158602203189 -1.2616423839613087e-05 0.0013763060692291882 0.0047030963966142513 0.0068299294596311441 0.0016191978766204674 0.002510574502239054 0.0019937835436725109 0.01314734583904364 0.0038054022545795569 0.0024139784712071083 0.0016939076362643035 0.00062269301531477691 -0.0029413103332052637 0.00049764024716465814 -0.0032248716616340408 -0.0032064432177666222 0.020110572375963021 0.0038118187063739188 -0.00049454928197502444 -0.0073341461200873738 0.0098957771413932787 0.010061031031135143 0.019311885294455256 0.0093878272218420496 0.0072149905324889758 0.0005056070928182399 -0.0025078340338004646 -0.0030733134418717543 0.0031179374972769339
leaf_weight=71 143203 708 2140 22745 26905 32154 5176 2146 143 13469 5495 2725 53 257 133 1345 1262 91 68 354 180 65 106 83 98 283 1163 223 355 547
leaf_count=71 143203 708 2140 22745 26905 32154 5176 2146 143 13469 5495 2725 53 257 133 1345 1262 91 68 354 180 65 106 83 98 283 1163 223 355 547
internal_value=-0.00426892 0.0024018 0.00145356 0.00339009 0.00395465 0.00164503 0.0028804 0.00308814 0.00405649 0.00208311 0.00122926 0.00237099 0.00325217 0.000860441 0.00552347 -0.000836317 -0.000152851 0.0101389 0.00402188 -0.0010503 0.00105307 0.000978521 0.00723164 0.0084739 0.0109945 0.00261396 0.00254383 0.00109674 0.00120513 0.00163743
internal_weight=263746 120543 61518 59025 28005 56771 31020 25844 27297 24617 6207 18410 23698 953 277 4747 3402 144 27154 676 6030 419 177 249 181 15685 15402 1933 5850 1710
internal_count=263746 120543 61518 59025 28005 56771 31020 25844 27297 24617 6207 18410 23698 953 277 4747 3402 144 27154 676 6030 419 177 249 181 15685 15402 1933 5850 1710
is_linear=0
shrinkage=0.05


Tree=31
num_leaves=31
num_cat=0
split_feature=10 0 26 0 4 26 0 0 3 1 19 29 0 20 3 0 12 24 8 16 29 3 18 28 12 29 9 23 1 23
split_gain=3841.27 39.1694 11.1914 6.53666 3.45002 2.98287 3.38087 2.9247 3.23385 2.57744 2.98701 2.5012 2.13842 2.47685 2.08163 2.05427 2.10422 1.96429 1.80221 1.85308 1.79259 1.75722 1.74404 1.72736 1.9638 1.72223 1.68575 2.31599 1.84802 5.64752
threshold=0.7333333333333335 5.3011333813679853 1.0000000180025095e-35 5.5436514665010481 0.032790872225026566 1.0000000180025095e-35 5.6561429606821259 5.473950012258177 0.30870022075787201 277.00000000000006 7.578876053668032 0.65717519895737342 5.2496486618961447 0.12888260280427136 0.29241005983366214 5.2538158083088478 0.31190890070982774 27.500000000000004 0.26924429636132113 0.091392141627769929 -0.079601987813108552 -0.027839787656077655 1.1701297279458844 2.5000000000000004 0.37049919316409535 -0.20412741796955056 0.80573864725206634 5.5000000000000009 277.00000000000006 3.5000000000000004
decision_type=2 2 2 2 2 2 2 2 2 2 2 2 2 2 2 2 2 2 2 2 2 2 2 2 2 2 2 2 2 2
left_child=1 2 12 4 20 6 9 8 17 -5 14 -10 21 23 -11 16 -4 -6 -15 -20 -3 -1 -9 -14 -25 -21 28 -28 -24 -30
right_child=-2 3 15 5 7 -7 -8 22 11 10 -12 -13 13 18 -16 -17 -18 -19 19 25 -22 -23 26 24 -26 -27 27 -29 29 -31
leaf_value=0.00096909809528713674 -0.0037990320894897723 -0.0041412784471161939 -0.0028434475278168981 0.0043410731340941255 0.00023531422043701405 0.0016452974518664423 0.0017362622514250411 -0.0020113079282191213 0.012312081943662401 0.0039068835465121505 -0.00033307028646249151 0.0044666102605971239 0.0015275121617499845 0.0047376408599322413 0.018238256187846424 -0.0035047842259649745 0.0011895600047074014 0.017612889669939742 -0.0036818696360400218 -0.0026463903255718878 0.0013566199553978892 0.002579585811449207 0.0061695662872515433 0.011600929618141678 0.00048728973600759652 0.00084744179317910529 0.0019113321828765147 0.011207405481269184 0.011527287528781913 0.0031589795083084744
leaf_weight=4477 143569 90 1371 26431 397 2825 2784 244 1964 54 990 327 15993 197 61 1669 1752 70 437 404 270 32896 19765 53 51 2129 1081 160 705 623
leaf_count=4477 143569 90 1371 26431 397 2825 2784 244 1964 54 990 327 15993 197 61 1669 1752 70 437 404 270 32896 19765 53 51 2129 1081 160 705 623
internal_value=-0.00436285 0.00222874 0.00134562 0.00315069 0.00374922 0.00268668 0.00283146 0.00381828 0.00535533 0.00299935 0.000633485 0.00612833 0.00154193 0.001114 0.00826087 -0.00097454 -0.000217739 0.00156317 -0.000164193 -0.00047138 -0.00111111 0.0017625 0.00363053 0.00136547 0.00778846 4.73753e-05 0.00367646 0.00188558 0.00378182 0.00558735
internal_weight=263839 120270 61429 58841 25696 33145 30320 25336 2758 27536 1105 2291 56637 19264 115 4792 3123 467 3167 2970 360 37373 22578 16097 104 2533 22334 1241 21093 1328
internal_count=263839 120270 61429 58841 25696 33145 30320 25336 2758 27536 1105 2291 56637 19264 115 4792 3123 467 3167 2970 360 37373 22578 16097 104 2533 22334 1241 21093 1328
is_linear=0
shrinkage=0.05


Tree=32
num_leaves=31
num_cat=0
split_feature=10 0 26 0 7 0 0 23 14 5 12 23 20 2 4 18 12 2 24 21 4 5 23 19 7 7 12 5 14 0
split_gain=3778.44 34.6154 8.37624 5.21748 3.21222 3.08801 2.72551 1.88077 1.87637 1.81675 1.81173 1.79653 1.78183 1.81435 1.75338 2.19969 1.73556 1.70091 1.66864 2.315 2.56265 2.48473 2.40051 2.00208 1.72877 2.54466 1.80741 1.6785 1.84887 1.65956
threshold=0.7333333333333335 5.3011333813679853 1.0000000180025095e-35 5.5436514665010481 0.42105498905932109 5.2768833450685602 5.1701421864534813 1.0000000180025095e-35 0.49877466842308094 0.75544060075152986 1.0826507723303271 5.5000000000000009 0.020434079988732284 0.37710112031248044 0.026500569984982073 3.2260929062243267 0.29561904500426478 0.077462377750028219 14.500000000000002 1.5000000000000002 0.025351293128581632 0.42698667930656026 5.5000000000000009 40.672777433114675 0.42657334683777942 0.48220783861938465 1.759114315677379 0.74013595427780354 1.9897057271910594 5.2538158083088478
decision_type=2 2 2 2 2 2 2 2 2 2 2 2 2 2 2 2 2 2 2 2 2 2 2 2 2 2 2 2 2 2
left_child=1 2 5 4 12 6 7 -1 16 29 11 -8 13 -3 15 -6 -4 -5 19 22 -21 -22 -19 27 26 -26 -23 -20 -29 -10
right_child=-2 3 8 17 14 -7 10 -9 9 -11 -12 -13 -14 -15 -16 -17 -18 18 23 20 21 24 -24 -25 25 -27 -28 28 -30 -31
leaf_value=-0.001263465249616777 -0.003644136437734681 0.0071878214695411061 -0.0049051883574604879 0.002920524139378571 0.0032417599623330491 0.0002633144673926309 0.0022360420300288602 0.0058819939641736527 0.0015557873787907764 -0.0079156305796652098 0.00026760529162467831 0.0010358986759146235 0.0063678210337921792 -0.00019858420037872365 0.0042455418535923013 -0.0056378530681470973 -0.00097173094497469623 -0.0014376308214942865 0.0041682922843128221 -0.0012073338171784587 0.00081382503443487315 0.0039572135544286334 0.0047837269452736019 -0.0051965039815958236 0.0084799341852759402 0.0062841671221147422 -0.0057745847699974583 0.0055898512674586861 0.0099859217582473694 -0.0017061580118758676
leaf_weight=207 143528 342 738 8896 211 4619 41392 1375 2024 110 2747 6350 22862 605 1618 107 746 835 11074 628 972 6553 144 83 473 892 94 2331 114 1191
leaf_count=207 143528 342 738 8896 211 4619 41392 1375 2024 110 2747 6350 22862 605 1618 107 746 835 11074 628 972 6553 144 83 473 892 94 2331 114 1191
internal_value=-0.00440652 0.00212801 0.00129856 0.00299504 0.00352884 0.00146851 0.00157842 0.003622 -0.000704928 -4.51122e-05 0.00151439 0.00158623 0.0036881 0.00156283 0.00157025 -0.0018239 -0.00218329 0.00257971 0.00279709 0.0023265 0.00256242 0.00277827 1.02151e-05 0.00316351 0.0030679 0.00468865 0.00273507 0.00321104 0.00439673 0.000171074
internal_weight=263861 120333 61499 58834 25745 56690 52071 1582 4809 3325 50489 47742 23809 947 1936 318 1484 33089 24193 10591 9612 8984 979 13602 8012 1365 6647 13519 2445 3215
internal_count=263861 120333 61499 58834 25745 56690 52071 1582 4809 3325 50489 47742 23809 947 1936 318 1484 33089 24193 10591 9612 8984 979 13602 8012 1365 6647 13519 2445 3215
is_linear=0
shrinkage=0.05


Tree=33
num_leaves=31
num_cat=0
split_feature=10 0 26 0 0 17 0 3 0 5 29 13 8 24 9 6 7 16 29 8 23 6 8 0 22 7 23 9 29 18
split_gain=3754.24 35.9483 7.66862 5.89506 3.22176 2.79268 2.78046 2.2764 2.8419 2.19537 2.83368 2.94899 2.42851 2.53431 2.30066 2.20639 1.77905 1.74119 1.72827 1.66664 1.65671 1.65855 1.83134 1.65063 1.63923 1.60267 1.59813 1.58826 1.99735 1.56209
threshold=0.7333333333333335 5.446138084545372 1.0000000180025095e-35 5.5179658713565738 5.6136670051882271 3.5000000000000004 5.1802844912163515 0.30361187428283354 5.2768833450685602 0.4852070220145912 0.29198063546128966 0.4286449668743027 0.46084508478930353 17.500000000000004 0.54752019377041572 0.51837127012264927 0.19160002667849954 0.27272628683104311 -0.53032473659995172 0.53151429110267523 5.5000000000000009 0.25459007079663287 0.39966913175024671 5.6757271873972215 23.500000000000004 0.67702452202027141 5.5000000000000009 0.7814472880881026 0.40043456165707342 7.2971603810902161
decision_type=2 2 2 2 2 2 2 2 2 2 2 2 2 2 2 2 2 2 2 2 2 2 2 2 2 2 2 2 2 2
left_child=1 2 6 16 19 -6 9 8 20 12 -11 15 -1 -14 17 -12 24 -15 -4 -5 -8 -22 -23 -7 -3 27 -9 -21 -29 -24
right_child=-2 3 18 4 5 23 7 26 -10 10 11 -13 13 14 -16 -17 -18 -19 -20 25 21 22 29 -25 -26 -27 -28 28 -30 -31
leaf_value=0.0030878509497163659 -0.0034359820238352825 0.011400507266808557 0.0049642618827902309 0.0033077974629124943 0.0048826467532324218 0.0027445463270669296 0.0020357836083874192 0.0063813741039332661 0.00016183173654256631 0.001822911371127162 -0.0039668629319885669 0.0092151097730579726 0.010404989892326145 0.00051681026866866645 -0.0024140394590332838 0.0097379723187755937 0.006703081358799776 0.0095165300797687216 -0.0011206891680668959 0.0047155163544307403 -0.0035104935361915967 0.0025412367613777704 0.00031910013371873921 -0.00045492045216063439 0.0063435331185612565 0.011637160338562269 0.016697656628321626 0.00037365294730021709 0.005595977488762934 0.0038921539809384713
leaf_weight=351 143673 260 70 8378 1203 9148 42570 439 5057 1435 116 113 432 105 180 60 13112 184 4773 22978 304 1102 4885 965 87 94 69 927 525 264
leaf_count=351 143673 260 70 8378 1203 9148 42570 439 5057 1435 116 113 432 105 180 60 13112 184 4773 22978 304 1102 4885 965 87 94 69 927 525 264
internal_value=-0.00443585 0.00208502 0.00125438 0.00298525 0.00270636 0.00197861 0.00141487 0.00133388 0.00130265 0.00290323 0.00174594 0.00626298 0.00449681 0.00587125 0.00332623 0.00221591 0.00390148 0.00608997 -0.000656617 0.00295666 0.00141883 0.000678872 0.000854264 0.0017077 0.00743516 0.00316466 0.00466535 0.00313958 0.00153581 0.000458342
internal_weight=263859 120186 62509 57677 44218 11316 57666 54690 54182 2976 1724 289 1252 901 469 176 13459 289 4843 32902 49125 6555 6251 10113 347 24524 508 24430 1452 5149
internal_count=263859 120186 62509 57677 44218 11316 57666 54690 54182 2976 1724 289 1252 901 469 176 13459 289 4843 32902 49125 6555 6251 10113 347 24524 508 24430 1452 5149
is_linear=0
shrinkage=0.05


Tree=34
num_leaves=31
num_cat=0
split_feature=19 28 6 22 0 18 22 28 0 18 10 27 18 0 0 27 0 5 22 27 24 28 1 26 18 0 6 1 19 24
split_gain=782.328 207.413 121.313 95.6273 58.15 51.1978 55.6188 35.6353 30.4465 30.1229 29.1497 31.9101 20.4399 17.5308 16.4585 16.0825 15.6257 14.9223 12.7792 12.4888 14.6122 12.9668 12.2297 11.8326 11.3826 16.5704 11.3385 17.6229 10.3427 9.40736
threshold=45.784357802777031 11.500000000000002 0.063193627739669814 9.5000000000000018 4.5790689627974688 0.45961432632493199 14.500000000000002 12.500000000000002 5.446138084545372 1.2544728625078301 0.25000000000000006 27.500000000000004 10.624203996195957 4.9798296441859744 4.5649191543146843 28.500000000000004 4.5402900480898207 0.95159598323337946 12.500000000000002 2.5000000000000004 8.5000000000000018 17.500000000000004 129.00000000000003 1.0000000180025095e-35 26.7162527832748 4.9798296441859744 0.11191186438626136 241.00000000000003 0.65023692081831774 5.5000000000000009
decision_type=2 2 2 2 2 2 2 2 2 2 2 2 2 2 2 2 2 2 2 2 2 2 2 2 2 2 2 2 2 2
left_child=1 2 3 10 9 6 15 12 23 17 -1 -12 13 -2 -14 28 -9 22 -16 20 -6 -21 -3 26 25 -20 27 -7 -4 -13
right_child=7 4 5 -5 19 8 -8 16 -10 -11 11 29 14 -15 18 -17 -18 -19 24 21 -22 -23 -24 -25 -26 -27 -28 -29 -30 -31
leaf_value=-0.0053032137263099499 1.9739179531608283e-06 1.9739179531608283e-06 1.9739179531608283e-06 1.9739179531608283e-06 1.9739179531608283e-06 1.9739179531608283e-06 1.9739179531608283e-06 -0.0033658356608231989 0.0041728353028379949 1.9739179531608283e-06 1.9739179531608283e-06 1.9739179531608283e-06 1.9739179531608283e-06 -0.0019148300151471363 -0.0050461966774001804 1.9739179531608283e-06 -0.0049785702800925619 1.9739179531608283e-06 -0.001382868797157596 -0.0022840525295055171 -0.0045822805268500326 -0.0044564251998174568 1.9739179531608283e-06 -0.0016798991191509763 -0.0056716645866159623 -0.002632007665245518 1.9739179531608283e-06 1.9739179531608283e-06 1.9739179531608283e-06 1.9739179531608283e-06
leaf_weight=85 1341 284 210 1696 1379 634 795 2085 57524 4791 530 125 2778 1713 10120 643 50236 193 6856 7955 1897 16386 73 5758 8971 4321 73771 169 172 416
leaf_count=85 1341 284 210 1696 1379 634 795 2085 57524 4791 530 125 2778 1713 10120 643 50236 193 6856 7955 1897 16386 73 5758 8971 4321 73771 169 172 416
internal_value=-0.000579635 0.00135276 0.00217936 0.0123878 -0.00222192 0.00197092 0.0103022 -0.00441479 0.00186093 0.00255383 0.0234775 0.0257143 -0.00320637 0.00070727 -0.00356806 0.018 -0.00524856 0.0136364 -0.0039061 -0.00314553 -0.000247252 -0.0035356 0.0196919 0.00123214 -0.00317798 -0.00211327 0.00140076 0.00731009 0.0261257 0.0171719
internal_weight=263907 175486 142528 2852 32958 139676 1820 88421 137856 5341 1156 1071 36100 3054 33046 1025 52321 550 30268 27617 3276 24341 357 80332 20148 11177 74574 803 382 541
internal_count=263907 175486 142528 2852 32958 139676 1820 88421 137856 5341 1156 1071 36100 3054 33046 1025 52321 550 30268 27617 3276 24341 357 80332 20148 11177 74574 803 382 541
is_linear=0
shrinkage=0.05


Tree=35
num_leaves=31
num_cat=0
split_feature=19 21 27 6 22 4 27 19 22 0 27 0 27 19 22 6 18 22 19 27 17 22 1 21 22 6 26 18 27 2
split_gain=751.362 91.5051 76.1046 79.979 77.2096 75.499 61.7295 49.3288 35.3869 34.0694 33.9181 29.0647 23.3658 22.9246 37.5322 19.3033 18.7437 16.0748 16.6718 28.9496 13.4587 12.1379 14.6746 13.028 11.3977 19.7134 10.0501 9.9111 9.22682 32.0837
threshold=45.784357802777031 34.500000000000007 21.500000000000004 0.08327215003663524 11.500000000000002 -0.25513800502060524 24.500000000000004 2.1354914317872797 8.5000000000000018 4.5649191543146843 23.500000000000004 5.446138084545372 27.500000000000004 1.4198908949445443 16.500000000000004 0.053754574504335205 26.7162527832748 12.500000000000002 1.4198908949445443 12.500000000000002 6.5000000000000009 5.5000000000000009 253.00000000000003 31.500000000000004 12.500000000000002 0.04061927638801887 1.0000000180025095e-35 27.128754031150198 12.500000000000002 -0.089270723784941969
decision_type=2 2 2 2 2 2 2 2 2 2 2 2 2 2 2 2 2 2 2 2 2 2 2 2 2 2 2 2 2 2
left_child=1 2 5 4 12 17 -3 8 -8 20 27 26 15 14 -5 -4 24 18 19 -1 -2 -15 -23 -24 25 -12 -7 -11 -20 -30
right_child=9 6 3 13 -6 11 7 -9 -10 10 16 -13 -14 21 -16 -17 -18 -19 28 -21 -22 22 23 -25 -26 -27 -28 -29 29 -31
leaf_value=1.8752220555027872e-06 -0.0074934929424510677 -0.0047791911804048806 1.8752220555027872e-06 1.8752220555027872e-06 1.8752220555027872e-06 0.00022479517794403369 1.8752220555027872e-06 -0.0014857259949998093 1.8752220555027872e-06 -0.0036302295414830164 1.8752220555027872e-06 0.0040554945060388582 1.8752220555027872e-06 1.8752220555027872e-06 -0.00027654035060676615 1.8752220555027872e-06 -0.0061907240501920691 -0.0037676453436637372 -0.0043301188342447375 0.00011617654442843669 1.8752220555027872e-06 1.8752220555027872e-06 1.8752220555027872e-06 1.8752220555027872e-06 -0.0010710719122732787 -0.0034989216132495582 -0.0017122869058423945 -0.0070288547677122785 1.8752220555027872e-06 4.7595870911535374e-05
leaf_weight=543 1387 9412 434 343 1126 66212 666 5225 582 37234 63 57768 480 2961 308 136 7826 9876 3251 113 4253 6814 548 227 8511 4576 5526 24588 2477 89
leaf_count=543 1387 9412 434 343 1126 66212 666 5225 582 37234 63 57768 480 2961 308 136 7826 9876 3251 113 4253 6814 548 227 8511 4576 5526 24588 2477 89
internal_value=-0.000535372 0.00136183 0.00172283 0.00533229 0.0141039 0.00139179 -0.00225685 0.00150162 0.0104327 -0.00429205 -0.00454818 0.00179598 0.0238571 0.00362825 0.0127343 0.0307018 -0.00281083 -0.0018099 0.000126681 0.00768293 -0.000531914 0.00306635 0.00412571 0.0106452 -0.00165779 -0.00365165 0.00112381 -0.00513765 -0.000725459 0.00151598
internal_weight=263555 175117 159232 13377 2176 145855 15885 6473 1248 88438 82798 129506 1050 11201 651 570 20976 16349 6473 656 5640 10550 7589 775 13150 4639 71738 61822 5817 2566
internal_count=263555 175117 159232 13377 2176 145855 15885 6473 1248 88438 82798 129506 1050 11201 651 570 20976 16349 6473 656 5640 10550 7589 775 13150 4639 71738 61822 5817 2566
is_linear=0
shrinkage=0.05


Tree=36
num_leaves=31
num_cat=0
split_feature=28 19 6 22 19 18 28 24 21 22 24 3 11 22 12 21 3 18 11 22 17 22 22 21 24 24 22 26 24 22
split_gain=751.172 167.448 105.05 65.3964 58.6955 39.7773 39.6245 27.8395 26.9994 26.8549 21.1306 19.2952 18.4162 25.4016 30.5244 13.4571 16.1745 16.4336 13.5374 18.6295 12.7688 10.646 10.1888 10.0794 9.97011 9.90597 13.7863 9.42198 9.15284 8.69164
threshold=7.5000000000000009 53.611617177332597 0.063193627739669814 13.500000000000002 59.99486014821899 0.45961432632493199 14.500000000000002 4.5000000000000009 48.000000000000007 15.500000000000002 27.500000000000004 0.24756238712469233 0.03502285097609234 11.500000000000002 0.13539003953491638 32.500000000000007 -0.69829582612706542 13.465590563590967 0.097228178678724145 7.5000000000000009 9.5000000000000018 9.5000000000000018 19.500000000000004 36.500000000000007 5.5000000000000009 7.5000000000000009 1.5000000000000002 1.0000000180025095e-35 9.5000000000000018 17.500000000000004
decision_type=2 2 2 2 2 2 2 2 2 2 2 2 2 2 2 2 2 2 2 2 2 2 2 2 2 2 2 2 2 2
left_child=1 2 3 7 6 9 12 -1 23 -4 25 15 13 14 28 16 17 18 22 -20 21 -6 -7 -8 -21 -9 -27 -18 -2 -3
right_child=4 29 5 -5 20 11 8 10 -10 -11 -12 -13 -14 -15 -16 -17 27 -19 19 24 -22 -23 -24 -25 -26 26 -28 -29 -30 -31
leaf_value=1.7814609527276477e-06 4.640957460549665e-05 -0.0039201636165564768 1.7814609527276477e-06 1.7814609527276477e-06 -0.0052934977273965435 1.7814609527276477e-06 -0.0029653603594481095 1.7814609527276477e-06 7.6161521805493255e-05 1.7814609527276477e-06 1.7814609527276477e-06 0.0040947236825592268 -0.0013020319547282265 -9.3645368416988979e-06 -7.1921309588688661e-06 -0.0027185145551357672 0.0011971444440949535 1.7814609527276477e-06 -0.0017245650350025167 1.7814609527276477e-06 -0.0029593458817539445 -0.004039043869898922 1.7814609527276477e-06 -0.0048936304828867587 1.7814609527276477e-06 1.7814609527276477e-06 1.7814609527276477e-06 -0.0007705386890032636 1.7814609527276477e-06 -0.0024557268997373416
leaf_weight=306 88 8422 809 1029 18548 804 26446 293 1714 459 214 41633 12586 2368 514 4099 76685 1990 915 650 2210 34165 297 7962 989 68 339 6430 542 10164
leaf_count=306 88 8422 809 1029 18548 804 26446 293 1714 459 214 41633 12586 2368 514 4099 76685 1990 915 650 2210 34165 297 7962 989 68 339 6430 542 10164
internal_value=-0.000781571 0.00142565 0.00202567 0.0127434 -0.00400754 0.00184811 -0.00280735 0.0205738 -0.00372681 0.0106625 0.0162035 0.00176501 -0.000744191 0.00245729 0.00857518 0.001364 0.00149335 0.00408326 0.00607387 0.00407596 -0.00514866 -0.00530476 0.0107084 -0.00403191 0.00726663 0.012 0.00695332 0.00131745 0.0159524 -0.0030297
internal_weight=263738 156595 138009 2249 107143 135760 52220 1220 36122 1268 914 134492 16098 3512 1144 92859 88760 5645 3655 2554 54923 52713 1101 34408 1639 700 407 83115 630 18586
internal_count=263738 156595 138009 2249 107143 135760 52220 1220 36122 1268 914 134492 16098 3512 1144 92859 88760 5645 3655 2554 54923 52713 1101 34408 1639 700 407 83115 630 18586
is_linear=0
shrinkage=0.05


Tree=37
num_leaves=31
num_cat=0
split_feature=19 28 6 22 17 18 20 22 27 3 28 18 28 27 17 4 19 22 27 24 3 28 18 28 4 24 22 27 6 6
split_gain=670.989 148.852 82.3029 80.0483 46.2248 45.1627 48.4493 48.3528 43.3286 38.3289 37.9614 23.3672 22.4281 22.2275 18.9411 18.5303 17.6485 15.8354 15.1982 16.6402 13.3798 11.6124 10.7901 10.0946 10.0058 9.68169 10.6322 9.09481 8.95306 8.20638
threshold=42.526204841942032 11.500000000000002 0.063193627739669814 10.500000000000002 8.5000000000000018 0.45961432632493199 0.3948836546645465 15.500000000000002 21.500000000000004 -0.69829582612706542 13.500000000000002 12.112820027334863 7.5000000000000009 27.500000000000004 9.5000000000000018 0.15667436118434777 0.24464730749110022 12.500000000000002 2.5000000000000004 8.5000000000000018 -0.59791147410268808 17.500000000000004 26.7162527832748 33.500000000000007 -0.019293868432477181 5.5000000000000009 1.5000000000000002 30.500000000000004 1.7139941898424413 0.022843246169900296
decision_type=2 2 2 2 2 2 2 2 2 2 2 2 2 2 2 2 2 2 2 2 2 2 2 2 2 2 2 2 2 2
left_child=1 2 3 8 18 7 15 -4 -1 -8 11 20 27 -10 -12 -7 24 -13 19 23 28 -20 -19 -3 -6 -15 -27 -11 -2 -22
right_child=10 4 5 -5 16 6 9 -9 13 12 14 17 -14 25 -16 -17 -18 22 21 -21 29 -23 -24 -25 -26 26 -28 -29 -30 -31
leaf_value=-5.9364453771036408e-07 1.6923879050912652e-06 0.00033852550721109512 1.6923879050912652e-06 1.6923879050912652e-06 0.00015004947892513314 0.00026231168715750656 1.6923879050912652e-06 -8.8963099996139534e-06 1.6923879050912652e-06 -5.8075761252020027e-05 -0.0044270237467543437 -0.004591080600276516 7.9987183698038544e-07 1.6923879050912652e-06 -0.0030020659638598747 0.0040368126147409204 7.2353445715218589e-05 -0.0017072303563420968 -0.0018957029034056391 -0.0038470919720930679 5.5674125399091741e-05 -0.003986531465509347 -0.0047925102641048628 -0.0077122213452851807 -2.0266151375470151e-06 1.6923879050912652e-06 1.6923879050912652e-06 -0.0012964065401738002 0.00024848829686606493 -0.0012091270800512492
leaf_weight=168 2149 1003 1014 1547 205 85184 1950 756 442 2551 48635 12722 1738 129 3046 43350 5067 11798 7076 1689 128 14947 10913 198 72 98 319 1110 196 3483
leaf_count=168 2149 1003 1014 1547 205 85184 1950 756 442 2551 48635 12722 1738 129 3046 43350 5067 11798 7076 1689 128 14947 10913 198 72 98 319 1110 196 3483
internal_value=-0.000822692 0.00104019 0.0017259 0.0103663 -0.00214066 0.00155623 0.00145287 0.00949153 0.0203201 -0.00249558 -0.00423767 -0.00310928 -0.00466568 0.0243117 -0.00514135 0.00167862 0.00207897 -0.00359636 -0.0030458 0.000363322 -0.000211551 -0.00349317 -0.00280525 0.00486262 0.0143682 0.0175641 0.0138609 -0.0068861 0.00272921 -0.0021213
internal_weight=263683 170613 140356 2703 30257 137653 135883 1770 1156 7349 93070 41389 5399 988 51681 128534 5344 35433 24913 2890 5956 22023 22711 1201 277 546 417 3661 2345 3611
internal_count=263683 170613 140356 2703 30257 137653 135883 1770 1156 7349 93070 41389 5399 988 51681 128534 5344 35433 24913 2890 5956 22023 22711 1201 277 546 417 3661 2345 3611
is_linear=0
shrinkage=0.05


Tree=38
num_leaves=31
num_cat=0
split_feature=18 0 10 27 18 22 0 6 18 27 0 6 27 22 21 22 5 22 24 1 19 22 27 22 18 27 19 0 1 24
split_gain=639.544 67.2483 58.6172 62.6778 114.602 88.547 57.5975 47.889 36.8538 25.4912 21.2269 20.0931 36.6687 35.3017 17.6783 15.3471 15.183 14.0298 13.4967 13.1358 12.7354 12.2148 11.808 11.7665 12.4972 11.8698 13.4151 15.7546 11.2089 10.168
threshold=8.3094588104853688 4.5724882964329003 0.41666666666666674 21.500000000000004 0.45961432632493199 15.500000000000002 4.5649191543146843 0.063193627739669814 21.263223200823713 28.500000000000004 5.446138084545372 0.063193627739669814 21.500000000000004 13.500000000000002 34.500000000000007 13.500000000000002 0.40747828828078908 1.5000000000000002 8.5000000000000018 185.00000000000003 0.65023692081831774 2.5000000000000004 6.5000000000000009 10.500000000000002 12.78051326677349 18.500000000000004 42.526204841942032 4.9965635965540569 161.00000000000003 17.500000000000004
decision_type=2 2 2 2 2 2 2 2 2 2 2 2 2 2 2 2 2 2 2 2 2 2 2 2 2 2 2 2 2 2
left_child=2 28 10 6 5 9 16 15 11 20 -1 12 -3 19 18 -6 -4 -11 22 -14 -5 -22 -8 24 -13 -25 -27 -28 -2 -20
right_child=1 8 3 4 7 -7 14 -9 -10 17 -12 23 13 -15 -16 -17 -18 -19 29 -21 21 -23 -24 25 -26 26 27 -29 -30 -31
leaf_value=0.0014264837103974348 2.7285756565084816e-05 -0.0026344172663857897 0.00018322324213451794 1.607768509836702e-06 1.607768509836702e-06 1.607768509836702e-06 0.00032159923185054039 -5.5171973189419023e-05 -0.0052569147885784852 1.607768509836702e-06 0.0036232239662493228 -0.001119338970221842 1.607768509836702e-06 -0.00037756245814266033 -0.0037386320940826011 1.607768509836702e-06 0.00013528584519880194 1.607768509836702e-06 -0.0036954870587527599 1.607768509836702e-06 -0.002086734541202962 1.607768509836702e-06 -0.0027949908176871461 -0.003013852052778921 -0.0037877097890051514 -5.5171973189419023e-05 8.7053905722196104e-05 -0.0019160257899938048 -0.0038055756398894663 -0.00075721154405373992
leaf_weight=61295 8705 1015 76 379 386 1469 1279 8763 46520 184 57738 6762 59 244 6178 394 821 879 4937 217 52 111 685 19234 10389 3217 6113 4320 4006 7304
leaf_count=61295 8705 1015 76 379 386 1469 1279 8763 46520 184 57738 6762 59 244 6178 394 821 879 4937 217 52 111 685 19234 10389 3217 6113 4320 4006 7304
internal_value=-0.000939062 -0.00383173 0.00115674 -0.00067764 0.00211461 0.0105107 -0.00233318 -0.000589961 -0.00427515 0.0186293 0.00167911 -0.00335466 0.00228013 0.0130769 -0.00287887 0.0112821 0.0100669 0.0141298 -0.00190778 0.0253261 0.0274539 0.0157669 0.00193992 -0.00352753 -0.00458924 -0.00297379 -0.00184615 -0.000975749 -0.000409881 -0.00252512
internal_weight=263731 110801 152930 33897 12617 3074 21280 9543 98090 1605 119033 51570 1535 520 20383 780 897 1063 14205 276 542 163 1964 50035 17151 32884 13650 10433 12711 12241
internal_count=263731 110801 152930 33897 12617 3074 21280 9543 98090 1605 119033 51570 1535 520 20383 780 897 1063 14205 276 542 163 1964 50035 17151 32884 13650 10433 12711 12241
is_linear=0
shrinkage=0.05


Tree=39
num_leaves=31
num_cat=0
split_feature=18 28 18 22 0 0 27 28 0 18 11 22 0 7 18 12 13 22 11 10 27 24 22 22 18 18 22 1 0 27
split_gain=589.8 140.87 101.295 114.625 83.2563 63.1554 32.2868 29.4941 25.2668 19.6519 21.3956 35.1974 27.0875 15.8828 15.5538 14.5613 26.3593 36.8525 35.9413 20.8137 13.2841 12.7638 11.8934 11.1844 11.1597 10.7217 10.4913 10.1673 9.87955 9.49016
threshold=10.174782549762595 13.500000000000002 0.45961432632493199 15.500000000000002 4.5649191543146843 4.5790689627974688 28.500000000000004 11.500000000000002 5.3011333813679853 13.217980032204883 0.029282661969955132 10.500000000000002 4.7136623405178657 0.53270460013219534 0.096941918992014112 0.051673844422519523 0.090800628890847793 14.500000000000002 0.089873601561975755 0.41666666666666674 2.5000000000000004 8.5000000000000018 2.5000000000000004 3.5000000000000004 2.2520765044539828 18.942003188433187 17.500000000000004 125.00000000000001 4.6568054714595153 27.500000000000004
decision_type=2 2 2 2 2 2 2 2 2 2 2 2 2 2 2 2 2 2 2 2 2 2 2 2 2 2 2 2 2 2
left_child=1 2 3 6 -2 13 14 9 15 10 11 12 -6 24 -1 16 17 18 29 -17 21 -7 -16 -8 27 28 -11 -3 -9 -4
right_child=4 5 8 -5 7 20 23 25 -10 26 -12 -13 -14 -15 22 19 -18 -19 -20 -21 -22 -23 -24 -25 -26 -27 -28 -29 -30 -31
leaf_value=3.3867581216017087e-05 2.4348068158246119e-07 0.00019721956971242854 5.23624012501063e-05 1.5273800843448671e-06 4.4543752058308041e-05 0.00010589724417762481 1.5273800843448671e-06 -0.0025695743522988904 0.0033825448361815128 -0.0039095560223229055 -0.00068159795347933014 -8.6645977933131116e-06 -0.0023276554314076948 0.00012852151658500558 -0.00065901311338238591 0.0013287256920032501 5.7365047356226718e-05 1.5273800843448671e-06 -6.2024941074425324e-05 -5.2413374529948079e-05 -0.0026486856555691315 -0.0031029190552476242 6.6718050868392581e-05 1.5273800843448671e-06 0.00017314638604763266 -0.0050908804211731561 -0.0025597476487159918 0.00013811359704958583 -0.0030764655320819523 1.5273800843448671e-06
leaf_weight=413 11496 195 453 1770 296 1124 367 2431 58723 14490 4818 447 134 931 68 57524 4732 1265 299 12042 19044 1674 200 651 298 34914 13604 73 18735 323
leaf_count=413 11496 195 453 1770 296 1124 367 2431 58723 14490 4818 447 134 931 68 57524 4732 1265 299 12042 19044 1674 200 651 298 34914 13604 73 18735 323
internal_value=-0.000876319 0.000993779 0.001598 0.0100346 -0.0038682 -0.00260037 0.0193114 -0.00438071 0.00138179 -0.00321377 -0.000535557 0.00664766 0.0168605 0.00733467 0.0277386 0.000783815 0.00294542 0.00728633 0.014093 0.000564069 -0.00328129 -6.43311e-05 0.0183582 0.0136739 0.0139399 -0.00508381 -0.00375667 0.0213433 -0.00419588 0.019768
internal_weight=263534 162169 138830 3469 101365 23339 1699 89869 135361 33789 5695 877 430 1497 681 76638 7072 2340 1075 69566 21842 2798 268 1018 566 56080 28094 268 21166 776
internal_count=263534 162169 138830 3469 101365 23339 1699 89869 135361 33789 5695 877 430 1497 681 76638 7072 2340 1075 69566 21842 2798 268 1018 566 56080 28094 268 21166 776
is_linear=0
shrinkage=0.05


Tree=40
num_leaves=31
num_cat=0
split_feature=19 28 0 28 18 0 19 10 5 21 21 24 0 18 0 0 18 3 28 21 0 28 13 6 1 11 5 19 5 0
split_gain=544.61 84.8934 62.902 49.6803 30.6202 26.1704 25.0838 29.7961 17.1534 16.9893 15.618 20.1919 15.3518 14.1472 13.1224 12.9971 12.502 11.7433 16.8921 13.9246 12.7933 10.0459 9.39917 9.0455 8.80876 8.39682 8.18886 7.73869 14.5348 7.73365
threshold=37.371400064480738 12.500000000000002 4.5860089852518895 10.500000000000002 13.465590563590967 4.5563455921752096 1.7848420432873564 0.41666666666666674 0.40747828828078908 37.500000000000007 30.500000000000004 8.5000000000000018 4.9594602393769431 14.651114474945253 5.446138084545372 4.6046610299420534 25.51950395513769 -0.69829582612706542 7.5000000000000009 32.500000000000007 4.5860089852518895 1.0000000180025095e-35 0.17883369992584966 0.053754574504335205 125.00000000000001 0.11842040211938039 1.059601370114956 13.411691192263779 0.95159598323337946 5.5003400335032957
decision_type=2 2 2 2 2 2 2 2 2 2 2 2 2 2 2 2 2 2 2 2 2 2 2 2 2 2 2 2 2 2
left_child=1 6 8 4 12 -5 9 14 24 21 11 -4 26 -7 -8 -6 -17 20 19 23 -9 -1 25 -19 -3 -22 -2 28 -10 -16
right_child=3 2 10 5 15 13 7 17 27 -11 -12 -13 -14 -15 29 16 -18 18 -20 -21 22 -23 -24 -25 -26 -27 -28 -29 -30 -31
leaf_value=1.4510110801276236e-06 -3.7440621615771668e-05 0.00026240023863163597 0.00030022440804913211 -0.0029703137353779036 -5.654843505175239e-05 -0.002177616564499166 0.0013825164685501697 0.00011932278464248648 0.00012887703286645707 1.4510110801276236e-06 -0.0030587348182331184 -0.002400705169621771 -0.00092523794665764396 -0.0043062141244247371 0.0064204223158407202 -0.0021100455653908267 -0.0048739626880286878 1.4510110801276236e-06 4.1702575347376195e-05 -6.2497875040486313e-05 3.4678494829356834e-05 1.4510110801276236e-06 -1.1532850161124448e-05 -5.654843505175239e-05 0.00012648016301967127 -6.043929066815708e-06 4.7164420784805441e-05 8.4512649550452792e-05 6.5068296259678324e-05 0.0028409990123623302
leaf_weight=197 1082 56 1357 3990 4379 15947 61890 923 558 721 14072 5028 4065 45762 7207 12125 10760 228 2645 1616 1343 2479 4094 2918 58 1311 3056 2866 613 50276
leaf_count=197 1082 56 1357 3990 4379 15947 61890 923 558 721 14072 5028 4065 45762 7207 12125 10760 228 2645 1616 1343 2479 4094 2918 58 1311 3056 2866 613 50276
internal_value=-0.000932281 0.000861095 -0.00184412 -0.00381215 -0.00230411 -0.00462625 0.00134402 0.00123681 0.00376777 0.00558728 -0.00298284 -0.000931871 0.000374254 -0.00488 0.00150135 -0.00310996 -0.0035875 -0.00085754 -0.00227757 -0.00405712 0.000513623 0.00375187 -0.000241552 -0.00599491 0.0228947 0.00207611 0.00251813 0.00322764 0.00665243 0.0020453
internal_weight=263622 162456 24608 101166 35467 65699 137848 134451 4151 3397 20457 6385 8203 61709 119373 27264 22885 15078 7407 4762 7671 2676 6748 3146 114 2654 4138 4037 1171 57483
internal_count=263622 162456 24608 101166 35467 65699 137848 134451 4151 3397 20457 6385 8203 61709 119373 27264 22885 15078 7407 4762 7671 2676 6748 3146 114 2654 4138 4037 1171 57483
is_linear=0
shrinkage=0.05


Tree=41
num_leaves=31
num_cat=0
split_feature=10 19 27 17 19 27 19 27 27 24 28 2 4 17 24 6 18 1 21 1 18 6 19 13 21 19 1 2 21 11
split_gain=499.922 115.754 38.325 54.4208 39.9348 31.3253 25.5733 20.6323 18.246 22.4544 15.3803 14.6326 14.427 11.4525 10.1625 9.92845 8.94996 8.30305 8.23609 7.95737 7.93217 9.84081 7.23295 6.77205 6.68502 7.69959 6.16854 5.79876 7.89825 7.09209
threshold=0.45000000000000007 56.993231339719991 16.500000000000004 8.5000000000000018 2.6707671678651699 28.500000000000004 0.24464730749110022 24.500000000000004 4.5000000000000009 8.5000000000000018 31.500000000000004 -0.12170726555580469 0.34279727925295861 9.5000000000000018 21.500000000000004 0.063193627739669814 26.7162527832748 201.00000000000003 57.500000000000007 237.00000000000003 5.5301261445485546 0.063193627739669814 2.4189972645769453 0.29001584935344776 35.500000000000007 13.411691192263779 141.00000000000003 -1.7537145585892553 32.500000000000007 0.093350665611367803
decision_type=2 2 2 2 2 2 2 2 2 2 2 2 2 2 2 2 2 2 2 2 2 2 2 2 2 2 2 2 2 2
left_child=12 2 3 8 5 -4 14 13 9 10 15 18 -1 16 -5 -2 -3 -9 27 20 21 -13 -11 -7 25 -8 -10 28 -6 -29
right_child=1 7 4 6 11 23 24 17 26 22 -12 19 -14 -15 -16 -17 -18 -19 -20 -21 -22 -23 -24 -25 -26 -27 -28 29 -30 -31
leaf_value=0.0015828953392615225 0.00044776067289197387 -0.0025034787821204864 1.3784605261212424e-06 0.0001201561548686877 9.67103299366985e-05 1.3784605261212424e-06 0.00015684155591868837 -0.0017839627378055162 -0.0017960403713501974 0.00085148012875693702 -0.0073388056289220059 7.5065176136483451e-05 0.0042417168077601734 -0.0026107837532594663 0.00012243318122313421 0.00028521318764667552 -0.0054853464149199511 -0.0045930676931591665 6.3133679089601643e-05 0.0001267346177271044 -2.8291366134021817e-07 -1.9550180891044803e-05 -0.004311481063233656 1.3784605261212424e-06 -0.0038458821297480076 0.00012968371450508965 -0.0041483267835924304 -4.9488461733342236e-06 -0.0041698659179914633 -0.0014660628411633939
leaf_weight=95580 280 29189 3081 126 1244 1322 501 10850 6163 864 506 389 24608 2593 83 1712 26950 5440 1036 557 2190 387 4006 314 640 3579 13341 5530 832 19966
leaf_count=95580 280 29189 3081 126 1244 1322 501 10850 6163 864 506 389 24608 2593 83 1712 26950 5440 1036 557 2190 387 4006 314 640 3579 13341 5530 832 19966
internal_value=-0.000979462 -0.00297005 -0.0014864 -0.00275809 -0.000388894 0.00390714 0.00207141 -0.00432766 -0.00364394 -0.00152416 0.00232986 -0.00101958 0.00140006 -0.00476435 0.0191866 0.00430723 -0.00491441 -0.00275322 -0.00139402 0.00202101 0.000991235 0.00533505 -0.00350103 0.00949878 0.00131356 0.00205882 -0.00444473 -0.00155846 0.00098266 -0.00176537
internal_weight=263859 143671 68649 31801 36848 4717 4929 75022 26872 7368 2498 32131 120188 58732 209 1992 56139 16290 28608 3523 2966 776 4870 1636 4720 4080 19504 27572 2076 25496
internal_count=263859 143671 68649 31801 36848 4717 4929 75022 26872 7368 2498 32131 120188 58732 209 1992 56139 16290 28608 3523 2966 776 4870 1636 4720 4080 19504 27572 2076 25496
is_linear=0
shrinkage=0.05


Tree=42
num_leaves=31
num_cat=0
split_feature=19 4 27 0 0 27 19 22 27 27 27 24 21 21 1 22 21 19 4 0 29 0 4 24 0 0 21 1 0 21
split_gain=485.052 72.9043 45.3318 33.7032 28.5781 25.2464 22.0954 45.9976 22.132 31.6966 18.787 15.0291 14.6687 14.5358 18.9487 14.017 13.9611 13.4117 17.5562 13.1803 12.3855 10.6263 10.0528 8.55178 8.30553 7.80146 7.42259 8.81866 11.9324 6.95769
threshold=45.276785475397041 -0.067137826953368701 16.500000000000004 4.5402900480898207 4.5790689627974688 21.500000000000004 1.4198908949445443 9.5000000000000018 21.500000000000004 28.500000000000004 4.5000000000000009 8.5000000000000018 32.500000000000007 31.500000000000004 253.00000000000003 9.5000000000000018 34.500000000000007 2.1354914317872797 -0.4786115313729003 5.3011333813679853 -0.71934583574906996 4.5790689627974688 -0.54491434864628052 16.500000000000004 4.5860089852518895 4.6046610299420534 32.500000000000007 137.00000000000003 5.0195808124667609 33.500000000000007
decision_type=2 2 2 2 2 2 2 2 2 2 2 2 2 2 2 2 2 2 2 2 2 2 2 2 2 2 2 2 2 2
left_child=1 2 4 -2 17 22 7 8 -4 12 11 16 -10 14 -8 -7 -6 18 -1 -3 -17 -16 -5 -20 -15 -24 27 28 -22 -12
right_child=3 19 6 5 10 15 13 -9 9 -11 29 -13 -14 24 21 20 -18 -19 23 -21 26 -23 25 -25 -26 -27 -28 -29 -30 -31
leaf_value=-0.0070556507700846073 0.0002446372435759479 0.00026292124069634989 0.00030463766119266308 -0.005097421218409847 0.00029907620279339179 -0.0035273214393266115 1.7827214337434713e-06 -3.0747255676843077e-07 -3.0747255676843077e-07 1.3095374998151804e-06 -0.0027015243118935764 -0.0036074394265538353 0.00036187290584736436 5.9976995135121574e-05 0.00037506154823100643 -0.0043122400801450227 -0.0075745966393506994 0.00011589319414995869 0.0001123379662567755 0.0028401190464397734 0.00035372911141989995 6.7616303870651024e-05 0.00060666860596572626 0.00020336498789190938 -0.0023428989198398093 -0.0022578755130753269 -0.0022038110077979424 -0.0013500836168721059 -0.0015081938024648694 -0.0047922115535323833
leaf_weight=93 4209 70047 116 30852 1471 6395 10068 1959 258 677 9280 3590 80 1164 121 6309 392 2428 62 58711 1757 1595 663 84 8122 26323 5957 6061 857 4195
leaf_count=93 4209 70047 116 30852 1471 6395 10068 1959 258 677 9280 3590 80 1164 121 6309 392 2428 62 58711 1757 1595 663 84 8122 26323 5957 6061 857 4195
internal_value=-0.000871024 0.000663103 -0.00105125 -0.00386628 -0.00271591 -0.00408211 0.000436673 0.00438511 0.0124138 0.0100493 -0.00339867 -0.000922427 -0.00245562 -0.000142382 0.00102342 -0.00282997 0.00272142 0.00212973 0.013431 0.00127231 -0.00220429 0.00587995 -0.00467392 0.0242466 -0.0016218 -0.00396909 -0.00140582 -0.000472622 0.00195486 -0.00440074
internal_weight=263896 174513 45755 89383 21595 85174 24160 3090 1131 1015 18928 5453 338 21070 11784 27336 1863 2667 239 128758 20941 1716 57838 146 9286 26986 14632 8675 2614 13475
internal_count=263896 174513 45755 89383 21595 85174 24160 3090 1131 1015 18928 5453 338 21070 11784 27336 1863 2667 239 128758 20941 1716 57838 146 9286 26986 14632 8675 2614 13475
is_linear=0
shrinkage=0.05


Tree=43
num_leaves=31
num_cat=0
split_feature=19 28 0 0 19 22 5 28 18 21 24 0 24 6 19 21 11 21 28 18 1 28 12 18 26 22 28 21 22 28
split_gain=459.256 127.1 59.9106 28.3967 22.5397 22.507 16.3005 16.1961 15.1858 13.1202 21.0826 12.3412 11.0281 10.6396 9.65218 23.3962 9.27868 9.02497 8.98131 8.62981 8.61485 8.31574 8.18416 8.57342 7.96719 7.72479 21.3717 11.2695 7.51534 7.27047
threshold=48.521988010920985 11.500000000000002 4.5790689627974688 4.5402900480898207 13.411691192263779 10.500000000000002 0.95159598323337946 12.500000000000002 33.275138505876264 34.500000000000007 8.5000000000000018 5.3011333813679853 21.500000000000004 0.063193627739669814 2.6707671678651699 37.500000000000007 0.40007934441201709 34.500000000000007 22.500000000000004 6.256633962694699 97.000000000000014 16.500000000000004 0.51848926608300239 22.257003997505439 1.0000000180025095e-35 17.500000000000004 7.5000000000000009 31.500000000000004 9.5000000000000018 2.5000000000000004
decision_type=2 2 2 2 2 2 2 2 2 2 2 2 2 2 2 2 2 2 2 2 2 2 2 2 2 2 2 2 2 2
left_child=1 11 4 -2 6 19 12 8 16 10 13 14 -3 -4 15 20 -7 24 -15 -5 -1 -12 -18 -24 -16 26 27 29 -17 -22
right_child=3 2 9 5 -6 7 -8 -9 -10 -11 21 -13 -14 18 17 28 22 -19 -20 -21 25 -23 23 -25 -26 -27 -28 -29 -30 -31
leaf_value=-1.1836524535002315e-05 0.00023400050853143235 0.00010819330575817163 0.00039988706701887214 0.00055151439057118717 6.0116455654052038e-05 -0.0017552672478296082 6.1985768783368546e-05 -0.002964742504077111 -0.0047731287395946578 -0.0035351595051933936 -0.0010854238844531887 0.0028250584719894264 0.0001937167340688947 -0.0041535022781785964 0.00010335873775490762 1.2440606248244214e-06 -0.0015519723882647285 -0.0021095991091322976 0.00025599871812467215 -0.0036442437056277556 1.2440606248244214e-06 -0.0027367311060988485 0.00063346746296718843 -0.0010244933420300224 -0.0016944054248651808 -5.6253456567527198e-06 7.6446283001398418e-05 1.2440606248244214e-06 1.324911127653602e-06 -2.920989289300092e-07
leaf_weight=435 3707 422 376 109 4379 10629 575 29547 6849 9612 5122 58767 240 743 71079 544 3305 4007 1733 27533 860 12045 1665 1280 5392 1757 204 340 263 254
leaf_count=435 3707 422 376 109 4379 10629 575 29547 6849 9612 5122 58767 240 743 71079 544 3305 4007 1733 27533 860 12045 1665 1280 5392 1757 204 340 263 254
internal_value=-0.0008444 0.00058951 -0.00210145 -0.00387999 0.00263355 -0.00407603 0.00859337 -0.00347536 -0.00250253 -0.00299889 -0.00226984 0.00124863 0.0139426 0.00171108 0.000863923 0.00307709 -0.00169678 0.000735854 0.000521002 -0.0052337 0.00145455 -0.0029312 -0.000167999 0.00174873 0.000857058 0.00229868 0.00474668 0.00262036 0.0108178 0.00018851
internal_weight=263773 179149 35247 84624 5616 80917 1237 53275 23728 29631 20019 143902 662 2852 85135 4657 16879 80478 2476 27642 3850 17167 6250 2945 76471 3415 1658 1454 807 1114
internal_count=263773 179149 35247 84624 5616 80917 1237 53275 23728 29631 20019 143902 662 2852 85135 4657 16879 80478 2476 27642 3850 17167 6250 2945 76471 3415 1658 1454 807 1114
is_linear=0
shrinkage=0.05


Tree=44
num_leaves=31
num_cat=0
split_feature=19 28 0 0 19 22 5 28 21 4 1 29 27 4 26 27 19 21 19 17 28 22 12 19 21 1 21 22 6 1
split_gain=421.504 105.692 62.7228 23.4831 23.4699 23.4653 22.2653 19.2446 12.9536 11.9632 10.8402 9.67096 9.55208 8.03666 7.88896 6.96002 8.08889 6.22301 7.01467 5.94544 5.80952 8.69077 21.791 5.73029 19.2017 8.47446 8.47098 7.07616 5.71095 5.27963
threshold=48.521988010920985 11.500000000000002 4.5790689627974688 4.5402900480898207 13.411691192263779 11.500000000000002 0.81346036820780798 9.5000000000000018 33.500000000000007 0.21062177623843292 129.00000000000003 -0.66068530402962788 2.5000000000000004 1.0000000180025095e-35 1.0000000180025095e-35 28.500000000000004 1.4198908949445443 30.500000000000004 1.4198908949445443 6.5000000000000009 15.500000000000002 12.500000000000002 0.029023125979080067 2.8897763494231739 37.500000000000007 97.000000000000014 34.500000000000007 12.500000000000002 0.022843246169900296 181.00000000000003
decision_type=2 2 2 2 2 2 2 2 2 2 2 2 2 2 2 2 2 2 2 2 2 2 2 2 2 2 2 2 2 2
left_child=1 9 4 19 6 28 10 11 12 14 -3 -7 17 20 23 -16 -17 18 -4 -2 21 22 -14 24 25 -1 -25 -26 -5 -10
right_child=3 2 8 5 -6 7 -8 -9 29 -11 -12 -13 13 -15 15 16 -18 -19 -20 -21 -22 -23 -24 26 27 -27 -28 -29 -30 -31
leaf_value=-1.12446983082522e-05 -0.0061326769424345185 0.0001337597200627852 5.4723156443550251e-05 0.00041266849386017664 0.00010052181852122104 -0.0036035044378490873 9.2231596633993965e-05 -0.0026600401357410996 -0.0021143560434391537 0.0030844556640907193 0.00028709784727561728 -0.00098066916987321943 0.00087705543015488519 0.0004488605986638606 -0.0015960202130500846 1.2594740798653221e-06 0.00030427852961661408 -0.0047223066183129389 0.00016927655287031699 0.00035479095034436506 -0.0027468922229851502 -0.0019859488463011827 -0.00032847391678828653 0.00013142754356632494 1.1818575935832003e-06 1.6061784104912378e-06 -0.002097767624485812 1.2586655712709219e-06 -0.0033910347414222129 -0.0057768613137388625
leaf_weight=465 578 455 196 92 4373 5788 673 33290 6135 38543 107 11827 174 1526 7499 75 297 971 1292 3160 10697 2705 976 88868 567 3730 3693 177 30032 4754
leaf_count=465 578 455 196 92 4373 5788 673 33290 6135 38543 107 11827 174 1526 7499 75 297 971 1292 3160 10697 2705 976 88868 567 3730 3693 177 30032 4754
internal_value=-0.000857933 0.000517861 -0.00194497 -0.00376231 0.00290121 -0.00394106 0.00898785 -0.00328651 -0.00286855 0.0011174 0.0163345 -0.00195004 -0.00206452 -0.0025084 0.000841693 -0.00068098 0.00599462 0.00083774 0.00286962 0.00011236 -0.0028704 -0.00120623 0.00243478 0.000964616 0.00262401 0.00131109 0.000876072 0.0100269 -0.00504714 -0.0042373
internal_weight=263715 178948 35034 84767 5608 81029 1235 50905 29426 143914 562 17615 18537 16078 105371 7871 372 2459 1488 3738 14552 3855 1150 97500 4939 4195 92561 744 30124 10889
internal_count=263715 178948 35034 84767 5608 81029 1235 50905 29426 143914 562 17615 18537 16078 105371 7871 372 2459 1488 3738 14552 3855 1150 97500 4939 4195 92561 744 30124 10889
is_linear=0
shrinkage=0.05


Tree=45
num_leaves=31
num_cat=0
split_feature=19 8 0 27 1 0 18 5 22 27 27 18 22 19 4 27 21 27 27 21 22 11 18 4 24 1 24 27 22 2
split_gain=395.299 75.9386 45.2294 31.1404 23.4754 20.0631 18.639 19.9639 17.455 17.0491 16.0278 12.2254 19.359 23.6615 23.2041 14.4994 16.9852 13.9939 12.0744 11.9355 11.788 16.9597 11.1802 9.39307 9.3833 9.11456 8.75263 8.35553 7.37081 7.2155
threshold=48.521988010920985 0.22020102433689517 4.6568054714595153 19.500000000000004 173.00000000000003 4.5923386465912319 1.2139476720512721 1.0364788333477801 15.500000000000002 2.5000000000000004 23.500000000000004 11.878326864882235 20.500000000000004 1.7848420432873564 -0.067137826953368701 21.500000000000004 32.500000000000007 28.500000000000004 29.500000000000004 34.500000000000007 7.5000000000000009 1.0000000180025095e-35 21.263223200823713 0.35595663605325739 8.5000000000000018 265.00000000000006 16.500000000000004 29.500000000000004 10.500000000000002 -0.062355175325703102
decision_type=2 2 2 2 2 2 2 2 2 2 2 2 2 2 2 2 2 2 2 2 2 2 2 2 2 2 2 2 2 2
left_child=1 2 6 9 5 -2 7 8 26 24 -7 12 13 14 15 -5 17 -17 -9 -11 21 -15 -6 -3 29 -20 -1 -22 -13 -4
right_child=4 23 3 11 22 10 -8 18 -10 19 -12 28 -14 20 -16 16 -18 -19 25 -21 27 -23 -24 -25 -26 -27 -28 -29 -30 -31
leaf_value=8.8766891160725072e-05 0.00029676825596687198 0.0013820299570549673 5.2149831272361396e-05 8.7790919327956221e-05 -0.0021176979219498441 -0.0018631391240710761 2.7915597956430511e-05 -3.5780290300807062e-07 6.7270401304703875e-05 -0.001882931403756548 -0.0010608334013236214 -0.005248123260249548 -2.656729316237238e-05 2.8610699425252794e-05 -1.068246339283959e-05 -3.5780290300807062e-07 1.12276471390404e-06 1.1015486730586384e-06 1.12276471390404e-06 -0.0034736824070700223 6.2809102594910203e-05 -0.0015234662147678912 -0.004756418223456264 0.0037123406682957496 -0.0023321404720785277 1.12276471390404e-06 8.8543098041410625e-05 3.3313072232489939e-05 -0.0013350304583629518 0.00037142888602441273
leaf_weight=134 3982 98108 1179 61 10260 25944 14322 848 256 15482 9586 1296 5716 803 193 251 726 126 147 5896 1854 3716 34720 21690 2537 74 158 1708 1520 268
leaf_count=134 3982 98108 1179 61 10260 25944 14322 848 256 15482 9586 1296 5716 803 193 251 726 126 147 5896 1854 3716 34720 21690 2537 74 158 1708 1520 268
internal_value=-0.000812942 0.000517176 -0.000946668 -0.00178436 -0.00363194 -0.00274271 0.0013307 0.0064193 0.0141788 -0.00291262 -0.0031199 -0.000191986 0.0003702 0.00176097 0.0078703 0.0105326 0.00922031 0.00061008 0.00244153 -0.00347226 0.000735058 -0.000960389 -0.00441307 0.00124142 9.0362e-05 0.0128507 0.0225342 0.00288602 -0.00321733 0.00330339
internal_weight=263561 179069 59271 43332 84492 39512 15939 1617 548 25362 35530 17970 15154 9438 1357 1164 1103 377 1069 21378 8081 4519 44980 119798 3984 221 292 3562 2816 1447
internal_count=263561 179069 59271 43332 84492 39512 15939 1617 548 25362 35530 17970 15154 9438 1357 1164 1103 377 1069 21378 8081 4519 44980 119798 3984 221 292 3562 2816 1447
is_linear=0
shrinkage=0.05


Tree=46
num_leaves=31
num_cat=0
split_feature=18 0 10 18 0 27 27 0 27 3 21 18 1 6 18 27 5 27 24 24 6 21 1 0 4 21 18 17 18 1
split_gain=354.972 66.4224 49.7615 34.2248 33.3548 38.1121 20.5065 15.0452 13.648 11.0524 11.5463 12.2198 11.044 10.8883 10.648 27.379 10.2092 12.0388 14.1465 9.3927 8.34525 8.20514 7.83803 7.70956 7.48961 7.22725 7.02758 6.88615 13.1736 9.44295
threshold=10.174782549762595 4.5724882964329003 0.41666666666666674 20.936565974487191 4.5790689627974688 16.500000000000004 19.500000000000004 5.0258752632043366 2.5000000000000004 -0.65314107361018614 32.500000000000007 13.465590563590967 117.00000000000001 1.1519435970494631 0.45961432632493199 28.500000000000004 0.95159598323337946 18.500000000000004 21.500000000000004 8.5000000000000018 0.053754574504335205 35.500000000000007 253.00000000000003 4.6533718866885332 0.35595663605325739 36.500000000000007 9.3195215921371357 6.5000000000000009 15.13058039051147 265.00000000000006
decision_type=2 2 2 2 2 2 2 2 2 2 2 2 2 2 2 2 2 2 2 2 2 2 2 2 2 2 2 2 2 2
left_child=2 27 24 6 16 8 25 12 19 10 11 22 13 -7 15 -14 17 18 -4 20 -6 -10 -8 -24 -1 -3 -16 28 29 -2
right_child=1 3 4 -5 5 7 9 -9 21 -11 -12 -13 14 -15 26 -17 -18 -19 -20 -21 -22 -23 23 -25 -26 -27 -28 -29 -30 -31
leaf_value=0.0014158045199290786 0.0001774130393549061 -0.0019325246387970907 8.8521420420130718e-05 -0.0037530834932374929 0.00022896539309577715 5.9449531880466746e-05 8.6967113977478439e-05 -0.00020818553992099816 -0.0016021210395627925 -0.0015353213728682099 -0.0032275720012632583 -0.00066637749570151316 -3.399127578576671e-07 0.00040715567765237505 -1.1393149755675821e-05 1.0666264782088381e-06 3.6405487288707169e-05 2.6787260697586107e-05 0.00018145733865852309 -0.001813694948774143 5.3444333257905774e-05 -0.0030380280573749493 0.00015720845444224253 7.8689565169591429e-05 0.0035619531564092229 -0.0032390266996606813 8.994656495146729e-05 4.7550451771780308e-05 -0.0048533230865557137 0.00040949857229191883
leaf_weight=98169 222 21558 464 47552 181 2414 1824 5026 12196 7955 2516 4148 1611 242 8816 816 1204 567 204 1869 970 4259 193 459 21779 2953 1423 10003 2109 97
leaf_count=98169 222 21558 464 47552 181 2414 1824 5026 12196 7955 2516 4148 1611 242 8816 816 1204 567 204 1869 970 4259 193 459 21779 2953 1423 10003 2109 97
internal_value=-0.000789388 -0.00310703 0.000662105 -0.00358442 -0.00081326 -0.00116089 -0.00253713 0.000352369 -0.00274198 -0.00120795 -2.18812e-05 0.00107337 0.00113105 0.0040625 0.000516344 0.00349403 0.00486265 0.00805668 0.0126048 0.000347683 0.00390096 -0.00330902 0.00385299 0.00855828 0.00118193 -0.00346416 -0.000189471 0.00031695 -0.00207166 0.00739812
internal_weight=263799 101589 162210 89158 42262 39823 41606 20348 19475 17095 9140 6624 15322 2656 12666 2427 2439 1235 668 3020 1151 16455 2476 652 119948 24511 10239 12431 2428 319
internal_count=263799 101589 162210 89158 42262 39823 41606 20348 19475 17095 9140 6624 15322 2656 12666 2427 2439 1235 668 3020 1151 16455 2476 652 119948 24511 10239 12431 2428 319
is_linear=0
shrinkage=0.05


Tree=47
num_leaves=31
num_cat=0
split_feature=19 28 0 28 19 5 0 21 24 29 27 24 0 19 21 1 0 5 20 22 0 22 14 21 0 24 22 28 27 27
split_gain=341.869 92.2702 52.9191 25.4331 21.6512 17.217 13.6684 13.4645 18.2892 12.3015 11.2304 10.0757 9.23616 10.4768 18.7041 9.08912 17.959 8.2277 8.17501 7.5125 7.23643 6.79675 6.66721 6.51538 5.78326 5.73497 5.39871 18.3899 14.6776 8.36318
threshold=48.521988010920985 11.500000000000002 4.5790689627974688 13.500000000000002 13.411691192263779 0.82076849548864261 4.5208249664032918 34.500000000000007 8.5000000000000018 -0.70794970971420623 8.5000000000000018 21.500000000000004 5.446138084545372 2.6707671678651699 37.500000000000007 137.00000000000003 4.9798296441859744 2.5923042418178937 0.010396394390677272 9.5000000000000018 4.5208249664032918 12.500000000000002 5.6785847193382484 34.500000000000007 5.5179658713565738 17.500000000000004 16.500000000000004 7.5000000000000009 21.500000000000004 28.500000000000004
decision_type=2 2 2 2 2 2 2 2 2 2 2 2 2 2 2 2 2 2 2 2 2 2 2 2 2 2 2 2 2 2
left_child=1 12 4 9 5 11 -5 8 10 -2 -4 -3 13 14 26 16 22 25 -8 -16 -17 -22 -11 -15 -14 -10 27 29 -29 -1
right_child=3 2 7 6 -6 -7 18 -9 17 15 -12 -13 24 23 19 20 -18 -19 -20 -21 21 -23 -24 -25 -26 -27 -28 28 -30 -31
leaf_value=-3.2291711996478372e-07 -0.0035668220488824748 8.3338222606811776e-05 0.00035306605979597782 0.00055031092472873232 8.7090402305968901e-05 8.6926974448602241e-05 -0.0047268371246532636 -0.0030260934967444764 -0.0037157052508743054 0.0003511177524466553 -0.003373065967825824 0.00014454990666746626 0.0041544774290261264 7.0825919353951773e-05 3.4640474549694578e-06 0.00039595504541584808 -0.0012021656866855429 0.00019703588428089658 -0.0017982258647621014 1.6156976283369928e-06 -0.0025741245981093582 -0.001574519352240586 0.00073718809316374685 -0.0019067666252561408 0.0017854255740794842 -0.001375990464515124 -1.3309358547337043e-06 0.00011227528835591834 4.7869398904910594e-05 9.9207911345299442e-07
leaf_weight=1072 11339 374 2207 1338 4371 646 23799 9619 6758 2989 674 209 13343 77460 530 750 4651 2314 22155 273 6327 10821 600 3999 44367 8050 2037 99 113 536
leaf_count=1072 11339 374 2207 1338 4371 646 23799 9619 6758 2989 674 209 13343 77460 530 750 4651 2314 22155 273 6327 10821 600 3999 44367 8050 2037 99 113 536
internal_value=-0.000795049 0.000443394 -0.00185026 -0.00341092 0.00260714 0.0084703 -0.00418189 -0.00269293 -0.00195371 -0.00243803 0.00173204 0.0146998 0.00100508 0.000677087 0.00298283 -0.00184138 -0.000467232 -0.00257388 -0.00432694 0.00992528 -0.00247402 -0.00268428 0.00219003 0.000545183 0.00149454 -0.00300716 0.00153746 0.00351648 0.0173585 0.00169154
internal_weight=263820 179051 35222 84769 5600 1229 47292 29622 20003 37477 2881 583 143829 86119 4660 26138 8240 17122 45954 803 17898 17148 3589 81459 57710 14808 3857 1820 212 1608
internal_count=263820 179051 35222 84769 5600 1229 47292 29622 20003 37477 2881 583 143829 86119 4660 26138 8240 17122 45954 803 17898 17148 3589 81459 57710 14808 3857 1820 212 1608
is_linear=0
shrinkage=0.05


Tree=48
num_leaves=31
num_cat=0
split_feature=18 28 0 0 18 28 22 7 18 22 28 27 27 27 0 22 17 1 0 0 20 18 28 28 3 21 24 27 24 12
split_gain=316.248 77.308 61.2151 53.0379 29.5038 14.7359 14.0206 13.0753 9.73223 24.563 25.1682 25.6373 9.32994 8.40142 7.9749 14.2768 8.41533 7.99655 7.82053 7.19025 9.80968 14.2744 11.9203 6.79166 6.66309 6.46194 7.13861 8.02059 7.10367 5.97363
threshold=10.624203996195957 13.500000000000002 4.5790689627974688 4.5649191543146843 18.942003188433187 11.500000000000002 14.500000000000002 0.46575157517672378 0.45961432632493199 14.500000000000002 7.5000000000000009 28.500000000000004 1.5000000000000002 21.500000000000004 4.6638718775261703 7.5000000000000009 4.5000000000000009 257.00000000000006 5.3011333813679853 4.4439066730957402 0.12688924073349397 15.13058039051147 9.5000000000000018 9.5000000000000018 -0.64661284155302357 34.500000000000007 8.5000000000000018 7.5000000000000009 18.500000000000004 0.12976265333764991
decision_type=2 2 2 2 2 2 2 2 2 2 2 2 2 2 2 2 2 2 2 2 2 2 2 2 2 2 2 2 2 2
left_child=1 8 19 7 5 14 -6 -3 9 10 11 -1 -5 -12 16 -16 17 -4 -10 -2 21 22 29 -8 -13 26 27 -14 -28 -21
right_child=2 3 4 12 6 -7 23 -9 18 -11 13 24 25 -15 15 -17 -18 -19 -20 20 -22 -23 -24 -25 -26 -27 28 -29 -30 -31
leaf_value=-3.0677126396654455e-07 0.00016544955545374037 9.5726716325578387e-05 0.00018081667218638827 0.00013787971401048888 -0.0038021357831316913 -0.0018806002493450052 -0.0021329047427703081 8.3490938172202064e-05 0.00010508842494813714 -1.2643890619970191e-06 0.00039217140089522497 9.4247515778034463e-07 0.00038100288098649748 6.6030763565597635e-05 -0.0025914133538960894 -0.00036821692287176776 -1.4262118529924355e-06 0.00019632035414822392 0.0021864824082233115 0.00033925099503397658 4.3908016714800107e-07 -0.0050818488398154376 -4.6279941392824624e-05 -0.0030552873133613268 8.400927815499232e-07 -0.0022833024407221537 -0.00229168137307361 -0.0033613701900668466 -0.00065598774313114974 0.0002205442363626423
leaf_weight=402 3683 349 348 1623 25249 19761 10216 958 77563 1800 133 501 1114 247 2585 8655 1462 169 58811 71 6249 2866 211 17831 380 7853 6695 472 5322 54
leaf_count=402 3683 349 348 1623 25249 19761 10216 958 77563 1800 133 501 1114 247 2585 8655 1462 169 58811 71 6249 2866 211 17831 380 7853 6695 472 5322 54
internal_value=-0.000759313 0.000588042 -0.00298511 -0.00200976 -0.00346921 -0.00229381 -0.00419656 0.00778883 0.00104107 0.00365868 0.00803969 0.00469213 -0.00256467 0.0193421 -0.00100159 -0.0015169 0.00192522 0.00740812 0.0009746 0.000194915 -0.000535392 -0.00278576 0.00696429 -0.0034271 0.00946652 -0.00284116 -0.00218187 0.000970997 -0.00259799 0.0192
internal_weight=263633 164223 99410 24386 86276 32980 53296 1307 139837 3463 1663 1283 23079 380 13219 11240 1979 517 136374 13134 9451 3202 336 28047 881 21456 13603 1586 12017 125
internal_count=263633 164223 99410 24386 86276 32980 53296 1307 139837 3463 1663 1283 23079 380 13219 11240 1979 517 136374 13134 9451 3202 336 28047 881 21456 13603 1586 12017 125
is_linear=0
shrinkage=0.05


Tree=49
num_leaves=31
num_cat=0
split_feature=10 0 28 6 22 1 0 21 27 2 27 29 6 1 22 21 22 21 24 12 11 24 28 24 24 24 0 1 0 27
split_gain=279.668 64.4419 56.9454 24.9078 24.4819 17.3008 12.3323 10.801 10.6485 13.4583 10.2066 10.1886 9.58467 11.3516 10.9629 8.2588 8.05503 7.27044 6.96242 6.94454 8.13408 6.64906 6.00162 6.6515 6.00761 5.99857 7.13345 5.97694 7.47501 6.10115
threshold=0.41666666666666674 4.5724882964329003 13.500000000000002 0.11191186438626136 8.5000000000000018 141.00000000000003 4.6603476403907047 27.500000000000004 21.500000000000004 -0.062355175325703102 2.5000000000000004 -0.71934583574906996 0.1205827845631116 189.00000000000003 13.500000000000002 37.500000000000007 4.5000000000000009 32.500000000000007 23.500000000000004 0.054980287780249888 1.0000000180025095e-35 8.5000000000000018 3.5000000000000004 19.500000000000004 6.5000000000000009 5.5000000000000009 5.0448809385801114 145.00000000000003 4.9913979866649205 22.500000000000004
decision_type=2 2 2 2 2 2 2 2 2 2 2 2 2 2 2 2 2 2 2 2 2 2 2 2 2 2 2 2 2 2
left_child=-1 12 3 4 8 6 -4 -5 9 -3 21 15 14 -14 22 18 19 -12 -9 20 -13 -7 -2 24 -24 26 -18 28 29 -27
right_child=1 2 5 7 -6 10 -8 11 -10 -11 17 16 13 -15 -16 -17 25 -19 -20 -21 -22 -23 23 -25 -26 27 -28 -29 -30 -31
leaf_value=0.0014933739117933432 -2.1287027030964591e-06 0.00016980250249696638 0.00065722980481384659 -0.0022230423796275405 -1.2196809082907771e-05 5.3463819504016777e-05 -0.0011488056628405575 -0.0042647266111747054 1.1256072685894991e-05 0.00045940928757896556 -0.0028826777159460045 1.3887119956737731e-05 5.2442286903855251e-05 -0.0041480248173776544 4.7721945830166927e-06 4.3652495769622665e-07 4.4640890504595254e-05 -0.0042341208346677976 -0.0012023913707004778 -0.002237663329470323 -0.00063189233979200562 -0.003756793270235793 0.00027029018820021861 0.0001889719056207556 6.0817341254421271e-05 0.000243831156824532 -0.0027477919289271894 -0.0014473003924762716 -0.00073145930713973525 -1.4498932393685108e-05
leaf_weight=120214 60 130 1413 4055 3936 2099 20820 7959 1659 101 26580 151 12009 1960 320 2342 6731 17089 3735 3872 524 3501 50 138 108 1796 719 13979 4075 1763
leaf_count=120214 60 130 1413 4055 3936 2099 20820 7959 1659 101 26580 151 12009 1960 320 2342 6731 17089 3735 3872 524 3501 50 138 108 1796 719 13979 4075 1763
internal_value=-0.000752895 -0.00224181 -0.00259856 -0.0014275 0.00167182 -0.00354074 -0.00238294 -0.00177675 0.00634921 0.0164069 -0.0040632 -0.00156592 0.000901332 0.000619945 0.00671598 -0.00269735 -0.00109342 -0.00432091 -0.00324012 -0.00305036 0.00162963 -0.00205357 0.0127528 0.0156757 0.00867089 -0.000787255 0.000436242 -0.00120899 -8.38349e-05 0.00159033
internal_weight=263888 143674 129029 57527 5826 71502 22233 51701 1890 231 49269 47646 14645 13969 676 14036 33610 43669 11694 4547 675 5600 356 296 158 29063 7450 21613 7634 3559
internal_count=263888 143674 129029 57527 5826 71502 22233 51701 1890 231 49269 47646 14645 13969 676 14036 33610 43669 11694 4547 675 5600 356 296 158 29063 7450 21613 7634 3559
is_linear=0
shrinkage=0.05


Tree=50
num_leaves=31
num_cat=0
split_feature=18 28 0 0 18 28 19 22 2 7 22 0 18 21 5 2 24 21 24 24 1 19 28 28 24 5 22 18 5 6
split_gain=295.306 64.7441 44.7022 42.4242 24.5484 16.1839 15.9686 28.7371 20.6843 14.6077 11.9835 12.2863 20.0269 10.1252 9.06763 9.19748 8.97984 8.97 24.7729 8.92772 8.5499 13.13 8.40655 8.24621 7.48917 6.98078 6.86908 6.79599 6.9883 6.75803
threshold=11.269544797355497 13.500000000000002 4.5649191543146843 4.5923386465912319 29.679186642393145 13.500000000000002 1.7848420432873564 16.500000000000004 -0.057819188605537843 0.46575157517672378 8.5000000000000018 4.6533718866885332 13.217980032204883 34.500000000000007 3.4526602689219836 -1.5742715205010283 23.500000000000004 33.500000000000007 8.5000000000000018 17.500000000000004 181.00000000000003 19.884476587176493 3.5000000000000004 13.500000000000002 7.5000000000000009 1.630474832658535 3.5000000000000004 15.13058039051147 1.726191224411356 0.063193627739669814
decision_type=2 2 2 2 2 2 2 2 2 2 2 2 2 2 2 2 2 2 2 2 2 2 2 2 2 2 2 2 2 2
left_child=1 6 9 20 5 10 7 8 22 -3 11 12 -5 -10 15 16 -8 18 29 -20 -2 -22 -1 27 -24 -21 -15 28 -23 -4
right_child=3 2 17 4 -6 -7 14 -9 13 -11 -12 -13 -14 26 -16 -17 -18 -19 19 25 21 23 24 -25 -26 -27 -28 -29 -30 -31
leaf_value=6.1014919941996836e-05 3.1875265511702328e-05 8.0348803655132443e-05 0.00033809746868728054 0.00020348611579538439 -0.0041264170390272392 -0.002034017828208572 0.00015755111658261557 -8.3167295441217686e-06 -8.5423633506296684e-07 6.9112740001022561e-05 -0.00088641808711648984 -0.0025784811385974661 -0.0034017815960530177 3.3254776559657784e-07 -0.0022045508673433144 0.00038553623572548505 0.0003096937787641468 -0.0019437968786433228 -0.0025595854236659388 -0.0011818936895657264 0.00035592935794190642 0.00026027795819235717 9.3491393041855833e-05 -0.006116690133719821 0.00013523069930616321 0.00066486841115233602 2.3016538936615641e-07 -0.0020324514388788241 0.0006840915280929079 0.00021058781821299197
leaf_weight=561 11015 351 307 347 27012 29984 838 1784 402 1037 18585 5262 786 100 1199 135769 452 9733 6510 3790 66 160 128 1949 544 2224 97 1399 58 1835
leaf_count=561 11015 351 307 347 27012 29984 838 1784 402 1037 18585 5262 786 100 1199 135769 452 9733 6510 3790 66 160 128 1949 544 2224 97 1399 58 1835
internal_value=-0.000725507 0.000543299 -0.00176135 -0.00292715 -0.00337001 -0.00276344 0.000962192 0.00424226 0.00864083 0.00696686 -0.00182346 -0.00369038 0.00103266 0.00101836 0.000876406 0.000914278 0.00511628 -0.00225788 -0.00147688 -0.00232673 -0.000448555 -0.00255231 0.0123439 -0.0029613 0.0161161 -0.000937811 0.0103046 -0.000321583 0.00788991 0.00349206
internal_weight=264284 167661 25787 96623 81976 54964 141874 3616 1832 1388 24980 6395 1133 599 138258 137059 1290 24399 14666 12524 14647 3632 1233 3566 672 6014 197 1617 218 2142
internal_count=264284 167661 25787 96623 81976 54964 141874 3616 1832 1388 24980 6395 1133 599 138258 137059 1290 24399 14666 12524 14647 3632 1233 3566 672 6014 197 1617 218 2142
is_linear=0
shrinkage=0.05


Tree=51
num_leaves=31
num_cat=0
split_feature=19 3 28 18 22 19 22 1 0 0 1 0 22 18 12 0 27 27 1 0 0 2 27 19 0 27 2 27 27 26
split_gain=261.914 41.2549 31.8515 26.6494 21.416 21.0056 20.0347 16.7013 15.1937 14.1462 14.1459 11.9719 13.003 10.9055 9.87225 9.29966 8.93066 13.8479 7.79341 10.0072 7.65525 7.38644 9.21854 7.71595 7.2796 7.00962 6.98593 6.59307 6.56329 6.39707
threshold=37.841227630006323 -0.36504939386007146 14.500000000000002 13.465590563590967 14.500000000000002 1.7848420432873564 6.5000000000000009 149.00000000000003 4.9798296441859744 4.6344336593550848 109.00000000000001 4.6098625740792736 12.500000000000002 33.275138505876264 1.0000000180025095e-35 4.5860089852518895 15.500000000000002 26.500000000000004 257.00000000000006 4.6344336593550848 4.3036100609115797 -0.11161934049214291 30.500000000000004 0.38025422428337641 4.5649191543146843 44.500000000000007 -2.095014047561524 11.500000000000002 19.500000000000004 1.0000000180025095e-35
decision_type=2 2 2 2 2 2 2 2 2 2 2 2 2 2 2 2 2 2 2 2 2 2 2 2 2 2 2 2 2 2
left_child=1 4 3 8 5 6 21 9 10 -4 -2 -5 -13 -14 18 -6 24 -18 -7 -20 25 22 23 27 -8 -3 -12 -1 -17 -22
right_child=2 20 7 11 15 14 16 -9 -10 -11 26 12 13 -15 -16 28 17 -19 19 -21 29 -23 -24 -25 -26 -27 -28 -29 -30 -31
leaf_value=0.001602735256327511 0.00062604139140088743 0.00019086031519816997 0.00040346959085790183 -7.6852554337594655e-05 3.7760929776907841e-05 3.492676346277239e-05 6.6780624282771536e-05 -0.0034532101923669353 -0.00063798153333593675 -0.0011690218025204476 0.00066145933228468131 -0.0026736556968878097 -0.00084628099824061434 -0.0031339637630859321 -0.00036903624227875613 -0.0023740645944232593 0.00011597065254668744 1.4858998098209359e-06 0.00021579607203745305 6.7040717634387403e-05 0.00090796915227881489 3.763203843919963e-07 0.00010591460053186889 0.00038925555530880965 -0.0027219509897076326 0.00011666303881075126 6.9949371795373775e-05 0.00094453134194881602 -3.8341848806917173e-05 -0.00047768689102415697
leaf_weight=94 511 52 2254 6326 2179 1922 77 33919 4847 15800 187 11178 14133 6409 11382 10146 123 343 138 251 118756 620 256 304 1065 52 5267 131 5333 9953
leaf_count=94 511 52 2254 6326 2179 1922 77 33919 4847 15800 187 11178 14133 6409 11382 10146 123 343 138 251 118756 620 256 304 1065 52 5267 131 5333 9953
internal_value=-0.000689297 0.000548669 -0.00269272 -0.00177617 -0.000990571 0.00029271 0.00407235 -0.00355434 0.000414355 -0.0023258 0.00210394 -0.00239867 -0.00279477 -0.002048 -0.000538961 -0.00220467 0.000261195 0.00609442 0.0024405 0.0088946 0.000959298 0.00843416 0.0116561 0.0154253 -0.00211909 0.0145192 0.00135864 0.0224444 -0.00263518 0.000948341
internal_weight=264008 163177 100831 48858 34364 16706 3013 51973 10812 18054 5965 38046 31720 20542 13693 17658 1608 466 2311 389 128813 1405 785 529 1142 104 5454 225 15479 128709
internal_count=264008 163177 100831 48858 34364 16706 3013 51973 10812 18054 5965 38046 31720 20542 13693 17658 1608 466 2311 389 128813 1405 785 529 1142 104 5454 225 15479 128709
is_linear=0
shrinkage=0.05


Tree=52
num_leaves=31
num_cat=0
split_feature=19 21 29 0 1 27 27 0 27 26 0 14 22 19 1 22 21 6 22 2 4 7 6 27 21 1 0 27 0 19
split_gain=234.588 38.8123 34.5383 25.1286 18.8981 13.6246 13.5455 12.371 12.2798 9.84419 8.44903 8.18494 8.10248 14.7035 10.6452 9.01338 7.28829 6.5454 10.1736 6.45231 6.36832 6.31223 5.87342 6.21316 5.8197 5.78782 15.6022 7.76229 6.76473 5.75235
threshold=36.936762974437904 30.500000000000004 -0.81085743534099719 4.6207751646789132 145.00000000000003 22.500000000000004 15.500000000000002 5.0258752632043366 13.500000000000002 1.0000000180025095e-35 4.4674786937065862 5.6785847193382484 19.500000000000004 2.6707671678651699 97.000000000000014 8.5000000000000018 32.500000000000007 0.053754574504335205 16.500000000000004 -0.02910994880725061 0.058833808015016704 0.74768817098010221 0.17068661504435592 34.500000000000007 29.500000000000004 253.00000000000003 4.6568054714595153 4.5000000000000009 5.1752994071594012 16.666583340791949
decision_type=2 2 2 2 2 2 2 2 2 2 2 2 2 2 2 2 2 2 2 2 2 2 2 2 2 2 2 2 2 2
left_child=1 9 10 29 7 16 -5 8 -4 20 -2 17 13 14 -8 19 -6 18 -10 -15 25 24 -16 -24 -13 27 -27 28 -1 -3
right_child=2 3 4 6 5 -7 12 -9 11 -11 -12 21 -14 15 22 -17 -18 -19 -20 -21 -22 -23 23 -25 -26 26 -28 -29 -30 -31
leaf_value=0.00033357017842059031 0.00022462290186481748 6.4184503524313872e-05 -0.00109588959514406 -0.0020702318896887134 -0.0018030319132590631 -0.0010286527067530885 -4.7243137180814886e-05 -0.00088626363966771711 0.0004136644951519675 -0.0011238283875734075 -0.0038492935236413024 0.00019880063582387647 -0.0012319238488957612 -0.0023480214674993531 1.998411006782487e-07 0.00011307945548783753 -0.0032578937087497702 1.2412931285925027e-05 4.1699904446009564e-05 6.8827329920007584e-05 0.0019176590968699924 0.00044983541358591621 0.00022559535170082697 6.7100612418863985e-05 0.00089067371168832115 0.00031582618480174499 0.00016471675853901372 -1.1980051070802352e-05 0.00071182972374245115 3.3565533476456717e-05
leaf_weight=3188 871 2262 5652 9304 23116 13763 156 11667 174 10346 29667 127 5298 3215 514 2086 7637 8163 363 101 64631 527 568 245 327 344 4086 9966 41845 3388
leaf_count=3188 871 2262 5652 9304 23116 13763 156 11667 174 10346 29667 127 5298 3215 514 2086 7637 8163 363 101 64631 527 568 245 327 344 4086 9966 41845 3388
internal_value=-0.000719924 0.000465635 -0.00259657 -0.00125917 -0.0019955 -0.00262849 -0.00203937 -0.000951851 -1.82607e-05 0.000813878 -0.00400419 0.00106291 -0.000942296 0.000188817 0.00459879 -0.00102184 -0.00321367 0.000574713 0.00592179 -0.00264174 0.00093745 0.00539246 0.00605124 0.00869619 0.00971366 0.000563867 0.00230248 0.000423826 0.000703263 0.00170797
internal_weight=263597 161543 102054 27137 71516 44516 21487 27000 15333 134406 30538 9681 12183 6885 1483 5402 30753 8700 537 3316 124060 981 1327 813 454 59429 4430 54999 45033 5650
internal_count=263597 161543 102054 27137 71516 44516 21487 27000 15333 134406 30538 9681 12183 6885 1483 5402 30753 8700 537 3316 124060 981 1327 813 454 59429 4430 54999 45033 5650
is_linear=0
shrinkage=0.05


Tree=53
num_leaves=31
num_cat=0
split_feature=18 28 0 0 22 28 6 18 24 21 24 27 24 26 4 20 18 4 12 18 0 18 22 4 13 22 18 20 18 12
split_gain=236.774 70.2351 38.7306 24.6782 19.097 11.5285 11.3703 10.2853 8.98957 8.73623 10.4897 12.4758 9.00618 10.1717 7.87964 7.62339 7.87487 7.30326 6.7312 6.63543 5.98171 6.0735 5.94175 11.9152 15.0415 12.3128 12.1881 8.91576 8.38213 8.67161
threshold=12.78051326677349 13.500000000000002 4.5724882964329003 4.5790689627974688 13.500000000000002 14.500000000000002 1.9524119417911521 31.967459209194732 20.500000000000004 35.500000000000007 8.5000000000000018 4.5000000000000009 16.500000000000004 1.0000000180025095e-35 0.35595663605325739 0.70734206224835539 1.0040241493716906 -0.077521056962204474 0.49906955925552587 34.597550769338447 4.4439066730957402 46.090845381258767 17.500000000000004 -0.4421279035433397 0.15433859002586384 5.5000000000000009 0.64252069234894893 0.71486544026091525 6.256633962694699 0.073905492252680907
decision_type=2 2 2 2 2 2 2 2 2 2 2 2 2 2 2 2 2 2 2 2 2 2 2 2 2 2 2 2 2 2
left_child=1 6 20 15 19 7 14 18 -8 10 11 -5 -12 -14 22 -3 17 -17 -6 -4 -2 -22 23 24 28 26 -26 -24 -1 -30
right_child=2 3 4 9 5 -7 8 -9 -10 -11 12 -13 13 -15 -16 16 -18 -19 -20 -21 21 -23 27 -25 25 -27 -28 -29 29 -31
leaf_value=5.2965094799846667e-06 0.00017289638920939195 -3.5355148072352214e-05 -0.0020647114416917833 0.00033898765806396444 -0.0010772433663496523 -0.0021540969025716562 4.264781175366012e-05 -0.0026886398546903494 0.00046233839004873627 -0.0018496992703129506 -0.0026085212813753982 -0.0027170575926210999 -0.00021257983727791176 -0.0040562787590448686 0.0029457132934169097 0.00011126194879034992 7.1777631810978577e-05 5.2890823001839134e-05 0.00032490145286387232 -0.0050183847123593268 -7.6096904035901247e-06 -0.0063871373308707156 0.00013017301347544228 0.00037649223446633022 9.4041221070007952e-05 0.00013329746064169717 -0.0029152346775607788 -0.0012767011151070186 0.00012734118386903282 0.00018441169707966281
leaf_weight=1089 3600 415 24150 1842 9695 21550 460 7131 398 8322 7168 1150 8040 1366 21907 148 1153 192 5052 9852 7321 782 52004 60320 149 1928 1431 3321 832 1084
leaf_count=1089 3600 415 24150 1842 9695 21550 460 7131 398 8322 7168 1150 8040 1366 21907 148 1153 192 5052 9852 7321 782 52004 60320 149 1928 1431 3321 832 1084
internal_value=-0.000654798 0.00041501 -0.00275184 -0.00179588 -0.00315704 -0.00246224 0.000869566 -0.00165372 0.00660839 -0.00217226 -0.00159511 0.00112968 -0.002087 -0.00106953 0.000835387 0.00370545 0.00537174 0.0120588 -0.000899843 -0.00404447 -7.09214e-05 -0.000824385 0.000678794 0.000996065 0.00302779 0.000803877 -0.00246835 0.000295527 0.00562396 0.00761482
internal_weight=263852 174719 89133 29796 77430 43428 144923 21878 858 27888 19566 2992 16574 9406 144065 1908 1493 340 14747 34002 11703 8103 122158 66833 6513 3508 1580 55325 3005 1916
internal_count=263852 174719 89133 29796 77430 43428 144923 21878 858 27888 19566 2992 16574 9406 144065 1908 1493 340 14747 34002 11703 8103 122158 66833 6513 3508 1580 55325 3005 1916
is_linear=0
shrinkage=0.05


Tree=54
num_leaves=31
num_cat=0
split_feature=18 28 0 0 22 5 18 28 21 24 24 26 18 27 18 20 0 19 16 22 12 19 6 12 22 13 22 7 24 28
split_gain=209.058 61.4221 37.5455 27.6609 20.1013 13.792 11.9946 9.00046 8.89928 12.6324 14.4031 10.547 8.14227 7.69561 7.66158 7.4466 10.0325 13.2969 9.54771 9.39446 11.1862 6.94826 6.75189 7.744 13.4125 12.9005 5.82211 5.58927 5.41416 5.16811
threshold=13.465590563590967 11.500000000000002 4.5724882964329003 4.5790689627974688 13.500000000000002 1.059601370114956 21.941426293570924 9.5000000000000018 33.500000000000007 8.5000000000000018 14.500000000000002 1.0000000180025095e-35 2.0975999086549182 7.5000000000000009 30.791296185257895 0.70711280391660625 4.7607705584681321 28.626116574922936 4.7749535734160036 19.500000000000004 0.17822859839754898 20.111248372401928 1.7139941898424413 0.087331604679705091 5.5000000000000009 0.026825385527065589 16.500000000000004 0.8166267906501411 11.500000000000002 15.500000000000002
decision_type=2 2 2 2 2 2 2 2 2 2 2 2 2 2 2 2 2 2 2 2 2 2 2 2 2 2 2 2 2 2
left_child=1 15 21 5 14 12 7 -6 9 13 -11 22 -3 -5 -4 16 17 -1 27 20 -19 -2 23 24 25 -12 -24 -17 -10 -8
right_child=2 3 4 8 6 -7 29 -9 28 10 11 -13 -14 -15 -16 18 -18 19 -20 -21 -22 -23 26 -25 -26 -27 -28 -29 -30 -31
leaf_value=2.5149679630051902e-05 0.00023616046173621929 7.4190915506973433e-05 -0.0019060496002563669 0.00032473802943759915 0.00021446800578490957 -2.0262866663612014e-05 -0.001873208315779723 -0.0012398781300603705 -0.0030720032538703859 -0.0064940419478580176 0.0016571430407673134 -0.00398476325488394 8.1329845362102782e-05 -0.0025258746586738954 -0.0044279203295280447 -2.1290823518389885e-05 0.00077675090146783559 0.00024600216489040395 0.00046843512511517078 3.3183573905687964e-05 0.00018851802545293437 -3.1059994742931962e-06 0.0013060963995122315 -0.00076041320922196553 1.9302731331954528e-05 0.0010429254071348077 -0.0017146339442682306 6.8202208777620133e-05 -0.0010269285722979274 -0.0028888687245168273
leaf_weight=3561 127 390 20534 2208 5587 1086 13700 11417 4337 5190 111 1572 740 621 12094 9882 125913 875 124 638 647 11281 624 6044 3527 295 183 1372 7789 11072
leaf_count=3561 127 390 20534 2208 5587 1086 13700 11417 4337 5190 111 1572 740 621 12094 9882 125913 875 124 638 647 11281 624 6044 3527 295 183 1372 7789 11072
internal_value=-0.000620624 0.000357905 -0.0026473 -0.00152865 -0.00305682 0.00387635 -0.00233052 -0.00130793 -0.00189717 -0.0012589 -0.0017588 -0.000830365 0.00774336 0.00184164 -0.00398676 0.000815876 0.000921951 0.00296976 -0.000411319 0.00606482 0.00819974 2.36682e-05 -0.000272626 -0.000628445 0.0010984 0.00970443 0.00412639 -0.000563355 -0.00296965 -0.00303246
internal_weight=263541 177729 85812 34717 74404 2216 41776 17004 32501 20375 17546 12356 1130 2829 32628 143012 131634 5721 11378 2160 1522 11408 10784 9977 3933 406 807 11254 12126 24772
internal_count=263541 177729 85812 34717 74404 2216 41776 17004 32501 20375 17546 12356 1130 2829 32628 143012 131634 5721 11378 2160 1522 11408 10784 9977 3933 406 807 11254 12126 24772
is_linear=0
shrinkage=0.05


Tree=55
num_leaves=31
num_cat=0
split_feature=10 18 0 0 27 18 7 22 29 21 27 19 20 24 6 21 24 2 11 17 22 22 11 27 18 14 27 12 9 2
split_gain=203.246 48.9514 32.337 23.2042 19.9851 17.3925 13.6161 10.6501 9.44149 8.78081 8.61699 6.88301 8.21044 7.29587 7.91079 6.33563 7.83851 6.97522 6.38935 6.27425 6.0247 8.22235 9.45834 7.50095 7.01388 5.52574 5.50069 5.34092 5.33281 5.1887
threshold=0.41666666666666674 15.13058039051147 4.5649191543146843 4.6638718775261703 19.500000000000004 33.275138505876264 0.65182460058641867 16.500000000000004 -0.46518392472356479 36.500000000000007 22.500000000000004 6.9078343150599979 0.70885292718590975 21.500000000000004 0.12914358936969636 33.500000000000007 7.5000000000000009 -1.6169592519082843 0.040202257801196455 6.5000000000000009 23.500000000000004 3.5000000000000004 0.10238676404604011 30.500000000000004 0.45961432632493199 6.7147199614869111 14.500000000000002 0.75419601131926173 0.65060231800007251 -1.2070313515381357
decision_type=2 2 2 2 2 2 2 2 2 2 2 2 2 2 2 2 2 2 2 2 2 2 2 2 2 2 2 2 2 2
left_child=28 3 19 9 8 7 25 -4 -5 11 -9 12 13 -2 -15 16 18 26 -10 -3 21 22 -8 29 -24 -6 -18 -12 -1 -23
right_child=1 2 5 4 6 -7 20 10 15 -11 27 -13 -14 14 -16 -17 17 -19 -20 -21 -22 23 24 -25 -26 -27 -28 -29 -30 -31
leaf_value=0.00098746577967290684 -3.5870661284302676e-06 -0.0038763179879740643 -0.0018656535873440034 -0.001931131657526783 -5.7273322539897716e-05 -0.0038050658767636893 5.3784296706670354e-05 -0.0015078097774317136 0.00049876505592820084 -2.5642784291607261e-05 -0.00088878010086160968 5.4678767785523168e-05 7.602415200104813e-05 -5.5618751692469407e-06 0.00025177456552409432 -0.0011734244010886 0.00010845835798342548 -0.00065642507390699584 0.00018841606911911568 5.2089272244744749e-05 -5.2834686717711927e-05 0.00027300546994587301 0.00019536094274602209 -3.4244595570421426e-06 -0.0031290770432964815 0.00057397343814269365 0.0011786276325442295 0.00079485684193089223 0.0024562100297985633 8.5043495822480003e-05
leaf_weight=93463 613 1748 23513 15178 11204 22967 696 15246 307 1948 4908 6527 519 143 329 5076 480 9556 1107 8261 3241 1356 59 1762 1117 98 240 2049 26549 3379
leaf_count=93463 613 1748 23513 15178 11204 22967 696 15246 307 1948 4908 6527 519 143 329 5076 480 9556 1107 8261 3241 1356 59 1762 1117 98 240 2049 26549 3379
internal_value=-0.000646489 -0.00191552 -0.00275403 -0.00089936 -0.00130451 -0.00314095 -0.000177636 -0.002577 -0.00211276 0.00130569 -0.00179165 0.00202804 0.00496259 0.00248848 0.00716102 -0.00129488 -0.000654405 -0.00113468 0.00283593 -9.89104e-05 0.00102498 0.00173378 -0.0011859 0.00257504 -0.00392007 -0.00141302 0.00361111 -0.000333476 0.000872247 0.00361141
internal_weight=263639 143627 78692 64935 54856 68683 22912 45716 31944 10079 22203 8131 1604 1085 472 16766 11690 10276 1414 10009 11610 8369 1872 6497 1176 11302 720 6957 120012 4735
internal_count=263639 143627 78692 64935 54856 68683 22912 45716 31944 10079 22203 8131 1604 1085 472 16766 11690 10276 1414 10009 11610 8369 1872 6497 1176 11302 720 6957 120012 4735
is_linear=0
shrinkage=0.05


Tree=56
num_leaves=31
num_cat=0
split_feature=10 18 0 28 0 29 27 0 18 1 0 18 1 24 18 24 18 22 2 13 17 4 4 22 3 17 24 2 26 24
split_gain=184.886 45.7578 30.4443 22.8782 22.9251 11.5302 11.0964 10.7334 10.8666 13.478 20.2768 17.3324 10.2624 8.99141 8.24927 7.70796 7.49034 7.4432 7.41751 7.85241 7.01014 6.90113 10.5311 6.70381 6.57421 6.52303 6.44963 7.13618 6.35981 6.1952
threshold=0.41666666666666674 21.263223200823713 4.5402900480898207 16.500000000000004 4.5790689627974688 -0.77071677021972174 4.5000000000000009 5.0258752632043366 15.13058039051147 253.00000000000003 4.6207751646789132 12.112820027334863 133.00000000000003 7.5000000000000009 1.0040241493716906 7.5000000000000009 4.8623173323366915 10.500000000000002 -2.0191565006508445 0.14481157110135404 4.5000000000000009 -0.48308019287008619 -0.12223793300729312 14.500000000000002 -0.42164066472703804 6.5000000000000009 15.500000000000002 -1.7537145585892553 1.0000000180025095e-35 24.500000000000004
decision_type=2 2 2 2 2 2 2 2 2 2 2 2 2 2 2 2 2 2 2 2 2 2 2 2 2 2 2 2 2 2
left_child=28 3 25 7 14 -6 13 8 9 15 11 -11 -4 -7 21 16 -2 -10 29 -20 -13 -5 -23 -14 -8 -3 -17 -28 -1 -12
right_child=1 2 12 4 5 6 24 -9 17 10 18 20 23 -15 -16 26 -18 -19 19 -21 -22 22 -24 -25 -26 -27 27 -29 -30 -31
leaf_value=0.0013374603107200395 -1.1824841307437126e-05 -0.0048782115348607819 -0.00060167305390921894 -0.0064904670946770758 -0.0031702315100268588 0.00030282803264929391 -0.0016355093408278662 -0.00046762227521624677 -0.0017169286532074111 0.00010169800115374518 0.00031734423335153189 0.00065450259114480927 -0.0032951899617028671 -0.00083072263472686232 4.1088127934849235e-05 -0.0032030824500331313 9.1039636251978763e-05 -2.6851691963258147e-05 0.00010410758544949829 -0.00010208953327460363 0.00047698216585954158 0.00018620717755969587 3.3618373855796129e-05 -0.0023947840923660723 -0.0003504271143418132 0.0001526353199378931 0.00037418700927476466 -1.4515075862659385e-05 -0.00075090301790067208 0.00077368364141777377
leaf_weight=110684 1815 671 4674 82 12324 2045 11971 10438 4306 238 116 169 21288 4288 2911 3010 5048 6458 1233 1825 130 121 216 22682 6146 5296 895 13180 9290 89
leaf_count=110684 1815 671 4674 82 12324 2045 11971 10438 4306 238 116 169 21288 4288 2911 3010 5048 6458 1233 1825 130 121 216 22682 6146 5296 895 13180 9290 89
internal_value=-0.000639093 -0.00184909 -0.00298859 -0.00115031 -0.00203571 -0.00239544 -0.00176687 -0.000424923 -3.94676e-05 0.000483639 0.00325 0.0122533 -0.00340206 3.47393e-05 0.00193694 4.46807e-05 0.00146 -0.00138796 0.00176831 0.00115108 0.0202676 0.00849642 0.0116617 -0.00363884 -0.00239664 0.000382102 -0.000523851 -7.45998e-05 0.000809843 0.0109756
internal_weight=263639 143665 54611 89054 40104 36774 24450 48950 38512 27748 3800 537 48644 6333 3330 23948 6863 10764 3263 3058 299 419 337 43970 18117 5967 17085 14075 119974 205
internal_count=263639 143665 54611 89054 40104 36774 24450 48950 38512 27748 3800 537 48644 6333 3330 23948 6863 10764 3263 3058 299 419 337 43970 18117 5967 17085 14075 119974 205
is_linear=0
shrinkage=0.05


Tree=57
num_leaves=31
num_cat=0
split_feature=21 29 0 18 19 0 28 28 19 26 21 24 18 9 26 18 22 21 0 27 22 5 24 18 0 26 19 0 19 1
split_gain=160.302 38.7677 19.1787 21.7479 18.712 16.8232 11.2182 10.809 9.80969 8.50625 9.6769 11.5723 7.67221 7.46513 6.37425 6.34903 6.16438 5.81097 6.66062 5.54375 5.4055 5.07896 5.03563 4.94747 4.56655 4.32463 4.29932 4.26347 4.64552 4.2253
threshold=15.000000000000002 -0.64858629318584227 4.5790689627974688 19.754392572490939 59.99486014821899 4.5790689627974688 13.500000000000002 10.500000000000002 13.996169603132882 1.0000000180025095e-35 33.500000000000007 7.5000000000000009 44.858287520818259 0.65060231800007251 1.0000000180025095e-35 13.217980032204883 8.5000000000000018 28.500000000000004 4.735226183131064 7.5000000000000009 14.500000000000002 2.5923042418178937 14.500000000000002 26.341942685659273 5.184403398099442 1.0000000180025095e-35 12.798432636023522 4.757598829281628 34.419190296246192 269.00000000000006
decision_type=2 2 2 2 2 2 2 2 2 2 2 2 2 2 2 2 2 2 2 2 2 2 2 2 2 2 2 2 2 2
left_child=25 4 8 6 5 29 13 15 -3 10 11 19 14 17 20 27 -6 18 26 24 -5 -13 -18 -24 -8 -1 -4 28 -7 -2
right_child=1 2 3 12 16 7 9 -9 -10 -11 -12 21 -14 -15 -16 -17 22 -19 -20 -21 -22 -23 23 -25 -26 -27 -28 -29 -30 -31
leaf_value=0.0012205219984742699 3.8464727610522807e-05 7.0684895661655468e-05 0.00012159471377461904 -0.0014642232010278011 -0.0035941769225047147 3.6858446658885359e-05 0.00049509059405961184 -0.0026882150698548392 2.7236244688404194e-05 -0.0038355983876853226 -0.0009870181262234658 -0.00064246265825101555 -0.0041423298572914082 -0.0015352746389556695 -0.0049623034044049413 -0.0033301980793869232 -0.0045805919659543904 2.3237598001661256e-05 -0.00083199831516535044 -0.0020130356676973803 -0.00065197092363983246 0.00041484046157594986 -0.0003152873834596246 -0.0022799935699409522 -0.0030009560130979966 -0.00053859241218021667 6.9570177153124811e-05 -4.1237690306312463e-05 0.00034628686446301632 0.00082454799967525058
leaf_weight=111057 3558 1316 68 9408 8784 1521 1718 15305 8983 2666 8844 10093 4487 1442 1811 1860 10032 21042 2820 298 11286 2160 3116 6654 98 9328 500 2974 359 168
leaf_count=111057 3558 1316 68 9408 8784 1521 1718 15305 8983 2666 8844 10093 4487 1442 1811 1860 10032 21042 2820 298 11286 2160 3116 6654 98 9328 500 2974 359 168
internal_value=-0.000603815 -0.00173333 -0.00109108 -0.00135647 -0.00278589 -0.00180812 -0.000756343 -0.00233389 0.000937956 -0.00149244 -0.00118521 -0.000384213 -0.00250704 -2.00984e-05 -0.00213064 -0.000661304 -0.00366648 0.000186247 -0.00173554 0.00303217 -0.0018817 -0.000973639 -0.00317746 -0.0023695 0.00406938 0.000741372 0.00320423 0.000290483 0.00215426 0.00129898
internal_weight=263756 143371 89040 78741 54331 25745 51749 22019 10299 25877 23211 14367 26992 25872 22505 6714 28586 24430 3388 2114 20694 12253 19802 9770 1816 120385 568 4854 1880 3726
internal_count=263756 143371 89040 78741 54331 25745 51749 22019 10299 25877 23211 14367 26992 25872 22505 6714 28586 24430 3388 2114 20694 12253 19802 9770 1816 120385 568 4854 1880 3726
is_linear=0
shrinkage=0.05


Tree=58
num_leaves=31
num_cat=0
split_feature=18 28 0 0 18 22 28 27 3 0 2 21 19 22 19 21 19 21 9 0 20 18 28 28 13 22 11 0 19 19
split_gain=158.72 49.6712 36.3876 20.6768 16.3962 14.0309 10.7518 8.25632 8.74367 7.33725 8.66741 8.64952 8.1842 6.2126 5.44705 5.43629 4.88285 4.81447 4.80848 4.78426 6.41113 5.6453 7.80825 5.12537 4.78401 4.4564 12.9579 12.004 16.2843 8.09022
threshold=13.465590563590967 16.500000000000004 4.5724882964329003 4.5649191543146843 39.41889611950149 8.5000000000000018 15.500000000000002 2.5000000000000004 -0.42164066472703804 5.3011333813679853 -1.5742715205010283 33.500000000000007 49.630314285091309 16.500000000000004 20.111248372401928 29.500000000000004 16.276638782866737 36.500000000000007 0.7297587261146824 4.4439066730957402 0.067436145819137761 15.13058039051147 12.500000000000002 1.0000000180025095e-35 0.58340112993594506 18.500000000000004 0.095220152042670508 4.7607705584681321 28.626116574922936 13.8824939102561
decision_type=2 2 2 2 2 2 2 2 2 2 2 2 2 2 2 2 2 2 2 2 2 2 2 2 2 2 2 2 2 2
left_child=1 9 14 16 5 -4 -7 -5 -9 10 11 12 13 -1 24 -14 -3 -8 25 23 21 22 -21 -16 -2 26 27 28 -12 -28
right_child=2 3 4 7 -6 6 17 8 -10 -11 18 -13 15 -15 19 -17 -18 -19 -20 20 -22 -23 -24 -25 -26 -27 29 -29 -30 -31
leaf_value=0.00024829483686465633 0.00023630257845996418 5.6628525186414723e-05 -0.0019598512279219256 9.7637961420901635e-06 -0.003971208693703196 -0.00080792870590922026 -0.0014084794499198278 -0.0019353944898359721 -0.00034829289873550799 0.0016238481688448101 4.2832014569490558e-05 -0.00096525310082611841 0.00041876600001510168 -1.1597209887701941e-05 0.00039567766343685221 0.0008938595416499791 -2.194524483639556e-05 -0.0023870329844586794 -0.0021904226927054941 0.00057642454850732232 3.6964791991101519e-05 -0.0038541653423703782 -0.0047289685828987285 0.00014045661537947062 2.1227302280872163e-05 -2.5335304997396551e-05 0.00039063625187543807 6.9258924462635072e-05 0.00025975515973273997 -0.00047826231795895601
leaf_weight=775 65 1053 16277 3761 15824 22666 16543 15065 6144 58726 1127 717 119 498 122 252 510 3010 884 86 5305 2318 89 3401 68 38412 27396 6670 679 15110
leaf_count=775 65 1053 16277 3761 15824 22666 16543 15065 6144 58726 1127 717 119 498 122 252 510 3010 884 86 5305 2318 89 3401 68 38412 27396 6670 679 15110
internal_value=-0.000615613 0.000236203 -0.00238231 -0.00175932 -0.0027866 -0.00240033 -0.00191951 -0.00210853 -0.00249139 0.000586001 0.000308834 0.00329945 0.00529805 0.00339356 0.000240964 0.0118329 0.00381958 -0.0027786 0.000230622 0.000122781 -0.000568094 -0.00265945 0.006 0.001652 0.0103008 0.000266909 0.00057334 0.00235842 0.00597453 0.000217382
internal_weight=263672 177898 85774 26533 74320 58496 42219 24970 21209 151365 92639 2361 1644 1273 11454 371 1563 19553 90278 11321 7798 2493 175 3523 133 89394 50982 8476 1806 42506
internal_count=263672 177898 85774 26533 74320 58496 42219 24970 21209 151365 92639 2361 1644 1273 11454 371 1563 19553 90278 11321 7798 2493 175 3523 133 89394 50982 8476 1806 42506
is_linear=0
shrinkage=0.05


Tree=59
num_leaves=31
num_cat=0
split_feature=18 28 0 29 0 22 29 2 17 21 21 24 26 18 1 18 2 13 20 24 20 18 1 21 1 0 1 13 13 7
split_gain=148.184 49.5329 31.3021 21.3019 16.9355 11.7566 9.35952 8.89562 7.78235 7.75269 7.1247 16.4656 7.06696 6.74136 6.6743 6.37261 6.14867 5.7503 5.53052 6.23641 5.44405 6.90098 5.3141 5.55918 5.00849 9.96112 4.82301 5.55997 6.07132 4.78944
threshold=14.651114474945253 14.500000000000002 4.5649191543146843 -1.0072396594512696 4.5790689627974688 12.500000000000002 -0.78361957578518804 -1.5742715205010283 6.5000000000000009 31.500000000000004 33.500000000000007 8.5000000000000018 1.0000000180025095e-35 52.454160089108875 253.00000000000003 12.560022105663213 0.14328701574204292 0.070646688257554074 0.014656284466307621 11.500000000000002 0.70728938418057841 1.1701297279458844 153.00000000000003 34.500000000000007 257.00000000000006 4.6152523066285216 297.00000000000006 0.20554591782397869 0.1063639330979526 0.35071519013389857
decision_type=2 2 2 2 2 2 2 2 2 2 2 2 2 2 2 2 2 2 2 2 2 2 2 2 2 2 2 2 2 2
left_child=1 7 8 -4 20 18 -6 14 -2 12 11 17 13 -7 22 -16 24 -8 -5 -20 -3 29 23 -1 -9 26 27 28 -26 -22
right_child=2 4 3 5 6 9 10 16 -10 -11 -12 -13 -14 -15 15 -17 -18 -19 19 -21 21 -23 -24 -25 25 -27 -28 -29 -30 -31
leaf_value=0.00050620342175544133 -0.0033202471657009592 -2.7925922267739945e-05 -0.0041928947395958559 -0.0025239597019915527 -0.0026349132599686113 -0.00021764802044192851 0.00044056898360037472 1.9225590177149345e-05 7.9916870392278337e-05 -0.0015194055310105016 -0.0010494938822628805 -0.00056967262020477319 -0.0045601601310433677 -0.003368050238555242 0.0002380337023248576 0.0012236756796906707 0.0013241633807271258 0.000376249294699656 -0.0023679463992394689 -0.00039078025925661772 7.691595764376168e-07 5.0727268431173398e-05 3.9186363408764047e-05 -0.00089544457515397318 0.00017908159570803454 0.00013079624182254032 -1.0405475402612641e-05 0.00018731075817545666 0.00055371488733883931 0.00012078861270934762
leaf_weight=500 1780 522 18058 13284 9425 15569 594 75588 8367 12946 8257 10476 1295 1214 296 87 64594 1416 2468 5689 103 1393 1213 217 109 7745 81 108 75 248
leaf_count=500 1780 522 18058 13284 9425 15569 594 75588 8367 12946 8257 10476 1295 1214 296 87 64594 1416 2468 5689 103 1393 1213 217 109 7745 81 108 75 248
internal_value=-0.000561852 0.00022497 -0.00234722 -0.00272081 -0.00154745 -0.002211 -0.00186058 0.000606655 0.000249335 -0.00158877 -0.00126693 -0.000513374 -0.000919902 -0.000645295 0.00368353 0.00971279 0.000558665 0.00363184 -0.00311133 -0.00208655 0.00262136 0.00396216 0.00248705 0.00589958 0.000275847 0.00145602 0.009437 0.0124315 0.0177174 0.0102279
internal_weight=263717 183047 80670 70523 32434 52465 30168 150613 10147 31024 20743 12486 18078 16783 2313 383 148300 2010 21441 8157 2266 1744 1930 717 83706 8118 373 292 184 351
internal_count=263717 183047 80670 70523 32434 52465 30168 150613 10147 31024 20743 12486 18078 16783 2313 383 148300 2010 21441 8157 2266 1744 1930 717 83706 8118 373 292 184 351
is_linear=0
shrinkage=0.05


Tree=60
num_leaves=31
num_cat=0
split_feature=10 29 18 17 28 17 19 21 27 21 2 4 24 19 22 3 16 28 3 6 28 27 13 22 19 27 21 4 19 20
split_gain=131.522 36.4672 25.2951 17.561 12.4917 10.2842 9.98337 9.7518 9.46675 9.09984 8.74268 8.36099 8.21637 7.78621 7.18284 6.31608 7.1168 6.21599 6.20002 6.07481 5.64974 5.63382 5.04913 7.08124 9.65884 7.86346 4.6908 5.47784 4.7625 4.53706
threshold=0.41666666666666674 -1.2530839403026801 20.936565974487191 9.5000000000000018 15.500000000000002 8.5000000000000018 33.922132115726804 32.500000000000007 4.5000000000000009 35.500000000000007 -1.5742715205010283 -0.18285179575064528 8.5000000000000018 13.53267201524732 14.500000000000002 -0.34654520039374387 0.38466096934478172 21.500000000000004 -0.70451740662227558 0.071444036019819121 30.500000000000004 23.500000000000004 0.14329938882170642 5.5000000000000009 1.050797484154723 19.500000000000004 33.500000000000007 -0.21650765130726377 16.131242201659806 0.70712980943250281
decision_type=2 2 2 2 2 2 2 2 2 2 2 2 2 2 2 2 2 2 2 2 2 2 2 2 2 2 2 2 2 2
left_child=-1 6 4 7 10 8 -2 14 12 13 26 17 20 15 29 16 -7 -10 22 -16 -6 -13 -12 24 -24 -25 27 -3 -28 -4
right_child=1 2 3 -5 5 9 -8 -9 11 -11 18 21 -14 -15 19 -17 -18 -19 -20 -21 -22 -23 23 25 -26 -27 28 -29 -30 -31
leaf_value=0.00093155263639201459 -0.0017134604603872478 0.00023729885479453701 -0.0022156780952085333 6.5820030235223291e-05 0.00035787617587290112 0.00020207203904948386 -0.0044350665381209624 -0.0024816546184732065 -0.0010572199922000596 -0.00017208272139501038 5.3821579756112189e-05 -0.0003931317332269051 -0.00084746277665598247 7.4790033225423681e-05 0.0026385860429951565 1.1401356878406712e-05 0.00010848182348103852 -0.0025633688427122055 -3.8824338488479819e-05 -0.00092617472508258684 -0.0030284256966259487 0.00022765712562673783 0.00010434080250679766 -0.0015023763875090565 -0.0020301849444304058 9.8730156155919885e-05 0.00036836499511753101 0.0005387539331208653 -0.003045189345327646 -0.00044859100177635915
leaf_weight=119749 5306 2557 9865 5834 2080 158 16587 12632 7693 1537 6117 9077 4847 2237 171 260 249 6497 22614 13499 426 279 76 1775 2456 4962 260 243 494 3024
leaf_count=119749 5306 2557 9865 5834 2080 158 16587 12632 7693 1537 6117 9077 4847 2237 171 260 249 6497 22614 13499 426 279 76 1775 2456 4962 260 243 494 3024
internal_value=-0.000574667 -0.00159389 -0.00125649 -0.00219767 -0.000705386 -0.00139643 -0.0034728 -0.00257865 -0.0017198 0.000853412 -0.000117678 -0.00220887 -0.000153678 0.0025 -0.00203471 0.00724138 0.0111302 -0.00297392 -0.000339473 -0.00123628 0.00217079 -0.00104852 0.000434811 -0.000301003 -0.00255529 0.000546238 0.0022538 0.00319643 -0.00124668 -0.00288153
internal_weight=263561 143812 121919 45025 76894 35340 21893 39191 30899 4441 41554 23546 7353 2904 26559 667 407 14190 38000 13670 2506 9356 15386 9269 2532 6737 3554 2800 754 12889
internal_count=263561 143812 121919 45025 76894 35340 21893 39191 30899 4441 41554 23546 7353 2904 26559 667 407 14190 38000 13670 2506 9356 15386 9269 2532 6737 3554 2800 754 12889
is_linear=0
shrinkage=0.05


Tree=61
num_leaves=31
num_cat=0
split_feature=4 28 18 18 22 11 22 18 1 24 22 24 14 5 18 26 18 12 28 29 15 4 1 4 13 22 6 6 1 19
split_gain=130 35.8352 28.0483 20.3829 14.9723 14.9981 15.0973 13.9846 11.2902 9.37518 8.8804 7.51023 6.97079 6.92149 6.70437 6.1733 5.98904 7.1535 6.92373 6.24118 5.85668 5.75383 5.58265 5.45915 4.69479 8.02576 4.62277 4.61185 4.55071 4.52478
threshold=-0.1998963438845042 14.500000000000002 15.13058039051147 6.256633962694699 19.500000000000004 0.095220152042670508 5.5000000000000009 0.45961432632493199 185.00000000000003 10.500000000000002 12.500000000000002 14.500000000000002 5.2970496461560215 0.91641013932226756 24.736621419192343 1.0000000180025095e-35 8.6764120889635752 0.18734659977136991 9.5000000000000018 -1.0308775640211452 29.500000000000004 -0.43329411285390113 181.00000000000003 0.045414351683201036 0.088990345642022448 3.5000000000000004 0.071444036019819121 0.12497221675438545 253.00000000000003 49.138707003432394
decision_type=2 2 2 2 2 2 2 2 2 2 2 2 2 2 2 2 2 2 2 2 2 2 2 2 2 2 2 2 2 2
left_child=1 2 4 23 5 13 7 -7 15 12 22 -10 29 -1 -12 20 18 -18 19 -15 -3 28 -4 -2 25 -20 -16 -9 -8 -5
right_child=3 8 10 9 -6 6 21 27 11 -11 14 -13 -14 16 26 -17 17 -19 24 -21 -22 -23 -24 -25 -26 -27 -28 -29 -30 -31
leaf_value=-3.1881668672820383e-05 5.7691518171796406e-05 -0.0011029542142727848 -0.0010295084911534017 -9.5676293241634761e-05 -0.00065823176144137404 0.00017665430187573236 0.00012543478363039005 0.00032637119383686875 -0.0063001489796595438 -1.9263506364044142e-05 2.9468463489579937e-05 -0.0017594102335804979 0.00052628460028711799 0.00013038237131629131 0.0030500500219929447 -0.0047164597776149161 0.00021871672823910626 0.0001354714224254426 0.0010368459130868533 -3.3220836927102036e-07 0.00023345877045111122 -4.0125802977091631e-05 -0.0026098462222986295 0.001408427181426598 0.00015530744905281371 0.00054709767384807572 -0.0016473216209744895 -0.0023332169108736763 0.00028334371933116828 -0.0017098679142723645
leaf_weight=428 52082 17479 3735 4559 6751 134 2950 147 11439 27323 6026 18983 310 300 144 2985 1073 451 70 1221 287 1409 7964 72158 168 145 11774 2915 994 7384
leaf_count=428 52082 17479 3735 4559 6751 134 2950 147 11439 27323 6026 18983 310 300 144 2985 1073 451 70 1221 287 1409 7964 72158 168 145 11774 2915 994 7384
internal_value=-0.000486868 -0.00190773 -0.000938338 0.000380244 0.00055283 0.00158404 0.000416424 -0.00230288 -0.00283216 -0.000607944 -0.00190197 -0.00344553 -0.00175712 0.00417272 -0.00120319 -0.00193292 0.00492124 0.00725722 0.00305147 0.00153846 -0.00157942 0.00203998 -0.00297376 0.000695026 0.00906005 0.0139535 -0.00189042 -0.00299477 0.00301978 -0.00194926
internal_weight=263788 99972 48799 163816 19156 12405 8549 3196 51173 39576 29643 30422 12253 3856 17944 20751 3428 1524 1904 1521 17766 5353 11699 124240 383 215 11918 3062 3944 11943
internal_count=263788 99972 48799 163816 19156 12405 8549 3196 51173 39576 29643 30422 12253 3856 17944 20751 3428 1524 1904 1521 17766 5353 11699 124240 383 215 11918 3062 3944 11943
is_linear=0
shrinkage=0.05


Tree=62
num_leaves=31
num_cat=0
split_feature=18 28 0 18 0 24 24 22 0 5 6 26 3 21 24 21 24 19 26 1 27 27 12 19 1 0 22 21 4 24
split_gain=112.985 41.3063 29.7654 15.1049 10.3967 9.99579 8.05332 8.69929 9.10607 7.32859 7.72246 7.11854 7.01607 6.77527 6.74242 14.7273 10.4813 6.45154 6.13754 5.78061 5.58134 8.29413 5.40228 5.75308 5.68129 11.2716 5.64829 5.0279 4.81531 5.93141
threshold=14.651114474945253 16.500000000000004 4.5649191543146843 33.275138505876264 4.5860089852518895 15.500000000000002 7.5000000000000009 20.500000000000004 4.9798296441859744 2.6590401044876883 2.1010272622093722 1.0000000180025095e-35 -0.057329337161237566 38.500000000000007 8.5000000000000018 31.500000000000004 14.500000000000002 59.187244281006727 1.0000000180025095e-35 193.00000000000003 2.5000000000000004 24.500000000000004 0.18384129737309593 0.38025422428337641 257.00000000000006 4.6500701778329185 9.5000000000000018 32.500000000000007 -0.56778403148787893 7.5000000000000009
decision_type=2 2 2 2 2 2 2 2 2 2 2 2 2 2 2 2 2 2 2 2 2 2 2 2 2 2 2 2 2 2
left_child=1 9 -2 5 19 6 7 -4 20 10 22 17 -8 14 15 -6 -16 -7 -18 -3 -9 -22 24 26 -1 -26 -24 -11 29 -25
right_child=2 4 3 -5 13 11 12 8 -10 27 -12 -13 -14 -15 16 -17 18 -19 -20 -21 21 -23 23 28 25 -27 -28 -29 -30 -31
leaf_value=0.00013989610966879423 6.1674940222842189e-05 6.7173225016924095e-05 -0.001877257912435441 -0.0028920751664986469 0.00056414722688459562 -0.0019419337331055579 -0.0033079118129711255 0.0029068829264750646 -0.0020146622849657745 -9.0458778339987778e-05 0.00037097657515222161 -0.0037271689836723149 -5.5038418892570652e-05 -0.0018912986624254223 -0.0041679057398649483 -0.0023668090762880701 -0.00016431780119869271 -0.00020277149991745213 -0.0027974448188175858 -0.0076555703187914052 -0.002086666775074126 0.0011201166989073686 0.00016426447977736523 8.9264866114896143e-05 0.00029189826355182995 0.00035269528752542641 7.8976770883122101e-06 7.6726473845810375e-06 0.0002581614166000964 -0.0018265626841974789
leaf_weight=54817 10077 1924 6132 23066 2405 5710 10189 315 1127 2846 864 2582 1272 4514 6311 1736 10064 17764 1551 250 1162 1326 71 1133 434 6458 85 3652 79722 4141
leaf_count=54817 10077 1924 6132 23066 2405 5710 10189 315 1127 2846 864 2582 1272 4514 6311 1736 10064 17764 1551 250 1162 1326 71 1133 434 6458 85 3652 79722 4141
internal_value=-0.000519529 0.00016789 -0.00207775 -0.00244037 -0.0015719 -0.00193131 -0.00272871 -0.00169648 0.00013995 0.000492275 0.000564563 -0.00127264 -0.00363494 -0.0018438 -0.00148276 0.000335668 -0.00190282 -0.000998551 -0.00101162 0.00175253 0.00166607 0.000872187 0.000536835 0.000278679 0.000893063 0.00224608 0.0098718 -0.00115112 0.000261072 -0.00120212
internal_weight=263700 182978 80722 70645 28755 47579 21523 10062 3930 154223 147725 26056 11461 26581 22067 4141 17926 23474 11615 2174 2803 2488 146861 85152 61709 6892 156 6498 84996 5274
internal_count=263700 182978 80722 70645 28755 47579 21523 10062 3930 154223 147725 26056 11461 26581 22067 4141 17926 23474 11615 2174 2803 2488 146861 85152 61709 6892 156 6498 84996 5274
is_linear=0
shrinkage=0.05


Tree=63
num_leaves=31
num_cat=0
split_feature=18 4 21 0 27 21 24 1 0 29 3 26 21 0 24 27 24 3 18 26 6 27 2 9 4 0 26 0 1 0
split_gain=110.945 29.4631 25.7877 13.6045 12.7225 11.8379 11.46 10.0159 11.9503 9.71325 9.45156 8.82092 8.11402 7.94226 6.50465 8.09998 6.23742 6.36366 6.12271 5.44358 5.16717 5.11891 6.6248 4.86639 4.81375 5.20637 4.80855 4.70236 4.53341 13.7726
threshold=14.651114474945253 -0.91706966442293736 3.5000000000000004 4.6750101137906439 16.500000000000004 32.500000000000007 14.500000000000002 141.00000000000003 4.6603476403907047 -1.2530839403026801 -0.6163829451430638 1.0000000180025095e-35 34.500000000000007 4.4439066730957402 8.5000000000000018 7.5000000000000009 14.500000000000002 -1.2542658476511455 54.342627197387607 1.0000000180025095e-35 0.063193627739669814 18.500000000000004 -0.084553004947269125 0.66208241760553344 0.37130062653243162 5.473950012258177 1.0000000180025095e-35 4.5486059994538381 257.00000000000006 4.6046610299420534
decision_type=2 2 2 2 2 2 2 2 2 2 2 2 2 2 2 2 2 2 2 2 2 2 2 2 2 2 2 2 2 2
left_child=2 5 24 -3 7 9 -5 8 -4 13 28 18 14 -2 15 20 23 -18 21 -10 -9 -11 -23 -16 -1 -26 -8 -20 -6 -30
right_child=1 3 4 6 10 -7 26 12 19 11 -12 -13 -14 -15 16 -17 17 -19 27 -21 -22 22 -24 -25 25 -27 -28 -29 29 -31
leaf_value=0.0006905365569537822 0.00046815852835720628 7.9161404080160022e-05 0.0001313484165821264 -0.0016729762272815075 2.5984417651944232e-05 -0.0039305484232437567 -5.5176340432584434e-05 0.00088213757569078678 -0.00015595069628559653 -0.0012277760189556074 -3.592985256963776e-05 -0.0072781453220203234 -0.0029258312945137505 -0.0053200036710920441 -0.008789039623996674 -0.004603828251768886 0.0019417313420747124 -0.00070988341588041823 0.00056907025791187802 -0.0030648054533894244 0.00039086752165212453 -0.0004983555265965072 0.0034218774688176603 0.0034998057732194589 0.0074736439305479151 0.0018351183950422408 -0.0023984821167033522 -0.0044232575994666489 0.00038039050827531331 5.9981234101107694e-05
leaf_weight=102120 217 8563 1714 11266 14273 13843 11842 187 10654 12199 15465 1474 3904 6902 3316 351 563 6947 459 1483 1470 9591 65 113 1919 15464 1696 2600 301 2729
leaf_count=102120 217 8563 1714 11266 14273 13843 11842 187 10654 12199 15465 1474 3904 6902 3316 351 563 6947 459 1483 1470 9591 65 113 1919 15464 1696 2600 301 2729
internal_value=-0.000504 -0.00204814 0.000177185 -0.00091018 -0.000637308 -0.00285005 -0.00150339 -0.00136864 -0.000372536 -0.0023419 4.79132e-05 -0.00189973 -0.00218741 -0.0039809 -0.00158492 0.00103088 -0.00206509 -0.00125832 -0.00167737 -0.000924445 0.00249246 -0.00138412 -0.000524026 -0.00383202 0.000609776 0.00137893 -0.000522972 -0.00377247 0.00085072 0.00260726
internal_weight=263690 80717 182973 33367 63470 47350 24804 30702 13851 33507 32768 26388 16851 7119 12947 2008 10939 7510 24914 12137 1657 21855 9656 3429 119503 17383 13538 3059 17303 3030
internal_count=263690 80717 182973 33367 63470 47350 24804 30702 13851 33507 32768 26388 16851 7119 12947 2008 10939 7510 24914 12137 1657 21855 9656 3429 119503 17383 13538 3059 17303 3030
is_linear=0
shrinkage=0.05


Tree=64
num_leaves=31
num_cat=0
split_feature=18 29 4 1 0 0 22 29 26 18 0 18 0 22 26 11 27 27 12 19 19 16 22 27 5 27 2 27 22 22
split_gain=101.253 28.8835 17.6475 15.937 13.3938 12.9865 12.0116 11.8393 11.2459 10.9208 7.21808 10.4227 7.00236 6.64059 6.52044 6.17164 10.2516 12.9483 19.7203 6.76047 6.27036 7.80452 6.08757 6.32865 6.05163 5.79112 5.7559 5.42634 5.30001 5.27319
threshold=11.269544797355497 -1.2530839403026801 0.03022907713270083 161.00000000000003 4.5649191543146843 4.5086161124671804 12.500000000000002 -0.49619527688194393 1.0000000180025095e-35 39.41889611950149 4.6383966752493375 14.405193574437424 4.6568054714595153 7.5000000000000009 1.0000000180025095e-35 0.10238676404604011 11.500000000000002 20.500000000000004 1.0000000180025095e-35 7.2862158282934848 35.899440369755844 0.59822693492355261 3.5000000000000004 13.500000000000002 0.36955847803969871 14.500000000000002 -1.8159534694302721 24.500000000000004 4.5000000000000009 14.500000000000002
decision_type=2 2 2 2 2 2 2 2 2 2 2 2 2 2 2 2 2 2 2 2 2 2 2 2 2 2 2 2 2 2
left_child=2 5 4 12 24 -2 15 27 9 10 11 -5 -3 -12 -9 16 28 18 -18 -17 21 -19 23 -21 -1 -15 -24 -8 -6 -14
right_child=1 3 -4 8 6 -7 7 14 -10 -11 13 -13 29 25 -16 19 17 20 -20 22 -22 -23 26 -25 -26 -27 -28 -29 -30 -31
leaf_value=9.0182046388016053e-05 0.00044040873445140853 5.6994212943969007e-05 0.0008122230920560319 0.00030557970271027912 0.0013486296255464691 -0.0041604230655446495 -0.0019057628356194296 -3.2311871368486565e-05 -0.0065425100493296251 -0.0027458915285619423 -0.0014807377376978459 -0.00069710455192200608 -0.00065004718992176403 -0.0012453107058788722 -0.0032261049082469707 0.00034759137005336638 0.0012369884610086059 -1.5767529336044896e-05 0.00043332686250165391 -0.000449801747735179 0.00016085814584488556 5.4429815932008234e-05 0.00076623748599204697 -0.0026993912230022315 6.7120656055349662e-05 -0.00040837953867048512 -0.00028821097967482001 2.5627996264219576e-05 -0.0011578472976575404 -0.00016281401053537545
leaf_weight=92 637 9424 92122 1025 870 15336 9709 30404 2729 11774 7384 5013 9022 8421 3441 6195 175 1218 547 2021 941 1173 470 1548 2091 12305 9369 1760 3007 13367
leaf_count=92 637 9424 92122 1025 870 15336 9709 30404 2729 11774 7384 5013 9022 8421 3441 6195 175 1218 547 2021 941 1173 470 1548 2091 12305 9369 1760 3007 13367
internal_value=-0.000497742 -0.0017879 0.000246601 -0.00140237 -0.000322666 -0.00373004 -0.000438309 -0.000938782 -0.00197139 -0.00178607 -0.00133331 0.000235178 -0.000532172 -0.00167022 -0.000468311 0.000385342 0.00156222 0.00332018 0.00939058 -9.08018e-05 0.0020048 0.000644083 -0.000721956 -0.00249089 0.00353642 -0.00121152 -8.02921e-05 -0.00232714 -0.000275986 -0.00101344
internal_weight=263590 96437 167153 80464 75031 15973 72848 45314 48651 45922 34148 6038 31813 28110 33845 27534 7931 4054 722 19603 3332 2391 13408 3569 2183 20726 9839 11469 3877 22389
internal_count=263590 96437 167153 80464 75031 15973 72848 45314 48651 45922 34148 6038 31813 28110 33845 27534 7931 4054 722 19603 3332 2391 13408 3569 2183 20726 9839 11469 3877 22389
is_linear=0
shrinkage=0.05


Tree=65
num_leaves=31
num_cat=0
split_feature=8 1 28 18 29 22 24 17 22 11 22 7 27 24 19 18 29 19 1 18 18 2 1 7 12 2 18 22 4 2
split_gain=98.0509 28.9088 24.1381 13.8982 11.2167 8.63904 8.37214 8.16697 9.13471 7.93157 11.4865 8.75771 7.40355 6.8474 6.33939 6.10005 6.17365 6.06753 5.98938 4.97887 4.96876 6.18745 4.51418 4.63471 4.4323 4.1816 5.95075 4.1807 4.16464 4.05347
threshold=0.22020102433689517 149.00000000000003 14.500000000000002 14.405193574437424 -1.0072396594512696 19.500000000000004 15.500000000000002 9.5000000000000018 9.5000000000000018 0.14220164680872774 6.5000000000000009 0.72920380333587043 2.5000000000000004 15.500000000000002 2.1354914317872797 8.3094588104853688 -0.92774906841375426 44.203173123004881 277.00000000000006 10.624203996195957 36.744099829618499 -0.07164580169570138 253.00000000000003 0.78296222153833572 0.1711343415037212 -1.6597463792871265 14.885862422225669 12.500000000000002 0.044107279634450804 -0.057819188605537843
decision_type=2 2 2 2 2 2 2 2 2 2 2 2 2 2 2 2 2 2 2 2 2 2 2 2 2 2 2 2 2 2
left_child=1 6 3 5 -4 9 -1 8 -5 11 14 -3 -6 -14 -11 16 -13 27 20 -19 -10 -22 -12 -24 -15 26 -8 -17 -2 -18
right_child=28 2 4 7 12 -7 25 -9 18 10 22 15 13 24 -16 17 29 19 -20 -21 21 -23 23 -25 -26 -27 -28 -29 -30 -31
leaf_value=-8.5774648667234885e-05 0.00022404605872849422 -8.4717036482316299e-06 -0.0039215409215984992 -0.0021693016585472508 1.2752708337719726e-05 -0.0012083855069549405 0.00088834634157085855 0.00025304821364310128 -0.00068915495053730672 0.00019992296663764016 8.7128833023247641e-05 0.00012528258174909537 -0.0027719084546577438 -0.00038536554161069437 -0.0026108612037437726 0.0002534402875010069 2.3463196043760492e-05 0.00051700173510669991 0.0015275472190163183 -0.0012502902202561003 -0.0023207109106799118 0.0043983936013636407 -0.001355975277157449 0.0003410672842212144 -0.0014275956718678476 5.1534607124417502e-06 -0.00057066443995800983 2.6021188964474226e-05 0.0010821301727807337 -1.9193965879842434e-05
leaf_weight=24752 42781 1430 14888 7648 3439 5665 700 1662 11554 170 2373 317 8893 6128 2547 1042 772 96 1027 308 6070 57 180 552 12082 26180 410 189 79898 199
leaf_count=24752 42781 1430 14888 7648 3439 5665 700 1662 11554 170 2373 317 8893 6128 2547 1042 772 96 1027 308 6070 57 180 552 12082 26180 410 189 79898 199
internal_value=-0.000450514 -0.00134826 -0.00189421 -0.0010575 -0.00270196 0.000126263 -0.00041159 -0.00172675 -0.00194111 0.000997544 -0.000209549 0.00261199 -0.00215343 -0.00243073 -0.00258373 0.00418064 0.00160714 0.00620795 -0.00134595 0.00089109 -0.00156156 -0.00271258 0.00186796 0.00530055 -0.00187534 0.000192379 0.0031982 0.00795288 0.000583719 -0.000370751
internal_weight=264009 141330 89288 43858 45430 15840 52042 28018 26356 10175 5822 4353 30542 27103 2717 2923 1288 1635 18708 404 17681 6127 3105 732 18210 27290 1110 1231 122679 971
internal_count=264009 141330 89288 43858 45430 15840 52042 28018 26356 10175 5822 4353 30542 27103 2717 2923 1288 1635 18708 404 17681 6127 3105 732 18210 27290 1110 1231 122679 971
is_linear=0
shrinkage=0.05


Tree=66
num_leaves=31
num_cat=0
split_feature=18 28 4 0 0 29 0 24 27 24 3 28 22 14 4 26 18 24 3 26 27 4 19 18 29 0 26 28 4 16
split_gain=93.9891 31.3443 22.9714 10.7362 10.1208 10.6884 10.0363 9.79609 8.67999 11.9996 9.02866 8.51922 7.43819 7.40677 6.63029 6.38189 6.08608 5.48099 5.30886 4.92705 7.38329 9.02677 5.6951 4.79683 4.78643 4.65259 4.6334 4.45823 4.32687 5.99018
threshold=14.885862422225669 19.500000000000004 -0.91706966442293736 4.5790689627974688 4.3895594239587075 -1.0072396594512696 4.6750101137906439 14.500000000000002 4.5000000000000009 8.5000000000000018 -0.42164066472703804 31.500000000000004 9.5000000000000018 8.6360350111497919 0.34279727925295861 1.0000000180025095e-35 40.267125989099505 14.500000000000002 -0.69146891765641738 1.0000000180025095e-35 24.500000000000004 -0.10987916363683438 9.8361698139549159 4.2638340191467892 -2.1968687689319921 5.473950012258177 1.0000000180025095e-35 15.500000000000002 -0.0026367823870712538 0.025853326908751001
decision_type=2 2 2 2 2 2 2 2 2 2 2 2 2 2 2 2 2 2 2 2 2 2 2 2 2 2 2 2 2 2
left_child=1 13 4 28 -2 17 -4 24 9 11 -10 -5 -7 14 19 16 27 -6 -15 -1 21 -21 -22 -11 -8 -16 -9 -14 29 -3
right_child=2 3 6 8 5 12 7 26 10 23 -12 -13 15 18 25 -17 -18 -19 -20 20 22 -23 -24 -25 -26 -27 -28 -29 -30 -31
leaf_value=6.4457016546405952e-05 0.00034390764196426122 0.00014165294376487469 6.5170799960047261e-05 0.00056332802306334148 -0.0076296531128051187 -0.0021272185558747084 -0.0048094563478771014 -4.371472746106847e-05 -0.0019276454613459089 0.00016898124763454551 -0.00017541695913964159 -0.0030906577795409302 -6.3697046278562102e-05 0.0004409449599225275 0.0065402879768430913 -0.0069688445555154939 -0.0021264877625939128 -0.0019770865890368088 0.00086580290582933877 -0.0054099058896625446 0.00038150468403612989 -0.00085446360392762142 0.00068132764193995835 -0.00169184731729141 -0.0013851847630676887 0.001504659266045759 -0.0024554045293279456 -0.0011622087098300119 -5.3759342648669717e-05 5.9795867076739854e-05
leaf_weight=124118 1153 110 8487 2071 8044 10677 883 11552 9911 1659 4231 535 8014 754 2318 981 5774 6794 88 1486 228 8058 643 3480 10145 22446 1667 5315 345 1369
leaf_count=124118 1153 110 8487 2071 8044 10677 883 11552 9911 1659 4231 535 8014 754 2318 981 5774 6794 88 1486 228 8058 643 3480 10145 22446 1667 5315 345 1369
internal_value=-0.000466362 0.000154746 -0.00190298 -0.0015419 -0.00261422 -0.0027312 -0.00088715 -0.00140512 -0.00184904 -0.00050355 -0.00258591 0.00226017 -0.00219954 0.00040596 0.000381238 -0.00163264 -0.00143066 -0.0038334 0.00508314 0.000242841 -0.000801728 -0.0012039 0.00360505 -0.00190504 -0.00250544 0.0011331 -0.000487177 -0.000843273 0.00214364 0.00331981
internal_weight=263336 183850 79486 23711 46752 45599 32734 24247 21887 7745 14142 2606 30761 160139 159297 20084 19103 14838 842 134533 10415 9544 871 5139 11028 24764 13219 13329 1824 1479
internal_count=263336 183850 79486 23711 46752 45599 32734 24247 21887 7745 14142 2606 30761 160139 159297 20084 19103 14838 842 134533 10415 9544 871 5139 11028 24764 13219 13329 1824 1479
is_linear=0
shrinkage=0.05


Tree=67
num_leaves=31
num_cat=0
split_feature=4 20 21 0 27 18 24 24 27 24 27 29 18 1 18 26 14 18 0 24 24 21 14 26 22 17 1 0 4 26
split_gain=79.407 22.6527 21.1356 20.0953 18.8196 14.5954 12.754 10.9041 10.7062 9.6922 9.39316 8.55075 8.15504 10.0333 7.81684 9.46993 7.66932 7.51115 7.04544 6.25043 6.04388 10.5615 7.83819 5.5805 5.91399 6.9486 6.41013 5.43955 4.87223 4.77507
threshold=-0.91706966442293736 0.70710804862122645 32.500000000000007 4.7012900704448422 18.500000000000004 15.13058039051147 14.500000000000002 15.500000000000002 27.500000000000004 8.5000000000000018 5.5000000000000009 -0.78361957578518804 3.7538778984807712 153.00000000000003 8.3094588104853688 1.0000000180025095e-35 4.4075011028639119 1.7631222131971303 4.5989605807911609 24.500000000000004 7.5000000000000009 32.500000000000007 5.9371619166382592 1.0000000180025095e-35 15.500000000000002 9.5000000000000018 277.00000000000006 4.9665426635412357 0.35970577715880775 1.0000000180025095e-35
decision_type=2 2 2 2 2 2 2 2 2 2 2 2 2 2 2 2 2 2 2 2 2 2 2 2 2 2 2 2 2 2
left_child=2 28 4 12 7 14 11 9 -4 10 -1 -5 13 -3 -6 18 29 -10 -16 -9 21 22 -13 24 25 -7 -26 -22 -2 -8
right_child=1 3 8 6 5 23 16 19 17 -11 -12 20 -14 -15 15 -17 -18 -19 -20 -21 27 -23 -24 -25 26 -27 -28 -29 -30 -31
leaf_value=0.00039869337063147748 0.00024048404788132657 9.9977218458775451e-05 -0.0034323163937726719 -0.0029198793356674871 -2.0702700126186599e-05 -0.0016107403003996082 -5.1008552734784378e-05 -0.00048784879724279233 7.7657051324760216e-05 -0.0053771642428095956 -0.006947874146870564 1.7670628270148575e-05 5.7126184927086395e-05 0.00022582159304430625 0.00042892799278946431 -0.0086486655611462352 0.0005221635307571718 -0.0030277482881087216 0.00013336212498092244 -0.0021230953640355636 -0.0048982693420183089 -0.0017158514897414338 0.00069835759936174517 -0.0064511804133110737 -5.6270247328614791e-05 0.00032251199723829231 0.0024799761342272908 -0.00069417356445539006 0.0019411978104427767 -0.0022491752918857326
leaf_weight=2098 110462 902 15474 7904 1772 5877 22114 12348 795 7652 1191 5411 10789 80 274 250 2847 4799 4181 4471 2665 3339 500 598 5693 541 299 4623 20668 3413
leaf_count=2098 110462 902 15474 7904 1772 5877 22114 12348 795 7652 1191 5411 10789 80 274 250 2847 4799 4181 4471 2665 3339 500 598 5693 541 299 4623 20668 3413
internal_value=-0.000446729 6.55544e-05 -0.00191442 -0.000700914 -0.00132712 -0.000136001 -0.00111727 -0.00216318 -0.00323144 -0.00339183 -0.00112192 -0.00195442 0.00116728 0.00552953 0.0018033 0.00286929 -0.000396137 -0.00135681 0.00340067 -0.00136393 -0.0013079 -0.000459459 0.000810354 -0.00110163 -0.000874294 -0.00192895 0.000255341 -0.00238474 0.000443072 -0.000670662
internal_weight=264030 195717 68313 64587 47245 19485 52816 27760 21068 10941 3289 24442 11771 982 6477 4705 28374 5594 4455 16819 16538 9250 5911 13008 12410 6418 5992 7288 131130 25527
internal_count=264030 195717 68313 64587 47245 19485 52816 27760 21068 10941 3289 24442 11771 982 6477 4705 28374 5594 4455 16819 16538 9250 5911 13008 12410 6418 5992 7288 131130 25527
is_linear=0
shrinkage=0.05


Tree=68
num_leaves=31
num_cat=0
split_feature=8 29 0 0 21 26 20 19 22 19 22 11 27 0 4 27 20 28 12 28 4 19 26 22 17 14 19 27 19 19
split_gain=81.0182 25.4928 13.9139 12.7094 12.5561 16.8725 15.5366 12.2313 10.1798 6.80147 6.03464 11.3633 6.27956 9.6383 6.25863 7.43891 5.72572 5.6309 5.57117 13.7171 5.78886 5.55937 4.90891 7.50446 4.89517 4.52367 4.46532 4.46264 4.41734 4.4087
threshold=0.22020102433689517 -1.2530839403026801 4.5790689627974688 4.4439066730957402 32.500000000000007 1.0000000180025095e-35 0.0076001376790149179 17.271031546443897 7.5000000000000009 17.271031546443897 3.5000000000000004 0.095220152042670508 18.500000000000004 4.9965635965540569 -0.25513800502060524 2.5000000000000004 0.70711280391660625 22.500000000000004 0.082164952132637539 9.5000000000000018 -0.08100052246738286 2.1354914317872797 1.0000000180025095e-35 14.500000000000002 4.5000000000000009 7.1407970139160017 45.276785475397041 25.500000000000004 53.611617177332597 20.111248372401928
decision_type=2 2 2 2 2 2 2 2 2 2 2 2 2 2 2 2 2 2 2 2 2 2 2 2 2 2 2 2 2 2
left_child=1 3 29 -1 5 10 27 8 21 17 11 18 14 24 15 -12 -11 22 19 26 28 -5 -8 -24 -14 -16 -4 -6 -21 -3
right_child=-2 2 4 7 6 -7 9 -9 -10 16 12 -13 13 -15 25 -17 -18 -19 -20 20 -22 -23 23 -25 -26 -27 -28 -29 -30 -31
leaf_value=0.00050782130080638858 0.00065335542085334555 5.7005994275305643e-05 -1.6686670936719135e-05 0.00039224190333808444 -0.0031471537533959964 -0.0033521635681774127 8.2553397764633304e-05 -0.0034681282979814655 -0.0026287882100853358 0.0001303214395478134 0.00039150826012234076 -0.0014259272848169049 0.00011551161604602264 -0.0001446239836274771 2.9029708883446537e-05 -0.00084021801523078733 -0.00088717625605969552 -0.00065295289775534797 -0.00015189880534700463 0.0011980648539061797 -9.0584333942410154e-05 0.00031133128631317692 0.00086910826957905304 0.0003235696520708189 2.0636113707763353e-06 0.0014409865781916866 0.00043972450835311617 -0.0011477234652575903 0.00043210124236110395 1.0721919549934042e-05
leaf_weight=458 122611 2623 498 384 10137 5526 2471 18167 2155 2964 2096 5308 8154 3307 9634 20082 15053 1871 1070 244 57 401 126 162 12511 234 82 4397 66 10899
leaf_count=458 122611 2623 498 384 10137 5526 2471 18167 2155 2964 2096 5308 8154 3307 9634 20082 15053 1871 1070 244 57 401 126 162 12511 234 82 4397 66 10899
internal_value=-0.000448079 -0.00126487 -0.000979493 -0.00284721 -0.00117209 -0.000772335 -0.00191254 -0.00302601 -3.4013e-05 -0.00109374 -0.00054118 -0.00189078 -0.000364704 0.000247373 -0.000822567 -0.00128866 -0.001533 0.000615551 0.00130392 0.00409715 0.0116621 0.00484076 0.00205147 0.00822917 0.00064844 0.00022497 -0.000689655 -0.00318839 0.0143548 0.000530987
internal_weight=263748 141137 119572 21565 106050 68869 37181 21107 2940 22647 63343 7325 56018 23972 32046 22178 18017 4630 2017 947 367 785 2759 288 20665 9868 580 14534 310 13522
internal_count=263748 141137 119572 21565 106050 68869 37181 21107 2940 22647 63343 7325 56018 23972 32046 22178 18017 4630 2017 947 367 785 2759 288 20665 9868 580 14534 310 13522
is_linear=0
shrinkage=0.05


Tree=69
num_leaves=31
num_cat=0
split_feature=18 28 29 1 21 1 6 18 17 17 6 1 16 21 2 19 3 21 19 21 16 24 19 21 24 24 17 13 3 12
split_gain=66.1001 26.0072 18.6832 11.2773 9.05329 7.9733 6.4798 6.00726 5.46762 5.43082 5.38354 5.03063 9.26333 4.71662 4.65983 9.46626 5.07393 4.47561 4.35132 4.96241 4.36446 4.11504 4.09923 4.05979 4.92669 6.39888 3.89898 3.86281 3.83157 3.7101
threshold=15.13058039051147 16.500000000000004 -1.2530839403026801 177.00000000000003 32.500000000000007 189.00000000000003 1.5395601336132285 54.342627197387607 9.5000000000000018 8.5000000000000018 0.022843246169900296 153.00000000000003 0.36158082700600619 32.500000000000007 -0.11161934049214291 2.1354914317872797 -1.1483047881398265 38.500000000000007 31.550804026682815 29.500000000000004 1.6631394244892748 14.500000000000002 1.4198908949445443 31.500000000000004 8.5000000000000018 14.500000000000002 4.5000000000000009 1.7611445145961853 -0.92792533338804872 0.83459490011212301
decision_type=2 2 2 2 2 2 2 2 2 2 2 2 2 2 2 2 2 2 2 2 2 2 2 2 2 2 2 2 2 2
left_child=1 6 8 10 7 9 14 -5 21 -3 -4 -11 -13 18 15 17 26 -1 -8 29 -21 -2 -15 24 -7 -26 -16 -22 -29 -20
right_child=2 5 3 4 -6 23 13 -9 -10 11 -12 12 -14 22 16 -17 -18 -19 19 20 27 -23 -24 -25 25 -27 -28 28 -30 -31
leaf_value=4.2629266131917578e-05 -0.005256494166827573 -0.00042737683071835097 0.0029415704993367153 -0.00064777220958588838 -0.0023442757713763441 0.00065451435483121609 7.0015061232208079e-05 -0.0033934487245817525 0.00019929295037459554 1.7976067785838719e-05 -0.00023425017310157675 0.00048737440380668736 0.00022001264301649656 0.00023082505238701046 -1.2531692769443434e-05 -6.1282865012086306e-05 0.00030514824549791267 0.00018746654348414997 -0.0003480522811628782 5.8426658665861456e-05 0.00089480303035638766 -0.0015257269379039262 -0.0011937269762066875 -0.0026685209553257618 -0.011781322539146225 -0.00024460103761731085 0.00073985747015088937 -4.0689786373460653e-06 0.00076009155050998478 0.0003680846981381048
leaf_weight=1847 8583 18182 87 21431 10794 609 807 2631 765 2776 30229 71 236 70 71 36682 113187 389 196 155 324 4272 886 4409 1332 2048 106 138 134 246
leaf_count=1847 8583 18182 87 21431 10794 609 807 2631 765 2776 30229 71 236 70 71 36682 113187 389 196 155 324 4272 886 4409 1332 2048 106 138 134 246
internal_value=-0.000425418 9.13468e-05 -0.00163811 -0.00128613 -0.00189953 -0.00126521 0.000350559 -0.00135982 -0.00332232 -0.000750058 -0.000580881 0.0011904 0.00726384 0.00266915 0.000305552 -0.000166503 0.000467609 0.00299195 0.00405 0.00596815 0.00844208 -0.0035667 -0.000219665 -0.00256966 -0.00141389 -0.00215976 0.00892655 0.0103859 0.00599265 0.00176471
internal_weight=263693 184901 78792 65172 34856 29663 155238 24062 13620 21265 30316 3083 307 2956 152282 38918 113364 2236 2000 1193 751 12855 956 8398 3989 3380 177 596 272 442
internal_count=263693 184901 78792 65172 34856 29663 155238 24062 13620 21265 30316 3083 307 2956 152282 38918 113364 2236 2000 1193 751 12855 956 8398 3989 3380 177 596 272 442
is_linear=0
shrinkage=0.05


Tree=70
num_leaves=31
num_cat=0
split_feature=10 29 24 26 27 18 18 27 0 29 29 19 0 0 18 3 24 0 18 27 20 0 7 0 20 0 27 28 24 19
split_gain=67.0925 26.0371 16.5365 14.2892 13.6286 11.8736 10.0716 9.91622 10.4239 7.62542 9.20331 7.4117 6.11141 5.98336 5.81862 4.73886 3.86718 4.0958 3.65997 3.65233 3.61415 6.33676 3.54652 3.2943 3.13724 4.41255 4.92577 3.01381 5.93058 2.98207
threshold=0.41666666666666674 -0.8261228501704635 14.500000000000002 1.0000000180025095e-35 25.500000000000004 40.267125989099505 37.582006658413199 26.500000000000004 4.5311910660572687 -0.022870959790247915 -0.10083933790174561 11.356957638444367 4.5486059994538381 4.6461108844735088 9.3195215921371357 -0.62209099055617634 8.5000000000000018 4.9435104813910415 22.615139966694489 6.5000000000000009 0.70857181380311984 4.6750101137906439 0.50689153867292835 4.4674786937065862 0.050888425064799875 4.6819840796372594 20.500000000000004 7.5000000000000009 2.5000000000000004 37.841227630006323
decision_type=2 2 2 2 2 2 2 2 2 2 2 2 2 2 2 2 2 2 2 2 2 2 2 2 2 2 2 2 2 2
left_child=-1 2 7 5 24 9 23 8 -2 10 13 -6 -7 29 -9 -12 17 18 -11 -19 27 -22 -18 -4 -5 26 -26 28 -10 -3
right_child=1 3 6 4 11 12 -8 14 20 16 15 -13 -14 -15 -16 -17 22 19 -20 -21 21 -23 -24 -25 25 -27 -28 -29 -30 -31
leaf_value=0.00071219115863455237 0.00033089896650665101 5.7407816921189753e-05 0.000202517758612713 -0.0054448911104461265 0.00032113103220232479 0.00045504923059954501 -0.0022092185737777217 0.00018271627579005407 0.00053256132493376465 6.4610998978174047e-05 0.00015207695445298069 0.00040093662165940533 -0.0019426098188029422 -0.00010936248208521769 -0.0031345048075393407 2.1976030197185106e-05 -5.2284111582822588e-05 0.0002117561121551631 -0.0029373387332429098 -0.000903951917880615 0.00047745292518645897 -0.0026431545033633787 -0.0022252632560726504 -9.0142686378661581e-05 0.00069850969320863876 -0.0026571775582604706 -0.004370498091644609 -0.0061424048129597956 -0.0038243248967270863 -6.1081586991895215e-05
leaf_weight=120211 663 6541 473 2227 167 1155 5018 1399 231 3561 4893 1064 7789 48605 3276 7021 1310 600 1457 1880 250 4941 3294 12799 62 4076 184 11248 605 6888
leaf_count=120211 663 6541 473 2227 167 1155 5018 1399 231 3561 4893 1064 7789 48605 3276 7021 1310 600 1457 1880 250 4941 3294 12799 62 4076 184 11248 605 6888
internal_value=-0.000398767 -0.00112802 -0.00219495 -0.000703387 -0.0027635 -0.000534665 -0.00107709 -0.0030991 -0.00363363 -0.000354444 -0.000164034 0.00206336 -0.00226856 -0.000408485 -0.00104813 0.00110878 -0.00151793 -0.000817551 3.98625e-06 -0.00247984 -0.00386975 -0.00276633 -0.00265856 -0.000355635 -0.00367079 -0.00288524 0.00361789 -0.00434376 -0.00144737 0.000525728
internal_weight=263888 143677 40903 102774 7780 94994 18290 22613 17938 86050 73948 1231 8944 62034 4675 11914 12102 7498 5018 2480 17275 5191 4604 13272 6549 4322 246 12084 836 13429
internal_count=263888 143677 40903 102774 7780 94994 18290 22613 17938 86050 73948 1231 8944 62034 4675 11914 12102 7498 5018 2480 17275 5191 4604 13272 6549 4322 246 12084 836 13429
is_linear=0
shrinkage=0.05


Tree=71
num_leaves=31
num_cat=0
split_feature=4 28 18 0 21 0 18 1 0 29 27 0 2 12 6 18 26 18 0 29 14 18 5 12 27 26 2 27 13 13
split_gain=62.5187 22.5131 15.2922 11.9297 10.6779 8.71236 8.44537 8.34782 8.6129 7.79849 8.85991 7.57484 7.41654 6.05218 5.45764 5.12071 4.74127 4.67277 4.58536 5.4122 6.00743 4.45949 4.41841 4.39226 4.33248 7.45554 4.25471 4.276 4.17152 4.27088
threshold=-0.21650765130726377 14.500000000000002 15.13058039051147 4.4674786937065862 34.500000000000007 4.4674786937065862 6.0588301190220601 253.00000000000003 4.6046610299420534 -2.0687998472287839 2.5000000000000004 4.7170695814152301 -1.5742715205010283 0.587008019264465 0.071444036019819121 18.654576501014109 1.0000000180025095e-35 50.504317098060362 4.6819840796372594 -0.34163659229328819 5.4386776702900805 12.78051326677349 0.93903965249392052 0.14794074326073967 25.500000000000004 1.0000000180025095e-35 -2.2061208945628308 20.500000000000004 0.057630903916169221 0.14481157110135404
decision_type=2 2 2 2 2 2 2 2 2 2 2 2 2 2 2 2 2 2 2 2 2 2 2 2 2 2 2 2 2 2
left_child=1 2 7 -3 9 -4 -2 24 21 -5 15 -6 -10 14 -7 22 17 -12 -8 -20 -21 -9 -11 28 25 26 27 -1 -14 -30
right_child=6 3 5 4 11 13 18 8 12 10 16 -13 23 -15 -16 -17 -18 -19 19 20 -22 -23 -24 -25 -26 -27 -28 -29 29 -31
leaf_value=0.00094861695436248563 0.0002738821334763421 0.00025075965174817488 0.00020292033770283799 -0.0071127246721952465 -0.0052550162657567356 0.0027740622280613882 5.2734816410705398e-05 0.00010646481525561165 0.00060056297172132419 -0.0023025473099936053 -0.00084178168703024627 -0.0015643945930990059 -8.6830212386915489e-06 -0.00034924154136069127 -0.0014505329298098318 -0.0010547818746599845 -0.0040411802565041297 -0.0031045286161141428 -0.00057784619677513202 -0.00011941743590395788 0.00069734566652545412 0.00066638209409558146 0.00059540337642790132 -0.00010342741651529996 4.7881454801037493e-05 -0.0060628255515426388 -3.2590513887182717e-05 -2.1005479665462873e-05 0.00026784560805003768 7.6898536807126427e-05
leaf_weight=135 123003 1661 2309 3539 4563 161 8899 135 375 337 23591 7752 394 8724 18259 1832 2637 2738 12070 20987 576 183 1603 1451 6773 885 7270 131 340 482
leaf_count=135 123003 1661 2309 3539 4563 161 8899 135 375 337 23591 7752 394 8724 18259 1832 2637 2738 12070 20987 576 183 1603 1451 6773 885 7270 131 340 482
internal_value=-0.000387042 -0.00138612 -0.000611785 -0.00212584 -0.00226827 -0.00132007 0.000205999 0.000512559 0.00276786 -0.00183642 -0.00159539 -0.0035404 0.00194938 -0.00157088 -0.00208469 0.000683988 -0.00189222 -0.00168977 -0.000401344 -0.000668391 -0.00019385 0.0105975 0.00247423 0.00102362 1.38218e-05 -0.000743379 -0.000233545 0.00597744 0.00324013 0.00526764
internal_weight=263795 98260 48007 50253 48592 29453 165535 18554 3360 36277 32738 12315 3042 27144 18420 3772 28966 26329 42532 33633 21563 318 1940 2667 15194 8421 7536 266 1216 822
internal_count=263795 98260 48007 50253 48592 29453 165535 18554 3360 36277 32738 12315 3042 27144 18420 3772 28966 26329 42532 33633 21563 318 1940 2667 15194 8421 7536 266 1216 822
is_linear=0
shrinkage=0.05


Tree=72
num_leaves=31
num_cat=0
split_feature=4 21 21 29 0 24 26 18 26 24 22 24 24 14 18 18 22 29 4 29 18 0 24 2 11 6 22 12 18 14
split_gain=59.7083 16.5452 15.7546 13.5647 12.2666 13.5359 12.2334 10.3694 9.08493 8.58393 7.68992 7.59124 10.8706 6.48213 6.18104 5.69179 10.5935 5.34529 6.63715 4.64744 4.43259 4.35997 4.33096 4.24626 5.06448 5.43613 4.04679 7.07464 3.9434 3.85153
threshold=-0.91706966442293736 32.500000000000007 25.500000000000004 -1.2218905403000824 4.7380940108345344 14.500000000000002 1.0000000180025095e-35 15.13058039051147 1.0000000180025095e-35 14.500000000000002 12.500000000000002 8.5000000000000018 16.500000000000004 5.4386776702900805 54.342627197387607 5.3815607070127447 14.500000000000002 -0.79697630201178449 -0.4702168439600225 -1.0546084750942197 7.1352487120704451 4.4439066730957402 8.5000000000000018 -2.3393985211825945 0.15527374140129752 0.053754574504335205 9.5000000000000018 0.021225772796737857 29.679186642393145 1.5625483357710288
decision_type=2 2 2 2 2 2 2 2 2 2 2 2 2 2 2 2 2 2 2 2 2 2 2 2 2 2 2 2 2 2
left_child=1 3 -2 9 19 17 7 11 13 -1 21 20 -13 -7 -12 16 -3 -6 22 -4 -5 28 -19 -14 25 -25 27 29 -9 -27
right_child=2 15 4 6 5 8 -8 10 -10 -11 14 12 23 -15 -16 -17 -18 18 -20 -21 -22 -23 -24 24 -26 26 -28 -29 -30 -31
leaf_value=-0.0079186184869924018 0.00063493283252145298 9.1247977345369649e-05 0.00034466542206212231 -3.0851607327217603e-05 -0.002327434890698869 3.1385829732251256e-06 -0.0057952626604729955 0.00034988860988593334 -0.0017999842320316256 -0.00045007634294006642 9.9096457073563244e-05 -0.0024757026281722627 0.00057097758474274497 0.00067745809072076307 -0.0028092672376015164 -0.0029421594827067684 -0.0037330094692866115 0.00019094942784875273 -0.0001475457589232646 4.5021453182690445e-05 0.0001750741037689664 -0.0012774751267121743 -0.003144148234990385 -4.0184371479114959e-05 -0.00032460045228858351 0.00047888694482478848 0.00012399274501535636 0.00020732437277185564 0.00027860186584055248 0.0010036447370452854
leaf_weight=6447 121108 1870 1315 633 8381 26149 2066 87 4326 3313 11702 1565 303 1708 1543 17170 1798 1508 17477 12995 2211 10196 509 595 3228 119 1545 978 558 98
leaf_count=6447 121108 1870 1315 633 8381 26149 2066 87 4326 3313 11702 1565 303 1708 1543 17170 1798 1508 17477 12995 2211 10196 509 595 3228 119 1545 978 558 98
internal_value=-0.000369106 -0.00164498 7.48947e-05 -0.00112679 -0.000497929 -0.000811382 -0.000693883 -0.000475382 -0.000112792 -0.00278688 -0.0010612 0.000776054 2.25365e-05 0.000218258 -0.000252925 -0.00281841 -0.00103053 -0.00161794 -0.00116395 0.000817611 0.00300985 -0.0020487 0.00155181 0.000879698 0.000612525 0.00197901 0.00291971 0.0051046 0.00193799 0.0132719
internal_weight=263501 68025 195476 47187 74368 60058 37427 35361 32183 9760 24086 11275 8431 27857 13245 20838 3668 27875 19494 14310 2844 10841 2017 6866 6563 3335 2740 1195 645 217
internal_count=263501 68025 195476 47187 74368 60058 37427 35361 32183 9760 24086 11275 8431 27857 13245 20838 3668 27875 19494 14310 2844 10841 2017 6866 6563 3335 2740 1195 645 217
is_linear=0
shrinkage=0.05


Tree=73
num_leaves=31
num_cat=0
split_feature=4 28 18 24 18 22 24 21 18 21 4 26 22 19 22 6 28 24 28 18 20 17 28 29 28 2 14 26 29 22
split_gain=56.3333 19.4913 12.1984 11.8958 9.4378 8.79245 7.33365 21.3692 7.89837 7.19477 8.16416 7.20483 7.08484 9.20114 10.1668 10.7572 9.26321 6.03825 5.6372 5.37091 4.91349 4.87103 4.86935 4.70187 6.1625 4.64893 4.6084 4.43026 5.09368 4.55568
threshold=-0.1998963438845042 15.500000000000002 15.13058039051147 14.500000000000002 6.256633962694699 12.500000000000002 8.5000000000000018 31.500000000000004 17.131166962195127 34.500000000000007 -0.5088919993798815 1.0000000180025095e-35 16.500000000000004 2.1354914317872797 5.5000000000000009 0.12497221675438545 9.5000000000000018 14.500000000000002 3.5000000000000004 47.484748631825177 0.7096763166769936 9.5000000000000018 6.5000000000000009 -1.2530839403026801 10.500000000000002 -0.076187820967903677 5.4386776702900805 1.0000000180025095e-35 -1.9534123769382994 28.500000000000004
decision_type=2 2 2 2 2 2 2 2 2 2 2 2 2 2 2 2 2 2 2 2 2 2 2 2 2 2 2 2 2 2
left_child=1 2 12 6 -2 21 7 8 -3 11 -11 -5 13 16 15 23 25 -6 -16 27 -8 -4 -14 -15 -25 -1 -19 28 -7 -30
right_child=4 3 5 9 17 19 20 -9 -10 10 -12 -13 22 14 18 -17 -18 26 -20 -21 -22 -23 -24 24 -26 -27 -28 -29 29 -31
leaf_value=7.4243346445289205e-05 0.00027769318220578174 0.00053264127264067505 -0.0015536341186113264 -0.00027031687396020162 -0.00066067316007952512 -0.0048043831092011349 -0.0068392799127018448 -0.0042550688807554797 -0.0018259631195218962 -0.0029417618381919575 2.6043830387818217e-06 -0.0029048813193963785 4.3564480802150004e-05 0.0011428341684617093 -2.3180264561579185e-05 -0.0011985173221958898 0.00091899734289682385 -7.957226344267297e-06 0.00022498550527163733 -0.0023463310842060945 -0.0018936894783615173 8.6035920168448801e-05 -0.0012383782475477187 2.0135140044147102e-05 0.00087880662412320005 -1.5551083195028189e-05 0.00069579806891711569 -0.0040701474809250633 0.00033546753188673777 -0.0011176497136379247
leaf_weight=771 124205 1978 11332 18471 17022 909 8393 4295 2188 5092 1949 1715 3069 66 1811 3791 230 21973 4145 3512 3987 1497 5480 533 83 357 581 937 10887 2595
leaf_count=771 124205 1978 11332 18471 17022 909 8393 4295 2188 5092 1949 1715 3069 66 1811 3791 230 21973 4145 3512 3987 1497 5480 533 83 357 581 937 10887 2595
internal_value=-0.000372706 -0.00130735 -0.000636477 -0.00203316 0.000198375 -0.00125012 -0.0029322 -0.00179766 0.000753721 -0.00134499 -0.0027212 -0.000864955 0.000319139 0.00111394 0.000609839 -0.00119159 0.00498527 -0.000474024 0.00196273 -0.000562632 -0.00370759 -0.00225972 -0.000776698 0.00458944 0.00323052 0.00312057 6.25172e-05 -0.000158533 5.83704e-05 0.000302626
internal_weight=263854 100073 52005 48068 163781 31669 20841 8461 4166 27227 7041 20186 20336 11787 10429 4473 1358 39576 5956 18840 12380 12829 8549 682 616 1128 22554 15328 14391 13482
internal_count=263854 100073 52005 48068 163781 31669 20841 8461 4166 27227 7041 20186 20336 11787 10429 4473 1358 39576 5956 18840 12380 12829 8549 682 616 1128 22554 15328 14391 13482
is_linear=0
shrinkage=0.05


Tree=74
num_leaves=31
num_cat=0
split_feature=4 28 18 10 0 24 26 21 24 24 21 26 27 19 0 29 18 27 29 18 12 27 27 28 0 1 18 9 29 21
split_gain=51.8747 18.6069 14.7684 14.5893 11.9264 10.4493 8.82612 8.34759 7.5636 13.9895 8.41929 7.54407 10.5518 7.66275 6.75324 6.17032 6.06903 5.86986 5.79194 5.5742 5.19811 4.72854 4.70458 4.45613 4.42496 4.40329 4.29093 4.21815 4.10677 4.00008
threshold=-0.91706966442293736 18.500000000000004 25.51950395513769 0.35000000000000003 4.7380940108345344 14.500000000000002 1.0000000180025095e-35 34.500000000000007 14.500000000000002 8.5000000000000018 31.500000000000004 1.0000000180025095e-35 24.500000000000004 7.7337344851675214 4.6245658589774434 -0.13373295985531666 3.517225667251541 27.500000000000004 -1.0000000180025095e-35 54.342627197387607 0.17637778607216045 4.5000000000000009 4.5000000000000009 26.500000000000004 4.3036100609115797 253.00000000000003 59.307370038592801 0.64705230206425035 -1.0546084750942197 32.500000000000007
decision_type=2 2 2 2 2 2 2 2 2 2 2 2 2 2 2 2 2 2 2 2 2 2 2 2 2 2 2 2 2 2
left_child=1 2 6 27 28 15 14 8 9 10 19 -7 -13 -14 25 -6 22 -8 21 23 -19 -17 -10 -3 -4 -1 -26 -2 -5 -16
right_child=3 7 24 4 5 11 17 -9 16 -11 -12 12 13 -15 29 18 -18 20 -20 -21 -22 -23 -24 -25 26 -27 -28 -29 -30 -31
leaf_value=0.00013339547611163283 0.00036483085632943766 -0.00017997586613727895 0.00038483000762809874 0.00034313042436700598 -0.0011098642197173568 2.1475896226840436e-05 -0.0059263986624574442 -0.0035411284093618991 0.0027336797506024306 -0.0091226117918988114 -0.0067277602171461103 -0.0021518412698759452 0.00071690350559088683 0.00097584279972118119 2.6115241225043416e-05 0.0010926497468648443 -0.00073743025142234027 0.00078285264358254544 -0.00039345606632916951 -0.0076439949610519311 -0.0038070151799943445 1.1901060269485297e-05 0.00064532196444338455 0.00093731464750045957 -0.0012262203565325709 0.00046582367933002195 -0.0035260044862879519 0.0016546301538045136 4.1236630887793487e-05 -0.00089186815497473062
leaf_weight=1864 91449 1053 613 1286 19074 28796 1214 6934 185 6169 699 3613 92 729 14549 437 8928 55 5851 236 129 3663 363 1088 15439 952 2671 27309 12931 5013
leaf_count=1864 91449 1053 613 1286 19074 28796 1214 6934 185 6169 699 3613 92 729 14549 437 8928 55 5851 236 129 3663 363 1088 15439 952 2671 27309 12931 5013
internal_value=-0.000346983 -0.00153461 -0.000892726 6.76132e-05 -0.000471021 -0.000769416 -6.56118e-05 -0.00259793 -0.00204904 -0.00306652 -0.000312093 -0.000164008 -0.0020839 0.00303289 0.000175173 -0.00146253 -0.00105635 -0.00391988 -0.00045322 0.00110644 0.00440217 0.000987805 0.0040511 0.00191032 -0.00194306 0.00246449 -0.00208448 0.000414457 0.00083562 -0.00015438
internal_weight=263384 68154 42499 195230 76472 62255 23776 25655 18721 9245 3076 33230 4434 821 22378 29025 9476 1398 9951 2377 184 4100 548 2141 18723 2816 18110 118758 14217 19562
internal_count=263384 68154 42499 195230 76472 62255 23776 25655 18721 9245 3076 33230 4434 821 22378 29025 9476 1398 9951 2377 184 4100 548 2141 18723 2816 18110 118758 14217 19562
is_linear=0
shrinkage=0.05


Tree=75
num_leaves=31
num_cat=0
split_feature=18 29 28 1 0 18 29 5 24 24 19 24 28 0 11 17 12 2 5 19 24 0 0 0 16 24 0 5 21 0
split_gain=47.6307 16.0174 15.7252 13.8324 7.52337 6.63242 6.38455 5.40387 5.28995 7.05851 5.33137 4.90857 6.95263 4.65621 4.22792 4.21455 3.97603 3.83358 5.17828 3.75384 4.14885 3.56786 3.54047 3.52756 3.5011 3.44516 3.39675 3.65932 3.38948 3.90929
threshold=14.651114474945253 -2.0687998472287839 19.500000000000004 193.00000000000003 4.5860089852518895 50.504317098060362 -0.44252610937883896 4.1755266833202755 14.500000000000002 7.5000000000000009 56.363302583958479 15.500000000000002 4.5000000000000009 4.4236054436470065 2.2981344196263476 3.5000000000000004 0.09832585154006003 -1.5742715205010283 0.97617926019025292 58.467286815758271 5.5000000000000009 4.4674786937065862 4.3895594239587075 4.6046610299420534 0.10005125521430312 15.500000000000002 5.0258752632043366 0.66590799433781489 31.500000000000004 4.5790689627974688
decision_type=2 2 2 2 2 2 2 2 2 2 2 2 2 2 2 2 2 2 2 2 2 2 2 2 2 2 2 2 2 2
left_child=2 21 7 4 -3 8 13 17 9 15 -10 12 14 -4 -6 -5 24 18 -1 25 -21 -2 -19 -17 -13 -20 27 -15 -8 -30
right_child=1 3 6 5 11 -7 28 -9 10 -11 -12 16 -14 26 -16 23 -18 22 19 20 -22 -23 -24 -25 -26 -27 -28 -29 29 -31
leaf_value=0.001452654731077749 0.00096140093734166984 7.7603219139663645e-05 0.00019451694226720533 0.0016794325834317094 -8.6699752603332849e-05 -0.0028734506099988093 0.00018014831144640137 -0.0020863697877014395 -0.0020448412707182672 -0.0043239878343084197 -0.00034410217230281307 0.0014914826992285875 -0.0012341565789602495 0.00011831151862408951 0.0014603995022189138 0.0015204606603205547 -0.00029389669736616864 0.00026817650022457499 -7.9987363962889346e-05 0.00061660649151722439 0.00075667215891895255 -0.0046285419309595177 7.6561429544256109e-05 -0.0013223057220134384 0.00017250579318651461 0.00021503553764410434 -7.4863959143015016e-05 -0.001936535788636475 0.00010917615919563702 -0.00041860629697324674
leaf_weight=55 61 9542 155 326 2552 6171 4056 888 3901 4411 15555 475 11613 688 356 405 12959 102 979 64 298 5213 155592 4224 3183 1720 2252 9593 648 5930
leaf_count=55 61 9542 155 326 2552 6171 4056 888 3901 4411 15555 475 11613 688 356 405 12959 102 979 64 298 5213 155592 4224 3183 1720 2252 9593 648 5930
internal_value=-0.000315266 -0.00132519 0.000131407 -0.00113951 -0.000512536 -0.00186837 -0.00108138 0.00030852 -0.00154986 -0.00252616 -0.00107987 -0.000888945 -0.0015605 -0.00183874 0.00062586 -0.00123108 -0.0003021 0.000330269 0.00206675 0.00179353 0.00657459 -0.00398938 0.000295516 -0.00161806 0.00115364 0.00115228 -0.00194526 -0.00233051 -0.000177731 -0.000878686
internal_weight=263967 80947 183020 75673 40680 34993 23322 159698 28822 9366 19456 31138 14521 12688 2908 4955 16617 158810 3116 3061 362 5274 155694 4629 3658 2699 12533 10281 10634 6578
internal_count=263967 80947 183020 75673 40680 34993 23322 159698 28822 9366 19456 31138 14521 12688 2908 4955 16617 158810 3116 3061 362 5274 155694 4629 3658 2699 12533 10281 10634 6578
is_linear=0
shrinkage=0.05


Tree=76
num_leaves=31
num_cat=0
split_feature=4 28 18 20 0 27 24 29 0 18 22 21 21 2 18 18 22 22 0 5 0 2 27 24 21 5 21 12 22 21
split_gain=43.8635 20.2075 12.9438 12.547 9.68467 7.2341 9.84725 6.86059 6.82134 6.86253 12.5904 9.26736 7.80494 6.20007 6.09926 6.8772 6.3234 5.93405 7.83072 5.89918 5.64659 5.36186 5.50151 5.23887 5.05251 5.02385 4.93909 4.81063 7.32657 5.90619
threshold=-0.91706966442293736 17.500000000000004 30.791296185257895 0.70710804862122645 4.6819840796372594 1.5000000000000002 14.500000000000002 -0.78361957578518804 4.3895594239587075 0.9153330097459661 12.500000000000002 33.500000000000007 32.500000000000007 -0.10288976612906808 8.3094588104853688 14.885862422225669 8.5000000000000018 16.500000000000004 4.7905409102862082 1.0484622314962253 4.3036100609115797 -1.303850162786131 20.500000000000004 14.500000000000002 34.500000000000007 0.8707311855036276 27.500000000000004 0.17822859839754898 4.5000000000000009 30.500000000000004
decision_type=2 2 2 2 2 2 2 2 2 2 2 2 2 2 2 2 2 2 2 2 2 2 2 2 2 2 2 2 2 2
left_child=1 2 8 21 -5 -3 -7 23 -1 10 11 -10 14 20 -11 17 -17 18 19 -16 -4 -2 -23 -6 -8 -9 -18 29 -29 -21
right_child=3 5 13 4 7 6 24 25 9 12 -12 -13 -14 -15 15 16 26 -19 -20 27 -22 22 -24 -25 -26 -27 -28 28 -30 -31
leaf_value=0.00032786580548094506 0.00090935583892721148 0.0001731073856900445 0.00050575472223017635 5.376140314270054e-05 -0.0021452287975535973 -0.0054928411347304777 -0.00066877999165618055 -0.00046378953264371471 2.5540287073023935e-05 -0.00017708075042352457 -0.0012526091357120686 0.00017805491699631195 -0.0025102390907309098 0.0037426062074071456 -0.00014443413576824149 -0.0010258702222943814 -0.0022931935836035615 -1.7625537937476063e-05 -0.0011089338413231547 0.0001408202183162062 -0.001685164450307097 0.00046958966609570232 -6.9038321122081453e-05 -5.6827567941356952e-05 -0.0026116144580726744 -1.6061666259055163e-05 0.00060297927262783113 -0.0012212210004740069 0.00037702520209914017 0.00056238003126368014
leaf_weight=174 113 2117 540 11830 7894 10810 10507 12767 382 1732 845 500 5531 179 278 3423 512 2683 524 1007 13123 126574 4204 3576 4340 28693 6729 543 927 665
leaf_count=174 113 2117 540 11830 7894 10810 10507 12767 382 1732 845 500 5531 179 278 3423 512 2683 524 1007 13123 126574 4204 3576 4340 28693 6729 543 927 665
internal_value=-0.000309871 -0.00140309 -0.000687892 7.04832e-05 -0.000498764 -0.00244077 -0.00267256 -0.000787832 -3.96894e-05 -0.000105018 0.00294152 0.00712018 -0.000319296 -0.00192674 0.000161384 0.000444741 -0.000341335 0.00170967 0.00294371 0.00381579 -0.00204787 0.000352126 0.000342719 -0.0018701 -0.00183673 -0.000488422 0.000495788 0.00443348 0.00234694 0.00626794
internal_weight=263722 68071 40297 195651 64760 27774 25657 52930 26455 26281 1727 882 24554 13842 19023 17291 10664 6627 3944 3420 13663 130891 130778 11470 14847 41460 7241 3142 1470 1672
internal_count=263722 68071 40297 195651 64760 27774 25657 52930 26455 26281 1727 882 24554 13842 19023 17291 10664 6627 3944 3420 13663 130891 130778 11470 14847 41460 7241 3142 1470 1672
is_linear=0
shrinkage=0.05


Tree=77
num_leaves=31
num_cat=0
split_feature=18 18 28 21 1 24 24 0 22 17 11 27 3 21 3 12 3 24 0 0 22 1 28 0 24 18 0 27 27 18
split_gain=37.7254 13.9348 10.8405 9.9758 8.34416 7.04417 17.8561 9.45265 9.36401 8.44451 6.75341 4.90879 5.33634 4.02705 4.00946 3.87145 3.848 3.63345 7.31811 3.59154 3.83335 5.65816 4.61398 3.48744 3.45337 3.32925 3.16197 3.15325 5.60677 3.78141
threshold=11.269544797355497 50.504317098060362 21.500000000000004 32.500000000000007 157.00000000000003 15.500000000000002 7.5000000000000009 4.9859457890483005 17.500000000000004 8.5000000000000018 0.39530591454701031 4.5000000000000009 -0.44492068311751415 28.500000000000004 -0.59791147410268808 0.18186775209471476 -1.0739094439764287 10.500000000000002 4.6046610299420534 4.3895594239587075 12.500000000000002 245.00000000000003 9.5000000000000018 4.4674786937065862 10.500000000000002 26.341942685659273 4.7324720776733296 6.5000000000000009 21.500000000000004 14.885862422225669
decision_type=2 2 2 2 2 2 2 2 2 2 2 2 2 2 2 2 2 2 2 2 2 2 2 2 2 2 2 2 2 2
left_child=2 3 15 5 17 6 8 9 26 -8 14 -4 -13 -7 25 16 -1 18 -5 -15 -21 -22 -23 -3 -9 -10 -2 -12 -29 -30
right_child=1 23 11 4 -6 13 7 24 10 -11 27 12 -14 19 -16 -17 -18 -19 -20 20 21 22 -24 -25 -26 -27 -28 28 29 -31
leaf_value=0.00016860610482372985 1.8809943328252056e-05 0.00055207293035702831 -5.008626967085612e-06 0.00031495253653703433 -0.0018726608114731811 -0.00044864606139437193 -0.0042132573521773452 -0.0013664552192364588 0.00075058760469147879 8.780150776707907e-05 0.002105136747203403 -0.0014887106070292349 -3.2116982735034024e-05 0.00024298395103309941 -0.0013438159493141615 3.4844517411818239e-05 0.00010282947075824989 -5.7633376333675521e-06 -0.0014737606378663112 -0.00012416186293426169 5.5614054077287637e-05 0.0017498088124593442 0.00077882291339200806 -0.0026092478895566786 0.00060774350296228521 -0.0012642220013450007 -0.0011116035595230347 -0.0028825918455063441 0.00065455032825019184 0.00098967618459951264
leaf_weight=1562 2976 640 6312 452 15574 5852 10304 745 1043 1674 617 6009 3118 704 1167 87134 63161 7582 3349 13061 12697 554 1529 8575 1252 564 3275 363 250 1637
leaf_count=1562 2976 640 6312 452 15574 5852 10304 745 1043 1674 617 6009 3118 704 1167 87134 63161 7582 3349 13061 12697 554 1529 8575 1252 564 3275 363 250 1637
internal_value=-0.000298674 -0.00108632 0.000155354 -0.000890955 -0.00169047 -0.000533319 -0.00115669 -0.00236851 0.000267407 -0.00289948 0.00174437 -0.00110694 -0.00184836 -6.45399e-05 -1.4419e-05 0.000283689 0.000576612 -0.000661512 -0.00192318 0.000180417 9.1233e-05 0.000642761 0.00305809 -0.00293543 0.000816225 0.00160548 -0.00106543 0.00344611 0.00257778 0.0036725
internal_weight=263732 96436 167296 87221 26957 60264 25867 13975 11892 11978 5641 15439 9127 34397 2774 151857 64723 11383 3801 28545 27841 14780 2083 9215 1997 1607 6251 2867 2250 1887
internal_count=263732 96436 167296 87221 26957 60264 25867 13975 11892 11978 5641 15439 9127 34397 2774 151857 64723 11383 3801 28545 27841 14780 2083 9215 1997 1607 6251 2867 2250 1887
is_linear=0
shrinkage=0.05


Tree=78
num_leaves=31
num_cat=0
split_feature=4 28 19 18 26 21 24 24 18 26 24 0 18 27 2 0 4 11 2 18 6 21 13 0 1 14 24 11 11 0
split_gain=38.9558 15.4708 11.8987 10.8647 10.8067 8.54775 8.69334 12.9777 8.47075 7.37008 6.84733 6.63504 5.52605 5.16062 5.06366 4.6774 4.62799 3.95953 5.99606 4.38153 4.95845 4.53315 3.96892 4.62243 4.98848 3.6916 3.73227 3.50731 3.50583 3.47688
threshold=-0.91706966442293736 15.500000000000002 23.21291170634921 25.51950395513769 1.0000000180025095e-35 34.500000000000007 14.500000000000002 8.5000000000000018 21.263223200823713 1.0000000180025095e-35 10.500000000000002 4.8576412516912386 10.405471555763617 7.5000000000000009 -0.089270723784941969 4.3036100609115797 0.045414351683201036 0.14220164680872774 -1.5742715205010283 14.405193574437424 0.077457843849513305 32.500000000000007 0.20937459259905636 4.7105902035041884 233.00000000000003 4.9520513275900795 6.5000000000000009 0.45496130474477753 0.68523801880228752 4.6786224635956151
decision_type=2 2 2 2 2 2 2 2 2 2 2 2 2 2 2 2 2 2 2 2 2 2 2 2 2 2 2 2 2 2
left_child=1 3 16 9 10 6 7 8 13 17 11 -4 -13 -3 15 -5 -2 19 28 20 21 -1 23 24 -22 -14 -27 -12 -19 -7
right_child=2 5 4 14 -6 29 -8 -9 -10 -11 27 12 25 -15 -16 -17 -18 18 -20 -21 22 -23 -24 -25 -26 26 -28 -29 -30 -31
leaf_value=-4.3447036354101213e-05 7.1664639443129757e-06 0.00088691838436509194 8.6755770667505891e-05 0.00037396081541863561 -0.0021725521686574412 -0.0048935083329029686 -0.00047854653821696735 -0.0077005457906659082 -0.0034410819132080651 -0.0044864762108499136 -3.1999997738732721e-05 -4.5560073109248064e-05 -0.0014329455679783065 -0.0061515183242671564 0.0036183442501922292 -0.0013138262486327959 0.00088127585004119731 -3.0161481996125214e-05 -0.00042512843406929769 -0.00047379154387244344 0.00023298694885291822 0.00014055090787954661 5.039906309816467e-05 9.0873839616801712e-05 0.00032706119061643173 0.00069509908726517579 -0.006199236285018876 0.00015805141776322384 0.00066475083181274377 -0.0021817145502624896
leaf_weight=875 57051 1359 4569 534 5963 2882 14126 6641 1904 1213 28958 7143 8973 212 136 14789 70089 1136 9986 1796 315 247 1225 1355 446 322 248 11722 1719 5239
leaf_count=875 57051 1359 4569 534 5963 2882 14126 6641 1904 1213 28958 7143 8973 212 136 14789 70089 1136 9986 1796 315 247 1225 1355 446 322 248 11722 1719 5239
internal_value=-0.000279207 -0.00130843 8.03439e-05 -0.000591803 -0.000454063 -0.00210055 -0.00163023 -0.00274911 -0.000273381 0.000168366 -0.000258335 -0.00098565 -0.00144792 0.0024443 -0.00159066 -0.00167591 0.000365739 0.000408378 -9.42288e-05 0.00143953 0.00227874 -0.000597147 0.00324454 0.00455577 0.00767411 -0.00223515 0.00166667 0.000121682 0.00192645 -0.00350449
internal_weight=263173 68135 195038 35772 67898 32363 24242 10116 3475 20313 61935 21255 16686 1571 15459 15323 127140 19100 12841 6259 4463 1122 3341 2116 761 9543 570 40680 2855 8121
internal_count=263173 68135 195038 35772 67898 32363 24242 10116 3475 20313 61935 21255 16686 1571 15459 15323 127140 19100 12841 6259 4463 1122 3341 2116 761 9543 570 40680 2855 8121
is_linear=0
shrinkage=0.05


Tree=79
num_leaves=31
num_cat=0
split_feature=4 28 18 26 26 29 28 29 21 28 18 18 14 28 1 7 21 21 18 1 18 5 2 6 24 21 24 4 21 18
split_gain=37.7172 12.6071 11.1083 10.649 8.91931 8.37559 7.06345 6.49789 7.81274 7.07098 6.42277 4.93674 4.8831 6.56329 6.01066 4.62456 5.1126 4.76911 8.96123 4.89514 4.98257 5.09683 4.29871 4.29335 4.22851 5.2138 3.89831 6.03545 3.84312 5.84283
threshold=-0.91706966442293736 18.500000000000004 33.275138505876264 1.0000000180025095e-35 1.0000000180025095e-35 -2.0687998472287839 14.500000000000002 -0.98629016210140319 30.500000000000004 26.500000000000004 0.64252069234894893 5.9619805275680928 5.6785847193382484 18.500000000000004 117.00000000000001 0.72920380333587043 27.500000000000004 32.500000000000007 1.8506764607621853 249.00000000000003 8.1147251526691715 1.156743766152758 -0.048450698585113097 0.08327215003663524 14.500000000000002 33.500000000000007 10.500000000000002 -0.44580638313263604 35.500000000000007 1.6463133361002953
decision_type=2 2 2 2 2 2 2 2 2 2 2 2 2 2 2 2 2 2 2 2 2 2 2 2 2 2 2 2 2 2
left_child=1 2 4 5 15 -2 28 24 9 -9 -6 -7 26 14 -14 -1 -17 19 -19 20 -18 -22 -4 -20 -3 -26 27 -13 -5 -30
right_child=3 7 22 6 10 11 -8 8 -10 -11 -12 12 13 -15 -16 16 17 18 23 -21 21 -23 -24 -25 25 -27 -28 -29 29 -31
leaf_value=-0.00028960352282684897 -0.0023102154385025091 -0.0070013786986885124 -0.001537675569715586 -0.0010129962095789336 0.00075167578750863333 0.00021920919013952074 -0.002087240742283945 -0.00069377546735838484 -0.0015001306400150064 0.00078441600557132012 -0.0050174206295295889 0.00016176648346026321 0.00072455169121592167 -0.00069212067080440471 0.0004961433786046807 -0.00087894251918282755 -7.1074164616079995e-05 0.00013448020351072607 0.00091843290638143969 0.00025363348711542679 0.00052533914889339598 6.1213223099350461e-05 0.0040986522472156858 -0.0020145506848020765 -0.00014233914910068168 -0.0027145008938218767 1.8632816866933999e-05 -0.00065782594694475439 0.00060435191248564329 0.00094233432429850078
leaf_weight=4077 2470 6903 13049 11016 99 117304 4275 3951 9722 1139 1625 2080 460 984 1154 1121 1508 942 57 4750 1324 9300 51 4580 2299 1682 38608 16334 119 651
leaf_count=4077 2470 6903 13049 11016 99 117304 4275 3951 9722 1139 1625 2080 460 984 1154 1121 1508 942 57 4750 1324 9300 51 4580 2299 1682 38608 16334 119 651
internal_value=-0.00024424 -0.00125684 -0.000728055 0.000108977 -0.000188203 0.000219406 -0.00112446 -0.00213107 -0.0014495 0.000137525 -0.00367749 0.000259773 -0.000110701 0.00200924 0.0039715 2.92858e-05 0.000298109 0.00046258 -0.000804803 0.000881413 0.000348665 0.000730422 -0.00193893 -0.001708 -0.00305862 -0.00176086 -0.000207288 -0.000805908 -0.000492957 0.00292208
internal_weight=263634 68179 42483 195455 29383 179394 16061 25696 14812 5090 1724 176924 59620 2598 1614 27659 23582 22461 5579 16882 12132 10624 13100 4637 10884 3981 57022 18414 11786 770
internal_count=263634 68179 42483 195455 29383 179394 16061 25696 14812 5090 1724 176924 59620 2598 1614 27659 23582 22461 5579 16882 12132 10624 13100 4637 10884 3981 57022 18414 11786 770
is_linear=0
shrinkage=0.05


Tree=80
num_leaves=31
num_cat=0
split_feature=29 26 4 29 29 18 0 28 27 18 18 29 4 0 5 0 19 27 26 16 19 12 11 12 27 18 19 0 17 1
split_gain=33.0809 13.2449 10.9953 10.1632 9.47555 7.66826 6.57202 8.0634 5.5034 6.07928 5.49209 5.38188 4.4511 4.31662 4.26122 3.96183 3.73446 5.18809 5.66368 3.69914 3.63629 3.44287 3.92551 3.356 3.32294 4.47412 3.09038 3.08912 3.087 3.0467
threshold=-0.69522441631592968 1.0000000180025095e-35 -0.12836597777685088 0.8194000712106887 -2.0687998472287839 56.5969227937276 4.5923386465912319 20.500000000000004 29.500000000000004 4.3614363920232879 32.587699804126515 -0.11661615340548669 -0.37497390282451076 5.0448809385801114 1.4685354111282505 4.3895594239587075 9.4277722782325704 25.500000000000004 1.0000000180025095e-35 1.6631394244892748 16.816708734032748 0.10514702172253368 0.62998908618352434 3.8093374239708484 28.500000000000004 12.560022105663213 33.922132115726804 4.6819840796372594 3.5000000000000004 217.00000000000003
decision_type=2 2 2 2 2 2 2 2 2 2 2 2 2 2 2 2 2 2 2 2 2 2 2 2 2 2 2 2 2 2
left_child=4 3 8 11 24 6 12 16 -3 -10 -5 15 -6 -9 -15 26 17 -8 -19 -13 -17 -22 -23 -21 -1 -26 -2 -4 29 -18
right_child=1 2 27 10 5 -7 7 13 9 -11 -12 19 -14 14 -16 20 28 18 -20 23 21 22 -24 -25 25 -27 -28 -29 -30 -31
leaf_value=-0.003892082264065887 0.00020193201424211312 -0.0033242264766293094 0.00045064480467875705 -0.00010250519015234201 -7.4179853088425756e-05 -0.0030311285662715719 -6.7503635261114607e-05 -0.0018094701567489082 0.00081039203626518525 -0.0013679147250200707 -0.0032008302976098326 0.000262336509886661 0.00015964356368920599 0.00087160146321063582 -0.00070880427160904228 6.4537172571994003e-05 6.9610579411259307e-05 0.00016369348680022014 0.00104167135203927 0.00020533079345936526 5.2117421184626573e-05 -0.00037106434505981226 5.2715180610444324e-05 0.00097626949923544117 0.0006595855449360175 -0.0043301925707925999 0.00022565314731777314 -0.00076683608160273966 -0.00047446634917748152 0.00087026568979276355
leaf_weight=6730 336 4602 258 10495 2745 3054 1604 12430 83 230 2299 99224 1897 703 667 23547 1116 870 65 5794 12889 28383 11499 318 644 919 651 11115 18163 344
leaf_count=6730 336 4602 258 10495 2745 3054 1604 12430 83 230 2299 99224 1897 703 667 23547 1116 870 65 5794 12889 28383 11499 318 644 919 651 11115 18163 344
internal_value=-0.000247805 2.96148e-05 -0.00134025 0.000143782 -0.00137841 -0.00108411 -0.000902374 -0.00113092 -0.00331638 0.00309904 -0.00121854 0.000239213 0.000868161 -0.00207971 0.000583942 -7.7614e-05 -0.000540113 0.00126428 0.0042246 0.000471729 -0.00011832 -0.000348865 -0.000578456 0.00166558 -0.00292777 -0.000850927 0.00306991 -0.000486239 -0.000773581 0.00143836
internal_weight=263674 211723 16288 195435 51951 43658 40604 35962 4915 313 12794 182641 4642 13800 1370 77305 22162 2539 935 105336 76318 52771 39882 6112 8293 1563 987 11373 19623 1460
internal_count=263674 211723 16288 195435 51951 43658 40604 35962 4915 313 12794 182641 4642 13800 1370 77305 22162 2539 935 105336 76318 52771 39882 6112 8293 1563 987 11373 19623 1460
is_linear=0
shrinkage=0.05


Tree=81
num_leaves=31
num_cat=0
split_feature=8 29 26 27 19 18 24 24 0 0 21 4 24 0 21 17 0 24 27 18 18 27 0 13 0 19 27 4 0 27
split_gain=32.4643 16.1256 14.273 16.1223 17.5139 13.9626 8.55779 11.0679 9.51565 8.22093 7.86371 7.83798 7.15258 5.14749 5.04127 5.3468 5.51546 6.64401 4.86303 4.81192 7.38677 4.72819 4.57792 4.50384 4.38764 3.95402 3.86592 3.72799 4.96417 4.53338
threshold=0.22020102433689517 -1.9534123769382994 1.0000000180025095e-35 24.500000000000004 11.356957638444367 52.454160089108875 15.500000000000002 7.5000000000000009 4.9913979866649205 5.0321893123531218 33.500000000000007 -0.18285179575064528 10.500000000000002 4.5649191543146843 27.500000000000004 4.5000000000000009 4.3895594239587075 28.500000000000004 33.500000000000007 20.936565974487191 5.8721800727056737 26.500000000000004 4.3036100609115797 6.0399561090005731 4.4439066730957402 1.050797484154723 31.500000000000004 -0.17182479100248296 4.7544443676919261 20.500000000000004
decision_type=2 2 2 2 2 2 2 2 2 2 2 2 2 2 2 2 2 2 2 2 2 2 2 2 2 2 2 2 2 2
left_child=1 24 5 27 -5 6 7 8 10 13 19 21 -11 -9 -8 18 -17 -18 23 20 -3 -12 -7 -16 -1 26 -15 -4 29 -29
right_child=-2 2 3 4 -6 22 14 9 -10 12 11 -13 -14 25 15 16 17 -19 -20 -21 -22 -23 -24 -25 -26 -27 -28 28 -30 -31
leaf_value=0.0012809796176988075 0.00045369828181628026 -1.5834805182950182e-05 -0.0038915534331339634 0.00087018876963683022 -0.00018150019993617988 0.00081006209063212383 -0.0004622295416353584 2.613855188377536e-05 -0.00017013131598528873 -0.0012321827883144086 -0.0035087920312622555 0.00031356759328278699 0.00047590900225221914 -0.00039177178138104772 0.00016608824487062595 0.00020524547507346394 1.5546695711632658e-05 -0.0001219097819561747 -0.0023112772011070525 -0.0001443522221725228 0.0001506594800548459 1.3135489726256344e-05 -0.002315139542850223 0.0016165370895762936 -0.0033060248150241431 -0.0021163885118442916 0.00016705490196812273 0.00083354037789090283 -0.001513022287766479 0.00059597813096439768
leaf_weight=57 122598 1956 5853 247 1442 358 3662 2020 6270 2103 2096 666 2878 904 17306 1046 33954 8855 404 5490 7876 907 6539 249 9198 16683 103 63 2054 135
leaf_count=57 122598 1956 5853 247 1442 358 3662 2020 6270 2103 2096 666 2878 904 17306 1046 33954 8855 404 5490 7876 907 6539 249 9198 16683 103 63 2054 135
internal_value=-0.000242904 -0.000759262 -0.000617927 -0.00245456 0.00198934 -0.000470876 -0.000340298 -0.000833199 -9.73827e-05 -0.001586 0.000460219 -0.00161897 0.00022887 -0.00204465 3.57389e-05 0.000142525 -0.000155056 -0.000242705 0.000869203 0.0009581 0.00162022 -0.00270729 -0.00265623 0.000994019 -0.00277688 -0.00231769 0.000724926 -0.00338063 -0.00165186 0.00590909
internal_weight=263972 141374 132119 9794 1689 122325 115428 49952 25261 24691 18991 3669 4981 19710 65476 61814 43855 42809 17959 15322 9832 3003 6897 17555 9255 17690 1007 8105 2252 198
internal_count=263972 141374 132119 9794 1689 122325 115428 49952 25261 24691 18991 3669 4981 19710 65476 61814 43855 42809 17959 15322 9832 3003 6897 17555 9255 17690 1007 8105 2252 198
is_linear=0
shrinkage=0.05


Tree=82
num_leaves=31
num_cat=0
split_feature=4 0 26 18 24 24 17 18 1 21 26 21 18 21 0 24 14 4 18 4 24 0 0 21 0 3 1 24 0 17
split_gain=29.3702 10.5628 9.56979 9.65062 7.73893 14.1797 8.63921 8.61926 8.00347 7.88105 7.72991 6.16941 5.65463 5.49617 6.42622 8.22279 6.84079 5.11363 4.90507 4.15485 7.96251 4.3436 4.11573 4.06192 3.61658 3.38214 3.30752 3.29591 3.18801 2.98684
threshold=-0.91706966442293736 4.3895594239587075 1.0000000180025095e-35 54.342627197387607 14.500000000000002 8.5000000000000018 4.5000000000000009 27.617168420589575 233.00000000000003 33.500000000000007 1.0000000180025095e-35 31.500000000000004 1.0040241493716906 25.500000000000004 4.735226183131064 14.500000000000002 5.4386776702900805 -0.12223793300729312 31.967459209194732 -0.46695800314353125 8.5000000000000018 4.9296208115160445 4.8812865822448641 33.500000000000007 4.8161785264461434 -1.0179791548829977 185.00000000000003 29.500000000000004 4.6916983434607848 9.5000000000000018
decision_type=2 2 2 2 2 2 2 2 2 2 2 2 2 2 2 2 2 2 2 2 2 2 2 2 2 2 2 2 2 2
left_child=1 18 3 4 5 7 8 9 -6 24 13 27 -4 -2 29 19 -17 -12 25 20 21 -16 -13 -7 -3 -1 -21 -8 -19 -15
right_child=10 2 12 -5 6 23 11 -9 -10 -11 17 22 -14 14 15 16 -18 28 -20 26 -22 -23 -24 -25 -26 -27 -28 -29 -30 -31
leaf_value=7.1325415055269246e-05 0.00053890042772697508 0.00017484466239932762 0.00064223916840825237 -0.0023126231294773964 -0.00021830777788395652 -0.006477215981529132 3.8832022147568945e-05 -0.0020875018899946052 0.00035103730445177082 -0.0033825942996387123 -0.0020631151716534141 -0.0013460358194503457 -0.0050456002193909333 0.00016339249570705106 0.00041000444173488874 -9.4857236094749365e-06 0.0006722107628621064 0.0004372887789647984 0.00056824665756166615 -0.00013636531153244819 -0.0033121854789463188 -0.0012049462621639584 0.0021462133813814495 -0.0011425494946403177 -0.00023590503210043072 0.00060538010296660636 -0.0017730431804050637 -0.00016444103328150004 -0.00077387374246698992 2.423166939742199e-05
leaf_weight=81 111665 6126 197 6301 6380 7029 10369 4539 5376 2037 4318 10494 3331 3016 1513 26177 1693 280 973 20450 1139 415 200 2373 504 177 2648 1657 11479 10836
leaf_count=81 111665 6126 197 6301 6380 7029 10369 4539 5376 2037 4318 10494 3331 3016 1513 26177 1693 280 973 20450 1139 415 200 2373 504 177 2648 1657 11479 10836
internal_value=-0.000251276 -0.00114522 -0.00122966 -0.00108859 -0.00088361 -0.00160253 -0.00041217 -0.000545963 0.00068816 0.000378448 6.01144e-05 -0.000981513 -0.00376417 0.000154162 -0.000200627 -0.000446932 0.0001507 -0.000990234 0.00344435 -0.00108351 0.000645583 0.00260374 -0.00185525 -0.00308658 0.00121418 0.00957364 -0.0013131 -0.000204556 -0.000449868 0.00076018
internal_weight=263773 68144 66913 63385 57084 22608 34476 13206 11756 8667 195629 22720 3528 179552 67887 54035 27870 16077 1231 26165 3067 1928 10694 9402 6630 258 23098 12026 11759 13852
internal_count=263773 68144 66913 63385 57084 22608 34476 13206 11756 8667 195629 22720 3528 179552 67887 54035 27870 16077 1231 26165 3067 1928 10694 9402 6630 258 23098 12026 11759 13852
is_linear=0
shrinkage=0.05


Tree=83
num_leaves=31
num_cat=0
split_feature=10 29 26 27 19 18 0 24 24 21 0 24 11 17 0 4 17 27 27 17 18 20 18 19 0 18 27 4 20 21
split_gain=24.2445 11.5517 11.4087 12.8804 15.4287 10.5716 6.71255 7.28603 8.40732 10.5107 9.59533 7.63604 6.93296 5.38606 5.26743 7.01251 4.72563 4.33257 4.1894 4.14692 3.86081 3.59745 3.5334 4.08367 6.25744 5.71571 4.14674 3.48318 3.47843 3.44999
threshold=0.41666666666666674 -2.0687998472287839 1.0000000180025095e-35 25.500000000000004 11.356957638444367 54.342627197387607 4.5790689627974688 14.500000000000002 7.5000000000000009 33.500000000000007 4.9665426635412357 10.500000000000002 0.4417346949661427 5.5000000000000009 5.1286703667030071 -0.32717719882239965 4.5000000000000009 26.500000000000004 28.500000000000004 6.5000000000000009 9.3195215921371357 0.3948836546645465 16.609445237400408 42.526204841942032 5.0448809385801114 10.405471555763617 7.5000000000000009 -0.042004369786435784 0.050888425064799875 32.500000000000007
decision_type=2 2 2 2 2 2 2 2 2 2 2 2 2 2 2 2 2 2 2 2 2 2 2 2 2 2 2 2 2 2
left_child=19 18 5 28 -5 6 -3 8 9 12 16 -12 22 -9 15 -13 -10 -11 -2 -1 -20 -17 23 26 25 -25 -8 -14 -4 -28
right_child=1 2 3 4 -6 -7 7 13 10 17 11 14 27 -15 -16 21 -18 -19 20 -21 -22 -23 -24 24 -26 -27 29 -29 -30 -31
leaf_value=0.00038230260981320498 -0.003432465584445152 4.5884569191447227e-05 -0.0041644831522314133 0.00072977903797423677 -0.00012859189104391566 -0.0020397288814480103 0.00023729640420676386 4.4376071088729978e-05 -0.007546782838260129 -0.0014524018652719997 -0.0014975222498658251 0.0015387625779687431 0.00041486226316012873 -0.00016977912302313723 0.00080758516230205156 -0.0074720683401399025 -0.0020341657555984403 9.6534644486623853e-05 0.00087437720078887996 0.0028193602132053691 -0.0031201659610583903 -3.6527171069948488e-05 -0.00081585673924746002 0.00032843102125486344 -0.0013353474826961536 0.00032037824053385121 -3.447691691394695e-05 -0.00060548840429030767 -0.0016933990689750528 0.00017943618008853333
leaf_weight=115843 6793 13948 3129 226 1291 6231 995 38945 3991 5128 3218 600 4492 23275 994 455 8971 1440 496 4276 1104 1391 4598 854 623 1448 3062 442 5287 359
leaf_count=115843 6793 13948 3129 226 1291 6231 995 38945 3991 5128 3218 600 4492 23275 994 455 8971 1440 496 4276 1104 1391 4598 854 623 1448 3062 442 5287 359
internal_value=-0.000219965 -0.000657991 -0.000546409 -0.00217759 0.00206328 -0.000417264 -0.00031234 -0.000448893 -0.000948886 -0.000309713 -0.00171254 -0.00016972 0.000350857 -0.00010286 0.00146802 0.000220769 -0.00250501 -0.0020067 -0.002458 0.000304365 -0.000156249 -0.00130552 -0.000300695 0.000380058 0.00182906 0.00303215 -0.00057971 0.00192744 -0.00294201 -0.00140602
internal_weight=263905 143786 135393 9933 1517 125460 119229 105281 43061 23441 19620 6658 16873 62220 3440 2446 12962 6568 8393 120119 1600 1846 11939 7341 2925 2302 4416 4934 8416 3421
internal_count=263905 143786 135393 9933 1517 125460 119229 105281 43061 23441 19620 6658 16873 62220 3440 2446 12962 6568 8393 120119 1600 1846 11939 7341 2925 2302 4416 4934 8416 3421
is_linear=0
shrinkage=0.05


Tree=84
num_leaves=31
num_cat=0
split_feature=21 26 27 19 29 0 13 1 17 19 22 25 27 19 21 1 22 0 0 14 0 28 6 28 3 0 3 28 27 22
split_gain=23.2659 11.1505 14.7129 13.7974 11.2856 7.44973 5.83801 5.25219 7.54261 5.77426 11.5709 4.8699 4.70115 4.73866 4.38601 4.18006 4.40412 4.04824 3.90409 4.09954 3.66899 3.54018 4.42385 3.38753 3.28369 3.13409 2.99282 4.87945 3.31825 2.90445
threshold=3.5000000000000004 1.0000000180025095e-35 24.500000000000004 12.990775911019623 -1.5596558316951226 4.3895594239587075 0.15875932302668008 177.00000000000003 4.5000000000000009 1.7848420432873564 9.5000000000000018 1.0000000180025095e-35 28.500000000000004 50.812282665323643 32.500000000000007 245.00000000000003 5.5000000000000009 4.7451475581756286 4.6603476403907047 2.9617756605542893 4.6461108844735088 3.5000000000000004 0.22320801805690918 6.5000000000000009 0.016210950926025557 4.757598829281628 -0.70451740662227558 20.500000000000004 1.5000000000000002 23.500000000000004
decision_type=2 2 2 2 2 2 2 2 2 2 2 2 2 2 2 2 2 2 2 2 2 2 2 2 2 2 2 2 2 2
left_child=24 4 -3 29 5 -2 26 18 11 10 -10 -9 20 21 -11 25 -17 -16 23 -20 -7 -14 -23 -8 -1 -13 27 -6 -29 -4
right_child=1 2 3 -5 6 12 7 8 9 14 -12 15 13 -15 17 16 -18 -19 19 -21 -22 22 -24 -25 -26 -27 -28 28 -30 -31
leaf_value=-0.00026083191974203383 0.0010407727677351447 -0.0025041665076185153 0.00083927233159994592 8.7824593460090916e-05 0.00010546520798288568 -0.0051961866808859824 -4.5864485700536749e-05 -0.00022865780782414062 0.00052856851354314864 -0.00065647400819766801 -0.0019888234902616991 0.00038793623426694121 0.00024090327448174733 -0.0026492444766482346 -0.0029243803519316473 -0.00060645499842197463 0.0010374842421091424 -0.00076564047707182274 -0.00029880840213864494 6.8610860719696317e-05 -0.0016857820101958303 0.0014730217897144543 0.00082147392451641056 0.00010263986843678944 0.00064286493484840598 -0.00081669637194247433 -1.9724868139420885e-05 0.0003987143118471502 -0.00079561074049181574 0.0005647547897525677
leaf_weight=24800 155 8468 170 1513 12734 2272 2613 8140 243 16452 363 1275 772 1193 6794 371 1051 4686 15903 7189 9086 74 350 8005 94705 676 28706 551 4257 83
leaf_count=24800 155 8468 170 1513 12734 2272 2613 8140 243 16452 363 1275 772 1193 6794 371 1051 4686 15903 7189 9086 74 350 8005 94705 676 28706 551 4257 83
internal_value=-0.00021335 -0.000641021 -0.00223178 0.00191959 -0.000519449 -0.00186808 -0.000363222 -0.000639362 -0.00102644 -0.00146226 0.00336634 5.38528e-05 -0.00199098 2.51157e-05 -0.00156702 0.00165135 0.00371308 -0.00231707 -0.000179471 -0.000544344 -0.00241504 0.00224916 0.00591981 0.000614052 0.000302498 0.000148642 7.71931e-05 0.000591723 -0.00076539 0.0127273
internal_weight=263650 144145 10234 1766 133911 13902 120009 73761 40051 28538 606 11513 13747 2389 27932 3373 1422 11480 33710 23092 11358 1196 424 10618 119505 1951 46248 17542 4808 253
internal_count=263650 144145 10234 1766 133911 13902 120009 73761 40051 28538 606 11513 13747 2389 27932 3373 1422 11480 33710 23092 11358 1196 424 10618 119505 1951 46248 17542 4808 253
is_linear=0
shrinkage=0.05


Tree=85
num_leaves=31
num_cat=0
split_feature=4 28 19 22 19 4 17 1 26 27 22 0 5 4 19 27 17 0 28 19 0 12 22 28 27 13 22 29 29 12
split_gain=20.9058 10.9181 7.30256 10.042 6.78782 6.67363 6.46432 7.33359 6.24925 5.9079 5.38187 5.21202 4.73652 4.61603 4.53655 4.52349 4.35246 4.3263 4.11694 4.04332 3.9828 3.73706 3.85754 3.42449 5.75513 3.3 3.21842 3.18023 3.11164 3.09941
threshold=-0.91706966442293736 20.500000000000004 5.185458456453147 13.500000000000002 2.1354914317872797 0.25048996713075433 4.5000000000000009 233.00000000000003 1.0000000180025095e-35 24.500000000000004 6.5000000000000009 5.5125765798679067 3.9776275099879572 -0.12223793300729312 15.998819282565686 1.5000000000000002 9.5000000000000018 4.6245658589774434 1.0000000180025095e-35 3.0888116236248222 4.8576412516912386 0.17637778607216045 8.5000000000000018 3.5000000000000004 24.500000000000004 0.12153294968008681 2.5000000000000004 -0.84205718744538371 -2.0687998472287839 0.082164952132637539
decision_type=2 2 2 2 2 2 2 2 2 2 2 2 2 2 2 2 2 2 2 2 2 2 2 2 2 2 2 2 2 2
left_child=1 2 3 4 17 8 7 -4 12 13 -6 -7 28 -10 29 -3 21 -1 -18 -5 -17 -8 -23 -19 25 -25 -9 -12 -2 -11
right_child=5 15 6 19 10 11 16 26 9 14 27 -13 -14 -15 -16 20 18 23 -20 -21 -22 22 -24 24 -26 -27 -28 -29 -30 -31
leaf_value=7.9593526239773788e-06 -0.0013474450748972942 0.00012041670765916867 -0.00036648539438157958 -0.002314108108551411 -0.0030475299599391045 0.0026145098463162685 -5.6134334565838428e-05 -0.00012662307455799671 -0.0022444642774353657 9.7573880099803036e-05 0.0014053003022298973 0.00038055415813678054 -0.00052911129274999598 -0.00097857451038346624 0.00053273882102790185 -0.0018339244505308451 0.0010924076070595041 0.00011045268667414043 0.00019552856328238391 0.0014097928970374823 0.00097200522694679411 -0.0018091661195027619 -0.00081734288110328493 -3.450060817914518e-05 0.00030520907183312644 0.00073780768298605513 0.00032745716498237468 1.4772147801505654e-05 1.6549379250092468e-05 0.0009058110516235665
leaf_weight=192 2322 2166 8487 1073 238 11677 7402 855 3616 93 59 23523 4688 8643 1130 18660 73 278 1172 180 671 6701 14410 77 273 70 5160 71 140029 121
leaf_count=192 2322 2166 8487 1073 238 11677 7402 855 3616 93 59 23523 4688 8643 1130 18660 73 278 1172 180 671 6701 14410 77 273 70 5160 71 140029 121
internal_value=-0.000231342 -0.000984795 -0.000556113 0.00206691 0.00522258 3.13013e-05 -0.000704925 0.000160668 -0.000105327 -0.00113063 -0.00048913 0.00065483 -1.04728e-05 -0.00147565 0.00201637 -0.00191748 -0.00112676 0.00758427 0.00176707 -0.00110136 -0.00216026 -0.00125311 -0.00159206 0.00941261 0.0122619 0.00428571 0.00149626 0.00769231 4.10259e-05 0.00869159
internal_weight=264110 68268 46771 2511 1258 195842 44260 14502 160642 13603 368 35200 147039 12259 1344 21497 29758 890 1245 1253 19331 28513 21111 698 420 147 6015 130 142351 214
internal_count=264110 68268 46771 2511 1258 195842 44260 14502 160642 13603 368 35200 147039 12259 1344 21497 29758 890 1245 1253 19331 28513 21111 698 420 147 6015 130 142351 214
is_linear=0
shrinkage=0.05


Tree=86
num_leaves=31
num_cat=0
split_feature=4 28 18 21 21 24 24 27 26 26 22 18 12 29 22 0 17 27 4 18 24 0 0 24 21 18 0 18 27 24
split_gain=22.721 10.6945 14.7148 11.8738 8.57926 9.71252 8.97978 7.15869 6.36276 6.07466 5.31628 7.02226 5.84052 5.1216 5.06797 5.05734 4.71215 4.39834 5.50375 4.27797 4.1396 4.01911 4.42508 5.19934 5.47844 4.13185 4.08352 3.78359 3.57807 3.37129
threshold=-0.91706966442293736 14.500000000000002 0.9153330097459661 37.500000000000007 34.500000000000007 14.500000000000002 8.5000000000000018 2.5000000000000004 1.0000000180025095e-35 1.0000000180025095e-35 4.5000000000000009 25.51950395513769 0.16160284758464666 -2.0687998472287839 25.500000000000004 4.8255613764400245 9.5000000000000018 24.500000000000004 -0.12836597777685088 2.1274987103886649 16.500000000000004 5.446138084545372 4.8255613764400245 10.500000000000002 38.500000000000007 10.174782549762595 5.5039670878674301 8.3094588104853688 35.500000000000007 5.5000000000000009
decision_type=2 2 2 2 2 2 2 2 2 2 2 2 2 2 2 2 2 2 2 2 2 2 2 2 2 2 2 2 2 2
left_child=1 2 3 -1 5 6 7 -3 13 10 12 14 27 -2 28 -6 -14 18 -10 -19 29 22 -15 24 25 -24 -23 -4 -12 -13
right_child=8 4 9 -5 15 -7 -8 -9 17 -11 11 20 16 21 -16 -17 -18 19 -20 -21 -22 26 23 -25 -26 -27 -28 -29 -30 -31
leaf_value=4.3918095411461591e-05 -0.0016537511029498489 0.00063684701673464975 -0.00020024072970483873 0.00023673524677481222 -0.0027871859900883409 -0.00018243403566899194 -0.006181400017031987 -0.0024023404617651298 -0.002107094925477337 -0.004273183981591191 0.00020971554281307898 -0.00049039235527968965 -0.0023718069454304403 5.5153459306719413e-05 -0.00084783187363955128 0.00053635675305759836 0.0002651776414570631 0.00062494694814924394 -0.00078343819688953811 0.00048764934447081265 -6.6211632327117106e-05 0.0029059166222031988 -2.0471049363062656e-05 4.9027768001738943e-05 -0.0017936632199838229 -0.00077427034827390014 0.00059459861384055651 0.00013232976487916008 -0.0050657723110774959 -0.0031449034306922094
leaf_weight=985 2446 1348 227 485 7735 15738 6750 2251 3564 1725 9386 2546 3124 17481 3118 740 228 182 11113 1180 6466 7715 25238 70411 2179 8361 45473 1537 564 3195
leaf_count=985 2446 1348 227 485 7735 15738 6750 2251 3564 1725 9386 2546 3124 17481 3118 740 228 182 11113 1180 6466 7715 25238 70411 2179 8361 45473 1537 564 3195
internal_value=-0.000217312 -0.0010034 -0.00036801 0.00452381 -0.00162085 -0.00117185 -0.00236158 -0.00034454 5.69261e-05 -0.000591916 -0.000428087 -0.000130563 -0.00189797 0.000142273 0.000674932 -0.00300295 -0.00312351 -0.000897188 -0.00114942 0.00182085 -0.000992872 0.000173699 1.73856e-05 -0.000103965 -0.000594778 -0.000437215 0.000537152 0.00043084 0.00122613 -0.00197004
internal_weight=263491 68148 33586 1470 34562 26087 10349 3599 195343 32116 30391 25275 5116 179304 13068 8475 3352 16039 14677 1362 12207 176858 123670 106189 35778 33599 53188 1764 9950 5741
internal_count=263491 68148 33586 1470 34562 26087 10349 3599 195343 32116 30391 25275 5116 179304 13068 8475 3352 16039 14677 1362 12207 176858 123670 106189 35778 33599 53188 1764 9950 5741
is_linear=0
shrinkage=0.05


Tree=87
num_leaves=31
num_cat=0
split_feature=8 29 26 18 27 0 18 28 20 0 27 12 18 21 21 12 27 18 29 27 27 1 19 20 2 21 7 14 1 19
split_gain=20.7958 11.8185 9.39838 7.67504 7.19084 6.32864 5.68817 3.61363 3.47528 4.61115 4.59059 3.43542 5.84811 5.14756 4.45554 4.51904 3.42522 3.82631 3.32609 3.11902 3.51629 2.88751 2.88061 3.56006 2.92088 2.84363 3.25723 2.72529 3.49198 4.77506
threshold=0.22020102433689517 -2.0687998472287839 1.0000000180025095e-35 50.504317098060362 24.500000000000004 4.4439066730957402 2.1274987103886649 28.500000000000004 0.021724611789787088 4.6500701778329185 20.500000000000004 0.093161633204498343 0.80007067171630586 37.500000000000007 32.500000000000007 0.41428819154331947 28.500000000000004 9.3195215921371357 -1.4571161936178669 38.500000000000007 23.500000000000004 285.00000000000006 28.626116574922936 0.3948836546645465 -0.78075126073626044 38.500000000000007 0.46575157517672378 11.219491146119838 221.00000000000003 18.064488651531587
decision_type=2 2 2 2 2 2 2 2 2 2 2 2 2 2 2 2 2 2 2 2 2 2 2 2 2 2 2 2 2 2
left_child=1 16 3 5 8 18 -6 11 -4 10 -10 -7 13 -13 15 -14 -1 -18 -3 20 -15 -5 23 24 -20 -9 -27 28 29 -16
right_child=-2 2 4 21 6 7 -8 25 9 -11 -12 12 14 19 27 -17 17 -19 22 -21 -22 -23 -24 -25 -26 26 -28 -29 -30 -31
leaf_value=-0.0030717589242400273 0.00037523169775183977 0.00072933841990394403 -0.0043105534923962609 -0.0011851182637617991 0.00065632955176909318 2.0572497065290911e-05 -0.00010219874307242255 -0.00016973361115999179 0.0010876306004544828 -0.0014992967212299584 0.00072408115788476799 2.1668347701325624e-05 -0.00017973088916218855 0.0012512202403295815 0.00027424054872716725 5.1980183705757699e-05 0.00085358226874926761 -0.002644744383566378 0.00028516624084005059 -0.0010152518844887229 0.00029257107304407327 -0.0035561053180677943 9.1309929947260598e-05 7.0388479465311398e-05 0.00056146594752371772 7.0566693270153133e-05 -0.0016594692118744538 0.0019584980043226637 -0.0017298735251730106 -0.00054336660312436207
leaf_weight=6718 122617 168 2953 7313 229 26160 1431 6746 64 4904 155 1752 27399 235 1908 24172 463 1090 72 59 315 794 2198 814 73 722 2894 171 6039 13418
leaf_count=6718 122617 168 2953 7313 229 26160 1431 6746 64 4904 155 1752 27399 235 1908 24172 463 1090 72 59 315 794 2198 814 73 722 2894 171 6039 13418
internal_value=-0.000178226 -0.000591392 -0.000477477 -0.000359498 -0.00197309 -0.000254953 0.0010241 -0.000318778 -0.00258915 -0.00180168 0.0052968 -0.000228086 -0.000399241 0.00204998 -0.000478339 -0.000226095 -0.00242534 -0.000309079 0.00189474 0.00600985 0.00718182 -0.00184655 0.00152993 0.00381648 0.0110345 -0.00120826 -0.0023396 -0.00108237 -0.00113269 -0.000731436
internal_weight=264046 141429 133158 123422 9736 115315 1660 111990 8076 5123 219 101628 75468 2361 73107 51571 8271 1553 3325 609 550 8107 3157 959 145 10362 3616 21536 21365 15326
internal_count=264046 141429 133158 123422 9736 115315 1660 111990 8076 5123 219 101628 75468 2361 73107 51571 8271 1553 3325 609 550 8107 3157 959 145 10362 3616 21536 21365 15326
is_linear=0
shrinkage=0.05


Tree=88
num_leaves=31
num_cat=0
split_feature=29 24 17 26 20 29 17 28 19 22 21 4 4 1 6 16 19 1 23 7 12 24 5 11 22 6 16 24 24 22
split_gain=20.9961 9.13446 9.5374 8.64303 8.08499 6.92829 5.28582 5.14594 6.18007 6.48116 5.1124 4.11325 3.80713 3.68962 3.29211 3.19466 3.12478 3.12153 2.98865 2.9682 2.92528 2.97911 2.9028 2.88431 3.25612 2.86824 2.84783 2.81006 3.96473 4.30667
threshold=-0.66068530402962788 14.500000000000002 9.5000000000000018 1.0000000180025095e-35 0.012633978948977347 0.8194000712106887 4.5000000000000009 9.5000000000000018 1.4198908949445443 3.5000000000000004 33.500000000000007 -0.10118092283066267 0.35241018272139296 189.00000000000003 1.7139941898424413 0.22514547328550694 57.682278571424497 201.00000000000003 1.0000000180025095e-35 0.80391203818278956 0.029023125979080067 6.5000000000000009 0.5831484934990212 0.10887468932395857 29.500000000000004 1.0000000180025095e-35 0.30065800238449064 4.5000000000000009 7.5000000000000009 20.500000000000004
decision_type=2 2 2 2 2 2 2 2 2 2 2 2 2 2 2 2 2 2 2 2 2 2 2 2 2 2 2 2 2 2
left_child=1 2 7 5 -5 10 -3 8 9 -1 12 -9 14 -12 25 -15 18 -8 -7 22 23 -22 -20 24 -10 -2 -6 -18 29 -29
right_child=3 6 -4 4 26 16 17 11 20 -11 13 -13 -14 15 -16 -17 27 -19 19 -21 21 -23 -24 -25 -26 -27 -28 28 -30 -31
leaf_value=0.0003639480048709983 -6.4720847975335109e-05 0.0002214955018011027 0.00021130183022068823 -0.0039781373113136221 -0.0020092842293338103 -0.0017475289595352403 -1.8956660304453228e-05 -0.0031060807676908833 0.0012162557165935242 0.00024795529915831548 -2.6402283336909445e-05 -0.00018711611276177225 0.0017046007152858905 0.00063121122917046885 0.00034053565749352739 -0.0013234920390318694 -0.0032659917982295894 -0.00078907480340109106 -0.0014479776128659228 -0.00023932942829116185 -0.00024272528910902747 -0.0027665017257947596 0.00013046991178368452 -0.00066950377244471638 -0.0098522816790678029 5.7373637512587121e-05 -9.3776510575621758e-05 -0.0013164113865872162 -0.0013344657597715399 0.0014652293572814661
leaf_weight=80 1274 7138 1942 1979 4637 919 9124 15784 259 265 13655 2066 20564 459 4481 4852 1462 10905 691 1770 2810 4095 3210 491 56 134387 9459 1093 2882 787
leaf_count=80 1274 7138 1942 1979 4637 919 9124 15784 259 265 13655 2066 20564 459 4481 4852 1462 10905 691 1770 2810 4095 3210 491 56 134387 9459 1093 2882 787
internal_value=-0.000185373 -0.00105426 -0.00169061 4.38247e-05 -0.00106998 0.000136842 -0.000401958 -0.00194395 -0.000894985 0.00565217 0.000216951 -0.00241737 0.000308577 -0.000559422 0.000215354 -0.00167765 -0.000986421 -0.000818313 -0.000227617 0.000201023 -0.00118791 -0.00152064 0.000971546 0.00166253 0.00539683 0.00017131 -0.000649829 -0.00178985 -0.00120118 0.000585107
internal_weight=263576 55015 27848 208561 16075 192486 27167 25906 8056 345 179672 17850 160706 18966 140142 5311 12814 20029 6590 5671 7711 6905 3901 806 315 135661 14096 6224 4762 1880
internal_count=263576 55015 27848 208561 16075 192486 27167 25906 8056 345 179672 17850 160706 18966 140142 5311 12814 20029 6590 5671 7711 6905 3901 806 315 135661 14096 6224 4762 1880
is_linear=0
shrinkage=0.05


Tree=89
num_leaves=31
num_cat=0
split_feature=20 28 18 22 24 21 21 26 27 24 26 22 18 18 18 16 28 24 24 21 11 24 21 21 24 18 18 6 21 13
split_gain=15.6106 9.07586 14.3237 13.383 8.89718 7.82956 7.43922 6.92412 6.64651 6.6534 6.43665 5.37674 6.34148 4.98939 5.70907 4.58574 4.00918 3.97365 3.87142 3.75911 3.73302 3.66551 4.72929 6.54489 4.22221 3.95701 3.65273 3.5681 3.46645 3.4498
threshold=1.0000000180025095e-35 14.500000000000002 0.80007067171630586 15.500000000000002 14.500000000000002 33.500000000000007 34.500000000000007 1.0000000180025095e-35 2.5000000000000004 8.5000000000000018 1.0000000180025095e-35 5.5000000000000009 25.51950395513769 8.3094588104853688 10.624203996195957 1.9869606606726684 21.500000000000004 4.5000000000000009 21.500000000000004 31.500000000000004 0.13779891329200353 10.500000000000002 48.000000000000007 38.500000000000007 29.500000000000004 16.609445237400408 72.055489930407177 0.17068661504435592 40.500000000000007 0.07509602129515798
decision_type=2 2 2 2 2 2 2 2 2 2 2 2 2 2 2 2 2 2 2 2 2 2 2 2 2 2 2 2 2 2
left_child=1 2 3 5 8 15 26 21 9 19 11 13 17 -4 20 -1 -9 -13 -19 -3 -15 22 23 25 29 -2 -6 -14 -29 -23
right_child=7 4 10 -5 6 -7 -8 16 -10 -11 -12 12 27 14 -16 -17 -18 18 -20 -21 -22 24 -24 -25 -26 -27 -28 28 -30 -31
leaf_value=-5.438756451476567e-06 5.6242170789719599e-06 0.00080585705520549013 -0.0028949996830273618 -0.0015511225481002078 -3.8258670910325504e-05 0.00023882598618649826 -0.001889982343590812 -0.0006771607886185317 -0.0037478384946965961 -0.0052720333486915702 -0.0037733240256295542 0.00023616107345672476 0.001713765747845538 0.00029773366002283966 -0.00057588429721538254 0.00012473041643354138 -0.0017831194835829596 -0.00061065690298547145 0.00019388938648924538 -0.0048666076809118081 -0.0012410074176119465 0.00021295638961170671 0.00030961854016973289 -0.0015500754255197474 -0.00011305081180209001 -0.00074656002217066608 -0.0031645766450844985 -0.00077632158338402269 0.0057142318019141195 9.408488155533565e-05
leaf_weight=265 49559 1243 835 564 15229 512 5247 13398 10701 1232 1727 2527 397 492 4817 100 2534 3570 6227 292 282 20338 478 2444 11973 7670 668 11198 195 86862
leaf_count=265 49559 1243 835 564 15229 512 5247 13398 10701 1232 1727 2527 397 492 4817 100 2534 3570 6227 292 282 20338 478 2444 11973 7670 668 11198 195 86862
internal_value=-0.000202825 -0.000853337 -0.000269372 0.00460791 -0.00142205 0.00847206 -0.000782254 2.47886e-05 -0.00242649 -0.000242139 -0.000487184 -0.000319253 2.32236e-05 -0.00160442 -0.001066 0.00287671 -0.000974139 0.000816294 0.000360315 0.0019544 0.0029199 0.000113538 -0.000204651 -0.000244331 0.00027414 -0.000136119 -0.000243442 -0.000805767 -0.000968138 0.000373601
internal_weight=263576 68320 33708 1441 34612 877 21144 195256 13468 2767 32267 30540 24114 6426 5591 365 15932 12324 9797 1535 774 179324 60151 59673 119173 57229 15897 11790 11393 107200
internal_count=263576 68320 33708 1441 34612 877 21144 195256 13468 2767 32267 30540 24114 6426 5591 365 15932 12324 9797 1535 774 179324 60151 59673 119173 57229 15897 11790 11393 107200
is_linear=0
shrinkage=0.05


Tree=90
num_leaves=31
num_cat=0
split_feature=4 28 18 22 17 1 26 0 17 29 24 0 28 24 28 2 7 22 27 19 19 28 4 11 0 1 4 27 2 24
split_gain=15.3432 9.60541 6.39764 16.4428 7.52012 6.8505 5.54066 5.5389 5.0809 4.84729 4.67076 4.59414 7.34058 5.51269 4.54816 4.51208 4.83213 4.48853 4.42814 5.17592 4.15204 4.04586 4.00477 3.95803 3.89857 6.5023 4.81606 3.81498 3.7851 3.75119
threshold=-0.91706966442293736 20.500000000000004 0.80007067171630586 9.5000000000000018 4.5000000000000009 221.00000000000003 1.0000000180025095e-35 4.8349268018409388 9.5000000000000018 -0.70794970971420623 10.500000000000002 4.5989605807911609 4.5000000000000009 8.5000000000000018 1.0000000180025095e-35 -0.12642407371067743 1.1508796095111256 6.5000000000000009 20.500000000000004 44.718498577441011 23.763239852563007 22.500000000000004 -0.42482818828458002 0.0202217690411708 5.0848964481369547 137.00000000000003 -0.43753426832425962 7.5000000000000009 -0.60995113636766618 14.500000000000002
decision_type=2 2 2 2 2 2 2 2 2 2 2 2 2 2 2 2 2 2 2 2 2 2 2 2 2 2 2 2 2 2
left_child=1 2 3 9 5 20 10 29 15 -1 11 -2 22 24 -10 -6 23 -7 -12 28 -4 -8 -13 -17 25 -14 27 -27 -20 -3
right_child=6 7 4 -5 8 17 21 -9 14 -11 18 12 13 -15 -16 16 -18 -19 19 -21 -22 -23 -24 -25 -26 26 -28 -29 -30 -31
leaf_value=0.00029107352944327474 0.00013017825993449355 -0.0033926214493719118 -0.0030253377703188607 -0.00086532760840384655 -0.0008294538014076043 -2.8286446485103694e-05 -0.00054957155889469225 0.00060323385121211718 0.0012159443776283583 9.0758484393229928e-05 0.00021473729281980072 0.00022010359356035557 0.00010718673661351667 -0.0027241948469543449 0.00017895371391467993 -9.332133314820108e-05 0.0016118933222697503 0.00049767523762914232 5.0082091331223825e-06 9.7482221332477221e-05 -0.0001175464835403762 -0.0019692735450231903 -3.4892629700474012e-05 0.00065082363150815005 -0.00089031311774840467 0.0014878942338814568 -0.0014960964183129302 -0.00012540700620239386 -8.3656101016628859e-05 -0.00071201671749159738
leaf_weight=367 2856 10235 646 1117 27893 2651 13798 1332 72 400 104182 1299 4152 3287 1188 510 88 5073 2419 8256 6300 2172 40142 449 3778 495 3379 843 4624 9914
leaf_count=367 2856 10235 646 1117 27893 2651 13798 1332 72 400 104182 1299 4152 3287 1188 510 88 5073 2419 8256 6300 2172 40142 449 3778 495 3379 843 4624 9914
internal_value=-0.000190476 -0.000836081 -0.000433973 0.00242038 -0.000553822 0.000374915 3.46486e-05 -0.00171128 -0.00100497 0.00805737 0.000113961 -0.000245056 -0.000342483 -0.00125455 0.00210318 -0.00114029 0.00208214 0.00139953 0.000294943 -0.000499378 -0.000764468 -0.000857858 8.20503e-06 0.00105318 -0.000780422 -0.000207464 -0.00147763 0.00106129 -0.0014951 -0.00191771
internal_weight=263917 68235 46754 1884 44870 14670 195682 21481 30200 767 179712 60231 57375 15934 1260 28940 1047 7724 119481 15299 6946 15970 41441 959 12647 8869 4717 1338 7043 20149
internal_count=263917 68235 46754 1884 44870 14670 195682 21481 30200 767 179712 60231 57375 15934 1260 28940 1047 7724 119481 15299 6946 15970 41441 959 12647 8869 4717 1338 7043 20149
is_linear=0
shrinkage=0.05


Tree=91
num_leaves=31
num_cat=0
split_feature=10 26 27 29 18 18 29 17 18 24 24 21 22 7 1 14 28 27 24 21 1 9 5 27 7 21 24 3 12 12
split_gain=14.4994 9.23895 9.34603 8.84137 8.24544 7.0137 3.82109 3.0969 2.98988 2.90953 9.13989 5.89681 5.67431 4.89678 5.30109 4.84308 4.79538 8.28642 4.48831 5.52069 4.67214 3.73621 3.54827 3.42511 3.18607 3.07051 3.74397 3.6647 3.01779 3.57296
threshold=0.38333333333333336 1.0000000180025095e-35 24.500000000000004 -2.1968687689319921 1.582428381686475 59.307370038592801 5.8911258848236683 9.5000000000000018 0.45961432632493199 15.500000000000002 7.5000000000000009 33.500000000000007 14.500000000000002 0.73523011101328828 161.00000000000003 3.53983288891656 4.5000000000000009 7.5000000000000009 10.500000000000002 32.500000000000007 185.00000000000003 0.56173206700676059 1.2080310487157713 26.500000000000004 1.0222358373474203 27.500000000000004 28.500000000000004 -0.83156347401027042 0.094938914965202029 0.51848926608300239
decision_type=2 2 2 2 2 2 2 2 2 2 2 2 2 2 2 2 2 2 2 2 2 2 2 2 2 2 2 2 2 2
left_child=-1 3 -3 -2 -4 6 9 -7 -8 10 11 12 -5 14 15 -14 -15 -18 20 21 -12 22 -20 24 -13 -11 28 -28 -27 -30
right_child=1 2 4 5 -6 7 8 -9 -10 25 18 23 13 16 -16 -17 17 -19 19 -21 -22 -23 -24 -25 -26 26 27 -29 29 -31
leaf_value=0.00041405491784197762 -0.0024521587334588625 -0.0021291278522602101 0.00059303674255235263 -2.0145481639736524e-05 0.00024120991640991181 -0.0019647409444318912 0.0001785636475370466 0.00082367440592735547 -0.0016753220736264217 -0.00029648210617978554 -0.0013632416475010095 -0.00061238515263859633 4.8986176238486073e-05 0.00060256977111420402 -0.0013324711967960755 0.00049059164677758144 0.0016932148513144046 -0.0001634289281906904 -0.00030707111685225478 0.00014838517601271971 -0.0050257826409126566 0.00068417806607413154 -0.0015249716388700454 0.00012010278183474961 -0.0035694997963754693 0.00013708885985059418 4.4900855779713546e-05 -0.0001076564630505719 -5.6187735150480336e-05 0.00013324349454050063
leaf_weight=119631 7050 8520 210 8293 1546 4265 175 298 2537 3774 6099 4612 3627 1855 1297 436 917 1682 4644 6189 3137 625 5559 1763 517 12766 5487 7593 22998 15368
leaf_count=119631 7050 8520 210 8293 1546 4265 175 298 2537 3774 6099 4612 3627 1855 1297 436 917 1682 4644 6189 3137 625 5559 1763 517 12766 5487 7593 22998 15368
internal_value=-0.000120506 -0.000458776 -0.00190346 -0.000347626 0.001418 -0.000251594 -0.000179581 -0.0021762 -0.0020354 -0.000137372 -0.000421837 0.000262411 0.00073618 0.00154983 0.000531717 0.00142013 0.00277503 0.001389 -0.0010734 -0.000591761 -0.0019608 -0.00127263 -0.0015025 -0.000982298 -0.0016358 7.70753e-05 0.000158538 -0.00059633 0.000351639 0.000130064
internal_weight=263470 143839 10276 133563 1756 126513 121950 4563 2712 119238 51252 24999 18107 9814 5360 4063 4454 2599 26253 17017 9236 10828 10203 6892 5129 67986 64212 13080 51132 38366
internal_count=263470 143839 10276 133563 1756 126513 121950 4563 2712 119238 51252 24999 18107 9814 5360 4063 4454 2599 26253 17017 9236 10828 10203 6892 5129 67986 64212 13080 51132 38366
is_linear=0
shrinkage=0.05


Tree=92
num_leaves=31
num_cat=0
split_feature=29 24 26 0 0 27 18 4 27 4 18 21 18 4 0 4 29 18 11 6 0 22 11 13 13 0 2 0 0 18
split_gain=13.4632 9.24579 6.33097 6.95967 6.00176 5.07904 8.03071 4.87613 4.2915 4.18347 3.88077 5.04118 3.87298 3.83013 4.64093 3.25764 3.07337 5.29986 3.34459 3.29948 2.97767 2.9734 2.86758 2.87323 2.8582 2.89418 2.81553 2.79806 2.71088 2.86818
threshold=-0.81085743534099719 14.500000000000002 1.0000000180025095e-35 4.9594602393769431 4.5208249664032918 25.500000000000004 9.3195215921371357 -0.54491434864628052 30.500000000000004 0.37130062653243162 37.582006658413199 34.500000000000007 81.762926457593622 -0.39083512000525017 4.6344336593550848 -0.17182479100248296 0.8194000712106887 22.975506823943658 0.044462934737891265 1.0000000180025095e-35 4.6098625740792736 8.5000000000000018 0.40007934441201709 0.087156878107754784 0.33479208496443474 4.9296208115160445 -1.7537145585892553 5.4965753906779726 4.9665426635412357 11.878326864882235
decision_type=2 2 2 2 2 2 2 2 2 2 2 2 2 2 2 2 2 2 2 2 2 2 2 2 2 2 2 2 2 2
left_child=1 4 9 15 -1 13 7 -7 -5 12 11 26 16 20 -15 -4 19 18 -18 -2 -6 -12 -21 -24 -13 -26 -3 -11 -8 -30
right_child=2 10 3 8 5 6 28 -9 -10 27 21 24 -14 14 -16 -17 17 -19 -20 22 -22 -23 23 -25 25 -27 -28 -29 29 -31
leaf_value=0.00032936412145002269 -6.6666311967055475e-05 0.00097026129702978698 -0.0028345776701438966 -0.00050502539290594951 -0.012876961826189061 0.00094897080417779807 -0.0024760268226487587 0.00014166467362285886 0.0011903013750597345 0.0033234514101476206 -0.001882163466436805 -1.5840744275548833e-06 -0.003859442740631137 0.00058089215788337354 -0.0011443755720920272 0.00017288600204046949 0.00011229034841393054 -0.0019303653540809604 -0.00017266715394551263 -1.3327965461066438e-05 -0.0028786099504108397 -0.0003198159635789131 0.00027862872038510341 7.8684424360203777e-05 -0.0026391267881464724 0.00064749120491946121 0.000106625996448796 0.00077081207231768911 -0.0030881853086641171 0.0022447488974508554
leaf_weight=819 1600 1245 3766 12009 989 569 3076 914 350 4660 1800 2112 428 414 5097 807 1720 3809 6814 113955 11339 3231 8656 50495 1643 195 8874 11703 100 433
leaf_count=819 1600 1245 3766 12009 989 569 3076 914 350 4660 1800 2112 428 414 5097 807 1720 3809 6814 113955 11339 3231 8656 50495 1643 195 8874 11703 100 433
internal_value=-0.000159774 -0.000970828 -2.35478e-06 -0.000931372 -0.00162947 -0.00177969 -0.000386881 0.00271072 -0.00031475 7.48142e-05 -0.000151832 0.000274363 7.8949e-06 -0.00217725 -0.00108147 -0.00259786 1.87657e-05 -0.000743741 -5.15579e-05 7.26369e-05 -0.0026671 -0.00134367 9.35271e-05 0.000375987 -0.00124051 -0.00268226 0.000865699 0.000841533 -0.00165974 0.00163227
internal_weight=263622 42850 220772 16932 23750 22931 5092 1483 12359 203840 19100 14069 187477 17839 5511 4573 187049 12343 8534 174706 12328 5031 173106 59151 3950 1838 10119 16363 3609 533
internal_count=263622 42850 220772 16932 23750 22931 5092 1483 12359 203840 19100 14069 187477 17839 5511 4573 187049 12343 8534 174706 12328 5031 173106 59151 3950 1838 10119 16363 3609 533
is_linear=0
shrinkage=0.05


Tree=93
num_leaves=31
num_cat=0
split_feature=19 26 13 4 18 24 24 13 11 4 12 12 11 24 27 1 4 19 3 13 22 22 13 24 18 14 24 24 4 2
split_gain=12.8756 10.3294 7.30763 7.0666 4.45521 4.15514 5.61489 6.30852 5.55407 5.15053 4.15313 4.12503 4.10651 3.97965 3.93811 6.43952 4.80178 3.85232 4.27929 4.40126 3.91843 3.6697 3.31939 3.06247 3.01306 2.99488 2.93328 9.37629 3.35346 2.92482
threshold=17.900391597266253 1.0000000180025095e-35 0.12153294968008681 -0.12836597777685088 62.107379387004379 14.500000000000002 7.5000000000000009 0.48763528691685271 0.66429506473521316 -0.45464726694910829 0.76641719927060337 0.18003226881425496 0.59921268109461889 10.500000000000002 28.500000000000004 129.00000000000003 0.044107279634450804 2.6707671678651699 -0.80374856348941603 0.60269545744804309 9.5000000000000018 10.500000000000002 0.018644057129502966 15.500000000000002 8.6764120889635752 5.1890257250113203 14.500000000000002 8.5000000000000018 -0.14273078841449968 -1.7070389538898059
decision_type=2 2 2 2 2 2 2 2 2 2 2 2 2 2 2 2 2 2 2 2 2 2 2 2 2 2 2 2 2 2
left_child=14 2 11 -3 5 6 7 -4 -9 -8 -7 26 -12 -11 16 24 -1 18 19 -17 -19 -10 23 -20 -16 -15 27 28 -2 -22
right_child=1 3 4 -5 -6 10 9 8 21 13 12 -13 -14 25 15 17 -18 20 22 -21 29 -23 -24 -25 -26 -27 -28 -29 -30 -31
leaf_value=-2.5807214745862642e-05 0.00017285135660738803 -0.0026893573785480157 -0.00062508584536645484 -0.00019848231695838376 -0.0021304743799110512 -0.00016529615303439098 -0.0029742857839569459 -3.2325721854913036e-05 -0.00052981400521780241 -0.0021108606070955756 -6.5028145325144796e-05 -0.00011424951784567838 0.00038324878579333631 0.000196143153473324 -5.783079684203892e-05 0.00023282127089862401 0.00075814825909969238 -0.00050462414851031132 0.00019065449849833303 -0.00016285994746375777 0.0016396531234475981 0.00070714096362743933 0.00018996187862165684 -5.9907200056459945e-05 0.00017361349583230494 -0.0057908363622294293 0.00021122709523591855 -0.0015561090867196685 2.8773696356632226e-05 0.00054352235613946726
leaf_weight=56149 3021 6577 12165 3928 3410 40415 8955 5486 572 4402 7834 15642 5811 4567 1113 515 58997 758 101 99 74 2181 297 138 76 258 12392 3880 3580 606
leaf_count=56149 3021 6577 12165 3928 3410 40415 8955 5486 572 4402 7834 15642 5811 4567 1113 515 58997 758 101 99 74 2181 297 138 76 258 12392 3880 3580 606
internal_value=-0.000139545 -0.000455692 -0.000337814 -0.00196573 -0.000571125 -0.000505796 -0.00090214 -0.000332777 0.000735527 -0.00154108 -0.0002229 0.000244061 0.000531331 -0.00071204 0.000246126 0.00183479 0.000194015 0.00323416 0.0053913 0.00824104 0.00150904 0.00256811 0.00212687 -0.00225941 -0.0012111 0.000279793 0.000671972 5.62929e-05 0.00120285 0.00426471
internal_weight=263999 145076 134571 10505 96056 92646 38586 20404 8239 18182 54060 38515 13645 9227 118923 3777 115146 2588 1150 614 1438 2753 536 239 1189 4825 22873 10481 6601 680
internal_count=263999 145076 134571 10505 96056 92646 38586 20404 8239 18182 54060 38515 13645 9227 118923 3777 115146 2588 1150 614 1438 2753 536 239 1189 4825 22873 10481 6601 680
is_linear=0
shrinkage=0.05


Tree=94
num_leaves=31
num_cat=0
split_feature=29 24 0 21 19 17 0 24 27 18 24 2 26 4 20 7 1 0 27 1 29 14 21 18 27 2 18 16 0 18
split_gain=14.3199 7.05818 6.24471 5.3759 6.45162 5.00262 4.93194 6.66975 4.49827 5.30999 4.51834 4.28115 4.01383 4.13476 3.83779 3.49188 3.40354 3.33933 3.11161 3.72551 3.80103 3.04517 3.02561 3.52605 2.92332 2.90739 2.83537 2.8316 3.39274 2.82623
threshold=-0.81085743534099719 14.500000000000002 4.5208249664032918 32.500000000000007 19.884476587176493 4.5000000000000009 5.0517303177099064 10.500000000000002 22.500000000000004 0.9153330097459661 1.5000000000000002 -1.1192573320287642 1.0000000180025095e-35 -0.17182479100248296 0.70857181380311984 0.7110963739025985 157.00000000000003 4.6344336593550848 13.500000000000002 181.00000000000003 -0.11661615340548669 3.8205432957854808 30.500000000000004 14.189292361214495 20.500000000000004 -1.5742715205010283 1.2139476720512721 0.32784009668238173 4.6207751646789132 50.504317098060362
decision_type=2 2 2 2 2 2 2 2 2 2 2 2 2 2 2 2 2 2 2 2 2 2 2 2 2 2 2 2 2 2
left_child=1 2 -1 12 18 -3 8 -8 14 15 22 -6 25 24 -4 -10 21 -16 19 20 -5 -7 23 -11 -14 -2 -18 -15 -29 -13
right_child=3 5 6 4 11 16 7 -9 9 10 -12 29 13 27 17 -17 26 -19 -20 -21 -22 -23 -24 -25 -26 -27 -28 28 -30 -31
leaf_value=0.00031779724494397578 0.0002200544141385378 0.00039826877553149847 -0.0042194912584108011 0.00049687458330486785 -0.001264467343992314 4.6813038735439749e-05 -0.00035984487281996784 0.0014989836131969964 -9.12208184928839e-05 0.00069304251811323325 -0.0020807346188453186 -0.00016384219555072837 -0.0011162158632617256 -0.001785298054221598 0.0004462921755160438 0.00057500700960550226 8.3606855764126471e-05 -0.0012843608202559671 9.9899410803856793e-05 -0.0021733649164787159 -0.00097689643968170954 0.0011095578845805949 0.00017023983345012758 0.0033755433599238411 -0.004437445690474137 5.2459133305208784e-05 -0.00076017129211186781 0.0011522065586494455 0.00033796840860916876 -0.0023440987437932321
leaf_weight=839 6714 4755 10362 1312 4508 2548 2427 319 189 57 4816 20838 2802 4265 270 236 749 3591 5147 877 542 244 322 107 624 165804 10820 123 6374 1161
leaf_count=839 6714 4755 10362 1312 4508 2548 2427 319 189 57 4816 20838 2802 4265 270 236 749 3591 5147 877 542 244 322 107 624 165804 10820 123 6374 1161
internal_value=-0.00012387 -0.000962697 -0.00154238 3.79488e-05 -0.000536571 -0.000249005 -0.00169898 0.000287692 -0.00197243 -0.000789243 -0.00122029 -0.000909948 0.000143756 -0.000664646 -0.00244885 0.00458824 -0.000714434 -0.00110334 0.000719726 -0.000644452 0.000625675 0.000852436 0.00337449 0.00890244 -0.00217747 0.00021024 -0.00109257 -0.000183051 0.000474066 -0.0006223
internal_weight=263742 42651 23535 221091 34385 19116 22696 2746 19950 5727 5302 26507 186706 14188 14223 425 14361 3861 7878 2731 1854 2792 486 164 3426 172518 11569 10762 6497 21999
internal_count=263742 42651 23535 221091 34385 19116 22696 2746 19950 5727 5302 26507 186706 14188 14223 425 14361 3861 7878 2731 1854 2792 486 164 3426 172518 11569 10762 6497 21999
is_linear=0
shrinkage=0.05


Tree=95
num_leaves=31
num_cat=0
split_feature=29 17 27 29 18 6 26 27 4 7 20 11 0 19 13 6 19 0 21 0 10 17 22 29 18 22 14 29 29 0
split_gain=10.1462 5.47359 5.17557 4.82797 5.01434 4.37789 4.25231 5.24941 5.21938 4.07159 3.74728 3.38727 3.37219 3.36238 3.50736 3.44898 3.32889 3.28682 3.19412 3.14429 3.14075 3.01955 2.93406 2.85077 2.84244 13.9816 3.00575 2.63316 2.60243 2.59201
threshold=-0.81085743534099719 8.5000000000000018 9.5000000000000018 0.8194000712106887 33.936927570327789 0.12914358936969636 1.0000000180025095e-35 24.500000000000004 -0.23779191060514679 1.1508796095111256 0.70857181380311984 0.51268057215435525 4.9296208115160445 15.998819282565686 0.19107325073635506 0.48557347810946938 59.187244281006727 4.5790689627974688 36.500000000000007 4.6152523066285216 0.38333333333333336 5.5000000000000009 3.5000000000000004 -1.3267258088422953 1.7040741207189505 11.500000000000002 0.82681223679638671 0.032411862576377029 -1.0791108000276988 5.0931594919370946
decision_type=2 2 2 2 2 2 2 2 2 2 2 2 2 2 2 2 2 2 2 2 2 2 2 2 2 2 2 2 2 2
left_child=1 2 10 6 -5 9 11 8 -8 22 19 20 17 15 -15 -9 28 -12 21 -1 -2 -14 23 -4 25 -7 -26 -22 -3 -23
right_child=3 16 5 4 -6 24 7 13 -10 -11 12 -13 18 14 -16 -17 -18 -19 -20 -21 27 29 -24 -25 26 -27 -28 -29 -30 -31
leaf_value=-0.0048281668483519001 0.00029350166097218063 0.00037858724391795951 0.00097269110682145958 -8.8528277611197543e-05 -0.0027864815280449341 0.00049850897730093012 -0.0022048403758135821 0.00017857741392572022 -0.00048855884165770528 0.001803170605220212 0.00084117180485061187 0.00016192038422707601 0.00066898810516438081 0.0018471045510868702 -0.0021041863812705989 0.00081740386461354089 -0.001117111074674437 -0.0021657223292429004 -0.00095246936927157475 -0.0017499380408328548 -2.9487603593203939e-05 0.0023751285949020402 0.00012381470668569133 0.00012216257073146465 -0.0012993065817541488 -0.0014813303265877721 -0.0002413436181083867 -0.0047576773987623756 1.2201475496084107e-05 0.0035107856100547279
leaf_weight=1388 80595 1379 89 11195 2148 485 3710 98 11501 99 94 52359 702 536 578 98 962 2046 437 10557 57849 301 1437 119 5650 801 15030 487 1100 69
leaf_count=1388 80595 1379 89 11195 2148 485 3710 98 11501 99 94 52359 702 536 578 98 962 2046 437 10557 57849 301 1437 119 5650 801 15030 487 1100 69
internal_value=-0.000134672 -0.000839864 -0.00100728 1.62842e-06 -0.000920332 -0.000541965 6.08251e-05 -0.000708794 -0.00097035 0.00186927 -0.00171476 0.000127294 -0.000312414 0.00232824 0.00126571 0.00836735 0.00107236 -0.00158878 0.00149768 -0.00214316 -1.87084e-06 0.00296642 0.0012766 0.00682692 -0.000733406 0.00154743 -0.000875241 -0.000281301 0.00204115 0.00662162
internal_weight=263899 42745 39304 221154 13343 23710 207811 16521 15211 1744 15594 191290 3649 1310 1114 196 3441 2140 1509 11945 138931 1072 1645 208 21966 1286 20680 58336 2479 370
internal_count=263899 42745 39304 221154 13343 23710 207811 16521 15211 1744 15594 191290 3649 1310 1114 196 3441 2140 1509 11945 138931 1072 1645 208 21966 1286 20680 58336 2479 370
is_linear=0
shrinkage=0.05


Tree=96
num_leaves=31
num_cat=0
split_feature=29 4 26 27 19 21 19 27 22 19 4 2 12 22 28 19 1 19 22 27 1 28 1 22 20 19 22 25 29 13
split_gain=11.2316 6.52319 6.7317 4.77088 5.42621 3.835 4.87933 4.32006 5.6627 4.65092 4.19683 4.1086 4.24783 4.06269 3.5954 3.41719 3.41333 3.69728 3.29647 3.21997 3.2075 3.16826 2.95355 2.88813 2.83343 2.63613 2.57975 2.54465 2.51088 2.46779
threshold=-2.0687998472287839 0.027694855897018519 1.0000000180025095e-35 24.500000000000004 21.313781037388043 33.500000000000007 19.700981702602352 11.500000000000002 15.500000000000002 2.6707671678651699 -0.41640813660162795 -1.5742715205010283 0.16969773004694474 27.500000000000004 8.5000000000000018 55.034487268139024 197.00000000000003 2.1354914317872797 8.5000000000000018 19.500000000000004 197.00000000000003 3.5000000000000004 185.00000000000003 6.5000000000000009 0.021724611789787088 1.050797484154723 2.5000000000000004 1.0000000180025095e-35 5.8911258848236683 1.0000000180025095e-35
decision_type=2 2 2 2 2 2 2 2 2 2 2 2 2 2 2 2 2 2 2 2 2 2 2 2 2 2 2 2 2 2
left_child=-1 2 5 24 27 11 7 -7 9 10 14 13 -13 26 -9 23 -14 -18 20 -3 -11 -20 -6 -8 -4 -16 -2 -5 -17 -12
right_child=1 19 3 4 22 6 15 8 -10 18 29 12 16 -15 25 28 17 -19 21 -21 -22 -23 -24 -25 -26 -27 -28 -29 -30 -31
leaf_value=-0.0021210569826429111 -0.0012156676882985674 0.0003479246524971184 -0.0031763141831733024 0.00054379301701312365 0.00083776376100220531 -0.0005327854602589395 -0.0026833690372411131 0.00012668218504674909 -6.8936330242996624e-05 0.00016614839785455724 -5.8912470867634374e-05 3.1425970179437328e-05 -2.5159155038134289e-05 -0.001129121718549045 0.0017276476783694254 -0.00022344403486639414 0.001646498916833475 -0.00060275609212954463 -0.00059454515989198608 -0.00012842271967360741 -0.0028746855773514966 0.00091733818872121635 -0.0071407132421095381 -0.00080243512876571998 -0.0011115033661617427 0.00047463778836787139 0.00039580433900838932 0.0010098747771564239 -0.0025626162386065219 0.00011133206189773535
leaf_weight=8313 714 96258 3058 236 964 2498 1643 430 3013 712 148 38190 39835 1715 100 14616 214 22027 185 5141 479 347 231 6500 7466 71 7932 100 524 266
leaf_count=8313 714 96258 3058 236 964 2498 1643 430 3013 712 148 38190 39835 1715 100 14616 214 22027 185 5141 479 347 231 6500 7466 71 7932 100 524 266
internal_value=-0.000125641 -6.68192e-05 -0.000271635 -0.00140605 0.00120183 -0.000175437 -0.000661867 0.000383077 0.00113719 0.00278305 0.00546798 -3.67897e-05 -0.000134741 0.00091111 0.00813644 -0.00103208 -0.000390005 -0.000886201 0.00120139 0.000244678 -0.000260285 0.00447368 -0.000376568 -0.00185804 -0.00178544 0.014269 0.00135207 0.00681548 -0.000587846 0.0015942
internal_weight=263926 255613 154214 12055 1531 142159 31532 8249 5751 2738 1015 110627 100266 10361 601 23283 62076 22241 1723 101399 1191 532 1195 8143 10524 171 8646 336 15140 414
internal_count=263926 255613 154214 12055 1531 142159 31532 8249 5751 2738 1015 110627 100266 10361 601 23283 62076 22241 1723 101399 1191 532 1195 8143 10524 171 8646 336 15140 414
is_linear=0
shrinkage=0.05


Tree=97
num_leaves=31
num_cat=0
split_feature=20 26 0 18 18 18 0 3 13 21 24 24 18 0 12 22 12 26 3 0 0 0 19 24 5 3 2 24 14 0
split_gain=8.76245 5.93439 4.73799 5.50525 4.93177 4.25288 3.71886 3.45231 3.4391 4.33378 3.95127 5.02523 3.76586 3.98979 3.58112 3.53567 3.66394 3.36252 3.30805 3.22791 4.05926 2.98429 2.8086 2.72701 2.90823 2.55376 4.27194 2.61976 3.48484 3.29917
threshold=0.020434079988732284 1.0000000180025095e-35 4.3895594239587075 56.5969227937276 29.679186642393145 1.7040741207189505 4.8404521090059918 -1.0179791548829977 0.20937459259905636 32.500000000000007 5.5000000000000009 14.500000000000002 28.015168045621891 4.6500701778329185 0.64246899395545787 6.5000000000000009 3.004573443485357 1.0000000180025095e-35 0.16803042381948605 4.9296208115160445 4.7451475581756286 4.7041876600984978 58.467286815758271 29.500000000000004 3.9776275099879572 -0.027839787656077655 -0.52325453266678912 15.500000000000002 5.4386776702900805 4.7380940108345344
decision_type=2 2 2 2 2 2 2 2 2 2 2 2 2 2 2 2 2 2 2 2 2 2 2 2 2 2 2 2 2 2
left_child=1 2 4 8 7 6 -3 -1 -4 10 12 -12 15 -14 -13 -10 -17 23 -11 20 -19 -5 -18 24 25 26 27 29 -29 -2
right_child=17 5 3 21 -6 -7 -8 -9 9 18 11 14 13 -15 -16 16 22 19 -20 -21 -22 -23 -24 -25 -26 -27 -28 28 -30 -31
leaf_value=3.7235421209938163e-05 0.00023414538062420162 -8.6886349073958861e-05 1.9694316716898728e-05 -0.0025012595646839667 0.00036988336713902995 -0.0030785701918528419 0.0028144322689253663 0.00063332261761340526 -0.00040886901122568913 -0.0011857393162485394 -0.0023814690746554869 -0.00034611091247081094 0.0025053483772919335 -0.0015655332730423464 0.00028797720661447268 0.00039350002953993937 0.00025149324483216245 0.00065670029709291144 0.0023906508369206996 -0.00021991282496818315 -0.002374579810094154 -0.00012852769413812087 0.002007392843951428 -0.00012357363406312712 -0.00039175090083741465 0.00031286732682180008 -4.6501953122999241e-05 8.8913278965247408e-05 0.0008490061181621125 -6.1287585633892588e-05
leaf_weight=78 1937 198 24066 3900 1010 3618 99 144 538 12470 6312 9844 387 972 6048 1852 112 389 52 13076 2181 1575 121 11649 4478 101001 35886 9254 1336 9470
leaf_count=78 1937 198 24066 3900 1010 3618 99 144 538 12470 6312 9844 387 972 6048 1852 112 389 52 13076 2181 1575 121 11649 4478 101001 35886 9254 1336 9470
internal_value=-9.38442e-05 -0.000558068 -0.000451346 -0.00050682 0.00262175 -0.00245211 0.00329966 0.00936937 -0.000374199 -0.000666012 -0.00030016 -0.000560259 0.00115018 -0.000986019 -8.62063e-05 0.00225696 0.00318945 8.4865e-05 -0.00143108 -0.00061741 -0.00223735 -0.0020274 0.00909871 0.000147648 0.000200353 0.00023577 -2.90235e-05 0.000519617 0.00108593 -6.13599e-06
internal_weight=264053 73396 69481 68249 1232 3915 297 222 62774 38708 26186 22204 3982 1359 15892 2623 2085 190657 12522 15646 2570 5475 233 175011 163362 158884 57883 21997 10590 11407
internal_count=264053 73396 69481 68249 1232 3915 297 222 62774 38708 26186 22204 3982 1359 15892 2623 2085 190657 12522 15646 2570 5475 233 175011 163362 158884 57883 21997 10590 11407
is_linear=0
shrinkage=0.05


Tree=98
num_leaves=31
num_cat=0
split_feature=4 0 18 26 27 19 24 24 28 1 0 24 0 28 28 0 0 27 24 23 24 0 0 1 4 27 24 13 0 24
split_gain=7.7768 7.28778 6.59765 6.46964 6.35412 4.75618 3.93102 3.72376 8.67536 5.53985 4.14577 3.94036 3.44048 3.26497 3.91191 3.22137 3.15887 3.12141 10.3474 4.63878 4.49407 4.82094 4.26133 3.91729 3.11407 3.09943 2.94967 2.92439 2.92425 3.59754
threshold=0.028810395017592312 4.3895594239587075 56.5969227937276 1.0000000180025095e-35 24.500000000000004 21.835356526909088 25.500000000000004 14.500000000000002 9.5000000000000018 189.00000000000003 4.5989605807911609 28.500000000000004 4.9665426635412357 1.0000000180025095e-35 4.5000000000000009 4.7229765984487448 4.9965635965540569 4.5000000000000009 8.5000000000000018 2.5000000000000004 10.500000000000002 5.1089575002527212 4.973239364658367 161.00000000000003 -0.067137826953368701 20.500000000000004 15.500000000000002 0.24916967475432036 4.6603476403907047 10.500000000000002
decision_type=2 2 2 2 2 2 2 2 2 2 2 2 2 2 2 2 2 2 2 2 2 2 2 2 2 2 2 2 2 2
left_child=1 13 3 7 16 6 -6 8 -3 10 -10 27 -7 -1 -15 -4 26 18 -12 20 -19 -22 23 -20 -24 -2 -5 -9 -11 -30
right_child=25 2 15 4 5 12 -8 11 9 28 17 -13 -14 14 -16 -17 -18 19 22 -21 21 -23 24 -25 -26 -27 -28 -29 29 -31
leaf_value=0.00070454393479671927 0.00032024038392438042 9.5370629353550479e-06 -0.0021784308473362249 -0.0076370883549351318 0.00049066152817469862 -0.0045781360053223563 0.0014185423624850022 0.00010507048316915308 0.00015281423115696196 -0.0051623796926178389 0.00075616508322320106 -7.2665358294000734e-05 0.001714709260221356 -0.0085713923361350457 0.00029882773824555376 0.00026892137736248309 -0.00081748302675516734 -0.00062527092847343045 -0.009306165080503255 -0.0011795235625827241 0.00045028731205239148 0.0017639707518095765 0.0017968091331710676 0.0012911967060373142 -0.0020245755467073177 -0.00013801807061657737 -0.0014298767988825307 -2.7753839907204852e-05 -0.002316475340688596 -0.0002184320258839587
leaf_weight=91 95580 32714 4794 1581 262 577 69 31237 2737 2383 2569 15160 625 347 1498 1063 4538 3132 1371 6207 1002 199 386 567 226 4804 4520 34229 5686 3553
leaf_count=91 95580 32714 4794 1581 262 577 69 31237 2737 2383 2569 15160 625 347 1498 1063 4538 3132 1371 6207 1002 199 386 567 226 4804 4520 34229 5686 3553
internal_value=-0.000104168 -0.00031704 -0.000353621 -0.000291583 -0.00139829 0.00161122 0.00691843 -0.000197617 -0.000486513 -0.00110034 -0.000560447 2.7163e-05 0.000149751 0.00273244 0.00227642 -0.00200102 -0.00183194 -0.000874257 0.0001387 -0.00136622 -0.000110777 0.00248959 -0.00211765 -0.00326625 0.00151961 0.000242171 -0.00257499 0.000195369 -0.00195491 -0.00155212
internal_weight=263707 163323 161387 155530 12172 1533 331 143358 62732 30018 18396 80626 1202 1936 1845 5857 10639 15659 5119 10540 4333 1201 2550 1938 612 100384 6101 65466 11622 9239
internal_count=263707 163323 161387 155530 12172 1533 331 143358 62732 30018 18396 80626 1202 1936 1845 5857 10639 15659 5119 10540 4333 1201 2550 1938 612 100384 6101 65466 11622 9239
is_linear=0
shrinkage=0.05


Tree=99
num_leaves=31
num_cat=0
split_feature=29 26 0 4 18 19 13 6 28 12 19 6 27 6 29 27 18 0 0 12 12 13 24 24 27 27 18 29 27 18
split_gain=8.2766 5.88288 4.61861 5.34507 4.53406 3.32654 4.5566 3.54327 3.04889 3.31644 4.38062 6.55076 3.62553 3.43862 3.01563 2.83984 3.23907 2.83936 2.82927 3.11786 2.6311 3.15251 2.80321 3.13488 2.58193 2.57594 3.58986 3.53211 2.75066 2.56107
threshold=-2.1968687689319921 1.0000000180025095e-35 4.7482908581751948 -0.17182479100248296 59.307370038592801 16.131242201659806 0.12589813663426994 1.0000000180025095e-35 23.500000000000004 0.079954608250901685 43.60571307918071 0.022843246169900296 22.500000000000004 0.9026011049224818 -0.78361957578518804 27.500000000000004 11.269544797355497 4.3895594239587075 4.7229765984487448 0.13397792951014334 2.1420221117422824 0.40484824922999385 5.5000000000000009 14.500000000000002 20.500000000000004 24.500000000000004 6.0588301190220601 -0.74406408122561807 20.500000000000004 20.012939124463966
decision_type=2 2 2 2 2 2 2 2 2 2 2 2 2 2 2 2 2 2 2 2 2 2 2 2 2 2 2 2 2 2
left_child=15 4 3 -3 5 7 8 -2 9 10 12 29 13 -7 -14 -1 -17 -8 -6 -20 -19 -22 -23 -24 -5 28 27 -27 -4 -12
right_child=1 2 25 24 18 6 17 -9 -10 -11 11 -13 14 -15 -16 16 -18 20 19 -21 21 22 23 -25 -26 26 -28 -29 -30 -31
leaf_value=-0.0022248265929231911 -6.0021001788210347e-05 -0.0046662706145708874 -0.00064418234511276072 0.0013014991909655997 -0.00188996663102565 0.00014794331691863239 0.00022332791689593607 0.00011232680776998932 -0.00019187520103917033 3.9661497868221712e-05 0.00033426555977038991 0.00040975372069811588 0.00025326476529494976 0.0012349957819466817 -5.6264848315000625e-05 0.0012451365567995093 -0.0022434688518657544 -0.0001918792893598035 0.0034071544867342006 -0.00011966244123464445 -0.00035873725803748946 0.00080579937400017247 -0.0018043407447545152 0.00040920521781430603 0.00032127089963458717 0.0016057867042414673 -8.1815529543893004e-05 0.00059391468560984068 -0.0024388275172319584 0.0032967403944627128
leaf_weight=5719 1306 2140 14527 63 3888 3491 1012 99091 7079 23479 309 4108 188 95 1272 554 1042 80805 153 577 4242 827 1403 3669 248 80 1074 279 714 67
leaf_count=5719 1306 2140 14527 63 3888 3491 1012 99091 7079 23479 309 4108 188 95 1272 554 1042 80805 153 577 4242 827 1403 3669 248 80 1074 279 714 67
internal_value=-0.000118822 -7.14709e-05 -0.000915032 -0.00294166 -3.41625e-06 2.74052e-05 -0.000137527 0.000244331 0.000307324 0.000509256 0.00129591 0.0024331 0.000285375 0.00114055 -0.00181507 -0.00177717 8.77199e-05 -0.000331455 -0.00155479 0.00130137 -0.000360763 0.000398383 0.00114596 0.000705837 0.00318328 -0.000617128 0.00140963 0.00573816 -0.000807689 0.00875
internal_weight=263501 256186 19125 2451 237061 232443 132046 100397 40088 33009 9530 4484 5046 3586 1460 7315 1596 91958 4618 730 90946 10141 5899 5072 311 16674 1433 359 15241 376
internal_count=263501 256186 19125 2451 237061 232443 132046 100397 40088 33009 9530 4484 5046 3586 1460 7315 1596 91958 4618 730 90946 10141 5899 5072 311 16674 1433 359 15241 376
is_linear=0
shrinkage=0.05


Tree=100
num_leaves=31
num_cat=0
split_feature=29 0 29 18 0 28 0 26 5 29 23 29 26 29 18 0 5 20 16 23 21 23 9 0 16 7 0 29 18 5
split_gain=6.62506 4.68831 3.50691 4.03401 3.16184 3.54018 5.85796 3.8155 3.32824 3.13145 2.73075 2.66296 2.92194 2.60908 2.52725 2.493 2.47427 2.46568 2.42916 2.46122 2.38355 2.3445 2.9846 2.24351 2.15387 2.33886 2.14374 2.10382 2.09748 2.08253
threshold=-0.64858629318584227 4.3895594239587075 0.8194000712106887 22.975506823943658 5.0517303177099064 20.500000000000004 4.4439066730957402 1.0000000180025095e-35 1.6129722275535059 -0.49619527688194393 1.5000000000000002 0.50996145482694988 1.0000000180025095e-35 -1.9534123769382994 11.664501020531697 4.6152523066285216 1.059601370114956 0.012633978948977347 0.054430764531600964 3.5000000000000004 27.500000000000004 5.5000000000000009 0.47931599416633969 5.5125765798679067 0.38466096934478172 0.2131333887832296 4.6603476403907047 2.1505055889027402 1.4887696960900234 4.1755266833202755
decision_type=2 2 2 2 2 2 2 2 2 2 2 2 2 2 2 2 2 2 2 2 2 2 2 2 2 2 2 2 2 2
left_child=4 9 11 26 5 8 -7 13 18 -2 -11 12 29 15 28 -8 -15 -14 19 -1 23 24 -23 -13 -19 -26 -4 -5 -6 -3
right_child=1 2 3 27 14 6 7 -9 -10 10 -12 20 17 16 -16 -17 -18 21 -20 -21 -22 22 -24 -25 25 -27 -28 -29 -30 -31
leaf_value=0.00094223002874968824 0.00070088990887032286 3.682356989892947e-05 0.00010095445673703244 -0.0063364192638313294 0.00088799978269349855 0.00049653290790196882 -0.0087228394987646906 -0.0046587501448402627 0.00011595032922101018 -0.0070017120113536196 0.00017689080739954471 0.0029195121562288341 -0.0021572292819881556 0.00010821163235169211 0.00053090933068624313 -0.0020949023411945453 -0.00088489172110129484 -0.0015300184750180377 -0.00030889182251407621 -0.00091818842502450941 -0.002831167959223153 -0.002072581717489952 0.0036204679826440573 0.00074436046105418388 0.0067076994351243898 -0.00013204471793664278 -7.780392623635026e-05 -0.0015644486861116445 -0.00061803354439786797 -0.00064278160532239489
leaf_weight=514 346 165841 1187 273 707 485 619 1492 9203 170 650 3666 1883 3704 2264 3673 10465 4577 19496 400 207 556 1035 6365 61 6689 7908 3665 2983 2248
leaf_count=514 346 165841 1187 273 707 485 619 1492 9203 170 650 3666 1883 3704 2264 3673 10465 4577 19496 400 207 556 1035 6365 61 6689 7908 3665 2983 2248
internal_value=-8.43796e-05 4.59666e-05 2.80854e-05 -0.000765748 -0.000566913 -0.000696489 -0.00120266 -0.00133464 -0.000347144 0.00320755 0.00152439 8.16563e-05 3.77282e-05 -0.00113807 0.000522339 -0.00221808 -0.000810925 -0.000635767 -0.000703086 0.00181619 0.000866381 -0.000389379 0.00140792 0.000975975 -0.000641829 -7.40735e-05 -0.000186915 -0.00210259 -0.000284552 9.70325e-05
internal_weight=263332 207327 206161 13033 56005 50051 20438 19953 29613 1166 820 193128 182890 18461 5954 4292 14169 14801 20410 914 10238 12918 1591 10031 11327 6750 9095 3938 3690 168089
internal_count=263332 207327 206161 13033 56005 50051 20438 19953 29613 1166 820 193128 182890 18461 5954 4292 14169 14801 20410 914 10238 12918 1591 10031 11327 6750 9095 3938 3690 168089
is_linear=0
shrinkage=0.05


Tree=101
num_leaves=31
num_cat=0
split_feature=29 19 0 24 26 21 22 24 0 24 13 18 27 4 18 28 22 24 18 0 5 23 18 0 24 0 4 17 24 0
split_gain=9.34508 4.78125 5.0223 4.54723 4.51104 3.88488 3.64893 3.93852 3.53134 4.52244 3.54165 3.51255 5.22381 3.55768 3.35227 3.40918 6.6026 3.32603 4.72236 3.29855 3.02925 3.12619 3.06355 3.01456 3.0011 2.94652 2.93705 2.85622 2.77902 2.70893
threshold=-1.2530839403026801 33.433507884216034 4.9859457890483005 14.500000000000002 1.0000000180025095e-35 33.500000000000007 9.5000000000000018 8.5000000000000018 4.5486059994538381 9.5000000000000018 0.24669957163906123 6.1663099423067758 23.500000000000004 -0.4038596509380315 0.054903876563013647 11.500000000000002 4.5000000000000009 1.5000000000000002 9.3195215921371357 4.6851294144313123 1.4211559146037642 3.5000000000000004 14.405193574437424 4.5208249664032918 28.500000000000004 4.3895594239587075 -0.042004369786435784 4.5000000000000009 4.5000000000000009 4.5311910660572687
decision_type=2 2 2 2 2 2 2 2 2 2 2 2 2 2 2 2 2 2 2 2 2 2 2 2 2 2 2 2 2 2
left_child=1 6 3 25 5 14 7 28 17 -10 -11 12 -6 -14 15 -2 -17 18 -7 27 21 22 -4 26 -16 -3 -19 -5 -1 -8
right_child=4 2 20 19 11 8 29 -9 9 10 -12 -13 13 -15 24 16 -18 23 -20 -21 -22 -23 -24 -25 -26 -27 -28 -29 -30 -31
leaf_value=-9.036789783373158e-05 -4.6254410899567892e-05 0.0031723349809377973 0.00036382197546665652 0.00091512373712936135 -0.00049909229030409416 1.1156383095727451 0.00037894550777478738 7.5389222765707254e-05 -0.0010261738029561757 8.18535169584119e-05 -0.00046888401727239047 -0.0012590630086836306 0.0012344883164224761 0.00023048310024200412 7.3273964684426147e-05 0.0012426919096533819 -9.160833540532738e-05 8.9526471935338827e-05 0.00019071138129298025 0.00031211859908795899 -0.00070919437520069854 -9.7915366112474769e-05 0.0022758777392219323 0.00019709562961123608 -8.0344936584179951e-05 -0.0036530678272920637 -0.00014422642133333103 -0.0018329291905317343 0.0019837537353452309 -0.0011133891848824427
leaf_weight=120 961 55 193 448 10221 52 148 1291 7628 11379 10597 7838 149 270 167211 89 1104 621 102 2314 997 367 317 451 22014 9892 1048 2182 380 3357
leaf_count=120 961 55 193 448 10221 52 148 1291 7628 11379 10597 7838 149 270 167211 89 1104 621 102 2314 997 367 317 451 22014 9892 1048 2182 380 3357
internal_value=-0.000128167 -0.00111328 -0.00152699 -0.00183399 -3.82644e-05 2.38744e-05 0.000196375 0.00203238 -0.000487169 -0.000633022 -0.000268929 -0.000789046 -0.000197368 0.00527446 0.000108999 -0.00185237 -6.70572e-05 0.00141161 0.00850649 -0.00059466 0.000912487 0.00305587 0.00558824 0.000896227 0.000131326 -0.00244998 -8.3882e-05 -0.00180608 0.0058 -0.000741797
internal_weight=263796 22061 16765 14891 241735 223257 5296 1791 31878 29604 21976 18478 10640 419 191379 2154 1193 2274 154 4944 1874 877 510 2120 189225 9947 1669 2630 500 3505
internal_count=263796 22061 16765 14891 241735 223257 5296 1791 31878 29604 21976 18478 10640 419 191379 2154 1193 2274 154 4944 1874 877 510 2120 189225 9947 1669 2630 500 3505
is_linear=0
shrinkage=0.05


Tree=102
num_leaves=31
num_cat=0
split_feature=0 0 29 18 28 0 24 24 17 18 22 18 11 21 21 2 28 0 21 21 19 6 16 21 28 28 29 1 0 24
split_gain=6.834 6.23719 4.8523 4.03101 3.81256 3.68258 2.89935 10.5331 6.44997 5.21271 5.27318 7.55739 4.73462 4.44049 4.80075 3.87856 7.60551 3.83624 3.20772 3.86275 4.50806 4.40188 3.82889 3.059 3.82942 3.09772 2.81681 2.7906 2.96315 2.76718
threshold=5.1286703667030071 4.3895594239587075 -1.9534123769382994 56.5969227937276 1.0000000180025095e-35 4.6098625740792736 7.5000000000000009 14.500000000000002 4.5000000000000009 4.0296970121165101 19.500000000000004 12.560022105663213 0.53136107436404711 25.500000000000004 34.500000000000007 -0.02910994880725061 4.5000000000000009 4.6344336593550848 27.500000000000004 33.500000000000007 19.321961950197352 1.0000000180025095e-35 3.3505732793670053 31.500000000000004 23.500000000000004 7.5000000000000009 4.4656086771559433 117.00000000000001 4.9798296441859744 8.5000000000000018
decision_type=2 2 2 2 2 2 2 2 2 2 2 2 2 2 2 2 2 2 2 2 2 2 2 2 2 2 2 2 2 2
left_child=1 4 5 6 -1 -3 9 8 13 -4 11 15 27 -8 29 -11 -17 26 -9 21 -21 -20 -22 24 25 -14 -13 -12 -29 -15
right_child=-2 2 3 -5 -6 -7 7 18 -10 10 12 17 23 14 -16 16 -18 -19 19 20 22 -23 -24 -25 -26 -27 -28 28 -30 -31
leaf_value=0.00062712312147032278 0.00017123840288984002 -0.0072656093588568393 -4.8269433964191088e-05 -0.0013604817595015833 0.00020761766428197063 -0.0012866432010979327 0.0067456658538801173 -0.00044269679472402928 -0.00061422985844386633 7.2828260819842152e-05 0.00057883828483203928 0.00028508171584091293 0.0006782614298912555 -0.0016284865601890132 0.00012130173173049485 1.6543901377018175e-07 0.00046714659729881793 -0.00095898117122152494 -0.00010823172320327541 6.8043181891928777e-05 -0.00037697259454776556 5.001663337915963e-05 -0.0019214367151344112 0.00027825423513779863 0.0022343767512639566 -0.0011444039553640082 -0.0035612397967898671 9.9815173938572075e-05 -0.0013546359280218528 -0.0063425923496162051
leaf_weight=86 129394 1004 3224 5058 1988 7963 71 3705 15333 3676 996 1350 1369 683 922 177 135 6168 1146 4949 12189 48652 2262 1074 431 306 369 3312 909 4507
leaf_count=86 129394 1004 3224 5058 1988 7963 71 3705 15333 3676 996 1350 1369 683 922 177 135 6168 1146 4949 12189 48652 2262 1074 431 306 369 3312 909 4507
internal_value=-0.000102996 -0.000353246 -0.000396013 -0.000314133 0.00236741 -0.0015189 -0.000254844 -0.000378525 -0.00135062 0.000242169 0.000539168 -0.000138947 0.00149815 -0.00271389 -0.00285831 0.00163491 0.00698718 -0.00103588 -9.1628e-05 -1.48842e-05 -0.000613401 0.000218282 -0.00105944 0.00301887 0.00412631 0.00304478 0.00105294 0.00057121 9.47702e-06 -0.00344894
internal_weight=263408 134014 131940 122973 2074 8967 117915 94419 21516 23496 20272 11875 8397 6183 6112 3988 312 7887 72903 69198 19400 49798 14451 3180 2106 1675 1719 5217 4221 5190
internal_count=263408 134014 131940 122973 2074 8967 117915 94419 21516 23496 20272 11875 8397 6183 6112 3988 312 7887 72903 69198 19400 49798 14451 3180 2106 1675 1719 5217 4221 5190
is_linear=0
shrinkage=0.05


Tree=103
num_leaves=31
num_cat=0
split_feature=10 24 24 0 17 21 3 24 4 0 27 27 21 24 19 21 17 29 0 28 29 27 19 4 0 7 21 27 21 27
split_gain=6.73699 7.28768 8.8392 7.90957 7.69666 6.43114 5.58536 5.3418 4.38724 4.94146 4.24198 10.6836 4.01323 3.83193 3.62375 3.57758 4.26599 3.88888 3.60932 6.51369 3.38565 3.27927 3.64104 3.1081 4.03184 3.40034 3.25437 4.34123 4.11279 3.20505
threshold=0.41666666666666674 14.500000000000002 7.5000000000000009 5.0690024785453636 4.5000000000000009 33.500000000000007 -0.2320489382201609 10.500000000000002 0.026500569984982073 5.0448809385801114 7.5000000000000009 20.500000000000004 36.500000000000007 8.5000000000000018 10.89295719486042 28.500000000000004 4.5000000000000009 -0.50430115810215981 4.3895594239587075 1.0000000180025095e-35 -0.74406408122561807 27.500000000000004 22.67454580729736 -0.48308019287008619 4.7324720776733296 1.1644602231055816 31.500000000000004 30.500000000000004 40.500000000000007 18.500000000000004
decision_type=2 2 2 2 2 2 2 2 2 2 2 2 2 2 2 2 2 2 2 2 2 2 2 2 2 2 2 2 2 2
left_child=-1 2 5 4 12 6 10 -5 21 -10 -2 -12 13 14 -4 -3 17 -17 19 -18 -9 -7 -23 24 26 -26 -20 29 -29 -28
right_child=1 15 3 7 -6 8 -8 20 9 -11 11 -13 -14 -15 -16 16 18 -19 23 -21 -22 22 -24 -25 25 -27 27 28 -30 -31
leaf_value=0.00024947861761619487 0.00047818173801115473 -0.00017371429693630825 0.0013906552711595089 -0.00074093643124367422 -0.0012541391489416186 -0.0013599248360801042 -7.8021738986609092e-05 0.0014520536632328578 0.00071039132035872869 -0.00058787758961921207 -0.0020447515870245757 7.4353182234836865e-05 0.00044777094376064939 -0.0073747837132175885 -0.0042533817107791739 0.00039226767348777707 0.00070687660343192677 1.773865428143551e-05 -6.7489873995927257e-05 0.00014744626341827466 0.00038961584663313762 0.00026721597103972048 -0.0024209541417789995 2.2694323303833913e-05 -3.3842345835487898e-05 0.0009020454970710541 -0.0011382413573328856 -6.4714686380900349e-05 0.0019853857484649412 -0.0026022417584594276
leaf_weight=120122 3799 9986 111 1761 17810 5989 2680 292 553 702 2541 11964 568 6017 889 8650 50 11438 8289 1468 1999 683 1157 25589 8851 1264 4726 1084 257 2410
leaf_count=120122 3799 9986 111 1761 17810 5989 2680 292 553 702 2541 11964 568 6017 889 8650 50 11438 8289 1468 1999 683 1157 25589 8851 1264 4726 1084 257 2410
internal_value=-0.00010747 -0.000338633 -0.000761992 -0.00137773 -0.00170506 -0.000158972 0.000322151 0.000673742 -0.00127036 0.0014741 0.000634288 0.000244744 -0.00303889 -0.00336611 -0.000499999 -3.88993e-05 8.08635e-05 0.000702908 -0.000150588 0.00225297 0.00226539 -0.00171031 0.00013587 -0.000220125 -0.000595587 0.000192784 -0.00107121 -0.00176006 0.000850112 -0.00225056
internal_weight=263699 143577 59515 29447 25395 30068 20984 4052 9084 1255 18304 14505 7585 7017 1000 84062 74076 20088 53988 1518 2291 7829 1840 52470 26881 10115 16766 8477 1341 7136
internal_count=263699 143577 59515 29447 25395 30068 20984 4052 9084 1255 18304 14505 7585 7017 1000 84062 74076 20088 53988 1518 2291 7829 1840 52470 26881 10115 16766 8477 1341 7136
is_linear=0
shrinkage=0.05


Tree=104
num_leaves=31
num_cat=0
split_feature=29 20 28 18 0 19 24 27 28 0 27 29 0 0 24 24 24 18 0 7 18 17 29 23 1 19 0 18 11 24
split_gain=6.52894 3.93747 4.05334 3.37444 3.32923 4.03532 3.27091 3.22387 4.48331 3.555 3.43299 4.11405 3.22229 3.11964 3.03948 2.98819 5.4639 5.09255 4.88871 4.41062 3.49596 3.2519 3.75663 2.93575 2.9011 2.81317 4.0869 3.69823 3.15257 2.9725
threshold=-2.0687998472287839 0.030106700139120073 29.500000000000004 0.80007067171630586 4.3895594239587075 33.433507884216034 4.5000000000000009 25.500000000000004 11.500000000000002 4.8882269033423915 5.5000000000000009 -0.15303629100651941 4.6207751646789132 4.6383966752493375 11.500000000000002 7.5000000000000009 14.500000000000002 27.617168420589575 4.7867880060511725 0.65182460058641867 7.1352487120704451 4.5000000000000009 -0.49619527688194393 1.5000000000000002 221.00000000000003 55.034487268139024 4.688499415564281 13.217980032204883 0.15236353585561158 24.500000000000004
decision_type=2 2 2 2 2 2 2 2 2 2 2 2 2 2 2 2 2 2 2 2 2 2 2 2 2 2 2 2 2 2
left_child=13 2 3 7 5 -5 -4 10 9 12 11 -2 -9 -1 -15 17 18 19 -17 -6 -21 22 -18 -24 -25 27 -27 28 -23 -28
right_child=1 -3 6 4 15 -7 -8 8 -10 -11 -12 -13 -14 14 -16 16 21 -19 -20 20 -22 25 23 24 -26 26 29 -29 -30 -31
leaf_value=-0.0057703883926875574 0.003047800453363855 3.4446958511748639e-05 -0.0069817950829488039 0.00047063550188014092 -0.00013200078426435017 0.00038066459820322048 -0.0010519693192495613 -6.2282318709707467e-05 0.0018176955503945128 -9.6261453007632524e-05 -3.0040068611352728e-05 -0.00083232225272755723 0.00015288106785213524 -0.0014731628628847334 0.00091502007313381184 -0.0029778809942811956 0.0003681652932369118 -0.00092239230618273169 -6.1196016380686617e-05 -0.00024473629826275538 0.00026655925312603536 0.00016397243988277362 0.00032006420265043517 -0.0010945729135644212 5.9927262442647269e-05 -0.00076649797928036989 0.00055432012552206569 -0.001825219119088629 -0.0011069967646222395 -0.0001856800236112095
leaf_weight=1551 201 181714 371 179 2829 947 3510 101 51 74 1599 109 613 5968 889 6820 6728 4004 3806 619 4949 2812 2655 3534 3123 7032 4858 3485 4306 4046
leaf_count=1551 201 181714 371 179 2829 947 3510 101 51 74 1599 109 613 5968 889 6820 6728 4004 3806 619 4949 2812 2655 3534 3123 7032 4858 3485 4306 4046
internal_value=-5.98894e-05 -1.4701e-05 -0.000323877 -0.000236039 -0.000306749 0.00238899 -0.00189642 0.00148108 0.00406436 0.00313452 0.000345731 0.00516129 0.00421569 -0.00143078 -0.000972728 -0.000353016 -0.000515928 0.00034594 -0.00153021 0.00104561 0.00186243 -0.000262805 0.000299252 -0.000351159 -0.000911822 -0.000602509 -0.000182605 -0.00123361 -0.000580219 0.000528976
internal_weight=263483 255075 73361 69480 66732 1126 3881 2748 839 788 1909 310 714 8408 6857 65606 53205 12401 10626 8397 5568 42579 16040 9312 6657 26539 15936 10603 7118 8904
internal_count=263483 255075 73361 69480 66732 1126 3881 2748 839 788 1909 310 714 8408 6857 65606 53205 12401 10626 8397 5568 42579 16040 9312 6657 26539 15936 10603 7118 8904
is_linear=0
shrinkage=0.05


Tree=105
num_leaves=31
num_cat=0
split_feature=29 18 0 0 24 24 28 24 28 11 0 0 24 0 19 24 12 19 29 4 24 0 0 7 9 6 16 9 29 6
split_gain=6.43276 4.82096 3.45328 3.00605 3.47945 3.19145 5.18156 3.13755 5.26777 3.43337 2.88822 4.41404 2.80985 2.74696 2.71643 2.66208 2.58083 2.45305 3.75026 3.50403 3.63967 4.19791 2.74174 2.44876 2.41715 2.68519 2.48958 2.41504 2.55564 2.37519
threshold=-2.1968687689319921 54.342627197387607 5.3011333813679853 4.5790689627974688 13.500000000000002 23.500000000000004 8.5000000000000018 14.500000000000002 7.5000000000000009 2.9554244374167769 4.4674786937065862 4.6098625740792736 11.500000000000002 5.5003400335032957 59.99486014821899 25.500000000000004 0.094938914965202029 13.092417466507916 -1.5062216332329936 -0.42032887886873266 7.5000000000000009 4.9097895749028941 4.8212977052136194 0.3844727184776095 0.77243950012047602 0.08327215003663524 0.013293539034011327 0.54851981106011838 -0.57590045483512864 0.053754574504335205
decision_type=2 2 2 2 2 2 2 2 2 2 2 2 2 2 2 2 2 2 2 2 2 2 2 2 2 2 2 2 2 2
left_child=10 2 3 4 -2 -6 -7 8 9 17 -1 -12 -3 27 24 16 23 18 22 20 -19 -22 -5 -9 25 -8 -27 -4 -29 -20
right_child=1 12 13 7 5 6 14 15 -10 -11 11 -13 -14 -15 -16 -17 -18 19 29 -21 21 -23 -24 -25 -26 26 -28 28 -30 -31
leaf_value=0.002550033597618359 0.00016686694921985785 -0.0045308178015545262 -0.0027144507706657155 0.0016339655353508496 -0.00012192273693468919 -1.5948301256791611e-05 -3.3521211000421311e-05 -0.000296272786807023 -0.00044080092511966933 0.00096741103587615626 -0.010207466303028233 -0.0013879507339356223 -0.00048973761544289821 0.000328670229881003 -0.00077656974645214604 -5.5228949086685863e-05 2.7950467849077847e-05 0.00010928990393389439 -3.1686224640728397e-05 -0.00026780899449793617 -0.0031353437238931265 0.0024443373929347156 0.00062847058340371521 0.00029442093543415287 -0.0021862395962052544 0.0007222116101444488 0.00019289952843123365 0.011475850624543427 0.0026367601699350957 0.00015577619837099489
leaf_weight=59 4270 1623 688 66 4565 3060 132 1352 30339 1008 792 6454 4998 50654 513 37837 53624 5529 423 12347 1534 184 86 11608 322 60 1340 91 7480 20581
leaf_count=59 4270 1623 688 66 4565 3060 132 1352 30339 1008 792 6454 4998 50654 513 37837 53624 5529 423 12347 1534 184 86 11608 322 60 1340 91 7480 20581
internal_value=-6.33105e-05 -2.16135e-05 1.36974e-05 -8.96314e-05 0.000608611 9.80791e-05 0.000917635 -0.000146047 -0.000399739 -3.54417e-05 -0.00152635 -0.00161606 -0.00135327 0.000348311 0.00267427 2.91135e-05 0.000219423 -0.000106748 0.000266592 -0.000509849 0.000362909 -0.00164726 0.00809211 0.000852624 0.00356526 0.00439295 0.00503571 0.00119385 0.00145159 0.000209961
internal_weight=263619 256314 249693 190780 14262 9992 5427 176518 72097 41758 7305 7246 6621 58913 2367 104421 66584 40750 21156 19594 7247 1718 152 12960 1854 1532 1400 8259 7571 21004
internal_count=263619 256314 249693 190780 14262 9992 5427 176518 72097 41758 7305 7246 6621 58913 2367 104421 66584 40750 21156 19594 7247 1718 152 12960 1854 1532 1400 8259 7571 21004
is_linear=0
shrinkage=0.05


Tree=106
num_leaves=31
num_cat=0
split_feature=28 0 17 27 24 21 24 0 12 11 18 22 27 19 22 17 22 4 4 22 21 0 4 21 20 17 22 18 20 13
split_gain=5.90849 4.67731 4.97483 4.0903 4.59383 4.44114 4.21852 3.57726 3.49188 5.35242 3.48698 4.39378 3.46123 4.83886 8.44891 3.88014 3.32117 3.30756 3.15813 2.57471 2.50135 2.49053 2.42018 2.36752 2.05718 1.9908 1.98787 5.55819 3.71998 2.81305
threshold=22.500000000000004 5.0026325636191329 6.5000000000000009 2.5000000000000004 14.500000000000002 34.500000000000007 8.5000000000000018 4.735226183131064 0.18186775209471476 0.51268057215435525 18.654576501014109 21.500000000000004 15.500000000000002 2.1354914317872797 12.500000000000002 8.5000000000000018 6.5000000000000009 -0.15954060733698083 -0.084281064188942365 2.5000000000000004 38.500000000000007 4.6786224635956151 -0.39457426753238528 37.500000000000007 0.70723773393373945 3.5000000000000004 8.5000000000000018 0.64252069234894893 0.090499224224633787 0.80650917765947039
decision_type=2 2 2 2 2 2 2 2 2 2 2 2 2 2 2 2 2 2 2 2 2 2 2 2 2 2 2 2 2 2
left_child=8 2 3 6 19 -6 10 -4 -1 12 23 -12 15 14 -14 -10 -15 21 20 -5 22 -8 -3 -2 -9 -7 27 -11 29 -29
right_child=1 18 7 4 5 25 17 24 9 26 11 -13 13 16 -16 -17 -18 -19 -20 -21 -22 -23 -24 -25 -26 -27 -28 28 -30 -31
leaf_value=5.9103191517236145e-05 0.00071818648889506397 0.0017959702463775703 0.00010393506749100401 -0.0056559121405286242 1.5383384085929448e-05 0.00092408070298141481 -0.003655401248635642 0.00043771631141303251 -0.00025332448993837142 0.0016740599888679132 -0.0032388823181477414 0.0023668361768281266 0.00046241668849386804 -0.0012124330392398058 -8.9826812948384232e-05 0.00040152532371652669 -0.00017144177009119116 -0.0042813466499399882 -0.00010706344050395059 -0.0027840018764849627 -0.0002901130241390962 0.00017697274960643751 0.00058083199707978535 -0.0057022790931048938 -0.0014920012334896935 -0.0014882891968307508 0.00021595112025041215 -0.0014789704137590286 0.00019486095668229167 0.00027754574199494408
leaf_weight=90608 1165 715 5204 728 5328 81 780 863 62235 72 433 371 236 6501 336 1192 20689 310 5002 8123 886 2249 2010 111 1572 3189 30837 5082 4672 1847
leaf_count=90608 1165 715 5204 728 5328 81 780 863 62235 72 433 371 236 6501 336 1192 20689 310 5002 8123 886 2249 2010 111 1572 3189 30837 5082 4672 1847
internal_value=-8.22613e-05 -0.000649284 -0.000939784 -0.00130882 -0.00168147 -0.000858339 -0.000108876 0.000164944 1.66296e-05 -0.000145775 0.00165865 -0.000920397 -0.000361775 -0.000827389 0.00372378 -0.000157976 -0.000923133 -0.00120994 0.000379659 -0.00248107 0.00150651 -0.000706503 0.00225688 0.0032837 -0.00141684 -0.00230887 0.000317573 -0.000238156 -0.000324109 -0.00105932
internal_weight=263427 39120 30507 22868 17449 8598 5419 7639 224307 133699 2080 804 91189 27762 572 63427 27190 3339 8613 8851 3611 3029 2725 1276 2435 3270 42510 11673 11601 6929
internal_count=263427 39120 30507 22868 17449 8598 5419 7639 224307 133699 2080 804 91189 27762 572 63427 27190 3339 8613 8851 3611 3029 2725 1276 2435 3270 42510 11673 11601 6929
is_linear=0
shrinkage=0.05


Tree=107
num_leaves=31
num_cat=0
split_feature=0 28 0 29 27 23 4 0 26 24 24 27 24 19 28 22 29 17 11 17 22 19 23 23 19 20 3 28 9 19
split_gain=5.58321 5.77653 6.06425 3.97417 3.72138 3.5618 3.45512 3.28395 3.23635 3.12175 3.98021 4.91191 3.7562 4.04347 3.4611 3.51954 3.02741 2.90455 2.86308 2.55604 2.42931 3.01123 2.41585 4.87272 2.40538 2.29724 2.28855 2.67424 2.48952 2.45136
threshold=4.3895594239587075 22.500000000000004 4.9296208115160445 -1.4571161936178669 23.500000000000004 1.0000000180025095e-35 0.25048996713075433 5.4965753906779726 1.0000000180025095e-35 1.5000000000000002 7.5000000000000009 5.5000000000000009 14.500000000000002 47.322143331148027 30.500000000000004 4.5000000000000009 -0.17608147380662598 8.5000000000000018 0.68523801880228752 4.5000000000000009 2.5000000000000004 6.9839222246380492 1.5000000000000002 2.5000000000000004 33.433507884216034 0.1948131520358202 0.016210950926025557 14.500000000000002 0.66796670467771635 18.251583207932853
decision_type=2 2 2 2 2 2 2 2 2 2 2 2 2 2 2 2 2 2 2 2 2 2 2 2 2 2 2 2 2 2
left_child=3 6 4 -1 8 -6 18 -8 9 -3 11 14 13 -12 15 -11 -17 -18 26 -15 21 -20 -9 25 -5 -24 -2 29 -29 -28
right_child=1 2 -4 24 5 -7 7 22 -10 10 12 -13 -14 19 -16 16 17 -19 20 -21 -22 -23 23 -25 -26 -27 27 28 -30 -31
leaf_value=0.0012375149290245358 -5.5191445932248634e-05 -0.004338577233478527 8.4139777816092e-05 0.00015691240531164294 0.00057365730706080038 9.8373044106640447e-05 0.0025349197420024366 -0.00088952360996301903 -0.0031224089692987907 -0.00039781819054374797 -0.001310228821420254 -0.0025503229613959757 -0.00016899179052991991 -0.010156260901806659 -0.0030068611011826907 0.00037166763731111426 0.0014237062778951941 -0.00037107426322271196 0.0016736796843674689 -0.0027842976674517933 0.00013262708324157982 -0.0011617840036195891 0.0042755600456094705 0.00021693139058560803 0.0001074809421946458 -0.0048932998745539963 0.0002429876708498768 0.00082425333435845536 -3.0484993104365878e-05 -0.00037583852307342927
leaf_weight=207 87999 703 12447 617 62 521 6788 7855 1653 387 3883 969 10174 1876 463 1155 808 153 395 3330 39819 2414 3867 16186 1267 122 41318 1462 1111 13722
leaf_count=207 87999 703 12447 617 62 521 6788 7855 1653 387 3883 969 10174 1876 463 1155 808 153 395 3330 39819 2414 3867 16186 1267 122 41318 1462 1111 13722
internal_value=-6.74161e-05 -8.79822e-05 -0.000652861 0.00250598 -0.00108543 0.00286449 9.72901e-06 0.000467288 -0.00117555 -0.00102757 -0.000928097 0.000520966 -0.00122411 -0.00196281 0.00153068 0.00226528 0.00306711 0.00514048 -7.49038e-05 -0.00287361 0.000285494 -0.00113563 0.000228327 0.000517968 0.00178344 0.00208323 -0.00018041 6.45694e-05 0.00164011 -9.08371e-06
internal_weight=263733 261642 38584 2091 26137 583 223058 34818 25554 23901 23198 3935 19263 9089 2966 2503 2116 961 188240 5206 42628 2809 28030 20175 1884 3989 145612 57613 2573 55040
internal_count=263733 261642 38584 2091 26137 583 223058 34818 25554 23901 23198 3935 19263 9089 2966 2503 2116 961 188240 5206 42628 2809 28030 20175 1884 3989 145612 57613 2573 55040
is_linear=0
shrinkage=0.05


Tree=108
num_leaves=31
num_cat=0
split_feature=20 17 28 0 6 13 22 19 7 26 19 16 27 18 24 29 27 28 24 28 13 24 12 28 24 0 5 17 29 18
split_gain=5.99833 4.45172 3.86108 5.10531 3.70375 5.07592 3.41986 7.26615 3.3712 3.16806 3.11464 3.2888 3.28447 3.009 2.8488 3.09926 3.05439 3.63921 2.79512 2.84095 2.63751 2.61932 2.90839 2.5831 2.52156 3.86802 4.78986 2.75437 3.29208 3.84925
threshold=0.020434079988732284 9.5000000000000018 20.500000000000004 4.8212977052136194 1.9524119417911521 0.22035102057653758 5.5000000000000009 1.050797484154723 0.76790412908075745 1.0000000180025095e-35 32.950495864843944 3.5231002308095758 28.500000000000004 0.032754806929359996 1.5000000000000002 -1.7690543140210224 2.5000000000000004 30.500000000000004 8.5000000000000018 30.500000000000004 0.85984188221753721 13.500000000000002 0.53693820936836689 5.5000000000000009 10.500000000000002 4.735226183131064 3.1112395439170961 8.5000000000000018 -1.0072396594512696 2.8272105190373176
decision_type=2 2 2 2 2 2 2 2 2 2 2 2 2 2 2 2 2 2 2 2 2 2 2 2 2 2 2 2 2 2
left_child=1 2 4 9 5 8 7 -7 -1 14 11 20 23 -5 -4 -16 18 -18 19 -17 21 -3 -23 -12 25 27 -27 -2 -29 -30
right_child=24 10 3 13 -6 6 -8 -9 -10 -11 12 -13 -14 -15 15 16 17 -19 -20 -21 -22 22 -24 -25 -26 26 -28 28 29 -31
leaf_value=-0.00011227774600141378 0.00041452356090828171 -2.5670403786378336e-05 -0.0046210075730185353 0.0031210548410369166 0.00036671670817866307 0.00044860505085748292 -0.00033874687741229686 -0.0014170224591607233 8.4618973446591816e-05 -0.0063586626160632327 -0.009769708414219801 -0.0031285431678903077 0.0015597140176567981 0.00046265287902207629 -0.0029725132975589709 0.00089757742144653218 -0.00055440066022707096 -0.0024471155755673695 -0.00064019568915273366 -0.0053357883200960575 0.00096248441425405738 0.0010765183927192857 0.00015244543038299326 0.00037136243733199985 6.3386036561862674e-05 -4.9427897139947631e-05 -0.00093952982421296278 0.00058025987821922463 0.00019488307985187506 -9.3865732278846484e-05
leaf_weight=6489 637 81 502 76 4556 65 20683 5323 13111 826 218 114 138 1961 3646 899 10380 1318 1575 123 55 112 79 995 131837 51743 3324 560 172 2247
leaf_count=6489 637 81 502 76 4556 65 20683 5323 13111 826 218 114 138 1961 3646 899 10380 1318 1575 123 55 112 79 995 131837 51743 3324 560 172 2247
internal_value=-7.94021e-05 -0.000463688 -0.000525351 -0.00108936 -0.000286101 -0.000421711 -0.000878754 -0.00200074 0.000186225 -0.00134101 0.00199777 0.00564626 0.00080681 0.00129111 -0.00120533 -0.00110139 -0.000769499 -0.00111387 0.000781672 0.002818 0.00819572 0.00617647 0.00937173 -2.47315e-05 6.84973e-05 -0.000204147 -0.000308169 0.00137998 0.00074186 -5.78746e-05
internal_weight=263845 73325 71533 21306 50227 45671 26071 5388 19600 19269 1792 441 1351 2037 18443 17941 14295 11698 2597 1022 327 272 191 1213 190520 58683 55067 3616 2979 2419
internal_count=263845 73325 71533 21306 50227 45671 26071 5388 19600 19269 1792 441 1351 2037 18443 17941 14295 11698 2597 1022 327 272 191 1213 190520 58683 55067 3616 2979 2419
is_linear=0
shrinkage=0.05


Tree=109
num_leaves=31
num_cat=0
split_feature=4 26 0 4 0 24 24 0 18 0 22 18 19 27 27 11 3 0 19 27 1 22 18 13 14 6 4 19 6 27
split_gain=5.752 4.70443 4.72056 3.91107 2.60077 2.76644 9.14526 6.83136 5.49029 4.58348 4.07399 7.68837 7.18728 2.78163 3.96608 3.07829 2.65461 2.60304 4.7947 3.99998 3.8838 3.67558 5.04518 3.62384 3.33388 2.98372 2.97083 3.13977 2.82703 2.59534
threshold=0.027694855897018519 1.0000000180025095e-35 4.7607705584681321 -0.17182479100248296 4.4674786937065862 10.500000000000002 8.5000000000000018 5.0321893123531218 42.406654588276702 4.9435104813910415 20.500000000000004 20.936565974487191 40.162470820005133 2.5000000000000004 24.500000000000004 2.6613997082239762 0.2014297962332233 4.725996250845899 59.99486014821899 20.500000000000004 149.00000000000003 5.5000000000000009 0.64252069234894893 0.16014301357048588 12.170365494167324 0.022843246169900296 -0.10389939157331902 0.65023692081831774 0.34095917299510076 24.500000000000004
decision_type=2 2 2 2 2 2 2 2 2 2 2 2 2 2 2 2 2 2 2 2 2 2 2 2 2 2 2 2 2 2
left_child=1 4 3 -3 -1 6 8 -8 9 10 11 -6 -12 -14 -15 -16 -11 26 19 24 -21 22 23 -22 -19 -20 -7 -28 -23 -4
right_child=-2 2 29 -5 5 17 7 -9 -10 16 12 -13 13 14 15 -17 -18 18 25 20 21 28 -24 -25 -26 -27 27 -29 -30 -31
leaf_value=9.1788855118400632e-05 0.00022212514781869022 -0.0041961798325133295 -0.00076151037355950491 0.0008258367950004725 8.5154162626256352e-05 -0.00011313742586273594 -0.0045466959859156945 2.7617798660478806e-05 -0.0025238852365221777 -7.8935106329066309e-05 -4.4193194087220459e-05 -0.0012639889454886021 0.0022941345401786251 0.00034135779956202713 0.00080822465857621675 0.0015985436110538221 -0.0019294700603566214 1.4857737253647756e-05 0.0025592503914540969 -0.00011939327248899957 -3.1276714243586374e-06 -0.00024817858341251371 -0.0011486669448958617 0.00077921083175792947 0.0018056850313679198 0.00022385885299478736 -8.679479887062091e-05 8.617635760852131e-05 0.00020543196931295199 0.00058315557311588127
leaf_weight=4683 101539 2579 8257 190 7926 29599 6271 3079 3174 15357 2574 3904 567 1940 1737 353 608 33491 75 2886 141 930 1104 69 92 24348 146 2436 2518 1263
leaf_count=4683 101539 2579 8257 190 7926 29599 6271 3079 3174 15357 2574 3904 567 1940 1737 353 608 33491 75 2886 141 930 1104 69 92 24348 146 2436 2518 1263
internal_value=-3.35809e-05 -0.000218241 -0.00115876 -0.0029758 -0.000141192 -0.000178565 -0.000491682 -0.00189305 -0.000148138 3.26037e-05 0.00055734 -1.2679e-05 0.0014977 0.00268218 0.00222084 0.00373206 -0.000591919 -2.65748e-05 0.00015399 -0.000174868 -0.00120685 -0.000329693 -0.00257991 0.00452381 6.01501e-05 0.000709168 -0.000394953 0.0012316 0.000527843 -0.000630252
internal_weight=263836 162297 12289 2769 150008 145325 47490 9350 38140 34966 19001 11830 7171 4597 4030 2090 15965 97835 65654 41231 7648 4762 1314 210 33583 24423 32181 2582 3448 9520
internal_count=263836 162297 12289 2769 150008 145325 47490 9350 38140 34966 19001 11830 7171 4597 4030 2090 15965 97835 65654 41231 7648 4762 1314 210 33583 24423 32181 2582 3448 9520
is_linear=0
shrinkage=0.05


Tree=110
num_leaves=31
num_cat=0
split_feature=28 0 0 26 24 29 0 21 24 11 12 12 29 2 22 12 22 24 27 21 20 0 7 9 24 9 15 15 21 18
split_gain=4.9694 3.32883 3.53696 2.98383 3.28832 3.19391 3.40254 2.768 2.79223 2.76516 4.4264 3.67299 3.05121 2.82059 2.69605 2.49591 2.81625 2.35269 3.16115 2.28969 2.75482 2.76086 2.54335 2.38858 2.27132 2.2435 2.0981 2.09286 2.44244 2.05891
threshold=22.500000000000004 4.4439066730957402 5.0026325636191329 1.0000000180025095e-35 15.500000000000002 -1.5062216332329936 4.6786224635956151 28.500000000000004 5.5000000000000009 0.68523801880228752 0.18186775209471476 3.8093374239708484 -0.54786112144431576 -1.0793467092919162 26.500000000000004 0.15083222320180192 7.5000000000000009 2.5000000000000004 27.500000000000004 38.500000000000007 0.71655497229069254 5.1641680755971233 0.76134196649763342 0.59878050574214192 20.500000000000004 0.84916852147817357 1.0000000180025095e-35 19.500000000000004 31.500000000000004 8.5080550058377042
decision_type=2 2 2 2 2 2 2 2 2 2 2 2 2 2 2 2 2 2 2 2 2 2 2 2 2 2 2 2 2 2
left_child=9 29 3 5 -5 6 -3 8 -7 10 -1 -11 -12 14 -13 16 -6 18 -9 22 21 -21 26 -22 -15 27 -4 28 -14 -2
right_child=1 2 19 4 15 7 -8 17 -10 11 12 13 25 24 -16 -17 -18 -19 -20 20 23 -23 -24 -25 -26 -27 -28 -29 -30 -31
leaf_value=4.8764250183534577e-05 -5.7144533584531913e-05 -0.0046547112482776777 0.00075161019282978837 -0.007168349527425154 0.0062555532908934348 0.0008724765191255061 -0.0011798203071580449 -0.0031727518953788992 -1.8373741580300648e-06 0.00010036779383882883 -0.00047506915763020078 0.00089872649246954266 -3.8717085444578112e-05 0.00052842728077258448 -0.0024319653761315195 -0.0018105556197832336 0.00010362349448016524 -0.00018770603141124269 1.1497757832528435 -0.0011120188359435587 -0.00022889138561764467 0.00080924249379271467 0.001881823434818527 0.0012359000955368897 0.0033258031537457045 -0.0018215384945023646 2.4919546598217568e-05 0.00024232486047191532 -0.00051129598612552481 0.00029688407421071404
leaf_weight=74881 218 1965 881 959 56 553 3789 968 1056 47281 20449 1277 70417 53 220 671 437 18904 65 1047 626 232 378 207 54 535 5216 1695 8153 873
leaf_count=74881 218 1965 881 959 56 553 3789 968 1056 47281 20449 1277 70417 53 220 671 437 18904 65 1047 626 232 378 207 54 535 5216 1695 8153 873
internal_value=-5.79664e-05 -0.000578245 -0.000656406 -0.000916969 -0.00272256 -0.000776556 -0.00182308 -0.000497075 0.00149783 3.24429e-05 -5.98983e-05 0.000365143 -0.000275459 0.00271821 0.00215765 -0.000936426 0.00176471 -0.000658072 -0.00298161 0.000236404 -0.00119318 -0.00265051 0.000702703 0.00104442 0.0105607 -0.000137376 0.000455963 -0.000115866 -0.000153366 0.00214482
internal_weight=264116 39101 38010 29423 2123 27300 5754 21546 1609 225015 176130 48885 101249 1604 1497 1164 493 19937 1033 8587 2112 1279 6475 833 107 80800 6097 80265 78570 1091
internal_count=264116 39101 38010 29423 2123 27300 5754 21546 1609 225015 176130 48885 101249 1604 1497 1164 493 19937 1033 8587 2112 1279 6475 833 107 80800 6097 80265 78570 1091
is_linear=0
shrinkage=0.05


Tree=111
num_leaves=31
num_cat=0
split_feature=29 29 11 6 19 29 19 20 28 24 15 18 18 18 0 19 17 6 0 3 6 27 21 13 0 29 11 28 27 24
split_gain=4.62323 3.64573 3.15863 2.94172 3.35576 2.72438 4.90378 6.38363 4.87432 3.9773 3.11748 2.72903 2.70165 2.65028 2.55187 2.66606 2.5077 2.31485 4.23408 3.33491 2.46443 2.5211 2.77441 2.21108 2.34591 2.16593 2.16346 2.10553 2.50361 2.5198
threshold=-2.1968687689319921 0.8194000712106887 0.13779891329200353 1.0000000180025095e-35 44.203173123004881 -0.11661615340548669 47.322143331148027 0.70710804862122645 7.5000000000000009 5.5000000000000009 9.5000000000000018 25.51950395513769 5.7005334325441241 2.1578333170927175 4.3895594239587075 32.950495864843944 4.5000000000000009 0.13740258865825686 4.6046610299420534 -0.8909393653097758 1.9524119417911521 7.5000000000000009 28.500000000000004 2.777068318338022 4.6383966752493375 -0.076288753815791491 0.029282661969955132 1.0000000180025095e-35 26.500000000000004 27.500000000000004
decision_type=2 2 2 2 2 2 2 2 2 2 2 2 2 2 2 2 2 2 2 2 2 2 2 2 2 2 2 2 2 2
left_child=-1 3 -3 4 -2 13 7 -7 -9 10 25 12 -11 -5 15 -15 -6 18 19 26 23 22 -22 -19 -25 -8 -16 -17 29 -29
right_child=1 2 -4 5 16 6 9 8 -10 11 -12 -13 -14 14 17 27 -18 20 -20 -21 21 -23 -24 24 -26 -27 -28 28 -30 -31
leaf_value=-0.0014284681514841651 -7.2666203698314643e-05 2.9750875040214304e-05 -0.00097123271351586568 8.2503135658809184e-05 3.9163999053580658e-05 0.00017604651104500613 0.00010172221390351781 -9.6756335435555519e-05 -5.2197305531857493e-05 0.0016041874040869039 0.0010903383306751194 0.00062479841287373735 4.0887672441150238e-05 0.00019901521738532196 0.0008194852450448683 0.00040554293426676362 0.001815710119036645 -0.00011371770479176572 8.2116504047321539e-05 0.00020079270830826624 0.0033376341843514381 0.00042954552102084169 -0.0016896403019179386 0.00018909913125655472 -0.00093264798138932353 0.00066760791300988988 0.0044273008613373637 2.593765766515829e-05 -0.014168509603856724 0.0008334336436415711
leaf_weight=7314 2122 4609 8680 15455 121 99147 774 1371 3110 60 373 1611 6477 372 52 51 67 91108 6931 224 121 4855 1014 963 4633 1035 52 845 185 174
leaf_count=7314 2122 4609 8680 15455 121 99147 774 1371 3110 60 373 1611 6477 372 52 51 67 91108 6931 224 121 4855 1014 963 4633 1035 52 845 185 174
internal_value=-7.84743e-05 -4.31418e-05 -0.000849574 9.04818e-07 -0.00177489 1.79264e-05 0.000195423 9.18677e-05 -0.00175407 0.00123427 0.00313016 0.000726559 0.000272297 -0.000141299 -0.000226294 0.0017394 0.00462766 -0.000255381 0.000607522 0.00615854 -0.000316376 0.00066778 -0.00145374 -0.000377336 -0.00134203 0.00227197 0.0135577 0.000637451 0.000215947 0.00118744
internal_weight=263906 256592 13289 243303 2310 240993 113958 103628 4481 10330 2182 8148 6537 127035 111580 1627 188 109953 7259 328 102694 5990 1135 96704 5596 1809 104 1255 1204 1019
internal_count=263906 256592 13289 243303 2310 240993 113958 103628 4481 10330 2182 8148 6537 127035 111580 1627 188 109953 7259 328 102694 5990 1135 96704 5596 1809 104 1255 1204 1019
is_linear=0
shrinkage=0.05


Tree=112
num_leaves=31
num_cat=0
split_feature=0 29 29 18 0 5 0 4 1 29 0 29 9 29 7 11 16 27 5 7 11 20 10 18 16 4 0 18 6 22
split_gain=4.63248 4.35501 4.05662 3.45908 3.36129 2.91619 2.56667 2.42699 2.5846 2.61313 2.51382 3.70415 2.11525 3.47012 2.51723 2.09264 2.71966 2.03478 2.03081 1.9919 1.99425 1.982 1.9618 1.89757 1.89731 2.13266 2.46246 2.23822 2.8454 1.87105
threshold=4.4439066730957402 -1.4571161936178669 -2.8294749043545768 54.342627197387607 4.7229765984487448 3.9776275099879572 4.6098625740792736 0.027694855897018519 105.00000000000001 0.24469882651462146 5.0195808124667609 -0.12014600800388249 0.51623125470053466 2.1505055889027402 0.50521414319686875 2.8436285499473768 5.2250839448840321 27.500000000000004 1.156743766152758 0.76134196649763342 0.32585017068046518 0.72054207635881962 0.11666666666666668 9.3195215921371357 1.316230349320306 -0.11932000595756591 4.9435104813910415 15.371277410323176 0.37868525626541921 30.500000000000004
decision_type=2 2 2 2 2 2 2 2 2 2 2 2 2 2 2 2 2 2 2 2 2 2 2 2 2 2 2 2 2 2
left_child=1 -1 6 5 -5 7 -2 8 10 -10 11 29 13 -11 22 24 -17 -8 -12 -7 -21 -20 -14 -19 25 26 -13 -27 -29 -4
right_child=2 -3 3 4 -6 19 17 -9 9 12 18 15 14 -15 -16 16 -18 23 21 20 -22 -23 -24 -25 -26 27 -28 28 -30 -31
leaf_value=0.0011086599523934542 -0.010933503895446235 8.14747679801434e-05 7.7762599742182219e-05 -0.0016592190898953392 0.0004685609780321258 -0.00075258280028041833 -0.0016029345541998157 0.00017113551638972199 -2.7231621629696581e-05 -0.0025780855598462713 0.00040624346411638907 0.001085515360703391 -0.0043446776260267026 -7.4371570925332831e-05 -0.00080793153468282125 0.0019147085309523431 0.00015478580107644056 0.0017456669032597594 -9.7609708997200379e-05 0.0016490820133200569 -0.00051044926959779629 0.00046476806944667926 0.0028396021202316173 -0.00065459254349934607 2.5596008888870495e-05 -2.7578717778696501e-05 0.00012174936787026309 0.002444024493417084 0.00031076999226480094 -0.0024299824125430551
leaf_weight=278 507 3915 2843 4970 1398 4229 2834 99564 117020 4213 5551 313 236 7805 1226 53 56 275 2429 194 164 539 748 609 434 297 128 62 133 447
leaf_count=278 507 3915 2843 4970 1398 4229 2834 99564 117020 4213 5551 313 236 7805 1226 53 56 275 2429 194 164 539 748 609 434 297 128 62 133 447
internal_value=-6.98366e-05 0.00157882 -9.64985e-05 -7.10437e-05 -0.00122173 -4.15783e-05 -0.00163314 -1.8107e-05 -0.000148962 -0.000216231 0.00051562 0.00143517 -0.000856058 -0.00111749 0.000565611 0.00351626 0.0101835 -0.00117805 1.17444e-06 -0.0012906 0.0022905 -0.00105458 0.00244919 0.00091629 0.00298464 0.00425509 0.00678005 0.00199187 0.00615385 0.00050152
internal_weight=263470 4193 259277 255052 6368 248684 4225 244097 144533 131248 13285 4766 14228 12018 2210 1476 109 3718 8519 4587 358 2968 984 884 1367 933 441 492 195 3290
internal_count=263470 4193 259277 255052 6368 248684 4225 244097 144533 131248 13285 4766 14228 12018 2210 1476 109 3718 8519 4587 358 2968 984 884 1367 933 441 492 195 3290
is_linear=0
shrinkage=0.05


Tree=113
num_leaves=31
num_cat=0
split_feature=26 0 4 20 28 0 0 0 13 7 19 18 0 12 19 22 22 2 22 6 28 2 24 18 22 13 28 6 0 0
split_gain=4.42345 3.83076 6.23376 3.16391 3.23026 5.93331 2.90321 3.34243 2.89694 2.88011 3.79644 3.22469 4.70095 2.6321 2.56467 2.53528 2.48658 2.47513 2.4713 4.21338 2.8836 2.45538 2.93041 2.41914 2.86009 5.78344 3.46234 2.38358 2.35472 2.33992
threshold=1.0000000180025095e-35 4.7482908581751948 -0.15598872721949522 0.020434079988732284 22.500000000000004 4.8255613764400245 4.6344336593550848 4.3895594239587075 0.15581412240436313 0.76134196649763342 25.153835959944125 14.405193574437424 4.7607705584681321 3.2623903950894309 4.5672303942784565 8.5000000000000018 15.500000000000002 -1.2538136050197781 8.5000000000000018 0.1205827845631116 16.500000000000004 -0.58078522006601885 27.500000000000004 0.096941918992014112 8.5000000000000018 0.026825385527065589 11.500000000000002 2.6742267498477394 4.7682863635691586 4.7324720776733296
decision_type=2 2 2 2 2 2 2 2 2 2 2 2 2 2 2 2 2 2 2 2 2 2 2 2 2 2 2 2 2 2
left_child=3 2 -2 4 8 6 7 -6 9 28 -11 12 16 14 -10 -13 17 -12 19 -16 -21 -7 -23 24 25 -5 -27 -3 -1 -25
right_child=1 27 -4 23 5 21 -8 -9 13 10 11 15 -14 -15 18 -17 -18 -19 -20 20 -22 22 -24 29 -26 26 -28 -29 -30 -31
leaf_value=-0.00012150966501464495 -0.0042612669821317463 -0.00041160950421955306 0.0008517015293652224 -3.0811993799283352e-05 0.0014294256464782015 0.0025405311474526043 -0.0005922562604785749 -0.0029697688323545505 0.0002061718874317037 -4.6341855798429222e-05 0.00097090199461713879 -0.00055581780223938485 6.6499205978402539e-06 0.00041977305417620055 0.00085091518041044596 0.0007340823425365621 0.00031838896987296765 0.00029774800817814037 -0.00010912744915871628 -0.0010363115292880973 5.4834790510459681e-05 -0.00053191624045403614 0.0026704736049445138 5.457359454780943e-05 -8.6611539997519642e-05 6.3074827894090955e-05 0.002673217099534414 0.0066296815866051231 0.00017020622903656665 4.4593796148158276e-05
leaf_weight=2120 2365 16820 307 550 186 772 12318 2950 1371 1904 87 1587 981 3605 65 3780 769 892 22283 7899 2933 572 72 13366 2373 144 109 52 2500 158390
leaf_count=2120 2365 16820 307 550 186 772 12318 2950 1371 1904 87 1587 981 3605 65 3780 769 892 22283 7899 2933 572 72 13366 2373 144 109 52 2500 158390
internal_value=-5.08093e-05 -0.000774662 -0.00253368 7.03312e-06 -0.000277977 -0.00088026 -0.0011641 -0.00252232 -8.54549e-05 0.000512996 0.000990001 0.00146245 0.00286185 -0.00031476 -0.000448901 0.000750886 0.00441648 0.00608785 -0.000536467 -0.00115353 -0.00122969 0.00221751 -6.21112e-05 0.000120505 -0.00124685 0.0013325 0.00758893 -0.000496088 -0.00051948 0.000145789
internal_weight=264122 19544 2672 244578 69646 16870 15454 3136 52776 14620 10000 8096 2729 38156 34551 5367 1748 979 33180 10897 10832 1416 644 174932 3176 803 253 16872 4620 171756
internal_count=264122 19544 2672 244578 69646 16870 15454 3136 52776 14620 10000 8096 2729 38156 34551 5367 1748 979 33180 10897 10832 1416 644 174932 3176 803 253 16872 4620 171756
is_linear=0
shrinkage=0.05


Tree=114
num_leaves=31
num_cat=0
split_feature=29 0 18 0 29 29 22 5 27 11 3 22 0 0 17 1 13 0 14 11 27 22 11 28 12 2 12 13 14 21
split_gain=3.35653 2.8222 3.36405 3.30799 3.26637 2.71203 2.52363 2.38137 2.18665 2.17715 3.47609 2.63451 2.78623 2.54593 2.3485 2.21856 3.02546 3.121 2.71164 2.88426 2.19329 2.86866 3.4556 3.02594 2.19316 2.15584 1.91279 1.88219 2.65475 2.6494
threshold=-3.1903952382278615 4.4439066730957402 59.307370038592801 4.7229765984487448 -1.4571161936178669 5.8911258848236683 5.5000000000000009 3.9776275099879572 31.500000000000004 0.62998908618352434 0.016210950926025557 2.5000000000000004 5.0146537794266903 4.5086161124671804 6.5000000000000009 277.00000000000006 1.0336611297045482 4.6982027489592868 6.5393900661949003 1.3184123475447571 26.500000000000004 19.500000000000004 2.5581036272323461 10.500000000000002 1.1695109419134158 -0.076187820967903677 0.19899137241606016 0.29606682118979605 1.0941392027211012 33.500000000000007
decision_type=2 2 2 2 2 2 2 2 2 2 2 2 2 2 2 2 2 2 2 2 2 2 2 2 2 2 2 2 2 2
left_child=8 4 5 -4 -2 7 -5 9 -1 10 27 12 13 -11 -12 20 -17 18 19 -18 -13 23 -23 -22 -16 -7 -24 -3 -29 -30
right_child=1 2 3 6 -6 25 -8 -9 -10 11 14 15 -14 -15 24 16 17 -19 -20 -21 21 22 26 -25 -26 -27 -28 28 29 -31
leaf_value=-0.0025194154469025129 0.00095200875530147399 -1.6267646191558655e-05 -0.0017337542009849866 0.0050340043337633519 7.1740675721562852e-05 -0.0015020435279742062 2.6224301754122001e-06 -0.00044188121006048504 0.0016824904917399444 0.00041030651085583424 7.8624802061271252e-05 7.6045302159986167e-05 0.00019078913912896306 -0.0014867726626894104 0.00045761056489907566 0.00052304461078729895 0.0018723320250152416 0.00033040306939464997 9.3231338374612498e-05 0.0033273997551988782 -5.8541845861341291e-05 0.0002184560547632089 0.0031059805203707863 0.0014269061130698407 -0.00097703099625673839 0.00022587907229062356 0.0010072210891125702 -0.00077189099878870475 1.1751083292470729e-05 -0.0006083729875469891
leaf_weight=2872 283 61373 3824 172 3829 2523 647 4518 260 70 78906 46486 2155 2035 5540 1928 83 349 66 95 2170 1582 148 177 457 170 529 14992 19332 6497
leaf_count=2872 283 61373 3824 172 3829 2523 647 4518 260 70 78906 46486 2155 2035 5540 1928 83 349 66 95 2170 1582 148 177 457 170 529 14992 19332 6497
internal_value=-7.14961e-05 -5.19662e-05 -7.2773e-05 -0.00140642 0.00124757 -4.82187e-05 0.00147741 -3.11833e-05 -0.00169859 -1.02047e-05 -9.31062e-05 0.000257806 -0.000938967 -0.00223278 0.000143341 0.0003529 0.00180087 0.00492412 0.0092623 0.0124719 0.000281454 0.00132219 0.00259407 9.7998e-05 0.00109722 -0.00162644 0.00558346 -0.000289547 -0.000552656 -0.00024546
internal_weight=264068 260936 256824 4643 4112 252181 819 249488 3132 244970 187097 57873 4260 2105 84903 53613 2521 593 244 178 51092 4606 2259 2347 5997 2693 677 102194 40821 25829
internal_count=264068 260936 256824 4643 4112 252181 819 249488 3132 244970 187097 57873 4260 2105 84903 53613 2521 593 244 178 51092 4606 2259 2347 5997 2693 677 102194 40821 25829
is_linear=0
shrinkage=0.05


Tree=115
num_leaves=31
num_cat=0
split_feature=26 0 4 4 23 18 27 22 0 29 0 24 24 5 5 18 0 15 21 28 24 3 0 27 28 27 5 12 27 5
split_gain=3.62079 3.72819 3.56658 3.176 2.82881 2.71095 8.63977 4.44891 2.58816 2.48979 3.72059 2.74778 3.09738 2.70988 2.34365 2.28384 2.28166 1.96937 1.95609 2.2893 3.51473 1.9279 3.03272 2.62716 2.47645 1.99744 2.01358 1.90302 1.88738 1.87349
threshold=1.0000000180025095e-35 4.9296208115160445 -0.077521056962204474 -0.49783181269883786 4.5000000000000009 1.9076461104355007 23.500000000000004 11.500000000000002 4.4439066730957402 -2.1968687689319921 4.6461108844735088 11.500000000000002 8.5000000000000018 1.6129722275535059 2.8531236761025296 72.055489930407177 4.7041876600984978 16.500000000000004 32.500000000000007 9.5000000000000018 15.500000000000002 1.0000000180025095e-35 5.0931594919370946 27.500000000000004 17.500000000000004 35.500000000000007 2.1341822330214413 0.69613476296221832 7.5000000000000009 2.0592856403001472
decision_type=2 2 2 2 2 2 2 2 2 2 2 2 2 2 2 2 2 2 2 2 2 2 2 2 2 2 2 2 2 2
left_child=8 2 5 -3 -4 6 7 -2 -1 10 28 12 21 -13 -14 -11 -17 18 19 -7 -21 22 23 -12 -24 26 -25 -5 -10 -22
right_child=1 3 4 27 -6 17 -8 -9 9 15 11 13 14 -15 -16 16 -18 -19 -20 20 29 -23 24 25 -26 -27 -28 -29 -30 -31
leaf_value=0.00010729374444606983 0.0064203295428565624 0.0032613862462824599 0.00042336470410508659 -0.00046600138902499132 0.0020828962179899398 -0.0034644010842357965 0.0011774471048495909 -0.0032221228376476336 -0.0093690506297170392 7.2943870659026635e-06 -0.00056383960303817593 0.00014360838153756693 -0.0054404859880552957 0.0034779114298476143 0.0056090033656236637 -0.0023855980012902774 0.00089421829599988412 -0.004524073416575073 -0.0038619529441404608 -0.010636210623212294 -0.00016871261341082195 -0.0014104941538663808 -0.00025921802238495096 0.0018665236265773121 0.0027397391254292539 -0.0069048861544619717 0.0022865288061956835 0.00076439285344278391 -0.001628644627515663 0.0029245720609504759
leaf_weight=4158 96 92 233 10914 60 767 87 285 658 231825 2131 335 1831 198 90 1361 337 421 1112 935 1789 238 87 500 128 96 51 2406 705 285
leaf_count=4158 96 92 233 10914 60 767 87 285 658 231825 2131 335 1831 198 90 1361 337 421 1112 935 1789 238 87 500 128 96 51 2406 705 285
internal_value=-4.56447e-05 -0.000701673 -0.00172982 -0.000236355 0.00365188 -0.00200277 0.0016453 -0.00160105 6.5793e-06 -1.47975e-05 -0.000940692 -0.000378188 -0.000731754 0.0030394 -0.00232171 1.31471e-05 -0.0018139 -0.00232435 -0.00204173 -0.00149894 -0.000877367 0.000213557 0.000557969 0.000115191 0.00627907 0.00290572 0.00406534 -0.0003003 -0.00328687 0.00027001
internal_weight=264211 19482 6070 13412 293 5777 468 381 244729 240571 7048 5685 5152 533 1921 233523 1698 5309 4888 3776 3009 3231 2993 2778 215 647 551 13320 1363 2074
internal_count=264211 19482 6070 13412 293 5777 468 381 244729 240571 7048 5685 5152 533 1921 233523 1698 5309 4888 3776 3009 3231 2993 2778 215 647 551 13320 1363 2074
is_linear=0
shrinkage=0.05


Tree=116
num_leaves=31
num_cat=0
split_feature=4 26 0 4 24 29 17 24 0 9 13 29 17 0 1 24 18 0 1 22 4 0 18 22 27 27 23 14 21 18
split_gain=3.08181 3.37371 4.57761 3.91555 2.54206 3.85663 3.72069 3.12771 5.3138 3.70996 3.56535 2.87507 3.90676 3.08644 3.90621 2.65229 2.58671 3.99333 2.83373 2.87999 2.47025 4.85075 3.15607 2.73422 2.34304 2.30698 2.29292 2.29154 2.84313 2.28246
threshold=0.03022907713270083 1.0000000180025095e-35 4.7482908581751948 -0.15598872721949522 14.500000000000002 -0.58499218565636679 5.5000000000000009 8.5000000000000018 5.0517303177099064 0.69431974190143164 0.11835925273376312 -0.24287231038323245 4.5000000000000009 4.6383966752493375 233.00000000000003 10.500000000000002 12.78051326677349 4.9386601029930661 149.00000000000003 5.5000000000000009 -0.27474484690170725 4.9386601029930661 3.517225667251541 14.500000000000002 17.500000000000004 24.500000000000004 4.5000000000000009 1.4232454212435102 27.500000000000004 20.639761824153961
decision_type=2 2 2 2 2 2 2 2 2 2 2 2 2 2 2 2 2 2 2 2 2 2 2 2 2 2 2 2 2 2
left_child=1 4 3 -3 5 6 7 10 9 20 16 12 13 14 -6 -10 17 18 -1 -20 21 22 23 -9 -2 -4 -19 -15 -29 -5
right_child=24 2 25 29 11 -7 -8 8 15 -11 -12 -13 -14 27 -16 -17 -18 26 19 -21 -22 -23 -24 -25 -26 -27 -28 28 -30 -31
leaf_value=0.0031613096174530641 0.00028194544881569329 -0.0043423594583224144 -0.00060447819781574077 0.00088168544192706558 0.00015703819647919072 -5.6933583375959185e-06 -7.1793561183668053e-05 0.0022194168955737398 -0.00012852890263086259 0.0064104668532153006 -0.00084686282013241444 -5.4961340622374e-05 2.1387879380278266e-06 -1.1842981230035767e-05 0.0013742390793262526 0.0022385247441460772 -0.00025132784105540856 -0.0014174138057100917 0.00085334032651599118 0.00017676204410402361 -0.0051082385394272123 0.0022027066753079107 -0.0039597845978885512 -0.002781584594448615 -0.00012678692677645291 0.00058494665118091641 0.0011425304173891657 -0.00032573175019434924 0.00042622101970065637 -0.013620633817479057
leaf_weight=83 93382 2386 8701 113 865 39270 11041 233 230 56 5297 34487 36520 5499 914 198 779 288 118 297 1060 327 5871 252 5854 1269 145 830 6998 75
leaf_count=83 93382 2386 8701 113 865 39270 11041 233 230 56 5297 34487 36520 5499 914 198 779 288 118 297 1060 327 5871 252 5854 1269 145 830 6998 75
internal_value=-5.07893e-05 -0.000183737 -0.000971779 -0.00285159 -0.000118556 -0.000353192 -0.000822074 -0.00132861 -0.00198979 -0.00228747 -0.000552304 6.0038e-05 0.000296169 0.000972462 0.00292861 0.00343458 0.00143275 0.0032116 0.00626506 0.00457831 -0.00238021 -0.00202454 -0.00233008 0.00154639 0.000169193 -0.000486459 -0.00030023 0.000711338 0.00126086 0.00409575
internal_weight=263438 164202 12544 2574 151658 65545 26275 15234 8227 7799 7007 86113 51626 15106 1779 428 1710 931 498 415 7743 6683 6356 485 99236 9970 433 13327 7828 188
internal_count=263438 164202 12544 2574 151658 65545 26275 15234 8227 7799 7007 86113 51626 15106 1779 428 1710 931 498 415 7743 6683 6356 485 99236 9970 433 13327 7828 188
is_linear=0
shrinkage=0.05


Tree=117
num_leaves=31
num_cat=0
split_feature=29 0 0 26 0 4 27 27 11 3 24 18 27 27 19 0 12 5 8 3 0 13 21 0 3 4 9 27 19 24
split_gain=3.14337 2.60069 3.71301 2.24246 3.31895 6.16465 2.83651 2.57433 2.1393 2.8759 2.21184 2.12017 2.18466 2.09613 3.73487 2.46248 3.27414 2.44937 2.23009 2.12474 2.07202 2.62445 3.02635 3.81281 3.0191 2.22097 3.0353 2.59488 2.17235 2.31543
threshold=-1.6214020128300053 4.4439066730957402 4.6383966752493375 1.0000000180025095e-35 4.7482908581751948 -0.17182479100248296 30.500000000000004 20.500000000000004 0.68523801880228752 0.016210950926025557 29.500000000000004 4.9207779672608334 21.500000000000004 24.500000000000004 11.356957638444367 4.9340266432096351 0.11177868358109715 1.0712884935358575 2.4258701659697661 0.1374184172961315 4.5790689627974688 0.29606682118979605 32.500000000000007 4.7380940108345344 0.0017876822864471883 -0.087824573254756635 0.59878050574214192 19.500000000000004 0.12425885854174255 13.500000000000002
decision_type=2 2 2 2 2 2 2 2 2 2 2 2 2 2 2 2 2 2 2 2 2 2 2 2 2 2 2 2 2 2
left_child=1 -1 -3 8 5 6 -5 -7 9 20 11 12 -11 18 15 -15 -17 -16 -6 -19 28 25 -23 -24 -25 26 -22 -27 29 -2
right_child=3 2 -4 4 13 7 -8 -9 -10 10 -12 -13 -14 14 17 16 -18 19 -20 -21 21 22 23 24 -26 27 -28 -29 -30 -31
leaf_value=0.0013486908674916443 0.00012299916255093532 -0.0036782795319584422 -0.00037511609943529598 -0.0037676508229810058 -0.00036840907457860012 0.0012678787920892634 0.001084486576297962 0.00086887131804719178 0.00011025258388557186 0.00067347309291493525 -0.00057962899893816819 -7.5533667426757508e-05 -9.7588857564548102e-05 0.0011787232767962342 -0.0024355677015992765 -0.00012018607233971078 0.00066239249727200182 0.0014569347459045968 -0.0033252721767841435 -0.0025077651737393431 1.2788802762278194e-05 -0.00013888853110580776 -0.0020764060143619672 -0.00031315806871814035 0.0010095468839071869 -0.00015687017343723865 0.0011148672474158676 -9.8864596078775363e-05 4.6828965513757161e-05 -6.8238252208603062e-05
leaf_weight=173 121 2361 11019 1937 15071 59 69 244 50995 55541 6045 21550 555 66 444 77 62 620 98 172 38213 25673 4471 5580 64 11377 234 2619 8077 242
leaf_count=173 121 2361 11019 1937 15071 59 69 244 50995 55541 6045 21550 555 66 444 77 62 620 98 172 38213 25673 4471 5580 64 11377 234 2619 8077 242
internal_value=-3.16108e-05 -0.00077326 -0.000852017 8.55116e-06 -0.000514826 -0.00229103 -0.00329511 0.00435644 5.13498e-05 -2.94956e-05 0.000185086 0.000256807 0.000418747 -0.00026791 0.00155448 0.00780488 0.00402878 0.0005178 -0.00044103 0.00218434 -0.000215266 -0.00028686 -0.000616966 -0.00134948 -0.000485471 -6.15901e-05 0.000134732 -0.000600885 0.000533176 -0.00325069
internal_weight=263829 13553 13380 250276 18919 2309 2006 303 231357 180362 83691 77646 56096 16610 1441 205 139 1236 15169 792 96671 88231 35788 10115 5644 52443 38447 13996 8440 363
internal_count=263829 13553 13380 250276 18919 2309 2006 303 231357 180362 83691 77646 56096 16610 1441 205 139 1236 15169 792 96671 88231 35788 10115 5644 52443 38447 13996 8440 363
is_linear=0
shrinkage=0.05


Tree=118
num_leaves=31
num_cat=0
split_feature=20 18 22 18 13 6 26 27 12 22 13 3 21 0 0 27 1 24 1 0 24 3 24 4 14 13 12 1 2 0
split_gain=3.04731 2.6876 6.95927 3.97073 9.39102 3.52058 3.01266 2.71938 4.15358 4.35745 3.28254 3.37417 2.93959 2.68493 3.02776 3.90702 4.71111 3.85674 4.06062 3.1126 2.9956 2.988 2.82427 2.74345 2.6485 2.62995 2.59333 2.59702 3.75009 3.60958
threshold=0.030106700139120073 1.8800325585550077 7.5000000000000009 0.64252069234894893 0.27045199085264976 0.22650874048757058 1.0000000180025095e-35 9.5000000000000018 1.5124841460464775 3.5000000000000004 0.16363493331508963 -0.79553172732202504 37.500000000000007 4.6603476403907047 4.9296208115160445 7.5000000000000009 137.00000000000003 7.5000000000000009 213.00000000000003 4.8066698993475034 28.500000000000004 -0.69829582612706542 14.500000000000002 -0.3808560860996118 2.5931280368787957 0.67840576512906681 0.18734659977136991 277.00000000000006 -0.048450698585113097 4.6717755082532104
decision_type=2 2 2 2 2 2 2 2 2 2 2 2 2 2 2 2 2 2 2 2 2 2 2 2 2 2 2 2 2 2
left_child=1 2 3 4 5 -1 7 12 10 -10 11 26 -3 -2 15 17 20 19 22 -15 -17 -18 -19 -20 -13 -6 27 -9 29 -29
right_child=13 6 -4 -5 25 -7 -8 8 9 -11 -12 24 -14 14 -16 16 21 18 23 -21 -22 -23 -24 -25 -26 -27 -28 28 -30 -31
leaf_value=1.0872474162900128e-05 5.3847198727921368e-05 -0.00048614909147131572 -6.9255338818607895e-05 0.00044541663623036886 0.0024427470595702987 0.00053592499374352715 -0.00177386347506414 0.00019361089927832768 -0.0015156434391512287 0.00043149688782319773 -0.00037861703753464172 -1.4658490081142946e-05 -0.0020852996028755517 -0.0099379245398031162 5.5558960570850115e-05 0.0002542528696302129 2.9442541290236412e-05 -0.0066888220473040848 0.0088264086783739482 0.0013094743175863181 -0.00034304477379074868 -0.00043382156978001801 -0.00035605563540542666 0.00042244339983125116 -0.0013107475023408867 0.00083882312147456168 -4.0003632500839738e-05 0.0029562654886131127 -8.1418834080277433e-05 0.00032047650292267593
leaf_weight=511 13339 21897 4759 862 81 242 3858 3516 1040 8659 25618 2830 1344 67 150583 5170 4233 2471 52 603 385 5665 1187 357 634 91 2950 113 92 323
leaf_count=511 13339 21897 4759 862 81 242 3858 3516 1040 8659 25618 2830 1344 67 150583 5170 4233 2471 52 603 385 5665 1187 357 634 91 2950 113 92 323
internal_value=-2.56889e-05 -0.000284562 0.000685916 0.00334639 0.00562162 0.00321381 -0.000371737 -0.000295728 -7.20912e-05 0.00084648 -0.000319048 0.000427425 -0.000736198 8.59809e-05 3.2617e-05 -0.000542347 -0.00015725 -0.00179861 -0.00237767 0.00171642 0.0010081 -0.000811274 -0.00290596 0.00234719 -0.000848729 0.0161628 0.00105948 0.0018818 0.00515152 0.00708716
internal_weight=263532 79420 6546 1787 925 753 72874 69016 45775 9699 36076 10458 23241 184112 170773 20190 15453 4737 4067 670 5555 9898 3658 409 3464 172 6994 4044 528 436
internal_count=263532 79420 6546 1787 925 753 72874 69016 45775 9699 36076 10458 23241 184112 170773 20190 15453 4737 4067 670 5555 9898 3658 409 3464 172 6994 4044 528 436
is_linear=0
shrinkage=0.05


Tree=119
num_leaves=31
num_cat=0
split_feature=3 5 18 18 2 27 0 6 0 18 22 0 1 18 22 5 11 1 0 21 18 6 27 18 0 17 0 14 0 28
split_gain=2.61773 3.00799 3.75402 3.03935 2.38669 3.9795 2.5852 2.09888 2.09237 1.86753 3.2359 1.93114 3.80619 3.32162 3.385 2.44833 1.81726 1.81439 2.30133 2.25808 2.07073 2.8026 4.50371 2.05975 2.56215 4.06525 3.55431 1.94236 2.09748 2.77612
threshold=0.016210950926025557 3.9776275099879572 23.630710723644555 9.508212964000732 -1.5742715205010283 7.5000000000000009 4.5086161124671804 1.0000000180025095e-35 5.0026325636191329 29.679186642393145 25.500000000000004 4.6245658589774434 233.00000000000003 19.754392572490939 11.500000000000002 1.7962374405998924 0.067761404067482933 105.00000000000001 5.0195808124667609 32.500000000000007 8.875161798013778 0.099586668812152904 9.5000000000000018 9.945141015626751 4.6461108844735088 9.5000000000000018 4.9965635965540569 1.0583224918426917 4.6982027489592868 13.500000000000002
decision_type=2 2 2 2 2 2 2 2 2 2 2 2 2 2 2 2 2 2 2 2 2 2 2 2 2 2 2 2 2 2
left_child=4 2 7 -3 5 8 -6 -2 -1 10 11 12 15 -14 -15 -7 -9 18 19 20 -8 22 -22 24 25 -21 -26 -19 29 -29
right_child=1 3 -4 -5 6 9 17 16 -10 -11 -12 -13 13 14 -16 -17 -18 27 -20 23 21 -23 -24 -25 26 -27 -28 28 -30 -31
leaf_value=-0.0013586477101507682 0.00077590124911157811 -0.0018625167323876495 0.0011078523310057988 -0.00018849194847617157 6.2283771739453267e-05 0.00063124188413767274 -6.2851957685166126e-05 0.00050823966119388226 0.0029586660122702733 -0.00022014787552075306 -0.00057531038644721819 0.00032218842068266833 0.00035634427602819149 0.0036842183116545866 0.0033064870263193481 -0.0035090947164090427 5.4170321098353342e-05 -9.8005555288956372e-05 -4.1696518189353103e-05 0.000854689960314691 -0.0029981804326977865 0.000122026463102776 0.0021840457723582389 -0.00075728454847378201 -0.00012623463194789166 0.00016327898940820304 0.0012185733419352897 -8.529155489961174e-07 -1.750545118781414e-05 -0.0011595890400373375
leaf_weight=3044 52 1082 541 3773 5529 378 861 15859 113 3373 1577 6369 160 73 69 151 88690 51469 7910 61 51 2434 65 119 333 112 164 7187 53641 7895
leaf_count=3044 52 1082 541 3773 5529 378 861 15859 113 3373 1577 6369 160 73 69 151 88690 51469 7910 61 51 2434 65 119 333 112 164 7187 53641 7895
internal_value=-7.12556e-05 0.000114822 0.000171007 -0.00110196 -0.000204913 0.000387405 -0.000270693 0.000149521 -0.00119417 0.000798355 0.00118264 0.00163195 0.00389892 0.00837748 0.0139437 0.00134216 0.000144526 -0.000314961 0.000268374 0.00121429 0.0006567 0.00137255 0.00896552 0.00362484 0.00470149 0.0099422 0.00287726 -0.000373735 -0.000199787 -0.000720726
internal_weight=263135 109997 105142 4855 153138 15307 137831 104601 3157 12150 8777 7200 831 302 142 529 104549 132302 12110 4200 3411 2550 116 789 670 173 497 120192 68723 15082
internal_count=263135 109997 105142 4855 153138 15307 137831 104601 3157 12150 8777 7200 831 302 142 529 104549 132302 12110 4200 3411 2550 116 789 670 173 497 120192 68723 15082
is_linear=0
shrinkage=0.05


Tree=120
num_leaves=31
num_cat=0
split_feature=4 26 0 5 18 29 0 29 18 28 18 29 16 24 17 5 6 1 15 24 24 5 0 15 29 29 18 29 5 17
split_gain=3.67401 2.81299 3.57244 2.65776 2.92028 2.62129 2.29177 2.3714 3.36628 2.1518 1.98896 2.0236 2.23381 1.91551 1.83698 2.27318 3.02389 2.68652 2.10669 1.80104 1.9805 2.28328 3.58931 3.92357 2.06009 2.54135 1.97766 2.69072 5.20163 4.24678
threshold=0.045414351683201036 1.0000000180025095e-35 4.7512206636374144 1.059601370114956 11.475555918351697 -2.8294749043545768 4.3895594239587075 0.36306981479561701 22.975506823943658 29.500000000000004 29.679186642393145 -0.08262057774057098 1.1362022933786362 8.5000000000000018 6.5000000000000009 0.82076849548864261 0.094806816002675501 169.00000000000003 1.0000000180025095e-35 28.500000000000004 27.500000000000004 0.73534297043717756 4.5790689627974688 12.500000000000002 -1.5596558316951226 -0.77071677021972174 66.380264837857311 -1.1598050193827298 1.6682128222531192 4.5000000000000009
decision_type=2 2 2 2 2 2 2 2 2 2 2 2 2 2 2 2 2 2 2 2 2 2 2 2 2 2 2 2 2 2
left_child=1 5 3 4 -3 13 9 19 -9 10 -7 12 -12 -1 -2 16 -16 18 -17 20 -8 -22 23 -23 -24 -26 27 28 -21 -30
right_child=14 2 -4 -5 -6 6 7 8 -10 -11 11 -13 -14 -15 15 17 -18 -19 -20 26 21 22 24 -25 25 -27 -28 -29 29 -31
leaf_value=-0.00036546204159479921 0.00018793086842967062 0.0011768040615149783 -0.00030253274801576152 -0.0039554851447314741 -0.0026884265283304209 0.00020274125485094557 -2.3901490042256882e-06 -4.5095405394488962e-05 -0.0016543291873911258 -0.00010453571488586295 -0.0041030264902161993 0.0010920701353753632 0.00066237612234485658 -0.0048826430265526029 0.0086614250260859133 -0.0010923085631025368 0.0016185672187726827 -0.0024773585895487369 0.00016790744745839891 -3.3183122123783861e-05 -7.7292193020960344e-05 0.00027552194919884174 -0.0020610435729696125 0.00060537582987699266 0.00094617118364043846 0.00011314149076597582 -0.0024461785206111582 -7.481715629907443e-05 0.0031404827776925722 0.0013084191409933931
leaf_weight=2413 79341 79 10967 2127 406 445 121035 10524 3798 257 521 103 584 1692 132 387 3459 428 3428 917 1536 220 105 72 760 2680 387 14751 101 224
leaf_count=2413 79341 79 10967 2127 406 445 121035 10524 3798 257 521 103 584 1692 132 387 3459 428 3428 917 1536 220 105 72 760 2680 387 14751 101 224
internal_value=-3.10364e-05 -0.000162078 -0.000853523 -0.00251531 0.000824743 -0.00010452 -7.23174e-05 -9.32462e-05 -0.000706605 0.00164922 0.00231095 0.00125828 0.000633485 -0.00135201 0.000234586 0.000965025 0.00189084 0.000181476 0.000602884 -3.17248e-05 3.21979e-05 0.000971525 0.00162366 0.00695206 0.00118477 0.00139535 -0.00052503 -0.000439567 0.00179549 0.00723077
internal_weight=263879 176704 13579 2612 485 163125 159020 157110 14322 1910 1653 1208 1105 4105 87175 7834 3591 4243 3815 142788 126408 5373 3837 292 3545 3440 16380 15993 1242 325
internal_count=263879 176704 13579 2612 485 163125 159020 157110 14322 1910 1653 1208 1105 4105 87175 7834 3591 4243 3815 142788 126408 5373 3837 292 3545 3440 16380 15993 1242 325
is_linear=0
shrinkage=0.05


Tree=121
num_leaves=31
num_cat=0
split_feature=29 0 23 5 24 24 4 0 24 27 27 24 24 29 0 24 24 27 27 0 9 6 0 12 15 12 24 27 24 28
split_gain=3.34878 2.80591 2.65547 3.30227 2.34642 2.69253 2.34569 2.6837 2.91688 2.26442 2.61815 2.16955 3.9923 2.6092 3.05657 3.9595 3.36971 2.55002 6.14867 3.18737 3.61321 2.77113 4.02532 2.5279 2.42097 2.39456 2.02061 2.2418 3.58641 6.63333
threshold=-2.1968687689319921 5.0085047394125981 2.5000000000000004 1.4211559146037642 18.500000000000004 9.5000000000000018 0.25048996713075433 4.5790689627974688 9.5000000000000018 27.500000000000004 24.500000000000004 15.500000000000002 25.500000000000004 -0.67210302198578964 5.0517303177099064 10.500000000000002 14.500000000000002 20.500000000000004 24.500000000000004 5.1286703667030071 0.56510216603728458 0.48256010284630757 5.184403398099442 0.094938914965202029 1.5000000000000002 0.10342637597321774 14.500000000000002 11.500000000000002 10.500000000000002 15.500000000000002
decision_type=2 2 2 2 2 2 2 2 2 2 2 2 2 2 2 2 2 2 2 2 2 2 2 2 2 2 2 2 2 2
left_child=1 4 3 -3 5 9 7 8 -2 10 -1 13 17 14 26 25 -17 23 -19 -20 21 -21 -23 -13 -14 -16 27 -9 -29 -30
right_child=6 2 -4 -5 -6 -7 -8 11 -10 -11 -12 12 24 -15 15 16 -18 18 19 20 -22 22 -24 -25 -26 -27 -28 28 29 -31
leaf_value=-0.0013142266856346367 0.00020325561449711905 0.0028168208905083804 -0.00029776193337234795 7.2929106599004207e-05 0.0007588137943766195 -0.0047220260477178798 0.00063370202601456755 -0.0023767144649429993 1.2440094861546836e-05 0.0011477827236190165 -0.005731905941121029 0.00040183238929957107 7.0028695334174964e-05 -4.1715638812650323e-05 0.00086350533979694848 0.0014674678130923084 -0.00047882800324136517 -0.00092810785918057473 -1.9600927244595283e-05 0.00074181994702540396 -0.00060134466144572032 0.0010374681814771781 0.0010608527731129627 0.00010926847079505307 -0.00011197127934059248 -0.00079642884599270987 0.00030749075568578326 -0.00097637576210604128 -0.00019191822262523857 0.0025775442478752283
leaf_weight=2597 3188 140 419 157 457 2316 35158 8425 11973 987 300 12482 13616 71180 678 491 138 2682 5634 311 309 163 51 49011 30603 2021 1299 5215 1656 478
leaf_count=2597 3188 140 419 157 457 2316 35158 8425 11973 987 300 12482 13616 71180 678 491 138 2682 5634 311 309 163 51 49011 30603 2021 1299 5215 1656 478
internal_value=-5.20561e-05 -0.00110267 0.00187151 0.00548822 -0.00142256 -0.00167742 -2.18874e-05 -8.20828e-05 0.00055999 -0.000872811 -0.00157749 -0.000129236 1.54975e-05 -0.000310763 -0.000809273 0.000576924 0.00414944 0.000248716 -0.000530054 0.000304577 0.00318945 0.00571429 0.0100935 0.000364595 -0.000357086 -0.00025565 -0.00107948 -0.00123558 -0.00059736 0.00112934
internal_weight=264135 7373 716 297 6657 6200 256762 221604 15161 3884 2897 206443 114862 91581 20401 3328 629 70643 9150 6468 834 525 214 61493 44219 2699 17073 15774 7349 2134
internal_count=264135 7373 716 297 6657 6200 256762 221604 15161 3884 2897 206443 114862 91581 20401 3328 629 70643 9150 6468 834 525 214 61493 44219 2699 17073 15774 7349 2134
is_linear=0
shrinkage=0.05


Tree=122
num_leaves=31
num_cat=0
split_feature=0 28 18 0 26 0 4 18 22 2 4 24 24 24 0 0 18 19 22 22 14 20 28 27 17 0 0 4 24 24
split_gain=2.88168 3.80471 2.60574 3.24624 2.46483 2.33293 2.62687 2.36687 3.82151 2.51241 2.29742 2.27236 2.11643 4.14368 4.92626 3.67268 3.51942 3.74494 5.11746 3.51747 3.33785 3.13594 3.06294 3.03608 3.40888 3.06486 2.86245 2.73679 2.702 2.68561
threshold=4.3895594239587075 1.0000000180025095e-35 54.342627197387607 4.7041876600984978 1.0000000180025095e-35 4.9296208115160445 -0.43753426832425962 4.4672337455125541 13.500000000000002 -0.76814759381131936 -0.060715144358704481 17.500000000000004 11.500000000000002 7.5000000000000009 5.0763865755225819 4.8212977052136194 21.941426293570924 49.138707003432394 7.5000000000000009 17.500000000000004 5.4386776702900805 0.71104944821017579 30.500000000000004 33.500000000000007 9.5000000000000018 4.7136623405178657 5.2610728215830775 -0.42939901938996322 8.5000000000000018 8.5000000000000018
decision_type=2 2 2 2 2 2 2 2 2 2 2 2 2 2 2 2 2 2 2 2 2 2 2 2 2 2 2 2 2 2
left_child=1 -1 4 -4 12 7 -7 8 9 -6 -9 -11 13 15 23 16 17 22 -19 -18 21 -17 -2 24 29 -26 28 -23 -16 -15
right_child=2 -3 3 -5 5 6 -8 10 -10 11 -12 -13 -14 14 26 20 19 18 -20 -21 -22 27 -24 -25 25 -27 -28 -29 -30 -31
leaf_value=0.00042825652518913623 8.0567318098195723e-05 0.00013534834772212348 -0.0016145307478240751 0.00029780919308420358 0.0041950365783725747 0.0021438197654823875 -0.00028801928427203471 -0.0017045984680651247 -0.0013253868693915527 -0.0022369543421923012 0.0010431582259409582 0.0012794430884816672 3.3631970049383536e-05 -0.0014119241817965001 -0.00091427594175319299 -1.4510558228439505e-05 -0.0010602179506711048 -0.00077609733820302148 0.0012277607807106138 0.00051652365493417803 0.00041325855603367262 4.9733099058863549e-05 -0.0053060540763855794 0.00066995043951410859 0.00052442283128237516 -0.0039197536391369827 -0.0011387575628419462 -0.00084870805581688236 0.00080170288057651497 -0.0027356769499375924
leaf_weight=80 5806 1956 4628 2144 92 387 13008 4842 400 70 234 87 152911 2893 1875 32266 3045 450 1388 2914 756 1910 361 433 955 154 8142 5280 5439 8587
leaf_count=80 5806 1956 4628 2144 92 387 13008 4842 400 70 234 87 152911 2893 1875 32266 3045 450 1388 2914 756 1910 361 433 955 154 8142 5280 5439 8587
internal_value=-6.14052e-05 0.00181238 -7.59966e-05 -0.001044 -5.02576e-05 -0.000596234 -0.000235162 -0.00144105 0.00140216 0.00626506 -0.00180457 0.00242038 -5.94256e-06 -0.00020979 -0.000698082 4.68848e-05 0.000745489 0.00143036 0.00341132 -0.000174525 -0.000195712 -0.000258769 0.000839955 -0.00141453 -0.00155612 0.00109107 -9.44611e-05 -0.00120306 0.000623462 -0.00181185
internal_weight=263493 2036 261457 6772 254685 19120 13395 5725 649 249 5076 157 235565 82654 28478 54176 13964 8005 1838 5959 40212 39456 6167 13022 12589 1109 15456 7190 7314 11480
internal_count=263493 2036 261457 6772 254685 19120 13395 5725 649 249 5076 157 235565 82654 28478 54176 13964 8005 1838 5959 40212 39456 6167 13022 12589 1109 15456 7190 7314 11480
is_linear=0
shrinkage=0.05


Tree=123
num_leaves=31
num_cat=0
split_feature=29 0 27 2 22 24 0 7 28 19 22 24 16 28 22 4 24 24 18 0 1 3 29 7 24 27 0 27 1 5
split_gain=2.86065 2.4827 2.2326 2.13684 2.91311 1.84102 3.29208 3.05861 2.18598 3.41378 5.85852 6.94254 5.07217 3.6323 3.50465 3.20144 3.19411 4.14916 5.56334 5.48326 4.75827 3.99533 3.70248 3.47968 3.1222 3.01935 5.17607 4.33341 3.85249 2.86304
threshold=-2.8294749043545768 4.6098625740792736 2.5000000000000004 -0.1073101397073196 3.5000000000000004 15.500000000000002 4.5649191543146843 1.4507961983565558 26.500000000000004 3.8067613350035194 6.5000000000000009 7.5000000000000009 0.32784009668238173 7.5000000000000009 6.5000000000000009 0.060636400820476825 5.5000000000000009 10.500000000000002 23.293648310416959 5.0085047394125981 217.00000000000003 0.23955479830745183 -0.74406408122561807 0.81001236627518203 12.500000000000002 20.500000000000004 5.0085047394125981 7.5000000000000009 101.00000000000001 0.72049847843441472
decision_type=2 2 2 2 2 2 2 2 2 2 2 2 2 2 2 2 2 2 2 2 2 2 2 2 2 2 2 2 2 2
left_child=1 -1 -2 -3 -5 6 -4 8 9 10 11 13 -13 -8 -11 29 25 20 19 -19 -18 22 -20 -21 -14 27 -27 -16 -29 -10
right_child=2 3 5 4 -6 -7 7 -9 15 14 -12 12 24 -15 16 -17 17 18 21 23 -22 -23 -24 -25 -26 26 -28 28 -30 -31
leaf_value=-0.0097681285628484875 0.00016775425527524909 -0.0013393786687979903 0.0001084922248478239 0.0031995951208512135 0.0014614147189952722 8.5840154367237205e-08 -2.5119511407309825e-05 -0.0017567844396335988 0.00083438985873341342 -0.00023949582039341241 3.1591949204878448e-06 0.00031908604826523485 0.0016467691162729788 0.0004489709037006752 0.0012494947642184484 0.00086215329657691759 -0.00045712755208790414 -0.0013038750288991681 0.0020491778117601093 0.00030694109754325708 -0.0036285652575109894 0.0025305608038483874 -0.00010089716473844339 0.0022536031935213806 0.00052079926984498562 0.00017538534462055948 -0.000237988959819681 0.0015353147004564761 -0.0012455045553440799 -0.0012215818562467539
leaf_weight=509 126356 3368 4286 53 316 77647 331 635 592 9396 2411 113 118 65 516 336 7451 4847 1895 2295 1697 100 1755 52 100 7200 1293 266 2485 4995
leaf_count=509 126356 3368 4286 53 316 77647 331 635 592 9396 2411 113 118 65 516 336 7451 4847 1895 2295 1697 100 1755 52 100 7200 1293 266 2485 4995
internal_value=-3.393e-05 -0.00132124 -1.2845e-05 -0.000875033 0.00273713 -0.000155933 -0.000376606 -0.000488575 -0.000445049 -0.000324651 0.00126514 0.00519945 0.0105438 0.000732324 -0.000445597 -0.00134729 -0.000195278 -0.000578339 7.85825e-05 -0.000735334 -0.00136423 0.00164 0.00136986 0.0012484 0.015 0.000459184 0.000956082 -0.000832568 -0.00162123 -0.00163236
internal_weight=263479 4246 259233 3737 369 132877 55230 50944 50309 44386 3138 727 331 396 41248 5923 31852 20092 10944 7194 9148 3750 3650 2347 218 11760 8493 3267 2751 5587
internal_count=263479 4246 259233 3737 369 132877 55230 50944 50309 44386 3138 727 331 396 41248 5923 31852 20092 10944 7194 9148 3750 3650 2347 218 11760 8493 3267 2751 5587
is_linear=0
shrinkage=0.05


Tree=124
num_leaves=31
num_cat=0
split_feature=26 29 29 27 29 11 16 1 29 19 27 18 1 21 22 14 23 4 0 11 23 23 1 29 29 24 27 29 24 28
split_gain=4.31556 3.41263 3.37127 2.75711 2.41143 2.98427 2.44877 2.3778 2.36739 2.24805 2.15837 3.05143 3.34445 2.9405 2.6849 2.58775 2.15473 1.99271 2.82263 3.18111 2.25491 2.00877 2.21989 3.92341 4.38326 2.05597 1.95348 2.56715 1.95998 2.08275
threshold=1.0000000180025095e-35 -1.0308775640211452 -2.8294749043545768 27.500000000000004 0.8194000712106887 1.0000000180025095e-35 0.84687569614127078 141.00000000000003 2.1505055889027402 10.89295719486042 24.500000000000004 6.0588301190220601 149.00000000000003 32.500000000000007 8.5000000000000018 1.067279962386589 5.5000000000000009 0.25048996713075433 5.5003400335032957 2.9554244374167769 1.5000000000000002 2.5000000000000004 269.00000000000006 0.29886960067755736 0.038761191647520087 28.500000000000004 20.500000000000004 -0.32813146147528488 15.500000000000002 23.500000000000004
decision_type=2 2 2 2 2 2 2 2 2 2 2 2 2 2 2 2 2 2 2 2 2 2 2 2 2 2 2 2 2 2
left_child=2 9 3 -1 17 6 7 -6 -7 -2 13 12 -12 15 -14 16 -3 -4 -19 20 -20 22 -22 24 -24 -26 28 -28 -17 -30
right_child=1 10 4 -5 5 8 -8 -9 -10 -11 11 -13 14 -15 -16 26 -18 18 19 -21 21 -23 23 -25 25 -27 27 -29 29 -31
leaf_value=-0.0020594634831708754 0.00063810275651043913 -0.0013729824961352978 1.6308434790297451e-05 0.00081803725620326723 1.3323838337971176e-05 -0.0032635281948535269 -0.00060924868882860934 0.00098368135201046757 -0.00017376329819227424 -0.004336853040902206 0.00027917971949936016 4.2026522999202811e-05 0.00059726373598780738 -0.0015831700475322287 0.0016382392324917052 -0.0016654083060705788 0.0021111768103417444 0.0024777769508927475 -0.0010633849339279232 0.011585851695614047 0.0017810514750366863 0.00040511282440511607 0.00068391568978230072 -0.0051316749377612447 0.010912074350818131 0.015634962879790538 0.00041551500445187039 -0.0040312872475110157 0.00060870711840733873 0.0027994824789147089
leaf_weight=3136 151 7137 195366 996 545 1644 719 618 9301 1475 231 1201 82 1829 62 1441 1146 6992 6653 99 3213 14525 94 90 51 87 204 187 4131 321
leaf_count=3136 151 7137 195366 996 545 1644 719 618 9301 1475 231 1201 82 1829 62 1441 1146 6992 6653 99 3213 14525 94 90 51 87 204 187 4131 321
internal_value=1.07314e-05 -0.000703132 6.80384e-05 -0.00134801 9.24184e-05 -0.000574569 0.00126461 0.00268272 -0.000890817 -0.00289668 -0.000504673 0.00126269 0.0052 -0.000674554 0.0111806 -0.000437289 -0.00101775 0.000130079 0.000497108 0.000247058 0.000211225 0.000501108 0.00157001 0.00552795 0.00896552 0.0146377 0.000327817 -0.00309463 0.000554896 0.00107368
internal_weight=263727 19598 244129 4132 239997 12827 1882 1163 10945 1626 17972 1576 375 16396 144 14567 8283 227170 31804 24812 24713 18060 3535 322 232 138 6284 391 5893 4452
internal_count=263727 19598 244129 4132 239997 12827 1882 1163 10945 1626 17972 1576 375 16396 144 14567 8283 227170 31804 24812 24713 18060 3535 322 232 138 6284 391 5893 4452
is_linear=0
shrinkage=0.05


Tree=125
num_leaves=31
num_cat=0
split_feature=0 28 29 20 0 28 17 1 28 5 0 29 24 0 23 5 24 24 5 5 14 0 12 1 1 3 14 8 13 12
split_gain=2.1898 3.53236 2.02713 1.83447 3.61099 4.31335 3.57536 6.41629 2.65731 2.73527 2.60624 3.17884 2.46403 3.1316 3.6026 3.19141 2.45484 3.53752 3.02847 2.40301 2.36844 2.28564 2.29023 2.25276 2.21423 2.14833 2.14621 2.84046 2.45399 2.14566
threshold=4.3895594239587075 1.0000000180025095e-35 -1.8577800261288111 0.020434079988732284 4.688499415564281 14.500000000000002 4.5000000000000009 217.00000000000003 8.5000000000000018 1.1977750633808031 4.7380940108345344 -1.0546084750942197 26.500000000000004 4.6098625740792736 3.5000000000000004 1.365119990819762 14.500000000000002 26.500000000000004 2.226293618553032 1.8955486089219573 1.5223593659663242 4.6533718866885332 2.4148859806295624 265.00000000000006 161.00000000000003 -1.3971104046578973 3.4850857170785687 0.22020102433689517 0.19982458585309035 2.7945322591321946
decision_type=2 2 2 2 2 2 2 2 2 2 2 2 2 2 2 2 2 2 2 2 2 2 2 2 2 2 2 2 2 2
left_child=1 -1 -3 4 5 6 7 20 9 -9 11 -5 -10 15 -15 -14 -7 18 19 25 -2 -8 24 -20 -23 -18 27 28 -12 -24
right_child=3 2 -4 10 -6 16 21 8 12 -11 26 -13 13 14 -16 -17 17 -19 23 -21 -22 22 29 -25 -26 -27 -28 -29 -30 -31
leaf_value=0.00047187424658411072 -0.0020257217240547873 0.0020880854377320801 7.5483094792948294e-05 0.00039239070888870289 3.3272780592420473e-06 -0.0034490989580303107 6.0641451289784375e-07 0.0015767465577444691 0.00092080102876898455 7.9528539910853223e-05 -1.5116260744829703e-05 3.4557653867619467e-05 0.00046044476953548759 0.00036238535417057086 0.0029391064237536749 0.0027392931522170275 0.0031882689551567564 -0.0021537397615960133 0.00058097863194066875 -0.0018507549574050708 4.7300393559559295e-05 0.0013663132761900726 0.002281419282567883 0.004926688423483672 -0.0012673012562011224 -0.00034350848587585942 0.00015040250998377556 0.0001110874197956491 -0.00028277233422384937 8.82099138409362e-06
leaf_weight=86 569 56 1911 1213 45279 4918 5735 168 547 934 32452 12136 61 204 73 108 140 1696 668 566 1180 53 83 74 2819 5754 9012 117137 17690 505
leaf_count=86 569 56 1911 1213 45279 4918 5735 168 547 934 32452 12136 61 204 73 108 140 1696 668 566 1180 53 83 74 2819 5754 9012 117137 17690 505
internal_value=-3.38094e-05 0.00159279 0.00115913 -4.65663e-05 -0.00026118 -0.000720536 -6.82562e-05 0.00121228 0.00307876 0.00138839 3.5067e-05 0.000708668 0.00495468 0.00771301 0.00444043 0.0130769 -0.00133613 -0.000840638 -0.000356845 -0.000704334 -0.00102344 -0.000603588 -0.0016185 0.00266846 -0.00220056 -0.000405497 -1.5939e-05 -5.64321e-05 -0.000371345 0.00122449
internal_weight=263827 2053 1967 261774 72134 26855 13039 3844 2095 1102 189640 13349 993 446 277 169 13816 8898 7202 6460 1749 9195 3460 742 2872 5894 176291 167279 50142 588
internal_count=263827 2053 1967 261774 72134 26855 13039 3844 2095 1102 189640 13349 993 446 277 169 13816 8898 7202 6460 1749 9195 3460 742 2872 5894 176291 167279 50142 588
is_linear=0
shrinkage=0.05


Tree=126
num_leaves=31
num_cat=0
split_feature=26 29 16 29 19 22 0 2 23 24 24 24 0 0 5 0 1 19 29 28 0 2 7 7 0 28 14 29 28 13
split_gain=3.0361 3.59915 2.9417 2.22387 2.32866 2.95373 2.07859 3.39725 2.37805 1.96042 2.27995 4.71966 8.39302 3.09523 2.88835 3.28018 3.89784 3.85132 3.01594 2.87861 2.46703 2.63828 2.73274 2.46598 2.33593 3.19685 2.38207 2.29803 2.25548 2.52355
threshold=1.0000000180025095e-35 -0.96610888091398417 0.40869351146835103 -3.1903952382278615 32.950495864843944 16.500000000000004 4.3895594239587075 -0.32461373088766338 1.0000000180025095e-35 29.500000000000004 10.500000000000002 8.5000000000000018 5.0848964481369547 4.5208249664032918 4.1755266833202755 5.1022775351308658 197.00000000000003 29.507262033669935 -1.409456967099425 30.500000000000004 5.2702521331074044 -0.64998883102377925 0.52494537242880368 0.54333495625251282 4.8066698993475034 4.5000000000000009 4.2343533827342315 -0.16654116319873338 22.500000000000004 0.16014301357048588
decision_type=2 2 2 2 2 2 2 2 2 2 2 2 2 2 2 2 2 2 2 2 2 2 2 2 2 2 2 2 2 2
left_child=3 -2 -3 4 5 -1 7 8 -5 10 11 14 13 -13 15 16 -8 -17 -19 -18 21 -14 -23 -24 25 -12 -26 -20 29 -27
right_child=1 2 -4 6 -6 -7 9 -9 -10 -11 24 12 20 -15 -16 17 19 18 27 -21 -22 22 23 -25 26 28 -28 -29 -30 -31
leaf_value=0.0024389171027210648 -0.0030013372851858231 -0.0011826113700709859 6.6687810603729248e-05 -0.0074171934558164877 -0.0023046451140319966 -0.0024931447971386481 9.5322730752951876e-05 -0.00010798325564251078 0.00034473725211967184 -9.4747134496420246e-05 -0.000188149033388658 0.00057804582325656536 -0.0012293860691848088 -0.0033837140034453437 -0.0017467206552529914 -0.00010877056903603021 -2.0404891442629339e-05 0.00057388823568391449 -0.0016342494830132708 -0.0039944253747711336 -0.0010521488788891543 0.00051095249079057383 0.0048160466354507511 0.0013402570923707314 0.00014591904872322266 0.00012476992323319253 0.00043768193099414927 -0.00048957199125701891 -0.00021001255544029105 -1.6531514221998778e-05
leaf_weight=403 1877 6790 10884 183 2304 349 17667 298 1542 17149 3535 247 261 6082 957 29150 9470 532 1363 456 4049 2878 250 592 97018 8675 4040 1636 10785 22132
leaf_count=403 1877 6790 10884 183 2304 349 17667 298 1542 17149 3535 247 261 6082 957 29150 9470 532 1363 456 4049 2878 250 592 97018 8675 4040 1636 10785 22132
internal_value=-1.98815e-05 -0.000619405 -0.000398325 2.8156e-05 -0.00131217 0.00110372 4.51558e-05 0.00164113 0.00249275 3.16425e-05 7.14694e-05 -0.000151474 -0.000967337 -0.00232896 3.98497e-05 8.3121e-05 0.000484544 -0.000255806 -0.00181535 -0.000308281 0.000105854 0.000989702 0.00133065 0.00383611 0.00018675 -0.000112349 0.000320312 -0.00243081 1.03391e-05 0.000228195
internal_weight=263554 19551 17674 244003 3056 752 240947 2023 1725 238924 221775 75590 14359 6329 61231 60274 27593 32681 3531 9926 8030 3981 3720 842 146185 45127 101058 2999 41592 30807
internal_count=263554 19551 17674 244003 3056 752 240947 2023 1725 238924 221775 75590 14359 6329 61231 60274 27593 32681 3531 9926 8030 3981 3720 842 146185 45127 101058 2999 41592 30807
is_linear=0
shrinkage=0.05


Tree=127
num_leaves=31
num_cat=0
split_feature=29 0 0 2 12 12 18 16 18 22 29 0 22 5 21 16 29 22 5 22 2 2 5 19 22 14 2 24 20 12
split_gain=2.60893 3.15562 2.13389 2.98058 2.16396 2.53838 2.35729 2.62343 2.79143 2.21451 2.09233 1.98322 1.86043 2.83089 2.14849 1.84381 1.77952 1.73126 3.78134 1.76689 2.74105 2.38347 1.98956 2.1874 2.07635 1.73456 1.96574 1.99832 1.64581 1.74001
threshold=-2.3675210365522781 4.6461108844735088 4.3895594239587075 -0.21357624261151711 0.1711343415037212 0.35362134067706374 5.0982681107840397 0.86778900563827055 2.0313041476632363 17.500000000000004 -1.4571161936178669 5.5851811870328882 10.500000000000002 1.3139557310191345 38.500000000000007 0.0078129445522450176 -0.33473756701380636 2.5000000000000004 0.8971610293389668 26.500000000000004 -1.2070313515381357 -1.7537145585892553 1.365119990819762 12.293154133233626 3.5000000000000004 6.0756315312022808 -1.0988810316667721 23.500000000000004 0.095821242370050227 1.2846297319829549
decision_type=2 2 2 2 2 2 2 2 2 2 2 2 2 2 2 2 2 2 2 2 2 2 2 2 2 2 2 2 2 2
left_child=1 -1 3 10 -4 6 7 -6 11 -8 -2 12 13 -9 -15 -12 -14 18 28 21 -21 -19 -23 -24 -25 26 -20 -28 -7 -30
right_child=2 -3 4 -5 5 17 9 8 -10 -11 15 -13 16 14 -16 -17 -18 19 25 20 -22 22 23 24 -26 -27 27 -29 29 -31
leaf_value=-0.0057444583350746981 0.00083222192825627844 -0.00047654977016112568 4.1851027781839305e-05 -0.00010830431927846314 -0.00023024044533961126 -0.00085345026889889735 -0.00064301815620170964 0.0022577755555392037 5.2237736816983405e-05 -0.00012696887734826265 0.00056825001143129392 -0.0063542302091782596 -0.00040015888917834951 0.0013070449383796659 0.00093334973612249476 0.00015109748875141845 0.0014868219636456196 0.00035853735218792327 0.00039948499926209405 -0.00096798503899176921 -2.0868255401050685e-05 0.00011782366210815793 0.00015873768444511042 -0.0018204657569191682 -0.00015269799433345548 -0.0028115279393444155 -0.0019411808698571538 -4.8808709581980309e-05 0.00048431264639706655 -0.001190828821210883
leaf_weight=1329 162 4951 99392 159 24590 1925 18544 462 3132 14201 59 70 393 150 57 1679 714 5916 701 3336 16340 48041 978 616 11566 700 1054 636 1726 363
leaf_count=1329 162 4951 99392 159 24590 1925 18544 462 3132 14201 59 70 393 150 57 1679 714 5916 701 3336 16340 48041 978 616 11566 700 1054 636 1726 363
internal_value=-2.01553e-05 -0.00102707 4.38619e-06 0.00160758 -8.52826e-06 -0.000124574 -0.000371992 -4.83625e-05 0.000998394 -0.000664223 0.0021579 0.00254063 0.00286599 0.00494768 0.00980676 0.00165132 0.00160795 3.96181e-05 -0.000710766 0.000101046 -0.000315612 0.000223193 0.000130554 -0.000414133 -0.000596782 -0.00202523 -0.00138436 -0.00230769 0.000301446 0.00127334
internal_weight=263942 6280 257662 2059 255603 156211 62313 29568 4978 32745 1900 1846 1776 669 207 1738 1107 93898 7105 86793 19676 67117 61201 13160 12182 3091 2391 1690 4014 2089
internal_count=263942 6280 257662 2059 255603 156211 62313 29568 4978 32745 1900 1846 1776 669 207 1738 1107 93898 7105 86793 19676 67117 61201 13160 12182 3091 2391 1690 4014 2089
is_linear=0
shrinkage=0.05


Tree=128
num_leaves=31
num_cat=0
split_feature=24 18 0 0 22 28 0 24 21 1 6 1 21 3 24 19 21 9 22 4 24 22 22 3 18 22 13 12 1 19
split_gain=2.34836 4.82344 3.25291 3.21077 2.41866 2.40338 3.76367 3.06594 5.24392 4.09363 3.61365 3.47641 3.19509 3.1071 2.80113 2.66949 2.4947 2.40897 2.23358 2.1687 2.04644 3.21709 2.60048 2.22939 2.24291 4.27866 2.21537 2.02161 1.95077 2.11103
threshold=11.500000000000002 29.083260393587619 4.5860089852518895 4.5086161124671804 2.5000000000000004 10.500000000000002 4.8576412516912386 8.5000000000000018 30.500000000000004 157.00000000000003 0.022843246169900296 101.00000000000001 31.500000000000004 -0.70451740662227558 8.5000000000000018 33.433507884216034 3.5000000000000004 0.82108562567001642 23.500000000000004 -0.087824573254756635 6.5000000000000009 18.500000000000004 29.500000000000004 -0.7738824326432866 41.280443992448596 23.500000000000004 0.34968074205704069 6.1502866828504965 181.00000000000003 45.276785475397041
decision_type=2 2 2 2 2 2 2 2 2 2 2 2 2 2 2 2 2 2 2 2 2 2 2 2 2 2 2 2 2 2
left_child=1 2 18 -3 -5 6 14 8 13 10 11 -10 17 -7 27 -11 -8 -9 -1 28 21 -6 23 24 25 -23 -24 -4 29 -18
right_child=-2 3 5 4 20 7 16 12 9 15 -12 -13 -14 -15 -16 -17 19 -19 -20 -21 -22 22 26 -25 -26 -27 -28 -29 -30 -31
leaf_value=6.7000995013384609e-05 3.0668938814793556e-05 0.00075691214287657059 0.00013475337157418181 -0.0044507423284394186 -0.001342631759517777 0.0010820644093511506 4.736026408349225e-06 -0.0029517154873359465 0.0014577935199102526 -0.0030247067454600707 -0.00011456496754459545 0.00010673764948955711 -0.00012707270103928906 -1.1769960265275421e-05 -0.003235919647294274 -0.00078038376186681925 -3.3587687101248628e-05 0.0038874449576805862 0.00031594199830455982 -0.0001104501571627945 -0.0022538397417719591 0.00065706926041240695 0.00027265965025779761 -0.00053045517148772798 0.00098267352253814176 0.0041411705784665208 -0.0050740678049683678 0.0017446605176899253 -0.0013337483064309512 0.00020204638928640871
leaf_weight=2264 177236 645 6676 750 2668 1951 39578 3880 54 1287 4323 93 2515 2126 989 1566 1882 52 757 3093 3933 242 379 559 503 280 280 87 710 2458
leaf_count=2264 177236 645 6676 750 2668 1951 39578 3880 54 1287 4323 93 2515 2126 989 1566 1882 52 757 3093 3933 242 379 559 503 280 280 87 710 2458
internal_value=-1.17879e-05 -0.000225225 -8.85495e-05 -0.00124426 -0.00147384 -0.0001548 7.57185e-06 -0.000659494 -0.000166666 -0.000966816 -2.23708e-05 0.00768708 -0.00153094 0.00127054 0.00102941 -0.00244655 -0.00015842 -0.00242116 0.00151937 -0.000955421 -0.00124265 -0.000562003 0.000833705 0.00193182 0.00331707 0.00561303 -0.00180577 0.00139287 -0.000316831 8.06458e-05
internal_weight=263816 86580 76341 10239 9594 73320 55473 17847 11400 7323 4470 147 6447 4077 7752 2853 47721 3932 3021 8143 8844 4911 2243 1584 1025 522 659 6763 5050 4340
internal_count=263816 86580 76341 10239 9594 73320 55473 17847 11400 7323 4470 147 6447 4077 7752 2853 47721 3932 3021 8143 8844 4911 2243 1584 1025 522 659 6763 5050 4340
is_linear=0
shrinkage=0.05


Tree=129
num_leaves=31
num_cat=0
split_feature=29 2 21 11 22 11 6 27 11 22 18 6 18 29 6 6 16 17 4 29 29 27 2 6 18 13 23 24 11 20
split_gain=2.04401 2.15125 2.76681 1.90219 2.57687 2.49043 2.14078 2.06396 1.95543 2.92374 4.19097 5.61779 3.83225 3.22936 2.94412 2.43241 3.02761 2.34658 2.26486 4.44131 1.97267 1.93126 1.91684 1.88746 4.44382 2.97743 3.65557 2.62657 3.02649 2.54864
threshold=5.8911258848236683 -0.076187820967903677 30.500000000000004 0.51268057215435525 2.5000000000000004 4.1030636814888899 0.19942570669039353 39.500000000000007 0.16148973527627278 8.5000000000000018 1.1701297279458844 1.3983818657705773 0.29495474440805097 -0.37706383319294912 0.16159424001309894 0.11191186438626136 0.62694215128490582 6.5000000000000009 0.41975972397786582 0.051237293850239694 0.013816729295986154 22.500000000000004 0.40002271503807874 0.77820522768792799 13.003328952775066 1.7611445145961853 1.5000000000000002 13.500000000000002 1.0000000180025095e-35 0.71195915263606502
decision_type=2 2 2 2 2 2 2 2 2 2 2 2 2 2 2 2 2 2 2 2 2 2 2 2 2 2 2 2 2 2
left_child=3 -2 -3 7 5 -5 -6 8 9 10 11 13 -11 14 -1 16 -12 -18 -14 20 22 23 -20 25 27 -17 -27 -25 -29 -26
right_child=1 2 -4 4 6 -7 -8 -9 -10 12 15 -13 18 -15 -16 21 17 -19 19 -21 -22 -23 -24 24 29 26 -28 28 -30 -31
leaf_value=7.8919733831652055e-05 -0.0011746082325660701 0.002072749921347844 1.7029732205078059e-06 -0.00044849845793904576 0.0010590475549666224 -0.0030726670638615452 0.00010715317074972764 -0.00027326426787580038 -0.00014532902122881989 -8.2671285358212844e-05 9.9855585625900514e-05 0.0016947470873327651 -1.3475664872752644e-06 5.9631384119213358e-06 0.00057019329387848696 1.6135817192735187e-05 0.00085167504928977331 5.3249633013298983e-05 -0.00064629797591858368 0.00084908855218561821 0.019282435875789584 -0.00011500971135901368 0.0077995439657437098 -0.00014442330072104238 -0.00038082979803604681 0.0043476384135068095 0.00090075268165032494 0.0020247077490504642 0.00087184195770193115 0.00093899417595364344
leaf_weight=747 2871 53 138 5229 1067 316 66561 616 92505 4686 2570 78 61574 1382 548 14239 160 101 87 1483 52 3497 193 199 1251 168 367 172 483 328
leaf_count=747 2871 53 138 5229 1067 316 66561 616 92505 4686 2570 78 61574 1382 548 14239 160 101 87 1483 52 3497 193 199 1251 168 367 172 483 328
internal_value=2.04389e-05 -0.00126388 0.00387435 3.55259e-05 0.000251733 -0.00078449 0.000336695 -4.88564e-05 -3.93316e-05 0.000120808 0.000568658 0.00241379 -5.21478e-05 0.00202839 0.00382239 0.000352667 0.00172731 0.00685824 4.98515e-05 0.00179063 0.00701807 0.000164703 0.00535714 0.000382403 0.00167283 0.000169894 0.00383178 0.00457845 0.00610687 0.000101331
internal_weight=263721 3062 191 260659 73173 5545 67628 187486 186870 94365 26290 2755 68075 2677 1295 23535 2831 261 63389 1815 332 20704 280 17207 2433 14774 535 854 655 1579
internal_count=263721 3062 191 260659 73173 5545 67628 187486 186870 94365 26290 2755 68075 2677 1295 23535 2831 261 63389 1815 332 20704 280 17207 2433 14774 535 854 655 1579
is_linear=0
shrinkage=0.05


Tree=130
num_leaves=31
num_cat=0
split_feature=29 0 24 24 21 29 18 24 0 21 6 24 18 28 5 1 0 7 5 5 18 23 27 3 27 11 28 27 27 18
split_gain=2.91872 2.1821 2.09541 2.53899 2.35337 2.08176 2.14445 2.80043 3.31598 5.11169 2.37864 2.90092 2.286 2.40851 2.47594 2.09089 3.80377 2.0417 2.04139 1.92601 2.45766 1.92204 1.90363 2.50425 1.89967 1.84057 2.43007 2.71129 1.80753 2.12222
threshold=-2.1968687689319921 4.6383966752493375 11.500000000000002 8.5000000000000018 37.500000000000007 0.8194000712106887 29.083260393587619 8.5000000000000018 4.9913979866649205 33.500000000000007 0.83442945753462106 4.5000000000000009 17.371167667115831 17.500000000000004 2.9804490709113423 281.00000000000006 4.688499415564281 0.30009254443040539 2.8531236761025296 1.6129722275535059 31.375848613157462 1.0000000180025095e-35 1.5000000000000002 -0.65314107361018614 2.5000000000000004 0.077603631898907233 26.500000000000004 8.5000000000000018 36.500000000000007 35.316506877593163
decision_type=2 2 2 2 2 2 2 2 2 2 2 2 2 2 2 2 2 2 2 2 2 2 2 2 2 2 2 2 2 2
left_child=1 -1 3 17 18 28 7 10 9 -9 21 -12 -10 -14 -15 -8 -17 -3 -5 -4 -21 -7 23 -19 -13 26 27 -23 -2 -30
right_child=5 2 19 4 -6 6 15 8 12 -11 11 24 13 14 -16 16 -18 22 -20 20 -22 25 -24 -25 -26 -27 -28 -29 29 -31
leaf_value=-0.0043183190690034446 2.4913422586184328e-05 -0.0022285034851315315 -0.00010901982361083912 -0.0050546619985786957 0.0043346780638786045 -0.0016336743253325473 -0.0016313641143563325 -0.0054568512541849227 -0.00025363626757230802 0.00016469775741124429 -0.00096459375804857782 0.0020239541231105627 4.2470937778622787e-05 0.00068595548472800754 0.0033498666106040256 -0.0034573903732190835 0.0069528452218051836 0.0028147777552586595 0.0049531878094715501 0.00066169805160252526 0.0063291164252662763 0.0015339900978085087 -0.00011799988074960382 0.0054023024988944417 0.00060928565595014998 -0.00023778838716839807 -0.0004288397733946339 6.5174340715653021e-05 -0.00020094786023551643 0.0053052249506496084
leaf_weight=1371 240853 60 394 1933 56 638 2610 1128 1866 729 436 219 214 102 64 66 76 131 96 148 87 205 3072 51 935 2822 286 834 2136 123
leaf_count=1371 240853 60 394 1933 56 638 2610 1128 1866 729 436 219 214 102 64 66 76 131 96 148 87 205 3072 51 935 2822 286 834 2136 123
internal_value=5.3142e-07 -0.00097851 -0.000569011 -0.000887201 -0.0022542 2.87903e-05 -0.00058201 -0.000255773 -0.00127468 -0.00283791 0.000400001 0.00207547 1.781e-05 0.00355263 0.00807229 -0.00182413 0.00408451 -2.71569e-05 -0.00253327 0.00216216 0.00574468 -0.000156739 0.000141365 0.00510989 0.00338822 0.000236316 0.00177359 0.00289702 6.20296e-05 -0.00134573
internal_weight=263741 7399 6028 5399 2085 256342 13230 10478 4103 1857 6375 1590 2246 380 166 2752 142 3314 2029 629 235 4785 3254 182 1154 4147 1325 1039 243112 2259
internal_count=263741 7399 6028 5399 2085 256342 13230 10478 4103 1857 6375 1590 2246 380 166 2752 142 3314 2029 629 235 4785 3254 182 1154 4147 1325 1039 243112 2259
is_linear=0
shrinkage=0.05


Tree=131
num_leaves=31
num_cat=0
split_feature=12 12 29 22 0 18 24 28 22 27 0 28 9 14 29 28 18 27 22 22 18 5 18 2 0 17 29 17 23 27
split_gain=2.06219 2.76386 2.27728 2.43027 2.10892 2.17787 2.0813 3.09743 1.85588 2.24474 1.93848 1.89257 1.86848 2.1458 1.78852 2.68447 1.73366 4.03883 2.30313 1.89235 2.97733 1.76191 1.71645 2.4202 1.64744 2.36678 2.52772 1.95628 1.78536 1.87949
threshold=0.18186775209471476 0.23565954830354988 -0.54786112144431576 2.5000000000000004 4.5086161124671804 1.0040241493716906 14.500000000000002 17.500000000000004 25.500000000000004 30.500000000000004 4.4439066730957402 1.5000000000000002 0.69893153498068161 2.1081324569318554 0.8194000712106887 1.0000000180025095e-35 4.2091984770181687 24.500000000000004 8.5000000000000018 8.5000000000000018 0.9153330097459661 1.630474832658535 0.80007067171630586 -0.70282275414732154 5.2315852847058562 4.5000000000000009 0.16927275702924199 4.5000000000000009 4.5000000000000009 2.5000000000000004
decision_type=2 2 2 2 2 2 2 2 2 2 2 2 2 2 2 2 2 2 2 2 2 2 2 2 2 2 2 2 2 2
left_child=-1 -2 3 4 -3 -6 -7 -8 11 10 -10 -5 -12 -14 24 -16 17 18 -13 20 -19 -21 23 -17 25 -4 -27 -26 29 -29
right_child=1 2 14 8 5 6 7 -9 9 -11 12 16 13 -15 15 22 -18 19 -20 21 -22 -23 -24 -25 27 26 -28 28 -30 -31
leaf_value=3.2947011705266254e-05 -0.0004471185179324081 0.00021840833104072585 0.00038900375893602586 -0.0015528745986185203 0.0015052351702816169 -0.0031960908073380388 -0.0022719545908653628 0.00050197492989880507 0.00052566559958662322 0.00087432986299947133 -0.00090530989553878568 0.0018563600071339473 -0.00033629308329963031 0.00419134083895041 0.00054544220574919593 -0.00050798338042347413 -2.2668873479732141e-05 0.00058937372332089149 -0.00038947126952041013 0.001662034596397655 -0.00092331455865439819 0.00072741322209196753 -0.00085661029039870622 0.0015483961630352544 -0.00041679281878228631 1.1365829682825729e-05 -0.0043568256463503855 0.0011121233328015548 -0.00089715191663184183 0.0019774160743209102
leaf_weight=107420 23347 282 25394 1837 53 1374 743 729 70 679 7604 379 115 84 348 59 20619 69 1169 67 125 68 5645 62 29542 22942 735 8361 3368 229
leaf_count=107420 23347 282 25394 1837 53 1374 743 729 70 679 7604 379 115 84 348 59 20619 69 1169 67 125 68 5645 62 29542 22942 735 8361 3368 229
internal_value=-2.99025e-05 -0.000145933 -5.77014e-05 -0.000396772 -0.00171644 -0.00211797 -0.00230499 -0.000998641 -0.000269119 -0.000902712 -0.00114061 -4.64384e-05 -0.00121492 0.00356784 6.87807e-05 -0.000758913 7.95703e-05 0.00153436 0.000465117 0.00656535 0.00340206 0.0111111 -0.0010163 0.00487603 0.000124654 0.00032076 -3.88557e-05 -0.000107228 0.000432347 0.000814902
internal_weight=263518 156098 132751 36066 3181 2899 2846 1472 32885 8552 7873 24333 7803 199 96685 6114 22496 1877 1548 329 194 135 5766 121 90571 49071 23677 41500 11958 8590
internal_count=263518 156098 132751 36066 3181 2899 2846 1472 32885 8552 7873 24333 7803 199 96685 6114 22496 1877 1548 329 194 135 5766 121 90571 49071 23677 41500 11958 8590
is_linear=0
shrinkage=0.05


Tree=132
num_leaves=31
num_cat=0
split_feature=26 27 27 19 10 24 9 1 3 18 1 24 24 8 18 17 27 21 28 11 3 22 11 13 1 27 19 27 6 20
split_gain=2.43026 2.81765 3.37702 3.29854 2.20697 2.72924 3.92199 2.11299 2.7966 2.56117 1.82402 1.79827 6.31337 7.00215 3.28336 3.18171 2.53175 4.27084 4.34025 4.09392 2.44757 2.83502 3.14337 3.11254 2.42927 2.43063 2.41639 3.5255 3.15071 2.54037
threshold=1.0000000180025095e-35 24.500000000000004 20.500000000000004 11.356957638444367 0.083333333333333356 15.500000000000002 0.46474061088440871 129.00000000000003 -0.0075547756323465559 15.61597331111186 109.00000000000001 10.500000000000002 8.5000000000000018 0.25688904800600959 42.406654588276702 5.5000000000000009 26.500000000000004 35.500000000000007 22.500000000000004 5.1610951398969211 -0.70451740662227558 15.500000000000002 0.029282661969955132 0.11238773764186204 153.00000000000003 20.500000000000004 56.363302583958479 19.500000000000004 0.022843246169900296 0.023043622235898547
decision_type=2 2 2 2 2 2 2 2 2 2 2 2 2 2 2 2 2 2 2 2 2 2 2 2 2 2 2 2 2 2
left_child=11 2 4 -3 -2 6 -6 8 9 10 -5 12 14 15 16 -14 17 18 -1 -18 21 22 23 -20 25 -19 27 29 -28 -13
right_child=1 3 -4 7 5 -7 -8 -9 -10 -11 -12 26 13 -15 -16 -17 19 24 20 -21 -22 -23 -24 -25 -26 -27 28 -29 -30 -31
leaf_value=-1.0068020092974337e-05 0.0014220071972884292 0.00047002849065979322 -0.0024168960611523739 0.00067055282716455987 -0.0044076432733821764 -0.00019941547668368153 -0.00042230593329870128 -0.001626726517475248 -0.0012884974519268943 0.0010577617531570493 0.0021776427404661329 -0.00030890436019549825 -0.0030757081908590498 6.2938128606891575e-05 -0.0019153704011839257 -0.0011216901542129389 6.2248214987087138e-05 0.0001377653010005247 0.0021855621277027024 0.0010257147552272937 9.7427420196421251e-05 0.001862291557685612 -0.00011166288743600832 -1.7878438973337366e-05 -0.0018210184013778116 -0.0011604494896065843 0.0022456931580546314 -4.4798228316678477e-05 0.00016545506788235339 0.0001590170506606738
leaf_weight=40159 1605 252 1169 53 2231 10710 2079 981 184 178 97 15436 4751 7174 3323 3426 9420 2161 102 166 2895 1460 974 80 2030 517 98 17304 47497 85151
leaf_count=40159 1605 252 1169 53 2231 10710 2079 981 184 178 97 15436 4751 7174 3323 3426 9420 2161 102 166 2895 1460 974 80 2030 517 98 17304 47497 85151
internal_value=-5.42299e-06 -0.000541992 -0.000730021 0.00137536 -0.000547368 -0.000735685 -0.00179814 0.000482251 0.00308594 0.00585366 0.0106667 3.75225e-05 -0.000159337 -0.00106899 6.13086e-05 -0.00206922 0.000146088 4.36758e-06 0.000152179 0.000890883 0.00146797 0.00257645 0.000726644 0.00675824 -0.00142948 -0.000440627 0.000131069 9.67055e-06 0.000431769 0.000123078
internal_weight=263663 19539 17794 1745 16625 15020 4310 1493 512 328 150 244124 78638 15351 63287 8177 59964 50378 45670 9586 5511 2616 1156 182 4708 2678 165486 117891 47595 100587
internal_count=263663 19539 17794 1745 16625 15020 4310 1493 512 328 150 244124 78638 15351 63287 8177 59964 50378 45670 9586 5511 2616 1156 182 4708 2678 165486 117891 47595 100587
is_linear=0
shrinkage=0.05


Tree=133
num_leaves=31
num_cat=0
split_feature=12 11 13 18 7 27 12 19 9 24 27 13 17 19 24 24 28 3 12 1 3 28 14 3 27 7 28 2 19 12
split_gain=1.69605 2.37753 2.48508 2.30276 1.86022 2.01894 3.90685 3.06583 3.16988 3.09734 2.44071 2.59425 2.40398 2.11101 2.68176 2.09289 2.07173 2.34915 2.25382 2.01608 2.14349 2.11476 2.00579 1.99036 1.94998 1.82478 1.95593 1.96292 1.80657 1.79749
threshold=0.18557945820485852 0.82453793490313221 2.3232727503546937 52.454160089108875 1.4507961983565558 8.5000000000000018 0.49906955925552587 36.427927951228135 0.55787795102283078 5.5000000000000009 3.5000000000000004 2.9853825634157407 2.5000000000000004 31.550804026682815 14.500000000000002 14.500000000000002 4.5000000000000009 -0.81022791595296451 1.629361002228974 273.00000000000006 -1.2989473524795698 9.5000000000000018 7.4040204650865453 -1.0739094439764287 25.500000000000004 0.6994826636930126 27.500000000000004 -0.98692599773654699 2.8897763494231739 0.70646914207429068
decision_type=2 2 2 2 2 2 2 2 2 2 2 2 2 2 2 2 2 2 2 2 2 2 2 2 2 2 2 2 2 2
left_child=-1 2 -2 4 5 10 -7 19 9 16 11 28 -11 -12 -15 -14 17 -9 -19 20 -8 24 -18 -21 -22 26 27 -16 -3 -10
right_child=1 3 -4 -5 -6 6 7 8 29 12 13 -13 15 14 25 -17 22 18 -20 23 21 -23 -24 -25 -26 -27 -28 -29 -30 -31
leaf_value=3.4404631493471967e-05 -9.2068804810304175e-05 0.0038888293239043616 -0.00056781906221684854 -0.001194950462478609 -0.0010584991075484173 -9.2184903865792945e-05 0.0018406871372985767 0.0011640667569633269 0.00055566332054907163 0.0021070468398651345 0.00051979275660629296 0.0033640862218515264 -0.00017766562517019518 -0.0036186185762062876 0.0031218318650285638 0.00053277056032536836 0.0011547582967491195 -0.00037425222161457353 0.00071806618935917976 -0.00026415115130781265 -0.00035266347048533723 5.0541364277272961e-05 -0.00054409083581171758 0.0017141743608001477 -5.1013936025101118e-05 -0.00055000107254648048 -0.00088018734240120466 0.0012820686406701284 0.00019178209419331942 -0.0009286910072833839
leaf_weight=109492 114621 249 7611 1498 521 5429 95 295 58 60 679 185 1118 1820 85 4779 483 114 65 55 346 1314 150 66 505 690 82 158 10945 455
leaf_count=109492 114621 249 7611 1498 521 5429 95 295 58 60 679 185 1118 1820 85 4779 483 114 65 55 346 1314 150 66 505 690 82 158 10945 455
internal_value=-1.60207e-05 -0.000122693 -0.000223509 0.000258832 0.000351937 0.000402907 0.000804576 0.00139285 0.00188465 0.00216025 -1.20856e-05 0.000343616 0.00170891 -0.00116392 -0.00176367 0.0016076 0.00458898 0.00708861 0.00256983 -0.000172196 -0.000508849 -0.000831408 0.00271722 0.0061157 -0.00277321 0.000295567 0.00338462 0.00563786 0.000246561 -0.00191033
internal_weight=264023 154531 122232 32299 30801 30280 15387 9958 7577 7064 14893 11379 5957 3514 2835 5897 1107 474 179 2381 2260 2165 633 121 851 1015 325 243 11194 513
internal_count=264023 154531 122232 32299 30801 30280 15387 9958 7577 7064 14893 11379 5957 3514 2835 5897 1107 474 179 2381 2260 2165 633 121 851 1015 325 243 11194 513
is_linear=0
shrinkage=0.05


Tree=134
num_leaves=31
num_cat=0
split_feature=0 0 0 17 4 18 0 28 20 23 17 6 29 29 0 19 22 2 18 22 28 19 22 18 22 11 18 2 19 6
split_gain=2.69202 2.17306 1.84048 2.34381 2.47847 2.15919 2.57487 1.99479 1.78366 1.82134 1.74952 1.72969 2.36335 1.84491 1.72668 2.17307 3.95179 4.50044 4.82443 8.84311 6.89868 3.85123 2.88606 2.84993 2.43115 6.5014 4.52981 6.6815 3.71676 4.41841
threshold=5.3011333813679853 5.5341598236142326 4.3895594239587075 5.5000000000000009 -0.42032887886873266 72.055489930407177 4.6916983434607848 1.0000000180025095e-35 0.10696168150944609 1.0000000180025095e-35 6.5000000000000009 0.34619535079014269 0.33712623919258983 0.11586803245802089 5.2538158083088478 12.293154133233626 14.500000000000002 -0.51446991708332634 0.29495474440805097 4.5000000000000009 11.500000000000002 0.65023692081831774 3.5000000000000004 3.8417261996202465 6.5000000000000009 0.088008169148439314 13.003328952775066 -1.162170995916572 50.169020420015215 0.022843246169900296
decision_type=2 2 2 2 2 2 2 2 2 2 2 2 2 2 2 2 2 2 2 2 2 2 2 2 2 2 2 2 2 2
left_child=2 -2 3 -1 7 14 -7 -5 -3 -10 -11 12 13 -12 15 16 17 18 19 20 -4 -18 -20 -17 25 26 27 -25 -26 -30
right_child=1 8 5 4 -6 6 -8 -9 9 10 11 -13 -14 -15 -16 23 21 -19 22 -21 -22 -23 -24 24 28 -27 -28 -29 29 -31
leaf_value=0.00066108984350827463 0.0012408333146900193 -0.0003536059736310381 0.00040548690547585883 0.00042737685280898959 -8.5790802219177281e-05 -0.0025314401010296441 0.0010479635633282799 0.0003633353331099648 0.0019527260892713853 9.0533141572657604e-05 0.0066765909041556831 0.0006442625928979877 -0.0015187044108693631 0.011247352174651382 -0.00064320867337773274 -0.00037624473635057966 -0.00014165328311429424 9.5424157883584299e-05 -0.00045731187468914182 9.5634618617490403e-05 0.0041819665349838008 6.1246590272361677e-06 0.00031232639295960103 0.0015496059029457443 -7.6247215003880304e-05 -0.00051840632247196125 -6.0345167148234922e-05 0.00010596243531941406 0.0020957812923685089 7.4788436694349996e-05
leaf_weight=59 21698 24096 133 65 572 1486 489 1314 1892 10352 175 465 126 101 18607 2412 3228 18775 626 469 86 22018 1898 173 40598 24178 3015 2499 184 61930
leaf_count=59 21698 24096 133 65 572 1486 489 1314 1892 10352 175 465 126 101 18607 2412 3228 18775 626 469 86 22018 1898 173 40598 24178 3015 2499 184 61930
internal_value=-5.17211e-05 0.00024616 -0.000137392 0.00136816 0.00107125 -0.000152314 -0.00179747 0.002219 1.42452e-05 0.000483564 0.000241555 0.00239908 0.004801 0.0073913 -0.000136135 -8.92861e-05 0.000202613 0.000692683 0.00242217 0.00613372 0.0144292 -0.000224193 0.00141046 -0.000191422 -0.000160434 -0.000557508 0.000963602 0.00246258 -4.49795e-05 0.000198185
internal_weight=263719 58905 204814 2010 1951 202804 1975 1379 37207 13111 11219 867 402 276 200829 182222 47233 21987 3212 688 219 25246 2524 134989 132577 29865 5687 2672 102712 62114
internal_count=263719 58905 204814 2010 1951 202804 1975 1379 37207 13111 11219 867 402 276 200829 182222 47233 21987 3212 688 219 25246 2524 134989 132577 29865 5687 2672 102712 62114
is_linear=0
shrinkage=0.05


Tree=135
num_leaves=31
num_cat=0
split_feature=5 0 14 18 21 24 24 21 5 24 0 0 18 18 18 17 1 24 19 22 27 27 3 17 20 27 3 5 11 5
split_gain=2.03588 2.85271 2.95972 2.63368 3.20912 2.39396 3.94275 12.5179 8.43974 5.87459 5.21509 4.49657 7.29165 4.31049 3.73573 3.73238 4.57705 3.63808 4.12901 3.54575 2.98745 2.82512 2.73965 2.67828 2.47926 2.4665 2.45658 2.42601 2.41296 2.58339
threshold=1.156743766152758 4.6344336593550848 6.3890950716381338 6.0588301190220601 40.500000000000007 14.500000000000002 8.5000000000000018 33.500000000000007 4.3892368686248622 10.500000000000002 5.0448809385801114 5.0376407589987657 25.51950395513769 6.9988217678188258 40.267125989099505 5.5000000000000009 205.00000000000003 6.5000000000000009 44.718498577441011 23.500000000000004 28.500000000000004 24.500000000000004 -1.2746328245152851 8.5000000000000018 1.2782096704950086 31.500000000000004 -0.81022791595296451 5.2797220901521653 0.68523801880228752 1.6129722275535059
decision_type=2 2 2 2 2 2 2 2 2 2 2 2 2 2 2 2 2 2 2 2 2 2 2 2 2 2 2 2 2 2
left_child=1 2 -1 4 -3 6 11 8 10 -9 14 12 13 17 -8 -7 -17 18 -2 -14 -19 -13 -16 25 -12 -11 -22 -10 29 -21
right_child=5 3 -4 -5 -6 15 7 9 27 23 24 21 19 -15 22 16 -18 20 -20 28 26 -23 -24 -25 -26 -27 -28 -29 -30 -31
leaf_value=6.8309078586563851e-05 -6.4229088371055737e-05 0.00011816307110212503 0.0022622564500971681 -0.00012965151128703801 0.0011290548888795767 6.8603813907036745e-05 -0.0047263773425457196 -0.0010530066604696373 0.0012843148447940656 0.0011515554453463213 0.00021089959040040461 -0.00021683895480985972 -0.0017484835111528337 0.00026712777862737349 -0.0073854312526264098 9.0393649106645357e-06 -0.00062366894205976447 9.4202452727228716e-05 0.00028577335421826297 -0.0027355238083864131 0.00092586867559180368 -0.0011174089142447371 0.00080408365879959119 -0.00046696398299855526 0.0036323048328833728 -0.00016398662219418203 8.7113933807188087e-05 0.0055508888635308236 0.0024408065080446188 0.001234924937246728
leaf_weight=11252 2722 117555 53 40895 498 32713 8743 1703 135 2612 911 3226 3866 8769 187 13963 7902 649 232 518 107 1091 1167 391 85 542 196 55 659 396
leaf_count=11252 2722 117555 53 40895 498 32713 8743 1703 135 2612 911 3226 3866 8769 187 13963 7902 649 232 518 107 1091 1167 391 85 542 196 55 659 396
internal_value=-1.67929e-05 8.61665e-05 0.000853605 3.15833e-05 0.000151373 -0.00020419 -0.000503567 -0.00108947 -0.00202783 0.000927973 -0.0022068 -7.17751e-05 0.000273822 0.000930967 -0.00254729 9.52824e-06 -0.000496226 -0.000450588 -0.00131686 -0.00125758 0.0022374 -0.00152189 -0.000103397 0.00208745 0.00124498 0.00257134 0.00633663 0.00842105 0.000743802 -0.000919037
internal_weight=263793 170253 11305 158948 118053 93540 38962 16531 11283 5248 11093 22431 18114 12675 10097 54578 21865 3906 2954 5439 952 4317 1354 3545 996 3154 303 190 1573 914
internal_count=263793 170253 11305 158948 118053 93540 38962 16531 11283 5248 11093 22431 18114 12675 10097 54578 21865 3906 2954 5439 952 4317 1354 3545 996 3154 303 190 1573 914
is_linear=0
shrinkage=0.05


Tree=136
num_leaves=31
num_cat=0
split_feature=0 29 29 19 24 2 29 27 1 0 26 0 1 27 13 24 23 5 27 24 0 5 27 16 19 5 5 5 6 16
split_gain=2.50717 2.82885 2.22492 2.19404 2.53747 2.06724 1.64163 2.10804 3.30845 2.04633 1.60221 2.08523 3.66929 3.2459 2.2261 1.88907 2.6133 2.06271 1.99064 1.92523 2.54419 1.9438 1.90586 1.81324 1.78558 2.32324 2.26751 2.19849 2.00108 1.84869
threshold=4.4439066730957402 -1.4571161936178669 5.8911258848236683 35.463656612219623 4.5000000000000009 -0.089270723784941969 -3.1903952382278615 30.500000000000004 241.00000000000003 4.6603476403907047 1.0000000180025095e-35 4.7482908581751948 113.00000000000001 20.500000000000004 7.7110302438202263 28.500000000000004 3.5000000000000004 4.1755266833202755 15.500000000000002 29.500000000000004 5.187905587093609 0.46985207912071225 1.5000000000000002 0.86778900563827055 44.718498577441011 1.748561401894452 0.69764426792753909 1.1460705101752222 0.6368491497175589 2.3449979317198451
decision_type=2 2 2 2 2 2 2 2 2 2 2 2 2 2 2 2 2 2 2 2 2 2 2 2 2 2 2 2 2 2
left_child=1 -1 6 -4 -5 -3 7 9 -9 -2 15 12 13 -12 -13 17 -17 -8 22 20 -18 -22 -19 -15 26 27 -21 28 -26 -27
right_child=2 5 3 4 -6 -7 10 8 -10 -11 11 14 -14 23 -16 16 19 18 -20 24 21 -23 -24 -25 25 29 -28 -29 -30 -31
leaf_value=0.00095369854544632288 -0.007789840384937536 0.00011095457011600169 0.00015672072651967125 -0.0060422660751778779 -0.00077109258242741882 -0.00010264933817214487 3.7895558511679697e-05 0.00039567426306476739 0.0059380361374813256 -0.00095387799811398459 0.0013292189731227396 -0.00018499262311042332 -0.0028509277179926892 -0.007594754457562268 0.0044896530602164851 1.1716983824600391e-05 -0.001340587768017475 -0.0028598891485666733 -0.0014571434944871419 -9.3396398800155535e-05 -0.007754662117915429 0.00053743816488488211 0.00014567663015512686 0.0014246340910446579 -0.00036572063487820658 0.0010470504435194507 -0.00018077373049736861 -0.0012944943629726311 0.00093616442070628021 -0.00060619560296554676
leaf_weight=265 763 3552 793 451 1650 270 205430 347 58 1948 55 16758 2224 127 66 15368 1366 77 1617 3240 295 965 1233 92 448 554 2142 927 308 214
leaf_count=265 763 3552 793 451 1650 270 205430 347 58 1948 55 16758 2224 127 66 15368 1366 77 1617 3240 295 965 1233 92 448 554 2142 927 308 214
internal_value=1.97326e-06 0.00123073 -1.73779e-05 -0.00139599 -0.00224179 0.000884354 -1.83089e-06 -0.00114249 0.00222222 -0.00164515 1.21897e-05 -0.000425421 -0.00177342 0.00368613 -0.000225273 4.8296e-05 -0.000355054 9.82934e-05 -0.00121968 -0.000964719 -0.00213633 -0.000515872 0.000229008 0.000958905 -0.000571939 0.000546716 -0.00108138 -0.000493166 0.00150794 0.00282552
internal_weight=263603 4087 259516 2894 2101 3822 256622 3116 405 2711 253506 19322 2498 274 16824 234184 25827 208357 2927 10459 2626 1260 1310 219 7833 2451 5382 1683 756 768
internal_count=263603 4087 259516 2894 2101 3822 256622 3116 405 2711 253506 19322 2498 274 16824 234184 25827 208357 2927 10459 2626 1260 1310 219 7833 2451 5382 1683 756 768
is_linear=0
shrinkage=0.05


Tree=137
num_leaves=31
num_cat=0
split_feature=12 26 0 4 12 1 16 14 21 11 19 24 1 19 3 5 11 19 6 0 3 21 27 12 27 24 24 19 13 16
split_gain=2.02436 2.26745 2.54117 2.47354 1.81329 2.25521 1.76 1.73364 1.71538 1.70158 2.10677 1.92356 2.50322 2.38517 3.41348 2.32331 2.02527 3.42074 2.67104 1.94966 1.9062 2.0144 2.08317 2.1068 1.88696 1.83148 2.3216 3.46741 2.16954 2.00545
threshold=0.17822859839754898 1.0000000180025095e-35 4.7292907654218128 -0.10118092283066267 0.69613476296221832 205.00000000000003 0.48816107927429803 3.339047601280424 38.500000000000007 0.89638550728203537 16.967990878754971 10.500000000000002 213.00000000000003 55.740029803517508 -0.95882798504883959 1.7962374405998924 0.13923118961334396 44.203173123004881 0.41809012378950344 5.2303599386420521 -0.81716283146449009 30.500000000000004 28.500000000000004 0.5083015389015042 23.500000000000004 5.5000000000000009 14.500000000000002 29.959022625934345 0.67840576512906681 1.3343746847726832
decision_type=2 2 2 2 2 2 2 2 2 2 2 2 2 2 2 2 2 2 2 2 2 2 2 2 2 2 2 2 2 2
left_child=8 9 3 -3 -4 7 -7 -6 -1 10 -2 12 20 14 15 24 17 18 -17 -15 21 22 -12 -24 -13 -11 27 -27 -28 -30
right_child=1 2 4 -5 5 6 -8 -9 -10 25 11 13 -14 19 -16 16 -18 -19 -20 -21 -22 -23 23 -25 -26 26 28 -29 29 -31
leaf_value=4.6691519241805413e-05 2.822794494371125e-05 -0.0036729557486238546 -0.0011424596084488128 0.00055432267241153649 0.00044814032064072467 -0.006141999547515967 0.0038958481749254794 -0.0013197284497071433 -0.00012552299565444497 0.00031362224242650351 0.00052094896713916912 -0.0013006192561969838 -0.0013752351335732192 5.6090947222403697e-05 -0.00010965301042035997 -0.0013880352024842669 -0.00092221150602964097 -0.0010582331839757604 0.0011581499608476005 0.0014147398796767702 -0.00046536657462647514 -0.00022545509960600688 0.0030797203457700612 0.00035469943150917717 -0.0043880142679714133 0.00046438351109757557 2.7247977327493429e-06 -0.0013537646098308416 -8.4284353564468388e-05 0.00041917560332263527
leaf_weight=99655 57762 1422 6114 139 2385 53 316 674 5970 4354 1311 1702 5549 22299 16651 58 851 171 233 99 10087 1927 63 74 507 3005 10283 4637 1378 4177
leaf_count=99655 57762 1422 6114 139 2385 53 316 674 5970 4354 1311 1702 5549 22299 16651 58 851 171 233 99 10087 1927 63 74 507 3005 10283 4637 1378 4177
internal_value=-2.46673e-05 -0.000137792 -0.000826803 -0.00269699 -0.000520855 0.000399651 0.00409214 -4.5766e-05 0.000144853 -8.58139e-05 -0.000167917 -0.000371374 -0.000789542 -0.000184632 -0.000578991 -0.00199319 -0.000327494 0.00233766 0.00563574 0.000170552 -0.000421185 0.000607408 0.00201658 0.00788321 -0.00298325 0.000266222 9.15679e-05 -0.000624182 0.000436924 0.00123312
internal_weight=263906 158281 11103 1561 9542 3428 369 3059 105625 147178 119344 61582 19011 42571 20173 3522 1313 462 291 22398 13462 3375 1448 137 2209 27834 23480 7642 15838 5555
internal_count=263906 158281 11103 1561 9542 3428 369 3059 105625 147178 119344 61582 19011 42571 20173 3522 1313 462 291 22398 13462 3375 1448 137 2209 27834 23480 7642 15838 5555
is_linear=0
shrinkage=0.05


Tree=138
num_leaves=31
num_cat=0
split_feature=18 12 12 1 21 23 23 15 12 11 2 11 22 11 12 22 13 22 1 27 13 6 11 2 21 13 5 11 12 1
split_gain=1.4977 1.49926 1.68527 2.10043 1.66369 1.85766 1.91176 1.74386 1.49689 1.30267 1.27078 1.73607 2.69945 2.86781 2.36583 3.32395 4.48508 2.17949 2.06277 2.01674 2.00762 1.95766 1.93958 2.39091 2.39068 1.83556 2.9164 2.32403 1.81947 2.00691
threshold=62.107379387004379 0.15546429068246626 0.5777414050603088 197.00000000000003 27.500000000000004 5.5000000000000009 1.5000000000000002 2.5000000000000004 0.45377814639633424 0.2729399880609768 0.18574130785540569 0.39065936463426343 2.5000000000000004 3.8081322656428704 1.759114315677379 27.500000000000004 0.59256168902188133 18.500000000000004 197.00000000000003 20.500000000000004 3.0980581599930539 0.51499590658281169 3.3839275911733053 -1.0793467092919162 34.500000000000007 1.7010356156974364 1.3762185003026113 1.2005362815580594 0.70646914207429068 101.00000000000001
decision_type=2 2 2 2 2 2 2 2 2 2 2 2 2 2 2 2 2 2 2 2 2 2 2 2 2 2 2 2 2 2
left_child=10 -2 4 9 -3 6 8 -7 -6 -4 11 20 13 28 -14 16 22 -18 19 -19 21 -1 23 -16 -25 26 -21 -27 29 -13
right_child=1 2 3 -5 5 7 -8 -9 -10 -11 -12 12 14 -15 15 -17 17 18 -20 25 -22 -23 -24 24 -26 27 -28 -29 -30 -31
leaf_value=-5.7776332921038167e-05 0.00073632795452191696 -0.0033066483618354619 0.0017727849364549656 -0.00087127583926172817 0.0010127291889298763 0.0083490416525921884 -0.0024427953128847192 2.6604372915922573e-05 -0.0039603675246361178 0.00088061924960926611 0.00022598173203719236 -0.0038487627199486675 2.6156644479578444e-05 -0.0027530133500837596 -0.00064320144037554737 -0.00062585473254956616 0.00061326738223356784 0.0014227549169880368 0.00061325108637722133 0.00080757230630026141 -0.00056579233148181278 2.9586220168114315e-05 0.0011309674746722562 0.00015412253074570972 0.0019623678576015419 0.0016249460002595779 -0.0018754598003079773 0.00084313778144691617 -0.0016279159452702791 0.00010892457582633499
leaf_weight=73994 741 285 103 803 423 54 1187 178 116 281 58955 230 58859 394 1711 1869 2401 215 382 99 3873 48693 563 1755 249 80 73 116 1500 3525
leaf_count=73994 741 285 103 803 423 54 1187 178 116 281 58955 230 58859 394 1711 1869 2401 215 382 99 3873 48693 563 1755 249 80 73 116 1500 3525
internal_value=-3.34456e-05 -0.000973387 -0.00141399 0.00010952 -0.00222024 -0.00170071 -0.00226535 0.0025 0.000204082 0.00315104 -1.83398e-05 -7.83219e-05 0.000114022 -0.000936448 0.000200814 0.000932409 0.00139456 0.00275995 0.00476684 0.00663808 -0.000190818 -0.000155436 0.000320244 -9.42121e-05 0.00107784 0.00888587 0.00511628 0.0121939 -0.000627973 -3.99461e-05
internal_weight=263707 4171 3430 1187 2243 1958 1726 232 539 384 259536 200581 74021 5649 68372 9513 7644 3366 965 583 126560 122687 4278 3715 2004 368 172 196 5255 3755
internal_count=263707 4171 3430 1187 2243 1958 1726 232 539 384 259536 200581 74021 5649 68372 9513 7644 3366 965 583 126560 122687 4278 3715 2004 368 172 196 5255 3755
is_linear=0
shrinkage=0.05


Tree=139
num_leaves=31
num_cat=0
split_feature=24 28 24 17 1 0 20 27 24 24 11 13 6 29 0 29 23 0 1 28 17 20 3 27 1 28 3 19 12 23
split_gain=1.80279 2.53097 4.39959 5.25683 4.38949 4.26798 3.23927 3.17179 2.34831 2.26568 2.33267 2.91783 2.85599 3.20457 2.85811 2.52535 2.21865 3.50666 2.64274 4.87251 2.75675 2.29039 2.21531 2.13468 3.50465 3.21654 3.06797 2.58564 2.46265 2.1254
threshold=14.500000000000002 20.500000000000004 8.5000000000000018 4.5000000000000009 189.00000000000003 5.0448809385801114 0.7096763166769936 2.5000000000000004 10.500000000000002 28.500000000000004 0.60914849291001449 0.079414708181047303 0.16635297516700287 -1.3663842572693345 4.5208249664032918 0.54280278330869824 3.5000000000000004 4.3036100609115797 153.00000000000003 11.500000000000002 3.5000000000000004 0.019039544983716874 -0.70451740662227558 9.5000000000000018 189.00000000000003 22.500000000000004 -0.83896466102864531 25.153835959944125 0.10514702172253368 2.5000000000000004
decision_type=2 2 2 2 2 2 2 2 2 2 2 2 2 2 2 2 2 2 2 2 2 2 2 2 2 2 2 2 2 2
left_child=1 -1 4 5 22 -4 -7 -6 -5 10 12 -12 13 -2 -15 -16 18 -18 21 -20 -21 -11 -3 27 -25 26 -26 28 -10 -27
right_child=9 2 3 8 7 6 -8 -9 23 16 11 -13 -14 14 15 -17 17 -19 19 20 -22 -23 -24 24 25 29 -28 -29 -30 -31
leaf_value=-1.3191665521154667e-05 0.0014360488191344795 0.00085705637428790885 -0.0058268641944349484 -0.0017309126911962702 0.00041130681091419339 -0.00086412578614640425 0.0031321904490230535 -0.0023134120577349218 -0.0011270892158799289 0.0024704606708925701 0.00049218578390388692 0.00014578772510264972 -2.1680482239088891e-05 -0.00011340689013104681 0.00012227106931212578 0.0027695899452308366 0.00056140161731322419 -0.00021915269719216041 0.00030380501501106838 0.0028878669533833573 -0.0010872601783977435 -0.00014356217552050307 5.1970952082812984e-05 1.3010780109059504e-06 0.0037950857954571517 0.0026462445210599754 0.00074991185511945151 -0.00070376735202231223 0.0016707340788525038 -0.00083848132572598901
leaf_weight=85500 266 2135 4332 3082 1113 189 231 2254 426 108 4572 26526 81635 208 12182 846 79 10793 9255 68 2374 4342 5368 640 76 97 50 4428 537 118
leaf_count=85500 266 2135 4332 3082 1113 189 231 2254 426 108 4572 26526 81635 208 12182 846 79 10793 9255 68 2374 4342 5368 640 76 97 50 4428 537 118
internal_value=-1.8951e-05 -0.000172822 -0.000614531 -0.00119386 0.000142595 -0.0025505 0.00226191 -0.00135729 -0.000511952 9.207e-05 0.000181012 0.00055695 5.81273e-05 0.000731744 0.000622545 0.000715383 -0.000323475 -0.000875643 4.83068e-05 0.000442849 -0.00154382 -0.000988763 0.000815674 3.6096e-05 0.00218145 0.00627566 0.012619 -0.000354294 0.00199377 0.00255814
internal_weight=263830 110576 25076 14206 10870 4752 420 3367 9454 153254 126235 31098 95137 13502 13236 13028 27019 10872 16147 11697 2442 4450 7503 6372 981 341 126 5391 963 215
internal_count=263830 110576 25076 14206 10870 4752 420 3367 9454 153254 126235 31098 95137 13502 13236 13028 27019 10872 16147 11697 2442 4450 7503 6372 981 341 126 5391 963 215
is_linear=0
shrinkage=0.05


Tree=140
num_leaves=31
num_cat=0
split_feature=12 26 18 29 18 22 28 16 24 12 21 13 28 22 23 21 13 24 12 13 20 29 17 12 29 12 24 21 15 27
split_gain=1.78996 2.52469 2.30453 1.85639 1.59536 4.64669 3.70462 2.47767 2.29375 2.05117 2.0255 1.96762 1.68061 2.09761 1.58148 2.0963 1.94837 1.94788 1.57537 1.85758 1.85615 2.45185 1.5313 2.61512 1.95194 3.35169 2.90841 2.27259 2.21434 1.9787
threshold=0.18384129737309593 1.0000000180025095e-35 27.128754031150198 5.8911258848236683 0.9153330097459661 6.5000000000000009 4.5000000000000009 1.7953993681539062 19.500000000000004 0.24257967908490433 37.500000000000007 1.0854976222991393 27.500000000000004 13.500000000000002 1.0000000180025095e-35 57.500000000000007 2.8838566901552962 29.500000000000004 0.24990746093079488 0.23185252707371579 0.13223927504471258 -0.58499218565636679 8.5000000000000018 0.4831227083900958 -0.38423582872657108 1.3261992404697041 15.500000000000002 58.500000000000007 19.500000000000004 9.5000000000000018
decision_type=2 2 2 2 2 2 2 2 2 2 2 2 2 2 2 2 2 2 2 2 2 2 2 2 2 2 2 2 2 2
left_child=14 3 -3 4 5 6 -2 -8 -9 -6 11 -7 13 -12 15 16 17 -1 19 20 -11 -22 24 -24 25 27 29 -20 -26 -27
right_child=1 2 -4 -5 9 10 7 8 -10 18 12 -13 -14 -15 -16 -17 -18 -19 22 -21 21 -23 23 -25 28 26 -28 -29 -30 -31
leaf_value=-4.5490659029723344e-05 0.00031235237628962924 -0.00057130856449616539 -0.0025127628396901754 -0.0013620162613288548 -0.00040101397462565555 1.0085792656449318e-06 0.00038050109747150211 0.0033451008101019288 0.00062967953104957125 0.0029517546305165825 0.00043780869084485466 -0.00063856315738030527 -0.00038765783717163461 0.00082978123257267393 5.058358760242646e-05 0.00034055936372527135 -0.0019455016682638085 -0.0011151859160196168 -0.00052534691612968177 4.2609225199430743e-05 0.0012871553820621405 -0.0017412688440254006 0.00018459088435878476 -3.6019121044154053e-07 2.7851462925046235e-05 -0.0013933704412099448 0.00036137821148283979 0.00047090452723738837 0.00043272232118549164 9.2565028989071078e-05
leaf_weight=14194 248 9520 1461 1921 22568 1193 146 86 51 628 70 292 207 217 93191 75 353 588 22739 1483 74 214 3093 5969 69202 2869 6812 94 892 3174
leaf_count=14194 248 9520 1461 1921 22568 1193 146 86 51 628 70 292 207 217 93191 75 353 588 22739 1483 74 214 3093 5969 69202 2869 6812 94 892 3174
internal_value=-2.17728e-05 -0.00013065 -0.000861487 -7.50122e-05 -5.41727e-05 0.00119522 0.0053484 0.00925795 0.0140876 -7.66028e-05 8.08495e-05 -0.00084175 0.00285425 0.00533101 0.000134132 -0.000338592 -0.000379914 -0.000292247 7.42108e-06 0.00127553 0.00304585 -0.000277777 -1.90688e-05 0.000604724 -7.2507e-05 -0.000373514 0.000272268 -0.00073709 8.07493e-05 -0.000526228
internal_weight=263624 155223 10981 144242 142321 2510 531 283 137 139811 1979 1485 494 287 108401 15210 15135 14782 117243 2399 916 288 114844 9062 105782 35688 12855 22833 70094 6043
internal_count=263624 155223 10981 144242 142321 2510 531 283 137 139811 1979 1485 494 287 108401 15210 15135 14782 117243 2399 916 288 114844 9062 105782 35688 12855 22833 70094 6043
is_linear=0
shrinkage=0.05


Tree=141
num_leaves=31
num_cat=0
split_feature=26 29 27 16 3 11 19 27 24 24 22 22 0 18 0 24 6 29 0 22 29 5 29 2 9 4 18 27 24 5
split_gain=1.99864 2.41 2.79171 1.80292 1.78336 1.75797 1.83016 4.23596 3.7495 7.42917 4.13503 2.46905 2.21912 2.22911 2.19023 2.18555 2.07669 2.04885 1.90672 1.88927 1.75539 1.92433 1.67245 1.81137 2.0654 1.67102 1.65259 1.65151 1.7349 1.62615
threshold=1.0000000180025095e-35 -0.98629016210140319 30.500000000000004 0.40345392302758937 0.0371356347689989 0.62998908618352434 58.467286815758271 8.5000000000000018 5.5000000000000009 14.500000000000002 19.500000000000004 4.5000000000000009 5.0258752632043366 21.263223200823713 4.8882269033423915 28.500000000000004 0.6694263095848928 -1.7690543140210224 4.953885222277969 18.500000000000004 3.3334073898702967 0.69764426792753909 0.46942941679837918 0.077462377750028219 0.58036029094032049 -0.5088919993798815 15.849253963480669 10.500000000000002 10.500000000000002 2.0274090822564257
decision_type=2 2 2 2 2 2 2 2 2 2 2 2 2 2 2 2 2 2 2 2 2 2 2 2 2 2 2 2 2 2
left_child=5 -2 3 22 -4 -1 7 -7 10 11 -8 -10 13 14 29 -11 18 -15 19 25 21 27 -3 -24 -25 -9 -16 28 -13 -12
right_child=1 2 4 -5 -6 6 8 16 9 15 12 20 -14 17 26 -17 -18 -19 -20 -21 -22 -23 23 24 -26 -27 -28 -29 -30 -31
leaf_value=-1.529251854266814e-05 -0.0025235670669740656 -0.0013506639877525477 0.0010201193821818544 -3.7043140551718692e-05 -0.0022595068402331609 0.0004190892220026832 0.00015232534668404213 -0.00080924399443625108 -0.0030929548108432946 0.00046102204029949882 0.00096216529226981996 0.0013549524914924747 -0.00023042922938754795 0.0074565072674165405 0.0005209422095609473 -0.00020179164334922586 -4.6301288941874505e-05 0.0014455265142723822 -0.0014224002891088329 -0.0007748983671173195 0.0011945331674311529 -0.001029655675761385 -0.0027982622645621406 0.008049304228840504 0.0026709507419878957 7.8357632301669948e-05 -0.0011585394676609897 -0.00014053817311773513 0.0037136840400984051 0.00053428518241028405
leaf_weight=185056 1806 5986 485 10586 105 26639 1494 501 1137 9516 143 71 279 77 102 2102 8209 965 857 1087 473 3690 154 117 309 1012 57 175 57 50
leaf_count=185056 1806 5986 485 10586 105 26639 1494 501 1137 9516 143 71 279 77 102 2102 8209 965 857 1087 473 3690 154 117 309 1012 57 175 57 50
internal_value=-2.1534e-05 -0.00050798 -0.000330853 -0.000447178 0.00305085 1.74776e-05 0.000255908 5.22131e-05 0.000638612 0.000347832 0.00221977 -0.0011476 0.00392708 0.00474175 0.00818182 0.00106903 -0.000742328 0.00357966 -0.00177032 -0.00109615 -0.000618002 -0.000959178 -0.00109808 0.00146552 0.00314554 4.62663e-05 0.00383648 0.00287129 0.0071875 0.0117617
internal_weight=263297 19548 17742 17152 590 243749 58693 38305 20388 17221 3167 5603 1673 1394 352 11618 11666 1042 3457 2600 4466 3993 6566 580 426 1513 159 303 128 193
internal_count=263297 19548 17742 17152 590 243749 58693 38305 20388 17221 3167 5603 1673 1394 352 11618 11666 1042 3457 2600 4466 3993 6566 580 426 1513 159 303 128 193
is_linear=0
shrinkage=0.05


Tree=142
num_leaves=31
num_cat=0
split_feature=8 8 24 22 21 2 22 2 5 22 22 21 12 12 19 7 15 16 11 22 21 24 4 22 2 16 24 11 17 5
split_gain=1.77977 2.16244 1.60523 1.55724 2.13557 1.52453 2.35963 2.32993 3.44664 1.71448 1.64299 1.74471 1.80589 1.67003 1.90146 1.84398 1.63702 1.61663 1.61027 1.99078 1.97494 1.89012 2.91597 2.47559 2.10794 4.02177 3.96968 2.41532 1.94577 1.9001
threshold=2.4258701659697661 1.1110763684696017 9.5000000000000018 20.500000000000004 35.500000000000007 -1.7070389538898059 26.500000000000004 -1.2070313515381357 1.1349619381775733 29.500000000000004 2.5000000000000004 34.500000000000007 1.5124841460464775 0.42665195221933822 16.413112548491402 0.99548470605491735 27.500000000000004 4.7749535734160036 0.80877819329229028 9.5000000000000018 35.500000000000007 6.5000000000000009 -0.47394046729271372 18.500000000000004 -0.47907854987981707 2.3039042276390114 17.500000000000004 2.2981344196263476 6.5000000000000009 1.059601370114956
decision_type=2 2 2 2 2 2 2 2 2 2 2 2 2 2 2 2 2 2 2 2 2 2 2 2 2 2 2 2 2 2
left_child=1 5 -3 -4 -5 6 10 8 16 -10 -1 12 17 14 15 -13 -7 -12 -9 -20 21 22 23 28 29 -26 -27 -28 -21 -23
right_child=-2 2 3 4 -6 7 -8 18 9 -11 11 13 -14 -15 -16 -17 -18 -19 19 20 -22 24 -24 -25 25 26 27 -29 -30 -31
leaf_value=-0.00070003631903146836 -0.00040198324091236044 -0.0002681653369398848 0.00035135340702608406 0.001143513742473883 0.0014214660835597847 0.00015495689224032271 -0.00050539276140454511 -1.7425405563714888e-05 -0.00024337010918384645 -0.001251741496661244 0.00029863354090123935 0.0020148846816460549 0.00065425977336364008 -0.0014333731162377769 -0.00020669937448651484 -1.3190916049284585e-05 0.0010680126089701086 -0.00020624123029634622 -9.132916933195836e-05 -0.00023593907358617047 0.0004708948296931071 -0.00053266958558600508 0.00025839985053866302 0.0016440687253471789 0.00037915775415865076 -0.00042844165808231884 0.0023354021020954899 0.0050935854674922006 0.0022908054509791702 9.1074078069146162e-05
leaf_weight=894 1946 390 679 262 70 3230 2475 196690 10620 1603 2998 88 3339 854 514 73 71 1015 11157 292 2525 2901 3166 642 10691 104 87 72 52 4274
leaf_count=894 1946 390 679 262 70 3230 2475 196690 10620 1603 2998 88 3339 854 514 73 71 1015 11157 292 2525 2901 3166 642 10691 104 87 72 52 4274
internal_value=-1.45573e-05 -3.36039e-06 0.00195575 0.00300692 0.00581325 -1.38997e-05 0.000530613 -4.07768e-05 -0.000633857 -0.00102103 0.000879796 0.00108546 0.00140506 -0.000451275 0.00140741 0.00614907 0.000799758 0.000690257 -1.20291e-06 0.000306427 0.000555914 0.000405727 0.00136802 0.00374239 0.000185339 0.000621691 0.00673004 0.0116981 0.000319768 -0.000480836
internal_weight=263774 261828 1401 1011 332 260427 12250 248177 15524 12223 9775 8881 7352 1529 675 161 3301 4013 232653 35963 24806 22281 4152 986 18129 10954 263 159 344 7175
internal_count=263774 261828 1401 1011 332 260427 12250 248177 15524 12223 9775 8881 7352 1529 675 161 3301 4013 232653 35963 24806 22281 4152 986 18129 10954 263 159 344 7175
is_linear=0
shrinkage=0.05


Tree=143
num_leaves=31
num_cat=0
split_feature=8 24 19 2 4 17 11 22 28 13 22 3 3 4 29 11 22 28 18 2 20 16 24 29 29 19 22 29 13 5
split_gain=2.0329 1.67393 2.51866 3.58296 3.45022 3.17631 3.36141 5.84461 6.11461 9.35609 4.9143 3.78671 3.24898 2.75592 2.6922 2.68531 2.66051 2.60164 6.07427 4.44146 2.85319 2.57542 2.55208 2.41205 2.61267 5.33544 4.24086 3.73754 3.59219 2.92784
threshold=2.4258701659697661 14.500000000000002 55.034487268139024 -0.053304017702522861 -0.48308019287008619 3.5000000000000004 0.15527374140129752 7.5000000000000009 11.500000000000002 0.087156878107754784 2.5000000000000004 -0.83896466102864531 -1.2042939719806671 0.23101795911417633 -1.0546084750942197 0.54896110403193366 15.500000000000002 12.500000000000002 0.45961432632493199 -1.6597463792871265 0.023995289403189974 3.6223557785107601 18.500000000000004 -0.19247936463101048 0.31418103884466758 43.60571307918071 15.500000000000002 0.092913111693786563 0.12295287278535988 0.56736183440388877
decision_type=2 2 2 2 2 2 2 2 2 2 2 2 2 2 2 2 2 2 2 2 2 2 2 2 2 2 2 2 2 2
left_child=1 23 4 13 5 14 7 8 -7 10 -10 -12 -9 15 -3 -4 -5 18 -6 -19 -21 -17 -23 -1 25 27 -27 -25 -28 -29
right_child=-2 2 3 16 17 6 -8 12 9 -11 11 -13 -14 -15 -16 21 -18 19 -20 20 -22 22 -24 24 -26 26 28 29 -30 -31
leaf_value=-0.00014940935360109088 -0.00053069046066651915 0.0015824659778225518 2.4051756964456795e-05 0.00014929259190924469 -9.4240200189936384e-05 4.1260917131987411e-06 -0.00069688572250686874 0.00041999374020196132 0.0021195154322289334 0.00097419086916246877 0.0027421930969761242 0.00066470678776736842 -0.00027750934273374671 0.0021227649899513163 0.00011312605490779024 0.00044346184624188009 0.0013585436304729742 0.0013376738787475465 1.8607926936296687e-05 0.00092234779354596105 7.3441802320696687e-05 0.00073430286897698156 -0.00035232988129260971 -6.8972864685671998e-05 -0.00014653468539063485 4.4057189841319031e-05 0.0011531190725536289 6.3665315042295265e-05 0.00048958021002216729 0.0021971768781429524
leaf_weight=47932 1977 150 29144 441 973 1344 11058 607 75 565 78 79 4392 56 1220 10039 390 315 76529 282 10243 950 3127 18470 23182 2325 909 8368 1750 6563
leaf_count=47932 1977 150 29144 441 973 1344 11058 607 75 565 78 79 4392 56 1220 10039 390 315 76529 282 10243 950 3127 18470 23182 2325 909 8368 1750 6563
internal_value=-3.14186e-05 -1.93452e-05 8.79939e-05 0.000406144 -4.21642e-05 -0.000642886 -0.000817672 2.80118e-05 0.00221392 0.00568381 0.0141379 0.00910828 -0.000908181 0.000343753 0.00167883 0.000329404 0.00365824 9.08973e-05 -1.05798e-05 0.000816421 0.000641331 0.000895438 -0.000164336 -0.000168403 3.86577e-05 0.000291781 0.00181782 6.40705e-05 0.00318165 0.000652335
internal_weight=263533 261556 152057 44147 107910 19568 18198 7140 2141 797 232 157 4999 43316 1370 43260 831 88342 77502 10840 10525 14116 4077 109499 61567 38385 4984 33401 2659 14931
internal_count=263533 261556 152057 44147 107910 19568 18198 7140 2141 797 232 157 4999 43316 1370 43260 831 88342 77502 10840 10525 14116 4077 109499 61567 38385 4984 33401 2659 14931
is_linear=0
shrinkage=0.05


Tree=144
num_leaves=31
num_cat=0
split_feature=5 27 24 24 21 5 21 21 3 18 7 18 28 12 29 17 20 16 7 18 21 21 29 27 24 7 17 29 18 5
split_gain=1.7971 2.49245 3.07581 6.97362 4.47088 4.07854 3.51292 3.44163 2.88591 2.56003 2.46475 2.342 2.22488 2.04341 2.03262 1.93951 2.53743 2.49366 2.18757 1.88179 2.39511 2.82641 1.92598 1.87827 1.82576 3.41288 3.09977 5.60664 3.15207 3.10804
threshold=1.1674336495483042 9.5000000000000018 14.500000000000002 8.5000000000000018 31.500000000000004 4.1755266833202755 37.500000000000007 33.500000000000007 -0.86139363135592462 17.131166962195127 0.62830596104012726 12.78051326677349 32.500000000000007 0.19107429257261446 -1.4571161936178669 6.5000000000000009 1.2782096704950086 2.5351851135752379 0.52494537242880368 3.0858973876795517 30.500000000000004 27.500000000000004 -0.74406408122561807 7.5000000000000009 28.500000000000004 0.3711699720524278 4.5000000000000009 -1.0308775640211452 9.0979409974958525 1.6496430163984204
decision_type=2 2 2 2 2 2 2 2 2 2 2 2 2 2 2 2 2 2 2 2 2 2 2 2 2 2 2 2 2 2
left_child=15 2 3 4 9 7 12 -5 14 -2 -7 -10 19 -9 -6 -1 -17 18 -18 20 21 -4 -23 -15 -3 -26 27 29 -29 -27
right_child=1 24 6 5 8 10 -8 13 11 -11 -12 -13 -14 23 -16 16 17 -19 -20 -21 -22 22 -24 -25 25 26 -28 28 -30 -31
leaf_value=1.6192887695167339e-05 0.00066464062196333899 1.1112879833350259e-05 -0.00069651565796277235 -0.003147326014204688 -0.00076545222078297872 0.00011978894836805694 -0.00075930909746344498 -0.00099533392914975013 -0.0011460562691650328 -0.0001931013705615194 0.0038570343679554808 0.00092352647673166189 0.001564078211922156 0.00057528896973037334 -0.005612198190867914 0.000121643520494051 -0.00022259902633582336 -0.0014510075757335379 9.6033129379584337e-05 -4.2293108589811754e-05 0.00033180208201244584 0.0025762774873100921 0.0025072516164184096 0.0037385405969692555 0.00055958024572700694 0.0003581058490143155 -0.00028253195288748011 -0.00010942484175252897 0.00015055949915715613 0.0027034345550882503
leaf_weight=150791 2063 59072 64 7749 279 153 1564 338 630 1435 94 556 638 408 425 14435 1718 908 3526 7597 687 61 105 110 241 161 5538 671 1709 144
leaf_count=150791 2063 59072 64 7749 279 153 1564 338 630 1435 94 556 638 408 425 14435 1718 908 3526 7597 687 61 105 110 241 161 5538 671 1709 144
internal_value=-1.28845e-05 -0.000190502 -0.000617486 -0.00109902 0.000319229 -0.00196227 2.2397e-05 -0.0021441 -0.00164021 0.00137793 0.00437247 -0.000134907 0.000396635 0.000864487 -0.00417614 8.29751e-05 0.000538204 -0.000312093 0.000106789 0.000183228 0.00232279 0.00673913 0.0101807 0.00283784 -3.27227e-05 -0.000719517 -0.000891402 0.000502794 -0.000315125 0.00688525
internal_weight=263870 92492 24956 14240 5388 8852 10716 8605 1890 3498 247 1186 9152 856 704 171378 20587 6152 5244 8514 917 230 166 518 67536 8464 8223 2685 2380 305
internal_count=263870 92492 24956 14240 5388 8852 10716 8605 1890 3498 247 1186 9152 856 704 171378 20587 6152 5244 8514 917 230 166 518 67536 8464 8223 2685 2380 305
is_linear=0
shrinkage=0.05


Tree=145
num_leaves=31
num_cat=0
split_feature=0 22 24 24 0 0 5 27 3 22 18 21 1 1 19 18 12 5 27 6 5 27 24 27 1 1 5 17 18 6
split_gain=1.63889 1.64789 1.44118 4.86598 7.31541 4.17463 2.80772 2.39089 2.75192 2.74814 3.02489 2.58053 2.52469 2.47485 2.29725 2.949 2.31015 2.10723 2.06939 2.04896 1.90918 3.20138 3.56184 3.43034 4.48331 3.92733 2.3897 2.41616 2.37345 2.3285
threshold=4.4439066730957402 30.500000000000004 10.500000000000002 8.5000000000000018 4.9913979866649205 4.5086161124671804 4.1755266833202755 27.500000000000004 -0.72450570409769888 24.500000000000004 14.189292361214495 35.500000000000007 157.00000000000003 201.00000000000003 50.812282665323643 32.587699804126515 0.66225385881370802 1.748561401894452 33.500000000000007 0.48904284183173008 0.62832612114087827 7.5000000000000009 5.5000000000000009 21.500000000000004 189.00000000000003 137.00000000000003 1.9709976097904913 3.5000000000000004 52.454160089108875 0.92701573875340959
decision_type=2 2 2 2 2 2 2 2 2 2 2 2 2 2 2 2 2 2 2 2 2 2 2 2 2 2 2 2 2 2
left_child=1 -1 3 6 5 19 7 11 9 10 -9 20 -13 17 -11 -16 -17 -12 -7 -5 29 28 23 25 -25 -23 -26 -28 -22 -2
right_child=2 -3 -4 4 -6 18 -8 8 -10 14 13 12 -14 -15 15 16 -18 -19 -20 -21 21 22 -24 24 26 -27 27 -29 -30 -31
leaf_value=7.478049789640779e-05 -0.00037761374656518311 0.00044213089903951357 2.2743447123331939e-05 -0.0025247868713862741 -7.681550862161202e-05 -0.0039589197785127499 -0.0019102149196402165 0.00018653001578665255 -2.1319203190238681e-06 2.207687669138634e-05 -0.00026063065706809734 -4.4986167143484152e-05 -0.0019694035474430226 -0.0017373368046331578 0.0024498724902081753 0.0042545632017360127 -0.0016204988593418368 0.0020205409999130195 0.001558940514041939 0.001076596709917935 0.00062160820653873506 0.00075738026737678541 -0.0012018470761174438 -1.7323545748508837e-05 0.00043011936724399224 -0.0015121812025048866 0.0010451440600425057 -0.00018554690266472438 -0.0031249540627989042 0.0026644552881950577
leaf_weight=3912 21696 186 181759 52 8990 5923 911 1291 3758 234 427 2638 2227 816 263 147 107 228 180 82 13968 725 2715 4260 2621 2569 68 593 285 76
leaf_count=3912 21696 186 181759 52 8990 5923 911 1291 3758 234 427 2638 2227 816 263 147 107 228 180 82 13968 725 2715 4260 2621 2569 68 593 285 76
internal_value=1.06238e-06 0.000993168 -1.45983e-05 -0.000194604 -0.000996256 -0.00231201 3.19968e-07 4.09975e-05 0.000892588 0.00189866 0.00116944 -7.27387e-05 -0.00117163 -0.000380693 0.00458056 0.00644101 0.00259843 0.0019084 -0.00250369 0.00641791 3.50982e-05 0.000309668 -0.000240572 0.000165191 0.000753116 -0.00118093 0.00214199 -0.000544629 0.000832808 -0.000315542
internal_weight=263707 4098 259609 77850 15227 6237 62623 61712 7271 3513 2762 54441 4865 1471 751 517 254 655 6103 134 49576 27804 13551 10836 7542 3294 3282 661 14253 21772
internal_count=263707 4098 259609 77850 15227 6237 62623 61712 7271 3513 2762 54441 4865 1471 751 517 254 655 6103 134 49576 27804 13551 10836 7542 3294 3282 661 14253 21772
is_linear=0
shrinkage=0.05


Tree=146
num_leaves=31
num_cat=0
split_feature=19 19 6 22 24 19 22 19 27 24 24 0 29 21 29 22 20 1 27 4 12 1 27 22 27 0 27 27 27 29
split_gain=1.47082 2.59462 5.39917 3.30097 3.1702 3.14074 3.28048 3.69033 3.29221 2.88317 3.81046 3.33155 7.19925 2.73351 2.89186 2.61793 2.53853 2.49718 2.4529 3.02178 2.93424 2.68334 2.59431 2.84047 2.39252 5.77182 2.24823 2.76445 2.24366 2.19117
threshold=16.967990878754971 40.672777433114675 0.022843246169900296 8.5000000000000018 10.500000000000002 44.718498577441011 7.5000000000000009 59.99486014821899 16.500000000000004 6.5000000000000009 11.500000000000002 5.0258752632043366 -1.409456967099425 32.500000000000007 -0.68361147894660335 23.500000000000004 0.71073997274173584 125.00000000000001 4.5000000000000009 -0.46302056092131688 0.24257967908490433 185.00000000000003 24.500000000000004 29.500000000000004 20.500000000000004 4.6851294144313123 6.5000000000000009 4.5000000000000009 21.500000000000004 5.8911258848236683
decision_type=2 2 2 2 2 2 2 2 2 2 2 2 2 2 2 2 2 2 2 2 2 2 2 2 2 2 2 2 2 2
left_child=-1 24 5 4 -4 -3 8 -8 -7 11 16 13 -13 14 -5 -16 -11 28 19 20 -17 -22 -20 -24 -2 -26 27 -14 -15 -19
right_child=1 2 3 9 -6 6 7 -9 -10 10 -12 12 26 17 15 18 -18 29 22 -21 21 -23 23 -25 25 -27 -28 -29 -30 -31
leaf_value=4.0722244988613713e-05 -0.00014489659468776151 -2.5488129204672772e-05 -0.00066216943400851369 -0.00011019902500596364 -6.3435096307050732e-05 0.00098234556579014057 0.00011937049877787506 0.0022787963523729841 0.00028499773342923433 -0.0014054692425596871 7.2089265589330348e-05 0.0017896816892333846 -0.00025570754064282601 0.0020868724391189123 0.00028922026385134282 0.0031020738938647382 0.00022237939092820876 -8.1678792880016688e-05 -7.2443590579676378e-07 0.0004058112771998584 0.0026209621864295924 -0.0002329201200286435 0.0009199505423371267 -2.3125630475107486e-06 1.5732357764481941e-05 -0.00013005914653538601 -0.0010736963274374052 0.0027236050406157083 -4.2231477080314628e-05 -0.00508146597708878
leaf_weight=114608 41608 259 7468 1551 19969 50 310 110 55 6674 45209 523 331 113 3675 123 3341 2220 544 159 62 83 805 294 4811 6764 1656 119 103 181
leaf_count=114608 41608 259 7468 1551 19969 50 310 110 55 6674 45209 523 331 113 3675 123 3341 2220 544 159 62 83 805 294 4811 6764 1656 119 103 181
internal_value=-2.58924e-05 -0.000129382 2.58374e-05 -8.19242e-06 -0.000470896 0.00415816 0.00638095 0.00440476 0.0142857 0.000179146 2.37222e-05 0.000863499 -0.000718904 0.00128316 0.00178043 0.00229765 -0.000858711 -0.000103171 0.00371981 0.00709602 0.0103358 0.00551724 0.00284236 0.00424022 -0.000409529 -0.00104536 -0.00202279 0.00111111 0.0050463 -0.00056643
internal_weight=263778 149170 95987 95203 27437 784 525 420 105 67766 55224 12542 2629 9913 7296 5745 10015 2617 2070 427 268 145 1643 1099 53183 11575 2106 450 216 2401
internal_count=263778 149170 95987 95203 27437 784 525 420 105 67766 55224 12542 2629 9913 7296 5745 10015 2617 2070 427 268 145 1643 1099 53183 11575 2106 450 216 2401
is_linear=0
shrinkage=0.05


Tree=147
num_leaves=31
num_cat=0
split_feature=0 29 19 7 26 27 18 4 13 13 24 0 4 24 3 27 7 0 4 4 0 0 3 27 20 22 5 7 0 7
split_gain=1.81598 2.16165 2.65826 1.68577 1.60825 2.36598 3.89775 3.6751 3.62777 2.21549 1.9254 2.73711 2.24316 1.90869 2.0868 1.81126 2.51131 1.74344 2.7613 2.87111 1.60116 2.7827 1.49012 2.93991 2.67634 2.8967 2.02772 1.91228 1.84526 2.17914
threshold=5.6757271873972215 0.26451136106598711 16.131242201659806 0.58042724203280049 1.0000000180025095e-35 24.500000000000004 6.0588301190220601 -0.4038596509380315 0.2228545904171865 0.17538470910933926 15.500000000000002 5.0590719231024197 -0.19037711836720475 24.500000000000004 0.34496630906400422 7.5000000000000009 0.517659868012041 4.9665426635412357 -0.047694927049636418 -0.087824573254756635 4.953885222277969 4.7512206636374144 -0.67841173998946747 6.5000000000000009 0.70715826172044671 20.500000000000004 1.9445920004237425 0.88890360102877197 4.735226183131064 1.0589556470193893
decision_type=2 2 2 2 2 2 2 2 2 2 2 2 2 2 2 2 2 2 2 2 2 2 2 2 2 2 2 2 2 2
left_child=4 3 -3 -2 -1 10 7 -7 -9 17 11 12 15 22 -15 16 -6 -8 19 -19 21 -17 23 24 -12 -26 27 -25 -28 -30
right_child=1 2 -4 -5 5 6 9 8 -10 -11 13 -13 -14 14 -16 20 -18 18 -20 -21 -22 -23 -24 26 25 -27 28 -29 29 -31
leaf_value=8.9009260033040799e-06 -0.004357863825183798 -0.004096262196055237 0.010078073226846312 0.0052072676819678266 0.0032943899511495914 0.0011739805011345712 -0.0029936303991055712 -0.00020483955761639366 0.00094531120998812834 -0.0019629930671763761 -0.0015423414481938935 -0.00071383263453312935 -0.010514113623859922 -0.0014069619664125227 0.0016075176992417378 -0.0092096865384307652 -0.0088095929114285071 0.0020335554678512723 -0.00013154439673449011 0.0025755605407872832 -0.0026211754510882504 0.0058297303509524771 -8.634271338429411e-05 0.00051209998309617588 0.0057332565606548168 0.006576781153010889 -8.456709881611495e-05 -0.002240958320848203 0.0027462305537156988 0.0060157442055823506
leaf_weight=243303 749 136 79 52 83 164 180 157 102 791 69 2994 331 4477 695 199 738 181 146 54 253 320 6216 611 66 61 128 355 84 63
leaf_count=243303 749 136 79 52 83 164 180 157 102 791 69 2994 331 4477 695 199 738 181 146 54 253 320 6216 611 66 61 128 355 84 63
internal_value=-1.61836e-05 -0.00212598 0.00232558 -0.00332085 -8.02768e-06 -0.000444717 0.00129578 0.00548463 0.00177606 -1.47923e-05 -0.000618835 -0.00145994 -0.00293139 -0.000296296 -0.00103828 -0.00215317 -0.00378806 0.00238859 0.00430446 0.00765958 -0.000414507 0.00117534 0.000205149 0.00165623 0.00734694 0.0116535 0.000757454 -0.00032091 0.00454546 0.00836735
internal_weight=263837 1016 215 801 262821 19518 1775 423 259 1352 17743 4918 1924 12825 5172 1593 821 561 381 235 772 519 7653 1437 196 127 1241 966 275 147
internal_count=263837 1016 215 801 262821 19518 1775 423 259 1352 17743 4918 1924 12825 5172 1593 821 561 381 235 772 519 7653 1437 196 127 1241 966 275 147
is_linear=0
shrinkage=0.05


Tree=148
num_leaves=31
num_cat=0
split_feature=5 5 19 0 3 24 27 24 0 5 21 5 4 18 24 27 28 18 0 24 7 11 26 7 28 28 18 0 29 1
split_gain=2.06631 2.03077 3.55359 2.01829 2.57556 1.84157 3.94491 7.77993 3.9803 3.31968 2.95468 3.62597 2.91623 2.88439 2.7237 3.82814 3.53928 4.13564 2.79301 2.63131 2.59694 2.54865 2.28366 2.78878 2.46796 2.17128 5.00226 4.86801 6.2682 2.99275
threshold=1.156743766152758 1.2612351914490232 55.740029803517508 4.5989605807911609 -0.39529716972910883 14.500000000000002 8.5000000000000018 8.5000000000000018 5.1344332579712679 4.1755266833202755 31.500000000000004 1.9709976097904913 0.12752393349134036 14.885862422225669 10.500000000000002 26.500000000000004 4.5000000000000009 31.375848613157462 4.6568054714595153 8.5000000000000018 0.87497562840561416 4.1030636814888899 1.0000000180025095e-35 0.86669620246776069 20.500000000000004 11.500000000000002 9.508212964000732 4.7199269281688467 -1.1598050193827298 145.00000000000003
decision_type=2 2 2 2 2 2 2 2 2 2 2 2 2 2 2 2 2 2 2 2 2 2 2 2 2 2 2 2 2 2
left_child=3 2 -2 4 -1 6 7 10 9 -9 11 -3 -10 -13 15 -8 -16 -18 -19 21 -12 -17 23 -20 -25 26 29 -27 -29 -7
right_child=1 5 -4 -5 -6 25 14 8 12 -11 20 13 -14 -15 16 19 17 18 22 -21 -22 -23 -24 24 -26 27 -28 28 -30 -31
leaf_value=7.4927179952717084e-05 -0.00040931295322589253 0.0013730355613913873 -1.2966984030236416e-05 5.7890493511554379e-05 -0.00010222267454460687 -0.0001453192633995142 -0.00011633652988680484 -0.0032661647834445898 0.0018280513721318755 0.0010482200918014593 0.0001046712047017948 0.00033964593164565143 -0.00079474402826592997 -0.0015166186643251487 -0.00084525041305161621 8.8782229722478512e-05 0.00034868686818691793 0.00036072132204277118 0.0037979231268904915 -0.0026384403642517569 -0.0031954813101213518 0.00089396717470234153 -0.0015740385285597229 0.0016075145455677617 0.0043983627661980064 -0.00017946660409770673 6.2020758199792005e-05 0.0012820119249426401 0.00018911599653392662 -2.8782092444638018e-05
leaf_weight=9715 4283 1724 6101 159988 559 2034 10501 6936 181 190 942 688 62 682 1016 5873 3082 238 103 1150 552 254 57 273 61 12523 12393 1171 17232 2895
leaf_count=9715 4283 1724 6101 159988 559 2034 10501 6936 181 190 942 688 62 682 1016 5873 3082 238 103 1150 552 254 57 273 61 12523 12393 1171 17232 2895
internal_value=3.07834e-05 -0.000158481 -0.000817603 0.000134382 0.000813705 -7.58329e-05 -0.000354404 -0.0010889 -0.00209526 -0.00230985 0.000527464 0.00140918 0.00419753 -0.000510948 3.40593e-05 -0.000251996 0.00108696 0.00178553 0.00516394 0.000629381 -0.00129853 0.00104129 0.00730769 0.00853547 0.00631737 0.000123736 -0.000324442 0.000374766 0.000892246 -0.00167174
internal_weight=263459 93197 10384 170262 10274 82813 34565 11957 7369 7126 4588 3094 243 1370 22608 17778 4830 3814 732 7277 1494 6127 494 437 334 48248 17322 30926 18403 4929
internal_count=263459 93197 10384 170262 10274 82813 34565 11957 7369 7126 4588 3094 243 1370 22608 17778 4830 3814 732 7277 1494 6127 494 437 334 48248 17322 30926 18403 4929
is_linear=0
shrinkage=0.05


Tree=149
num_leaves=31
num_cat=0
split_feature=27 4 19 24 1 14 5 18 13 7 7 29 18 13 4 2 23 24 24 28 29 23 17 2 16 13 19 20 24 14
split_gain=1.39149 1.51646 3.68402 2.1592 2.07844 2.06133 2.73693 1.75677 1.54424 1.78231 1.36719 1.23841 2.58263 2.0598 2.00118 2.28493 1.54626 1.52843 1.75479 1.64505 1.47814 1.93156 2.42222 1.54992 1.57353 1.68621 1.51171 1.73097 1.68382 1.62145
threshold=36.500000000000007 -0.47394046729271372 1.4198908949445443 19.500000000000004 185.00000000000003 3.589194394537532 1.2080310487157713 33.936927570327789 0.22723151578076803 0.34785851542352236 0.87497562840561416 0.31418103884466758 33.936927570327789 0.07509602129515798 0.37130062653243162 0.36945931521520486 1.0000000180025095e-35 9.5000000000000018 6.5000000000000009 2.5000000000000004 0.44442789356771872 2.5000000000000004 4.5000000000000009 0.42731146828776417 0.81093540712242584 1.4200759745327287 14.217910377695636 0.014656284466307621 28.500000000000004 1.8480911699573095
decision_type=2 2 2 2 2 2 2 2 2 2 2 2 2 2 2 2 2 2 2 2 2 2 2 2 2 2 2 2 2 2
left_child=11 2 3 -2 5 6 -4 -6 -3 -10 -9 14 13 -13 -1 -16 -17 18 -14 -19 21 22 -15 24 25 -24 27 -22 -28 -29
right_child=1 8 4 -5 7 -7 -8 10 9 -11 -12 12 17 20 15 16 -18 19 -20 -21 26 -23 23 -25 -26 -27 28 29 -30 -31
leaf_value=2.5407162601965428e-06 0.00027192075716113298 -0.00050127233746624547 -0.0017968276818141231 5.6692955241984144e-05 -0.0040941836276481387 -0.003963156275264338 0.0027442077602649762 -0.0023351213794199988 0.00063268588460927409 -0.00012946723705498691 0.0074585432456990624 0.00016796490924364844 -0.0018086048837884349 -0.0013842258252873248 0.0030934402722493856 -0.0031782736316779293 0.00074600602959471818 0.007449002994874031 -0.0077395170617414605 -0.00015136286556465906 -0.0017868235371120884 -0.0019183089155737623 0.0051119871437144962 -0.0024469979823345664 -4.9021212421919861e-05 -0.007671450008320241 -0.00018811432779923716 0.00032803431010341853 -0.0019502347129124961 0.0021662388706426014
leaf_weight=209884 74 881 63 77 491 53 57 72 51 634 56 8001 1001 2913 3249 616 4584 66 421 693 528 6933 920 626 594 59 11608 6585 855 1153
leaf_count=209884 74 881 63 77 491 53 57 72 51 634 56 8001 1001 2913 3249 616 4584 66 421 693 528 6933 920 626 594 59 11608 6585 855 1153
internal_value=-1.98252e-05 -0.00119171 0.000392365 0.00754967 -0.000972222 0.00387283 0.0075 -0.00232633 -0.00214559 -0.000364963 0.00289063 -8.57229e-06 -0.00025398 -0.000164316 3.97106e-05 0.000794177 0.000144231 -0.00193031 -0.00289733 -0.000118576 -0.000339903 -0.000780406 -4.30354e-05 0.00120964 0.00204704 0.00327886 -8.39398e-05 0.000440359 -0.000431677 0.000629362
internal_weight=263798 2509 943 151 792 173 120 619 1566 685 128 261289 42956 40775 218333 8449 5200 2181 1422 759 32774 12045 5112 2199 1573 979 20729 8266 12463 7738
internal_count=263798 2509 943 151 792 173 120 619 1566 685 128 261289 42956 40775 218333 8449 5200 2181 1422 759 32774 12045 5112 2199 1573 979 20729 8266 12463 7738
is_linear=0
shrinkage=0.05


Tree=150
num_leaves=31
num_cat=0
split_feature=12 3 12 18 5 13 11 18 16 27 13 18 6 28 4 6 25 12 6 29 18 29 20 6 29 13 3 23 5 23
split_gain=1.71101 1.7364 1.70864 2.96475 2.51441 2.13998 2.12038 1.94157 1.93845 1.64217 1.90376 1.63562 3.58947 3.00476 1.954 2.5123 2.44872 2.24707 2.04747 1.75637 2.15408 1.88591 1.61735 1.75483 1.86389 2.13133 1.77748 1.56428 1.5536 1.47537
threshold=0.17822859839754898 0.57855146471576868 0.35362134067706374 0.64252069234894893 1.2281253662846803 3.5471479290388523 0.091556536260371177 72.055489930407177 1.0000000180025095e-35 20.500000000000004 0.20379411891707008 23.988904727922019 0.022843246169900296 17.500000000000004 -0.24636719143685762 0.16159424001309894 1.0000000180025095e-35 0.12818349221000494 0.22650874048757058 -0.35512439264318191 30.205303573953547 -0.022870959790247915 0.14849258211549268 1.0000000180025095e-35 0.29886960067755736 0.07509602129515798 0.46213578783789483 1.5000000000000002 2.0274090822564257 1.0000000180025095e-35
decision_type=2 2 2 2 2 2 2 2 2 2 2 2 2 2 2 2 2 2 2 2 2 2 2 2 2 2 2 2 2 2
left_child=11 2 3 4 -2 7 -6 -5 -4 -8 -11 22 13 -13 15 16 28 27 -16 29 -21 -22 23 -1 -25 -26 -27 -18 -14 -20
right_child=1 -3 8 5 6 -7 9 -9 -10 10 -12 12 14 -15 18 -17 17 -19 19 20 21 -23 -24 24 25 26 -28 -29 -30 -31
leaf_value=-5.8611759168701663e-05 -3.4059348128895381e-05 -0.0017462004927987097 0.0014602138647467461 -0.0002000420014235717 4.6456934390188574e-06 -0.0010861922367348315 0.0026514341497451154 -0.0021870626517617431 1.4461042707931641e-05 0.00020629259870931748 0.0005700974409479833 0.0031910826829062676 9.4733647490368155e-05 0.00044620283932312514 -8.8411225061521168e-05 9.9005282497609877e-06 0.0038704786305045662 0.0040956060801416823 0.0010317343044428042 0.001144362805755101 0.00045551752967540961 -0.0040471915756051212 -2.4928104959713842e-05 0.00015103096632863972 0.00060280205869225033 -0.00085039545827669577 0.0028040728092640671 0.0002532855720040225 0.0021722371845255611 0.00010404290135683332
leaf_weight=1336 304 579 89 57578 141 1190 171 609 97356 64 55 61 769 68 773 8857 82 79 111 541 199 56 34807 41705 3520 10639 1009 179 123 730
leaf_count=1336 304 579 89 57578 141 1190 171 609 97356 64 55 61 769 68 773 8857 82 79 111 541 199 56 34807 41705 3520 10639 1009 179 123 730
internal_value=4.73939e-06 -9.93443e-05 -8.93004e-05 -0.000298941 0.00285714 -0.000338009 0.00531323 -0.000295082 4.00232e-05 0.00775862 0.0122689 0.00016054 0.000694489 0.00899225 0.000608849 0.000303301 0.00241883 0.00602941 0.00188797 0.00288943 0.00457286 0.000784314 8.805e-05 0.000249275 0.000291352 -0.00018328 -0.0005091 0.0037931 0.0010426 0.00129608
internal_weight=263780 158136 157557 60112 735 59377 431 58187 97445 290 119 105644 12628 129 12499 10089 1232 340 2410 1637 796 255 93016 58209 56873 15168 11648 261 892 841
internal_count=263780 158136 157557 60112 735 59377 431 58187 97445 290 119 105644 12628 129 12499 10089 1232 340 2410 1637 796 255 93016 58209 56873 15168 11648 261 892 841
is_linear=0
shrinkage=0.05


Tree=151
num_leaves=31
num_cat=0
split_feature=4 19 0 19 18 18 23 21 12 17 16 24 16 2 7 14 5 24 19 14 7 8 11 26 9 3 19 4 0 21
split_gain=2.04651 2.28187 1.76295 1.61609 2.16956 1.67143 2.061 2.06514 1.65406 1.61961 2.23897 2.30934 2.13535 1.94132 1.72783 1.69018 1.59434 3.0134 1.69038 1.57566 2.09901 1.57411 1.56429 1.63001 1.62577 1.68524 2.47718 1.42262 1.42734 1.51271
threshold=0.045414351683201036 2.6707671678651699 4.3036100609115797 23.763239852563007 12.328031187125188 23.630710723644555 5.5000000000000009 32.500000000000007 0.60778047344002151 4.5000000000000009 0.56287618950017693 7.5000000000000009 1.3712834172561443 -0.88887397286016012 0.3389386867849849 2.3288880515992836 3.6796983145944195 5.5000000000000009 44.718498577441011 1.1872326307988323 0.44570012382809515 0.61796232157917486 0.061897364682604934 1.0000000180025095e-35 0.75258060464991583 0.36779490619727712 28.626116574922936 0.45325867381061058 5.0195808124667609 34.500000000000007
decision_type=2 2 2 2 2 2 2 2 2 2 2 2 2 2 2 2 2 2 2 2 2 2 2 2 2 2 2 2 2 2
left_child=2 19 -1 4 -3 9 8 -8 -7 10 -5 14 13 -11 -12 16 27 18 -18 20 -2 -16 -13 24 25 -24 -27 28 29 -15
right_child=1 3 -4 5 -6 6 7 -9 -10 12 11 22 -14 15 21 -17 17 -19 -20 -21 -22 -23 23 -25 -26 26 -28 -29 -30 -31
leaf_value=0.00025820680538754553 0.0080362563016417119 0.00031756546226707262 -3.4060322314793984e-05 -0.0010964541850017758 0.00033685207899189777 0.0005545240207782999 0.0040883440647652971 -0.00019612870519440003 -0.00082280302579601559 0.00067151569338044683 -0.0013863065046061905 -0.0016213529671818901 -0.00073094098345990663 0.00017647000213123496 0.00063792360301828947 -0.0017429170570040253 0.001733682588271653 -0.0014099851807247163 -0.00096110322369632019 0.010289838904307333 -0.0041893294051325624 0.0029739725327195985 0.00029195645970735233 -0.0039305785721027286 -0.0017579625697263697 0.011962050538101673 0.0010696616416511196 0.007014963340760608 -1.9244303144768369e-05 0.0011271773496086641
leaf_weight=1008 51 70782 176183 3336 78 708 80 59 259 88 96 108 1575 1090 120 67 52 602 57 94 55 83 596 93 150 51 65 231 6114 256
leaf_count=1008 51 70782 176183 3336 78 708 80 59 259 88 96 108 1575 1090 120 67 52 602 57 94 55 83 596 93 150 51 65 231 6114 256
internal_value=-3.31956e-05 0.00016541 -0.000130706 0.000153118 0.000255434 -0.000301832 0.00157324 0.00726619 0.000754913 -0.000441672 -0.00120902 0.000499266 -8.5866e-05 0.000225547 0.00438127 0.000148778 0.000211855 -0.00205345 0.00559633 0.0055 0.00132076 0.00699507 -0.000592662 5.23566e-05 0.000730859 0.00172753 0.00724138 0.000421272 0.000301609 0.00177563
internal_weight=264187 86996 177191 86796 70860 15936 1106 139 967 14830 4698 1362 10132 8557 299 8469 8402 711 109 200 106 203 1063 955 862 712 116 7691 7460 1346
internal_count=264187 86996 177191 86796 70860 15936 1106 139 967 14830 4698 1362 10132 8557 299 8469 8402 711 109 200 106 203 1063 955 862 712 116 7691 7460 1346
is_linear=0
shrinkage=0.05


Tree=152
num_leaves=31
num_cat=0
split_feature=4 20 18 19 18 5 27 19 18 12 12 23 19 22 24 27 22 18 22 24 4 15 29 24 24 14 13 12 12 27
split_gain=1.49007 1.66213 2.00235 2.82091 2.99962 2.86668 2.85511 2.61056 1.97405 1.7975 2.17432 1.99868 1.52959 2.64382 5.09876 2.66491 3.27377 2.99889 3.37739 2.63773 2.60488 2.91392 2.54744 2.37936 2.74107 3.30885 3.82693 3.50225 2.37528 2.1273
threshold=0.028810395017592312 0.75543956705845494 6.256633962694699 40.672777433114675 5.305932897020516 1.9445920004237425 4.5000000000000009 24.408271411407821 5.6117468613232733 1.0826507723303271 3.4237635428084059 3.5000000000000004 58.467286815758271 13.500000000000002 10.500000000000002 18.500000000000004 30.500000000000004 20.936565974487191 18.500000000000004 6.5000000000000009 -0.48308019287008619 12.500000000000002 -0.16176097343974291 22.500000000000004 13.500000000000002 1.7982622411574765 0.085209767978872822 0.17637778607216045 0.3929407119079954 5.5000000000000009
decision_type=2 2 2 2 2 2 2 2 2 2 2 2 2 2 2 2 2 2 2 2 2 2 2 2 2 2 2 2 2 2
left_child=12 2 3 5 -5 6 9 -8 -7 -2 11 -11 -1 14 19 -15 17 20 -19 -14 -17 23 -23 24 28 26 -26 -27 -22 -16
right_child=1 -3 -4 4 -6 8 7 -9 -10 10 -12 -13 13 15 29 16 -18 18 -20 -21 21 22 -24 -25 25 27 -28 -29 -30 -31
leaf_value=-4.2764291015998123e-05 0.00031142881316734172 0.00034178727366472692 -0.00018064471681273632 0.00054948002269447659 -9.8736579491722455e-05 -0.00022713568729842135 0.0020004099833344996 0.0016980361751899678 0.00074754711311383198 -3.4291587145237778e-05 0.0057374536753261353 -0.0037920927885054462 -0.00033907715865248304 -3.3072920032968461e-05 -0.00078423837174001467 0.00095168716339865799 -0.000641324530549658 -0.00041727875608141252 0.00063250671374258513 -0.0021667631590842991 -0.00046770630151318565 0.00047773093177114271 0.0015253744277809425 -0.00045682652387451611 0.0017270115169002297 0.0019504170797716353 -0.00039735717750552567 0.0011481086618222837 0.00049192882827068022 0.00011589435957116193
leaf_weight=96257 77329 1145 15379 448 325 865 454 56 67 2450 112 1898 4961 20170 2022 1111 2050 3825 7240 3048 915 160 178 924 94 118 309 108 537 19479
leaf_count=96257 77329 1145 15379 448 325 865 454 56 67 2450 112 1898 4961 20170 2022 1111 2050 3825 7240 3048 915 160 178 924 94 118 309 108 537 19479
internal_value=-3.68886e-05 0.000114596 9.2773e-05 0.000188801 0.00319534 0.000160878 0.000192105 0.00392157 -0.00259657 0.00016885 -0.000807174 -0.00098436 -0.000130025 5.29382e-05 -0.000301592 0.000330163 0.000780352 0.00102842 0.000587438 -0.00137845 0.00212393 0.00142686 0.0058284 0.000931781 0.00186929 0.00462639 0.00191067 0.00946903 0.000674932 9.95309e-05
internal_weight=264034 100528 99383 84004 773 83231 82299 510 932 81789 4460 4348 163506 67249 29510 37739 17569 15519 11065 8009 4454 3343 338 3005 2081 629 403 226 1452 21501
internal_count=264034 100528 99383 84004 773 83231 82299 510 932 81789 4460 4348 163506 67249 29510 37739 17569 15519 11065 8009 4454 3343 338 3005 2081 629 403 226 1452 21501
is_linear=0
shrinkage=0.05


end of trees

feature_importances:
Column_0=566
Column_24=372
Column_18=348
Column_27=278
Column_29=253
Column_22=247
Column_19=219
Column_1=205
Column_4=194
Column_21=193
Column_28=179
Column_26=146
Column_5=142
Column_12=122
Column_3=112
Column_17=105
Column_6=99
Column_2=98
Column_13=96
Column_23=88
Column_20=87
Column_11=86
Column_7=84
Column_14=56
Column_16=55
Column_10=53
Column_9=52
Column_8=32
Column_15=19
Column_25=4

parameters:
[boosting: gbdt]
[objective: quantile]
[metric: quantile]
[tree_learner: serial]
[device_type: cpu]
[data_sample_strategy: bagging]
[data: ]
[valid: ]
[num_iterations: 2000]
[learning_rate: 0.05]
[num_leaves: 31]
[num_threads: 2]
[seed: 20261003]
[deterministic: 0]
[force_col_wise: 0]
[force_row_wise: 0]
[histogram_pool_size: -1]
[max_depth: -1]
[min_data_in_leaf: 50]
[min_sum_hessian_in_leaf: 0.001]
[bagging_fraction: 0.8]
[pos_bagging_fraction: 1]
[neg_bagging_fraction: 1]
[bagging_freq: 1]
[bagging_seed: 27986]
[bagging_by_query: 0]
[feature_fraction: 0.8]
[feature_fraction_bynode: 1]
[feature_fraction_seed: 26999]
[extra_trees: 0]
[extra_seed: 5963]
[early_stopping_round: 0]
[early_stopping_min_delta: 0]
[first_metric_only: 0]
[max_delta_step: 0]
[lambda_l1: 0]
[lambda_l2: 0]
[linear_lambda: 0]
[min_gain_to_split: 0]
[drop_rate: 0.1]
[max_drop: 50]
[skip_drop: 0.5]
[xgboost_dart_mode: 0]
[uniform_drop: 0]
[drop_seed: 30954]
[top_rate: 0.2]
[other_rate: 0.1]
[min_data_per_group: 100]
[max_cat_threshold: 32]
[cat_l2: 10]
[cat_smooth: 10]
[max_cat_to_onehot: 4]
[top_k: 20]
[monotone_constraints: ]
[monotone_constraints_method: basic]
[monotone_penalty: 0]
[feature_contri: ]
[forcedsplits_filename: ]
[refit_decay_rate: 0.9]
[cegb_tradeoff: 1]
[cegb_penalty_split: 0]
[cegb_penalty_feature_lazy: ]
[cegb_penalty_feature_coupled: ]
[path_smooth: 0]
[interaction_constraints: ]
[verbosity: -1]
[saved_feature_importance_type: 0]
[use_quantized_grad: 0]
[num_grad_quant_bins: 4]
[quant_train_renew_leaf: 0]
[stochastic_rounding: 1]
[linear_tree: 0]
[max_bin: 255]
[max_bin_by_feature: ]
[min_data_in_bin: 3]
[bin_construct_sample_cnt: 200000]
[data_random_seed: 5357]
[is_enable_sparse: 1]
[enable_bundle: 1]
[use_missing: 1]
[zero_as_missing: 0]
[feature_pre_filter: 1]
[pre_partition: 0]
[two_round: 0]
[header: 0]
[label_column: ]
[weight_column: ]
[group_column: ]
[ignore_column: ]
[categorical_feature: ]
[forcedbins_filename: ]
[precise_float_parser: 0]
[parser_config_file: ]
[objective_seed: 10432]
[num_class: 1]
[is_unbalance: 0]
[scale_pos_weight: 1]
[sigmoid: 1]
[boost_from_average: 1]
[reg_sqrt: 0]
[alpha: 0.8]
[fair_c: 1]
[poisson_max_delta_step: 0.7]
[tweedie_variance_power: 1.5]
[lambdarank_truncation_level: 30]
[lambdarank_norm: 1]
[label_gain: ]
[lambdarank_position_bias_regularization: 0]
[eval_at: ]
[multi_error_top_k: 1]
[auc_mu_weights: ]
[num_machines: 1]
[local_listen_port: 12400]
[time_out: 120]
[machine_list_filename: ]
[machines: ]
[gpu_platform_id: -1]
[gpu_device_id: -1]
[gpu_use_dp: 0]
[num_gpu: 1]

end of parameters

pandas_categorical:null
