tree
version=v4
num_class=1
num_tree_per_iteration=1
label_index=0
max_feature_idx=29
objective=quantile
feature_names=Column_0 Column_1 Column_2 Column_3 Column_4 Column_5 Column_6 Column_7 Column_8 Column_9 Column_10 Column_11 Column_12 Column_13 Column_14 Column_15 Column_16 Column_17 Column_18 Column_19 Column_20 Column_21 Column_22 Column_23 Column_24 Column_25 Column_26 Column_27 Column_28 Column_29
feature_infos=[3.9174506576656842:5.7304380851602943] [91:303] [-4.6209391964739197:6.6781130040119603] [-2.1127544688413775:1.5582263676027908] [-1:0.52312758639412116] [0:9.9154440984925625] [0:4.6209391964739197] [0:2.1127544688413775] [0:6.9893036836044731] [0:1.8567014585212964] [0:1] [0:18.514290500025005] [0:17.943278717702203] [0:23.11690120620333] [0:20.81224925580868] [0:30] [0:17.427804678541769] [2:10] [0:159.85415496415965] [0:60] [0:1.4142135623730956] [1:60] [1:35] [0:6] [1:31] [0:1] [0:1] [0:93] [0:60] [-11.626780786704765:33.114547490360394]
tree_sizes=2952 3058 3021 3073 3072 3018 3083 3076 3059 3037 3034 3053 3070 3081 3056 3071 3065 3051 3037 3062 3055 3044 3091 3044 3058 3055 3060 3047 3066 3070 3074 3074 3072 3082 3086 3063 3076 3075 3076 3066 3042 3077 3056 3046 3076 3038 3069 3069 3047 3005 3044 3070 3067 3068 3057 3055 3078 3077 3081 3070 3101 3066 3086 3064 3059 3061 3031 3092 3054 3049 3069 2989 3064 3056 3042 2995 3052 3057 3022 3026 3020 3079 3023 3063 3023 3024 3056 3029 3028 3044 3084 2974 3023 2999 3060 3031 3004 2991 3001 2992 3080 2966 2932 3068 2985 2977 3075 3054 2971 2974 3025 2997 2993 2970 3060 2915 2923 2943 3011 3009 2968 3047 3008 3008 3040 3040 2947 3010 3003 3017 3055 2978 3042 3040 2917 2961 3053 3025 2972 2948 2949 3062 2978 2948 2945 2997 3059 3016 3011 2983 2920 2982 2996 2925 2983 2912 3014 3007 2986 3059 2910 2966 3009 2966 2921 2947 2970 2968 2935 2881 2940 2918 2965 2986 2966 2986 3005 2922 2954 3006 2889 3048 2993 3010

Tree=0
num_leaves=31
num_cat=0
split_feature=0 24 24 21 0 10 18 29 18 0 17 21 3 27 4 0 24 18 0 24 0 24 0 0 0 27 27 0 29 24
split_gain=2476.56 979.206 816.515 247.345 204.09 181.637 154.033 135.442 71.7032 66.2787 65.3016 70.1286 56.8178 54.9569 47.6712 44.2171 43.861 40.5981 38.371 33.6497 35.9643 32.1618 29.4526 29.185 26.6216 18.7615 18.6694 18.2183 21.9523 18.1502
threshold=5.0517303177099064 14.500000000000002 6.5000000000000009 33.500000000000007 4.5208249664032918 0.91666666666666685 28.511877617768629 -1.1894795493740016 15.371277410323176 4.735226183131064 8.5000000000000018 33.500000000000007 0.21542235901923742 8.5000000000000018 -0.46302056092131688 4.8066698993475034 2.5000000000000004 44.858287520818259 4.7985492905656644 9.5000000000000018 4.8066698993475034 10.500000000000002 4.6819840796372594 4.4236054436470065 4.7544443676919261 22.500000000000004 16.500000000000004 4.7905409102862082 -0.74406408122561807 12.500000000000002
decision_type=2 2 2 2 2 2 2 2 2 2 2 2 2 2 2 2 2 2 2 2 2 2 2 2 2 2 2 2 2 2
left_child=1 2 6 7 23 12 10 15 26 21 11 25 -2 14 -9 -4 -12 27 -13 20 -15 -5 -10 -3 -18 -1 -6 28 -8 -7
right_child=5 4 3 9 8 29 17 13 22 -11 16 18 -14 19 -16 -17 24 -19 -20 -21 -22 -23 -24 -25 -26 -27 -28 -29 -30 -31
leaf_value=-0.49398759698898298 -0.47882142146493595 -0.51072539837070585 -0.63086897992059643 -0.55106558279335471 -0.48981496163747174 -0.51520621394480115 -0.55152162072066202 -0.5881484835939641 -0.5063519601195946 -0.52786953466289499 -0.49102691687261019 -0.507455100316066 -0.46906257149218877 -0.62383071165843462 -0.54137203067781314 -0.57663262120407432 -0.54143648079526085 -0.55458640785119928 -0.50008406034417097 -0.5224108890506407 -0.56566907483524353 -0.5185878835300739 -0.51260541733010323 -0.4985309323583641 -0.49374057027552498 -0.47612201927364678 -0.48250302517493421 -0.49394802223002265 -0.53058298430147344 -0.47753314956619619
leaf_weight=3240 75589 2250 6281 1329 14299 7883 753 3267 13896 4273 968 1303 44436 1004 3400 2770 833 2171 2137 3255 1140 1458 24392 3462 215 7720 15400 1124 1701 11496
leaf_count=3240 75589 2250 6281 1329 14299 7883 753 3267 13896 4273 968 1303 44436 1004 3400 2770 833 2171 2137 3255 1140 1458 24392 3462 215 7720 15400 1124 1701 11496
internal_value=-0.489193 -0.494332 -0.499707 -0.505355 -0.490661 -0.48462 -0.492528 -0.508064 -0.489898 -0.497253 -0.490061 -0.488881 -0.483895 -0.504596 -0.507632 -0.512687 -0.498489 -0.499571 -0.495109 -0.500846 -0.50571 -0.503252 -0.491328 -0.499738 -0.505577 -0.486926 -0.488054 -0.496298 -0.498713 -0.489112
internal_weight=263445 124041 50342 28177 73699 139404 22165 21117 67987 7060 16416 14400 120025 12066 6667 9051 2016 5749 3440 5399 2144 2787 38288 5712 1048 10960 29699 3578 2454 19379
internal_count=263445 124041 50342 28177 73699 139404 22165 21117 67987 7060 16416 14400 120025 12066 6667 9051 2016 5749 3440 5399 2144 2787 38288 5712 1048 10960 29699 3578 2454 19379
is_linear=0
shrinkage=1


Tree=1
num_leaves=31
num_cat=0
split_feature=10 24 24 21 20 18 18 27 17 3 17 21 29 27 24 29 7 29 18 20 29 27 24 29 17 27 1 21 27 22
split_gain=2083.19 664.335 511.854 262.656 164.496 113.69 92.1626 87.58 71.6007 61.0142 52.3434 62.0131 43.3303 41.6868 34.4088 27.6911 26.2765 25.1847 24.1969 23.0404 22.3518 21.1286 19.3879 18.1206 17.8254 17.1653 17.145 15.3198 14.1634 13.1493
threshold=0.7333333333333335 14.500000000000002 6.5000000000000009 33.500000000000007 0.014656284466307621 28.511877617768629 15.61597331111186 10.500000000000002 9.5000000000000018 0.21542235901923742 8.5000000000000018 34.500000000000007 -0.68361147894660335 27.500000000000004 2.5000000000000004 -0.94655401024601937 0.63267750195011807 -1.0000000180025095e-35 47.484748631825177 1.0000000180025095e-35 -1.0072396594512696 8.5000000000000018 8.5000000000000018 -1.6214020128300053 9.5000000000000018 23.500000000000004 257.00000000000006 48.000000000000007 22.500000000000004 12.500000000000002
decision_type=2 2 2 2 2 2 2 2 2 2 2 2 2 2 2 2 2 2 2 2 2 2 2 2 2 2 2 2 2 2
left_child=9 2 5 4 7 10 26 22 29 -1 11 20 21 -9 -12 -5 -10 -14 24 -13 -2 -6 -4 -24 -7 -23 -3 -17 -22 -8
right_child=1 6 3 15 12 18 8 13 16 -11 14 19 17 -15 -16 27 -18 -19 -20 -21 28 25 23 -25 -26 -27 -28 -29 -30 -31
leaf_value=0.0097610960104066984 -0.030348129393388202 0.0025637702759698884 -0.099061687430392259 -0.052785283674163144 -0.067610106537928413 -0.040884315634851058 -0.037607555087087088 -0.089152871567721781 -0.0054871552995583613 0.019131082547860001 -0.0012920634346748423 -0.014522609810945348 -0.028237218607237175 -0.13028851769171632 -0.046480103638898346 -0.019676371689910526 -0.017307880217683005 -0.08001780447151613 -0.070066901362232648 -0.034701120874883501 -0.00038819326140703827 -0.018663062433302621 -0.15880292285562925 -0.10578587046304942 -0.047728154135815104 -0.076160713065629909 0.0088825524268578131 -0.031271592093943236 0.012666329832748867 -0.0056080861436350561
leaf_weight=75669 1318 33631 1185 3393 3927 3593 17651 2086 3568 44551 1035 1324 4388 1595 1217 6265 2458 1990 1837 3345 3814 931 2741 3294 394 1182 4009 277 8279 22216
leaf_count=75669 1318 33631 1185 3393 3927 3593 17651 2086 3568 44551 1035 1324 4388 1595 1217 6265 2458 1990 1837 3345 3814 931 2741 3294 394 1182 4009 277 8279 22216
internal_value=0.000306388 -0.00377332 -0.00781518 -0.0119312 -0.0148317 -0.0025822 -0.000898687 -0.0193138 -0.00240276 0.00515721 -0.000817922 7.74336e-05 -0.0108971 -0.0130372 -0.00800622 -0.0051233 -0.00748258 -0.00802289 -0.00874141 -0.00488541 0.00180523 -0.0139321 -0.0225139 -0.023662 -0.0065538 -0.00990062 0.000935175 -0.00322226 0.00247912 -0.00163494
internal_weight=263163 142943 59410 33254 23319 26156 83533 10901 45893 120220 20332 18080 12418 3681 2252 9935 6026 6378 5824 4669 13411 6040 7220 6035 3987 2113 37640 6542 12093 39867
internal_count=263163 142943 59410 33254 23319 26156 83533 10901 45893 120220 20332 18080 12418 3681 2252 9935 6026 6378 5824 4669 13411 6040 7220 6035 3987 2113 37640 6542 12093 39867
is_linear=0
shrinkage=0.05


Tree=2
num_leaves=31
num_cat=0
split_feature=10 24 24 0 0 27 0 3 27 17 18 21 20 24 21 24 0 29 29 0 18 0 21 18 0 27 0 20 5 21
split_gain=1729.85 459.264 392.939 267.382 186.857 130.097 84.8961 59.05 52.2129 51.3507 48.077 42.0385 31.9688 28.6903 28.0283 27.6006 34.1571 27.102 23.5908 22.3709 21.2089 19.6583 17.7552 21.4005 17.3211 17.1406 15.4045 41.721 15.1514 13.727
threshold=0.7333333333333335 14.500000000000002 6.5000000000000009 4.953885222277969 4.5086161124671804 8.5000000000000018 4.7170695814152301 0.21542235901923742 20.500000000000004 4.5000000000000009 13.711901041093762 33.500000000000007 0.70719335053881871 2.5000000000000004 33.500000000000007 10.500000000000002 4.6948551260747839 -0.66068530402962788 -1.4571161936178669 4.6819840796372594 59.307370038592801 4.735226183131064 34.500000000000007 13.003328952775066 4.3895594239587075 16.500000000000004 5.0590719231024197 1.2782096704950086 0.82076849548864261 29.500000000000004
decision_type=2 2 2 2 2 2 2 2 2 2 2 2 2 2 2 2 2 2 2 2 2 2 2 2 2 2 2 2 2 2
left_child=7 2 6 5 24 11 8 -1 29 21 25 18 14 -14 20 16 -11 -8 -4 -12 -10 -7 23 -19 -3 -6 27 -5 -20 -2
right_child=1 4 3 26 10 9 17 -9 12 15 19 -13 13 -15 -16 -17 -18 22 28 -21 -22 -23 -24 -25 -26 -27 -28 -29 -30 -31
leaf_value=0.0092903301086659073 -0.031617556673418194 -0.021062819675003324 -0.13075291607806225 -0.053611865270599558 0.00085529372438020558 -0.15218600830781814 -0.029090604430779682 0.018212584833513863 0.0041682036013538917 -0.072593864627652382 -0.0094703412549791734 -0.027678038217816999 -0.0039210054970313882 -0.058672737952688458 -0.013882979924943837 -0.022377742581445967 -0.07739608118614566 0.014756915963834168 -0.037436911380045082 -0.011185880446314987 -0.10632172952164964 -0.084243108118658649 -0.019264583327413598 -0.0027339145260715037 -0.0096061331130756211 0.007518379457310995 -0.01718644234859289 -0.0041933265331497993 -0.082483736691003701 -0.050147913850340453
leaf_weight=75671 863 1511 4636 2356 15456 976 4979 44617 3504 1510 15278 1260 644 452 787 4572 2756 5262 1321 31490 158 1561 2925 4764 3527 16564 4866 2199 5321 1866
leaf_count=75671 863 1511 4636 2356 15456 976 4979 44617 3504 1510 15278 1260 644 452 787 4572 2756 5262 1321 31490 158 1561 2925 4764 3527 16564 4866 2199 5321 1866
internal_value=0.000553078 -0.00315672 -0.00651466 -0.0101161 -0.000771718 -0.0129269 -0.00193329 0.00497456 -0.00612279 -0.00905495 -0.000174773 -0.0164396 -0.00333634 -0.0109854 -0.00145201 -0.00725504 -0.0101477 0 -0.0174073 -0.00119676 0.000387766 -0.0153252 0.00120531 0.00220527 -0.0101072 0.00131793 -0.00298164 -0.00507135 -0.0154968 -0.0117845
internal_weight=263652 143364 59538 33334 83826 23913 26204 120288 8274 11375 78788 12538 5545 1096 4449 8838 4266 17930 11278 46768 3662 2537 12951 10026 5038 32020 9421 4555 6642 2729
internal_count=263652 143364 59538 33334 83826 23913 26204 120288 8274 11375 78788 12538 5545 1096 4449 8838 4266 17930 11278 46768 3662 2537 12951 10026 5038 32020 9421 4555 6642 2729
is_linear=0
shrinkage=0.05


Tree=3
num_leaves=31
num_cat=0
split_feature=10 29 0 27 27 3 18 0 29 26 26 0 26 0 26 0 26 0 29 29 29 29 0 25 29 28 0 29 28 26
split_gain=1500.82 303.13 193.322 104.735 104.575 63.8919 60.4594 46.4703 48.9428 33.0872 32.4912 29.3742 26.0687 29.893 25.9252 24.3984 24.1412 20.1667 19.7951 19.7066 17.4608 16.5122 16.2073 15.6986 15.4197 17.9795 15.271 13.4247 12.7347 12.213
threshold=0.7333333333333335 -1.2530839403026801 4.5208249664032918 10.500000000000002 7.5000000000000009 0.24756238712469233 13.711901041093762 4.973239364658367 0.038761191647520087 1.0000000180025095e-35 1.0000000180025095e-35 4.6638718775261703 1.0000000180025095e-35 4.7720400331370492 1.0000000180025095e-35 4.4439066730957402 1.0000000180025095e-35 4.6638718775261703 2.8408173346488366 -0.44252610937883896 0.063671324687521 -3.1903952382278615 4.6750101137906439 1.0000000180025095e-35 0.006879990237007339 11.500000000000002 4.7985492905656644 2.8408173346488366 1.0000000180025095e-35 1.0000000180025095e-35
decision_type=2 2 2 2 2 2 2 2 2 2 2 2 2 2 2 2 2 2 2 2 2 2 2 2 2 2 2 2 2 2
left_child=5 4 15 7 9 14 16 8 10 11 19 -2 20 -14 -1 -3 24 21 -10 23 -8 -6 -18 -4 25 -5 27 -22 -19 -30
right_child=1 2 3 6 17 -7 12 -9 18 -11 -12 -13 13 -15 -16 -17 22 28 -20 -21 26 -23 -24 -25 -26 -27 -28 -29 29 -31
leaf_value=0.0095082680677472144 -0.14166599749978856 -0.019422596286972283 -0.044896172521655259 0.010370079704215031 -0.13121642297974936 0.017584474783805547 -0.0068122188773440161 -0.014019591101083934 -0.10405801855243889 -0.12109692609277321 -0.050487051426394307 -0.08865252272233512 -0.05934948415828474 -0.013083255074397133 0.0025308320765132352 -0.010500733477768809 -0.023778797587256168 -0.094484828684803956 -0.063051465986467145 -0.0081164958256620297 -0.14207246450333061 -0.038247941828997531 -0.020637809986034424 0.0013268039970418871 -0.009721405446565641 0.0039425081266437822 -0.0069044735583021089 -0.024226872257903622 -0.042400122172490076 -0.069554165055584483
leaf_weight=72398 2025 3640 9847 16683 459 41588 38791 9343 1004 475 1927 5482 1385 1901 6229 3865 242 656 2089 6119 281 3440 2447 1402 3223 13131 2029 2146 8900 428
leaf_count=72398 2025 3640 9847 16683 459 41588 38791 9343 1004 475 1927 5482 1385 1901 6229 3865 242 656 2089 6119 281 3440 2447 1402 3223 13131 2029 2146 8900 428
internal_value=0.000758987 -0.00269601 -0.00172065 -0.00120888 -0.00811571 0.00487917 -0.00026757 -0.00364911 -0.00488521 -0.012676 -0.00394921 -0.0118663 -0.00145531 -0.00574863 0.00404085 -0.00949367 0.00127946 -0.00549377 -0.0107242 -0.00326578 -0.0011291 -0.00854322 -0.00327631 -0.00450796 0.00165027 0.00200543 -0.00409336 -0.00676967 -0.00430288 -0.00382933
internal_weight=263575 143360 121495 113990 21865 120215 82259 31731 22388 7982 19295 7507 46533 3286 78627 7505 35726 13883 3093 17368 43247 3899 2689 11249 33037 29814 4456 2427 9984 9328
internal_count=263575 143360 121495 113990 21865 120215 82259 31731 22388 7982 19295 7507 46533 3286 78627 7505 35726 13883 3093 17368 43247 3899 2689 11249 33037 29814 4456 2427 9984 9328
is_linear=0
shrinkage=0.05


Tree=4
num_leaves=31
num_cat=0
split_feature=10 24 24 27 18 17 7 17 28 26 24 29 20 26 26 18 28 29 24 24 7 24 26 20 20 26 27 24 24 28
split_gain=1292.67 255.018 238.135 110.69 64.1147 52.2582 44.6962 43.719 43.3212 40.4905 40.4782 30.2702 28.484 26.0452 25.5322 24.0154 17.662 17.4886 17.4693 16.9751 15.6795 14.3488 14.0564 18.2467 12.9987 12.2123 11.1398 10.8533 18.3784 13.0387
threshold=0.7333333333333335 14.500000000000002 6.5000000000000009 7.5000000000000009 20.012939124463966 9.5000000000000018 0.35658089066427145 9.5000000000000018 9.5000000000000018 1.0000000180025095e-35 2.5000000000000004 -1.2530839403026801 0.016334962040818041 1.0000000180025095e-35 1.0000000180025095e-35 27.617168420589575 11.500000000000002 -0.69522441631592968 11.500000000000002 9.5000000000000018 0.67702452202027141 8.5000000000000018 1.0000000180025095e-35 0.17068058628139238 1.0000000180025095e-35 1.0000000180025095e-35 23.500000000000004 8.5000000000000018 11.500000000000002 31.500000000000004
decision_type=2 2 2 2 2 2 2 2 2 2 2 2 2 2 2 2 2 2 2 2 2 2 2 2 2 2 2 2 2 2
left_child=6 2 5 9 13 8 -1 22 15 12 -7 25 27 16 21 -2 -3 -11 -14 26 -9 -8 -6 -24 -10 -5 -13 -4 29 -29
right_child=1 4 3 11 7 10 14 20 24 17 -12 19 18 -15 -16 -17 -18 -19 -20 -21 -22 -23 23 -25 -26 -27 -28 28 -30 -31
leaf_value=0.016321103468541761 0.010037854516211612 0.007326572813509161 -0.074114956295775525 -0.084197618692964868 -0.027188432208023378 -0.0021290529098418297 0.007740845644007139 -0.0057837794356730299 -0.017198894127556343 -0.0933685581035677 -0.046458461290271591 -0.031821739545961646 -0.060190433558631087 -0.022228395498139979 0.0026648945195135998 -0.023689041423768924 0.0017338113604973698 -0.037188078949719532 -0.021122854748090503 -0.017082249759315559 -0.016340273439302173 0.010060133713331794 -0.075054100658575984 0.0020728269618564342 -0.021485368481507353 -0.082991983576384265 -0.063273250547581733 -0.14617852886622343 -0.066926456805190174 -0.018437961933994679
leaf_weight=39571 9994 16627 1310 5000 28724 1219 19616 2826 4691 732 1261 1973 4404 4924 6292 2444 26710 365 2148 9381 1703 54820 1499 932 6461 285 2775 2464 2463 191
leaf_count=39571 9994 16627 1310 5000 28724 1219 19616 2826 4691 732 1261 1973 4404 4924 6292 2444 26710 365 2148 9381 1703 54820 1499 932 6461 285 2775 2464 2463 191
internal_value=0.000922841 -0.00228172 -0.004784 -0.00757338 -0.000506284 -0.00120061 0.00474559 -0.00211327 -0.000474777 -0.0109491 -0.00810484 -0.00512568 -0.0101695 0.000681917 0.00407083 0.00155411 0.00107345 -0.0201732 -0.00784951 -0.00391818 -0.00670347 0.00432936 -0.001446 -0.00509667 -0.00273763 -0.00835383 -0.00635425 -0.0125342 -0.0135737 -0.0164595
internal_weight=263805 143506 59561 33491 83945 26070 120299 35684 23590 14077 2480 19414 12980 48261 80728 12438 43337 1097 6552 14129 4529 74436 31155 2431 11152 5285 4748 6428 5118 2655
internal_count=263805 143506 59561 33491 83945 26070 120299 35684 23590 14077 2480 19414 12980 48261 80728 12438 43337 1097 6552 14129 4529 74436 31155 2431 11152 5285 4748 6428 5118 2655
is_linear=0
shrinkage=0.05


Tree=5
num_leaves=31
num_cat=0
split_feature=10 24 24 0 21 4 0 0 27 28 0 18 0 24 17 0 27 18 27 24 24 0 17 21 18 24 0 0 22 18
split_gain=1139.58 210.267 196.166 132.56 108.097 65.6997 59.5695 49.9559 40.3483 33.6808 28.5547 28.1298 24.0941 22.8947 21.8619 21.7702 18.6765 18.0542 16.8441 13.381 15.8514 15.592 13.5315 13.3334 12.09 11.2106 10.2606 10.1557 9.33428 9.33551
threshold=0.7333333333333335 14.500000000000002 6.5000000000000009 4.5208249664032918 33.500000000000007 0.19106950438603915 4.5311910660572687 5.0590719231024197 8.5000000000000018 9.5000000000000018 4.7136623405178657 15.371277410323176 4.4236054436470065 2.5000000000000004 4.5000000000000009 4.5989605807911609 16.500000000000004 22.615139966694489 29.500000000000004 11.500000000000002 8.5000000000000018 4.6383966752493375 6.5000000000000009 34.500000000000007 4.3149702784170527 8.5000000000000018 4.6676560430519158 4.7412328621058295 19.500000000000004 2.5108151210581098
decision_type=2 2 2 2 2 2 2 2 2 2 2 2 2 2 2 2 2 2 2 2 2 2 2 2 2 2 2 2 2 2
left_child=5 2 6 12 7 24 13 8 19 17 -11 16 -3 -2 27 -6 -5 23 -16 20 21 -4 26 -8 -1 -20 -22 -10 29 -18
right_child=1 3 4 11 15 -7 9 -9 14 10 -12 -13 -14 -15 18 -17 28 -19 25 -21 22 -23 -24 -25 -26 -27 -28 -29 -30 -31
leaf_value=0.0091569652952921184 -0.0072741482072321397 -0.016979088346534776 -0.040818633377839336 0.00021802662594918765 -0.032044115454243946 0.01603780058706309 0.010869746016682835 -0.011761178086393882 -0.14057914566188334 -0.0264674000354784 -0.011846525985314924 -0.010214155639034382 -0.0064830198647472985 -0.056191456394256691 -0.032443782395458441 -0.020149148704826706 0.012965578880711776 -0.0099659575176260836 -0.017442305028484151 -0.045007617068459391 -0.18208623688811168 -0.067177671378904014 -0.057614512932730969 -0.009058884506135163 0.0056771624852679564 -0.10138293679950316 -0.10724622911991505 -0.067673402388693682 0.003628714889617168 0.0071370017864934967
leaf_weight=57264 782 2240 622 17202 757 40278 8398 2062 760 2661 8961 42298 3503 597 4981 9362 1927 3652 426 5187 755 1833 1029 1007 22820 733 3455 1602 7464 9187
leaf_count=57264 782 2240 622 17202 757 40278 8398 2062 760 2661 8961 42298 3503 597 4981 9362 1927 3652 426 5187 755 1833 1029 1007 22820 733 3455 1602 7464 9187
internal_value=0.00103618 -0.00197409 -0.0042439 -0.000359576 -0.00677095 0.00462372 -0.000988948 -0.0086351 -0.00935182 -0.000423842 -0.00238169 0.000179692 -0.0076911 -0.0111022 -0.00667843 -0.00245182 0.00121157 0.00131883 -0.00510586 -0.0111164 -0.0124396 -0.00912424 -0.0139931 0.00247741 0.00379527 -0.0105349 -0.0152494 -0.0107663 0.0023108 0.00322926
internal_weight=263805 143443 59622 83821 33564 120362 26058 23445 21383 24679 11622 78078 5743 1379 8502 10119 35780 13057 6140 12881 7694 2455 5239 9405 80084 1159 4210 2362 18578 11114
internal_count=263805 143443 59622 83821 33564 120362 26058 23445 21383 24679 11622 78078 5743 1379 8502 10119 35780 13057 6140 12881 7694 2455 5239 9405 80084 1159 4210 2362 18578 11114
is_linear=0
shrinkage=0.05


Tree=6
num_leaves=31
num_cat=0
split_feature=10 29 0 27 4 27 18 29 26 29 26 0 22 26 26 0 0 9 0 0 25 0 27 1 25 25 29 0 19 29
split_gain=1040.08 146.162 154.767 69.04 62.6216 50.3205 35.3718 23.2811 21.6108 20.1529 18.7351 18.5304 17.0284 15.9939 14.9842 14.9394 14.9199 14.5357 14.3902 11.8554 10.3472 11.1555 9.34275 9.33665 8.98003 8.95879 8.68669 8.28816 8.15942 8.00662
threshold=0.7333333333333335 -1.409456967099425 4.5086161124671804 13.500000000000002 0.18217412118880802 7.5000000000000009 13.465590563590967 -0.0063250976508995574 1.0000000180025095e-35 -0.46518392472356479 1.0000000180025095e-35 4.6098625740792736 19.500000000000004 1.0000000180025095e-35 1.0000000180025095e-35 4.3895594239587075 5.5125765798679067 0.4567775049467056 4.8935427106932758 4.973239364658367 1.0000000180025095e-35 4.3895594239587075 29.500000000000004 261.00000000000006 1.0000000180025095e-35 1.0000000180025095e-35 -0.022870959790247915 4.6098625740792736 9.5060712062393069 3.3334073898702967
decision_type=2 2 2 2 2 2 2 2 2 2 2 2 2 2 2 2 2 2 2 2 2 2 2 2 2 2 2 2 2 2
left_child=4 5 15 7 8 13 11 9 28 10 25 23 17 24 26 -3 -10 22 -16 29 -7 -22 -13 -5 27 -4 -8 -2 -1 -9
right_child=1 2 3 6 -6 20 14 19 16 -11 -12 12 -14 -15 18 -17 -18 -19 -20 -21 21 -23 -24 -25 -26 -27 -28 -29 -30 -31
leaf_value=0.0086481317226989908 -0.14218714034032948 -0.020093197872393193 -0.033751107266516985 -0.0060467640906765232 0.015209661256488725 -0.056502415837500701 -0.0019293508988863575 -0.080766703663396819 -0.0010798722175314013 -0.0091252003446708179 -0.041919226492498171 0.011964242558495751 0.0027755139096867863 -0.10339414489624872 -0.055049762127572538 -0.011089424135628191 0.013529387992845088 -0.0007088693445671722 0.0028859421621687253 -0.015377456186589375 -0.027427156084661265 0.0028218690758293353 0.0029581769330955664 0.012490993198079668 0.0016360533369121411 0.0010699912273672003 -0.022244705978291434 -0.092376218091500539 0.007683989778592107 -0.050139253160357403
leaf_weight=33139 811 1825 17544 1933 41279 9369 34893 1317 4738 17837 2057 10336 12701 402 1817 5037 1555 3530 1087 1400 90 1443 2898 205 265 2821 4412 5331 39589 2140
leaf_count=33139 811 1825 17544 1933 41279 9369 34893 1317 4738 17837 2057 10336 12701 402 1817 5037 1555 3530 1087 1400 90 1443 2898 205 265 2821 4412 5331 39589 2140
internal_value=0.0010694 -0.00180514 -0.00120638 -0.000785097 0.00449834 -0.00605782 0.00015675 -0.002326 0.00367383 -0.00193149 -0.00292927 0.0014217 0.00174784 -0.00943017 -0.000790353 -0.00850772 0.000862864 0.00279408 -0.0042562 -0.00559605 -0.00395157 -0.000143509 0.00355448 -0.00307297 -0.00882316 -0.00246992 -0.000534283 -0.00921198 0.00391706 -0.00716806
internal_weight=263801 143501 125790 118928 120300 17711 73812 45116 79021 40259 22422 31603 29465 6809 42209 6862 6293 16764 2904 4857 10902 1533 13234 2138 6407 20365 39305 6142 72728 3457
internal_count=263801 143501 125790 118928 120300 17711 73812 45116 79021 40259 22422 31603 29465 6809 42209 6862 6293 16764 2904 4857 10902 1533 13234 2138 6407 20365 39305 6142 72728 3457
is_linear=0
shrinkage=0.05


Tree=7
num_leaves=31
num_cat=0
split_feature=10 0 27 3 21 18 25 0 26 26 0 27 1 0 0 28 0 26 0 21 27 21 25 0 3 26 21 19 23 27
split_gain=938.129 119.195 113.383 64.7303 62.6867 38.875 28.5194 28.6429 29.5477 25.3746 24.0463 21.0782 20.2733 17.4994 13.7781 12.8426 10.7995 10.7938 14.1634 10.4641 10.4613 10.579 9.68403 9.14216 8.90858 8.85097 8.53176 7.7538 7.1812 7.0858
threshold=0.7333333333333335 4.5208249664032918 9.5000000000000018 0.23955479830745183 32.500000000000007 15.13058039051147 1.0000000180025095e-35 4.973239364658367 1.0000000180025095e-35 1.0000000180025095e-35 4.7640480011832471 6.5000000000000009 257.00000000000006 4.4236054436470065 4.6344336593550848 14.500000000000002 5.4874078435201818 1.0000000180025095e-35 4.8882269033423915 31.500000000000004 2.5000000000000004 30.500000000000004 1.0000000180025095e-35 4.6568054714595153 0.032561898936193566 1.0000000180025095e-35 30.500000000000004 9.5060712062393069 5.5000000000000009 29.500000000000004
decision_type=2 2 2 2 2 2 2 2 2 2 2 2 2 2 2 2 2 2 2 2 2 2 2 2 2 2 2 2 2 2
left_child=3 13 4 9 6 12 7 8 11 27 -10 20 14 -2 -4 24 -11 22 -19 -14 21 -3 -7 -6 29 -15 -22 -1 -29 -16
right_child=1 2 5 -5 23 17 -8 -9 10 16 -12 -13 19 25 15 -17 -18 18 -20 -21 26 -23 -24 -25 -26 -27 -28 28 -30 -31
leaf_value=0.0082290646705460765 -0.016933893850531258 -0.04527498950340255 -0.0040095488299769153 0.014478815284723771 -0.028137616247499837 -0.022549286147685605 0.0030713820870361622 -0.016159327454573307 -0.12214831826550064 -0.0011619181423237895 -0.041306782001674223 -0.039063337096777208 0.01280115914458799 -0.0091814764838927757 0.00945758615116799 -0.0090953433848394091 0.01156488681852115 -0.057089348308504387 0.0024448172812651259 0.0018555102721477827 -0.080135668651900735 -0.075918699380889354 0.00017856870896802016 -8.9041177562162338e-05 -0.012957183074039279 -0.043025544667779511 -0.05795052192147522 0.0077424950578856289 0.0037263798588861047 -0.00016103504969649124
leaf_weight=33287 3088 2725 3540 42278 1569 34489 1865 4175 457 4749 1227 5519 2503 5179 16872 12917 1398 2146 1265 1707 5108 1541 14278 10134 3188 94 2835 33275 5227 4667
leaf_count=33287 3088 2725 3540 42278 1569 34489 1865 4175 457 4749 1227 5519 2503 5179 16872 12917 1398 2146 1265 1707 5108 1541 14278 10134 3188 94 2835 33275 5227 4667
internal_value=0.00113224 -0.00160335 -0.00124385 0.00438834 -0.0035944 -0.000348768 -0.00498703 -0.00545767 -0.00626571 0.0035338 -0.012595 -0.00566449 0.000721241 -0.00739624 0.000383401 0.000663851 0.000450626 -0.00127966 -0.00399883 0.00402613 -0.00682365 -0.00482654 -0.00108947 -0.000565667 0.00133134 -0.00564574 -0.00789626 0.0037978 0.00331463 0.00169646
internal_weight=263302 143088 134727 120214 37155 97572 25452 23587 19412 77936 1684 17728 45394 8361 41184 37644 6147 52178 3411 4210 12209 4266 48767 11703 24727 5273 7943 71789 38502 21539
internal_count=263302 143088 134727 120214 37155 97572 25452 23587 19412 77936 1684 17728 45394 8361 41184 37644 6147 52178 3411 4210 12209 4266 48767 11703 24727 5273 7943 71789 38502 21539
is_linear=0
shrinkage=0.05


Tree=8
num_leaves=31
num_cat=0
split_feature=21 24 24 21 4 17 17 29 24 24 4 28 28 26 24 26 24 29 27 27 4 21 26 29 29 4 24 1 26 24
split_gain=838.31 144.627 153.704 71.3612 69.9725 40.6292 38.537 35.3929 31.1367 30.1848 28.6257 27.7996 25.4526 25.3618 21.1608 18.1982 14.9922 14.015 13.9886 13.0305 11.5995 11.0097 10.771 10.4953 9.96661 9.81558 9.02576 8.66137 8.22017 8.67551
threshold=15.000000000000002 14.500000000000002 6.5000000000000009 33.500000000000007 0.19106950438603915 9.5000000000000018 9.5000000000000018 -1.8577800261288111 8.5000000000000018 2.5000000000000004 -0.33600450774537866 9.5000000000000018 11.500000000000002 1.0000000180025095e-35 11.500000000000002 1.0000000180025095e-35 8.5000000000000018 -0.49619527688194393 7.5000000000000009 20.500000000000004 -0.31060534683096153 48.000000000000007 1.0000000180025095e-35 -2.8294749043545768 -0.70794970971420623 -0.25513800502060524 9.5000000000000018 157.00000000000003 1.0000000180025095e-35 11.500000000000002
decision_type=2 2 2 2 2 2 2 2 2 2 2 2 2 2 2 2 2 2 2 2 2 2 2 2 2 2 2 2 2 2
left_child=4 2 5 7 15 11 12 8 -4 25 -8 24 22 14 18 16 -1 -15 -9 -20 -16 -5 -3 -10 -2 -7 -23 -11 29 -25
right_child=1 6 3 21 -6 9 10 13 23 27 -12 -13 -14 17 20 -17 -18 -19 19 -21 -22 26 -24 28 -26 -27 -28 -29 -30 -31
leaf_value=0.0054384236735595696 -0.0059194755829192506 0.0076312553257482487 -0.052960362657126087 -0.020186258633657365 0.013856010098606332 -0.015429298796697497 -0.010879467476937903 -0.059322676900218252 -0.15605454404893898 -0.037266261599329935 -0.00129146800375528 -0.015770581790634498 -0.0078932184393875702 -0.05401795392018674 -0.038582524238266892 0.002060858363132283 0.007902609619719966 -0.019682835794500766 -0.012171482348894147 -0.071046936683047041 -0.0028723089217201066 -0.052579371927345159 -0.016862784995348247 -0.099026413674893995 0.0097085588825688955 0.003450481068719341 -0.0089336284035356466 0.0087585971219749283 -0.099316934249001579 -0.061025260906497472
leaf_weight=19687 2358 23595 1469 9748 40354 409 3275 4791 1507 1140 6009 11159 48473 1073 4424 6461 53906 525 1708 3149 2450 142 2287 1475 10169 803 263 107 239 616
leaf_count=19687 2358 23595 1469 9748 40354 409 3275 4791 1507 1140 6009 11159 48473 1073 4424 6461 53906 525 1708 3149 2450 142 2287 1475 10169 803 263 107 239 616
internal_value=0.00115388 -0.00142938 -0.00330872 -0.00554692 0.00422962 -0.000434117 -8.73994e-05 -0.00706437 -0.0106559 -0.00655144 -0.00312473 0.000200963 0.000291843 -0.00601269 -0.00543094 0.00337385 0.00359722 -0.0120275 -0.00694134 -0.00505044 -0.00331103 -0.0020457 0.00155784 -0.0130258 0.00181767 -0.000932343 -0.0101235 -0.0120128 -0.0109227 -0.0099187
internal_weight=263771 143363 59724 33579 120408 26145 83639 23426 5306 2459 9284 23686 74355 18120 16522 80054 73593 1598 9648 4857 6874 10153 25882 3837 12527 1212 405 1247 2330 2091
internal_count=263771 143363 59724 33579 120408 26145 83639 23426 5306 2459 9284 23686 74355 18120 16522 80054 73593 1598 9648 4857 6874 10153 25882 3837 12527 1212 405 1247 2330 2091
is_linear=0
shrinkage=0.05


Tree=9
num_leaves=31
num_cat=0
split_feature=10 24 24 0 3 21 0 29 24 24 28 26 26 18 24 0 26 0 27 18 0 24 20 0 0 24 26 22 21 1
split_gain=798.481 130.095 143.966 82.9126 70.4285 60.0054 51.013 36.1754 29.0758 24.8832 24.5214 24.021 23.1747 27.0765 20.5712 19.9977 19.4792 16.1873 14.9899 14.6434 12.7014 12.4907 12.2097 12.0615 11.1265 11.039 12.1305 10.8506 9.79244 8.95529
threshold=0.7333333333333335 14.500000000000002 6.5000000000000009 4.4674786937065862 0.21542235901923742 33.500000000000007 4.5311910660572687 -1.8577800261288111 8.5000000000000018 2.5000000000000004 9.5000000000000018 1.0000000180025095e-35 1.0000000180025095e-35 11.048218693646772 11.500000000000002 4.9244151253434794 1.0000000180025095e-35 5.0848964481369547 6.5000000000000009 13.217980032204883 4.6948551260747839 8.5000000000000018 0.3948836546645465 4.5989605807911609 4.707024031575016 11.500000000000002 1.0000000180025095e-35 10.500000000000002 34.500000000000007 157.00000000000003
decision_type=2 2 2 2 2 2 2 2 2 2 2 2 2 2 2 2 2 2 2 2 2 2 2 2 2 2 2 2 2 2
left_child=4 2 6 22 16 7 9 8 -4 -2 19 14 13 27 17 -13 21 18 -9 28 -14 -1 -3 -7 -12 -10 -27 -5 -8 -11
right_child=1 3 5 12 -6 23 10 11 25 29 24 15 20 -15 -16 -17 -18 -19 -20 -21 -22 -23 -24 -25 -26 26 -28 -29 -30 -31
leaf_value=0.005369363169846317 -0.0055242810180640622 -0.01855159789784603 -0.055223548999355047 0.0089426042577768605 0.012914164284532249 -0.027249403869354968 0.011083795190420319 -0.067175154048067218 -0.11946346558562038 -0.050356739296604502 -0.021806435729967457 -0.066430811329425576 -0.02993703680963529 -0.0009498042652675248 -0.022945329111121585 -0.023581949255115621 0.0013633242364964105 -0.0017571507477154768 -0.054903473244621151 0.0006043540741146623 -0.01960177695539557 0.0074776243610866133 -0.0079857603521255316 -0.023101604003017074 -0.0091987757266355219 -0.053033682739709792 -0.11194754564531828 0.0061898261327759142 -0.0059531068529130871 0.0085065609627016595
leaf_weight=18530 784 1059 1478 7379 44693 738 5223 4013 3074 517 2568 909 1309 50340 6959 737 5960 954 4591 7128 6102 51129 2561 9310 9118 650 136 15078 717 62
leaf_count=18530 784 1059 1478 7379 44693 738 5223 4013 3074 517 2568 909 1309 50340 6959 737 5960 954 4591 7128 6102 51129 2561 9310 9118 650 136 15078 717 62
internal_value=0.00116434 -0.00135448 -0.00313897 -8.43394e-05 0.0041685 -0.00530597 -0.000355324 -0.00668865 -0.0103072 -0.00977256 0.000163206 -0.00562517 0.000249726 0.000520901 -0.00505116 -0.0113852 0.00323847 -0.00655681 -0.00724198 0.00165136 -0.00241398 0.00347321 -0.00748619 -0.00207205 -0.00150094 -0.0125907 -0.0073028 0.00196464 0.00348485 -0.0176339
internal_weight=263806 143494 59666 83828 120312 33549 26117 23501 5338 1363 24754 18163 80208 72797 16517 1646 75619 9558 8604 13068 7411 69659 3620 10048 11686 3860 786 22457 5940 579
internal_count=263806 143494 59666 83828 120312 33549 26117 23501 5338 1363 24754 18163 80208 72797 16517 1646 75619 9558 8604 13068 7411 69659 3620 10048 11686 3860 786 22457 5940 579
is_linear=0
shrinkage=0.05


Tree=10
num_leaves=31
num_cat=0
split_feature=0 24 24 0 4 0 27 18 24 24 26 26 24 5 18 18 17 0 0 27 0 0 1 17 27 0 24 0 24 26
split_gain=688.081 111.272 129.444 76.9308 76.0345 53.3859 39.1518 28.8283 25.4027 25.4017 21.0175 20.0988 19.5822 22.3078 19.3371 19.1369 16.2229 15.9027 13.8126 12.0163 10.3509 10.3341 9.18025 8.81464 8.67515 8.39765 8.39318 10.6224 8.01334 9.75103
threshold=5.1752994071594012 14.500000000000002 6.5000000000000009 4.4674786937065862 0.18217412118880802 4.5311910660572687 8.5000000000000018 14.885862422225669 2.5000000000000004 11.500000000000002 1.0000000180025095e-35 1.0000000180025095e-35 8.5000000000000018 0.82076849548864261 4.5212434663416348 13.217980032204883 4.5000000000000009 4.9296208115160445 5.0517303177099064 19.500000000000004 4.3036100609115797 4.5486059994538381 157.00000000000003 6.5000000000000009 22.500000000000004 4.6426673853605518 10.500000000000002 4.5989605807911609 8.5000000000000018 1.0000000180025095e-35
decision_type=2 2 2 2 2 2 2 2 2 2 2 2 2 2 2 2 2 2 2 2 2 2 2 2 2 2 2 2 2 2
left_child=1 2 5 20 14 8 9 11 -1 12 -11 19 25 -14 -2 24 18 -12 -8 -5 -3 -21 -10 -15 -7 -4 27 -18 -16 -30
right_child=4 3 6 7 -6 15 16 -9 22 10 17 -13 13 23 28 -17 26 -19 -20 21 -22 -23 -24 -25 -26 -27 -28 -29 29 -31
leaf_value=-0.0052480669653168863 0.0071391300831761262 -0.020540737799065158 -0.030835593307972694 0.0052918013986729059 0.012506222063073464 0.0015316237270358744 -0.072646603949162322 -0.0066525340871175891 -0.049694202908944149 -0.026593912741599397 -0.04879769683605667 -0.016085245306060449 -0.022263613856726858 -0.095696585872011616 0.00067560156970911675 -0.0067725734086304225 -0.033803253111816159 -0.0034845081280685726 0.0086428986353374922 -0.0028611015149808427 -0.008157378403650023 0.0079635590650883551 0.0080678378393028976 -0.050145859211022582 0.0093502849879401086 -0.039058282306462605 -0.01059218083426936 -0.040718879670941871 0.0058413417773776578 -0.0021819817850467688
leaf_weight=789 57913 786 693 19522 41311 4514 3334 44080 537 5355 668 3680 1135 4328 5955 13710 476 315 672 715 2859 11268 66 807 5947 2497 6633 5921 15470 1717
leaf_count=789 57913 786 693 19522 41311 4514 3334 44080 537 5355 668 3680 1135 4328 5955 13710 476 315 672 715 2859 11268 66 807 5947 2497 6633 5921 15470 1717
internal_value=0.00118245 -0.00119442 -0.00286624 -1.68858e-05 0.00392723 -0.000198334 -0.00494335 0.000309721 -0.00971983 -0.0067363 -0.00428684 0.00137701 -0.00837738 -0.01 0.00303744 0.000350006 -0.0032807 -0.0110071 -0.0060634 0.00178543 -0.00711934 0.0030318 -0.0174461 -0.0114021 0.00196062 -0.00518809 -0.00242517 -0.00371737 0.00181575 0.00236341
internal_weight=263673 141307 58397 82910 122366 25563 32834 79265 1392 15798 6338 35185 9460 6270 81055 24171 17036 983 4006 31505 3645 11983 603 5135 10461 3190 13030 6397 23142 17187
internal_count=263673 141307 58397 82910 122366 25563 32834 79265 1392 15798 6338 35185 9460 6270 81055 24171 17036 983 4006 31505 3645 11983 603 5135 10461 3190 13030 6397 23142 17187
is_linear=0
shrinkage=0.05


Tree=11
num_leaves=31
num_cat=0
split_feature=10 29 0 3 28 24 21 26 24 24 19 17 26 24 27 22 27 24 0 26 0 0 19 24 17 24 24 24 0 1
split_gain=657.423 95.679 82.9987 69.8681 46.8696 51.8446 30.7013 24.9294 23.4963 57.3813 19.8212 16.7956 15.6033 11.4755 11.3581 13.944 11.2625 21.7816 13.4002 11.1718 11.1232 10.4632 9.58357 8.7022 9.39933 8.65411 8.55449 14.9355 10.4208 7.70185
threshold=0.7333333333333335 -1.6214020128300053 4.4942943846592813 0.23955479830745183 11.500000000000002 14.500000000000002 33.500000000000007 1.0000000180025095e-35 11.500000000000002 8.5000000000000018 54.244096753380468 8.5000000000000018 1.0000000180025095e-35 8.5000000000000018 28.500000000000004 18.500000000000004 7.5000000000000009 6.5000000000000009 4.5923386465912319 1.0000000180025095e-35 5.4874078435201818 4.8882269033423915 10.984745109416787 11.500000000000002 6.5000000000000009 2.5000000000000004 9.5000000000000018 2.5000000000000004 4.3036100609115797 177.00000000000003
decision_type=2 2 2 2 2 2 2 2 2 2 2 2 2 2 2 2 2 2 2 2 2 2 2 2 2 2 2 2 2 2
left_child=3 6 26 12 10 7 8 16 9 -2 11 14 13 -1 15 22 17 18 25 -10 -14 -9 -4 24 -19 -6 27 -3 -28 -8
right_child=1 2 4 -5 5 -7 29 21 19 -11 -12 -13 20 -15 -16 -17 -18 23 -20 -21 -22 -23 -24 -25 -26 -27 28 -29 -30 -31
leaf_value=0.0048078585452090376 -0.045255437642185259 -0.0063057921417076241 0.013408523114366043 0.011908846107880081 0.0058008244379763171 -0.002769648920741179 -0.039685122391583727 -0.061005662559402069 -0.029300416940086085 -0.10566265213067172 -0.0020663466711393309 -0.0014792702843802038 -0.0011487447234608441 0.0067306057629291484 0.0021726115254472956 0.006160767116939506 -0.015595453160546668 -0.060249954464831362 0.0052454049643727366 -0.083012307867676244 0.010284321126223381 -0.028774754279357013 0.0096746977030702248 -0.026216589991722824 -0.011142208224555283 -0.031389807357960306 -0.017618862322074675 -0.047913792849934606 -0.0064061593504124228 -0.00021906773811920709
leaf_weight=19035 3021 537 1222 42361 135 49264 1649 716 2318 3495 25664 3358 4781 52708 6030 5714 11940 3697 3306 262 1425 1051 6699 3692 1132 357 791 570 4069 2728
leaf_count=19035 3021 537 1222 42361 135 49264 1649 716 2318 3495 25664 3358 4781 52708 6030 5714 11940 3697 3306 262 1425 1051 6699 3692 1132 357 791 570 4069 2728
internal_value=0.00118179 -0.00110468 -0.000688835 0.00390741 -0.000411609 -0.00119339 -0.00511542 -0.00299854 -0.00677111 -0.00837017 0.000797338 0.00186249 0.00301915 0.00322721 0.00242054 0.00321966 -0.0025809 -0.00364153 -0.000492364 -0.00273256 0.000613922 -0.00873231 0.0045777 -0.00504518 -0.00644233 -0.00819106 -0.0064488 -0.0104155 -0.00554527 -0.00167466
internal_weight=263727 143417 129944 120310 123977 75290 13473 26026 9096 6516 48687 23023 77949 71743 19665 13635 24259 12319 3798 2580 6206 1767 7921 8521 4829 492 5967 1107 4860 4377
internal_count=263727 143417 129944 120310 123977 75290 13473 26026 9096 6516 48687 23023 77949 71743 19665 13635 24259 12319 3798 2580 6206 1767 7921 8521 4829 492 5967 1107 4860 4377
is_linear=0
shrinkage=0.05


Tree=12
num_leaves=31
num_cat=0
split_feature=10 24 24 4 0 0 29 24 24 28 28 24 24 0 26 26 0 18 26 18 29 24 29 17 24 0 0 18 29 26
split_gain=599.39 76.5458 108.231 69.0494 57.4042 36.9378 36.3244 22.2548 24.8133 20.8455 19.6429 18.3867 16.5478 15.7149 14.6264 13.6815 13.6792 13.3423 12.9498 12.7588 12.1585 15.9026 11.2329 10.6919 10.6592 10.3997 8.94165 7.99065 7.50123 6.9829
threshold=0.7333333333333335 14.500000000000002 6.5000000000000009 0.18217412118880802 4.5208249664032918 4.5208249664032918 -1.2530839403026801 8.5000000000000018 11.500000000000002 9.5000000000000018 11.500000000000002 9.5000000000000018 2.5000000000000004 4.5724882964329003 1.0000000180025095e-35 1.0000000180025095e-35 5.3011333813679853 15.371277410323176 1.0000000180025095e-35 13.217980032204883 -0.10383428234415885 8.5000000000000018 -2.8294749043545768 4.5000000000000009 8.5000000000000018 4.4236054436470065 4.6786224635956151 19.214014412006815 3.3334073898702967 1.0000000180025095e-35
decision_type=2 2 2 2 2 2 2 2 2 2 2 2 2 2 2 2 2 2 2 2 2 2 2 2 2 2 2 2 2 2
left_child=3 2 5 15 25 12 7 -4 22 19 14 13 -2 -8 17 24 -17 -6 -10 -7 -15 -22 -9 -13 -1 -3 -16 29 -23 -12
right_child=1 4 6 -5 10 9 11 8 18 -11 27 23 -14 20 26 16 -18 -19 -20 -21 21 28 -24 -25 -26 -27 -28 -29 -30 -31
leaf_value=0.0046790603293674531 -0.005722730847430673 -0.011867485509443703 -0.032045962546801164 0.011305800849806667 0.0072957914376691026 0.0092250860360275563 -0.033148854227629747 -0.13193891541041722 -0.035136373440544058 -0.010228772996508888 0.0041890014712592525 -0.028669266800437816 -0.049685266284517471 -0.024094745419908189 -0.021852979805563166 -0.0011421549198684807 0.010722497352920243 0.0042616864727141211 -0.054104896556251697 0.0024939962613265369 -0.049801228665997892 -0.14155880506601165 -0.074281992037388264 -0.011553066330350541 0.0064571796282620114 -0.0044374823388754698 -0.0099904145971213918 -0.028281275016413438 -0.074736943067290992 -0.020819093588641861
leaf_weight=19454 681 2245 3043 41260 12214 5993 558 1505 2525 11723 24726 3560 498 3930 510 4737 1593 13052 412 7164 2136 572 3716 11019 53340 3487 1979 22663 471 3091
leaf_count=19454 681 2245 3043 41260 12214 5993 558 1505 2525 11723 24726 3560 498 3930 510 4737 1593 13052 412 7164 2136 572 3716 11019 53340 3487 1979 22663 471 3091
internal_value=0.00121153 -0.000971402 -0.00234329 0.00381313 8.33661e-07 7.25277e-05 -0.00422549 -0.00654763 -0.0079088 0.000482315 0.000354701 -0.00305628 -0.00857506 -0.00503848 0.00142317 0.00294841 0.000718799 0.00178342 -0.00423221 0.00184845 -0.00440428 -0.00670337 -0.00997702 -0.00201386 0.00314229 -0.00482903 -0.00223383 -0.000232765 -0.0117641 0.000335047
internal_weight=263857 143473 59506 120384 83967 26059 33447 11201 8158 24880 78235 22246 1179 7667 27755 79124 6330 25266 2937 13157 7109 3179 5221 14579 72794 5732 2489 50480 1043 27817
internal_count=263857 143473 59506 120384 83967 26059 33447 11201 8158 24880 78235 22246 1179 7667 27755 79124 6330 25266 2937 13157 7109 3179 5221 14579 72794 5732 2489 50480 1043 27817
is_linear=0
shrinkage=0.05


Tree=13
num_leaves=31
num_cat=0
split_feature=10 3 27 18 21 25 28 27 17 21 26 17 1 17 18 19 5 7 7 26 16 18 23 26 28 27 20 28 26 27
split_gain=556.042 69.9561 63.6846 40.0485 38.7215 18.2238 15.9252 17.4186 14.8541 13.7898 13.7305 12.9896 11.4248 10.3253 12.3077 9.73027 8.86043 8.73447 7.78673 7.23597 7.08849 6.89144 6.21358 6.16095 5.98163 5.74979 5.63324 5.34682 4.99036 4.87936
threshold=0.7333333333333335 0.21542235901923742 9.5000000000000018 15.13058039051147 32.500000000000007 1.0000000180025095e-35 11.500000000000002 31.500000000000004 8.5000000000000018 31.500000000000004 1.0000000180025095e-35 4.5000000000000009 257.00000000000006 9.5000000000000018 33.936927570327789 8.26365763342916 0.59358918735479393 0.2131333887832296 0.79596445721630371 1.0000000180025095e-35 6.3318920565616708 4.8067996689731958 5.5000000000000009 1.0000000180025095e-35 2.5000000000000004 26.500000000000004 0.021724611789787088 29.500000000000004 1.0000000180025095e-35 33.500000000000007
decision_type=2 2 2 2 2 2 2 2 2 2 2 2 2 2 2 2 2 2 2 2 2 2 2 2 2 2 2 2 2 2
left_child=1 10 4 6 5 11 8 28 9 12 15 18 -4 17 25 -1 -12 -5 -2 -20 23 -3 -17 27 29 -15 -25 -13 -8 -11
right_child=2 21 3 13 -6 -7 7 -9 -10 24 16 20 -14 14 -16 22 -18 -19 19 -21 -22 -23 -24 26 -26 -27 -28 -29 -30 -31
leaf_value=0.0063254024761023797 -0.033047274899786781 0.010961952806528156 0.0084632064659875827 -0.0502290200226886 -0.005320272497173339 0.0043331011927038275 0.0013739393490749905 -0.033422722502026839 -0.0031102469115320184 -0.032011450695363701 -0.0022877544359143245 -0.023476328791541021 0.011344547206706137 -0.0014539365430684703 -0.010808257497476943 0.005468064295057494 0.0045309364446871449 -0.018875832655497291 -0.067856817492615767 -0.068799726179023454 -0.088358275873385239 0.0072882121933499494 0.0021181665018466535 -0.086553285876032601 0.0046593137089179981 -0.0076667465284910074 -0.026200139346645997 -0.044786233626599448 -0.024011330956333142 0.0011895160534619595
leaf_weight=25890 4204 38866 11630 275 12060 2014 19353 350 2481 976 3404 13568 1776 4156 1935 37708 2572 49625 4116 320 416 5733 5921 280 7057 1408 1019 867 1907 1521
leaf_count=25890 4204 38866 11630 275 12060 2014 19353 350 2481 976 3404 13568 1776 4156 1935 37708 2572 49625 4116 320 416 5733 5921 280 7057 1408 1019 867 1907 1521
internal_value=0.0011546 0.00366413 -0.000948337 -0.000305409 -0.00267626 -0.00373489 0.000775967 -0.000222119 0.00162376 0.00202091 0.00273661 -0.00410649 0.00305535 -0.00119183 -0.00292172 0.00293431 0.000436747 -0.000931864 -0.0056713 -0.00713255 -0.00326935 0.0052342 0.00247863 -0.00309902 0.000569395 -0.00172717 -0.00639723 -0.00280222 -3.99812e-05 -0.00153384
internal_weight=263408 120094 143314 104450 38864 26804 47051 21610 25441 22960 75495 24790 13406 57399 7499 69519 5976 49900 8640 4436 16150 44599 43629 15734 9554 5564 1299 14435 21260 2497
internal_count=263408 120094 143314 104450 38864 26804 47051 21610 25441 22960 75495 24790 13406 57399 7499 69519 5976 49900 8640 4436 16150 44599 43629 15734 9554 5564 1299 14435 21260 2497
is_linear=0
shrinkage=0.05


Tree=14
num_leaves=31
num_cat=0
split_feature=10 24 24 3 21 24 0 0 24 29 29 24 27 28 26 0 26 18 24 24 26 18 0 0 21 0 18 0 4 23
split_gain=512.019 78.924 85.3772 70.3557 43.0466 41.1603 40.058 29.9805 24.91 28.7128 21.8943 21.0435 18.111 16.4044 14.8195 14.8916 13.1064 12.432 10.0195 9.90986 9.58911 10.809 9.06596 8.52244 8.0044 7.91506 7.9897 7.45708 7.32346 7.11565
threshold=0.7333333333333335 15.500000000000002 6.5000000000000009 0.21542235901923742 34.500000000000007 11.500000000000002 4.4942943846592813 4.5311910660572687 8.5000000000000018 -1.4571161936178669 1.0000000180025095e-35 2.5000000000000004 21.500000000000004 9.5000000000000018 1.0000000180025095e-35 4.8935427106932758 1.0000000180025095e-35 13.217980032204883 8.5000000000000018 10.500000000000002 1.0000000180025095e-35 18.942003188433187 5.446138084545372 5.2626579170538763 33.500000000000007 4.6461108844735088 12.78051326677349 4.5923386465912319 -0.31060534683096153 5.5000000000000009
decision_type=2 2 2 2 2 2 2 2 2 2 2 2 2 2 2 2 2 2 2 2 2 2 2 2 2 2 2 2 2 2
left_child=3 2 7 16 5 8 -3 11 -4 -10 -11 -2 20 17 28 -16 18 24 -1 -12 21 -8 -18 -5 27 -14 -27 -9 -7 -20
right_child=1 6 4 23 -6 14 12 13 9 10 19 -13 25 -15 15 -17 22 -19 29 -21 -22 -23 -24 -25 -26 26 -28 -29 -30 -31
leaf_value=0.0037640877099360242 -0.0024824675800830917 -0.0071703824281356566 -0.033306738088389833 0.0018793875677083731 -0.01068705098716074 -0.037336137195678555 0.0056170639292209027 -0.01271872607265062 -0.090799720447196433 -0.028900899661150593 -0.12310958324160433 -0.04153308187996782 -7.924502653085491e-05 -0.0097534651303865377 -0.049535965276759852 -0.0046923418812449304 -0.0012131587397290877 0.0016845722432946625 0.006097365147559472 -0.015400587876052136 -0.024239808476756903 -0.018908094936361964 0.0090361967392484817 0.010291777844490802 -0.0028770439049459898 0.0076152033133614853 0.0074931365367253144 0.0094323538503106215 -0.00097071056355238603 0.0037671137842911484
leaf_weight=18511 782 4181 5944 1317 9508 7708 25807 199 4066 4032 1094 589 4713 11650 831 681 4710 7055 44354 209 5573 22502 1267 43364 915 7288 9304 4799 3810 6734
leaf_count=18511 782 4181 5944 1317 9508 7708 25807 199 4066 4032 1094 589 4713 11650 831 681 4710 7055 44354 209 5573 22502 1267 43364 915 7288 9304 4799 3810 6734
internal_value=0.00117618 -0.00084334 -0.00215165 0.00358166 -0.00366576 -0.00464141 0.00020953 5.54081e-05 -0.00639622 -0.00799809 -0.00558575 -0.00714077 0.000474417 0.00045617 -0.00257483 -0.00722884 0.00265177 0.00167952 0.00284472 -0.0112203 -1.35481e-05 0.000213004 0.000404885 0.00515454 0.00337054 0.00170852 0.00222216 0.00415766 -0.00196388 0.00320584
internal_weight=263497 143240 63872 120257 37883 28375 79368 25989 15345 9401 5335 1371 75187 24618 13030 1512 75576 12968 69599 1303 53882 48309 5977 44681 5913 21305 16592 4998 11518 51088
internal_count=263497 143240 63872 120257 37883 28375 79368 25989 15345 9401 5335 1371 75187 24618 13030 1512 75576 12968 69599 1303 53882 48309 5977 44681 5913 21305 16592 4998 11518 51088
is_linear=0
shrinkage=0.05


Tree=15
num_leaves=31
num_cat=0
split_feature=10 29 3 0 28 27 21 19 17 26 0 21 22 26 22 19 0 17 19 0 0 27 23 19 17 29 21 2 0 29
split_gain=488.977 73.1961 72.1588 49.7337 33.2536 26.0453 20.855 14.2901 13.2648 12.4207 11.3803 11.2592 12.094 9.84432 9.26572 8.95488 9.49895 8.74239 8.58801 8.04648 7.73362 7.39515 7.10697 7.00803 6.75036 6.69548 9.72962 6.50127 5.98132 5.92376
threshold=0.7333333333333335 -1.4571161936178669 0.24756238712469233 4.4942943846592813 11.500000000000002 7.5000000000000009 33.500000000000007 57.682278571424497 8.5000000000000018 1.0000000180025095e-35 5.446138084545372 31.500000000000004 16.500000000000004 1.0000000180025095e-35 12.500000000000002 8.8781502319934713 5.2566513836737103 4.5000000000000009 19.130718000470363 4.3036100609115797 5.2626579170538763 27.500000000000004 5.5000000000000009 10.984745109416787 4.5000000000000009 -0.012310925937813548 33.500000000000007 0.29326950728926193 4.9244151253434794 -0.84205718744538371
decision_type=2 2 2 2 2 2 2 2 2 2 2 2 2 2 2 2 2 2 2 2 2 2 2 2 2 2 2 2 2 2
left_child=2 5 9 19 7 6 24 8 11 15 -11 12 23 18 -9 -1 -17 -7 29 -3 -4 -21 -18 -5 -2 -20 28 -24 -27 -6
right_child=1 3 20 4 13 17 -8 14 -10 10 -12 -13 -14 -15 -16 16 22 -19 25 21 -22 -23 27 -25 -26 26 -28 -29 -30 -31
leaf_value=0.0057673483721182974 -0.07663269581276938 -0.017619986560723267 -0.00085272670876611009 0.011624878094002089 -0.0191951848266061 -0.062807526998591975 0.0010256231315142305 -0.027705046084187702 -0.0012893154717781238 -0.0012687122361306569 0.0084985815719912008 0.002292245493209243 0.0057299435759019897 -0.024024787045232657 0.0057090435785216625 0.0028640974113421755 0.0079982794417250945 -0.025226504852582172 -0.013268766619683892 -0.0052480996160197699 0.0098156192100441447 -0.019269883951488057 -0.0007081976547830387 0.0085426310437768226 -0.062107855417854643 -0.057498910845942566 0.0011678327964305681 0.010863158984105989 -0.0081854520516729656 0.0052186677966549822
leaf_weight=30181 2164 914 514 1089 1974 2205 1055 7445 3490 4789 1467 7596 5615 6341 16209 21768 17748 7979 51379 3964 41102 988 2434 6089 3289 2366 2148 487 1120 8121
leaf_count=30181 2164 914 514 1089 1974 2205 1055 7445 3490 4789 1467 7596 5615 6341 16209 21768 17748 7979 51379 3964 41102 988 2434 6089 3289 2366 2148 487 1120 8121
internal_value=0.0011671 -0.000804305 0.00351564 -0.000394724 -0.000176721 -0.00391685 -0.00638752 0.000853723 0.00171657 0.00262685 0.00048913 0.00220413 0.00310951 -0.000843579 -1.73332e-05 0.00281101 0.00234277 -0.00233798 -0.000665643 -0.0048909 0.00520016 -0.00409532 0.00311046 0.00446921 -0.0076325 -0.000903654 -0.00253994 0.00082506 -0.00417097 0.000678554
internal_weight=264030 143540 120490 126848 120982 16692 6508 47533 23879 78874 6256 20389 12793 73449 23654 72618 42437 10184 67108 5866 41616 4952 20669 7178 5453 57013 5634 2921 3486 10095
internal_count=264030 143540 120490 126848 120982 16692 6508 47533 23879 78874 6256 20389 12793 73449 23654 72618 42437 10184 67108 5866 41616 4952 20669 7178 5453 57013 5634 2921 3486 10095
is_linear=0
shrinkage=0.05


Tree=16
num_leaves=31
num_cat=0
split_feature=0 29 18 4 24 24 0 28 24 0 21 24 24 24 26 18 24 24 18 20 24 21 24 23 0 17 24 26 1 21
split_gain=432.911 73.247 52.296 49.7294 32.6287 34.8326 30.6939 29.357 27.0947 17.6449 16.1875 15.468 14.9553 11.9419 10.7472 9.5033 9.4018 9.33303 9.21325 8.9477 8.62691 9.02594 8.27206 7.96281 7.943 7.77888 7.67169 7.21265 7.20061 6.96824
threshold=5.225096175259913 -1.4571161936178669 13.711901041093762 0.18217412118880802 17.500000000000004 8.5000000000000018 4.4942943846592813 14.500000000000002 11.500000000000002 4.6098625740792736 33.500000000000007 15.500000000000002 5.5000000000000009 14.500000000000002 1.0000000180025095e-35 4.5212434663416348 9.5000000000000018 9.5000000000000018 1.6749658239256511 0.70719335053881871 7.5000000000000009 30.500000000000004 11.500000000000002 1.5000000000000002 5.3011333813679853 8.5000000000000018 21.500000000000004 1.0000000180025095e-35 261.00000000000006 33.500000000000007
decision_type=2 2 2 2 2 2 2 2 2 2 2 2 2 2 2 2 2 2 2 2 2 2 2 2 2 2 2 2 2 2
left_child=1 4 7 15 5 -1 16 9 10 28 -7 12 -8 20 18 23 -4 -14 -11 -18 21 -9 -22 24 27 29 -20 -2 -3 -19
right_child=3 2 6 -5 -6 8 11 13 -10 14 -12 -13 17 -15 -16 -17 19 25 26 -21 22 -23 -24 -25 -26 -27 -28 -29 -30 -31
leaf_value=-0.024815220282623243 0.0053051060151788516 -0.0050924927306919146 -0.027194982598348551 0.0093211703852927943 0.005447729201566243 -0.081891304630295397 -0.001325597196559364 0.017987255636970022 -0.039211488492138312 0.0080957668202903225 -0.055801612131071467 -0.0015814334561005028 -0.040025263945774131 0.0025328866183456783 -0.0033879726208504908 0.0034938322405545022 -0.012581469437985299 -0.031680150200551094 0.0026703563717735269 -0.0035307863228007125 -0.033167206792563894 -0.017565179459902745 -0.0091130259711413655 0.0055549031478933225 0.012764893711136899 0.0053703125672245888 0.005793434779465173 -0.001730865190627045 0.010582099146853758 -0.0046967720105181221
leaf_weight=6077 6859 2151 782 41123 3117 3887 10254 1551 2733 6263 701 41830 5861 15866 3064 14896 1101 6680 20941 2787 3059 2248 3536 31659 4745 1116 14717 935 199 2855
leaf_count=6077 6859 2151 782 41123 3117 3887 10254 1551 2733 6263 701 41830 5861 15866 3064 14896 1101 6680 20941 2787 3059 2248 3536 31659 4745 1116 14717 935 199 2855
internal_value=0.00115341 -0.000433601 -7.85777e-05 0.00374058 -0.00359068 -0.00466264 -0.00102421 0.00086283 -0.00698538 0.00160663 -0.00933304 -0.000757187 -0.00169581 -0.000477913 0.00182728 0.00281145 -0.00494647 -0.00262718 0.00203621 -0.00394033 -0.00179527 0.000102659 -0.00288855 0.00317956 0.00424595 -0.00174538 0.00172556 0.00326405 -0.00261702 -0.00220766
internal_weight=263593 163376 146861 100217 16515 13398 73266 73595 7321 47335 4588 68596 26766 26260 44985 59094 4670 16512 41921 3888 10394 3799 6595 44198 12539 10651 35658 7794 2350 9535
internal_count=263593 163376 146861 100217 16515 13398 73266 73595 7321 47335 4588 68596 26766 26260 44985 59094 4670 16512 41921 3888 10394 3799 6595 44198 12539 10651 35658 7794 2350 9535
is_linear=0
shrinkage=0.05


Tree=17
num_leaves=31
num_cat=0
split_feature=0 29 4 0 28 24 24 24 19 24 27 24 24 4 26 26 29 22 12 27 22 11 23 24 24 17 0 0 1 26
split_gain=419.141 76.2534 49.2969 47.2816 49.2847 28.945 22.4136 48.6703 16.0094 12.1978 14.1403 11.2425 17.6455 13.344 11.0037 10.107 8.63534 8.61895 8.41764 8.0188 11.1036 10.0948 7.74775 7.26823 10.5002 10.7378 7.15022 7.02375 7.50852 6.8735
threshold=5.225096175259913 -1.7690543140210224 0.18217412118880802 4.5208249664032918 11.500000000000002 14.500000000000002 8.5000000000000018 11.500000000000002 57.682278571424497 5.5000000000000009 7.5000000000000009 9.5000000000000018 2.5000000000000004 -0.91706966442293736 1.0000000180025095e-35 1.0000000180025095e-35 -3.1903952382278615 11.500000000000002 0.19327500372141174 29.500000000000004 19.500000000000004 0.18680471163053727 5.5000000000000009 11.500000000000002 7.5000000000000009 6.5000000000000009 4.9193525064942056 5.1286703667030071 153.00000000000003 1.0000000180025095e-35
decision_type=2 2 2 2 2 2 2 2 2 2 2 2 2 2 2 2 2 2 2 2 2 2 2 2 2 2 2 2 2 2
left_child=1 6 22 11 8 9 -1 16 14 -6 23 12 -3 -13 18 -9 26 -10 19 20 21 -5 -2 24 -11 27 -8 28 -26 -15
right_child=2 3 -4 4 5 -7 7 15 17 10 -12 13 -14 29 -16 -17 -18 -19 -20 -21 -22 -23 -24 -25 25 -27 -28 -29 -30 -31
leaf_value=-0.026672574413669516 0.0054871559403166367 -0.0019527970081371399 0.0087662480735025503 0.010884733936941827 -0.0032664125427493474 -0.0014851813325127304 -0.1230474994812033 -0.0063286104017406504 -0.028931577917685938 -0.01348896454668554 -0.015237909899101124 -0.014760559909273699 -0.036219645851010125 -0.0019911205878868333 -0.0040221745599034629 -0.074026538966239216 -0.063352846178358957 0.0056024475078747544 0.0023455004399436565 0.00058100744912753359 0.0047311822188142198 0.0046079001133647567 0.0026167394838735045 -0.018722653464384901 -0.051597076910104324 -0.011412341723096945 0.0083093192233259401 0.033252340248687499 -0.06389913150132244 -0.022256396909951719
leaf_weight=4906 50985 704 41313 4001 7130 48846 1108 2518 6597 1776 8417 1326 864 5077 2835 258 2514 17266 27192 2543 5144 3514 8145 4527 1175 816 72 167 2060 77
leaf_count=4906 50985 704 41313 4001 7130 48846 1108 2518 6597 1776 8417 1326 864 5077 2835 258 2514 17266 27192 2543 5144 3514 8145 4527 1175 816 72 167 2060 77
internal_value=0.00112963 -0.000432601 0.00367154 -0.000137188 7.1247e-05 -0.00081707 -0.00438115 -0.00631376 0.00103442 -0.00216242 -0.00282606 -0.0038668 -0.00766582 -0.00294753 0.00158726 -0.00131124 -0.0100731 -1.34099e-05 0.00178893 0.00273122 0.00324591 0.00447106 0.00274565 -0.00404809 -0.00519019 -0.00654813 -0.0136017 -0.00778366 -0.00829985 -0.00179666
internal_weight=263873 163430 100443 152054 144006 74914 11376 6470 69092 26068 18938 8048 1568 6480 45229 2776 3694 23863 42394 15202 12659 7515 59130 10521 5994 4218 1180 3402 3235 5154
internal_count=263873 163430 100443 152054 144006 74914 11376 6470 69092 26068 18938 8048 1568 6480 45229 2776 3694 23863 42394 15202 12659 7515 59130 10521 5994 4218 1180 3402 3235 5154
is_linear=0
shrinkage=0.05


Tree=18
num_leaves=31
num_cat=0
split_feature=0 4 24 24 0 0 17 0 28 24 21 24 18 24 21 24 17 27 18 27 18 4 21 22 24 18 23 17 18 0
split_gain=386.205 56.8063 55.6573 75.0002 38.0462 33.5988 31.7477 26.6499 20.4754 18.2954 17.5361 15.8199 15.0933 14.4823 11.64 18.3348 16.909 13.9918 10.532 10.5068 10.2981 9.95121 7.90333 7.88016 7.74446 7.35747 7.3208 7.17231 7.11023 6.87613
threshold=5.2106208181773761 0.18217412118880802 14.500000000000002 6.5000000000000009 5.0085047394125981 4.4942943846592813 4.5000000000000009 4.5311910660572687 11.500000000000002 12.500000000000002 32.500000000000007 11.500000000000002 13.217980032204883 2.5000000000000004 33.500000000000007 8.5000000000000018 9.5000000000000018 6.5000000000000009 3.5573742432071334 27.500000000000004 2.5424781510892029 0.007538409528933177 35.500000000000007 17.500000000000004 8.5000000000000018 20.012939124463966 1.5000000000000002 8.5000000000000018 13.711901041093762 5.5318668908130064
decision_type=2 2 2 2 2 2 2 2 2 2 2 2 2 2 2 2 2 2 2 2 2 2 2 2 2 2 2 2 2 2
left_child=2 18 3 7 6 -4 9 13 20 22 12 14 21 -1 15 -8 17 -17 26 -19 23 -9 24 -7 25 -5 29 -13 -10 -2
right_child=1 -3 5 4 -6 8 11 10 28 -11 -12 27 -14 -15 -16 16 -18 19 -20 -21 -22 -23 -24 -25 -26 -27 -28 -29 -30 -31
leaf_value=-0.0021441956079899641 0.0045125333199393823 0.008229119494100717 -0.0062765143745602148 -0.0472011096410547 -0.0015630965699424449 0.0079544616241534385 -0.021615633236473863 0.0083681845134029806 0.0036859320675061316 -0.027793997208659767 -0.01063353385824347 -0.021650130483708698 0.0013182653204385749 -0.033740519049607287 -0.028668965962720946 -0.073754893960741294 -0.0012694825987693125 -0.042766710952966518 0.003252919084492727 -0.09487351940400171 0.0033859392835882598 0.00072264396888968184 -0.040674754236424214 0.0025775396686983343 -0.068117183660776626 -0.12326662097283519 0.005251599051911084 0.0068798198910052484 -0.017014671792911149 0.012313219555593294
leaf_weight=785 7049 41453 4354 1093 9479 2860 3091 6096 19737 1971 8687 6066 9129 589 3278 2228 734 1361 29145 637 30662 2526 457 2014 3633 605 28148 1211 30711 4152
leaf_count=785 7049 41453 4354 1093 9479 2860 3091 6096 19737 1971 8687 6066 9129 589 3278 2228 734 1361 29145 637 30662 2526 457 2014 3633 605 28148 1211 30711 4152
internal_value=0.00110464 0.00336817 -0.000511449 -0.00164384 -0.00315562 0.00028648 -0.00413237 0.000304545 0.000503466 -0.00681918 0.000657387 -0.00301193 0.00155822 -0.00648472 -0.00418042 -0.00520308 -0.00708669 -0.00830336 0.00248401 -0.00526527 0.00142278 0.00305846 -0.00823601 0.00355765 -0.00877697 -0.0059894 0.00301761 -0.0011928 -0.000144109 0.00409874
internal_weight=263941 109947 153994 63656 35844 90338 26365 27812 85984 7759 26438 18606 17751 1374 11329 8051 4960 4226 68494 1998 35536 8622 5788 4874 5331 1698 39349 7277 50448 11201
internal_count=263941 109947 153994 63656 35844 90338 26365 27812 85984 7759 26438 18606 17751 1374 11329 8051 4960 4226 68494 1998 35536 8622 5788 4874 5331 1698 39349 7277 50448 11201
is_linear=0
shrinkage=0.05


Tree=19
num_leaves=31
num_cat=0
split_feature=0 28 3 0 19 25 22 26 0 27 28 22 19 27 5 0 0 28 26 0 27 19 26 5 17 5 7 0 27 19
split_gain=362.059 58.0436 48.2969 31.4204 30.8846 17.7258 12.7175 11.9961 11.919 17.4532 11.0218 10.9222 16.7458 12.2251 12.8403 9.43752 9.14724 7.39514 6.98111 6.88981 6.6258 6.40996 5.90065 5.89787 5.78714 5.66327 5.57616 5.53981 5.56863 5.29761
threshold=5.225096175259913 17.500000000000004 0.21542235901923742 4.4942943846592813 58.467286815758271 1.0000000180025095e-35 12.500000000000002 1.0000000180025095e-35 4.9296208115160445 6.5000000000000009 30.500000000000004 16.500000000000004 4.2761266608149802 27.500000000000004 0.88821823950593071 4.757598829281628 5.2626579170538763 11.500000000000002 1.0000000180025095e-35 4.6500701778329185 30.500000000000004 12.105725609730476 1.0000000180025095e-35 1.1349619381775733 4.5000000000000009 0.73033347616674782 0.17446664763110023 4.7544443676919261 9.5000000000000018 52.219901575810034
decision_type=2 2 2 2 2 2 2 2 2 2 2 2 2 2 2 2 2 2 2 2 2 2 2 2 2 2 2 2 2 2
left_child=1 3 18 -1 7 8 -6 11 9 10 24 12 -5 14 21 -15 -4 -16 -2 -9 22 -14 -11 -10 29 -20 -8 28 -24 -3
right_child=2 5 16 4 6 -7 26 19 23 20 -12 -13 13 15 17 -17 -18 -19 25 -21 -22 -23 27 -25 -26 -27 -28 -29 -30 -31
leaf_value=-0.006748960952426066 0.004846867623628473 -0.040733071228109256 -0.00074905313269804359 0.0096695713415853937 -0.029970099525677325 0.0025899860710600032 -0.057780714409933015 -0.017765489782449503 0.010896018622121494 -0.016400137922499988 -0.01078517703893522 0.0018357420822045353 0.0033544138851312509 -0.006035710173189511 0.0078765079350987862 0.0054176500951260524 0.0080570165106920982 0.0076359137958654623 -0.00052030011389754744 -0.0026968874028549103 -0.029050514861966276 -0.00018678926439454614 -0.085543980666186431 -0.013646968748403552 -0.032640978688860928 0.0079630271538802897 0.0023407550945336742 -0.018125134388049618 -0.023265852899857341 -0.061835140935459977
leaf_weight=3642 51522 1911 879 3546 15115 9185 96 409 5103 18241 2794 24692 6580 2555 6122 3192 43341 3364 3626 3337 408 5457 250 9941 8765 1071 25210 977 193 2478
leaf_count=3642 51522 1911 879 3546 15115 9185 96 409 5103 18241 2794 24692 6580 2555 6122 3192 43341 3364 3626 3337 408 5457 250 9941 8765 1071 25210 977 193 2478
internal_value=0.00109779 -0.000353197 0.00346071 0.000366058 0.000532731 -0.00158666 -0.000532891 0.00125966 -0.00195041 -0.00244412 -0.00367883 0.00144448 0.0020723 0.001652 0.00219904 -0.000396729 0.00469697 0.00357474 0.0024883 -0.00147891 -0.00146295 0.0011149 -0.00133208 -0.000768413 -0.00428463 0.000642964 0.000152533 -0.00443662 -0.00907449 -0.00576669
internal_weight=264002 163563 100439 103317 99675 60246 40421 59254 51061 36017 15948 55508 30816 27270 21523 5747 44220 9486 56219 3746 20069 12037 19661 15044 13154 4697 25306 1420 443 4389
internal_count=264002 163563 100439 103317 99675 60246 40421 59254 51061 36017 15948 55508 30816 27270 21523 5747 44220 9486 56219 3746 20069 12037 19661 15044 13154 4697 25306 1420 443 4389
is_linear=0
shrinkage=0.05


Tree=20
num_leaves=31
num_cat=0
split_feature=0 29 24 4 0 24 29 28 24 24 29 26 27 24 0 0 24 24 0 21 26 0 7 26 26 24 28 23 0 29
split_gain=342.531 63.1325 46.3758 44.1444 26.9512 25.4806 27.3843 25.3865 11.7315 11.3445 11.0837 13.4923 8.73046 8.71013 8.70094 8.29246 7.93719 9.00134 7.14416 7.40523 7.0686 6.80797 6.642 6.90302 6.29382 6.25577 5.4237 5.12025 9.19262 6.40217
threshold=5.225096175259913 -0.94655401024601937 14.500000000000002 0.18217412118880802 4.4674786937065862 8.5000000000000018 -2.5608938885402721 11.500000000000002 15.500000000000002 11.500000000000002 0.49506689351185157 1.0000000180025095e-35 7.5000000000000009 2.5000000000000004 4.5208249664032918 4.7720400331370492 12.500000000000002 6.5000000000000009 4.9296208115160445 35.500000000000007 1.0000000180025095e-35 4.6851294144313123 0.30867529335941118 1.0000000180025095e-35 1.0000000180025095e-35 6.5000000000000009 1.5000000000000002 1.5000000000000002 5.3011333813679853 0.54280278330869824
decision_type=2 2 2 2 2 2 2 2 2 2 2 2 2 2 2 2 2 2 2 2 2 2 2 2 2 2 2 2 2 2
left_child=1 2 5 22 -3 14 18 10 13 12 11 -6 -8 -9 -1 -13 17 -12 19 -7 -11 -4 -2 27 25 -5 -14 28 -24 -29
right_child=3 4 21 24 7 6 9 8 -10 20 16 15 26 -15 -16 -17 -18 -19 -20 -21 -22 -23 23 -25 -26 -27 -28 29 -30 -31
leaf_value=-0.023355662279214554 0.0095247650571255831 -0.00696432598502306 -0.0088472490822157843 0.005232379889634012 0.0036748475655411839 -0.095448713070659219 -0.048236626201015653 0.005996230842171768 0.0011363928817692823 -0.017564542708754374 -0.0011427511291677574 -0.035731861410358466 -0.071864735680670352 -0.016711190200304721 -0.017132409021073183 -0.001585918244853522 0.0058211492235223355 -0.05590909578684955 0.0024582138717891425 0.019337101743868126 -0.033848380944541838 0.0060919177055681947 0.0036782008131083775 0.0012720043681587376 0.0044876016721205362 0.008277321926614704 -0.043733442935423417 0.0041590253853302185 0.01159222595183987 -0.0089372925962620375
leaf_weight=368 3939 4128 6006 7428 54151 1911 2349 3050 39386 3966 2834 958 410 19413 8466 3028 1215 1770 128 104 629 7828 10277 4670 2946 31059 1853 35770 3509 874
leaf_count=368 3939 4128 6006 7428 54151 1911 2349 3050 39386 3966 2834 958 410 19413 8466 3028 1215 1770 128 104 629 7828 10277 4670 2946 31059 1853 35770 3509 874
internal_value=0.00107396 -0.000334795 -0.00225234 0.00337278 0.00016724 -0.00378072 -0.00534802 0.000297683 -0.000424582 -0.00416314 0.000996154 0.0012044 -0.005915 -0.00133642 -0.00176704 -0.00160311 -0.00108438 -0.00203301 -0.0104386 -0.0111663 -0.00240479 -2.24086e-05 0.00249479 0.00235299 0.00462385 0.00479435 -0.00369863 0.0025233 0.0033447 0.00221428
internal_weight=264423 163951 34018 100472 129933 20184 11350 125805 61849 9207 63956 58137 4612 22463 8834 3986 5819 4604 2143 2015 4595 13834 59039 55100 41433 38487 2263 50430 13786 36644
internal_count=264423 163951 34018 100472 129933 20184 11350 125805 61849 9207 63956 58137 4612 22463 8834 3986 5819 4604 2143 2015 4595 13834 59039 55100 41433 38487 2263 50430 13786 36644
is_linear=0
shrinkage=0.05


Tree=21
num_leaves=31
num_cat=0
split_feature=21 4 29 28 24 21 24 24 24 19 1 22 27 29 1 7 27 1 29 19 27 19 24 24 19 19 15 24 29 24
split_gain=302.299 70.0631 49.5743 24.4378 22.2216 20.3812 17.7659 32.3081 13.3099 12.5504 10.3867 10.2561 10.1129 9.41357 8.9434 7.90501 7.56219 7.43576 7.51431 7.21836 7.08948 7.79832 6.68643 7.82566 6.66412 6.19468 5.57082 5.32941 5.30946 5.26713
threshold=15.000000000000002 0.18217412118880802 -1.7690543140210224 11.500000000000002 12.500000000000002 33.500000000000007 8.5000000000000018 11.500000000000002 5.5000000000000009 10.984745109416787 177.00000000000003 19.500000000000004 6.5000000000000009 0.006879990237007339 161.00000000000003 0.30867529335941118 28.500000000000004 253.00000000000003 -0.10995315093910753 9.4277722782325704 26.500000000000004 52.219901575810034 12.500000000000002 8.5000000000000018 17.434415974983946 37.371400064480738 12.500000000000002 6.5000000000000009 -3.1903952382278615 10.500000000000002
decision_type=2 2 2 2 2 2 2 2 2 2 2 2 2 2 2 2 2 2 2 2 2 2 2 2 2 2 2 2 2 2
left_child=1 15 5 9 8 6 -2 14 -5 11 -7 16 25 17 -8 -1 -4 18 26 -17 21 -19 23 -15 -6 -10 -11 -3 -16 -25
right_child=2 27 3 4 24 10 7 -9 12 13 -12 -13 -14 22 28 19 -18 20 -20 -21 -22 -23 -24 29 -26 -27 -28 -29 -30 -31
leaf_value=0.0084345033097709479 -0.027699527390080012 0.0049803979083959931 0.0092650360798281258 -0.0041261774375883241 0.0039350267135506694 -0.03256433189338781 -0.030794276887776341 -0.025366343057844409 -0.013236539006795632 0.0013696852524886149 0.0083092796246668401 0.001196207172651775 -0.016275785024725788 -0.0094889804571261435 -0.11134999407172166 0.0038410336941633728 0.0040030749947011831 0.0084412416918434752 0.0080581101129472907 0.0028770510072671641 -0.001814389456496449 0.0096722793857742014 0.0091507495071971885 -0.13278759108377919 -0.0073428106798556067 -0.034111435494537948 -0.0051760202199540228 0.0077382309259206418 -0.070483398317113241 -0.0059603070565944216
leaf_weight=3936 2715 7431 1304 7865 8164 1381 1053 1827 2381 24497 2299 2111 6791 3594 813 34348 1862 1658 7110 40732 1512 2198 777 480 50332 4831 4418 33818 1349 210
leaf_count=3936 2715 7431 1304 7865 8164 1381 1053 1827 2381 24497 2299 2111 6791 3594 813 34348 1862 1658 7110 40732 1512 2198 777 480 50332 4831 4418 33818 1349 210
internal_value=0.00105865 0.00290775 -0.000490692 -0.000217268 -0.000762904 -0.00364868 -0.00510249 -0.00685839 -0.00212274 0.000630376 -0.000584239 0.00294107 -0.0030472 0.000367891 -0.00987558 0.00203579 0.004741 0.000616771 0.000358085 0.00192128 0.00235283 0.00349066 -0.00166765 -0.00244164 -0.000254547 -0.00435108 0 0.00457805 -0.011716 -0.00731884
internal_weight=263797 120265 143532 132095 80364 11437 7757 5042 21868 51731 3680 5277 14003 46454 3215 79016 3166 41393 36025 75080 5368 3856 5061 4284 58496 7212 28915 41249 2162 690
internal_count=263797 120265 143532 132095 80364 11437 7757 5042 21868 51731 3680 5277 14003 46454 3215 79016 3166 41393 36025 75080 5368 3856 5061 4284 58496 7212 28915 41249 2162 690
is_linear=0
shrinkage=0.05


Tree=22
num_leaves=31
num_cat=0
split_feature=21 4 29 18 27 28 18 21 22 29 20 17 27 22 1 18 3 26 23 27 26 4 22 7 26 29 18 28 29 27
split_gain=265.832 66.1998 43.8359 24.3868 23.1921 17.4369 13.5576 12.3083 11.8089 10.802 13.3784 9.98798 12.6245 8.41155 7.6603 6.84928 6.61426 6.49709 6.2251 5.1971 5.17882 4.65184 4.17362 4.11207 4.10413 3.99742 3.89535 3.98414 3.70633 3.80579
threshold=15.000000000000002 0.18217412118880802 -0.94655401024601937 12.78051326677349 7.5000000000000009 12.500000000000002 3.7538778984807712 33.500000000000007 19.500000000000004 -2.1968687689319921 0.030106700139120073 9.5000000000000018 27.500000000000004 13.500000000000002 185.00000000000003 2.413183686715783 -0.52262404658858341 1.0000000180025095e-35 5.5000000000000009 33.500000000000007 1.0000000180025095e-35 0.089232473596078152 10.500000000000002 0.22725211428327399 1.0000000180025095e-35 -0.085516350746877828 29.083260393587619 16.500000000000004 -2.3675210365522781 27.500000000000004
decision_type=2 2 2 2 2 2 2 2 2 2 2 2 2 2 2 2 2 2 2 2 2 2 2 2 2 2 2 2 2 2
left_child=1 6 4 5 7 8 18 9 11 10 -2 12 15 25 28 -4 -17 22 21 24 -3 -1 -8 -15 -7 -5 27 -25 -6 -30
right_child=2 20 3 13 14 19 17 -9 -10 -11 -12 -13 -14 23 -16 16 -18 -19 -20 -21 -22 -23 -24 26 -26 -27 -28 -29 29 -31
leaf_value=0.0040776647814989549 -0.07757550089319494 0.0069637842614167292 0.010524799417189749 -0.0077736104749177113 -0.036601406616987887 0.0027234677211866246 0.00082532366314836184 -0.0078456246865653799 0.0020140336086471966 -0.030051137973096831 -0.0083655532294474588 -0.0028925076583482525 0.0041158399357426505 -0.026445918208677862 -0.0035449829571992386 0.0076149180290277551 0.0069304388748128998 -0.0022655799137705156 0.0022890047393811096 -0.024949096193530713 0.0044247958693952932 0.0073341168453279308 0.0029168232067254712 0.0050200197047342836 -0.016632775183280889 -0.026318651873341349 -0.0090786952213036225 -0.0042599277613930295 -0.0067499310729152891 -0.02472885352900691
leaf_weight=34531 1961 38310 974 24937 1473 21507 9877 2077 7259 6229 752 861 4911 327 13743 3944 1520 2245 6705 176 2939 7607 18003 13908 2486 4982 11537 9924 5790 1866
leaf_count=34531 1961 38310 974 24937 1473 21507 9877 2077 7259 6229 752 861 4911 327 13743 3944 1520 2245 6705 176 2939 7607 18003 13908 2486 4982 11537 9924 5790 1866
internal_value=0.00104423 0.00277764 -0.000411544 7.57874e-05 -0.00198253 0.000991796 0.00192964 -0.00386696 0.0021054 -0.00467233 -0.00730557 0.00305487 0.00344876 -0.000533415 -0.00107468 0.00490525 0.00421669 0.00109544 0.00244416 9.47495e-05 0.00440108 0.00266932 0.0013038 -1.51277e-05 0.000157546 -0.00115178 3.64726e-05 0.000401561 -0.00219739 -0.00175549
internal_weight=263361 120217 143144 109253 33891 43638 78968 11019 19469 8942 2713 12210 11349 65615 22872 6438 5464 30125 48843 24169 41249 42138 27880 35696 23993 29919 35369 23832 9129 7656
internal_count=263361 120217 143144 109253 33891 43638 78968 11019 19469 8942 2713 12210 11349 65615 22872 6438 5464 30125 48843 24169 41249 42138 27880 35696 23993 29919 35369 23832 9129 7656
is_linear=0
shrinkage=0.05


Tree=23
num_leaves=31
num_cat=0
split_feature=0 29 4 18 0 28 0 27 22 4 18 28 0 19 1 29 0 28 23 27 18 0 6 0 1 9 1 28 11 27
split_gain=278.613 45.6309 41.878 30.4347 16.9445 16.5013 13.9403 13.4298 12.3045 16.8055 8.1944 7.55261 9.67108 7.44296 7.29133 7.19624 8.83706 6.81939 6.44597 6.40484 6.31446 6.10032 7.59937 5.63517 5.42621 6.10425 5.37499 5.0612 4.98884 4.80625
threshold=5.225096175259913 -1.2530839403026801 0.15667436118434777 13.711901041093762 4.4439066730957402 18.500000000000004 4.6098625740792736 7.5000000000000009 15.500000000000002 -0.0054268348701520478 4.8623173323366915 32.500000000000007 4.898897116514747 9.2681136455936066 181.00000000000003 -2.5608938885402721 4.6500701778329185 11.500000000000002 5.5000000000000009 33.500000000000007 1.5541539343339412 5.5039670878674301 0.33847284853806919 4.3036100609115797 237.00000000000003 0.58249518578043591 181.00000000000003 1.0000000180025095e-35 0.044462934737891265 14.500000000000002
decision_type=2 2 2 2 2 2 2 2 2 2 2 2 2 2 2 2 2 2 2 2 2 2 2 2 2 2 2 2 2 2
left_child=1 7 10 5 23 6 14 11 9 20 18 12 15 -11 29 16 -1 -6 -2 -7 -8 -20 -23 -5 25 -24 -9 -28 -22 -3
right_child=2 3 -4 4 17 19 8 26 -10 13 -12 -13 -14 -15 -16 -17 -18 -19 21 -21 28 22 24 -25 -26 -27 27 -29 -30 -31
leaf_value=-0.1039893924771477 0.004646571105738454 0.0061190964742896198 0.0065506303580878198 -0.013753130245125068 0.00075032130366888634 -0.0040129023617101389 0.0095408954130224762 -0.019806980020125022 0.0019801860525347479 0.0037553063768723861 0.0019669655979986434 0.0035760839537005459 -0.0018730224911212999 -0.00060716748310904944 0.0034334447468027337 -0.039427004497489614 -0.042808501121651493 -0.01492734139678052 0.0029655799989919272 -0.036162994013779516 0.010326439251353282 0.0090937246616847062 -0.044805978738008005 -0.0061903154740341158 0.017823803708831631 0.0069014806440510466 -0.09145768715719807 -0.009498029109927357 0.0052357728283313355 -0.0050497132893599101
leaf_weight=559 38855 195 43189 702 25802 18830 2388 5245 24578 4983 11733 875 1182 6591 677 4137 1252 40796 4100 165 1870 739 903 2441 114 309 501 8042 9513 1939
leaf_count=559 38855 195 43189 702 25802 18830 2388 5245 24578 4983 11733 875 1182 6591 677 4137 1252 40796 4100 165 1870 739 903 2441 114 309 501 8042 9513 1939
internal_value=0.000990293 -0.000282489 0.00306948 4.55927e-05 -0.000698155 0.000768727 0.00122388 -0.00241224 0.00141678 0.00218978 0.00217663 -0.00404122 -0.00457924 0.000785381 -0.00220206 -0.00540013 -0.00802871 -0.000528845 0.00248334 -0.000494867 0.00337013 0.000981346 -0.00123487 -0.00428571 -0.00349925 -0.0044802 -0.00146649 -0.000692965 0.00287973 -0.00363636
internal_weight=263205 163263 99942 141470 69741 71729 52734 21793 49923 25345 56753 8005 7130 11574 2811 5948 1811 66598 45020 18995 13771 6165 2065 3143 1326 1212 13788 8543 11383 2134
internal_count=263205 163263 99942 141470 69741 71729 52734 21793 49923 25345 56753 8005 7130 11574 2811 5948 1811 66598 45020 18995 13771 6165 2065 3143 1326 1212 13788 8543 11383 2134
is_linear=0
shrinkage=0.05


Tree=24
num_leaves=31
num_cat=0
split_feature=0 29 4 24 24 24 0 24 24 0 0 21 29 24 24 27 0 21 27 29 1 24 24 4 24 17 24 27 7 21
split_gain=244.242 48.1953 38.3801 18.7657 24.0298 19.0514 18.5436 19.0314 26.0543 20.0145 10.9663 11.0354 10.8841 10.7978 10.0924 8.78157 8.81252 8.58222 9.10613 7.7579 7.34548 7.22741 13.0894 8.76114 7.04065 7.0289 8.66195 6.65165 7.45316 6.49667
threshold=5.225096175259913 -1.5596558316951226 0.15667436118434777 17.500000000000004 8.5000000000000018 11.500000000000002 4.4942943846592813 17.500000000000004 5.5000000000000009 5.0376407589987657 4.9296208115160445 33.500000000000007 -0.044962754561565031 7.5000000000000009 10.500000000000002 21.500000000000004 4.7451475581756286 34.500000000000007 22.500000000000004 0.57969437983252536 165.00000000000003 9.5000000000000018 2.5000000000000004 -0.56778403148787893 12.500000000000002 8.5000000000000018 9.5000000000000018 11.500000000000002 0.52874694714470971 31.500000000000004
decision_type=2 2 2 2 2 2 2 2 2 2 2 2 2 2 2 2 2 2 2 2 2 2 2 2 2 2 2 2 2 2
left_child=1 3 -2 4 -1 10 21 8 17 12 11 -6 25 -14 19 -9 29 18 -8 -15 -21 22 -3 -23 -11 27 -27 -10 -29 -17
right_child=2 6 -4 -5 5 -7 7 15 9 24 -12 -13 13 14 -16 16 -18 -19 -20 20 -22 23 -24 -25 -26 26 -28 28 -30 -31
leaf_value=-0.017550281816343525 0.0036098420648408656 -0.0017010621649443483 0.0061426405977930108 0.0067916645806916868 -0.067181830231669057 -0.027679072440802827 0.00083629153599269692 0.0022681066315217084 -0.02509286786646785 -0.0013107622496548632 -0.0011231193166350184 -0.063774943986023694 -0.0093450444849334565 -0.20967462577957074 -0.01817656297923426 0.003511222321169666 0.007976698368673046 -0.0066804717713220829 0.0065341088907562217 -0.088316914541733155 -0.069512671362166698 -0.011279853410216202 -0.036916853116815355 -0.0011639340313284181 0.0044199410894429107 -0.011400564149147219 0.0063925689403892113 -0.035301428963132229 -8.7246973489094835e-05 -0.002011426079008696
leaf_weight=5754 57007 535 43349 2375 3258 2225 8597 55854 13476 8309 454 520 2155 164 1352 4966 10216 4051 9525 877 1142 1108 563 3685 6546 718 2143 1785 7947 3549
leaf_count=5754 57007 535 43349 2375 3258 2225 8597 55854 13476 8309 454 520 2155 164 1352 4966 10216 4051 9525 877 1142 1108 563 3685 6546 718 2143 1785 7947 3549
internal_value=0.000982192 -0.000207569 0.00292469 -0.00295077 -0.00374171 -0.00583553 6.04972e-05 0.000173465 -0.000426389 -0.00109752 -0.00780482 -0.00868714 -0.0018061 -0.00378735 -0.00548798 0.000726688 0.00166355 0.000984531 0.00144962 -0.00759047 -0.00674096 -0.00268885 -0.00634791 -0.00185062 0.000417368 -0.00137366 0.000964698 -0.00166193 -0.000665845 0.000475631
internal_weight=264205 163849 100356 14586 12211 6457 149263 143372 68787 46614 4232 3778 31759 5690 3535 74585 18731 22173 18122 2183 2019 5891 1098 4793 14855 26069 2861 23208 9732 8515
internal_count=264205 163849 100356 14586 12211 6457 149263 143372 68787 46614 4232 3778 31759 5690 3535 74585 18731 22173 18122 2183 2019 5891 1098 4793 14855 26069 2861 23208 9732 8515
is_linear=0
shrinkage=0.05


Tree=25
num_leaves=31
num_cat=0
split_feature=0 29 24 3 19 24 29 22 0 27 19 0 0 22 27 0 24 27 23 0 17 4 0 17 22 27 24 24 24 3
split_gain=231.76 45.5155 35.9711 30.7614 20.8632 15.6972 25.9192 13.0715 10.0332 10.7105 11.1394 7.89953 7.70773 7.66453 7.62793 7.24788 6.99214 9.89266 6.98263 8.89811 12.7566 7.10571 6.21869 6.17286 7.99028 6.7537 6.02189 13.2958 8.15174 8.54454
threshold=5.2339676982754471 -0.8261228501704635 14.500000000000002 0.19396281470544016 9.6699922001820671 8.5000000000000018 -2.5608938885402721 11.500000000000002 4.4674786937065862 13.500000000000002 59.187244281006727 5.446138084545372 4.8638827521613406 12.500000000000002 10.500000000000002 4.5208249664032918 11.500000000000002 7.5000000000000009 5.5000000000000009 5.5539350593281904 4.5000000000000009 0.073064926371091785 4.6426673853605518 5.5000000000000009 16.500000000000004 27.500000000000004 3.5000000000000004 9.5000000000000018 8.5000000000000018 -0.54411074320659358
decision_type=2 2 2 2 2 2 2 2 2 2 2 2 2 2 2 2 2 2 2 2 2 2 2 2 2 2 2 2 2 2
left_child=1 2 5 18 7 15 12 14 -6 26 23 -5 -7 -12 -3 -1 17 -8 -2 -20 21 -21 -4 24 25 -11 -10 28 -28 -30
right_child=3 4 22 11 8 6 16 -9 9 10 13 -13 -14 -15 -16 -17 -18 -19 19 20 -22 -23 -24 -25 -26 -27 27 -29 29 -31
leaf_value=-0.018206498080285672 0.0040096322157340148 0.0037399755969504639 -0.0063842819756741512 0.0013919819362428944 -0.0052375786301415948 -0.082685781631970046 -0.037359656824669997 0.0016153154691878361 0.0041186415220986232 0.0074007305401804571 -0.021483160257618625 0.0061738246865035351 -0.0066735740921736453 0.0059603760089111217 0.0076916844603627903 -0.012449356293676741 -0.017747090079508736 -0.035268043082727296 0.0024533642544974535 -0.06202013764907055 0.0084779897197405831 -0.0017184358133159232 0.0043391735165739104 0.0008481248230616759 0.0040345166736686635 0.0018819179424725717 -0.0085097002352416025 -0.001106852495266314 -0.077583719904930043 -0.00273717559103678
leaf_weight=466 41022 7364 4779 1736 3465 1831 2540 16175 3168 6127 11473 43912 271 19032 2317 9489 5477 2646 4857 481 1018 216 13440 11666 6318 2004 5324 33864 626 624
leaf_count=466 41022 7364 4779 1736 3465 1831 2540 16175 3168 6127 11473 43912 271 19032 2317 9489 5477 2646 4857 481 1018 216 13440 11666 6318 2004 5324 33864 626 624
internal_value=0.000987116 -0.000109041 -0.00156232 0.00299136 0.00035022 -0.00288952 -0.00405014 0.0016209 3.33684e-05 0.000124818 0.000578418 0.00391868 -0.00912464 -7.04803e-05 0.00307406 -0.00140131 -0.0030498 -0.0043656 0.00210195 0.000588862 -0.00250729 -0.00771879 9.27603e-05 0.0013364 0.00202713 0.00306358 -0.000464156 -0.000628617 -0.00268634 -0.00632
internal_weight=263728 170486 40939 93242 129547 22720 12765 25856 103691 100226 56620 45648 2102 30505 9681 9955 10663 5186 47594 6572 1715 697 18219 26115 14449 8131 43606 40438 6574 1250
internal_count=263728 170486 40939 93242 129547 22720 12765 25856 103691 100226 56620 45648 2102 30505 9681 9955 10663 5186 47594 6572 1715 697 18219 26115 14449 8131 43606 40438 6574 1250
is_linear=0
shrinkage=0.05


Tree=26
num_leaves=31
num_cat=0
split_feature=0 18 29 3 17 28 0 27 23 23 0 1 23 0 6 29 18 1 21 26 19 1 18 22 17 27 29 27 0 0
split_gain=215.054 52.2771 31.5246 20.2764 15.8439 12.7688 12.3499 13.5713 9.14851 8.93691 19.2343 19.0536 9.80961 8.7517 7.88503 7.74197 7.73629 10.9286 8.14737 7.20402 7.05767 7.43083 6.93056 18.2831 6.75992 5.65048 5.52934 5.35122 5.23292 5.22397
threshold=5.2596774543446569 5.9619805275680928 -1.5062216332329936 0.17366963873331212 4.5000000000000009 15.500000000000002 4.4439066730957402 13.500000000000002 1.5000000000000002 2.5000000000000004 5.446138084545372 273.00000000000006 5.5000000000000009 5.4921724989964957 0.26356020906678473 -0.92774906841375426 21.589410675069356 233.00000000000003 31.500000000000004 1.0000000180025095e-35 29.050191801619054 133.00000000000003 1.6749658239256511 14.500000000000002 6.5000000000000009 32.500000000000007 -2.8294749043545768 7.5000000000000009 4.8812865822448641 4.9859457890483005
decision_type=2 2 2 2 2 2 2 2 2 2 2 2 2 2 2 2 2 2 2 2 2 2 2 2 2 2 2 2 2 2
left_child=1 5 4 8 26 22 -4 24 13 10 -10 14 -11 -2 -12 -7 17 20 -19 -5 21 -9 23 -1 29 -17 28 -6 -3 -8
right_child=3 2 6 19 27 15 7 16 9 12 11 -13 -14 -15 -16 25 -18 18 -20 -21 -22 -23 -24 -25 -26 -27 -28 -29 -30 -31
leaf_value=0.0075083827181573887 0.0024724946516807107 -0.085132852378699692 -0.0062000283584280891 0.0060626492081554233 -0.033696801837865518 -0.021097287829553377 -0.02801908424474869 -0.0053899146102956976 0.003890017961935604 0.0055444833582393785 0.010421356404999043 -0.095691873989542112 -0.0001046570991794964 0.010391123253987682 -0.02415227791900321 0.0036056034112751864 -0.0039081177103753185 0.0072366038571132418 -0.00032996905150223943 0.0027092828502507066 0.0039835786358518067 0.00025297581058407302 0.0020023713416249876 0.0017548012365302922 0.0023480624382404003 -0.053451835694892147 -0.039926246329094861 -0.016431235542814487 -0.0014939860135343215 -0.0010012933680167231
leaf_weight=5009 4016 897 3606 42271 3387 3054 24122 1747 2038 12038 276 65 3867 3809 1547 9206 26139 4950 2058 3421 26029 2872 41908 5986 8218 101 2575 6346 156 12126
leaf_count=5009 4016 897 3606 42271 3387 3054 24122 1747 2038 12038 276 65 3867 3809 1547 9206 26139 4950 2058 3421 26029 2872 41908 5986 8218 101 2575 6346 156 12126
internal_value=0.000943375 5.75877e-05 -0.000540374 0.00324385 -0.00283587 0.00120495 -0.000266209 -0.000170329 0.0021753 0.00160405 -0.000532348 -0.00416843 0.00213141 0.003623 -0.00321997 -0.00024189 0.000297045 0.000755789 0.0025371 0.00389062 0.000348473 -0.0014527 0.00154301 0.0026603 -0.000840867 0.000474911 -0.00565601 -0.00178465 -0.00870845 -0.00113441
internal_weight=263840 190492 125228 73348 13361 65264 111867 108261 27656 19831 3926 1888 15905 7825 1823 12361 63795 37656 7008 45692 30648 4619 52903 10995 44466 9307 3628 9733 1053 36248
internal_count=263840 190492 125228 73348 13361 65264 111867 108261 27656 19831 3926 1888 15905 7825 1823 12361 63795 37656 7008 45692 30648 4619 52903 10995 44466 9307 3628 9733 1053 36248
is_linear=0
shrinkage=0.05


Tree=27
num_leaves=31
num_cat=0
split_feature=0 29 0 19 0 27 21 22 0 24 24 1 22 27 3 23 23 1 23 5 26 11 5 0 29 23 23 26 24 24
split_gain=195.499 40.6936 35.0412 18.9698 15.7727 14.2858 13.9442 12.2556 12.1808 13.3795 20.1339 11.0521 11.0396 12.6467 10.6959 15.6523 23.2963 16.0068 15.6566 10.1886 10.1489 9.61311 9.51002 8.29464 8.00168 7.98379 15.0984 6.60951 6.67177 13.9083
threshold=5.225096175259913 -1.7690543140210224 5.4636711999144145 58.467286815758271 4.5311910660572687 16.500000000000004 33.500000000000007 9.5000000000000018 4.9146515907655006 11.500000000000002 8.5000000000000018 177.00000000000003 20.500000000000004 27.500000000000004 0.094987420286011301 1.5000000000000002 2.5000000000000004 273.00000000000006 5.5000000000000009 0.72549084824318733 1.0000000180025095e-35 0.14660814240401635 0.82076849548864261 4.7607705584681321 -0.1447414298498155 4.5000000000000009 3.5000000000000004 1.0000000180025095e-35 9.5000000000000018 1.5000000000000002
decision_type=2 2 2 2 2 2 2 2 2 2 2 2 2 2 2 2 2 2 2 2 2 2 2 2 2 2 2 2 2 2
left_child=1 6 20 4 27 19 8 -5 9 10 -1 -8 13 21 15 -4 17 24 25 -6 -2 -7 -20 -15 -17 26 -18 28 29 -3
right_child=2 3 14 7 5 12 11 -9 -10 -11 -12 -13 -14 23 -16 16 18 -19 22 -21 -22 -23 -24 -25 -26 -27 -28 -29 -30 -31
leaf_value=-0.052186878312134012 0.0025672786322769119 0.0029747459721678033 0.0095023314947147303 -0.024322049563786349 0.0017275837955298358 0.007763435054351119 -0.029132881030971669 -0.0027663815247571319 0.0021656450534897091 -0.021527107267876506 -0.056928177035540574 0.0091047047230937497 0.0011845563351616437 -0.0026237768679030658 0.0058149858754306116 0.0099852545158975042 0.012107118343714425 -0.091399896601318031 -0.042946689746512036 -0.0047693893302308485 -0.0019466237030173685 0.003897823437513498 0.0085913611189816878 0.0050475680193115312 -0.038186517605301798 0.012398198057441058 -0.011445520808947427 -0.019180668990292544 -0.0012942486726182784 -0.025100620560622944
leaf_weight=1947 40086 532 2977 20806 23206 5063 1319 45204 1167 1764 2820 2343 11312 2832 46219 406 1491 56 806 24944 3580 7246 653 4459 1023 1553 1547 97 5429 919
leaf_count=1947 40086 532 2977 20806 23206 5063 1319 45204 1167 1764 2820 2343 11312 2832 46219 406 1491 56 806 24944 3580 7246 653 4459 1023 1553 1547 97 5429 919
internal_value=0.000859382 -0.000207516 0.00259589 8.15527e-06 0.000497333 0.000698439 -0.00309419 -0.00062945 -0.00430242 -0.00514316 -0.00651982 -0.000554342 0.00153727 0.0022551 0.00341542 0.00197584 0.000763106 -0.00484848 0.0021405 0.000159917 0.00153117 0.00323259 -0.00237149 0.000604855 -0.00382085 0.00357438 0.00208361 -0.00178157 -0.00159884 -0.00461061
internal_weight=263806 163409 100397 152049 86039 79062 11360 66010 7698 6531 4767 3662 30912 19600 56731 10512 7535 1485 6050 48150 43666 12309 1459 7291 1429 4591 3038 6977 6880 1451
internal_count=263806 163409 100397 152049 86039 79062 11360 66010 7698 6531 4767 3662 30912 19600 56731 10512 7535 1485 6050 48150 43666 12309 1459 7291 1429 4591 3038 6977 6880 1451
is_linear=0
shrinkage=0.05


Tree=28
num_leaves=31
num_cat=0
split_feature=0 29 0 18 26 24 21 24 24 0 24 21 3 1 24 24 0 26 24 24 17 22 3 23 23 1 23 17 23 23
split_gain=181.276 37.923 28.2734 24.8127 16.5484 15.2618 14.0713 12.6127 24.2477 13.9473 11.4687 10.6581 11.1472 9.63341 9.26445 9.23368 8.50027 8.27628 7.96915 8.17299 8.0735 6.96982 6.54588 14.4831 22.6402 14.7426 12.0295 12.3628 7.14948 14.5479
threshold=5.225096175259913 -1.7690543140210224 5.446138084545372 12.560022105663213 1.0000000180025095e-35 21.500000000000004 33.500000000000007 8.5000000000000018 11.500000000000002 4.8696986285031327 5.5000000000000009 34.500000000000007 -0.13117668657206574 177.00000000000003 12.500000000000002 15.500000000000002 4.3036100609115797 1.0000000180025095e-35 5.5000000000000009 9.5000000000000018 7.5000000000000009 13.500000000000002 0.094987420286011301 1.5000000000000002 2.5000000000000004 273.00000000000006 5.5000000000000009 4.5000000000000009 4.5000000000000009 3.5000000000000004
decision_type=2 2 2 2 2 2 2 2 2 2 2 2 2 2 2 2 2 2 2 2 2 2 2 2 2 2 2 2 2 2
left_child=1 6 17 4 5 10 7 -1 9 -9 11 12 -3 -8 -12 18 -17 -2 -5 -20 -21 -7 23 -4 25 -25 28 -28 29 -26
right_child=2 3 22 15 -6 21 13 8 -10 -11 14 -13 -14 -15 -16 16 -18 -19 19 20 -22 -23 -24 24 26 -27 27 -29 -30 -31
leaf_value=-0.021122884296397977 0.0024626454950123396 0.0062051474708849624 0.009440563403104809 -0.0011498242003493756 -0.0095900160160585224 0.0046112538735546584 -0.026465767909642991 -0.059130215793077083 -0.016180450686057231 -0.005457173240704361 -0.0045320014401379581 -0.0091469541865490545 0.0012499001714134786 0.0093982127276777926 0.0017056751802258154 -0.010663383979522396 -0.00038596323420421355 -0.0013225175558428115 -0.029870330026545662 -0.019765541920888544 0.0058819188894989674 0.0034092745953803643 0.0052697617471855942 -0.019852447820543104 0.011690075770900678 -0.086098664892930443 -0.047274456166996395 0.010057691226646756 0.011444080154900317 -0.012698552677702228
leaf_weight=2677 39077 4827 3012 11777 5546 10574 1337 2620 1839 599 12227 2043 4459 2313 17804 637 49097 3471 6977 11065 2146 12737 47220 1421 1450 55 589 836 1519 1537
leaf_count=2677 39077 4827 3012 11777 5546 10574 1337 2620 1839 599 12227 2043 4459 2313 17804 637 49097 3471 6977 11065 2146 12737 47220 1421 1450 55 589 836 1519 1537
internal_value=0.000868085 -0.000159154 0.00254245 4.94352e-05 0.00073871 0.000963492 -0.00294247 -0.00414997 -0.00561882 -0.00823548 0.000386847 0.00174243 0.00246177 -0.000383562 -0.000124538 -0.000542969 -0.000116821 0.00156482 -0.00120601 -0.001809 -0.00107789 0.00198662 0.00326411 0.00212976 0.000941002 -0.00460027 0.00232001 -0.00168421 0.00358633 0.00216605
internal_weight=263488 163301 100187 151916 70217 64671 11385 7735 5058 3219 41360 11329 9286 3650 30031 81699 49734 42548 31965 20188 13211 23311 57639 10419 7407 1476 5931 1425 4506 2987
internal_count=263488 163301 100187 151916 70217 64671 11385 7735 5058 3219 41360 11329 9286 3650 30031 81699 49734 42548 31965 20188 13211 23311 57639 10419 7407 1476 5931 1425 4506 2987
is_linear=0
shrinkage=0.05


Tree=29
num_leaves=31
num_cat=0
split_feature=0 18 29 3 21 0 28 0 26 17 29 1 0 6 22 1 29 0 0 0 14 29 4 18 22 22 0 16 26 18
split_gain=167.108 44.8084 22.7663 14.5326 11.7672 11.0516 11.3173 9.88083 9.06574 8.61249 7.31775 6.69681 7.7214 7.64774 5.81201 5.81083 5.59456 6.00513 5.24905 4.88386 5.36551 4.70816 4.59451 4.51514 11.1773 4.33056 4.31642 4.14773 4.03441 3.94256
threshold=5.2551598285955636 5.305932897020516 -1.7690543140210224 0.18673106969061218 33.500000000000007 4.5208249664032918 11.500000000000002 4.9097895749028941 1.0000000180025095e-35 8.5000000000000018 -0.60559424458584032 233.00000000000003 4.7136623405178657 0.12497221675438545 6.5000000000000009 177.00000000000003 -2.5608938885402721 4.6533718866885332 4.3036100609115797 4.6819840796372594 1.8832771490040221 6.8981135525598924 -0.25513800502060524 2.1578333170927175 5.5000000000000009 16.500000000000004 5.5297894156727692 0.54110554908786268 1.0000000180025095e-35 1.1231435078544147
decision_type=2 2 2 2 2 2 2 2 2 2 2 2 2 2 2 2 2 2 2 2 2 2 2 2 2 2 2 2 2 2
left_child=1 8 4 -2 7 18 11 16 10 19 14 12 -7 -13 -1 -6 17 -3 -4 22 25 -11 -8 24 29 -21 -5 -14 -20 -12
right_child=3 2 5 26 15 6 9 -9 -10 21 23 13 27 -15 -16 -17 -18 -19 28 20 -22 -23 -24 -25 -26 -27 -28 -29 -30 -31
leaf_value=0.0048188964825529416 0.0037291423870484067 -0.080455873443306736 -0.012186553321637594 0.0044197402852405084 -0.023678678853870289 -0.003283478721011686 -0.061464992722416525 0.0044316421530274487 -0.0033155977354267681 0.0048339201736263097 0.0097139936746952274 0.0101914771778975 -0.00083487483218968369 0.0030655529867671637 -0.0030684360541519823 0.0094476472490514912 -0.033297531620414843 -0.037609015709885965 -0.0026304701539075197 -0.020157573564676953 0.0003490737107984406 -0.032091962936917399 0.0057661804150734922 0.002075725516938581 0.0035523380672896018 -0.0078732502837641095 0.0054314490394789059 0.0046282741468750607 -0.018351029401621904 0.0050033062840827737
leaf_weight=1732 31159 891 869 19144 986 8746 11208 903 4313 4834 1235 614 10907 11379 6228 1942 3084 1954 6537 11278 23623 70 623 29403 12998 12004 25989 17541 70 1548
leaf_count=1732 31159 891 869 19144 986 8746 11208 903 4313 4834 1235 614 10907 11379 6228 1942 3084 1954 6537 11278 23623 70 623 29403 12998 12004 25989 17541 70 1548
internal_value=0.000877595 7.49253e-05 -0.000438787 0.0028505 -0.00276127 -0.000250368 -0.000127009 -0.00389783 0.0012378 -0.000567253 0.00141672 0.000442597 0.000111308 0.00147002 1.88442e-05 -0.00010929 -0.00463991 -0.00623902 -0.00211209 -0.000735324 -0.000506343 0.00144576 -0.00164314 0.00166298 0.00234523 -0.00104501 0.00342388 0.000510756 -0.0016316 0.00522098
internal_weight=263812 187520 130063 76292 9760 120303 112827 6832 57457 63640 53144 49187 37194 11993 7960 2928 5929 2845 7476 58736 46905 4904 11831 45184 15781 23282 45133 28448 6607 2783
internal_count=263812 187520 130063 76292 9760 120303 112827 6832 57457 63640 53144 49187 37194 11993 7960 2928 5929 2845 7476 58736 46905 4904 11831 45184 15781 23282 45133 28448 6607 2783
is_linear=0
shrinkage=0.05


Tree=30
num_leaves=31
num_cat=0
split_feature=0 18 28 24 24 17 0 0 0 26 24 24 24 4 24 29 26 8 22 0 18 2 23 23 0 29 3 24 29 24
split_gain=149.539 45.6334 21.1217 17.3749 20.6621 20.575 11.6114 11.0789 10.8015 10.5386 8.8242 8.28617 7.97621 6.71888 6.71379 6.20963 6.10379 6.06755 7.4868 6.02459 6.71273 5.97017 7.57404 9.66218 6.83546 5.71216 5.70503 9.56796 5.67107 5.90657
threshold=5.2857546082407643 12.78051326677349 16.500000000000004 12.500000000000002 6.5000000000000009 4.5000000000000009 4.5923386465912319 4.9097895749028941 4.5311910660572687 1.0000000180025095e-35 16.500000000000004 18.500000000000004 2.5000000000000004 -0.35811107873035303 6.5000000000000009 -0.48787656737298651 1.0000000180025095e-35 0.35467846047183266 15.500000000000002 4.6344336593550848 16.877027262905322 0.029729724784469096 1.5000000000000002 2.5000000000000004 5.5716632714668153 -0.66068530402962788 -0.51475799797007971 6.5000000000000009 -2.5608938885402721 8.5000000000000018
decision_type=2 2 2 2 2 2 2 2 2 2 2 2 2 2 2 2 2 2 2 2 2 2 2 2 2 2 2 2 2 2
left_child=1 2 6 4 8 7 -1 -6 12 11 15 25 -3 19 -2 -4 21 18 -13 20 -5 22 -16 24 -24 -8 27 -27 29 -7
right_child=14 3 10 13 5 28 9 -9 -10 -11 -12 17 -14 -15 16 -17 -18 -19 -20 -21 -22 -23 23 -25 -26 26 -28 -29 -30 -31
leaf_value=-0.004282144857347959 0.0031366871096479374 -0.001213771874851953 -0.017051874324925477 0.0053320974755387386 -0.067127512898296215 -0.027268584758174008 -0.0033079644203800902 -0.0070033908980050687 -0.00033805435778002085 -0.0015016615315012931 0.0041058715390056106 0.0054778222609037502 -0.032465436858987388 0.0027586073695809866 0.0075446173987837708 -0.0005850282354834599 0.0025844755573508744 0.0020000631829314376 0.0048035393436536514 -0.0074413212764129046 -0.015082675387378572 0.0059751249401671013 0.0033408687618759186 0.0050229145762342789 -0.042998042966977887 0.0052961883457582218 0.0015435045349087076 -0.0016633237380518934 -0.013701537948025939 -0.056644195441175327
leaf_weight=1898 11300 594 8159 1150 2987 569 4491 891 14545 6406 10561 7725 441 17094 1904 6372 4758 22067 7417 31481 8775 38045 432 4047 627 3487 33386 1842 9531 764
leaf_count=1898 11300 594 8159 1150 2987 569 4491 891 14545 6406 10561 7725 441 17094 1904 6372 4758 22067 7417 31481 8775 38045 432 4047 627 3487 33386 1842 9531 764
internal_value=0.000826212 0.000172381 0.000835244 -0.000676972 -0.00164831 -0.0029901 0.00119749 -0.00611656 -0.000378691 0.00128206 -0.00044556 0.00143754 -0.00531401 -0.000173504 0.00299413 -0.00124492 0.00324373 0.00198447 0.00275525 -0.000517799 -0.00159194 0.00342359 0.00208274 0.00107912 -0.0031728 0.000966532 0.00116234 0.00268155 -0.00187408 -0.00492873
internal_weight=263746 202633 113811 88822 30322 14742 88719 3878 15580 86821 25092 80415 1035 58500 61113 14531 49813 37209 15142 41406 9925 45055 7010 5106 1059 43206 38715 5329 10864 1333
internal_count=263746 202633 113811 88822 30322 14742 88719 3878 15580 86821 25092 80415 1035 58500 61113 14531 49813 37209 15142 41406 9925 45055 7010 5106 1059 43206 38715 5329 10864 1333
is_linear=0
shrinkage=0.05


Tree=31
num_leaves=31
num_cat=0
split_feature=0 18 28 29 24 24 26 24 18 22 0 4 23 24 2 24 27 0 24 17 0 24 24 24 26 1 0 22 24 29
split_gain=134.486 37.1014 18.0221 17.6354 11.0585 13.5792 9.71177 8.61047 8.54112 15.3961 7.79629 7.64496 7.76521 7.11374 7.00745 6.76987 6.59357 6.26412 6.12164 9.477 6.04009 6.868 6.59144 5.95458 6.46024 5.52731 5.50033 5.3833 5.29939 5.52277
threshold=5.2641583409578194 13.711901041093762 18.500000000000004 -2.3675210365522781 7.5000000000000009 11.500000000000002 1.0000000180025095e-35 15.500000000000002 1.6749658239256511 8.5000000000000018 4.5923386465912319 0.097217299422049319 5.5000000000000009 17.500000000000004 -1.0604696470019876 2.5000000000000004 27.500000000000004 4.3036100609115797 5.5000000000000009 5.5000000000000009 4.9097895749028941 11.500000000000002 6.5000000000000009 6.5000000000000009 1.0000000180025095e-35 153.00000000000003 4.5311910660572687 12.500000000000002 21.500000000000004 5.8911258848236683
decision_type=2 2 2 2 2 2 2 2 2 2 2 2 2 2 2 2 2 2 2 2 2 2 2 2 2 2 2 2 2 2
left_child=1 2 6 4 -3 -6 8 18 9 -1 -10 12 -2 15 -12 -4 -17 -9 26 20 21 22 -20 -13 -25 -24 -5 -19 29 -16
right_child=11 3 13 7 5 -7 -8 17 10 -11 14 23 -14 -15 28 16 -18 27 19 -21 -22 -23 25 24 -26 -27 -28 -29 -30 -31
leaf_value=0.0073394053940210166 0.0043084973012097044 -0.022861299165906318 0.011062339250563078 -0.0098406205504308862 -0.060949699212716174 0.0068962187647446903 -0.0024011442631405762 -0.0094858025538880012 -0.0034119297842533933 0.002440829049425905 0.0050879668979209366 0.0024713289407790624 -0.00099416374012294573 0.003940657757980073 0.0011360032648948324 -0.011178880153578685 -0.027801109003863397 -0.0070499140257701516 -0.016733734424697368 -0.0049206466861299106 -0.0064889269100205059 -0.027250727314928416 -0.094690798531376727 0.0051020577246772688 0.0018511438518272012 -0.06428166928203001 0.00073360579047599718 0.0032255242829163141 0.0024969975071637467 -0.043512803845577097
leaf_weight=3462 19059 1805 1073 871 1757 536 6120 627 1810 7901 5271 8754 3112 8004 37297 14314 185 21179 724 9816 3043 4233 372 35729 3601 2959 10851 26067 23012 295
leaf_count=3462 19059 1805 1073 871 1757 536 6120 627 1810 7901 5271 8754 3112 8004 37297 14314 185 21179 724 9816 3043 4233 372 35729 3601 2959 10851 26067 23012 295
internal_value=0.000766528 8.64741e-05 0.000697878 -0.000697195 -0.00389702 -0.00620148 0.00103654 -0.00053479 0.0011851 0.00245358 0.00097215 0.00264038 0.00187227 -0.000525534 0.0010611 -0.00114821 -0.00143182 -0.00010695 -0.00115793 -0.00166596 -0.00265113 -0.00335063 -0.00482121 0.00299455 0.00325706 -0.00576103 -0.000241426 -4.10617e-05 0.000909016 0.000543201
internal_weight=263839 193584 108744 84840 4098 2293 85168 80742 79048 11363 67685 70255 22171 23576 65875 15572 14499 47873 32869 21147 11331 8288 4055 48084 39330 3331 11722 47246 60604 37592
internal_count=263839 193584 108744 84840 4098 2293 85168 80742 79048 11363 67685 70255 22171 23576 65875 15572 14499 47873 32869 21147 11331 8288 4055 48084 39330 3331 11722 47246 60604 37592
is_linear=0
shrinkage=0.05


Tree=32
num_leaves=31
num_cat=0
split_feature=0 28 0 18 24 24 4 22 0 18 22 21 26 0 24 26 24 21 2 24 24 5 24 24 0 0 19 24 21 0
split_gain=126.066 24.1299 19.6359 17.0303 16.4555 19.7802 17.8631 8.76763 7.96329 7.85352 13.6452 7.76258 7.53252 6.83832 6.76018 11.0584 7.22307 5.42156 5.16902 5.16896 5.13729 7.65735 5.10352 4.90751 4.62491 5.67612 4.62483 4.56471 5.35401 4.35477
threshold=5.2353610653920999 17.500000000000004 5.4874078435201818 15.849253963480669 11.500000000000002 8.5000000000000018 -0.44580638313263604 12.500000000000002 4.5649191543146843 1.1701297279458844 9.5000000000000018 33.500000000000007 1.0000000180025095e-35 4.7012900704448422 21.500000000000004 1.0000000180025095e-35 3.5000000000000004 34.500000000000007 -1.5310981106558179 12.500000000000002 2.5000000000000004 1.9709976097904913 6.5000000000000009 6.5000000000000009 4.6948551260747839 4.4674786937065862 19.700981702602352 10.500000000000002 31.500000000000004 5.1286703667030071
decision_type=2 2 2 2 2 2 2 2 2 2 2 2 2 2 2 2 2 2 2 2 2 2 2 2 2 2 2 2 2 2
left_child=1 3 12 8 5 20 11 -5 -1 10 -10 24 -2 -8 16 18 17 -11 -16 22 -3 -22 -9 -4 25 -7 -6 28 -18 -15
right_child=2 4 23 7 26 6 13 19 9 14 -12 -13 -14 29 15 -17 27 -19 -20 -21 21 -23 -24 -25 -26 -27 -28 -29 -30 -31
leaf_value=-0.0035141317570480573 0.0021158553216563849 0.0061964056688879254 0.0031531333647013497 -0.013894575090922255 0.0040055249550536211 0.0063999192384863075 0.010282322160671681 0.0011690562597460963 0.0078374618947029944 0.0034238560430681925 0.0026899035326370846 -0.048197449857329981 -0.0016373813622928531 -0.018119170495507719 0.0072252622115675964 -0.0080685472453407205 -0.00026452105722358051 -0.0076730587352807026 0.0029212807804615188 0.0040133062035354727 -0.0045415835087997992 -0.023184336785468537 -0.028215322891381674 0.0053951843564735294 -0.029358669626723427 -0.068942547405794044 -0.0081566547177624304 0.0012693307538850628 -0.021463307024578989 0.02902068792921882
leaf_weight=2093 35057 2786 10019 17568 6638 103 825 5612 2226 6472 4099 749 3232 2459 1300 1854 8195 604 20992 16833 6888 2649 3407 43764 2214 1201 33687 16926 3081 328
leaf_count=2093 35057 2786 10019 17568 6638 103 825 5612 2226 6472 4099 749 3232 2459 1300 1854 8195 604 20992 16833 6888 2649 3407 43764 2214 1201 33687 16926 3081 328
internal_value=0.000744748 -5.53586e-05 0.0022376 0.000381712 -0.00085879 -0.00202356 -0.0039802 -0.000391525 0.000876596 0.000973247 0.00264822 -0.00617061 0.0013722 -0.00139258 0.000794965 0.00143958 0.000353762 0.00178208 0.00174816 0.000194182 -0.000772539 -0.00132432 -0.000771704 0.00285369 -0.00715463 -0.00951687 -0.000275263 -4.6096e-06 -0.000783966 -0.00257625
internal_weight=263861 171789 92072 111262 60527 20202 7879 43420 67842 65749 6325 4267 38289 3612 59424 24146 35278 7076 22292 25852 12323 9537 9019 53783 3518 1304 40325 28202 11276 2787
internal_count=263861 171789 92072 111262 60527 20202 7879 43420 67842 65749 6325 4267 38289 3612 59424 24146 35278 7076 22292 25852 12323 9537 9019 53783 3518 1304 40325 28202 11276 2787
is_linear=0
shrinkage=0.05


Tree=33
num_leaves=31
num_cat=0
split_feature=0 18 28 29 21 0 26 24 18 22 0 24 24 0 24 22 26 24 24 9 21 24 5 0 24 7 0 26 24 24
split_gain=117.549 30.1405 15.4361 12.157 12.1745 9.66806 9.38825 8.17176 7.18003 14.8982 7.33496 6.92589 10.0836 7.05126 6.72343 5.89118 5.5771 5.54464 5.14107 9.92137 5.10441 5.02694 4.86938 4.79054 5.40665 4.78907 4.71994 8.52253 4.7457 4.81053
threshold=5.2566513836737103 13.711901041093762 18.500000000000004 -2.3675210365522781 35.500000000000007 5.446138084545372 1.0000000180025095e-35 21.500000000000004 1.6749658239256511 9.5000000000000018 4.6098625740792736 8.5000000000000018 11.500000000000002 4.7324720776733296 21.500000000000004 7.5000000000000009 1.0000000180025095e-35 2.5000000000000004 5.5000000000000009 0.45145970441399647 33.500000000000007 6.5000000000000009 0.8971610293389668 5.0321893123531218 8.5000000000000018 0.19160002667849954 4.7985492905656644 1.0000000180025095e-35 15.500000000000002 2.5000000000000004
decision_type=2 2 2 2 2 2 2 2 2 2 2 2 2 2 2 2 2 2 2 2 2 2 2 2 2 2 2 2 2 2
left_child=1 2 6 4 11 16 8 17 9 -1 -10 -3 13 -13 18 -5 -2 -4 19 20 -12 -7 -19 -20 -25 -17 27 28 29 -27
right_child=5 3 7 15 -6 21 -8 -9 10 -11 14 12 -14 -15 -16 25 -18 22 23 -21 -22 -23 -24 24 -26 26 -28 -29 -30 -31
leaf_value=0.006654838640750154 0.0020911477733844986 -0.039861399495438293 0.010163694270343502 -0.013579862236222507 0.013057292796505188 0.0029921607341328979 -0.002986210859639413 0.0049789891335553331 -0.0024625999307550336 0.0020231324234860916 0.0050512900018520601 -0.063370817237778307 0.0018666306420390525 -0.018540562327663792 0.0027633029260412298 -0.028600125007774133 -0.0027360153589204238 0.0041200398982378537 -0.011064927226364507 0.00044781872543541714 -0.0026759699388196495 0.0050736898777865294 -0.013743366502263481 -0.0023930792354815117 0.0017487479050463184 0.0022387118116222095 0.0059614404346382656 -0.042732881960241463 0.00048602765193652033 -0.023956701851297908
leaf_weight=3583 15886 1556 1054 21802 772 10641 5681 4799 2262 7316 3983 931 410 429 23532 284 1588 3430 6492 6778 656 47036 14234 3876 16131 2783 22759 1651 20614 10910
leaf_count=3583 15886 1556 1054 21802 772 10641 5681 4799 2262 7316 3983 931 410 429 23532 284 1588 3430 6492 6778 656 47036 14234 3876 16131 2783 22759 1651 20614 10910
internal_value=0.000722318 5.63304e-05 0.0006278 -0.000642395 -0.00329917 0.00239465 0.000957778 -0.000498788 0.00110697 0.00229287 0.000904097 -0.00461215 -0.00675141 -0.00882353 0.00100703 -0.000507654 0.00136431 -0.000970723 0.000594999 0.001482 0.00326363 0.0027068 -0.00118093 0.000212838 0.000595791 -0.000248131 -0.000216803 -0.000573447 -0.000404582 -0.00112612
internal_weight=263859 188708 103807 84901 4098 75151 80290 23517 74609 10899 63710 3326 1770 1360 61448 80803 17474 18718 37916 11417 4639 57677 17664 26499 20007 59001 58717 35958 34307 13693
internal_count=263859 188708 103807 84901 4098 75151 80290 23517 74609 10899 63710 3326 1770 1360 61448 80803 17474 18718 37916 11417 4639 57677 17664 26499 20007 59001 58717 35958 34307 13693
is_linear=0
shrinkage=0.05


Tree=34
num_leaves=31
num_cat=0
split_feature=0 18 28 29 17 3 22 18 0 0 6 6 5 27 27 15 0 24 24 24 27 26 18 24 27 1 16 6 23 9
split_gain=97.1724 27.6141 14.3017 12.7087 9.17273 7.88105 11.3362 7.80681 7.13361 7.10922 6.90487 7.89141 6.5345 5.88777 5.8265 5.76893 5.50207 5.72383 5.32406 10.0582 5.60095 4.98953 4.92455 4.48495 4.36571 4.28463 4.84951 4.24789 6.93995 12.2912
threshold=5.2566513836737103 15.371277410323176 18.500000000000004 -2.1968687689319921 4.5000000000000009 -0.0046588155826133267 15.500000000000002 1.3580602092328122 4.7229765984487448 5.4965753906779726 0.13319415438563156 1.0738602584635857 0.72049847843441472 29.500000000000004 14.500000000000002 8.5000000000000018 4.3036100609115797 15.500000000000002 12.500000000000002 7.5000000000000009 2.5000000000000004 1.0000000180025095e-35 5.2273837743452161 6.5000000000000009 5.5000000000000009 157.00000000000003 0.50084593926267829 0.36104879606109291 5.5000000000000009 0.52264778491325059
decision_type=2 2 2 2 2 2 2 2 2 2 2 2 2 2 2 2 2 2 2 2 2 2 2 2 2 2 2 2 2 2
left_child=1 2 5 4 -3 6 7 13 -8 21 -9 15 -4 14 -1 -12 -5 -18 19 20 -14 -2 -7 -11 -6 -19 -27 -25 -29 -30
right_child=9 3 12 16 24 22 8 10 -10 23 11 -13 18 -15 -16 -17 17 25 -20 -21 -22 -23 -24 27 -26 26 -28 28 29 -31
leaf_value=0.0045452288985401886 0.0022021793676553869 -0.054172627459016381 0.0093488577073614579 -0.0092495725737561426 -0.033412883662788273 0.001309707420042951 -0.0039665749355260026 0.0084930099156593376 0.0030801883751193906 0.002645127261097697 0.0024409954509459729 0.0052404161249525625 0.019817780545766935 0.0028101535755156726 0.0082454591271143296 -0.0038011953350070809 -0.010417198667739314 0.0027176083082074212 -0.00030955387386167525 -0.018745028526275784 -0.0091105726888428395 -0.0015419994224825833 -0.0006826149251650263 0.0051828092707893814 -0.012994054656359864 -0.039584745163046976 -0.00094205231595103603 0.0052462874835649265 -0.043364651768613524 0.0025341894700774354
leaf_weight=821 21720 1182 3087 820 883 29638 3560 1670 17576 9669 10984 3766 1297 1186 1114 1768 29174 12771 13519 5380 2928 1988 12576 24768 2410 5839 24565 14866 451 1931
leaf_count=821 21720 1182 3087 820 883 29638 3560 1670 17576 9669 10984 3766 1297 1186 1114 1768 29174 12771 13519 5380 2928 1988 12576 24768 2410 5839 24565 14866 451 1931
internal_value=0.000732152 0.000125402 0.000631821 -0.000597728 -0.00318436 0.000947802 0.00142891 0.00224271 0.000608441 0.00224928 0.00184627 0.00153651 -0.000388768 0.00455303 0.00625323 0.000942597 -0.00043953 -0.000393371 -0.000677218 -0.0015773 0.000248521 0.00153239 0.000464064 0.00257812 -0.00182812 -2.77939e-05 -0.000350612 0.00280155 0.0021991 -0.000306465
internal_weight=263907 188514 110870 77644 4475 84659 42445 21309 21136 75393 18188 16518 26211 3121 1935 12752 73169 72349 23124 9605 4225 23708 42214 51685 3293 43175 30404 42016 17248 2382
internal_count=263907 188514 110870 77644 4475 84659 42445 21309 21136 75393 18188 16518 26211 3121 1935 12752 73169 72349 23124 9605 4225 23708 42214 51685 3293 43175 30404 42016 17248 2382
is_linear=0
shrinkage=0.05


Tree=35
num_leaves=31
num_cat=0
split_feature=0 18 29 29 21 26 25 27 4 0 19 22 18 21 4 7 16 0 22 15 19 0 27 0 0 6 18 0 5 22
split_gain=94.4889 27.0579 11.3304 10.7691 12.6393 10.0522 8.32704 7.34511 8.29472 8.35891 7.72378 6.55108 7.5145 5.70018 5.63371 6.48091 6.16391 5.33452 5.32282 7.61575 4.92692 4.77976 4.70706 4.02897 3.9441 3.77212 3.61699 3.58066 3.63078 3.47243
threshold=5.2641583409578194 19.214014412006815 -0.73123558741911709 -2.1968687689319921 33.500000000000007 1.0000000180025095e-35 1.0000000180025095e-35 19.500000000000004 0.0045634986956220045 4.5649191543146843 13.411691192263779 20.500000000000004 1.2544728625078301 32.500000000000007 -0.35811107873035303 0.2131333887832296 1.9193247128032682 4.6948551260747839 2.5000000000000004 1.5000000000000002 55.740029803517508 5.4809756024847358 28.500000000000004 4.6500701778329185 4.7790300883884873 0.58801757620992567 39.41889611950149 4.8882269033423915 1.9445920004237425 4.5000000000000009
decision_type=2 2 2 2 2 2 2 2 2 2 2 2 2 2 2 2 2 2 2 2 2 2 2 2 2 2 2 2 2 2
left_child=1 2 6 4 23 7 29 10 9 -9 -4 12 22 20 16 -16 27 -15 19 -18 -14 -2 -11 -3 -7 -22 -25 28 -5 -1
right_child=21 3 5 14 -6 24 -8 8 -10 11 -12 -13 13 17 15 -17 18 -19 -20 -21 25 -23 -24 26 -26 -27 -28 -29 -30 -31
leaf_value=0.0034125796519889396 0.0019184435285823104 -0.066589431746115021 0.0016447623319788202 -0.023174030948121368 0.01085716482639032 -0.025573396075807206 0.0035875650828608671 -0.0017069570233676744 -0.0017545247391511495 0.0074300392604394541 0.00027040798874803355 0.003284473565855003 0.004874791158843839 -0.0034692139300418843 -0.040758618538982244 0.0020779757553231397 -0.072717645676921835 0.0038123927240382481 0.00042916876238602297 0.0075531086654603069 -0.011415644367128008 0.0042749182298408381 0.0052923512942873036 -0.031795348751927091 -0.001883231865291973 0.0100800003834343 -0.020846859109466029 0.0091538745209197424 -0.055391891977653852 -0.0095088737842655268
leaf_weight=2678 15512 837 41082 18023 1092 880 3923 1809 3828 755 33457 6652 5040 335 163 14020 934 3472 18634 832 1145 54702 752 1198 7575 1237 597 2186 3221 16984
leaf_count=2678 15512 837 41082 18023 1092 880 3923 1809 3828 755 33457 6652 5040 335 163 14020 934 3472 18634 832 1145 54702 752 1198 7575 1237 597 2186 3221 16984
internal_value=0.000681262 0.000110737 0.000515866 -0.000752871 -0.00335929 0.000732649 -0.000476998 0.000873207 0.00161439 0.00200123 0.000624371 0.00230452 0.00296875 0.00252382 -0.000585558 0.000280618 -0.000865845 0.00095088 -0.000230392 -0.00285391 0.00333064 0.00225226 0.00628401 -0.00523556 -0.000922531 0.00145676 -0.00389972 -0.00141912 -0.0016174 -0.000896653
internal_weight=263555 193341 131604 61737 3724 108019 23585 99564 25025 21197 74539 19388 12736 11229 58013 14183 43830 3807 20400 1766 7422 70214 1507 2632 8455 2382 1795 23430 21244 19662
internal_count=263555 193341 131604 61737 3724 108019 23585 99564 25025 21197 74539 19388 12736 11229 58013 14183 43830 3807 20400 1766 7422 70214 1507 2632 8455 2382 1795 23430 21244 19662
is_linear=0
shrinkage=0.05


Tree=36
num_leaves=31
num_cat=0
split_feature=18 29 3 24 24 29 23 26 18 24 24 3 28 18 22 24 29 21 19 22 18 22 28 22 12 3 19 7 26 22
split_gain=75.3268 16.1367 14.4557 13.8119 9.48815 8.65514 8.15506 7.64404 7.29759 6.49068 9.65804 5.92657 5.67442 8.35911 13.4064 6.16874 4.77817 4.23067 4.03835 5.77995 3.97311 3.91966 4.47044 3.67257 3.67202 3.63301 3.30715 3.62819 3.30501 3.26686
threshold=5.7830916203520326 -1.4571161936178669 0.19396281470544016 17.500000000000004 8.5000000000000018 -3.1903952382278615 1.5000000000000002 1.0000000180025095e-35 19.214014412006815 23.500000000000004 2.5000000000000004 -0.61001418667700025 13.500000000000002 1.6749658239256511 3.5000000000000004 20.500000000000004 -0.12669776607834848 31.500000000000004 53.611617177332597 16.500000000000004 21.263223200823713 18.500000000000004 4.5000000000000009 13.500000000000002 0.19899137241606016 0.48477228857636528 15.719628985115863 1.2225928741084042 1.0000000180025095e-35 5.5000000000000009
decision_type=2 2 2 2 2 2 2 2 2 2 2 2 2 2 2 2 2 2 2 2 2 2 2 2 2 2 2 2 2 2
left_child=2 3 12 4 -2 20 25 8 9 10 -3 17 13 14 -1 -14 -10 18 19 24 -6 22 -16 -18 -11 -4 27 28 -15 -28
right_child=1 7 6 -5 5 -7 -8 -9 16 11 -12 -13 15 26 21 -17 23 -19 -20 -21 -22 -23 -24 -25 -26 -27 29 -29 -30 -31
leaf_value=0.0067330681163415874 -0.013063194020664843 0.0042758465896315127 0.0014449735350093766 0.0092747904160126651 -0.035114774015285725 -0.02842829791385891 0.0044456281220426851 -0.011475051133289451 -0.00077586339385371896 0.006801303405771373 -0.00063306689614683995 0.00099518828102383109 -0.0051365574258457674 0.0014067962593580119 0.0038497133965154327 0.0052120488615792311 -0.027745159820332002 0.0010953067570096231 0.0072513563964918693 0.0035366734815889646 -0.092478746793637157 0.0017402094626750759 0.0071811997076994 -0.0063729059638002322 0.0045374267386878815 -0.0029643559526100608 -0.00013638679555954102 -0.0049979920098961114 -0.0011318865317374045 0.0058998703440036491
leaf_weight=2134 5111 4910 11758 2732 512 5412 31693 8339 39826 1333 35995 9045 8924 46767 6116 4027 4129 2443 1689 1671 510 7451 779 5729 1281 633 1699 202 3900 6988
leaf_count=2134 5111 4910 11758 2732 512 5412 31693 8339 39826 1333 35995 9045 8924 46767 6116 4027 4129 2443 1689 1671 510 7451 779 5729 1281 633 1699 202 3900 6988
internal_value=0.000640522 -0.000212219 0.00147786 -0.0017987 -0.00255522 -0.00383276 0.00221827 -1.76132e-05 9.49552e-05 0.000474069 0.000129569 0.00128107 0.00111106 0.00127584 0.00227245 0.000143618 -0.000350415 0.00223595 0.0029528 0.00376896 -0.00805284 0.00172243 0.00258158 -0.00133597 0.00523718 0.00113066 0.00100007 0.000846095 0.000872757 0.00190169
internal_weight=263738 130667 133071 14277 11545 6434 44084 116390 108051 58367 40905 17462 88987 76036 16480 12951 49684 8417 5974 4285 1022 14346 6895 9858 2614 12391 59556 50869 50667 8687
internal_count=263738 130667 133071 14277 11545 6434 44084 116390 108051 58367 40905 17462 88987 76036 16480 12951 49684 8417 5974 4285 1022 14346 6895 9858 2614 12391 59556 50869 50667 8687
is_linear=0
shrinkage=0.05


Tree=37
num_leaves=31
num_cat=0
split_feature=18 4 29 24 24 28 20 24 1 18 6 18 22 18 18 19 18 6 28 27 24 24 17 3 24 1 24 1 26 22
split_gain=72.441 16.9584 13.3788 12.0373 9.7388 8.67135 7.31651 7.73495 5.74041 5.60701 5.21663 5.18903 11.854 6.23227 4.90128 7.08042 4.31374 4.37558 4.11432 3.92435 3.89217 6.7644 6.63787 4.41767 4.26088 3.79478 3.54389 6.74957 3.46365 3.45218
threshold=5.7830916203520326 0.057042794452091976 -1.2530839403026801 14.500000000000002 8.5000000000000018 11.500000000000002 0.70759620634253517 11.500000000000002 253.00000000000003 3.517225667251541 0.12914358936969636 2.1845470747780564 5.5000000000000009 1.3580602092328122 24.736621419192343 29.050191801619054 12.560022105663213 1.7139941898424413 12.500000000000002 52.500000000000007 9.5000000000000018 8.5000000000000018 7.5000000000000009 -0.89745021559209626 18.500000000000004 121.00000000000001 2.5000000000000004 121.00000000000001 1.0000000180025095e-35 3.5000000000000004
decision_type=2 2 2 2 2 2 2 2 2 2 2 2 2 2 2 2 2 2 2 2 2 2 2 2 2 2 2 2 2 2
left_child=1 11 3 4 -2 8 7 -6 14 -3 -10 12 13 29 15 25 -17 -18 -14 -20 21 26 -22 -23 -24 -4 -7 -28 -11 -1
right_child=2 9 5 -5 6 20 -8 -9 10 28 -12 -13 18 -15 -16 16 17 -19 19 -21 22 23 24 -25 -26 -27 27 -29 -30 -31
leaf_value=0.0074362764886264912 -0.0096925484748034054 0.0036052204208664737 -0.003310997843878337 0.0043325906907599526 -0.04621535006685451 0.0048512416202651457 -0.0047723881861729232 -0.02306415107259684 0.0077890944318955522 0.0021232132456857305 0.0030787912351818679 0.00093639878750720763 0.0023985221856570472 0.0027332066457792961 -0.0049016017891789637 0.0042714975769224386 0.0011791836809758058 0.010949841105345135 0.00051512343266100471 -0.071119613691989006 -0.010678373259948722 -0.070782281359430724 0.0063160479398269454 -0.010976392857611022 -0.00026078440676060303 3.1625881830851467e-05 -0.018640769323805123 -0.0061867370975960722 -0.0018916656379182252 0.0057574220880441543
leaf_weight=1754 5792 42265 2499 5831 3312 2880 1660 2173 460 19718 6381 40878 16553 1976 11216 8510 12533 1107 7276 53 42713 377 3691 1092 3488 8536 1669 4791 1420 1079
leaf_count=1754 5792 42265 2499 5831 3312 2880 1660 2173 460 19718 6381 40878 16553 1976 11216 8510 12533 1107 7276 53 42713 377 3691 1092 3488 8536 1669 4791 1420 1079
internal_value=0.000615626 0.0014373 -0.000220257 -0.00145567 -0.00230579 -1.31317e-05 -0.00354094 -0.00442115 0.000465829 0.00202877 0.00181406 0.000898245 0.00141368 0.00367852 0.000258102 0.000563508 0.00107901 0.000527859 0.000957625 -2.86533e-05 -0.000417456 -0.00127764 -0.000231099 -0.00443159 0.00117565 -0.000471228 -0.000781585 -0.00143189 0.00136389 0.00518179
internal_weight=263683 132972 130711 18768 12937 111943 7145 5485 51242 63403 6841 69569 28691 4809 44401 33185 22150 13640 23882 7329 60701 10809 49892 1469 7179 11035 9340 6460 21138 2833
internal_count=263683 132972 130711 18768 12937 111943 7145 5485 51242 63403 6841 69569 28691 4809 44401 33185 22150 13640 23882 7329 60701 10809 49892 1469 7179 11035 9340 6460 21138 2833
is_linear=0
shrinkage=0.05


Tree=38
num_leaves=31
num_cat=0
split_feature=0 18 24 29 24 27 24 0 21 0 24 18 22 6 0 0 17 18 23 23 6 17 4 24 17 24 22 16 23 4
split_gain=67.6677 20.1417 10.5854 15.731 8.9904 8.54928 6.56666 12.7204 7.63057 7.45383 7.08967 5.58655 7.35748 5.94868 5.83375 5.45681 4.95562 4.6346 4.63454 6.53171 6.32039 7.01689 6.45469 6.06058 4.60349 6.05463 4.49028 4.40811 4.33966 4.59014
threshold=5.2641583409578194 19.754392572490939 17.500000000000004 -0.60559424458584032 15.500000000000002 4.5000000000000009 5.5000000000000009 5.0931594919370946 33.500000000000007 5.0590719231024197 8.5000000000000018 3.4031577018263257 10.500000000000002 1.0367160935106472 4.725996250845899 5.5783001407402253 4.5000000000000009 1.6749658239256511 5.5000000000000009 4.5000000000000009 0.45611936373137923 4.5000000000000009 0.020186653234490644 4.5000000000000009 8.5000000000000018 2.5000000000000004 16.500000000000004 0.49418381788912241 1.5000000000000002 0.21062177623843292
decision_type=2 2 2 2 2 2 2 2 2 2 2 2 2 2 2 2 2 2 2 2 2 2 2 2 2 2 2 2 2 2
left_child=1 2 3 -1 5 16 7 8 24 -8 -11 12 17 -13 -14 28 -3 -4 19 23 -20 22 -22 -17 -5 -26 27 -6 -2 -30
right_child=15 4 11 6 26 -7 9 -9 -10 10 -12 13 14 -15 -16 18 -18 -19 20 -21 21 -23 -24 -25 25 -27 -28 -29 29 -31
leaf_value=-0.0089857376951265906 0.0010761233127485536 -0.044195337119363222 0.0057716530151633756 0.0053993007387484054 -0.021407692871425115 -0.013609425847673624 -0.0087399824217688719 -7.284608673079537e-05 -0.00070243352800419324 -0.0023111143035822262 0.0018066897438577521 0.00085694928403589579 -0.0038672702309017594 0.0049890751386473687 0.0020802006344603666 -0.00018003508714590458 -0.020307292866472773 0.0026480949249179432 0.0047411166170861115 0.0081682954573128776 -0.066432787592735673 0.0072486239828142883 -0.012857273036100361 0.0053213160917527196 0.0036839830584107884 -0.015216333911861897 0.0050272739113736212 -0.0019622143636782163 0.0015199970878633103 0.0041820878239194961
leaf_weight=18578 13911 1291 2857 6223 4745 21105 11534 9008 1810 4510 17016 37807 1085 7569 11262 1919 3144 3792 1797 2964 158 591 270 12914 472 278 14290 15159 10964 24708
leaf_count=18578 13911 1291 2857 6223 4745 21105 11534 9008 1810 4510 17016 37807 1085 7569 11262 1919 3144 3792 1797 2964 158 591 270 12914 472 278 14290 15159 10964 24708
internal_value=0.000602735 0.000120392 0.000461207 3.29833e-05 -0.000643017 -0.00135278 0.000487896 0.00126244 0.00261642 7.10829e-05 0.000620645 0.000923072 0.00164298 0.000621694 0.000920871 0.00193259 -0.00334837 0.00298391 0.00261631 0.00291454 0.000731534 -0.00241413 -0.00728972 0.00248635 0.00336727 -0.000333333 -0.000112885 -0.000598372 0.00164835 0.00194046
internal_weight=263731 193535 133801 69429 59734 25540 50851 17791 8783 33060 21526 64372 18996 45376 12347 70196 4435 6649 20613 17797 2816 1019 428 14833 6973 750 34194 19904 49583 35672
internal_count=263731 193535 133801 69429 59734 25540 50851 17791 8783 33060 21526 64372 18996 45376 12347 70196 4435 6649 20613 17797 2816 1019 428 14833 6973 750 34194 19904 49583 35672
is_linear=0
shrinkage=0.05


Tree=39
num_leaves=31
num_cat=0
split_feature=0 18 28 20 21 26 24 24 17 18 22 14 7 24 24 21 17 24 27 0 24 22 24 0 0 0 26 24 21 27
split_gain=56.3931 20.2686 11.9393 7.62495 7.7638 7.41476 7.20182 10.267 6.93964 6.30167 11.3756 5.92991 5.5683 5.41317 11.5996 7.50615 4.97432 4.85758 4.72903 5.43649 4.69515 4.43944 4.30278 4.75858 4.7109 4.30874 4.25731 4.06491 5.55301 3.81401
threshold=5.2857546082407643 18.942003188433187 18.500000000000004 0.014656284466307621 33.500000000000007 1.0000000180025095e-35 15.500000000000002 6.5000000000000009 4.5000000000000009 1.6749658239256511 7.5000000000000009 2.4337054578520254 0.19160002667849954 11.500000000000002 7.5000000000000009 35.500000000000007 6.5000000000000009 2.5000000000000004 27.500000000000004 4.7482908581751948 6.5000000000000009 14.500000000000002 9.5000000000000018 4.4439066730957402 4.707024031575016 4.5402900480898207 1.0000000180025095e-35 11.500000000000002 27.500000000000004 30.500000000000004
decision_type=2 2 2 2 2 2 2 2 2 2 2 2 2 2 2 2 2 2 2 2 2 2 2 2 2 2 2 2 2 2
left_child=1 2 5 4 6 9 7 -3 27 10 29 -11 -5 14 15 -4 -16 -17 -13 -20 -2 -8 23 -14 25 -24 -22 -9 -29 -1
right_child=20 3 13 12 -6 -7 21 8 -10 11 -12 18 22 -15 16 17 -18 -19 19 -21 26 -23 24 -25 -26 -27 -28 28 -30 -31
leaf_value=0.0055871488075740112 0.0016568225814984499 -0.016372956652340925 0.012208439765966486 -0.037313538680915567 0.0039653163028050969 -0.0018322738072713007 -0.036043771538701905 -0.060715392441202692 -0.035368327625574125 0.00094950403699186042 0.0019073426681959365 0.0046198587732148629 -0.021707574970056265 0.0016976230706671929 -0.023908216595825062 0.009215563609033384 -0.00037035595970580609 -0.022238302926268289 -0.0033077204821042802 0.0034860444007871433 0.0038425682243986834 0.004016010944083096 0.0017871618029033861 -0.0048333752457792277 0.0014622767843266958 0.0079147504106851976 0.0014690905991644838 -0.083183815837171118 -0.031407121842545724 0.0019261787330190122
leaf_weight=2518 11281 4955 3280 184 9694 7904 9926 1296 5180 73596 9002 11010 343 20002 4543 808 1301 1858 1219 2131 44832 8025 3771 5550 11243 1347 4743 60 1166 766
leaf_count=2518 11281 4955 3280 184 9694 7904 9926 1296 5180 73596 9002 11010 343 20002 4543 808 1301 1858 1219 2131 44832 8025 3771 5550 11243 1347 4743 60 1166 766
internal_value=0.000592865 0.000192078 0.000526876 -0.00055467 -0.000965957 0.000777283 -0.00135651 -0.00226989 -0.0034121 0.000893538 0.00195426 0.000745373 0.000184063 -0.000324925 -0.00117472 0.000380087 -0.00275667 -0.0015904 0.00167479 2.98507e-05 0.00192767 -0.000712495 0.000255684 -0.000902766 0.000672942 0.00193044 0.00213717 -0.00556305 -0.00349918 0.0044732
internal_weight=263534 202678 139938 62740 40302 108146 30608 12657 7702 100242 12286 87956 22438 31792 11790 5946 5844 2666 14360 3350 60856 17951 22254 5893 16361 5118 49575 2522 1226 3284
internal_count=263534 202678 139938 62740 40302 108146 30608 12657 7702 100242 12286 87956 22438 31792 11790 5946 5844 2666 14360 3350 60856 17951 22254 5893 16361 5118 49575 2522 1226 3284
is_linear=0
shrinkage=0.05


Tree=40
num_leaves=31
num_cat=0
split_feature=18 28 0 24 24 4 0 0 29 6 1 0 0 29 14 0 0 0 18 28 5 24 18 19 21 24 3 23 21 1
split_gain=52.7606 13.877 12.5486 7.31441 7.12768 11.9724 7.45304 6.92436 6.54228 6.23512 6.05814 5.68782 5.36256 5.01357 4.81894 4.82159 4.48928 4.43952 4.40682 4.13579 3.80222 4.91828 3.7572 4.25899 4.51278 3.7047 5.58135 3.53282 3.51374 3.43047
threshold=4.0296970121165101 11.500000000000002 5.4874078435201818 11.500000000000002 8.5000000000000018 -0.44580638313263604 4.6603476403907047 4.7229765984487448 -1.2530839403026801 0.11191186438626136 157.00000000000003 4.6786224635956151 4.7985492905656644 -1.9534123769382994 1.6534172553091813 5.2721090294535307 4.6948551260747839 4.9665426635412357 1.3256835252430694 12.500000000000002 2.3902029425572091 2.5000000000000004 15.13058039051147 29.507262033669935 31.500000000000004 11.500000000000002 -1.2542658476511455 3.5000000000000004 40.500000000000007 137.00000000000003
decision_type=2 2 2 2 2 2 2 2 2 2 2 2 2 2 2 2 2 2 2 2 2 2 2 2 2 2 2 2 2 2
left_child=2 8 12 4 20 6 13 -7 25 -10 16 -12 -1 -6 15 -11 -5 29 19 -14 -3 -22 23 24 -16 26 27 -2 -23 -9
right_child=1 3 -4 10 5 7 -8 17 9 14 11 -13 18 -15 22 -17 -18 -19 -20 -21 21 28 -24 -25 -26 -27 -28 -29 -30 -31
leaf_value=-0.00078962478805515667 -0.04721683641082608 -0.0024517700931692248 0.0036546498572056271 0.0032998934815932296 -0.053225078246578655 0.013885719536490466 -0.023409231939095269 -0.038559211628219514 0.00584529648922628 -0.00023686270805037274 -0.048714523893598406 -0.0062436629340216661 0.0044123243991877397 -0.073068488123758407 0.0015231816289637469 0.0014951695636643931 0.0012313042797520816 0.00023077975535649314 0.0012801191627176385 0.0071849944780231576 0.010212612097523834 -0.015216664984445349 0.0040117963573795467 0.0042777409344358025 -0.0025212906134918331 0.0021136512971035308 -0.018575633490781208 -0.12169703833603601 -0.026439836685986564 -0.017657889870661841
leaf_weight=5706 120 10498 44684 4557 586 820 3199 513 4275 38114 11413 23144 6527 389 3776 11380 16519 1640 41379 4709 797 1882 13476 5884 902 2309 3399 111 384 530
leaf_count=5706 120 10498 44684 4557 586 820 3199 513 4275 38114 11413 23144 6527 389 3776 11380 16519 1640 41379 4709 797 1882 13476 5884 902 2309 3399 111 384 530
internal_value=0.000540433 -2.60246e-05 0.00142372 -0.000511116 -0.0013005 -0.00251791 -0.00432678 -0.000362546 0.000419244 0.000541339 -0.000209768 -0.000617241 0.000940656 -0.00815385 0.000433417 0.000151331 0.000458341 -0.0015915 0.00109855 0.00197668 -0.000611312 -0.00216128 0.00101423 0.00172032 0.000594271 -0.00118033 -0.00217631 -0.00969697 -0.00334951 -0.0041419
internal_weight=263622 160617 103005 76871 21238 7677 4174 3503 83746 77807 55633 34557 58321 975 73532 49494 21076 2683 52615 11236 13561 3063 24038 10562 4678 5939 3630 231 2266 1043
internal_count=263622 160617 103005 76871 21238 7677 4174 3503 83746 77807 55633 34557 58321 975 73532 49494 21076 2683 52615 11236 13561 3063 24038 10562 4678 5939 3630 231 2266 1043
is_linear=0
shrinkage=0.05


Tree=41
num_leaves=31
num_cat=0
split_feature=18 4 24 24 20 27 3 18 21 26 24 24 2 21 17 3 27 17 19 18 17 17 27 26 10 23 4 27 12 19
split_gain=45.7922 9.91289 8.83914 19.1192 12.6919 11.3985 8.37639 8.5254 8.20407 5.88899 5.73483 5.71141 6.42535 5.37605 5.07664 4.78059 4.60655 6.6207 6.42612 8.48792 4.6283 4.11984 4.10327 3.79945 3.8294 3.61911 5.1498 3.58899 3.51292 3.47584
threshold=4.9207779672608334 0.07967562999774809 12.500000000000002 6.5000000000000009 0.020434079988732284 22.500000000000004 -0.1653558744503085 21.589410675069356 33.500000000000007 1.0000000180025095e-35 24.500000000000004 2.5000000000000004 -0.21357624261151711 31.500000000000004 4.5000000000000009 -0.7738824326432866 16.500000000000004 8.5000000000000018 29.050191801619054 15.371277410323176 4.5000000000000009 6.5000000000000009 5.5000000000000009 1.0000000180025095e-35 0.2166666666666667 1.5000000000000002 0.19106950438603915 28.500000000000004 0.26016932543752519 24.408271411407821
decision_type=2 2 2 2 2 2 2 2 2 2 2 2 2 2 2 2 2 2 2 2 2 2 2 2 2 2 2 2 2 2
left_child=1 23 3 6 8 15 7 13 14 16 -11 -8 29 -2 -5 -6 17 22 20 -20 -18 -17 -4 -1 -25 26 -3 -26 -10 -13
right_child=2 25 9 4 5 -7 11 -9 28 10 -12 12 -14 -15 -16 21 18 -19 19 -21 -22 -23 -24 24 27 -27 -28 -29 -30 -31
leaf_value=0.0018207816190240458 0.0051243326891786982 0.0035833466135998361 0.0010305429765719914 -0.042083148433210267 -0.016930992974486202 -0.021890863449866908 0.0014911256732374799 -0.0032312880238080871 -0.066115557412438353 -1.6665199572540616e-05 -0.018977654613054468 -0.0266552727656258 -0.0022919183582323353 0.0013793234687615324 -0.0304413635033507 -0.00010784214871103016 0.0028193783016263112 0.0047776562731791303 0.0049818618085485412 0.0029712478163308629 -0.0020726784284195265 0.0097242581818136001 -0.012681396931891473 0.0014777362651504341 -0.0061131749061801325 0.0035332630540609042 0.00061019534478995094 0.011532578439180546 0.019681865457085859 -0.020834838369897447
leaf_weight=63768 6588 4099 18179 2816 1036 3615 2647 8643 729 5503 3119 200 3005 3728 4966 7324 998 3358 9059 22298 3435 2481 26936 2910 2664 36697 10175 231 1572 1080
leaf_count=63768 6588 4099 18179 2816 1036 3615 2647 8643 729 5503 3119 200 3005 3728 4966 7324 998 3358 9059 22298 3435 2481 26936 2910 2664 36697 10175 231 1572 1080
internal_value=0.000575838 0.00129405 -2.82594e-05 -0.000561174 -0.00156119 -0.000611511 0.000386621 0.000930429 -0.00292274 0.000261076 -0.000983531 -0.00110069 -0.0022287 0.00190093 -0.00369828 0.000199244 0.000388427 7.0761e-05 0.000818664 0.00107057 -0.00096323 0.000540541 -8.86623e-05 0.000905955 -0.000318691 0.00182378 0.00114824 -0.00160622 -0.00029987 -0.00519531
internal_weight=263859 120544 143315 50430 24539 14456 25891 18959 10083 92885 8622 6932 4285 10316 7782 10841 84263 48473 35790 31357 4433 9805 45115 69573 5805 50971 14274 2895 2301 1280
internal_count=263859 120544 143315 50430 24539 14456 25891 18959 10083 92885 8622 6932 4285 10316 7782 10841 84263 48473 35790 31357 4433 9805 45115 69573 5805 50971 14274 2895 2301 1280
is_linear=0
shrinkage=0.05


Tree=42
num_leaves=31
num_cat=0
split_feature=0 0 26 24 24 29 29 19 27 22 4 14 0 23 2 23 4 27 27 24 24 29 1 4 27 24 23 23 3 1
split_gain=43.3027 16.8787 10.0272 8.4979 8.64043 7.41462 8.83978 7.20477 7.78403 8.45142 6.9412 6.75176 6.04409 6.03467 6.35772 6.0505 5.87122 5.52758 5.36217 5.34563 7.72357 14.7341 7.50039 7.0811 5.24935 5.14114 5.13711 9.14087 14.3195 14.5836
threshold=5.2745529621404836 4.7985492905656644 1.0000000180025095e-35 23.500000000000004 2.5000000000000004 -0.012310925937813548 -0.48787656737298651 9.1094479585840258 15.500000000000002 19.500000000000004 -0.41183370103793077 2.8527647231789657 5.5783001407402253 5.5000000000000009 0.28694789977656471 4.5000000000000009 -0.22334711915096472 28.500000000000004 14.500000000000002 11.500000000000002 8.5000000000000018 -1.3663842572693345 157.00000000000003 -0.1998963438845042 28.500000000000004 6.5000000000000009 1.5000000000000002 2.5000000000000004 0.15678165421857307 245.00000000000003
decision_type=2 2 2 2 2 2 2 2 2 2 2 2 2 2 2 2 2 2 2 2 2 2 2 2 2 2 2 2 2 2
left_child=1 2 3 4 16 6 19 8 -3 24 25 -9 -2 15 -15 26 -1 -12 -13 20 22 -22 -6 -21 -10 -7 -14 28 29 -28
right_child=12 7 -4 -5 5 10 -8 11 9 -11 17 18 13 14 -16 -17 -18 -19 -20 23 21 -23 -24 -25 -26 -27 27 -29 -30 -31
leaf_value=0.0011396635602165751 0.0018637182613634906 0.0013091152764798427 -0.034808866061647258 0.0011605533296228511 -0.012863159583694064 0.0012722557525504088 0.0014215749078723781 0.00021845953399537966 0.0067930180321493358 0.0050580728806700241 -0.021015750418340064 0.0030469366966219009 0.0051381685417699295 -0.0064030834776672603 0.005922308936191608 0.0072266852264141522 0.0054182828192692314 -0.029161551011141037 0.0065151065553652604 -0.019825976260660391 -0.042482452144734367 0.0044674934624773397 0.0022915792812630868 0.0057449673511741463 0.0050798596292831229 -0.056497423683213976 -0.013745700761161557 0.0052901699690087048 0.0033856540840461798 -0.082725073590385598
leaf_weight=4788 44406 30576 3591 22730 1265 1508 12636 73630 929 2504 379 6586 5962 1895 914 2938 841 195 7604 16482 3101 1426 3899 1083 1053 2136 1343 5922 1464 110
leaf_count=4788 44406 30576 3591 22730 1265 1508 12636 73630 929 2504 379 6586 5962 1895 914 2938 841 195 7604 16482 3101 1426 3899 1083 1053 2136 1343 5922 1464 110
internal_value=0.000497772 0.000131797 -0.000453589 -0.000325794 -0.000691811 -0.000927227 -0.000716434 0.000494133 0.00110005 0.00304503 -0.00292082 0.00025222 0.00161868 0.00232772 0.000174439 0.0026687 0.00115296 -0.00803136 0.00125088 -0.00122322 -0.00216593 -0.00367351 -0.000844307 -0.000703103 0.00548436 -0.00211581 0.00225728 0.00149225 -0.000798766 -0.00431521
internal_weight=263896 198942 76060 72469 49739 44110 39892 122882 35062 4486 4218 87820 64954 20548 2809 17739 5629 574 14190 27256 9691 4527 5164 17565 1982 3644 14801 8839 2917 1453
internal_count=263896 198942 76060 72469 49739 44110 39892 122882 35062 4486 4218 87820 64954 20548 2809 17739 5629 574 14190 27256 9691 4527 5164 17565 1982 3644 14801 8839 2917 1453
is_linear=0
shrinkage=0.05


Tree=43
num_leaves=31
num_cat=0
split_feature=0 19 22 26 24 29 0 0 29 16 0 23 23 23 23 1 3 3 9 7 23 2 11 22 12 24 11 1 29 0
split_gain=46.8207 16.8917 9.45132 8.5073 9.04488 6.85674 6.45407 6.36319 5.34423 4.9266 4.46215 6.25651 6.03267 5.59031 7.84053 9.73022 5.93123 5.67547 5.2695 4.6806 4.49102 6.49418 4.27414 5.71591 8.66129 4.19616 4.58378 3.91331 4.01789 3.90313
threshold=5.2905534131186522 59.187244281006727 8.5000000000000018 1.0000000180025095e-35 18.500000000000004 -0.73123558741911709 4.9193525064942056 4.5402900480898207 0.33712623919258983 1.563371744354265 5.5851811870328882 5.5000000000000009 4.5000000000000009 1.5000000000000002 2.5000000000000004 273.00000000000006 0.25465810915636761 0.15213201316019795 0.51819903955298641 0.42105498905932109 3.5000000000000004 0.077462377750028219 0.17307407652755583 11.500000000000002 0.240338146506965 3.5000000000000004 0.20202467525680096 245.00000000000003 -0.1447414298498155 5.1227863320152851
decision_type=2 2 2 2 2 2 2 2 2 2 2 2 2 2 2 2 2 2 2 2 2 2 2 2 2 2 2 2 2 2
left_child=1 3 29 4 5 -1 9 -5 25 -4 -2 12 13 16 15 17 -12 27 19 -13 -16 -22 23 24 -6 26 -7 28 -15 -3
right_child=10 2 6 7 22 8 -8 -9 -10 -11 11 18 -14 14 20 -17 -18 -19 -20 -21 21 -23 -24 -25 -26 -27 -28 -29 -30 -31
leaf_value=-0.0057323986070192392 0.0021574457405026384 -0.023783158311523236 -0.021277883960847004 -0.016144597207023246 0.005529321282428442 0.0035544164950004954 0.0077739159513779263 -0.0025677129674374338 -0.0021436035112508667 0.00095070345930872561 0.0063459560688074309 0.0040393081554588612 0.0073320423728394056 0.0092574917820929838 0.0065116514572865136 -0.06005111173330116 0.0013150110489146697 0.0025367682949183081 0.0036298129536781578 -0.036226080783063441 -0.013696739362457237 0.0051819123376922781 0.0012069814371774967 0.0026669697058554608 0.0013494164470012682 0.00080645393867797416 0.0010599706059602012 -0.07315837512037919 -0.019130687663408065 0.012008759796867618
leaf_weight=14071 41353 18681 15913 136 4217 3854 18308 9308 8047 17884 3581 351 2702 371 2638 63 1753 1239 1771 443 985 1635 37282 10497 2847 35018 6124 60 915 1726
leaf_count=14071 41353 18681 15913 136 4217 3854 18308 9308 8047 17884 3581 351 2702 371 2638 63 1753 1239 1771 443 985 1635 37282 10497 2847 35018 6124 60 915 1726
internal_value=0.000514571 0.000153644 -0.000458959 0.000491701 0.000603655 0.000214411 -0.000101718 -0.000954045 0.000474709 -0.000511288 0.00174407 0.00238937 0.00275812 0.00231873 0.00147483 -0.000743958 0.00356955 -0.000270793 9.74659e-05 -0.00328715 0.00259224 0.00112595 0.00107999 0.00172314 0.00282276 0.00068695 0.0015915 -0.00251857 -0.00193624 -0.0013711
internal_weight=263773 203913 72512 131401 121957 67114 52105 9444 53043 33797 59860 18507 15942 13240 7906 2648 5334 2585 2565 794 5258 2620 54843 17561 7064 44996 9978 1346 1286 20407
internal_count=263773 203913 72512 131401 121957 67114 52105 9444 53043 33797 59860 18507 15942 13240 7906 2648 5334 2585 2565 794 5258 2620 54843 17561 7064 44996 9978 1346 1286 20407
is_linear=0
shrinkage=0.05


Tree=44
num_leaves=31
num_cat=0
split_feature=0 0 27 19 19 27 1 4 16 28 17 0 1 28 21 3 16 26 29 23 19 5 19 22 27 19 28 28 5 0
split_gain=36.4052 13.8068 7.0797 9.87099 6.58934 9.50998 7.47868 7.24133 7.61348 5.97717 6.58254 5.50216 5.37412 5.95548 5.28796 6.00815 5.03258 4.88514 4.78438 4.77257 4.52979 3.86532 3.8157 3.50738 4.38027 4.9589 3.35444 3.12994 3.12439 3.11944
threshold=5.2857546082407643 4.7985492905656644 19.500000000000004 42.526204841942032 59.99486014821899 27.500000000000004 285.00000000000006 -0.17510083151372932 0.50084593926267829 19.500000000000004 6.5000000000000009 5.5816893903479796 225.00000000000003 8.5000000000000018 33.500000000000007 -0.73194956828770064 0.64183719578707488 1.0000000180025095e-35 -2.5608938885402721 1.5000000000000002 24.814432026626452 2.0003250782998951 14.217910377695636 16.500000000000004 27.500000000000004 10.984745109416787 14.500000000000002 12.500000000000002 0.74013595427780354 4.6383966752493375
decision_type=2 2 2 2 2 2 2 2 2 2 2 2 2 2 2 2 2 2 2 2 2 2 2 2 2 2 2 2 2 2
left_child=1 4 17 23 5 6 9 8 -6 12 -11 19 20 -14 15 18 -5 22 29 28 26 27 -3 24 25 -4 -1 -20 -2 -10
right_child=11 2 3 16 7 -7 -8 -9 14 10 -12 -13 13 -15 -16 -17 -18 -19 21 -21 -22 -23 -24 -25 -26 -27 -28 -29 -30 -31
leaf_value=-0.0039348600503474008 2.6763817477997324e-05 0.0010277054859724676 0.0056821660948282266 -0.010639583793175381 -0.042106439752338742 -0.0031967610434937947 0.0042335030800364935 0.005719635030887185 -0.055027409053802184 -0.02472243431087431 0.0026044012285125666 0.0040786445143774054 0.0041487123539494641 0.0024344133170121612 0.0076535635904648033 -0.04613287448749849 0.0060404714889801441 -0.0028437071640519868 0.0074030213684493779 0.0026097582224193718 0.0017442734999990077 -0.037289942457427186 0.00018526593739365624 0.0047297435979151963 0.003974596587836679 0.0046835499665296666 0.0021485904167445418 -0.022232394935093505 0.0035691657252106602 -0.022686206566988332
leaf_weight=2560 9872 48896 635 6021 6772 6618 1461 1009 256 7699 5001 19608 2013 3601 6246 3401 11523 9172 5855 29807 9735 4296 41557 4312 2992 1666 1128 7655 1588 760
leaf_count=2560 9872 48896 635 6021 6772 6618 1461 1009 256 7699 5001 19608 2013 3601 6246 3401 11523 9172 5855 29807 9735 4296 41557 4312 2992 1666 1128 7655 1588 760
internal_value=0.000475893 0.000154062 0.000473599 0.00118936 -0.000378487 6.55515e-05 0.000410567 -0.000866207 -0.000985784 0.000249551 -0.000590551 0.00154825 0.000810002 0.00210901 -0.000627349 -0.000988615 0.000483926 0.000278545 -0.000639146 0.00122059 0.000266706 -0.000448725 0.000390037 0.00247788 0.00334026 0.00498044 -0.0012256 -3.33087e-05 0.000353403 -0.00397638
internal_weight=263715 202840 126774 27149 76066 39816 33198 36250 35241 31737 12700 60875 19037 5614 28469 22223 17544 99625 18822 41267 13423 17806 90453 9605 5293 2301 3688 13510 11460 1016
internal_count=263715 202840 126774 27149 76066 39816 33198 36250 35241 31737 12700 60875 19037 5614 28469 22223 17544 99625 18822 41267 13423 17806 90453 9605 5293 2301 3688 13510 11460 1016
is_linear=0
shrinkage=0.05


Tree=45
num_leaves=31
num_cat=0
split_feature=0 0 27 24 24 1 17 19 24 24 20 24 18 27 8 21 23 18 0 4 24 8 22 24 24 18 24 21 24 3
split_gain=31.5055 12.2373 8.65882 6.95406 6.2759 18.3265 8.58805 6.76896 5.98746 15.6538 5.85172 22.1294 6.37954 6.23911 5.60941 4.68375 4.62759 4.25543 4.24365 9.26348 4.18391 4.8107 4.2787 3.98386 5.65178 3.95706 3.8361 4.77905 4.17952 4.07475
threshold=5.2905534131186522 4.7682863635691586 22.500000000000004 17.500000000000004 6.5000000000000009 137.00000000000003 4.5000000000000009 4.4166819120041954 12.500000000000002 5.5000000000000009 0.052129199521058094 2.5000000000000004 29.083260393587619 27.500000000000004 0.9167573944654922 34.500000000000007 1.5000000000000002 3.4393281946565177 5.0517303177099064 -0.20486876506717916 20.500000000000004 0.33271141183204017 5.5000000000000009 9.5000000000000018 8.5000000000000018 15.13058039051147 11.500000000000002 33.500000000000007 8.5000000000000018 -0.40845758037092594
decision_type=2 2 2 2 2 2 2 2 2 2 2 2 2 2 2 2 2 2 2 2 2 2 2 2 2 2 2 2 2 2
left_child=1 3 17 4 10 7 23 -6 9 15 12 -12 -1 -13 -2 25 18 20 19 -11 22 -22 -3 24 -7 -4 27 28 -8 -29
right_child=14 2 8 -5 5 6 26 -9 -10 16 11 13 -14 -15 -16 -17 -18 -19 -20 -21 21 -23 -24 -25 -26 -27 -28 29 -30 -31
leaf_value=0.0032542475486748846 0.0027091334719436745 0.0027862752258676635 0.0044747017611987735 0.00028203733496327902 -0.013791526285341794 -0.05080490838204739 -0.022314911196988696 0.0071083786311474861 0.005276277509993068 -0.015611794862606276 0.0035027246843286129 -0.013496686283926407 -0.035681270450617489 -0.028575960695488095 -0.00051413461644629166 -0.0033577598589770935 -0.0047491942313690185 0.00018891868553903181 0.0060998964023481301 -0.052059323128080051 0.0059553822655356164 0.0010563482602699535 1.813766970200094e-05 -0.035906471109522838 -0.10952508233682859 0.0093684714149579983 -0.013176164038907699 0.014203512492435824 -0.040540677660579824 -0.075794195967744171
leaf_weight=5193 56476 3351 3370 36442 271 792 1311 3123 11117 800 1103 721 3600 499 3396 1062 4338 76069 421 536 4113 9586 19512 3782 435 1738 6832 1377 2133 62
leaf_count=5193 56476 3351 3370 36442 271 792 1311 3123 11117 800 1103 721 3600 499 3396 1062 4338 76069 421 536 4113 9586 19512 3782 435 1738 6832 1377 2133 62
internal_value=0.000467672 0.000171291 0.000444663 -0.000378125 -0.000925594 -0.00145243 -0.00213227 0.00189747 0.00132025 0.0005585 2.78877e-05 -0.00220405 0.000617537 -0.00684426 0.00147598 0.00233387 -0.00123872 0.000262894 -0.00340353 -0.00478293 0.000706198 0.00139718 0.000292175 -0.00386504 -0.00634067 0.00296202 -0.00139138 -0.0024616 -0.00347271 -4.16956e-05
internal_weight=263561 203689 136013 67676 31234 20118 16724 3394 23382 12265 11116 2323 8793 1220 59872 6170 6095 112631 1757 1336 36562 13699 22863 5009 1227 5108 11715 4883 3444 1439
internal_count=263561 203689 136013 67676 31234 20118 16724 3394 23382 12265 11116 2323 8793 1220 59872 6170 6095 112631 1757 1336 36562 13699 22863 5009 1227 5108 11715 4883 3444 1439
is_linear=0
shrinkage=0.05


Tree=46
num_leaves=31
num_cat=0
split_feature=18 0 24 24 17 29 26 26 27 17 0 24 0 0 24 29 1 24 0 29 17 3 18 14 2 20 17 24 0 29
split_gain=30.89 9.3776 8.30229 17.131 7.34972 5.61722 5.53792 5.39672 5.76558 5.30876 5.2707 4.79902 4.79619 4.72815 6.73789 7.56092 5.82441 5.92477 5.69852 5.13739 4.89993 4.67483 8.62899 4.29182 5.08065 4.28534 4.09946 4.02019 4.9409 3.89185
threshold=5.9619805275680928 5.5746383022120165 12.500000000000002 5.5000000000000009 6.5000000000000009 -0.63765016794120266 1.0000000180025095e-35 1.0000000180025095e-35 17.500000000000004 7.5000000000000009 4.6851294144313123 10.500000000000002 4.8882269033423915 4.9296208115160445 6.5000000000000009 -0.13373295985531666 189.00000000000003 8.5000000000000018 4.8161785264461434 4.1337886697869566 4.5000000000000009 -0.020764221091410084 21.589410675069356 4.2343533827342315 -0.080349610986572437 0.087842453160232606 5.5000000000000009 2.5000000000000004 4.707024031575016 0.081224778036616985
decision_type=2 2 2 2 2 2 2 2 2 2 2 2 2 2 2 2 2 2 2 2 2 2 2 2 2 2 2 2 2 2
left_child=1 6 3 5 13 26 11 8 9 10 25 -1 -9 14 -5 20 17 19 -18 -17 -16 22 29 24 -10 -4 -2 -23 -29 -7
right_child=2 -3 7 4 -6 21 -8 12 23 -11 -12 -13 -14 -15 15 16 18 -19 -20 -21 -22 27 -24 -25 -26 -27 -28 28 -30 -31
leaf_value=0.00072917135981193689 0.0039830769074629862 0.0036155596739078592 -0.048802531952501622 0.0033390960194406359 0.0010601777130302757 0.0045526198546415536 -0.00089594255130702948 -0.029867381441234509 0.0011892914728265079 0.0041010690083200588 0.00054608495399851285 0.0017356789184028402 0.0016245551447936592 -0.0035528173913327563 -0.031592399310502631 -0.011305711857440507 -0.066524021127106647 -0.12961220268936341 0.035384397702805659 -0.25691874118060354 -0.017053675549041566 0.0021741514082988362 -0.0028158698486581836 0.0047647420203254451 0.00768381750177016 0.0083703471528039832 -0.024389291971840775 -0.023019715851701174 -0.0041942730035910668 0.0011476138186434423
leaf_weight=34339 2674 21499 8365 1723 5271 5157 8670 4109 24389 4718 30898 70624 3559 6997 3332 301 1117 411 179 268 5846 1626 4653 5732 1554 272 2481 179 1334 1522
leaf_count=34339 2674 21499 8365 1723 5271 5157 8670 4109 24389 4718 30898 70624 3559 6997 3332 301 1117 411 179 268 5846 1626 4653 5732 1554 272 2481 179 1334 1522
internal_value=0.000458266 0.000986221 -9.62174e-05 -0.000643207 -0.00149931 0.000466728 0.000805048 0.000198694 0.000326362 -4.2257e-05 -0.00023144 0.000905367 -0.00106547 -0.00193368 -0.00249146 -0.00292998 -0.00550967 -0.00841837 -0.00331019 -0.00511424 -0.00229026 0.000971598 0.00144458 0.000841358 0.000567783 -0.00132338 -0.000950533 -0.000735903 -0.00259088 0.0025962
internal_weight=263799 135132 128667 45071 25445 19626 113633 83596 75928 44253 39535 104963 7668 20174 13177 11454 2276 980 1296 569 9178 14471 11332 31675 25943 8637 5155 3139 1513 6679
internal_count=263799 135132 128667 45071 25445 19626 113633 83596 75928 44253 39535 104963 7668 20174 13177 11454 2276 980 1296 569 9178 14471 11332 31675 25943 8637 5155 3139 1513 6679
is_linear=0
shrinkage=0.05


Tree=47
num_leaves=31
num_cat=0
split_feature=0 0 26 19 27 22 28 6 19 27 26 24 22 19 19 5 7 21 27 23 23 23 23 1 4 3 29 6 9 24
split_gain=22.6542 10.1329 8.59003 6.61581 8.20023 9.239 7.19444 10.4964 5.78639 5.28123 5.52747 7.25428 4.58279 4.57162 4.39168 5.34501 4.08213 4.00805 4.2843 3.87266 6.06989 5.1551 7.94541 10.9473 7.91893 7.82286 4.81528 4.30754 3.88405 3.75723
threshold=4.9244151253434794 5.5851811870328882 1.0000000180025095e-35 59.187244281006727 29.500000000000004 12.500000000000002 21.500000000000004 0.10380993542242617 3.0888116236248222 24.500000000000004 1.0000000180025095e-35 8.5000000000000018 7.5000000000000009 10.273425107225476 30.993730150117567 0.62556457913787422 0.49848860264603262 32.500000000000007 4.5000000000000009 5.5000000000000009 4.5000000000000009 1.5000000000000002 2.5000000000000004 273.00000000000006 0.22036107973762045 0.15213201316019795 -0.16654116319873338 0.45611936373137923 0.51623125470053466 17.500000000000004
decision_type=2 2 2 2 2 2 2 2 2 2 2 2 2 2 2 2 2 2 2 2 2 2 2 2 2 2 2 2 2 2
left_child=2 9 3 4 5 6 7 -1 -9 10 11 16 17 -11 15 -10 -2 18 -5 20 21 24 23 25 -3 26 -23 -21 -29 -14
right_child=1 19 -4 12 -6 -7 -8 8 14 13 -12 -13 29 -15 -16 -17 -18 -19 -20 27 -22 22 -24 -25 -26 -27 -28 28 -30 -31
leaf_value=0.0069526704727895395 0.00067274761294736237 0.0047815769871532073 -0.021302777214774971 -0.050536399832775726 -0.0030690359116000033 -8.7729354344117944e-05 -0.00035295013957234477 0.0048659958106923471 -0.0073344575938286728 0.0055027447250926946 -0.001082972107834006 0.0015599079874897756 -0.013279064808099723 0.0055388876503616995 0.0037534279896940591 0.00078876063007647353 -0.0019604867180746705 0.0074943437567917756 -0.026985101710759601 0.0031939570524103216 0.0062481485586536253 0.0079852708120511616 0.0041799120146824966 -0.063747089717782521 -0.001162178329479503 0.0030412516477090691 -0.024854234481949143 -0.045289540802838799 -0.0017288108082851195 0.0054420169498338332
leaf_weight=951 21991 4536 5979 957 5163 24411 5817 486 319 1597 10787 89964 17346 9436 8525 3537 10274 3540 7885 1600 2687 344 5347 65 785 1226 1004 262 676 16323
leaf_count=951 21991 4536 5979 957 5163 24411 5817 486 319 1597 10787 89964 17346 9436 8525 3537 10274 3540 7885 1600 2687 344 5347 65 785 1226 1004 262 676 16323
internal_value=0.000458646 0.000824266 -0.000128508 -1.3122e-05 0.000389969 0.000610952 0.00141839 0.00203937 0.00166472 0.000682684 0.000595492 0.000691243 -0.000443856 0.00173389 0.00145465 5.44606e-05 4.80397e-05 -0.00126635 -0.00183556 0.00192478 0.0022127 0.00177501 0.0009717 -0.00127321 0.00298064 -0.000761461 -0.00339021 0.000110323 -0.00257996 -0.000141376
internal_weight=263820 162581 101239 95260 49209 44046 19635 13818 12867 144049 133016 122229 46051 11033 12381 3856 32265 12382 8842 18532 15994 13307 7986 2639 5321 2574 1348 2538 938 33669
internal_count=263820 162581 101239 95260 49209 44046 19635 13818 12867 144049 133016 122229 46051 11033 12381 3856 32265 12382 8842 18532 15994 13307 7986 2639 5321 2574 1348 2538 938 33669
is_linear=0
shrinkage=0.05


Tree=48
num_leaves=31
num_cat=0
split_feature=18 18 0 27 22 0 17 0 29 21 26 24 2 24 0 24 16 24 22 29 27 0 22 0 1 18 27 29 15 1
split_gain=25.0801 7.9004 7.34198 6.75203 8.8281 5.50801 5.35048 5.40023 5.14183 6.99017 4.30513 4.53694 5.66518 5.23276 4.76064 4.12359 3.92084 4.78369 4.41611 3.33799 3.29614 3.15574 3.13922 4.02997 3.03979 3.00264 3.73468 2.99612 2.99582 2.95644
threshold=3.8417261996202465 19.214014412006815 5.5039670878674301 15.500000000000002 19.500000000000004 4.7985492905656644 7.5000000000000009 4.6500701778329185 -2.8294749043545768 33.500000000000007 1.0000000180025095e-35 21.500000000000004 -1.1192573320287642 1.5000000000000002 5.2429078649157086 8.5000000000000018 0.51411916391558043 15.500000000000002 17.500000000000004 0.40043456165707342 2.5000000000000004 4.725996250845899 16.500000000000004 5.2067576393223733 125.00000000000001 3.3690800644701731 29.500000000000004 0.48199358273701259 20.500000000000004 145.00000000000003
decision_type=2 2 2 2 2 2 2 2 2 2 2 2 2 2 2 2 2 2 2 2 2 2 2 2 2 2 2 2 2 2
left_child=2 10 3 22 5 -5 7 8 9 20 11 13 -13 -2 -15 19 18 -18 -9 -16 -3 -6 -1 -24 -8 26 -7 -21 -14 -10
right_child=1 6 -4 4 21 25 24 16 29 -11 -12 12 28 14 15 -17 17 -19 -20 27 -22 -23 23 -25 -26 -27 -28 -29 -30 -31
leaf_value=0.0013219369537746243 0.0025854986616148726 -0.12783626232843379 0.0027938149286602229 0.001043497222539576 -0.0052211569468371679 0.0053556730660435804 0.0035787577008260345 -0.025949813005601959 0.0059098294358914281 0.019611225806718612 -0.0032344404017371586 0.0044284653457216687 0.0014416928907190578 -0.001051928618430592 0.00037220509104485885 0.0019918581823884811 -0.01252350018613378 0.0089782539342693566 -0.0012318115725851583 -0.012536265371253142 -0.041168076594967559 0.0035709941777483187 -0.0028421030345040709 0.00063488024936141194 0.00012365299479036055 -0.0092447456987253818 0.0046466733018410257 -0.00066283517171680307 -0.0063613346674733064 -0.049657453390658066
leaf_weight=25708 4587 96 39972 1769 885 1500 3201 4933 522 135 7838 3968 28928 43770 4140 8452 14402 17820 4309 296 394 3719 6488 17021 6269 228 1224 538 799 9722
leaf_count=25708 4587 96 39972 1769 885 1500 3201 4933 522 135 7838 3968 28928 43770 4140 8452 14402 17820 4309 296 394 3719 6488 17021 6269 228 1224 538 799 9722
internal_value=0.000416602 3.99106e-05 0.00104797 0.000691299 0.00192493 0.00344419 -0.000407262 -0.000605163 -0.0015972 -0.006 0.000307406 0.000399883 0.000866597 0.000145347 1.5036e-05 0.000838671 -0.000345119 -8.47247e-05 -0.00125298 -0.000303579 -0.00877551 0.000367072 0.000457565 3.99847e-05 0.000686378 0.00476626 0.00522761 -0.00318945 0.000629731 -0.00132858
internal_weight=263633 165119 98514 58542 9325 4721 61803 52333 10869 625 103316 95478 33695 61783 57196 13426 41464 32222 9242 4974 490 4604 49217 23509 9470 2952 2724 834 29727 10244
internal_count=263633 165119 98514 58542 9325 4721 61803 52333 10869 625 103316 95478 33695 61783 57196 13426 41464 32222 9242 4974 490 4604 49217 23509 9470 2952 2724 834 29727 10244
is_linear=0
shrinkage=0.05


Tree=49
num_leaves=31
num_cat=0
split_feature=0 0 24 24 24 17 24 29 27 23 17 4 23 27 29 2 8 1 24 1 21 0 21 1 1 3 27 4 24 29
split_gain=22.8733 9.0784 6.27758 23.266 6.80786 9.2821 6.345 6.38895 8.04881 5.44262 6.53642 10.5838 5.65543 4.60743 4.52172 4.3476 5.53161 4.25104 4.08021 5.18477 4.74147 3.99299 7.34808 6.3556 5.59656 4.15585 3.92669 3.85977 3.73371 3.58638
threshold=4.9244151253434794 5.5746383022120165 5.5000000000000009 11.500000000000002 8.5000000000000018 9.5000000000000018 9.5000000000000018 -0.40543560691002828 23.500000000000004 5.5000000000000009 4.5000000000000009 0.055454571609730628 4.5000000000000009 24.500000000000004 -3.6915046855524722 0.26968354245792908 0.48258103331723051 269.00000000000006 8.5000000000000018 117.00000000000001 34.500000000000007 4.6786224635956151 33.500000000000007 157.00000000000003 129.00000000000003 -0.8909393653097758 36.500000000000007 -0.16333323227328525 4.5000000000000009 -1.7690543140210224
decision_type=2 2 2 2 2 2 2 2 2 2 2 2 2 2 2 2 2 2 2 2 2 2 2 2 2 2 2 2 2 2
left_child=2 13 -1 4 27 6 7 14 -9 12 11 15 28 18 -6 16 -11 -5 19 20 -2 22 23 -8 -23 -25 -7 -4 -3 -26
right_child=1 9 3 17 5 26 21 8 -10 10 -12 -13 -14 -15 -16 -17 -18 -19 -20 -21 -22 24 -24 25 29 -27 -28 -29 -30 -31
leaf_value=0.0019757096625701589 -0.00096170945613603383 -0.00059803893515208636 -0.0087797830865485541 -0.0004968317588978264 -0.080676625835368596 0.010849073125818587 0.033793925340351028 -0.05711440921312573 -0.21971683482021898 -0.015043922358533629 0.0047635819960513302 0.00057973407416977692 0.0055910027163200557 0.0050618298936415101 -0.028355661366349517 0.013185328065287778 -0.07127928056140545 0.0034181098609698877 0.0012469416025584759 0.00062519076841780668 -0.01928808235637184 -0.03513096077433607 0.015478052980904307 -0.042458187379086527 0.003417811951660835 -0.072692365317927873 -0.066098233677241533 -0.019483345850605807 0.0034433314518426393 -0.030879267612918371
leaf_weight=14853 4639 1993 6601 62749 446 882 77 524 268 167 1643 880 3088 11005 1196 52 213 7445 98605 25514 1365 290 326 636 1360 307 50 1065 13650 1999
leaf_count=14853 4639 1993 6601 62749 446 882 77 524 268 167 1643 880 3088 11005 1196 52 213 7445 98605 25514 1365 290 326 636 1360 307 50 1065 13650 1999
internal_value=0.000387399 0.000754173 -0.000203415 -0.000366964 -0.00208586 -0.0030726 -0.00366267 -0.00575596 -0.00944444 0.00170663 -0.000287648 -0.00291921 0.00202125 0.000607817 -0.00397686 -0.0093287 -0.0111842 2.55008e-05 0.000524734 2.95069e-05 -0.00129247 -0.00264264 -0.00497028 -0.00705882 -0.00178405 -0.00818664 0.0016309 -0.00100965 0.00163524 -0.00120869
internal_weight=263888 162814 101074 86221 16027 8361 7429 2434 792 21686 2955 1312 18731 141128 1642 432 380 70194 130123 31518 6004 4995 1346 1020 3649 943 932 7666 15643 3359
internal_count=263888 162814 101074 86221 16027 8361 7429 2434 792 21686 2955 1312 18731 141128 1642 432 380 70194 130123 31518 6004 4995 1346 1020 3649 943 932 7666 15643 3359
is_linear=0
shrinkage=0.05


Tree=50
num_leaves=31
num_cat=0
split_feature=18 22 18 22 0 0 0 4 24 24 19 28 22 11 18 0 24 24 3 18 4 17 28 28 18 29 21 0 24 0
split_gain=20.8157 5.65808 9.95547 11.1248 7.14973 5.11007 4.71658 6.76435 6.37222 16.0869 5.03385 4.27488 3.92024 4.07478 4.87778 4.77903 3.91822 10.5038 5.48364 5.56103 4.5008 4.44824 4.39233 3.84974 4.38911 3.67256 5.59902 5.86644 3.6564 5.61366
threshold=3.7973285766212217 12.500000000000002 1.6749658239256511 2.5000000000000004 4.7292907654218128 5.5413304378438735 4.707024031575016 -0.13389214532362056 7.5000000000000009 2.5000000000000004 49.138707003432394 8.5000000000000018 7.5000000000000009 0.11697771716489062 11.664501020531697 4.9798296441859744 5.5000000000000009 9.5000000000000018 -0.0075547756323465559 22.615139966694489 0.057042794452091976 6.5000000000000009 14.500000000000002 8.5000000000000018 26.341942685659273 -2.8294749043545768 33.500000000000007 4.6568054714595153 8.5000000000000018 4.9665426635412357
decision_type=2 2 2 2 2 2 2 2 2 2 2 2 2 2 2 2 2 2 2 2 2 2 2 2 2 2 2 2 2 2
left_child=1 2 3 -1 -3 -6 7 25 9 -9 23 -11 13 14 15 -8 18 20 19 -14 21 28 -19 -10 -25 26 27 -2 -18 -30
right_child=6 4 -4 -5 5 -7 12 8 10 11 -12 -13 16 -15 -16 -17 17 22 -20 -21 -22 -23 -24 24 -26 -27 -28 -29 29 -31
leaf_value=0.0052241672990745247 -0.052259101280882507 -0.0049877262532601893 0.0013252634989372562 0.00315040404195864 0.00076960108453728404 0.0027124232374633353 0.0054130439347354594 0.0045150690748375537 -0.0013477641493053567 -0.025435098371149274 0.0066336119334258386 -0.013305177466514967 0.005254974379265781 -0.0017293149719419471 -0.011984653727576275 0.00078733243446512324 -0.0092439821159305737 0.0017739254118321333 -0.00014221010821207199 0.0025630604928135957 0.001163261068433033 0.012726039626163588 -0.0015128346050825919 0.0028726176294044826 -0.037000439062859075 -0.0037798275481436558 0.015567004870436852 -0.0048205654745547867 -0.059559946425435412 -0.0016370934342401257
leaf_weight=2211 783 2020 26810 9977 39382 17385 1637 606 1222 218 1630 586 6240 22189 2788 2403 5623 41996 5657 2883 2514 1075 24904 3373 63 35315 429 465 1101 799
leaf_count=2211 783 2020 26810 9977 39382 17385 1637 606 1222 218 1630 586 6240 22189 2788 2403 5623 41996 5657 2883 2514 1075 24904 3373 63 35315 429 465 1101 799
internal_value=0.00037664 0.000955668 0.00142264 0.00260748 0.000645891 0.000749908 3.65768e-05 -0.000402775 0.0009457 -0.0020922 0.00162691 -0.00672886 0.000197769 -0.000309474 0.000758641 0.00186881 0.000356388 0.000214967 0.00110284 0.00186123 -0.0012086 -0.00175273 0.00045142 0.000790039 0.00164726 -0.000683391 -0.00296959 -0.00466346 -0.00218264 -0.00407895
internal_weight=264284 97785 38998 12188 58787 56767 166499 44690 7698 1410 6288 804 121809 29017 6828 4040 92792 78012 14780 9123 11112 8598 66900 4658 3436 36992 1677 1248 7523 1900
internal_count=264284 97785 38998 12188 58787 56767 166499 44690 7698 1410 6288 804 121809 29017 6828 4040 92792 78012 14780 9123 11112 8598 66900 4658 3436 36992 1677 1248 7523 1900
is_linear=0
shrinkage=0.05


Tree=51
num_leaves=31
num_cat=0
split_feature=18 26 22 18 0 22 18 0 17 24 24 19 0 0 16 27 18 27 17 0 24 0 24 28 24 3 17 0 24 17
split_gain=20.1773 6.12958 6.06153 9.1572 7.88758 7.48457 5.88675 4.56075 4.27805 4.19257 5.68813 4.60197 4.48425 4.26772 3.74168 3.64367 4.33204 3.30833 3.1186 3.08076 2.97398 3.55914 5.2742 5.96855 2.778 10.5526 7.34048 4.47591 4.40283 4.46301
threshold=3.1206528500156598 1.0000000180025095e-35 8.5000000000000018 1.7040741207189505 5.5851811870328882 2.5000000000000004 21.589410675069356 4.7292907654218128 4.5000000000000009 21.500000000000004 1.5000000000000002 29.050191801619054 4.7380940108345344 5.2566513836737103 1.0798262265306493 19.500000000000004 11.048218693646772 32.500000000000007 4.5000000000000009 4.7790300883884873 15.500000000000002 4.8882269033423915 6.5000000000000009 7.5000000000000009 5.5000000000000009 -0.10961765521741011 8.5000000000000018 4.7512206636374144 10.500000000000002 7.5000000000000009
decision_type=2 2 2 2 2 2 2 2 2 2 2 2 2 2 2 2 2 2 2 2 2 2 2 2 2 2 2 2 2 2
left_child=2 6 3 5 7 -1 9 -4 20 10 -2 12 18 24 -14 -13 -17 19 -11 -3 21 22 -8 -24 25 26 -12 -28 -26 -30
right_child=1 17 4 -5 -6 -7 8 -9 -10 11 13 15 14 -15 -16 16 -18 -19 -20 -21 -22 -23 23 -25 28 -27 27 -29 29 -31
leaf_value=0.0049994521315654865 0.0026930588576099543 -0.031981756762450742 -0.0044066463807252475 0.0013005217107712763 0.0035379295005206245 0.0033745469352707211 -0.014138127311890925 0.0011068209388916314 -0.00019106881159413456 0.0022454290589059085 0.0041973355814016872 0.0048416908545469671 0.00049054227394409913 0.0010027213694368245 0.0035549286434415524 0.0046804127971582414 0.0031544191555888512 0.0097459490620097934 -0.0024297837232008183 -0.0022704628200859878 -0.015880385947672354 0.012297342785425321 -0.091392967243761711 -0.027659450621398542 -0.0048671511105011916 -0.0030618461616543861 -0.020398945194470414 0.011117951719117261 -0.00098706898192695144 0.0035571247410981738
leaf_weight=2274 5752 2953 2317 12906 10328 6350 1663 44563 39185 553 6205 10360 17858 17135 2369 2547 6481 309 2827 9967 6163 820 549 2006 14438 4850 314 189 26496 3281
leaf_count=2274 5752 2953 2317 12906 10328 6350 1663 44563 39185 553 6205 10360 17858 17135 2369 2547 6481 309 2827 9967 6163 820 549 2006 14438 4850 314 189 26496 3281
internal_value=0.000384004 9.90446e-05 0.00105451 0.00176962 0.00078538 0.00303108 0.000178795 0.000509812 -0.000275672 0.000367022 0.000150013 0.000764042 0.000295251 3.05865e-05 0.000576952 0.00133485 0.00206912 -0.000938091 -0.00139053 -0.00106037 -0.0011374 -0.00203851 -0.00262447 -0.00405088 -0.00018145 0.000508739 0.00179338 -0.0040159 -0.000361868 -1.44407e-05
internal_weight=264008 185270 78738 21530 57208 8624 172041 46880 50386 121655 78660 42995 23607 72908 20227 19388 9028 13229 3380 12920 11201 5038 4218 2555 55773 11558 6708 503 44215 29777
internal_count=264008 185270 78738 21530 57208 8624 172041 46880 50386 121655 78660 42995 23607 72908 20227 19388 9028 13229 3380 12920 11201 5038 4218 2555 55773 11558 6708 503 44215 29777
is_linear=0
shrinkage=0.05


Tree=52
num_leaves=31
num_cat=0
split_feature=0 0 19 22 27 27 2 27 6 26 24 22 4 26 19 1 21 29 27 3 0 6 24 21 1 23 23 1 3 4
split_gain=13.4061 8.08121 6.50402 6.42993 8.10744 6.46889 10.9657 5.70064 5.34404 4.27233 5.36107 4.14873 4.29152 4.08535 4.00063 3.85036 3.61226 3.53935 3.59375 3.3353 4.06014 3.16456 3.13714 3.11285 3.43248 3.08493 9.14898 8.53384 12.0278 6.50657
threshold=4.9244151253434794 5.5931903528767899 59.187244281006727 12.500000000000002 27.500000000000004 8.5000000000000018 -0.13108311765750444 24.500000000000004 0.7215909164662534 1.0000000180025095e-35 8.5000000000000018 9.5000000000000018 -0.024023993889738644 1.0000000180025095e-35 4.4166819120041954 293.00000000000006 33.500000000000007 -3.1903952382278615 20.500000000000004 0.030369814559519228 5.0376407589987657 1.1318644225234415 24.500000000000004 34.500000000000007 113.00000000000001 1.5000000000000002 2.5000000000000004 245.00000000000003 0.23955479830745183 0.22036107973762045
decision_type=2 2 2 2 2 2 2 2 2 2 2 2 2 2 2 2 2 2 2 2 2 2 2 2 2 2 2 2 2 2
left_child=2 7 3 4 5 -1 14 9 11 10 23 12 -4 -5 -7 -6 17 -10 -19 -9 -21 -16 -17 -2 -25 29 27 -27 -29 -3
right_child=1 25 8 13 15 6 -8 19 16 -11 -12 -13 -14 -15 21 22 -18 18 -20 20 -22 -23 -24 24 -26 26 -28 28 -30 -31
leaf_value=-0.00067544988642432679 0.0002185421800202874 0.0041374798824862077 -0.03572296038578307 -0.00020317859209032586 -0.0013713707647758156 0.0035566762609396986 0.005690210103057417 0.0047205302291576205 -0.039074357976717308 -0.001131073387106697 0.0012456203012983016 -0.012549291311534594 0.011247443621456214 -0.023872813000823983 0.0011406715385535637 -0.11356531922846205 0.0092559356221003763 -0.013320663281058513 0.0064797354959024228 -0.021515593596962018 0.0067211100095784463 0.0050835080413017836 -0.0028661633626523883 -0.017456353056675068 -0.0040593132497103576 -0.0013835795817537498 0.0036722985546154686 -0.071297560821838177 0.0049554412089590164 -0.0019966708201471536
leaf_weight=5144 29205 4217 7164 26559 4601 519 1374 8120 631 11035 91428 14404 186 1827 8480 56 5351 14968 6385 781 2128 3135 155 1175 2270 2165 9449 109 52 524
leaf_count=5144 29205 4217 7164 26559 4601 519 1374 8120 631 11035 91428 14404 186 1827 8480 56 5351 14968 6385 781 2128 3135 155 1175 2270 2165 9449 109 52 524
internal_value=0.000348524 0.000629419 -0.000104122 0.000286403 0.000898824 0.0013709 0.00194551 0.000510941 -0.000516613 0.000421721 0.000505569 -0.00110141 -0.00206803 -0.000219827 0.00146613 -0.000931006 -5.12164e-05 -0.000334789 -0.000225729 0.00160395 0.000151255 0.00127421 -0.00753555 -4.44104e-05 -0.00146589 0.00167777 0.00124416 -0.00156492 -0.0126708 0.00275469
internal_weight=263597 162658 100939 51850 23464 18652 13508 146142 49089 135113 124078 21754 7350 28386 12134 4812 27335 21984 21353 11029 2909 11615 211 32650 3445 16516 11775 2326 161 4741
internal_count=263597 162658 100939 51850 23464 18652 13508 146142 49089 135113 124078 21754 7350 28386 12134 4812 27335 21984 21353 11029 2909 11615 211 32650 3445 16516 11775 2326 161 4741
is_linear=0
shrinkage=0.05


Tree=53
num_leaves=31
num_cat=0
split_feature=18 0 22 27 27 18 22 0 22 6 28 0 26 14 27 7 0 27 15 22 15 12 22 27 4 23 24 24 23 17
split_gain=16.1067 4.68409 4.80969 5.95073 6.22636 6.7855 4.63286 4.59634 4.38578 7.0953 7.86026 4.58306 5.89995 4.44663 5.34225 3.70325 3.65199 3.6289 3.45365 15.2732 3.8172 3.6983 3.38377 3.28293 4.80945 3.62101 3.29584 6.22994 3.1377 7.07733
threshold=3.7973285766212217 5.5973879821036503 16.500000000000004 14.500000000000002 28.500000000000004 0.80007067171630586 3.5000000000000004 4.7790300883884873 6.5000000000000009 0.063193627739669814 21.500000000000004 4.8935427106932758 1.0000000180025095e-35 2.65193217024177 17.500000000000004 0.22725211428327399 5.0448809385801114 24.500000000000004 1.5000000000000002 1.5000000000000002 8.5000000000000018 1.0124085635017008 2.5000000000000004 29.500000000000004 -0.011384710608677292 2.5000000000000004 5.5000000000000009 9.5000000000000018 5.5000000000000009 4.5000000000000009
decision_type=2 2 2 2 2 2 2 2 2 2 2 2 2 2 2 2 2 2 2 2 2 2 2 2 2 2 2 2 2 2
left_child=1 2 3 -1 5 -5 -7 -4 9 10 -2 12 13 15 -15 -10 -6 -13 19 21 -20 -11 -21 24 26 -25 -17 -28 -3 -30
right_child=8 28 7 4 16 6 -8 -9 11 18 -12 17 -14 14 -16 23 -18 -19 20 22 -22 -23 -24 25 -26 -27 27 -29 29 -31
leaf_value=0.0014011776970611111 0.0078618123761112751 0.0031740669141015402 -0.0049488292871264815 0.0047235083313567419 0.00012757638675926292 -0.0018989114487216114 0.0033745547888565544 0.00086128026174744552 -0.037088067156357339 -0.011963659654855144 -0.017233785878357926 0.00088548819667397499 -0.023415730398946465 -0.0039920640699776938 0.0037957404918876033 0.0026385369584784797 0.0056467104794040435 0.0051470987265028927 0.00058471769269262657 -0.0082447711605542848 -0.0035006360848699233 -0.042586533047953817 0.0003814894404680797 0.00063051768704257293 0.0034512569737433219 -0.021985688897223556 -0.027809511870725379 -0.0011204421951766629 -0.01430351784491901 0.0065433585954314671
leaf_weight=38814 598 11604 2104 943 1838 419 654 38678 250 1056 324 54789 3731 13237 12485 4727 561 8663 18568 1745 8338 782 6623 1232 2150 1793 3081 22206 831 1028
leaf_count=38814 598 11604 2104 943 1838 419 654 38678 250 1056 324 54789 3731 13237 12485 4727 561 8663 18568 1745 8338 782 6623 1232 2150 1793 3081 22206 831 1028
internal_value=0.000364106 0.00087449 0.000735737 0.00110319 0.00284258 0.00489087 0.00217148 0.000346231 6.50927e-05 -0.000406478 0.00392625 0.00020484 -9.06121e-05 2.71415e-05 0.000527564 -0.00033607 0.0011213 0.000506997 -0.000514119 -0.00129728 -0.000217052 -0.00542437 -0.000390774 -0.000292989 -0.000144882 -0.00186777 -0.000308523 -0.000535058 0.00174033 -0.000166756
internal_weight=263852 97474 84011 43229 4415 2016 1073 40782 166378 38034 922 128344 64892 61161 25722 35439 2399 63452 37112 10206 26906 1838 8368 35189 32164 3025 30014 25287 13463 1859
internal_count=263852 97474 84011 43229 4415 2016 1073 40782 166378 38034 922 128344 64892 61161 25722 35439 2399 63452 37112 10206 26906 1838 8368 35189 32164 3025 30014 25287 13463 1859
is_linear=0
shrinkage=0.05


Tree=54
num_leaves=31
num_cat=0
split_feature=18 22 19 19 27 27 6 0 27 0 6 28 17 0 14 9 0 19 27 20 17 0 21 13 12 7 5 18 21 0
split_gain=13.7105 4.8335 7.7958 9.087 5.13699 5.00018 5.73539 4.60716 4.36654 5.80458 4.03799 3.92232 3.5723 4.3419 3.19294 3.01807 2.9548 3.9592 3.44164 2.92752 2.92512 3.82021 3.9179 3.17632 2.83414 2.63616 2.6351 2.63106 4.06586 2.56125
threshold=3.7973285766212217 9.5000000000000018 59.187244281006727 29.507262033669935 7.5000000000000009 26.500000000000004 0.12497221675438545 5.5931903528767899 19.500000000000004 4.8349268018409388 0.071444036019819121 11.500000000000002 7.5000000000000009 4.6603476403907047 2.5665591045421428 0.68576888578056505 4.8935427106932758 23.486701455950854 27.500000000000004 0.70775324439171794 9.5000000000000018 4.7105902035041884 31.500000000000004 0.37978610015680664 0.071610581699283554 0.72920380333587043 1.2612351914490232 25.51950395513769 32.500000000000007 5.5039670878674301
decision_type=2 2 2 2 2 2 2 2 2 2 2 2 2 2 2 2 2 2 2 2 2 2 2 2 2 2 2 2 2 2
left_child=7 2 3 10 -5 6 -6 8 29 -10 -2 14 13 19 16 -14 18 -18 -3 -13 21 22 23 25 -7 26 -4 28 -16 -1
right_child=1 11 20 4 5 24 -8 -9 9 -11 -12 12 15 -15 27 -17 17 -19 -20 -21 -22 -23 -24 -25 -26 -27 -28 -29 -30 -31
leaf_value=0.00059434060807297951 0.0076010009164076469 0.00059053525546802455 -0.060272680553997142 -0.0019469511251990119 0.0060118653806179329 0.0052823618238515523 0.0037219529151315679 0.0029541428464533179 0.00018539830826939664 0.0041210256348524878 -0.00093929211740980875 -0.038600890275627291 0.0047363925702441677 -0.00043126185840834793 0.0045051411898873453 -0.0033041072751539718 0.00023121680666385948 0.0035619462040046451 -0.0081810879120795595 0.0072495290102826161 0.005264048284719814 -0.0090911063165216074 -0.039735472305958995 -0.038107089079316543 -0.0052592670109900957 -0.05410408840928993 -0.078533444588574988 0.0026623452000688183 -0.00054217517363014248 0.0015791428757918711
leaf_weight=50432 333 8628 447 2758 568 699 7800 14436 3032 4399 17033 6193 5794 37992 5796 914 21947 13709 3960 308 1156 14024 3246 1927 1961 1891 70 4996 1834 25258
leaf_count=50432 333 8628 447 2758 568 699 7800 14436 3032 4399 17033 6193 5794 37992 5796 914 21947 13709 3960 308 1156 14024 3246 1927 1961 1891 70 4996 1834 25258
internal_value=0.000354442 7.79593e-05 -0.000311057 0.000202876 0.00116132 0.001644 0.00224426 0.000824851 0.000681657 0.00183825 -0.000557987 0.0002651 -5.74208e-05 -0.000219585 0.000536389 0.00101819 0.000351132 0.000583632 -0.000307436 -0.00141363 -0.00101445 -0.00114557 -0.00204986 -0.00303345 -0.000244361 -0.00424419 -0.00740812 0.00124426 0.00182831 0.000568107
internal_weight=263541 165984 53913 31152 13786 11028 8368 97557 83121 7431 17366 112071 51201 44493 60870 6708 48244 35656 12588 6501 22761 21605 7581 4335 2660 2408 517 12626 7630 75690
internal_count=263541 165984 53913 31152 13786 11028 8368 97557 83121 7431 17366 112071 51201 44493 60870 6708 48244 35656 12588 6501 22761 21605 7581 4335 2660 2408 517 12626 7630 75690
is_linear=0
shrinkage=0.05


Tree=55
num_leaves=31
num_cat=0
split_feature=18 26 24 29 14 0 22 27 27 0 18 0 16 27 29 24 0 21 0 0 24 29 0 27 17 19 5 9 7 14
split_gain=14.0819 4.78547 5.42762 4.53046 4.19288 4.4618 4.07897 6.7606 5.49728 5.48311 5.1011 4.68523 4.21815 3.70672 3.51524 3.96287 7.02769 3.46615 3.44528 3.08833 3.00595 2.94728 2.94628 4.34061 5.54331 3.99202 4.05114 3.15195 3.4551 3.38064
threshold=3.5919980809026071 1.0000000180025095e-35 17.500000000000004 -1.4571161936178669 2.623059045705324 4.707024031575016 16.500000000000004 14.500000000000002 28.500000000000004 5.5226691910697721 0.64252069234894893 4.4236054436470065 0.65758152765533628 24.500000000000004 0.65717519895737342 7.5000000000000009 5.0258752632043366 36.500000000000007 5.0690024785453636 5.184403398099442 10.500000000000002 -2.8294749043545768 5.2641583409578194 21.500000000000004 5.5000000000000009 29.507262033669935 0.6224681151194974 0.67686179228929511 0.25986299298214971 2.406375449472459
decision_type=2 2 2 2 2 2 2 2 2 2 2 2 2 2 2 2 2 2 2 2 2 2 2 2 2 2 2 2 2 2
left_child=6 2 3 -2 22 -6 7 12 10 11 -9 -8 -1 21 -5 19 17 20 -10 -16 -17 -3 23 27 -25 26 -26 28 -4 -29
right_child=1 13 4 14 5 -7 9 8 18 -11 -12 -13 -14 -15 15 16 -18 -19 -20 -21 -22 -23 -24 24 25 -27 -28 29 -30 -31
leaf_value=0.00089227321973359337 -0.012772419735636057 -0.059642108076721281 -0.027252256343357203 0.00037155621583798479 0.00094658449644823169 0.0049304404145862606 -0.01566983917364002 0.0046919920133652393 0.00071574888088140817 0.0022259426505465223 0.0018932463602938572 0.00022498512519481459 0.0027285664563365172 0.0062104408482748768 0.0008121708750698591 -0.058703247519269232 0.0044268917049547002 0.015679673213435715 0.0054576480719046826 -0.0086207317338930622 -0.010011092619010653 -0.0049393481347565415 0.0014042654647621249 0.0046225624594322607 -0.0068881054937588813 0.0012428826160129415 -0.0013288993881524394 -0.0085371819962228746 -0.00019503631354157359 -0.033527294591025748
leaf_weight=27423 11423 73 388 61012 9132 12051 92 839 1892 16355 1047 28608 15393 1500 5732 1596 902 309 438 475 697 10635 9124 4922 237 5451 1205 1526 33096 66
leaf_count=27423 11423 73 388 61012 9132 12051 92 839 1892 16355 1047 28608 15393 1500 5732 1596 902 309 438 475 697 10635 9124 4922 237 5451 1205 1526 33096 66
internal_value=0.000327304 5.95738e-05 0.000132669 -0.00015022 0.00043369 0.0010329 0.000826067 0.00115177 0.00306214 0.000486073 0.00506893 6.96864e-05 0.000963658 -0.000894495 -9.89777e-07 -0.000884564 -0.00222888 -0.00354727 0.00143777 -0.000125665 -0.00421718 -0.00122058 0.000207087 4.71306e-05 0.000876005 -3.91702e-05 -0.00237864 -0.000232068 -0.000128718 -0.00240578
internal_weight=263639 171552 159344 82146 77198 21183 92087 47032 4216 45055 1886 28700 42816 12208 70723 9711 3504 2602 2330 6207 2293 10708 56015 46891 11815 6893 1442 35076 33484 1592
internal_count=263639 171552 159344 82146 77198 21183 92087 47032 4216 45055 1886 28700 42816 12208 70723 9711 3504 2602 2330 6207 2293 10708 56015 46891 11815 6893 1442 35076 33484 1592
is_linear=0
shrinkage=0.05


Tree=56
num_leaves=31
num_cat=0
split_feature=18 18 4 27 0 22 27 0 2 0 14 22 22 26 22 15 22 18 2 0 27 3 24 29 17 19 17 18 22 0
split_gain=14.7889 6.35147 5.40693 4.22731 6.04887 4.61453 4.79781 4.18642 3.67256 3.38238 3.36901 3.80087 3.14354 3.1157 2.97967 4.69862 3.50944 3.15992 2.96238 2.88276 3.51493 4.71686 6.11956 3.81364 3.7627 3.74871 4.00291 3.35533 5.2203 3.24798
threshold=3.4791938625443009 19.214014412006815 -0.35811107873035303 15.500000000000002 4.7790300883884873 19.500000000000004 28.500000000000004 5.5039670878674301 -2.2061208945628308 4.7012900704448422 2.0256027828007945 19.500000000000004 16.500000000000004 1.0000000180025095e-35 3.5000000000000004 1.5000000000000002 1.5000000000000002 66.380264837857311 -1.4491239931265272 4.5402900480898207 14.500000000000002 0.013932606749709401 12.500000000000002 -1.2530839403026801 7.5000000000000009 31.550804026682815 4.5000000000000009 10.174782549762595 22.500000000000004 4.6819840796372594
decision_type=2 2 2 2 2 2 2 2 2 2 2 2 2 2 2 2 2 2 2 2 2 2 2 2 2 2 2 2 2 2
left_child=3 8 10 7 -5 6 -6 12 -2 -4 11 -3 18 19 15 16 -12 -18 -1 -10 24 23 -23 -22 -21 26 -25 28 -27 -29
right_child=1 2 9 4 5 -7 -8 -9 13 -11 14 -13 -14 -15 -16 -17 17 -19 -20 20 21 22 -24 25 -26 27 -28 29 -30 -31
leaf_value=0.010137931049013775 0.006388166625988837 -0.022581229873053499 0.0031667307167472718 -3.0220073701156169e-05 0.0039087349157857472 0.0045446428977613884 0.0028279798319060319 0.0020006381472228562 -0.0016283875536840565 3.565982191952073e-05 -0.077929254153439945 -0.0037829630282049127 -6.6763910684794717e-05 -0.0023043383665974156 -0.0013700630369458157 -0.0021912534782992511 -0.021283837438282927 -0.11082104629522123 0.0011176210503777077 0.00015926637618628463 -0.0071739177657761041 -0.012983588140814793 0.0033338794162092477 0.0025532400425691483 0.0058455056885269559 0.0045456706234571938 -0.00075446840150470795 0.0044606673450378782 0.0019667695799487454 0.0024940656981830515
leaf_weight=266 1932 12680 4325 2741 1405 3222 1522 36875 3046 10319 536 6966 20617 8373 24087 2068 884 76 22523 63744 2636 2469 2760 2139 2746 3647 4085 2118 2094 10738
leaf_count=266 1932 12680 4325 2741 1405 3222 1522 36875 3046 10319 536 6966 20617 8373 24087 2068 884 76 22523 63744 2636 2469 2760 2139 2746 3647 4085 2118 2094 10738
internal_value=0.000325786 5.80622e-05 -0.000348558 0.000849604 0.00188414 0.00275492 0.00419201 0.000735043 0.000281888 0.000490986 -0.000608495 -0.00110913 0.000402249 0.000244134 -0.000252794 -0.00160213 -0.00373663 -0.00192708 0.000806968 0.000320088 0.000366621 0.000791164 -0.000585198 0.00105328 0.000157918 0.00124532 0.000183162 0.0016008 0.00260582 0.00115199
internal_weight=263639 174468 61941 89171 8890 6149 2927 80281 112527 14644 47297 19646 43406 110595 27651 3564 1496 960 22789 102222 99176 32686 5229 27457 66490 24821 6224 18597 5741 12856
internal_count=263639 174468 61941 89171 8890 6149 2927 80281 112527 14644 47297 19646 43406 110595 27651 3564 1496 960 22789 102222 99176 32686 5229 27457 66490 24821 6224 18597 5741 12856
is_linear=0
shrinkage=0.05


Tree=57
num_leaves=31
num_cat=0
split_feature=18 22 18 22 0 0 26 24 24 5 27 0 17 0 27 27 21 18 19 14 29 24 29 21 17 27 1 21 19 22
split_gain=10.2453 4.74353 7.46449 12.0432 5.16402 4.78739 3.8402 3.81571 10.8168 5.5463 3.91186 6.35811 5.08576 4.73434 3.7227 3.70552 5.6012 4.62205 3.53336 3.4513 3.25027 5.45299 4.61793 3.67671 3.76405 3.06353 3.90589 3.93138 2.85517 2.94885
threshold=3.5573742432071334 16.500000000000004 1.6749658239256511 2.5000000000000004 4.4236054436470065 5.5539350593281904 1.0000000180025095e-35 10.500000000000002 5.5000000000000009 1.0109375703359205 18.500000000000004 4.7512206636374144 8.5000000000000018 5.0258752632043366 32.500000000000007 22.500000000000004 34.500000000000007 22.615139966694489 27.871945639996966 1.307056026077613 -0.30685480284904904 7.5000000000000009 -0.1447414298498155 35.500000000000007 8.5000000000000018 25.500000000000004 249.00000000000003 31.500000000000004 43.60571307918071 8.5000000000000018
decision_type=2 2 2 2 2 2 2 2 2 2 2 2 2 2 2 2 2 2 2 2 2 2 2 2 2 2 2 2 2 2
left_child=1 2 3 -1 -3 -6 7 8 15 -10 12 18 13 28 -8 -2 17 -17 -12 -13 -11 22 -22 24 -23 26 -20 -28 29 -9
right_child=6 4 -4 -5 5 -7 14 10 9 20 11 19 -14 -15 -16 16 -18 -19 25 -21 21 23 -24 -25 -26 -27 27 -29 -30 -31
leaf_value=0.0042537674175696146 -6.0034150100786436e-05 -0.015129367752823031 0.00084050794297639824 0.0023593690087928918 0.00011541105677644146 0.0023158210605001657 -0.0045722349656651031 0.0083789939222715503 -0.00033511946101047804 -0.011750921847928355 -0.001626793919847612 0.0032776631404900915 0.0039296816000821168 0.0006956367904374307 0.0088204436078276171 0.003012450050793306 -0.0050295251279272764 3.3856835032523666e-05 0.00089521852755615841 0.0044167567770038076 -0.047810072981638772 -0.051323647395686484 -0.0044138340669537266 -0.0083431469190612603 0.030133430589106804 -0.0021927071788938666 0.0063496949663971805 -0.0035719657615923511 -0.013705523294967416 -0.0024562487959609624
leaf_weight=2209 15791 100 30996 13422 32771 11764 11922 2065 10998 8570 2987 6269 5029 34460 320 6333 1581 2931 6959 8877 238 1717 2046 441 90 4538 1781 834 28455 7262
leaf_count=2209 15791 100 30996 13422 32771 11764 11922 2065 10998 8570 2987 6269 5029 34460 320 6333 1581 2931 6959 8877 238 1717 2046 441 90 4538 1781 834 28455 7262
internal_value=0.00028951 0.000717933 0.00107062 0.00196149 0.000349502 0.000374986 6.28428e-05 0.000128048 -0.000230408 -0.000997925 0.000294112 0.000756706 0.000101073 -5.95222e-06 -0.00079072 0.000464034 0.00117566 0.00164508 9.5912e-05 0.00150271 -0.00169287 -0.00277582 -0.00105517 -0.00452402 -0.00552297 0.000426587 0.000933779 0.00258126 -0.000392515 0.000366677
internal_weight=263756 91262 46627 15631 44635 44535 172494 160252 50736 24100 109516 32245 77271 72242 12242 26636 10845 9264 17099 15146 13102 4532 2284 2248 1807 14112 9574 2615 37782 9327
internal_count=263756 91262 46627 15631 44635 44535 172494 160252 50736 24100 109516 32245 77271 72242 12242 26636 10845 9264 17099 15146 13102 4532 2284 2248 1807 14112 9574 2615 37782 9327
is_linear=0
shrinkage=0.05


Tree=58
num_leaves=31
num_cat=0
split_feature=18 22 18 22 22 19 19 0 27 27 2 0 11 27 0 12 0 16 15 22 22 14 13 1 12 3 0 7 27 3
split_gain=9.74905 4.76885 8.86557 7.6884 4.57186 6.10875 6.59908 4.44436 4.28705 4.5925 4.77812 4.05162 4.94327 3.62811 3.41525 3.10542 3.08793 2.98871 2.91272 8.39169 2.84104 3.30493 2.82365 2.79128 2.51312 2.43057 2.39886 2.4002 2.37475 2.31698
threshold=3.4393281946565177 10.500000000000002 1.7040741207189505 3.5000000000000004 9.5000000000000018 59.187244281006727 30.993730150117567 5.5931903528767899 8.5000000000000018 26.500000000000004 -0.12642407371067743 4.9244151253434794 0.23716368874572816 24.500000000000004 4.4236054436470065 0.26563498364863075 5.2745529621404836 0.71255612659755052 1.5000000000000002 1.5000000000000002 3.5000000000000004 1.3283738466901125 0.3106814247702932 269.00000000000006 0.091269220933007336 -0.057329337161237566 4.7012900704448422 1.2773628707378741 19.500000000000004 0.47318212478351102
decision_type=2 2 2 2 2 2 2 2 2 2 2 2 2 2 2 2 2 2 2 2 2 2 2 2 2 2 2 2 2 2
left_child=1 2 3 -1 5 6 -2 14 29 10 -10 12 -6 16 -3 26 25 28 19 -19 22 -22 -4 -17 -11 -13 27 -14 -7 -8
right_child=4 7 20 -5 11 17 8 -9 9 24 -12 13 15 -15 -16 23 -18 18 -20 -21 21 -23 -24 -25 -26 -27 -28 -29 -30 -31
leaf_value=0.0039194182796392597 -0.00057058975219589718 -0.010104755605997041 -0.0016569472596691334 0.0022612552388381439 -0.0039081474184132726 -0.012213294617350377 -0.0025801279683780633 0.002530694362273711 0.0032215577945432202 0.0048266246341541275 0.0051064138980888947 0.00501698317874269 -0.002931128038414315 0.0050150398425979729 0.00050345323369008915 0.0024076639571458786 0.0015894312818519624 -0.046284673410510901 -0.00063371325562553826 -0.0097997079299981943 0.00066042160136623156 0.0029838058109031319 0.0022693388067337793 0.0092138468897531335 -0.0069836093982166411 -0.00022541588108429067 0.0022981734415288111 -0.065298206950476015 -0.029480159650322482 -0.008044419531492453
leaf_weight=3346 20972 125 3829 7188 24695 4839 2524 9217 7191 726 643 13232 5140 6763 49055 21341 13592 800 9766 5569 9475 3570 2355 1493 1779 24815 6998 517 1965 152
leaf_count=3346 20972 125 3829 7188 24695 4839 2524 9217 7191 726 643 13232 5140 6763 49055 21341 13592 800 9766 5569 9475 3570 2355 1493 1779 24815 6998 517 1965 152
internal_value=0.000276556 0.000705535 0.00122064 0.00238656 6.10784e-05 -0.000307241 0.000118281 0.000443002 0.00100269 0.00146436 0.00206025 0.000237886 -5.00133e-05 0.000534571 0.000254168 0.000327989 0.000391952 -0.000937704 -0.00056709 -0.00139896 0.000581934 0.00100038 -0.000300776 0.000676185 -0.000399202 0.000160854 -0.000300277 -0.00106594 -0.00181658 -0.000781016
internal_weight=263672 88160 29763 10534 175512 56926 33987 58397 13015 10339 7834 118586 60184 58402 49180 35489 51639 22939 16135 6369 19229 13045 6184 22834 2505 38047 12655 5657 6804 2676
internal_count=263672 88160 29763 10534 175512 56926 33987 58397 13015 10339 7834 118586 60184 58402 49180 35489 51639 22939 16135 6369 19229 13045 6184 22834 2505 38047 12655 5657 6804 2676
is_linear=0
shrinkage=0.05


Tree=59
num_leaves=31
num_cat=0
split_feature=0 27 0 26 14 24 24 24 17 1 27 18 0 24 3 0 23 22 1 29 21 23 9 13 21 16 7 24 24 1
split_gain=8.60198 5.13335 5.95256 4.97261 4.50259 5.21238 6.32774 4.85158 8.19039 5.71728 8.26853 4.6205 4.2731 3.66699 3.24362 3.28335 3.21209 3.13694 3.05816 4.39516 4.02985 3.07626 5.10953 3.01763 3.2247 2.97397 2.91936 2.91585 2.74552 2.74078
threshold=4.9244151253434794 26.500000000000004 5.5931903528767899 1.0000000180025095e-35 2.623059045705324 2.5000000000000004 11.500000000000002 8.5000000000000018 9.5000000000000018 125.00000000000001 27.500000000000004 23.293648310416959 4.7512206636374144 5.5000000000000009 0.030369814559519228 5.0448809385801114 4.5000000000000009 1.5000000000000002 109.00000000000001 -0.012310925937813548 40.500000000000007 1.5000000000000002 0.46160786607983462 0.23185252707371579 27.500000000000004 0.087270361164632645 0.26637187377211508 6.5000000000000009 22.500000000000004 113.00000000000001
decision_type=2 2 2 2 2 2 2 2 2 2 2 2 2 2 2 2 2 2 2 2 2 2 2 2 2 2 2 2 2 2
left_child=3 2 18 4 5 11 7 9 23 10 -7 16 17 -11 -3 -16 -1 -6 19 20 -2 22 -20 24 -9 -23 -8 -22 -19 -28
right_child=1 14 -4 -5 12 6 26 8 -10 13 -12 -13 -14 -15 15 -17 -18 28 21 -21 27 25 -24 -25 -26 -27 29 -29 -30 -31
leaf_value=0.0014294520295211079 0.0020351984285512962 0.0040423020161553603 0.0023513744107889045 -0.016280447953592844 -0.03654237606994664 -0.002750008778209074 -0.017702341959521303 -0.098328587327935507 0.009736345501879122 0.0027282461758958657 -0.02813461766114006 -0.010242597240196294 0.0035728655245174032 -0.015436078709992584 -0.023061984866449815 0.0052177610832795582 0.0039821330032238879 -0.0022216781860588224 0.0036408617873107843 -0.0015416044279763907 -0.036453608603918046 -0.00034772234812412942 -0.00038226160905644526 -0.018733439968151359 -0.033976117229773832 0.0012793071419274118 0.0019996202433884241 -0.013222981319035685 0.0027417254580117626 -0.00065210788293772746
leaf_weight=1515 11711 6235 16573 6046 1174 1139 531 69 829 3579 563 1687 14030 3820 610 1680 1216 15094 7930 7006 121 10672 25545 1657 2238 74555 4410 280 8344 32858
leaf_count=1515 11711 6235 16573 6046 1174 1139 531 69 829 3579 563 1687 14030 3820 610 1680 1216 15094 7930 7006 121 10672 25545 1657 2238 74555 4410 280 8344 32858
internal_value=0.00029945 0.000524067 0.000458117 -6.35919e-05 2.51179e-05 -0.000260911 -0.000401795 -0.00131424 -0.00260171 -0.000636194 -0.00324912 0.00138751 0.000440453 -3.51399e-05 0.00171848 0.00010917 0.00265837 4.34747e-05 0.000350457 -0.000236426 0.000340159 0.00044498 3.8835e-05 -0.00354692 -0.00471608 0.000604503 -6.64039e-05 -0.00458853 0.00016981 -1.3953e-05
internal_weight=263717 162918 154393 100799 94753 56111 51693 13894 4793 9101 1702 4418 38642 7399 8525 2290 2731 24612 137820 19118 12112 118702 33475 3964 2307 85227 37799 401 23438 37268
internal_count=263717 162918 154393 100799 94753 56111 51693 13894 4793 9101 1702 4418 38642 7399 8525 2290 2731 24612 137820 19118 12112 118702 33475 3964 2307 85227 37799 401 23438 37268
is_linear=0
shrinkage=0.05


Tree=60
num_leaves=31
num_cat=0
split_feature=18 4 21 18 22 22 6 15 10 27 16 29 21 6 7 22 16 17 22 7 14 22 11 19 21 24 17 27 22 7
split_gain=8.06011 4.89696 4.59963 4.16711 13.8894 3.96407 8.77682 4.09937 3.95764 7.61325 5.57779 3.84987 3.84517 3.65295 3.427 4.03162 3.33219 3.30632 3.29208 3.39124 3.17114 2.92434 2.84472 2.76663 2.60751 2.60195 3.45483 3.10222 2.49348 2.49311
threshold=21.589410675069356 -0.35150060145391065 33.500000000000007 1.6749658239256511 2.5000000000000004 3.5000000000000004 0.071444036019819121 1.5000000000000002 0.18333333333333338 14.500000000000002 0.57074145887662364 -2.3675210365522781 30.500000000000004 1.0032999440257362 0.48220783861938465 1.5000000000000002 0.24024326478088198 7.5000000000000009 9.5000000000000018 0.65700557536233639 0.90166511257191129 29.500000000000004 0.12151663557606208 33.922132115726804 34.500000000000007 15.500000000000002 4.5000000000000009 22.500000000000004 19.500000000000004 0.24865868091013421
decision_type=2 2 2 2 2 2 2 2 2 2 2 2 2 2 2 2 2 2 2 2 2 2 2 2 2 2 2 2 2 2
left_child=3 2 16 4 -1 6 -5 14 -7 17 -11 -12 -3 23 -8 -16 28 29 -6 -20 24 -15 -22 -13 -9 26 -18 -27 -2 -10
right_child=1 12 -4 5 18 8 7 20 9 10 11 13 -14 21 15 -17 25 -19 19 -21 22 -23 -24 -25 -26 27 -28 -29 -30 -31
leaf_value=0.0037569887667070708 -0.035675283356390912 0.0060522522383597618 0.0068551005069287449 0.0064804785849468865 0.0024319525610055487 0.0010586388796562142 -0.00069067128457478964 -0.0006202067144520703 0.0030675647914483427 -0.00082354312067386146 -0.027410886678050812 -0.00010533849279316397 -0.00091343054384999977 0.0035369126054393511 -0.020065320478928495 -0.0036704267113609893 -0.031826677823504033 0.004150861473826364 0.001158497943837219 -0.0043095799117201282 0.0037700046810764578 -0.0031823361366443261 0.00024816243939487987 0.0038023770166035879 -0.015057784863824357 -0.013556607586054132 -0.010684207556847812 0.0047279946465972368 -0.0050643163792207652 -0.00079005193924305394
leaf_weight=2235 2597 4731 10241 514 7123 60890 3064 7323 2079 11141 777 5885 6009 7705 1010 2079 3207 3965 17246 4431 1719 969 3858 12910 658 13972 8777 2806 1410 52230
leaf_count=2235 2597 4731 10241 514 7123 60890 3064 7323 2079 11141 777 5885 6009 7705 1010 2079 3207 3965 17246 4431 1719 969 3858 12910 658 13972 8777 2806 1410 52230
internal_value=0.000270943 -0.000275349 -0.000513834 0.000410894 0.000945706 0.000318052 -0.000341162 -0.00050936 0.000402142 0.000204892 0.000741869 0.00111556 0.000679702 0.00121373 -0.00157972 -0.00275494 -0.000802893 -0.000158046 0.000651042 0.000344605 -2.36023e-05 0.00206249 0.00089116 0.000822027 -0.000662824 -0.0006147 -0.0011774 -0.000212779 -0.00215373 -0.00025981
internal_weight=263561 53750 43010 209811 31035 178776 20225 19711 158551 97661 39387 28246 10740 27469 6153 3089 32769 58274 28800 21677 13558 8674 5577 18795 7981 28762 11984 16778 4007 54309
internal_count=263561 53750 43010 209811 31035 178776 20225 19711 158551 97661 39387 28246 10740 27469 6153 3089 32769 58274 28800 21677 13558 8674 5577 18795 7981 28762 11984 16778 4007 54309
is_linear=0
shrinkage=0.05


Tree=61
num_leaves=31
num_cat=0
split_feature=18 14 22 19 1 19 24 24 22 6 16 5 24 22 18 22 16 19 1 24 24 13 9 20 24 24 16 13 12 22
split_gain=5.95345 3.61713 4.75292 3.80498 4.01447 3.89776 3.73928 4.42687 3.68041 3.0381 2.98138 2.94912 4.17119 2.85507 4.84153 9.17911 4.20699 3.12622 2.84055 2.78123 3.25715 8.12623 3.50483 3.0519 3.24095 2.75177 3.41609 3.02995 2.62263 2.95088
threshold=3.7973285766212217 2.623059045705324 19.500000000000004 59.99486014821899 169.00000000000003 28.246414038399216 20.500000000000004 6.5000000000000009 6.5000000000000009 0.76122487771641201 0.70387546403000079 1.2706798281013145 10.500000000000002 14.500000000000002 1.6749658239256511 2.5000000000000004 1.1657288979136233 12.393604118861655 117.00000000000001 22.500000000000004 7.5000000000000009 0.11084762384796588 0.64705230206425035 0.057523264427998204 9.5000000000000018 10.500000000000002 7.1096240885869593 0.68916910016066002 0.071610581699283554 15.500000000000002
decision_type=2 2 2 2 2 2 2 2 2 2 2 2 2 2 2 2 2 2 2 2 2 2 2 2 2 2 2 2 2 2
left_child=13 2 3 5 11 18 7 8 -3 -4 -6 -5 -13 14 15 -1 -16 -15 -2 20 21 -7 -23 -22 -25 26 -9 -28 -24 -30
right_child=1 6 9 4 10 19 -8 25 -10 -11 -12 12 -14 17 16 -17 -18 -19 -20 -21 23 22 28 24 -26 -27 27 -29 29 -31
leaf_value=0.0035742815683148122 -0.0024996510928371671 -0.0049594130348582077 0.0013188292619737991 0.0043813170683696511 -0.03299625584466153 0.0047653446521077518 0.003265621359611746 -0.011942492119274825 0.0044249699207074902 -0.003483670340934253 -0.019614876026593196 -0.017718299019399111 -7.6299858468836622e-05 0.00022817530801913784 0.00044145067338547268 0.0017193864428507917 0.0029178746370952229 0.0022695932844379479 -0.00026567801532597507 0.0021858605083420264 -0.014191709955880259 0.00035857819812875089 0.0066217929903112857 -0.010453801047464991 0.002460579071544608 0.00060108773381860282 -0.045349835226201791 -0.15182862913570347 -0.02882099467058831 0.0026977842171666995
leaf_weight=2209 4173 1534 41763 6933 6129 1527 18351 4738 6258 5654 7040 2086 3998 40851 26780 11747 3673 12289 23677 6391 3445 1938 56 627 4834 14577 124 101 228 57
leaf_count=2209 4173 1534 41763 6933 6129 1527 18351 4738 6258 5654 7040 2086 3998 40851 26780 11747 3673 12289 23677 6391 3445 1938 56 627 4834 14577 124 101 228 57
internal_value=0.000278747 9.67884e-05 -4.67832e-05 -0.000299567 -0.000782479 -3.0243e-05 0.000475669 0.000105005 0.00111268 0.000343126 -0.00139798 -0.000159791 -0.000963182 0.000588832 0.000884731 0.00165592 0.000531311 0.000341551 -0.00040754 0.000519814 9.2039e-05 0.00131634 -0.000574814 -0.00043117 0.000303974 -0.000296827 -0.00131372 -0.00733333 -0.00524927 -0.00719298
internal_weight=263788 166239 120556 73139 26186 46953 45683 27332 7792 47417 13169 13017 6084 97549 44409 13956 30453 53140 27850 19103 12712 3806 2279 8906 5461 19540 4963 225 341 285
internal_count=263788 166239 120556 73139 26186 46953 45683 27332 7792 47417 13169 13017 6084 97549 44409 13956 30453 53140 27850 19103 12712 3806 2279 8906 5461 19540 4963 225 341 285
is_linear=0
shrinkage=0.05


Tree=62
num_leaves=31
num_cat=0
split_feature=0 18 22 24 24 26 24 3 3 3 27 24 17 24 24 0 0 24 27 18 21 0 24 21 24 5 17 4 28 6
split_gain=6.31451 4.81539 8.56941 3.02656 3.11971 3.00297 3.13682 3.70784 2.96232 2.86439 2.84066 2.70739 3.79337 6.3382 5.30271 6.35851 5.34451 5.0363 5.04183 4.49485 4.84885 4.24942 4.1758 5.34571 4.39835 4.89521 6.34296 3.86949 3.41702 3.36004
threshold=5.4809756024847358 1.2139476720512721 6.5000000000000009 6.5000000000000009 16.500000000000004 1.0000000180025095e-35 11.500000000000002 -0.93523374843892826 0.27532809102508149 0.21542235901923742 32.500000000000007 21.500000000000004 7.5000000000000009 9.5000000000000018 5.5000000000000009 5.2067576393223733 5.1996595859329693 2.5000000000000004 27.500000000000004 22.615139966694489 34.500000000000007 4.6533718866885332 10.500000000000002 33.500000000000007 7.5000000000000009 0.68594293058874634 4.5000000000000009 -0.1793608401508468 7.5000000000000009 1.5395601336132285
decision_type=2 2 2 2 2 2 2 2 2 2 2 2 2 2 2 2 2 2 2 2 2 2 2 2 2 2 2 2 2 2
left_child=1 2 -1 8 9 11 7 -7 -2 -5 -8 12 14 17 16 22 19 -14 -19 20 -3 -20 24 -24 -16 -26 28 -28 -27 -13
right_child=3 5 -4 4 -6 6 10 -9 -10 -11 -12 29 13 -15 15 -17 -18 18 21 -21 -22 -23 23 -25 25 26 27 -29 -30 -31
leaf_value=0.0031308883926527138 0.0023381113621444988 0.0029527687235068444 0.0010239926003259932 0.0039601110077220779 0.0010317818006522225 -0.043522231255346745 -0.0020660459623890273 -0.0076174655274873042 -0.00074206236983481884 0.002014765724548393 0.0086974413346041519 0.00070957772623269776 0.0027908621325504102 0.0047791435812697446 -0.0016390871126361973 0.00057608610411233796 -0.00066039718949647283 -0.0015212968429578512 -0.018744508026236863 -0.0017223181946254555 -0.0018658672930206557 -0.0013082513397129423 -0.0047250755762392347 0.0044159441076726006 0.0017385617457590743 -0.047655883300714706 -0.0086687789508479544 -0.020354822869590016 -0.026273033989948347 0.0044902421746125199
leaf_weight=2822 3877 9257 10831 4705 27962 112 12760 880 6362 11875 334 59898 1523 6395 6784 24080 9155 2321 609 6274 2545 331 27289 9318 1496 1048 4600 1233 2076 4948
leaf_count=2822 3877 9257 10831 4705 27962 112 12760 880 6362 11875 334 59898 1523 6395 6784 24080 9155 2321 609 6274 2545 331 27289 9318 1496 1048 4600 1233 2076 4948
internal_value=0.00029636 0.000171071 0.00107888 0.000774174 0.00095236 0.000107597 -0.000595627 -0.00330645 -9.76658e-07 0.00149578 -0.000390255 0.00016227 1.79655e-05 0.00089364 -7.51272e-05 -0.000285021 0.000525504 -0.00048286 -0.00159154 0.00102401 0.00159888 -0.00468085 -0.000587066 -0.000284918 -0.00122875 -0.00187219 -0.00231439 -0.00134065 -0.00413252 0.000421152
internal_weight=263700 208919 13653 54781 44542 195266 14086 992 10239 16580 13094 181180 116334 11179 105155 77924 27231 4784 3261 18076 11802 940 53844 36607 17237 10453 8957 5833 3124 64846
internal_count=263700 208919 13653 54781 44542 195266 14086 992 10239 16580 13094 181180 116334 11179 105155 77924 27231 4784 3261 18076 11802 940 53844 36607 17237 10453 8957 5833 3124 64846
is_linear=0
shrinkage=0.05


Tree=63
num_leaves=31
num_cat=0
split_feature=18 0 26 20 16 0 24 2 0 0 0 24 24 1 24 5 27 11 12 18 24 27 27 17 24 27 3 0 29 3
split_gain=7.95131 4.85188 4.68252 4.13579 4.37013 3.68258 3.3976 4.57234 3.18827 3.08976 3.86079 3.36177 5.65845 4.67316 3.79006 2.96957 2.92759 2.90614 4.54029 2.80518 3.07118 2.77087 2.74127 3.10893 2.68627 2.60749 2.85358 2.57838 2.81736 2.49305
threshold=18.13999714096234 5.6367995858928763 1.0000000180025095e-35 0.036588043293213419 1.2310756854101068 4.6786224635956151 21.500000000000004 -1.5310981106558179 4.3895594239587075 4.7170695814152301 4.7831568481911475 6.5000000000000009 2.5000000000000004 157.00000000000003 4.5000000000000009 2.0003250782998951 28.500000000000004 0.12886235876039284 0.14004934705964592 9.508212964000732 1.5000000000000002 23.500000000000004 24.500000000000004 9.5000000000000018 24.500000000000004 18.500000000000004 0.011699794094493506 5.5073124013830048 -0.15303629100651941 -0.73194956828770064
decision_type=2 2 2 2 2 2 2 2 2 2 2 2 2 2 2 2 2 2 2 2 2 2 2 2 2 2 2 2 2 2
left_child=1 2 6 4 15 -6 8 -8 22 11 16 12 13 -5 -14 29 -11 18 -9 25 -21 -4 -1 -24 -19 27 -27 -10 -29 -2
right_child=3 -3 21 9 5 -7 7 17 19 10 -12 -13 14 -15 -16 -17 -18 24 -20 20 -22 -23 23 -25 -26 26 -28 28 -30 -31
leaf_value=0.0051179002803787262 -0.010133867578069826 0.0030454325344460732 -0.0017098580561287057 0.0051186164734653644 -0.021497703040721849 0.0053937506304245373 0.0036175064508663052 0.0036014808219271715 0.00026190500117754791 -0.03006374619284672 0.0011227494720317185 0.003268756324403801 -0.022115427663210466 -0.022911900857135604 -0.0043387103713643923 -0.037228567594849431 -0.065202832201062905 0.0016551408144255182 0.0006267067874946076 0.002091653865176147 -0.0024445517714190962 0.0061699698509115348 0.00097715259188158846 -0.02184929521430207 0.00026979747080669881 0.0021340657659442049 -0.0035291979652743869 0.0028336063655568936 0.00079752338439378857 -0.033414433675345682
leaf_weight=83 8323 6140 13518 400 11404 15722 2062 9886 56097 720 16457 5905 226 57 235 2392 63 12453 8966 1765 21221 1215 55 117 28493 8535 1718 3343 22031 4088
leaf_count=83 8323 6140 13518 400 11404 15722 2062 9886 56097 720 16457 5905 226 57 235 2392 63 12453 8966 1765 21221 1215 55 117 28493 8535 1718 3343 22031 4088
internal_value=0.000265653 0.000424284 0.000379937 -0.000209571 -0.000509433 -0.000132345 0.000451294 0.000750081 0.000290523 0.000312929 -4.35035e-05 0.00121354 -0.00160131 0.00234136 -0.00550976 -0.00120043 -0.00347382 0.000670257 0.00118396 0.000302938 -0.000190986 -0.000476481 -0.00529412 -0.00889535 0.000433742 0.000426715 0.00117819 0.000332143 0.000750374 -0.000889533
internal_weight=263690 197698 191558 65992 41929 27126 176825 61860 114965 24063 17240 6823 918 457 461 14803 783 59798 18852 114710 22986 14733 255 172 40946 91724 10253 81471 25374 12411
internal_count=263690 197698 191558 65992 41929 27126 176825 61860 114965 24063 17240 6823 918 457 461 14803 783 59798 18852 114710 22986 14733 255 172 40946 91724 10253 81471 25374 12411
is_linear=0
shrinkage=0.05


Tree=64
num_leaves=31
num_cat=0
split_feature=0 18 17 22 26 27 2 22 27 0 29 13 1 27 27 0 0 18 7 19 18 29 0 7 7 19 3 16 10 8
split_gain=6.39581 4.33849 4.46558 4.3889 3.80425 4.36752 3.80897 5.78618 3.62376 2.7046 3.39918 2.66002 3.19029 3.99856 4.29416 2.60346 2.27652 3.66569 2.54708 2.3741 2.2567 3.35241 2.23144 2.21306 2.18347 2.34523 2.17466 2.16173 2.22015 2.1974
threshold=5.5851811870328882 19.214014412006815 7.5000000000000009 7.5000000000000009 1.0000000180025095e-35 24.500000000000004 -1.5310981106558179 22.500000000000004 27.500000000000004 4.4236054436470065 -0.29244308552276649 0.14481157110135404 265.00000000000006 12.500000000000002 28.500000000000004 4.8513391169975835 4.7105902035041884 20.936565974487191 0.65182460058641867 55.034487268139024 1.3256835252430694 -0.29976924049999526 4.9913979866649205 0.25986299298214971 1.1926585445815248 47.322143331148027 -0.55076383544773055 0.65758152765533628 0.25000000000000006 0.77663996402894375
decision_type=2 2 2 2 2 2 2 2 2 2 2 2 2 2 2 2 2 2 2 2 2 2 2 2 2 2 2 2 2 2
left_child=1 4 3 16 6 15 7 8 -1 10 -8 12 20 -14 -15 -6 19 -18 22 -3 21 -11 -19 -5 25 -10 -23 28 29 -13
right_child=-2 2 -4 23 5 -7 9 -9 24 11 -12 27 13 14 -16 -17 17 18 -20 -21 -22 26 -24 -25 -26 -27 -28 -29 -30 -31
leaf_value=0.0052694139162372923 0.0019844445290979219 0.0076456925070480233 0.0019769192587983965 -0.024613503734079681 -0.026913573863500725 0.0071624453763848191 5.2376029854961027e-05 -0.0079418906356519391 0.001748163706838256 0.00076795445812155442 -0.012513349969681828 0.00040832558564799512 0.0014554521007392586 0.003627237790048777 -0.003972163280086244 -0.0011940604715889257 -0.021222342719607115 -0.027915388143725239 0.01594323585458662 -0.044893807449285561 0.0010115079651778116 0.0015617894911817019 0.017040955642350815 -9.4897612050694763e-05 -0.010805107525895594 -0.049851203007698956 0.0040384496405466569 0.00094613893418109794 -0.00078822521339880431 -0.0016254433328287373
leaf_weight=4146 18591 753 9487 396 1953 1148 437 2253 490 3651 257 38864 2740 1227 191 10871 862 1418 4085 5962 42976 1411 744 38229 186 133 2249 47536 16619 3725
leaf_count=4146 18591 753 9487 396 1953 1148 437 2253 490 3651 257 38864 2740 1227 191 10871 862 1418 4085 5962 42976 1411 744 38229 186 133 2249 47536 16619 3725
internal_value=0.0002925 0.000224654 -0.000137077 -0.000317642 0.000347039 -0.000445892 0.000412559 0.00153718 0.00249243 0.000362484 -0.00275216 0.000375894 0.000660299 0.00199134 0.00414669 -0.000710387 -0.00108218 -0.000458574 -3.68177e-05 -0.00174237 0.000550242 0.00136233 -0.00142461 -4.40129e-05 -0.000568603 0.000850722 0.00243169 0.000230833 2.9219e-05 0.000220479
internal_weight=263590 244999 61936 52449 183063 13972 169091 7208 4955 161883 694 161189 54445 4158 1418 12824 13824 7109 6247 6715 50287 7311 2162 38625 809 623 3660 106744 59208 42589
internal_count=263590 244999 61936 52449 183063 13972 169091 7208 4955 161883 694 161189 54445 4158 1418 12824 13824 7109 6247 6715 50287 7311 2162 38625 809 623 3660 106744 59208 42589
is_linear=0
shrinkage=0.05


Tree=65
num_leaves=31
num_cat=0
split_feature=10 24 24 5 6 17 29 27 17 17 4 24 17 29 22 18 8 22 27 15 2 15 7 22 24 16 28 7 9 20
split_gain=4.8434 3.73149 8.56189 7.58918 5.41533 4.96742 4.39478 4.38086 6.34332 4.28062 3.81017 5.39637 5.33468 3.66467 5.26687 3.80196 3.43097 3.38627 3.33158 3.32215 3.31183 5.19215 3.23106 3.02272 2.81191 2.99451 2.76612 2.75795 2.99001 2.75112
threshold=0.18333333333333338 11.500000000000002 7.5000000000000009 0.70605406841163465 0.04061927638801887 4.5000000000000009 6.8981135525598924 17.500000000000004 8.5000000000000018 5.5000000000000009 -0.14551333896301261 2.5000000000000004 6.5000000000000009 -0.66068530402962788 3.5000000000000004 29.083260393587619 0.22020102433689517 13.500000000000002 31.500000000000004 1.5000000000000002 -0.080349610986572437 7.5000000000000009 0.38190974604662803 6.5000000000000009 6.5000000000000009 0.12191692464471658 1.5000000000000002 0.54826160929652334 0.73619277525180882 0.079976409540534713
decision_type=2 2 2 2 2 2 2 2 2 2 2 2 2 2 2 2 2 2 2 2 2 2 2 2 2 2 2 2 2 2
left_child=-1 2 4 -4 17 6 -5 8 29 20 13 16 27 -6 19 18 -12 -2 -16 -15 21 -9 -14 -22 25 -24 -7 -13 -29 -3
right_child=1 7 3 5 10 26 -8 9 -10 -11 11 12 22 14 15 -17 -18 -19 -20 -21 23 -23 24 -25 -26 -27 -28 28 -30 -31
leaf_value=0.00086185675893669673 0.0044565847305961448 -0.0017589535232375487 0.00088717241899424152 -0.017407444659063766 -0.005076510245419128 -0.027107824107989842 -0.22596560964886003 0.0027730228883431803 0.0044987977348729937 0.00030119500570316806 0.0041969608297687732 -0.00024636817845936318 0.0036599598805790272 -0.048814260185158727 0.0031753492206651928 -0.0046866270190373998 -0.00036922926448734874 0.0029708404873697459 -0.0089967882161006412 -0.00079096244561187821 0.00438417653593601 -0.0024697199236284749 -0.033839144906740046 0.0049575320683684209 -0.0015803353587206378 -0.016433029601110621 -0.0075758631928728587 -0.0081627428291175929 -0.043659650877496306 0.00067344017368206599
leaf_weight=80851 680 39001 5865 4877 7256 915 74 15578 4900 20803 2363 7491 390 348 8932 2962 2937 744 334 1052 385 4852 68 1420 337 1181 9457 1535 89 36332
leaf_count=80851 680 39001 5865 4877 7256 915 74 15578 4900 20803 2363 7491 390 348 8932 2962 2937 744 334 1052 385 4852 68 1420 337 1181 9457 1535 89 36332
internal_value=0.000256014 0.000113727 -0.000210062 -0.00101803 0.000232306 -0.00160347 -0.00290648 0.000271029 5.27214e-05 0.000678005 0.0001167 -0.000453908 -0.00108106 0.000564547 0.00104784 0.00138044 0.000858491 0.00325843 0.00187891 -0.00185714 0.00116033 0.000978953 -0.00343623 0.0032133 -0.00443884 -0.00553243 -0.000981489 -0.000570488 -0.00243842 -6.0664e-05
internal_weight=264009 183158 59887 21188 38699 15323 4951 123271 80233 43038 37275 16391 11091 20884 13628 12228 5300 1424 9266 1400 22235 20430 1976 1805 1586 1249 10372 9115 1624 75333
internal_count=264009 183158 59887 21188 38699 15323 4951 123271 80233 43038 37275 16391 11091 20884 13628 12228 5300 1424 9266 1400 22235 20430 1976 1805 1586 1249 10372 9115 1624 75333
is_linear=0
shrinkage=0.05


Tree=66
num_leaves=31
num_cat=0
split_feature=18 22 0 14 1 28 19 0 22 26 27 2 27 0 2 1 27 0 24 4 23 6 24 0 0 22 24 11 24 24
split_gain=5.41658 9.44225 3.43483 4.77402 3.80483 4.49299 4.68234 3.48243 4.46769 2.86695 2.90658 2.6724 2.62344 3.51448 3.02741 2.60361 2.58 2.74344 4.46676 6.61314 5.7351 4.59312 2.82619 2.52532 2.49625 2.48462 2.45756 2.44883 2.3859 2.3957
threshold=2.1274987103886649 2.5000000000000004 4.7512206636374144 2.623059045705324 113.00000000000001 8.5000000000000018 57.682278571424497 5.5073124013830048 8.5000000000000018 1.0000000180025095e-35 29.500000000000004 -0.63016557428911468 15.500000000000002 4.898897116514747 -0.019757908319478469 101.00000000000001 24.500000000000004 5.0763865755225819 5.5000000000000009 -0.18285179575064528 2.5000000000000004 0.23306066200506717 13.500000000000002 5.0376407589987657 5.0690024785453636 19.500000000000004 6.5000000000000009 0.061897364682604934 17.500000000000004 6.5000000000000009
decision_type=2 2 2 2 2 2 2 2 2 2 2 2 2 2 2 2 2 2 2 2 2 2 2 2 2 2 2 2 2 2
left_child=1 27 4 7 5 6 11 16 -9 10 -6 -2 -3 14 -14 -16 -4 18 21 -20 24 -18 -19 26 -21 -15 -22 -1 29 -5
right_child=2 12 3 28 9 -7 -8 8 -10 -11 -12 -13 13 25 15 -17 17 22 19 20 23 -23 -24 -25 -26 -27 -28 -29 -30 -31
leaf_value=0.0037501858318030436 -0.0048655834879876942 0.00059943484917902683 -0.00019031786379725227 0.002950757349619118 -0.00068025817300968816 0.003432940767641399 0.0049695803503600096 -0.00062267468295286107 0.001808903360662752 -0.029654630877249417 -0.0080002984977732543 -0.0010595098509077871 0.0010872457177248818 0.0031743914445762898 -0.061730403231204815 -0.0060116440913937407 0.0040518265953094924 0.0021015907715557429 0.0017356453976687114 -0.043204975371184465 0.012493717958979153 0.00072633950815974551 0.0063572075831069318 0.0076797400687520587 0.0067849647612730534 0.004823513748645477 -0.030061100509851647 0.0022074288605957769 0.0036605131872343359 -0.00060109843821762419
leaf_weight=1067 407 37142 93097 4152 46775 3990 241 8236 21601 2298 4169 951 2493 1298 61 456 888 1581 4249 700 114 1552 2030 270 69 2010 694 2251 10416 8078
leaf_count=1067 407 37142 93097 4152 46775 3990 241 8236 21601 2298 4169 951 2493 1298 61 456 888 1581 4249 700 114 1552 2030 270 69 2010 694 2251 10416 8078
internal_value=0.000235289 0.000723203 0.000129896 0.000251511 -0.000196155 0.00104491 -0.0011945 0.00013888 0.000615679 -0.000326434 -0.000248508 -0.00233432 0.000526921 0.00146882 0.000232558 -0.00324952 3.70567e-06 0.000689059 0.000200328 -0.000523294 -0.00302112 0.0020082 0.00184436 -0.000667904 -0.0063199 0.00259371 -0.00206683 0.00329415 0.000923342 0.000449714
internal_weight=263336 46778 216558 157727 58831 5589 1599 135081 29837 53242 50944 1358 43460 6318 3010 517 105244 12147 8536 6096 1847 2440 3611 1078 769 3308 808 3318 22646 12230
internal_count=263336 46778 216558 157727 58831 5589 1599 135081 29837 53242 50944 1358 43460 6318 3010 517 105244 12147 8536 6096 1847 2440 3611 1078 769 3308 808 3318 22646 12230
is_linear=0
shrinkage=0.05


Tree=67
num_leaves=31
num_cat=0
split_feature=0 14 0 4 22 18 18 22 26 24 23 3 0 4 27 18 22 24 0 23 29 1 29 24 24 27 18 23 24 24
split_gain=6.55256 5.40968 5.39281 4.3097 3.50422 3.06086 3.04996 6.60349 3.01665 2.62211 2.55786 4.33229 5.91591 3.38378 3.78411 3.39146 3.20278 2.79489 2.73185 2.62645 3.63934 2.96838 3.41955 2.54319 2.52369 2.49403 2.41144 2.40063 2.29042 5.12988
threshold=4.7720400331370492 2.623059045705324 5.6367995858928763 -0.050854599000037394 24.500000000000004 15.371277410323176 1.6749658239256511 1.5000000000000002 1.0000000180025095e-35 11.500000000000002 1.5000000000000002 0.25465810915636761 5.5594021876627302 0.057042794452091976 19.500000000000004 9.3195215921371357 7.5000000000000009 24.500000000000004 5.0376407589987657 1.0000000180025095e-35 0.12843151119100638 125.00000000000001 0.43297772120913963 23.500000000000004 6.5000000000000009 15.500000000000002 8.875161798013778 5.5000000000000009 6.5000000000000009 10.500000000000002
decision_type=2 2 2 2 2 2 2 2 2 2 2 2 2 2 2 2 2 2 2 2 2 2 2 2 2 2 2 2 2 2
left_child=3 2 6 8 26 25 7 -2 28 -10 11 12 17 14 -12 -16 -17 23 27 -13 -21 -22 -23 -8 -20 -5 -3 -15 -1 -30
right_child=1 4 -4 5 -6 -7 10 -9 9 -11 13 19 -14 18 15 16 -18 -19 24 20 21 22 -24 -25 -26 -27 -28 -29 29 -31
leaf_value=0.0011021504249264483 0.0033230672832180678 0.0031979010065728329 0.0029098527965585562 0.004226052086486503 0.0009467224352438183 0.0036414044468242334 0.0001656705907678985 0.0011334896708243016 -0.053060421719837381 -0.023690660863287381 -0.00035748918621150466 -0.0004109806738561436 0.0032896164099551445 -0.021903182836861504 0.0030412995639396258 -0.017624501554688855 0.0037221321638094005 -0.0017974149753823396 -0.00022872908022120899 -0.00043826288390248286 -0.0064431103133537398 -0.0030379773268606417 -0.00018500729406312297 0.0052803842887631097 0.0013640715433026786 -0.0012357810664281224 0.0041400185635623232 0.012788264418389282 -0.016734563450852846 -0.00060376878750165652
leaf_weight=10460 785 5427 6139 966 6442 2566 20655 22568 147 2749 45095 5130 1903 764 4232 1307 6469 6533 8419 2139 449 1541 1092 1027 36333 1774 10571 192 6226 43930
leaf_count=10460 785 5427 6139 966 6442 2566 20655 22568 147 2749 45095 5130 1903 764 4232 1307 6469 6533 8419 2139 449 1541 1092 1027 36333 1774 10571 192 6226 43930
internal_value=0.000249214 0.000397107 0.000302248 -0.000170304 0.00112745 0.00119864 0.00024863 0.000778487 -0.000284671 -0.00186119 0.00016227 -0.000174455 0.000128827 0.000294813 3.81766e-05 0.000826949 0.000207047 -5.31632e-05 0.000615428 -0.0010569 -0.00184639 -0.00294614 -0.00230536 0.000219998 0.000671925 3.64964e-05 0.00152394 -0.00202929 -0.000209351 -0.000349709
internal_weight=264030 195212 172772 68818 22440 5306 166633 23353 63512 2896 143280 40469 30118 102811 57103 12008 7776 28215 45708 10351 5221 3082 2633 21682 44752 2740 15998 956 60616 50156
internal_count=264030 195212 172772 68818 22440 5306 166633 23353 63512 2896 143280 40469 30118 102811 57103 12008 7776 28215 45708 10351 5221 3082 2633 21682 44752 2740 15998 956 60616 50156
is_linear=0
shrinkage=0.05


Tree=68
num_leaves=31
num_cat=0
split_feature=0 0 2 22 29 4 19 4 12 1 27 28 7 21 26 27 19 20 22 21 7 0 29 29 1 29 12 22 12 16
split_gain=6.61796 4.50841 4.67693 4.76964 2.51331 3.71225 2.49732 7.1129 5.52796 3.6417 5.13767 2.84703 2.63281 2.50905 2.43737 3.44194 2.43282 2.35271 2.28946 2.23806 2.17522 2.14591 2.11827 1.9917 2.5727 2.56256 1.97041 1.9371 2.62922 2.61073
threshold=4.7985492905656644 5.6367995858928763 -0.83255819764883865 23.500000000000004 0.54280278330869824 0.028810395017592312 59.187244281006727 -0.15954060733698083 0.26258678285149284 257.00000000000006 27.500000000000004 5.5000000000000009 0.80391203818278956 40.500000000000007 1.0000000180025095e-35 32.500000000000007 22.949364118069074 0.020434079988732284 20.500000000000004 32.500000000000007 0.58633328013215891 4.6046610299420534 5.8911258848236683 -1.0072396594512696 289.00000000000006 -1.2877420863276781 0.17822859839754898 18.500000000000004 0.04795556242346783 1.0417595106420128
decision_type=2 2 2 2 2 2 2 2 2 2 2 2 2 2 2 2 2 2 2 2 2 2 2 2 2 2 2 2 2 2
left_child=6 2 3 16 -3 -6 9 8 20 27 11 -11 19 23 22 17 18 26 -2 -10 -8 -14 -4 25 -25 -12 -16 -1 -29 -30
right_child=1 4 14 -5 5 -7 7 -9 12 10 13 -13 21 -15 15 -17 -18 -19 -20 -21 -22 -23 -24 24 -26 -27 -28 28 29 -31
leaf_value=0.00045106511872867192 0.0047498138621072895 0.003029822251366796 0.00062881201020066049 -0.0011866134286133191 -0.062742180761570523 0.003270902685749877 -0.036987961419064401 0.0055139574660134135 -0.025937332348379957 0.0029424043745383565 -0.059853803061793664 0.002334229436527102 -0.024396938034008175 0.0047000501813648952 -0.0003818426152178726 0.0081568296258037274 0.0039663434820797127 -0.00088638437477385219 -0.0083980564484935384 0.0070432699652392648 -0.024668984452919523 0.0069376164793235762 -0.027081557780677126 -0.0032563317349768232 -0.0087484804742809889 0.003611020137038551 -0.016257144381712479 -0.0050576236526956447 0.0013209250573928584 -0.0025846547780052531
leaf_weight=20703 1762 5938 151220 5148 106 168 1422 1072 4166 537 247 4072 2209 141 277 265 8639 12848 252 1740 11975 14007 774 368 162 122 355 2819 3938 6296
leaf_count=20703 1762 5938 151220 5148 106 168 1422 1072 4166 537 247 4072 2209 141 277 265 8639 12848 252 1740 11975 14007 774 368 162 122 355 2819 3938 6296
internal_value=0.000241822 0.000401168 0.000355844 0.00117777 0.00172569 -0.0029562 -0.00015185 -0.000449291 -0.000570399 0.00012435 0.00129935 0.00201562 -8.49833e-05 -0.001875 0.000277484 -0.000360131 0.00178166 -0.000471068 0.00334657 -0.000988825 -0.00137195 0.000244203 0.000335145 -0.00284761 -0.00481132 -2.71003e-05 -0.00344937 -7.22834e-05 -0.000549299 -0.000176861
internal_weight=263748 187752 181540 15801 6212 274 75996 36591 35519 39405 5649 4609 22122 1040 165739 13745 10653 13480 2014 5906 13397 16216 151994 899 530 369 632 33756 13053 10234
internal_count=263748 187752 181540 15801 6212 274 75996 36591 35519 39405 5649 4609 22122 1040 165739 13745 10653 13480 2014 5906 13397 16216 151994 899 530 369 632 33756 13053 10234
is_linear=0
shrinkage=0.05


Tree=69
num_leaves=31
num_cat=0
split_feature=4 24 24 7 18 21 24 16 24 6 21 24 1 3 9 4 24 29 18 19 1 23 13 29 13 6 3 24 16 18
split_gain=3.44739 3.90611 7.06814 3.2682 3.18988 3.16579 3.13585 4.3113 3.13933 4.03949 3.10763 4.18428 3.46423 2.77593 2.9966 2.63933 5.12373 3.55544 3.06661 3.1657 2.93387 2.63749 2.63455 2.62339 2.57957 2.53637 3.1666 2.57439 2.49602 2.44141
threshold=-0.91706966442293736 6.5000000000000009 11.500000000000002 0.77565501858382757 27.617168420589575 33.500000000000007 9.5000000000000018 0.60590125375101178 24.500000000000004 0.28906233286774546 32.500000000000007 2.5000000000000004 121.00000000000001 -0.69829582612706542 0.74278328224799639 -0.14911712937886271 7.5000000000000009 -0.45759740947364863 8.6764120889635752 23.763239852563007 245.00000000000003 4.5000000000000009 0.22723151578076803 -0.25669524252401499 0.17167403648573409 0.7444972898204042 -0.88374509716246219 4.5000000000000009 0.43860731532153063 15.61597331111186
decision_type=2 2 2 2 2 2 2 2 2 2 2 2 2 2 2 2 2 2 2 2 2 2 2 2 2 2 2 2 2 2
left_child=1 4 22 -4 5 -1 10 8 -8 -10 15 23 13 -13 -15 16 18 -18 19 -2 -17 -19 24 -12 -3 26 -20 -28 29 -5
right_child=6 2 3 28 -6 -7 7 -9 9 -11 11 12 -14 14 -16 20 17 21 25 -21 -22 -23 -24 -25 -26 -27 27 -29 -30 -31
leaf_value=0.0027616035973369534 0.0012699491928513794 -0.018443716742428489 -0.011893115293170754 0.0012323113751402824 -0.010932885770226854 -0.001346564302227357 0.00076359330318679231 0.0015962216264094082 0.00080190053414120818 -0.0010366920448561508 -0.0078507532023585191 -0.10535827782395675 -0.0068576453655858462 -0.011043669570487561 -0.026887536226302189 -0.00019523631737183828 0.0041443108532627417 -0.057404589186869907 -0.040084493103980393 0.0039230402099759629 0.0022251800168287131 0.0045103592560229539 -0.013092646061203365 0.0088022047128715822 -0.046108239130519937 0.0052582570107831241 -0.0090062852511005077 0.011023647148398902 0.0015182459225982822 -0.035247987418388353
leaf_weight=5218 1086 2699 10273 2073 4681 1585 52182 62615 10727 15711 888 100 3875 2334 323 34695 985 482 179 971 3447 194 5343 1156 831 1307 1322 894 32504 3013
leaf_count=5218 1086 2699 10273 2073 4681 1585 52182 62615 10727 15711 888 100 3875 2334 323 34695 985 482 179 971 3447 194 5343 1156 831 1307 1322 894 32504 3013
internal_value=0.000226134 -7.98886e-05 -0.000250106 -9.81969e-06 0.000761059 0.0014523 0.000332936 0.00045704 0.000210506 -0.000233376 9.77175e-06 -0.000857538 -0.00146713 -0.00282191 -0.00251411 0.000174926 0.00103774 -0.00140879 0.00174336 0.0032912 7.07881e-06 -0.00420118 -0.00154626 0.00112035 -0.00260623 0.000883306 -8.35073e-05 0.000433213 0.000206172 -0.00082383
internal_weight=263693 68220 56736 47863 11484 6803 195473 141235 78620 26438 54238 8676 6632 2757 2657 45562 7420 1661 5759 2057 38142 676 8873 2044 3530 3702 2395 2216 37590 5086
internal_count=263693 68220 56736 47863 11484 6803 195473 141235 78620 26438 54238 8676 6632 2757 2657 45562 7420 1661 5759 2057 38142 676 8873 2044 3530 3702 2395 2216 37590 5086
is_linear=0
shrinkage=0.05


Tree=70
num_leaves=31
num_cat=0
split_feature=0 14 0 8 0 3 1 0 24 3 29 23 29 23 3 10 3 1 1 27 24 24 0 19 7 3 24 23 1 9
split_gain=4.3778 6.10974 4.04434 2.94686 3.0927 3.70218 3.41506 3.18766 4.38601 3.25596 4.54597 3.12802 2.99862 2.97502 4.33648 3.25288 4.79614 3.73258 2.84246 5.02166 3.63451 6.74254 5.0101 3.30839 3.12843 3.10998 2.99901 2.94504 3.19233 2.71364
threshold=4.7985492905656644 3.0046151432422592 5.6367995858928763 0.79853966986945102 4.9244151253434794 -0.091866103051726045 277.00000000000006 5.3011333813679853 30.500000000000004 0.092002096578333067 -0.059558314686299144 2.5000000000000004 0.24469882651462146 1.0000000180025095e-35 0.25465810915636761 0.15000000000000002 0.080830346064351091 237.00000000000003 113.00000000000001 18.500000000000004 6.5000000000000009 22.500000000000004 4.4674786937065862 29.050191801619054 0.28835795862960489 -0.31948948602153587 2.5000000000000004 1.0000000180025095e-35 245.00000000000003 0.39495006567344954
decision_type=2 2 2 2 2 2 2 2 2 2 2 2 2 2 2 2 2 2 2 2 2 2 2 2 2 2 2 2 2 2
left_child=18 2 3 4 6 -6 -2 29 11 10 -10 13 -12 14 -9 -15 17 -17 19 -1 -20 22 -22 26 -24 -26 -21 28 -23 -7
right_child=1 -3 -4 -5 5 7 -8 8 9 -11 12 -13 -14 15 -16 16 -18 -19 20 23 21 27 24 -25 25 -27 -28 -29 -30 -31
leaf_value=0.0042268483961824628 -0.0034348095882185425 0.0035766011641778146 0.0025899159283402991 -0.00094032415423939391 0.0030831782278083553 -0.0031062397739105071 0.0031123730522275286 0.0039308671738609094 0.0061711116428708936 -0.0016817508019377357 -0.1103631575443 0.0018765613256376422 -0.017091147862883297 0.00055721667843446716 0.00032036173462267629 -0.010853129450417649 -0.00080878391491221553 -0.053155235974845595 0.0013670118797062935 0.0027476200718657435 0.0055739960626740338 0.0014670148502996395 -0.051021375275056416 0.00097635522546140176 -0.016591663106992973 0.0032499616174670545 -0.0045243860646094324 9.6770817992130096e-05 0.006610560677090347 7.4762262450793913e-05
leaf_weight=3117 16923 14808 6188 12880 25224 800 323 1730 57 1056 59 23593 61 7789 4185 498 3474 114 11637 172 1775 2204 204 1715 29808 678 1062 22813 988 67953
leaf_count=3117 16923 14808 6188 12880 25224 800 323 1730 57 1056 59 23593 61 7789 4185 498 3474 114 11637 172 1775 2204 204 1715 29808 678 1062 22813 988 67953
internal_value=0.000214409 0.000344139 0.00026066 0.000214073 0.000274898 0.000354557 -0.000356025 0.000230675 0.000570443 -0.00236821 -0.00864407 0.000658 -0.0141667 0.000157392 0.00107354 -0.000298947 -0.00144151 -0.00552288 -0.000105287 0.00093307 -0.00019513 -0.000355738 -0.000836285 -0.000545948 -0.000985663 -0.000944368 -0.00252026 0.000244184 0.00166667 2.00719e-05
internal_weight=263888 187715 172907 166719 153839 136593 17246 111369 42616 1233 177 41383 120 17790 5915 11875 4086 612 76173 6066 70107 58470 32465 2949 30690 30486 1234 26005 3192 68753
internal_count=263888 187715 172907 166719 153839 136593 17246 111369 42616 1233 177 41383 120 17790 5915 11875 4086 612 76173 6066 70107 58470 32465 2949 30690 30486 1234 26005 3192 68753
is_linear=0
shrinkage=0.05


Tree=71
num_leaves=31
num_cat=0
split_feature=26 18 27 0 2 13 13 5 23 23 6 1 3 23 2 17 4 8 29 8 27 16 23 17 23 4 1 8 2 13
split_gain=4.36864 4.13219 3.51335 2.62495 2.32378 2.3117 2.26811 2.31013 2.2535 10.0602 6.98568 11.7999 5.19253 3.37704 4.71299 5.9814 6.53676 3.94975 3.32535 4.01464 3.70818 3.09528 2.69149 2.68087 4.11938 5.83654 5.1993 3.19418 3.22414 2.96708
threshold=1.0000000180025095e-35 29.083260393587619 32.500000000000007 5.5888183557842188 -2.2061208945628308 0.085209767978872822 0.85984188221753721 4.1755266833202755 2.5000000000000004 1.5000000000000002 0.36104879606109291 245.00000000000003 0.23186112550867749 5.5000000000000009 0.28694789977656471 4.5000000000000009 0.073064926371091785 0.49802294356678473 -0.14093016171411588 0.68676387745735368 1.5000000000000002 0.73686560571414794 4.5000000000000009 4.5000000000000009 3.5000000000000004 0.031471677640922117 209.00000000000003 0.35855557371351371 0.11235548765409907 0.16835478749891125
decision_type=2 2 2 2 2 2 2 2 2 2 2 2 2 2 2 2 2 2 2 2 2 2 2 2 2 2 2 2 2 2
left_child=1 3 -2 4 -1 -6 -7 -8 9 12 -11 18 -5 22 15 16 17 -15 -12 20 -20 -14 23 -10 -25 26 27 -26 29 -29
right_child=2 -3 -4 8 5 6 7 -9 13 10 11 -13 21 14 -16 -17 -18 -19 19 -21 -22 -23 -24 24 25 -27 -28 28 -30 -31
leaf_value=0.00498024084020692 -0.0020484897783001606 -0.0040553064267575519 0.0077903450497847533 0.0031671805654126372 0.0014961867200924042 0.00018380087020252952 0.0013809747839961693 -0.013086898812677383 0.0040410146749476497 0.0010426439297107346 0.0036564595775338861 -0.07059907075081033 0.00082407952780779174 -0.018759162109858216 0.0043245425465161134 0.0031386291899792741 0.0015131700510138248 -0.065682099508941105 -0.031654258520047107 0.0042260765092142077 -0.063429850311208666 -0.003300129891799486 0.0040534079922017298 0.0029396730946030063 0.0030835503673849536 0.0012109187677257958 0.0022965365446594261 -0.060914677556002161 -0.034081023364552425 -0.081542694826308715
leaf_weight=3329 19172 32140 425 2858 39166 122262 30636 734 2249 1045 295 98 1132 195 659 874 289 199 615 157 59 410 2276 1196 55 898 122 115 58 77
leaf_count=3329 19172 32140 425 2858 39166 122262 30636 734 2249 1045 295 98 1132 195 659 874 289 199 615 157 59 410 2276 1196 55 898 122 115 58 77
internal_value=0.000221763 0.000279404 -0.000496505 0.000359477 0.00030934 0.000286725 0.000199307 0.000578578 0.000976712 0.000275903 -0.00242838 -0.00499183 0.00167045 0.00148132 -0.000221119 -0.00172126 -0.00522694 -0.00941624 -0.00354352 -0.00516245 -0.00683976 -0.000667964 0.00201675 0.00134172 0.000222134 -0.00169811 -0.00651054 -0.01 -0.0124 -0.0155208
internal_weight=263795 244198 19597 212058 196127 192798 153632 31370 15931 6669 2269 1224 4400 9262 2216 1557 683 394 1126 831 674 1542 7046 4770 2521 1325 427 305 250 192
internal_count=263795 244198 19597 212058 196127 192798 153632 31370 15931 6669 2269 1224 4400 9262 2216 1557 683 394 1126 831 674 1542 7046 4770 2521 1325 427 305 250 192
is_linear=0
shrinkage=0.05


Tree=72
num_leaves=31
num_cat=0
split_feature=0 2 22 24 4 18 0 4 9 22 29 9 24 6 4 24 9 21 23 5 24 0 24 23 7 14 17 22 24 9
split_gain=4.31717 5.18899 3.93771 3.49325 4.80703 3.3944 3.65724 4.7467 3.16331 2.97291 2.81455 5.10608 3.93972 3.51549 3.50409 4.55652 5.21036 2.83843 2.60763 3.22642 2.60589 4.31973 3.17154 3.12308 3.46457 3.13995 3.06333 2.74503 2.66358 2.74799
threshold=4.7985492905656644 -0.79264372268452676 23.500000000000004 2.5000000000000004 -0.22334711915096472 0.9153330097459661 4.9244151253434794 -0.10987916363683438 0.42607370293052055 5.5000000000000009 -0.022870959790247915 0.81221373138511199 19.500000000000004 0.8684673181088719 -0.050854599000037394 5.5000000000000009 0.52639154282036393 27.500000000000004 2.5000000000000004 1.7707645836738664 8.5000000000000018 5.0690024785453636 24.500000000000004 1.5000000000000002 0.4169140721928481 0.96982378087972942 4.5000000000000009 5.5000000000000009 13.500000000000002 0.50863773244047705
decision_type=2 2 2 2 2 2 2 2 2 2 2 2 2 2 2 2 2 2 2 2 2 2 2 2 2 2 2 2 2 2
left_child=3 2 -2 4 -1 9 7 -7 -8 -3 14 12 13 -12 17 16 -16 18 19 -5 -10 28 -23 -24 -25 26 -26 -28 29 -22
right_child=1 5 -4 10 -6 6 8 -9 20 -11 11 -13 -14 -15 15 -17 -18 -19 -20 -21 21 22 23 24 25 -27 27 -29 -30 -31
leaf_value=0.00080719527178647595 0.0038181801691912066 0.0024063784980228858 0.000740149348226934 -0.039738154335774128 0.0038054856033567404 -0.0014668060653813021 0.0027356527878011436 -0.021729058262285536 -0.00030759519154389638 0.0024847230286520025 -0.027268470790747141 -0.078769143561266963 0.0038033962554691243 -0.00038502907936055009 -0.028577983990485608 0.0021623003803130209 0.0010456966486953507 -0.00051434954535645985 -0.0026728364612358261 -0.067247477386089702 -0.043696006438906143 0.00094359620496688211 -0.0011415655384631137 0.0014636658853263498 -0.00060469691253589163 0.00094919172616985705 -0.030054060477287137 -0.0041831578344905616 -0.00772856303164224 -0.012328896547910917
leaf_weight=4822 11436 1051 5465 810 856 12747 22536 1549 31252 5960 2324 97 865 1687 93 4210 130 58355 1367 242 141 61895 8527 10692 4900 4607 266 1143 2802 674
leaf_count=4822 11436 1051 5465 810 856 12747 22536 1549 31252 5960 2324 97 865 1687 93 4210 130 58355 1367 242 141 61895 8527 10692 4900 4607 266 1143 2802 674
internal_value=0.000240265 0.000368945 0.00120466 -7.80406e-05 0.00111483 0.000286221 0.000240089 -0.000523923 0.00031318 0.00136357 -0.000174551 -0.00132113 -0.00109516 -0.00175517 -8.71072e-05 0.00127002 -0.00569507 -0.000186099 -0.00186441 -0.00373574 0.000216235 0.000345751 0.000412366 -8.296e-06 0.000311459 -0.000315134 -0.00103978 -0.00309439 -0.00134918 -0.00386503
internal_weight=263501 187643 16901 75858 5678 170742 163731 14296 149435 7011 70180 4973 4876 4011 65207 4433 223 60774 2419 1052 126899 95647 92030 30135 21608 10916 6309 1409 3617 815
internal_count=263501 187643 16901 75858 5678 170742 163731 14296 149435 7011 70180 4973 4876 4011 65207 4433 223 60774 2419 1052 126899 95647 92030 30135 21608 10916 6309 1409 3617 815
is_linear=0
shrinkage=0.05


Tree=73
num_leaves=31
num_cat=0
split_feature=24 16 26 28 22 18 17 20 29 20 28 6 24 22 21 29 18 23 4 29 29 6 21 29 21 18 24 17 6 6
split_gain=3.09689 4.53627 3.97359 3.85186 3.21859 4.52098 3.1634 2.99063 2.9855 2.86753 2.80755 2.66382 6.4985 3.85447 2.52352 2.49546 2.49411 2.19687 3.66091 2.15712 2.61817 2.49438 3.43384 2.08466 2.76406 2.556 2.59733 2.10874 2.2714 2.39283
threshold=11.500000000000002 0.54110554908786268 1.0000000180025095e-35 18.500000000000004 17.500000000000004 2.4744594193185523 8.5000000000000018 0.70764853747545586 -0.60559424458584032 0.0076001376790149179 1.0000000180025095e-35 0.04061927638801887 7.5000000000000009 13.500000000000002 34.500000000000007 -1.0791108000276988 44.858287520818259 2.5000000000000004 -0.17182479100248296 -0.67210302198578964 6.8981135525598924 1.5006347455982996 28.500000000000004 0.54280278330869824 34.500000000000007 37.582006658413199 6.5000000000000009 7.5000000000000009 0.2809993958336206 0.31269949890101273
decision_type=2 2 2 2 2 2 2 2 2 2 2 2 2 2 2 2 2 2 2 2 2 2 2 2 2 2 2 2 2 2
left_child=2 4 8 -4 5 6 -2 -5 10 19 -1 12 13 -10 15 -11 -7 18 -14 -3 21 -21 -23 24 27 -25 -27 -13 -29 -30
right_child=1 9 3 7 -6 16 -8 -9 11 14 -12 23 17 -15 -16 -17 -18 -19 -20 20 -22 22 -24 25 -26 26 -28 28 29 -31
leaf_value=-0.023665474819911967 0.00082237945835596867 0.002967542056481455 -0.0023979718679973672 -0.042072254810944745 0.00074225774985407084 -0.00097821285166551112 0.015627433735147328 -0.016022586833100413 0.0037339025148561155 0.0096392463822685525 -0.0027469498906297898 0.00047491263798323793 -0.027127708861193874 0.0026974043585972522 0.0038197330244430054 0.00099178511853727724 -0.05286961218363654 -0.0092344397256962467 -0.091567364104149701 -0.0029378822879997752 0.009466539267789717 -0.037685957202782019 0.004277303629501677 -0.00081730613979270374 -0.012381763065115847 -0.037890713266375713 -0.06296594315910907 0.0070237013361355814 -0.024155216600547563 0.0031856653516829968
leaf_weight=948 10376 18676 896 209 33972 30025 187 279 560 1503 20586 45368 52 641 8678 52510 1223 123 51 14815 446 594 4002 10734 3396 798 401 413 81 1311
leaf_count=948 10376 18676 896 209 33972 30025 187 279 560 1503 20586 45368 52 641 8678 52510 1223 123 51 14815 446 594 4002 10734 3396 798 401 413 81 1311
internal_value=0.000185481 0.000305468 -5.90694e-05 -0.00271676 1.29317e-05 -0.000280787 0.000613462 -0.00629098 -1.60303e-05 0.00052448 -0.000525216 0.000155485 0.00229152 0.0037552 0.00073312 0.000605965 -0.000583077 -0.00548673 -0.0108738 0.000185036 -0.000177771 -0.000264798 0.000752829 0.000106717 0.000246989 -0.000487723 -0.00267723 0.000346173 0.00202216 0.00105603
internal_weight=263854 177007 86847 1384 75783 41811 10563 488 85463 101224 21534 63929 1427 1201 62691 54013 31248 226 103 38533 19857 19411 4596 62502 50569 11933 1199 47173 1805 1392
internal_count=263854 177007 86847 1384 75783 41811 10563 488 85463 101224 21534 63929 1427 1201 62691 54013 31248 226 103 38533 19857 19411 4596 62502 50569 11933 1199 47173 1805 1392
is_linear=0
shrinkage=0.05


Tree=74
num_leaves=31
num_cat=0
split_feature=26 24 24 24 27 21 6 5 5 29 29 0 0 4 21 7 16 23 9 21 24 0 27 0 0 29 24 21 0 1
split_gain=2.99596 3.14749 3.10531 2.91321 9.7079 6.45312 5.41172 4.07621 3.15173 3.68217 3.04728 3.4444 4.53741 3.44361 3.19293 3.46114 3.01828 2.68291 2.66336 3.27036 4.71576 2.62139 2.61911 5.47971 3.7762 3.70617 4.35024 3.11896 4.14558 2.95794
threshold=1.0000000180025095e-35 11.500000000000002 10.500000000000002 7.5000000000000009 16.500000000000004 34.500000000000007 0.053754574504335205 1.2080310487157713 1.8955486089219573 5.2412648361803713 -0.67210302198578964 4.7482908581751948 4.6819840796372594 -0.21650765130726377 30.500000000000004 0.46065474692103298 0.18373167371377461 4.5000000000000009 0.56173206700676059 34.500000000000007 2.5000000000000004 5.0195808124667609 16.500000000000004 4.9193525064942056 5.2681306423380407 -0.17608147380662598 27.500000000000004 32.500000000000007 4.4439066730957402 233.00000000000003
decision_type=2 2 2 2 2 2 2 2 2 2 2 2 2 2 2 2 2 2 2 2 2 2 2 2 2 2 2 2 2 2
left_child=2 -2 3 6 7 10 -1 -5 9 -9 -6 12 -12 16 15 -15 -13 21 -8 -20 -21 -16 24 -24 27 -26 -27 28 -4 -25
right_child=1 -3 22 4 5 -7 18 8 -10 -11 11 13 -14 14 17 -17 -18 -19 19 20 -22 -23 23 29 25 26 -28 -29 -30 -31
leaf_value=0.0033773739640847993 -0.0078473408498409818 -0.00084220869205544604 0.0094670150880441784 0.00086713445502336988 -0.021951339164025471 8.9555754433361329e-05 0.00070712747653311743 -0.017496022999170066 0.0016230547611894089 -0.21636407161581156 -0.05090614969593793 -0.062034899137571944 -0.37470523475745204 -0.0066362838581982891 -0.23189125344277361 -0.065319319639499732 -0.0024494883222191204 0.0043227870317905153 -0.00034054256390403224 0.0058620572014008157 -0.025847697706519249 -0.015230470004616449 0.00076101837694946797 0.0035107807115435418 0.0026666336666629434 0.0012400676703452421 -0.00086467213119789102 0.0059187985650817985 -0.00031491517146973146 -0.028192190218093018
leaf_weight=1697 1386 18057 689 13136 1872 1797 38647 2383 1894 113 173 65 150 51 131 77 510 149 14007 503 1131 164 32162 11071 5209 29110 7460 13976 65174 440
leaf_count=1697 1386 18057 689 13136 1872 1797 38647 2383 1894 113 173 65 150 51 131 77 510 149 14007 503 1131 164 32162 11071 5209 29110 7460 13976 65174 440
internal_value=0.000195114 -0.000402201 0.000242723 -1.58932e-05 -0.000494154 -0.00240514 0.000177726 6.61874e-05 -0.00125285 -0.00241987 -0.00370437 -0.00540816 -0.00996904 -0.0041238 -0.00687063 -0.0138281 -0.0013913 -0.00486486 9.0812e-05 -0.000459689 -0.0025765 -0.00762712 0.000365779 0.000697914 0.00024651 0.000631657 0.000453924 4.49655e-05 -9.89934e-05 0.00163409
internal_weight=263384 19443 243941 78650 22665 5139 55985 17526 4390 2496 3342 1470 323 1147 572 128 575 444 54288 15641 1634 295 165291 43673 121618 41779 36570 79839 65863 11511
internal_count=263384 19443 243941 78650 22665 5139 55985 17526 4390 2496 3342 1470 323 1147 572 128 575 444 54288 15641 1634 295 165291 43673 121618 41779 36570 79839 65863 11511
is_linear=0
shrinkage=0.05


Tree=75
num_leaves=31
num_cat=0
split_feature=0 0 14 4 19 24 19 24 24 1 18 1 5 21 5 0 5 24 1 3 0 28 27 29 24 29 29 5 18 27
split_gain=3.2693 2.3443 4.62211 3.84058 3.83275 3.39914 3.37299 3.37259 4.38533 4.79387 3.18521 3.05817 3.09915 3.80123 3.8896 2.84516 2.70831 3.81905 2.82897 3.39231 2.52717 2.48198 2.61514 3.40354 2.43714 2.41609 5.61256 3.86405 3.24071 2.40547
threshold=5.6367995858928763 4.7985492905656644 2.1081324569318554 -0.063891469937511811 50.812282665323643 13.500000000000002 3.0888116236248222 6.5000000000000009 11.500000000000002 125.00000000000001 25.932938302285212 241.00000000000003 1.3863692971547981 27.500000000000004 2.9804490709113423 4.4674786937065862 0.88821823950593071 1.5000000000000002 285.00000000000006 -1.0558356489080232 4.7170695814152301 9.5000000000000018 35.500000000000007 -0.67210302198578964 26.500000000000004 -0.42083534739551903 0.57969437983252536 1.0231256925298176 42.406654588276702 25.500000000000004
decision_type=2 2 2 2 2 2 2 2 2 2 2 2 2 2 2 2 2 2 2 2 2 2 2 2 2 2 2 2 2 2
left_child=1 3 6 7 10 -4 -3 16 9 -9 -5 -10 21 -14 -15 -11 17 -1 -18 -20 -19 22 23 -13 -24 -17 27 -27 -29 -25
right_child=-2 2 5 4 -6 -7 -8 8 11 15 -12 12 13 14 -16 25 18 20 19 -21 -22 -23 24 29 -26 26 -28 28 -30 -31
leaf_value=0.0030951289597056851 0.0021502262331793702 0.0021321413084635604 0.0005445011982579325 0.00098719419675986084 0.0055647674473652316 0.0030682870854697262 0.00017379191756631952 0.011401176056236041 -0.0017249184401398939 0.014479991591722098 -0.02848770307976466 0.006329768092692617 -0.069585731029862291 0.0037181597345230261 -0.066039327739129169 -0.014088766951630466 0.0026740142358647264 -0.016688992058614578 -0.092627871055895469 0.00037140718754048361 0.0033801618654451708 -0.021153622047825352 -0.0047638780424053258 0.0028593718699946374 -0.16195758294555851 0.0085770765616030968 -0.027282035098577906 -0.10319643146398512 -0.13895763624731602 -0.064487221206213627
leaf_weight=542 6174 6975 11730 4327 1254 16551 146420 528 34949 294 94 730 272 7746 207 6205 9656 765 160 360 264 4819 108 573 50 97 1511 252 64 290
leaf_count=542 6174 6975 11730 4327 1254 16551 146420 528 34949 294 94 730 272 7746 207 6205 9656 765 160 360 264 4819 108 573 50 97 1511 252 64 290
internal_value=0.000189493 0.000162262 0.000259858 -7.06807e-05 0.00118062 0.000847212 0.000151569 -0.000171489 -0.000326263 -0.0013451 0.000488577 -0.000142932 0.000459615 0.00110638 0.00130517 -0.00163481 0.000601856 -0.00133036 0.000900157 -0.00269231 -0.00311953 -0.000350076 0.00126214 0.00187068 -0.00487342 -0.00180957 -0.00335759 -0.008523 -0.0112025 -0.000254925
internal_weight=263967 257793 181676 76117 5675 28281 153395 70442 58695 8951 4421 49744 14795 8225 7953 8423 11747 1571 10176 520 1029 6570 1751 1593 158 8129 1924 413 316 863
internal_count=263967 257793 181676 76117 5675 28281 153395 70442 58695 8951 4421 49744 14795 8225 7953 8423 11747 1571 10176 520 1029 6570 1751 1593 158 8129 1924 413 316 863
is_linear=0
shrinkage=0.05


Tree=76
num_leaves=31
num_cat=0
split_feature=0 29 27 17 0 20 28 8 0 24 24 17 24 21 24 29 27 22 13 0 16 24 4 23 0 27 4 23 29 0
split_gain=3.81223 2.67413 2.40252 5.02084 5.1762 5.81426 3.97885 3.97666 3.72943 4.59095 8.26662 4.90265 3.76522 3.36246 3.83363 4.21846 3.31201 3.17647 3.17619 3.0583 3.05673 3.21366 3.0176 4.01343 3.72759 2.98517 2.89212 3.39906 3.5285 3.54018
threshold=5.6367995858928763 0.6935744829748387 22.500000000000004 8.5000000000000018 4.7041876600984978 0.030106700139120073 9.5000000000000018 0.81914687741393477 5.0146537794266903 6.5000000000000009 10.500000000000002 5.5000000000000009 12.500000000000002 34.500000000000007 8.5000000000000018 -0.16176097343974291 38.500000000000007 1.5000000000000002 0.11084762384796588 4.4439066730957402 3.2732179436284303 23.500000000000004 0.057042794452091976 1.5000000000000002 4.9798296441859744 24.500000000000004 0.17254456956901179 1.0000000180025095e-35 0.11033084955213045 5.54593981920228
decision_type=2 2 2 2 2 2 2 2 2 2 2 2 2 2 2 2 2 2 2 2 2 2 2 2 2 2 2 2 2 2
left_child=2 -2 3 4 5 -1 -7 20 9 17 13 16 -10 14 25 -16 -12 18 -4 -19 22 -22 -6 26 -25 -11 -24 -28 -29 -30
right_child=1 -3 8 -5 7 6 -8 -9 12 10 11 -13 -14 -15 15 -17 -18 19 -20 -21 21 -23 23 24 -26 -27 27 28 29 -31
leaf_value=-0.020672447623150392 0.0023469722497372423 -0.019630122321374857 0.001156145950401489 0.002721383379277235 -8.6715377792419946e-05 -0.004480600008918245 0.0063322047962877138 -0.0012553686483122179 0.0013498993848669869 -0.04719770929696767 0.0021971455178545871 -0.00073750647409619706 0.0035830089319617933 0.0039911541817863562 -0.027028440621993347 -0.1236216074894133 -0.05821294545039353 -0.0087367994512778813 -0.011188933624233502 0.0018498394283019857 0.0051281346840244789 0.0061885114159142196 0.00070920248339780652 -0.045905911434465235 0.0010675274544193194 -0.010944434507469306 0.00017815830679355333 9.2431402728156836e-05 -0.0013372970142520812 -0.0031789474062386457
leaf_weight=21870 6123 64 173 10766 97863 104 1213 10773 3805 172 8618 10747 4844 1064 1081 338 193 356 270 11359 5693 2074 7930 66 44755 1898 4773 1673 1824 1240
leaf_count=21870 6123 64 173 10766 97863 104 1213 10773 3805 172 8618 10747 4844 1064 1081 338 193 356 270 11359 5693 2074 7930 66 44755 1898 4773 1673 1824 1240
internal_value=0.000190997 0.00141749 0.000161531 9.13379e-05 3.5224e-05 -0.000667615 0.00255885 0.000126438 0.000493789 0.000271306 -0.000128157 0.00031854 0.00142675 -0.002047 -0.00279736 -0.00479915 0.00119283 0.0010635 -0.00309255 0.00122066 0.000186192 0.00115489 0.000139205 0.000411333 0.000661743 -0.00142512 -0.000232225 -0.000820189 -0.00176905 -0.00277742
internal_weight=263722 6187 257535 212617 201851 23187 1317 178664 44918 36269 24111 19558 8649 4553 3489 1419 8811 12158 443 11715 167891 7767 160124 62261 44821 2070 17440 9510 4737 3064
internal_count=263722 6187 257535 212617 201851 23187 1317 178664 44918 36269 24111 19558 8649 4553 3489 1419 8811 12158 443 11715 167891 7767 160124 62261 44821 2070 17440 9510 4737 3064
is_linear=0
shrinkage=0.05


Tree=77
num_leaves=31
num_cat=0
split_feature=18 22 16 22 0 24 27 18 0 8 2 6 14 27 20 12 5 18 5 18 6 18 28 28 5 9 18 1 3 27
split_gain=2.74749 6.65728 2.71774 4.3369 4.07434 3.48992 3.7664 3.48577 5.74173 4.03046 4.0992 3.76659 3.57519 3.51535 5.7213 3.63169 2.89749 3.35626 3.34375 2.86527 2.52469 2.4242 2.40084 3.21839 2.06598 2.00523 2.00373 2.80949 3.83264 3.19244
threshold=1.2544728625078301 3.5000000000000004 0.62694215128490582 18.500000000000004 4.707024031575016 10.500000000000002 16.500000000000004 14.651114474945253 4.5989605807911609 0.76844772505053216 0.045986122874501843 0.2809993958336206 1.0412111710742684 15.500000000000002 0.032750867917190625 0.26258678285149284 0.48239521640710381 9.508212964000732 0.4233285612767706 5.6117468613232733 0.063193627739669814 0.054903876563013647 11.500000000000002 1.0000000180025095e-35 1.9709976097904913 0.69197437969154951 11.664501020531697 149.00000000000003 -0.73194956828770064 16.500000000000004
decision_type=2 2 2 2 2 2 2 2 2 2 2 2 2 2 2 2 2 2 2 2 2 2 2 2 2 2 2 2 2 2
left_child=1 21 3 7 26 24 -7 9 -9 11 -11 13 16 -2 15 -15 17 25 -19 -8 -16 -1 23 -23 -6 -13 -4 -28 29 -29
right_child=2 -3 4 -5 5 6 19 8 -10 10 -12 12 -14 14 20 -17 -18 18 -20 -21 -22 22 -24 -25 -26 -27 27 28 -30 -31
leaf_value=0.0029876614584370591 0.0004644859522237444 0.00094572291558618095 -0.0015599004256928737 0.00067691012768153502 0.00054470545907062346 0.0011848888545732783 0.0030330865687064517 0.001926079063891274 -0.017511429531780552 -0.014753798779375835 -0.0018774767116952547 0.00057972685670546874 0.0011071039738513595 0.0041711631140377839 0.004698309049052312 -0.0042278906429386474 -0.0016105528774093135 -0.03916809976144045 0.0012741169796417747 0.0026525388631324399 -0.00091777120509802196 0.0068474738535465934 0.0077942189573881803 2.055592323125105e-05 -0.0066893112559181624 -0.013029985644265175 0.0016076307693030413 -0.014651097544694611 -0.021052219474635741 0.0034497253769719682
leaf_weight=438 14768 15787 4637 50021 24519 48259 2090 3623 9545 103 4551 7104 7878 1057 362 93 16387 50 51 16620 1472 284 245 859 4846 69 4801 9501 3365 10347
leaf_count=438 14768 15787 4637 50021 24519 48259 2090 3623 9545 103 4551 7104 7878 1057 362 93 16387 50 51 16620 1472 284 245 859 4846 69 4801 9501 3365 10347
internal_value=0.000213171 0.000816442 0.000169999 -4.35399e-06 0.000328333 0.000491934 0.000691215 -0.000267012 -0.000996355 -8.89795e-05 -0.00149549 4.38214e-05 -0.000284093 0.000626408 0.00219169 0.00495652 -0.000591268 0.000239208 -0.00881188 0.00129343 0.000458015 0.0036747 0.0026513 0.00168854 3.74596e-05 0.000366653 -0.00015436 4.9975e-06 -0.00022272 4.18178e-05
internal_weight=263732 17613 246119 117134 128985 96334 66969 67113 13168 53945 4654 49291 31539 17752 2984 1150 23661 7274 101 18710 1834 1826 1388 1143 29365 7173 32651 28014 23213 19848
internal_count=263732 17613 246119 117134 128985 96334 66969 67113 13168 53945 4654 49291 31539 17752 2984 1150 23661 7274 101 18710 1834 1826 1388 1143 29365 7173 32651 28014 23213 19848
is_linear=0
shrinkage=0.05


Tree=78
num_leaves=31
num_cat=0
split_feature=18 28 5 3 16 24 26 7 27 5 14 16 13 1 27 27 28 17 0 2 8 18 23 27 5 24 21 13 14 2
split_gain=2.77316 3.52224 3.33066 2.75828 1.93704 2.85837 2.94749 4.87999 2.84574 2.13538 2.8141 2.10946 2.0052 2.50646 4.49603 1.95139 1.90074 1.88308 1.80926 1.70243 2.76771 1.64568 1.91114 2.83778 2.28557 2.12111 1.97833 1.58625 1.55346 1.53897
threshold=1.6749658239256511 1.0000000180025095e-35 1.920339662692834 -0.49090066997545873 0.37836458842669812 11.500000000000002 1.0000000180025095e-35 1.1072875806867697 31.500000000000004 1.3030995328642754 2.8527647231789657 4.9866279302169172 0.20379411891707008 261.00000000000006 21.500000000000004 8.5000000000000018 38.500000000000007 6.5000000000000009 5.0690024785453636 0.31227319437685591 0.80775069741327343 66.380264837857311 3.5000000000000004 17.500000000000004 1.3975692289366604 27.500000000000004 31.500000000000004 0.20554591782397869 13.651224984796185 -2.2061208945628308
decision_type=2 2 2 2 2 2 2 2 2 2 2 2 2 2 2 2 2 2 2 2 2 2 2 2 2 2 2 2 2 2
left_child=1 3 16 -1 12 6 9 15 21 -6 -11 29 13 -2 -15 17 -3 -8 -10 20 -14 -7 23 24 26 -26 -23 -21 -13 -12
right_child=4 2 -4 -5 5 8 7 -9 18 10 11 28 19 14 -16 -17 -18 -19 -20 27 -22 22 -24 -25 25 -27 -28 -29 -30 -31
leaf_value=-0.00018812858098350441 0.00012315866299139448 0.00062291110715495578 0.0035526926859713436 0.0053173332422305 0.00045467012859085987 0.00090794968767822634 -0.0054138768454156843 -0.093029519092181628 0.0018816250249983704 -0.005992081371405395 0.0076934068124563278 -0.0073759230966978688 -0.00075506872121678585 0.0014437750079826857 0.0038343616829703449 0.020925975809932631 -0.042807971908537905 -0.052039628695950912 0.0046656094787314991 -0.012463325757919315 -0.0093748083449182503 -0.09988563556779978 0.0095567229007911137 0.0054555318831077566 0.027297403060465741 -0.11303989336701709 -0.028161033960828693 0.00076761445270958825 -0.088627317314656603 0.0012824504467765616
leaf_weight=274 35271 26766 3039 745 31540 100199 461 57 2945 10465 715 1575 31465 2739 460 227 96 53 959 94 169 331 836 383 237 117 97 5274 152 5432
leaf_count=274 35271 26766 3039 745 31540 100199 461 57 2945 10465 715 1575 31465 2739 460 227 96 53 959 94 169 331 836 383 237 117 97 5274 152 5432
internal_value=0.000187443 0.000632277 0.000533761 0.00352306 0.000128222 0.000228408 -8.05099e-05 -0.00309524 0.000375952 -3.22781e-05 -0.000461312 0.000252731 -7.98972e-05 0.000172862 0.00151297 -0.0020108 0.000356265 -0.00371595 0.00170082 -0.000342684 -0.000482392 0.000325342 -0.00109445 -0.00240343 -0.00413043 -0.00115819 -0.00658879 0.000480626 -0.00129126 0.000686514
internal_weight=263173 30920 29901 1019 232253 156781 50677 798 106104 49879 18339 7874 75472 38470 3199 741 26862 514 3904 37002 31634 102200 2001 1165 782 354 428 5368 1727 6147
internal_count=263173 30920 29901 1019 232253 156781 50677 798 106104 49879 18339 7874 75472 38470 3199 741 26862 514 3904 37002 31634 102200 2001 1165 782 354 428 5368 1727 6147
is_linear=0
shrinkage=0.05


Tree=79
num_leaves=31
num_cat=0
split_feature=18 20 28 21 16 24 5 29 29 24 21 21 4 5 24 1 13 18 18 7 7 21 18 26 9 29 29 14 21 21
split_gain=2.87432 2.82712 2.70602 3.67635 2.1988 2.54755 2.81004 3.41829 5.56807 4.07072 2.81306 2.41227 2.29067 2.17032 2.14558 2.55086 2.10306 2.08351 2.0319 1.9967 1.97122 1.93761 1.92827 1.85894 2.25835 2.45362 1.80503 1.79356 1.99955 1.79263
threshold=1.6749658239256511 0.25894401578423953 1.0000000180025095e-35 32.500000000000007 0.3169438906124164 10.500000000000002 1.2182538079649634 -0.18677238458279286 -0.21643759867087295 5.5000000000000009 30.500000000000004 36.500000000000007 -0.20486876506717916 2.2697029209294435 27.500000000000004 221.00000000000003 0.10151514400863491 30.205303573953547 13.217980032204883 0.61964099872828093 0.48062161047914059 58.500000000000007 4.6257551090680806 1.0000000180025095e-35 0.46625435713854485 -0.8261228501704635 3.7506147206528282 4.0220505084470437 32.500000000000007 39.500000000000007
decision_type=2 2 2 2 2 2 2 2 2 2 2 2 2 2 2 2 2 2 2 2 2 2 2 2 2 2 2 2 2 2
left_child=2 21 3 -1 -3 6 16 8 10 -9 22 14 18 -4 17 -16 -6 -7 -11 -10 29 23 -8 -2 27 -26 -20 -25 -29 -12
right_child=1 4 13 -5 5 11 7 9 19 12 20 -13 -14 -15 15 -17 -18 -19 26 -21 -22 -23 -24 24 25 -27 -28 28 -30 -31
leaf_value=0.0050103649699323556 0.00020572341487416136 -0.0005922553173952033 0.00072626541293705556 -0.0014713819999766058 0.005092645570146285 0.0027777322320871592 0.0057774762347612011 0.0034316867000273423 -0.034956515399292634 0.011339640813708061 0.015365049082603735 0.0038134180939389858 -0.018862103434078268 0.0032262839816479395 0.00010029019193882306 -0.034734949900264607 0.00071708702138700766 0.0076444712186285041 0.016560431129946342 -0.066574372637388815 -0.022640001964413042 -0.02241623644072396 0.00039864598524843968 -0.013687230731420336 -0.012642107730124533 6.3750227931779087e-05 -0.070457638749973572 -0.016391767038420775 0.013682935775081763 -0.014104337219204469
leaf_weight=797 162019 13065 27560 225 1821 18494 89 1581 58 261 270 5863 575 2504 4180 379 5892 2474 145 76 2125 68 1174 3065 53 7481 118 789 285 148
leaf_count=797 162019 13065 27560 225 1821 18494 89 1581 58 261 270 5863 575 2504 4180 379 5892 2474 145 76 2125 68 1174 3065 53 7481 118 789 285 148
internal_value=0.000217878 0.000157516 0.000669433 0.00319961 0.000457236 0.000620694 6.83737e-05 -0.000687311 -0.00162437 0.000690299 -0.00127168 0.000872889 -0.00164695 0.000583422 0.000662828 -0.000320246 0.000716971 0.000876574 0.000744275 -0.0116418 -0.00222965 5.61119e-05 0.000657165 5.94155e-05 -0.000549987 -3.45102e-05 -0.00235741 -0.00148828 0.000270019 0.000909091
internal_weight=263634 232548 31086 1022 58788 45723 14333 6620 3940 2680 3806 31390 1099 30064 25527 4559 7713 20968 524 134 2543 173760 1263 173692 11673 7534 263 4139 1074 418
internal_count=263634 232548 31086 1022 58788 45723 14333 6620 3940 2680 3806 31390 1099 30064 25527 4559 7713 20968 524 134 2543 173760 1263 173692 11673 7534 263 4139 1074 418
is_linear=0
shrinkage=0.05


Tree=80
num_leaves=31
num_cat=0
split_feature=26 1 18 22 27 29 29 0 29 19 22 4 29 15 19 0 23 23 2 17 4 8 29 7 7 2 0 27 22 22
split_gain=2.88316 2.41383 2.2798 4.9512 3.1189 3.89257 2.94763 2.62621 2.43341 2.19329 3.21848 2.38061 2.76458 2.0312 2.75762 2.019 2.55047 3.56648 3.51595 3.89426 8.62634 3.52824 2.99222 2.33855 2.29761 2.03613 2.94006 2.43467 2.54736 2.36467
threshold=1.0000000180025095e-35 153.00000000000003 1.2544728625078301 3.5000000000000004 29.500000000000004 0.006879990237007339 -1.6214020128300053 5.0848964481369547 -1.3663842572693345 3.2988712152591364 6.5000000000000009 0.025351293128581632 -0.10693060515370321 12.500000000000002 39.285608497592428 5.5851811870328882 5.5000000000000009 4.5000000000000009 0.26411033353649244 4.5000000000000009 0.055454571609730628 0.48426622192682972 0.21194771214161187 0.51588352427560458 0.25270673430335894 -0.78075126073626044 4.6717755082532104 35.500000000000007 23.500000000000004 2.5000000000000004
decision_type=2 2 2 2 2 2 2 2 2 2 2 2 2 2 2 2 2 2 2 2 2 2 2 2 2 2 2 2 2 2
left_child=2 -2 3 -1 5 6 -5 8 -6 10 -8 12 -12 -3 -15 25 17 -17 19 20 21 -18 -19 -23 -21 26 27 -4 -29 -28
right_child=1 13 15 4 7 -7 9 -9 -10 -11 11 -13 -14 14 -16 16 18 22 -20 24 -22 23 -24 -25 -26 -27 29 28 -30 -31
leaf_value=0.002124050641362236 0.00039445608912019392 -0.0025126545161896761 -0.00036386603023301619 -0.015830601781994965 0.0056937315404170475 -0.00090103106258860091 0.0025848346167943329 0.0019191162841645554 -0.0054708977710408307 0.0042597687327530567 0.00067872643098141402 -0.0067431482115489745 0.0040659590008343578 -0.0019508185298557281 -0.044823313839028878 0.00096111853713497025 -0.018364962573711324 0.0041664280834188055 0.0028730380135112686 -0.0051578980404085222 0.0020466321668393571 -0.069959107340095403 0.00044184553440621341 -0.045050937178341084 0.001881079621568844 9.9475808164095763e-05 -0.0094903051047080522 -0.08549749736105032 0.0061202682232597717 0.0026397512551184408
leaf_weight=1721 9519 8958 14512 754 208 4032 606 141 771 1968 4492 181 1254 513 495 10560 114 1407 726 55 271 98 729 58 703 165115 2429 209 100 30975
leaf_count=1721 9519 8958 14512 754 208 4032 606 141 771 1968 4492 181 1254 513 495 10560 114 1407 726 55 271 98 729 58 703 165115 2429 209 100 30975
internal_value=0.000161904 -0.000423403 0.000208609 0.00078311 0.000480322 0.000693911 0.00125878 -0.00205357 -0.00297242 0.00152453 0.00108373 0.000728868 0.000906718 -0.000967289 -0.00309524 0.000167981 0.000734325 0.000997164 -0.00091358 -0.00247113 -0.00571165 -0.012037 0.00286049 -0.0169231 -0.000158311 0.000128902 0.000414723 -0.000171378 -0.00456311 0.000674769
internal_weight=263674 19485 244189 16128 14407 13287 9255 1120 979 8501 6533 5927 5746 9966 1008 228061 14721 12696 2025 1299 541 270 2136 156 758 213340 48225 14821 309 33404
internal_count=263674 19485 244189 16128 14407 13287 9255 1120 979 8501 6533 5927 5746 9966 1008 228061 14721 12696 2025 1299 541 270 2136 156 758 213340 48225 14821 309 33404
is_linear=0
shrinkage=0.05


Tree=81
num_leaves=31
num_cat=0
split_feature=18 24 0 0 27 6 0 17 0 4 0 14 23 4 6 3 0 24 24 24 24 13 6 21 24 13 19 21 5 29
split_gain=2.98055 2.43187 3.27713 2.21161 2.63169 4.45811 4.18748 3.20999 3.30263 7.45801 3.74538 3.59556 3.73192 4.99909 4.13316 3.26071 3.01107 3.51823 2.98332 2.93076 8.62396 4.0042 3.88172 3.77779 2.91006 2.79933 2.90349 2.67558 3.01769 2.55686
threshold=0.9153330097459661 16.500000000000004 5.0258752632043366 5.5851811870328882 21.500000000000004 0.11191186438626136 5.0517303177099064 9.5000000000000018 4.6819840796372594 -0.4786115313729003 4.3895594239587075 2.623059045705324 1.5000000000000002 0.20050477490729349 0.89093428026623356 0.26198890829139976 4.6046610299420534 24.500000000000004 12.500000000000002 6.5000000000000009 10.500000000000002 0.22723151578076803 1.1732338933300264 34.500000000000007 17.500000000000004 0.13988505962384279 37.371400064480738 28.500000000000004 0.73033347616674782 -0.81085743534099719
decision_type=2 2 2 2 2 2 2 2 2 2 2 2 2 2 2 2 2 2 2 2 2 2 2 2 2 2 2 2 2 2
left_child=1 2 -1 4 7 -6 19 8 9 10 -2 12 15 -14 29 -10 17 -12 -8 22 21 -21 25 -23 -13 -7 27 -27 -29 -15
right_child=3 -3 -4 -5 5 6 18 -9 11 -11 16 24 13 14 -16 -17 -18 -19 -20 20 -22 23 -24 -25 -26 26 -28 28 -30 -31
leaf_value=-0.0016312850856534387 0.018618005438886989 0.0021641503715463732 0.0034689814588806916 0.0010659459623986612 0.0033420787501398405 0.0018846952070846986 0.0011597253152023383 0.0020596680536368252 -0.00040128970303204012 0.0048621094329231902 -0.053465915383334429 0.00019353922688644426 -0.00023103971099151254 0.012230999867655253 -0.044450427432667167 -0.0016409596324905588 -0.016111132288073787 0.0010096094991996873 0.0040911997802630957 -0.036894438111304752 0.00041131305619476565 -0.023515037097692829 0.0037422442950638861 0.020894577304740404 0.0041844709512576248 -0.044827878839781475 0.00082017211125437039 -0.017139983932802024 -0.00073836715846490241 0.0013990824394681544
leaf_weight=3801 94 5605 2016 18268 3213 2917 2448 8210 29243 1379 2961 11505 74263 104 90 9782 11396 1233 3425 1829 21262 1778 2828 682 12521 87 4184 244 1352 25252
leaf_count=3801 94 5605 2016 18268 3213 2917 2448 8210 29243 1379 2961 11505 74263 104 90 9782 11396 1233 3425 1829 21262 1778 2828 682 12521 87 4184 244 1352 25252
internal_value=0.000161646 0.000951672 0.000235517 0.000125916 8.45989e-05 0.000422496 0.000288363 1.4891e-06 -4.26531e-05 -0.000704448 -0.00101441 2.67265e-05 -7.10713e-05 9.11653e-05 0.000695984 -0.000485586 -0.00107441 -0.00221984 0.00152903 9.22961e-05 -0.000207037 -0.00225227 0.000750947 -0.000934959 0.000591443 0.00023224 -0.000397137 -0.00215092 -0.00168546 0.000733949
internal_weight=263972 11422 5817 252550 234282 46249 43036 188033 179823 17063 15684 162760 138734 99709 25446 39025 15590 4194 5873 37163 25551 4289 11612 2460 24026 8784 5867 1683 1596 25356
internal_count=263972 11422 5817 252550 234282 46249 43036 188033 179823 17063 15684 162760 138734 99709 25446 39025 15590 4194 5873 37163 25551 4289 11612 2460 24026 8784 5867 1683 1596 25356
is_linear=0
shrinkage=0.05


Tree=82
num_leaves=31
num_cat=0
split_feature=0 26 24 3 21 20 7 7 18 5 3 20 11 4 24 23 17 24 11 1 21 1 4 20 6 8 17 0 18 24
split_gain=2.79838 2.52409 2.65908 2.98535 2.63727 2.29463 2.61879 2.39493 2.33733 2.15427 2.12729 2.08674 2.02818 1.95981 1.91738 2.74192 5.8785 4.08303 1.90174 2.52111 2.14057 2.01314 2.17515 3.35108 3.01113 2.05658 1.85716 2.57284 3.28172 3.5201
threshold=5.6367995858928763 1.0000000180025095e-35 11.500000000000002 -0.1653558744503085 28.500000000000004 0.25894401578423953 1.3012081511078215 0.22725211428327399 8.5080550058377042 3.5459849956140679 -1.1361709548301651 0.18096405476056862 2.2089910962941972 -0.41183370103793077 20.500000000000004 5.5000000000000009 4.5000000000000009 24.500000000000004 0.03502285097609234 293.00000000000006 34.500000000000007 113.00000000000001 0.18217412118880802 0.044476717793778327 0.40789952309655675 0.45119242234437668 7.5000000000000009 4.6638718775261703 29.679186642393145 23.500000000000004
decision_type=2 2 2 2 2 2 2 2 2 2 2 2 2 2 2 2 2 2 2 2 2 2 2 2 2 2 2 2 2 2
left_child=1 5 3 4 -3 9 7 -7 12 18 -6 -5 -9 -12 -2 -16 17 -17 19 -1 -21 22 -20 24 -24 -25 27 28 29 -23
right_child=14 2 -4 11 10 6 -8 8 -10 -11 13 -13 -14 -15 15 16 -18 -19 21 20 -22 26 23 25 -26 -27 -28 -29 -30 -31
leaf_value=0.00090999906552938095 0.0026220697133120048 -0.040351535259497889 -0.00073392291398211029 -0.0032339369508219648 -0.057046981010605027 -0.012079092456314137 -0.053985883949330828 0.0016570467651571285 0.001215988825817042 0.0062314818923238594 0.0078627294022657508 0.018415054580705015 0.0054944708617257251 -0.023165266482072497 0.0012922753715376106 -0.042318159467608522 0.0055945172772599088 -0.029410111636706062 -0.00037441624495941156 0.0031446419516989719 -0.0079571387322574221 -0.003378181799941106 -0.0035789645427315672 -0.0036430840806169398 -0.023504948202707689 -0.00038804796801633645 0.0026655735771159545 0.0002761783780300797 -0.036854184521874243 0.0038026322880348323
leaf_weight=21486 4018 89 17686 640 54 696 67 18246 40064 584 230 98 743 251 1810 56 162 93 13572 610 102 4665 355 270 95 1581 3549 121467 8057 2377
leaf_count=21486 4018 89 17686 640 54 696 67 18246 40064 584 230 98 743 251 1810 56 162 93 13572 610 102 4665 355 270 95 1581 3549 121467 8057 2377
internal_value=0.000189481 0.000164342 -0.000389542 -0.00251836 -0.0050641 0.000208562 0.000476628 0.000487707 0.000522073 0.000118868 -0.00373832 -0.000365854 0.000978988 -0.00268191 0.0012445 2.82885e-05 -0.00430868 -0.0114765 0.000108931 0.000541941 0.0034691 4.73113e-05 -0.00048636 -0.00190787 -0.00577778 -0.000967045 0.000107769 7.84236e-05 -0.000537122 0.000251349
internal_weight=263773 257634 19048 1362 624 238586 59816 59749 59053 178770 535 738 18989 481 6139 2121 311 149 178186 22198 712 155988 15873 2301 450 1851 140115 136566 15099 7042
internal_count=263773 257634 19048 1362 624 238586 59816 59749 59053 178770 535 738 18989 481 6139 2121 311 149 178186 22198 712 155988 15873 2301 450 1851 140115 136566 15099 7042
is_linear=0
shrinkage=0.05


Tree=83
num_leaves=31
num_cat=0
split_feature=0 26 27 27 11 16 18 1 0 18 6 24 24 5 0 6 27 24 1 0 19 23 9 5 18 2 24 7 17 18
split_gain=2.73184 2.61122 3.28445 2.53457 2.52631 2.10083 2.42895 2.46887 4.27072 3.47203 2.29341 2.45451 3.31351 2.38638 2.2701 2.86117 2.52107 4.01762 2.74106 4.36193 1.99756 1.96046 2.50538 2.41027 1.85796 1.85262 1.80151 2.74846 1.79662 2.146
threshold=5.6367995858928763 1.0000000180025095e-35 24.500000000000004 59.500000000000007 1.8847246003512172 0.64183719578707488 44.858287520818259 289.00000000000006 5.2143931956182241 29.679186642393145 0.32289314030302702 24.500000000000004 8.5000000000000018 0.38833895030583537 4.8935427106932758 0.77820522768792799 14.500000000000002 12.500000000000002 125.00000000000001 5.0690024785453636 10.273425107225476 1.5000000000000002 0.54350928595928016 0.73534297043717756 19.214014412006815 -1.9450584503085147 11.500000000000002 1.0406405680224995 7.5000000000000009 1.8506764607621853
decision_type=2 2 2 2 2 2 2 2 2 2 2 2 2 2 2 2 2 2 2 2 2 2 2 2 2 2 2 2 2 2
left_child=1 3 26 5 24 6 7 10 9 -9 28 12 13 -12 15 -7 18 -18 19 25 -10 22 -20 -24 -4 -16 27 -3 -1 -30
right_child=-2 2 4 -5 -6 14 -8 8 20 -11 11 -13 -14 -15 16 -17 17 -19 21 -21 -22 -23 23 -25 -26 -27 -28 -29 29 -31
leaf_value=0.00038839338530181037 0.0017930054838844166 -0.004965160265120676 0.0077991520241544729 -0.052390303681532538 -0.037198427571941327 -0.00089789154849583886 -0.036622577815411506 0.0037749952714681506 0.0030070878704466465 -0.041447031482380402 0.0025949558580739482 -0.0011356174388427965 0.00049449903330086263 -0.0013091315084686893 0.019867783797667172 0.0015384465722549886 0.00079517296839698654 0.002884985573644732 0.0019588405119384772 0.0003961370329245849 -0.001773367242740612 0.0017396297243683859 -0.0012715142556589645 0.0022319614894687266 -0.00036037661437184353 -0.014683193792186683 -0.0017224543637470492 -0.060684571646695086 0.0075091274263491999 0.0016798812277940768
leaf_weight=50259 6153 1115 1057 63 138 25945 2943 932 568 69 750 13159 28596 13938 65 38592 6895 8470 3427 8472 998 24137 4462 975 557 2399 15970 76 492 2233
leaf_count=50259 6153 1115 1057 63 138 25945 2943 932 568 69 750 13159 28596 13938 65 38592 6895 8470 3427 8472 998 24137 4462 975 557 2399 15970 76 492 2233
internal_value=0.000166348 0.000141493 -0.000424047 0.000186276 0.00163813 0.000188922 3.49757e-05 7.2236e-05 0.00160499 0.00415584 3.62799e-05 -0.000185497 -3.69652e-06 -0.000614107 0.000331802 0.000126594 0.000555125 0.00110641 0.000362337 -0.000323702 -2.55428e-05 0.000589679 -4.62545e-05 -0.000713629 0.00219331 -0.00217532 -0.000634578 -0.0025105 0.000272535 0.00152294
internal_weight=263905 257752 18913 238839 1752 238776 114937 111994 2567 1001 109427 56443 43284 14688 123839 64537 59302 15365 43937 10936 1566 33001 8864 5437 1614 2464 17161 1191 52984 2725
internal_count=263905 257752 18913 238839 1752 238776 114937 111994 2567 1001 109427 56443 43284 14688 123839 64537 59302 15365 43937 10936 1566 33001 8864 5437 1614 2464 17161 1191 52984 2725
is_linear=0
shrinkage=0.05


Tree=84
num_leaves=31
num_cat=0
split_feature=0 23 23 29 17 4 6 4 1 27 0 21 6 22 22 17 0 5 29 0 19 27 20 0 20 28 3 17 1 3
split_gain=2.38081 2.77425 4.88351 3.83159 3.46581 8.41794 3.35195 2.62909 2.25923 2.21226 4.23126 3.51549 4.37997 5.75145 3.64005 3.42075 5.22406 3.10135 2.97886 2.74434 3.01361 2.72369 3.68825 2.68837 2.50786 2.47956 2.46595 2.46523 3.95396 2.56203
threshold=5.5851811870328882 5.5000000000000009 4.5000000000000009 0.21194771214161187 4.5000000000000009 0.077507495594663675 0.2863704218638809 0.038866071239654527 137.00000000000003 22.500000000000004 5.0690024785453636 31.500000000000004 0.063193627739669814 3.5000000000000004 12.500000000000002 6.5000000000000009 4.6046610299420534 0.66249135497708289 -1.9534123769382994 4.8812865822448641 7.8226880836937971 17.500000000000004 0.12333200249171901 4.7292907654218128 0.014656284466307621 4.5000000000000009 -1.1483047881398265 4.5000000000000009 233.00000000000003 -0.93523374843892826
decision_type=2 2 2 2 2 2 2 2 2 2 2 2 2 2 2 2 2 2 2 2 2 2 2 2 2 2 2 2 2 2
left_child=9 2 -2 -4 5 6 -3 8 -6 15 11 12 14 19 -11 16 21 -15 -19 -14 -21 22 -1 -16 26 27 -17 28 -13 -30
right_child=1 4 3 -5 7 -7 -8 -9 -10 10 -12 25 13 17 23 24 -18 18 -20 20 -22 -23 -24 -25 -26 -27 -28 -29 29 -31
leaf_value=-0.051617569306083501 0.00090232937445229545 0.002227643440734887 0.0043601387734797919 0.00022100347777599314 -0.0036860282620757509 0.0016966407112282951 -0.04794311736000835 -0.00085552027736305084 0.012533146000000812 0.0026925352049358255 0.0031708352877978991 -0.020113045643184207 -0.0016745013106928023 -0.001906953324736449 -0.062426042430842967 0.007281393023808186 6.3319228547882708e-05 -0.020002596004042524 0.0018920138689343903 -0.0025112899836109304 -0.021917882533542665 0.0018627782594092584 0.0073488190464439055 0.0025239005105060267 0.002402960028954204 0.00038455770683785864 -0.0087298317876459731 -0.0011157565583462101 -0.12983162259630182 -0.020979775160263892
leaf_weight=2951 13395 100 1751 864 180 659 403 962 265 608 5910 1199 1879 1661 112 889 171095 686 13535 51 235 1210 180 512 19069 12746 4904 5411 130 98
leaf_count=2951 13395 100 1751 864 180 659 403 962 265 608 5910 1199 1879 1661 112 889 171095 686 13535 51 235 1210 180 512 19069 12746 4904 5411 130 98
internal_value=0.000177698 0.000723397 0.000968145 0.00294455 -0.000801868 -0.00282272 -0.00769384 0.000867093 0.00404494 0.000136328 0.000454068 0.000264519 0.000743815 0.000546905 0.00362825 6.53027e-05 -1.24832e-05 0.000876464 0.00111525 -0.00187067 -0.00643357 -0.00172541 -0.00250399 0.000945513 0.00061419 -0.000207312 -0.00029691 -0.000975431 -0.00282411 -0.00885965
internal_weight=263650 18579 16010 2615 2569 1162 503 1407 445 245071 44773 38863 19279 18047 1232 200298 175436 15882 14221 2165 286 4341 3131 624 24862 19584 5793 6838 1427 228
internal_count=263650 18579 16010 2615 2569 1162 503 1407 445 245071 44773 38863 19279 18047 1232 200298 175436 15882 14221 2165 286 4341 3131 624 24862 19584 5793 6838 1427 228
is_linear=0
shrinkage=0.05


Tree=85
num_leaves=31
num_cat=0
split_feature=0 1 9 0 28 19 1 28 4 14 19 19 22 6 27 29 29 3 0 0 0 5 3 0 23 29 28 0 15 8
split_gain=2.02444 4.2617 4.00098 3.10524 2.73547 2.45096 2.39937 2.395 2.21193 2.3243 2.19673 2.08905 2.64747 4.05808 2.21532 2.05494 2.64677 3.66499 2.52697 1.9885 1.94464 1.94169 2.59311 3.65348 3.93001 2.55853 2.00733 1.89429 2.59075 2.92979
threshold=4.9244151253434794 269.00000000000006 1.0000000180025095e-35 4.7985492905656644 29.500000000000004 1.050797484154723 109.00000000000001 14.500000000000002 0.15667436118434777 3.0813494252543285 32.950495864843944 1.7848420432873564 8.5000000000000018 0.08327215003663524 26.500000000000004 0.139997436859116 0.16363285606096714 -0.027839787656077655 5.5625834270051753 5.5888183557842188 4.3895594239587075 0.68594293058874634 0.34034077118967859 5.0690024785453636 1.5000000000000002 -0.38423582872657108 16.500000000000004 5.2566513836737103 13.500000000000002 0.45896781427343641
decision_type=2 2 2 2 2 2 2 2 2 2 2 2 2 2 2 2 2 2 2 2 2 2 2 2 2 2 2 2 2 2
left_child=1 4 -2 7 8 -4 15 11 9 -1 -9 -3 13 -13 -15 18 17 -17 21 -19 -6 25 26 24 -24 -7 -23 28 29 -8
right_child=2 3 5 -5 20 6 27 10 -10 -11 -12 12 -14 14 -16 16 -18 19 -20 -21 -22 22 23 -25 -26 -27 -28 -29 -30 -31
leaf_value=-0.0014994137312900218 0.0023632804025479812 0.0037789833258103271 0.0033428435735627631 0.0030112222572056691 -0.0088506203089616098 -0.007010217252592774 0.00096106396189612011 0.0046646238095838597 0.0034213163851199756 0.00070724333330031267 -0.0299640057006073 0.0033624556690999897 0.0057398215764302707 0.00078901150977595295 -0.007825874255930905 -0.018276551387470981 -0.0012188105402031772 -0.0037516987133753379 0.00217982050478078 0.0051250907322362149 0.0046830488036684768 0.0026472751123730299 -0.045552522218481828 -0.0028983325601955831 -0.02239808511432578 -0.0010955478605594322 -0.0044456599702635373 0.00058692499322741357 -0.0043782718406969205 -0.00033624829058418446
leaf_weight=55808 27124 200 882 943 322 609 17399 698 721 28994 3130 128 1847 1657 595 87 6747 191 2361 84 6028 3907 52 356 113 2982 3169 66645 1440 28891
leaf_count=55808 27124 200 882 943 322 609 17399 698 721 28994 3130 128 1847 1657 595 87 6747 191 2361 84 6028 3907 52 356 113 2982 3169 66645 1440 28891
internal_value=0.000174927 -8.90463e-07 0.00028392 0.00102522 -0.000103621 0.00017327 0.00015611 0.000714718 -0.000177964 -0.00020141 -0.000201149 0.00150666 0.0012704 0.000168067 -0.000324156 -0.00033982 -0.00102827 -0.00519337 2.14038e-05 -0.00236364 0.000897638 -0.000292277 0.00016059 -0.00324376 -0.00939394 -0.00125035 0.000411249 0.000245683 5.2378e-06 7.02095e-05
internal_weight=264110 101071 163039 9198 91873 135915 135033 8255 85523 84802 3828 4427 4227 2380 2252 20658 7109 362 13549 275 6350 11188 7597 521 165 3591 7076 114375 47730 46290
internal_count=264110 101071 163039 9198 91873 135915 135033 8255 85523 84802 3828 4427 4227 2380 2252 20658 7109 362 13549 275 6350 11188 7597 521 165 3591 7076 114375 47730 46290
is_linear=0
shrinkage=0.05


Tree=86
num_leaves=31
num_cat=0
split_feature=24 24 0 18 23 16 18 17 0 27 1 24 17 24 29 3 1 9 29 11 22 18 22 1 6 27 21 7 17 28
split_gain=1.79839 2.39477 3.726 2.44788 2.38216 2.31269 3.19957 4.20973 2.55547 4.93568 3.15341 2.56813 2.26313 4.36596 3.98541 2.3367 2.24424 3.44072 2.53092 2.24236 3.77956 2.47621 2.17637 2.69795 2.87367 3.17164 2.15986 2.15016 2.14193 2.07247
threshold=10.500000000000002 1.5000000000000002 4.6046610299420534 28.015168045621891 4.5000000000000009 0.26698967902762821 4.5721495599185102 8.5000000000000018 4.8212977052136194 14.500000000000002 249.00000000000003 14.500000000000002 7.5000000000000009 14.500000000000002 -0.30685480284904904 -1.2746328245152851 157.00000000000003 0.5660363720596121 -0.84205718744538371 0.040202257801196455 8.5000000000000018 15.13058039051147 10.500000000000002 109.00000000000001 0.063193627739669814 9.5000000000000018 32.500000000000007 0.34473784600428253 4.5000000000000009 10.500000000000002
decision_type=2 2 2 2 2 2 2 2 2 2 2 2 2 2 2 2 2 2 2 2 2 2 2 2 2 2 2 2 2 2
left_child=1 2 -1 4 -4 6 7 -2 10 -10 12 -12 -7 -14 15 -15 17 -3 28 -13 21 -21 23 -8 25 -25 29 -17 -18 -5
right_child=5 16 3 26 -6 8 22 -9 9 -11 11 19 13 14 -16 27 18 -19 -20 20 -22 -23 -24 24 -26 -27 -28 -29 -30 -31
leaf_value=0.0044490619440493385 0.00036003937547364912 -0.00033055499659993544 -0.00037913820192513086 -0.028090833219024502 0.001602878863615387 -0.0040714440666389821 0.0025915225099959476 0.011171647485173949 0.00052131574229960455 0.0025201889925548907 -0.023119145384973398 0.0049063658862379816 0.012802818396672515 -0.053077201512242572 -0.0018425492296543504 -0.0066305561233575344 -0.021091679450818936 -0.0027681083793117661 0.00060887327781301436 0.0013255125732855397 0.0058003110024305148 -0.03244072978838624 -0.00053298882232170224 -0.0061561879900986901 -0.0043436990516447713 0.0061981562566837583 0.010134154318935709 0.0015762907000009389 -0.0028658663478238981 -0.08302096000545299
leaf_weight=1209 23795 22691 4648 458 4280 28844 1001 301 70531 17584 1259 1210 1290 61 3066 67 2051 8301 27874 1419 4789 3297 14495 242 6261 149 542 5227 6175 374
leaf_count=1209 23795 22691 4648 458 4280 28844 1001 301 70531 17584 1259 1210 1290 61 3066 67 2051 8301 27874 1419 4789 3297 14495 242 6261 149 542 5227 6175 374
internal_value=0.000125659 -7.46791e-05 0.000591608 0.00028344 0.000585797 0.00021083 -9.53637e-05 0.00030337 0.00031296 0.000475515 2.9488e-05 0.000738266 -0.000190637 0.000469571 5.46253e-05 0.000877684 -0.000188994 -0.000501097 7.89474e-05 0.000989267 0.000731194 -0.000273537 -0.000529167 -0.00121129 -0.00157547 0.00258312 -0.00168122 0.0009898 -0.000691709 -0.00328125
internal_weight=263491 78603 11511 10302 8928 184888 46244 24096 138644 88115 50529 11974 38555 9711 8421 5355 67092 30992 36100 10715 9505 4716 22148 7653 6652 391 1374 5294 8226 832
internal_count=263491 78603 11511 10302 8928 184888 46244 24096 138644 88115 50529 11974 38555 9711 8421 5355 67092 30992 36100 10715 9505 4716 22148 7653 6652 391 1374 5294 8226 832
is_linear=0
shrinkage=0.05


Tree=87
num_leaves=31
num_cat=0
split_feature=2 0 20 0 0 27 19 5 1 1 23 23 23 3 6 1 8 19 6 29 9 16 20 16 20 29 0 14 14 18
split_gain=2.24201 2.32521 2.22583 2.43691 2.42631 5.1062 3.88841 2.34423 2.38558 2.32807 2.15336 3.01831 5.57074 8.68797 7.97427 6.87023 3.02546 3.15774 2.76706 2.66662 2.64545 2.76291 2.64202 2.80405 3.36733 2.43956 2.11953 2.05997 2.03463 1.97736
threshold=-1.5742715205010283 5.5851811870328882 0.25894401578423953 4.9244151253434794 4.735226183131064 14.500000000000002 58.467286815758271 1.2706798281013145 185.00000000000003 269.00000000000006 5.5000000000000009 2.5000000000000004 1.5000000000000002 0.21542235901923742 0.41041286294998397 245.00000000000003 0.61987138681209519 21.835356526909088 0.47114371769677149 -0.51305018789241741 0.48184007407696511 0.10375505042060677 0.072956092293644151 0.84687569614127078 0.061868728978222105 0.019957140152332232 4.757598829281628 9.8703504475701269 0.42631585050074405 15.13058039051147
decision_type=2 2 2 2 2 2 2 2 2 2 2 2 2 2 2 2 2 2 2 2 2 2 2 2 2 2 2 2 2 2
left_child=27 2 -2 4 5 -4 29 8 -5 26 11 12 13 19 -14 16 17 25 -12 -3 -20 -22 23 -15 -25 -16 -6 -1 -24 -7
right_child=1 10 3 7 9 6 -8 -9 -10 -11 18 -13 14 22 15 -17 -18 -19 20 -21 21 -23 28 24 -26 -27 -28 -29 -30 -31
leaf_value=0.0032632343794309483 -4.8537959372850584e-05 -0.0054687338770412468 0.0046180933013586041 0.0032484431431932131 -0.041751515310779877 -0.0019664841554288943 0.0041017724641596578 0.00069855490339935174 -0.0059309572174751444 0.0058640788507031052 0.0012976779195270334 0.0020706272972837586 0.0010930062565408991 -0.0018752735380966866 -0.0026357199419904547 -0.065271913836372236 -2.3267470245658974e-05 -0.056317006880922262 -0.049564137539889079 0.002759337648936966 -0.049509807793095155 -0.0029969695654767673 0.0027295195362974593 -0.0035371155288656756 -0.013239185877526255 -0.047649749193218349 -0.0021135324147517807 -0.0037095374993787395 -0.00091884749008657731 7.9695731183500426e-05
leaf_weight=11904 167565 173 4046 16590 365 2764 1157 14944 1823 341 1663 7931 1448 684 277 101 380 83 121 3059 83 675 369 138 50 338 16341 3632 927 4074
leaf_count=11904 167565 173 4046 16590 365 2764 1157 14944 1823 341 1663 7931 1448 684 277 101 380 83 121 3059 83 675 369 138 50 338 16341 3632 927 4074
internal_value=0.000148497 0.000112068 6.86927e-05 0.000323485 -1.10011e-05 0.000532348 -0.000200125 0.000615163 0.000992777 -0.000394791 0.000651351 0.00086665 0.000183132 0.00110185 -0.00170537 -0.00475827 -0.00358998 -0.00554441 -0.000700236 0.00274443 -0.00296928 -0.00187335 -0.00134686 -0.00347477 -0.00888298 -0.00430894 -0.000478271 0.000731205 8.48765e-05 -0.0006537
internal_weight=264046 248510 230010 62445 29088 12041 7995 33357 18413 17047 18500 15958 8027 5400 2627 1179 1078 698 2542 3232 879 758 2168 872 188 615 16706 15536 1296 6838
internal_count=264046 248510 230010 62445 29088 12041 7995 33357 18413 17047 18500 15958 8027 5400 2627 1179 1078 698 2542 3232 879 758 2168 872 188 615 16706 15536 1296 6838
is_linear=0
shrinkage=0.05


Tree=88
num_leaves=31
num_cat=0
split_feature=17 4 24 24 1 3 28 6 19 1 24 4 23 7 29 16 12 23 7 2 22 11 22 28 12 22 19 16 1 29
split_gain=2.33154 2.70739 2.93316 8.03136 3.32345 2.46401 2.13032 2.04931 2.04233 2.33971 1.97627 2.42306 2.71138 3.15672 2.9307 2.38281 3.08012 1.90015 2.07889 1.8177 4.02909 2.24002 4.48692 3.75801 3.59228 3.35257 4.65974 2.25313 2.5862 2.21451
threshold=6.5000000000000009 -0.4931170701548131 6.5000000000000009 2.5000000000000004 125.00000000000001 -0.59149908510406424 15.500000000000002 0.20635415146073929 51.555051109777715 177.00000000000003 3.5000000000000004 -0.17182479100248296 2.5000000000000004 0.6827052067270315 -0.59509976453478841 1.7953993681539062 0.3838568736484817 4.5000000000000009 0.36255532773163052 -1.5742715205010283 25.500000000000004 0.12289746108861653 2.5000000000000004 22.500000000000004 0.039228897668412289 8.5000000000000018 13.649118268291653 0.40345392302758937 253.00000000000003 0.52481491963791538
decision_type=2 2 2 2 2 2 2 2 2 2 2 2 2 2 2 2 2 2 2 2 2 2 2 2 2 2 2 2 2 2
left_child=19 -2 3 5 10 -3 8 -6 9 -4 15 -12 14 -14 -13 16 -5 18 -7 20 -1 22 24 -24 -21 26 27 28 -23 -29
right_child=1 2 6 4 7 17 -8 -9 -10 -11 11 12 13 -15 -16 -17 -18 -19 -20 21 -22 25 23 -25 -26 -27 -28 29 -30 -31
leaf_value=0.0033817853172482051 -0.00090020022829031198 -0.001489759626070645 -0.00032653647402639506 -0.01597567688440981 0.0068345386676371082 -0.0026180878836366767 0.0047082501383280259 -0.0021073415718584772 0.003961084539349651 0.0028629357531522719 0.0056177842199060593 -0.028586526724098772 -0.011400228449896938 -0.086166421595013989 0.0072711178141044927 0.0020191852493864474 -0.029854682096355636 0.0053470850584508949 0.0037769964532118625 0.0032346678135708063 -0.01463179732230753 -0.0012887866521494923 0.00069119281620865967 -0.0073865492339998118 0.0014585100460652706 0.00016732032492506322 -0.0028643089693689127 0.00055975918330783035 0.001585702580158322 0.0036972799922330383
leaf_weight=10376 9553 529 7892 279 250 199 9823 1070 4192 1417 159 124 717 65 227 75 116 715 720 1055 2986 6273 46693 8413 3478 109139 25432 9382 1568 659
leaf_count=10376 9553 529 7892 279 250 199 9823 1070 4192 1417 159 124 717 65 227 75 116 715 720 1055 2986 6273 46693 8413 3478 109139 25432 9382 1568 659
internal_value=0.000129412 0.000491055 0.000734712 -0.000333651 -0.00197275 0.00200185 0.000974961 -7.57576e-05 0.000567365 0.000154689 -0.00339387 -0.0023839 -0.00319506 -0.00483376 0.00045584 -0.00617021 -0.00772152 0.00296206 0.00145811 6.82623e-05 0.000633887 3.26274e-05 0.000292426 0.00016804 0.00180454 -6.90049e-05 -0.000441197 0.000177273 -0.00045785 0.00067324
internal_weight=263576 38122 28569 5245 3082 2163 23324 1320 13501 9309 1762 1292 1133 782 351 470 395 1634 919 225454 13362 212092 59639 55106 4533 152453 43314 17882 7841 10041
internal_count=263576 38122 28569 5245 3082 2163 23324 1320 13501 9309 1762 1292 1133 782 351 470 395 1634 919 225454 13362 212092 59639 55106 4533 152453 43314 17882 7841 10041
is_linear=0
shrinkage=0.05


Tree=89
num_leaves=31
num_cat=0
split_feature=18 22 7 2 7 28 16 6 16 13 28 6 22 17 20 9 12 7 13 15 5 18 2 2 16 8 22 15 21 22
split_gain=2.06362 4.30967 2.3271 2.08004 1.66551 2.03858 1.96212 1.51628 2.49759 2.25832 2.17848 2.6117 4.97467 2.24594 2.00341 2.10879 2.075 1.96111 2.09572 2.10313 2.05814 1.96159 3.74526 3.98338 1.93729 1.87343 1.79786 4.72069 4.5491 6.74327
threshold=1.0040241493716906 7.5000000000000009 0.7165531954006098 -0.0038155840165167878 0.78940483672180595 36.500000000000007 0.10375505042060677 0.18785075835279405 0.79090886409392647 0.14329938882170642 11.500000000000002 0.063193627739669814 3.5000000000000004 6.5000000000000009 0.13935362285303179 0.58036029094032049 0.19107429257261446 0.3059452373417364 0.11531745297400052 1.0000000180025095e-35 0.42698667930656026 42.406654588276702 -0.22687333080948283 -0.74097464325254292 0.75391690437614878 0.58979270171768561 3.5000000000000004 1.5000000000000002 4.5000000000000009 1.5000000000000002
decision_type=2 2 2 2 2 2 2 2 2 2 2 2 2 2 2 2 2 2 2 2 2 2 2 2 2 2 2 2 2 2
left_child=1 -1 3 -3 6 -6 -4 10 9 17 11 12 -2 14 15 16 -13 18 20 -20 25 -19 23 -23 -18 -9 27 28 -10 -30
right_child=7 2 4 -5 5 -7 -8 8 26 -11 -12 13 -14 -15 -16 -17 24 21 19 -21 -22 22 -24 -25 -26 -27 -28 -29 29 -31
leaf_value=0.0016622966825621732 0.0042298745531458831 0.0027974214081314705 -0.070598945267818444 -0.0012246018670832093 -7.227243901227223e-05 -0.064282988503734567 -0.012539446755656587 -0.00092110385072236879 0.00061956244806197483 -0.00038276550073053611 -0.0015997559501840547 0.0028734482692205944 0.0023851518138954552 0.0034008607224281272 -0.00095012117957321443 0.00020661873877811265 -0.0030803113471279016 0.0011131865556258248 -0.0066903771802832718 0.0024476415698483009 -0.0019386126956227661 -0.061870280487616537 -0.099236991646166617 0.0094683989866042473 0.0054689319237359217 0.0072321151973618455 0.0008229814739563958 0.0019211870461233347 -0.035836060605555491 -0.0069465793149193836
leaf_weight=2959 351 4778 78 1542 2417 73 604 345 2255 82643 10310 3254 1688 1772 4407 6894 750 23245 101 1305 3701 98 93 486 106 241 96414 6748 1347 2571
leaf_count=2959 351 4778 78 1542 2417 73 604 345 2255 82643 10310 3254 1688 1772 4407 6894 750 23245 101 1305 3701 98 93 486 106 241 96414 6748 1347 2571
internal_value=0.000135483 0.000763794 0.000244416 0.000799051 -0.000860656 -0.000261044 -0.00304985 0.000104331 5.94784e-05 -0.000106184 0.000440878 0.000755384 0.00244728 0.000554618 0.000360781 0.000721556 0.001618 0.000268445 -0.000565607 0.00110953 -0.001115 0.000466934 -0.00218612 -0.000702055 -0.00057243 0.00163823 0.00022957 -0.000324278 -0.00132351 -0.00235324
internal_weight=263576 12451 9492 6320 3172 2490 682 251125 221593 112258 29532 19222 2039 17183 15411 11004 4110 29615 5693 1406 4287 23922 677 584 856 586 109335 12921 6173 3918
internal_count=263576 12451 9492 6320 3172 2490 682 251125 221593 112258 29532 19222 2039 17183 15411 11004 4110 29615 5693 1406 4287 23922 677 584 856 586 109335 12921 6173 3918
is_linear=0
shrinkage=0.05


Tree=90
num_leaves=31
num_cat=0
split_feature=26 4 27 14 5 7 24 24 16 0 27 22 0 3 0 29 28 18 27 24 0 0 16 5 18 22 2 0 29 1
split_gain=1.99274 3.18879 3.42045 2.60923 2.40292 2.85319 2.19983 2.18397 2.63303 2.89272 4.18876 2.75098 3.17112 2.60481 2.22322 2.54408 2.23016 2.16745 2.13084 2.04052 6.25818 4.4692 3.97395 2.99874 2.81167 3.25367 2.96462 2.73708 2.69831 3.28101
threshold=1.0000000180025095e-35 -0.46695800314353125 22.500000000000004 4.0220505084470437 1.630474832658535 0.9878496628511747 27.500000000000004 10.500000000000002 0.63463225700256032 4.9244151253434794 1.5000000000000002 25.500000000000004 5.5851811870328882 -0.78844575234385028 4.6344336593550848 -1.1598050193827298 30.500000000000004 44.858287520818259 13.500000000000002 5.5000000000000009 5.1802844912163515 5.2327160709036198 0.013293539034011327 0.73534297043717756 22.615139966694489 3.5000000000000004 -0.053304017702522861 4.3895594239587075 -0.19811758492869305 225.00000000000003
decision_type=2 2 2 2 2 2 2 2 2 2 2 2 2 2 2 2 2 2 2 2 2 2 2 2 2 2 2 2 2 2
left_child=7 2 3 4 -2 -6 -4 19 11 13 -11 17 -13 14 -10 -16 18 -9 -17 20 22 -21 -1 -23 25 26 -24 -27 29 -29
right_child=1 -3 6 -5 5 -7 -8 8 9 10 -12 12 -14 -15 15 16 -18 -19 -20 21 -22 23 24 -25 -26 27 -28 28 -30 -31
leaf_value=0.0047731177643169573 -0.025633527592665756 0.00012089454621959458 0.011522116818248157 -0.0010641956700499723 -0.055989020560603314 -0.031545029398134646 -0.044092835150329857 8.8612109091542708e-07 -0.0015767215254745186 0.00052712182755353045 0.0030731319477631837 0.00080017027591738855 0.0031849434089895484 -0.00072152333356233559 0.0089528158624424033 -0.0067960722004936696 0.0075468070265677411 -0.037699779233153631 0.0015672943292595149 -0.0033799885991421886 -0.00066208557186768578 0.00014003793253245713 -0.0020926961713517767 0.0029395516793706321 -0.00085161028901304574 -0.024238330458020287 0.0028095602644816402 0.00031974079196523682 0.0023808498393635916 0.0027440644465306593
leaf_weight=593 1686 15045 519 1146 354 596 152 59709 6362 22318 15878 15914 1837 16634 5105 7101 812 1725 12312 23811 19188 11499 1428 2358 7074 56 211 5060 6129 1305
leaf_count=593 1686 15045 519 1146 354 596 152 59709 6362 22318 15878 15914 1837 16634 5105 7101 812 1725 12312 23811 19188 11499 1428 2358 7074 56 211 5060 6129 1305
internal_value=0.000175131 -0.000311314 -0.00148664 -0.00207033 -0.00293627 -0.00494737 0.00180328 0.000213936 0.000316945 0.000507617 0.00083281 0.000108606 0.000656864 0.00025059 0.000516534 0.000726411 0.00047466 -4.98096e-05 0.00036728 -2.92204e-06 0.000240961 -0.000268663 0.000819455 0.000445262 0.000706862 0.00111283 -0.000982306 0.00138645 0.00143589 0.000714847
internal_weight=263917 19498 4453 3782 2636 950 671 244419 165707 86522 38196 79185 17751 48326 31692 25330 20225 61434 19413 78712 41044 37668 21856 13857 21263 14189 1639 12550 12494 6365
internal_count=263917 19498 4453 3782 2636 950 671 244419 165707 86522 38196 79185 17751 48326 31692 25330 20225 61434 19413 78712 41044 37668 21856 13857 21263 14189 1639 12550 12494 6365
is_linear=0
shrinkage=0.05


Tree=91
num_leaves=31
num_cat=0
split_feature=26 4 27 27 24 24 24 5 17 24 5 16 6 6 17 1 29 14 6 6 18 20 18 27 14 21 1 5 24 29
split_gain=2.84743 3.214 2.10272 1.98671 2.92741 2.29924 1.9852 2.7142 2.72195 2.20948 5.68797 3.33253 2.23619 2.22729 2.29419 2.54807 3.30849 2.10471 2.3104 2.06882 2.36536 2.02718 2.57274 1.98229 1.83848 2.10705 1.78064 2.05638 1.87632 2.81273
threshold=1.0000000180025095e-35 -0.46695800314353125 59.500000000000007 22.500000000000004 27.500000000000004 11.500000000000002 9.5000000000000018 0.36955847803969871 3.5000000000000004 8.5000000000000018 1.2182538079649634 7.1096240885869593 1.2882517431559577 1.0000000180025095e-35 5.5000000000000009 245.00000000000003 -1.9534123769382994 6.221810885536482 1.4253040497490925 0.39814495081680606 41.280443992448596 0.70734206224835539 3.4393281946565177 32.500000000000007 4.0220505084470437 32.500000000000007 249.00000000000003 1.9445920004237425 5.5000000000000009 2.8408173346488366
decision_type=2 2 2 2 2 2 2 2 2 2 2 2 2 2 2 2 2 2 2 2 2 2 2 2 2 2 2 2 2 2
left_child=2 3 6 5 -5 -2 7 -1 19 26 12 13 -11 -12 15 17 -17 18 -15 -9 -21 -16 -23 -3 -7 -26 -10 -28 29 -29
right_child=1 23 -4 4 -6 24 -8 8 9 10 11 -13 -14 14 21 16 -18 -19 -20 20 -22 22 -24 -25 25 -27 27 28 -30 -31
leaf_value=0.0031240284045912382 -0.038744126934745361 -0.00041826698036047751 -0.028624318267000216 0.01020032878659247 -0.050006044695855768 -0.029303332308033767 0.00060038406409028758 1.0373704751016168e-05 0.00018793054859564319 0.00084252073492936317 -0.16513738772311795 -0.17998281700851385 -0.059917069196089391 -0.01941628637033866 0.014882046604250935 -0.00074701919385849558 -0.11305484461425333 0.022993206913564896 -0.11179772926920216 -0.0018033126557788549 -0.11481345169395019 -0.051056160431825995 -0.011612315786802378 0.0060536412345400855 -0.010762707267443187 0.020960723380571714 0.0026366471761009756 0.0019699451346186082 -0.05126602745215212 -0.098327599402072474
leaf_weight=1092 210 14716 60 519 151 2499 173140 4960 46850 3732 59 62 85 864 610 71 113 133 93 6963 84 56 287 310 897 184 4092 373 152 53
leaf_count=1092 210 14716 60 519 151 2499 173140 4960 46850 3732 59 62 85 864 610 71 113 133 93 6963 84 56 287 310 897 184 4092 373 152 53
internal_value=0.000145937 -0.000435697 0.00019239 -0.00161435 0.000895522 -0.00205805 0.000194692 -2.83962e-05 -6.71526e-05 7.54096e-05 -0.00081914 -0.00275554 0.00037202 -0.00244532 -0.00219129 -0.00357928 -0.00902174 -0.00266055 -0.00347962 -0.000752061 -0.00130268 -0.000335782 -0.00341108 -8.58512e-05 -0.00175978 -3.70028e-05 0.000182453 0.00111349 -0.0016782 2.34742e-05
internal_weight=263470 19486 243984 4460 670 3790 243924 70784 69692 57685 6165 2348 3817 2286 2227 1274 184 1090 957 12007 7047 953 343 15026 3580 1081 51520 4670 578 426
internal_count=263470 19486 243984 4460 670 3790 243924 70784 69692 57685 6165 2348 3817 2286 2227 1274 184 1090 957 12007 7047 953 343 15026 3580 1081 51520 4670 578 426
is_linear=0
shrinkage=0.05


Tree=92
num_leaves=31
num_cat=0
split_feature=18 22 29 0 28 4 12 24 28 0 19 22 6 14 24 24 24 24 29 24 0 4 0 0 0 4 0 24 18 19
split_gain=1.83465 3.51066 2.40757 2.24542 1.96875 1.94753 2.07825 2.24324 2.25413 1.78626 2.78391 4.18685 1.63269 1.56487 2.54445 3.41105 2.16693 2.28929 2.29495 2.14175 2.51749 2.40308 4.59751 3.97764 2.10524 3.34786 2.02729 2.01052 2.32327 1.99766
threshold=0.64252069234894893 6.5000000000000009 -0.34831608344536885 4.6568054714595153 9.5000000000000018 -0.13081917134225238 0.24531911712907178 17.500000000000004 19.500000000000004 5.0258752632043366 0.65023692081831774 2.5000000000000004 0.17068661504435592 4.7154153011772566 22.500000000000004 6.5000000000000009 1.5000000000000002 10.500000000000002 6.8981135525598924 14.500000000000002 4.4674786937065862 -0.91706966442293736 4.7199269281688467 4.6245658589774434 5.0690024785453636 -0.39895242208365123 4.6344336593550848 1.5000000000000002 28.511877617768629 58.467286815758271
decision_type=2 2 2 2 2 2 2 2 2 2 2 2 2 2 2 2 2 2 2 2 2 2 2 2 2 2 2 2 2 2
left_child=1 3 5 -1 9 6 7 -3 -9 10 12 -12 -5 16 15 27 26 18 -18 20 -19 23 -23 -22 25 -24 29 28 -15 -2
right_child=13 2 -4 4 -6 -7 -8 8 -10 -11 11 -13 -14 14 -16 -17 17 19 -20 -21 21 22 24 -25 -26 -27 -28 -29 -30 -31
leaf_value=0.0059405015725716593 0.0036930981603712151 -0.019728456282316287 0.0024074526756150821 -0.00049970753015073967 0.0048479637861844928 0.0040700905135473125 -0.032436013247068955 -0.0023016230515392278 0.0062662871564418314 0.0011865816187542609 -0.0022010536977396591 -0.00089595459528509977 0.0017577995463575213 0.0018531364583855082 0.0025167011832326561 -0.0024214858257631151 -0.00048076772895613628 0.011945015462559768 -0.032599430281062727 5.14670771664763e-05 -0.039721193785726978 0.013046106696947779 0.011201818858136906 0.00069159907005740041 0.0011752075145241784 -0.0081399120518371604 0.00050092348454422485 0.0047836451448572837 -0.066860645245931646 -0.0057066796829568717
leaf_weight=377 918 1445 3339 292 659 829 465 748 470 271 72 116 149 606 7070 10909 58690 430 767 135231 770 1005 1323 4545 16731 3072 9002 2639 344 338
leaf_count=377 918 1445 3339 292 659 829 465 748 470 271 72 116 149 606 7070 10909 58690 430 767 135231 770 1005 1323 4545 16731 3072 9002 2639 344 338
internal_value=0.000105909 0.00079831 0.000296053 0.00269112 0.00185375 -0.000538287 -0.00110934 -0.000570785 0.00100985 0.000333333 -0.00112878 -0.0062234 0.00104308 8.07815e-05 0.000488223 0.000108981 4.30372e-05 1.02892e-05 -0.000255311 0.000107108 0.00050617 0.000446695 0.000675975 -0.000507996 0.000518792 -0.000455063 0.000753558 0.00144609 -0.000526316 0.00263535
internal_weight=263622 9232 7296 1936 1559 3957 3128 2663 1218 900 629 188 441 254390 21568 14498 232822 222564 59457 163107 27876 27446 22131 5315 21126 4395 10258 3589 950 1256
internal_count=263622 9232 7296 1936 1559 3957 3128 2663 1218 900 629 188 441 254390 21568 14498 232822 222564 59457 163107 27876 27446 22131 5315 21126 4395 10258 3589 950 1256
is_linear=0
shrinkage=0.05


Tree=93
num_leaves=31
num_cat=0
split_feature=18 22 1 22 6 18 27 27 22 27 20 19 12 27 22 22 16 24 24 19 16 17 24 19 3 17 27 24 6 27
split_gain=2.00534 3.23029 2.32771 1.9994 5.79783 3.70624 3.01273 2.93988 2.62142 4.105 3.00861 2.97268 2.72986 2.41496 2.3827 4.01536 2.5098 2.35949 7.56648 3.27741 3.19448 2.82927 2.0791 2.0389 5.26273 3.13289 2.6314 2.22251 2.19929 3.17276
threshold=0.9153330097459661 6.5000000000000009 213.00000000000003 7.5000000000000009 0.04061927638801887 2.0313041476632363 6.5000000000000009 22.500000000000004 2.5000000000000004 20.500000000000004 0.70940201632684652 3.8067613350035194 1.1084401922590372 27.500000000000004 5.5000000000000009 6.5000000000000009 0.92319193567682389 5.5000000000000009 12.500000000000002 58.467286815758271 1.6631394244892748 5.5000000000000009 7.5000000000000009 52.822078734317309 -0.62209099055617634 9.5000000000000018 23.500000000000004 7.5000000000000009 0.35862426811495668 16.500000000000004
decision_type=2 2 2 2 2 2 2 2 2 2 2 2 2 2 2 2 2 2 2 2 2 2 2 2 2 2 2 2 2 2
left_child=1 -1 -3 4 6 8 -2 -5 9 -6 11 -11 -10 -8 -14 16 -16 -9 20 -20 -19 -22 -15 24 26 28 -7 -27 29 -25
right_child=3 2 -4 7 5 23 13 17 12 10 -12 -13 14 22 15 -17 -18 18 19 -21 21 -23 -24 25 -26 27 -28 -29 -30 -31
leaf_value=0.0014253269363134851 -0.0011062984680193348 0.0016632061552976582 -0.0043542598819940465 0.00015963884079164305 0.0031415263581511888 0.0027979189055790899 0.0040250903763403862 0.0019053199386092259 0.001055592877765237 -0.0013127985127560009 0.0019763944501512971 -0.0061649385421804377 -0.00089431540185993847 0.0061059268947207708 -0.054435785295017816 0.0015429138812261196 -0.0065069124114323701 -0.014439446901308684 0.0001211002059419786 0.0053634671777170271 -0.018099127320139959 0.013428257213228465 -0.044742655981894072 -0.0079273826086224634 -0.00068160322551040562 -0.014536469759735 -0.00016381509240428156 0.0067119657135485374 -0.0099563156453088553 -0.026085918691682593
leaf_weight=2357 243 7532 1456 157220 2112 5052 310 8552 5037 52 53 57 262 113 51 79 51 4206 6746 8834 1465 1319 66 2587 27475 196 3313 1083 13877 2243
leaf_count=2357 243 7532 1456 157220 2112 5052 310 8552 5037 52 53 57 262 113 51 79 51 4206 6746 8834 1465 1319 66 2587 27475 196 3313 1083 13877 2243
internal_value=0.000107728 0.000758043 0.00032599 7.85264e-05 -0.000162178 -0.000213117 0.0042623 0.000160718 0.000811194 0.00223835 -0.0054321 -0.0101835 0.000218978 0.00652352 -0.00354402 -0.0079558 -0.0145098 0.000604717 0.00033673 0.000949936 -0.00103004 0.000283764 0.00189944 -0.00035539 -0.000129743 -0.000760032 0.00096832 0.00163409 -0.000923718 -0.00184265
internal_weight=263999 11345 8988 252654 64312 63580 732 188342 7754 2274 162 109 5480 489 443 181 102 31122 22570 15580 6990 2784 179 55826 35840 19986 8365 1279 18707 4830
internal_count=263999 11345 8988 252654 64312 63580 732 188342 7754 2274 162 109 5480 489 443 181 102 31122 22570 15580 6990 2784 179 55826 35840 19986 8365 1279 18707 4830
is_linear=0
shrinkage=0.05


Tree=94
num_leaves=31
num_cat=0
split_feature=27 13 24 23 2 0 2 14 0 7 7 2 21 12 24 0 0 16 13 1 23 16 16 28 18 12 12 14 1 27
split_gain=2.30706 1.69307 2.1083 2.09064 1.70572 2.35552 2.72141 2.54583 2.47271 2.16317 1.99872 1.98246 1.95525 1.82765 1.67633 1.64657 1.63992 1.87219 1.74657 1.72584 2.8859 1.61647 1.60611 1.79382 1.5996 3.59472 3.09453 2.42795 1.99361 3.1675
threshold=59.500000000000007 0.077350444462695761 1.5000000000000002 3.5000000000000004 -1.5742715205010283 4.7985492905656644 -0.098672647007819927 1.5625483357710288 4.7946504408654791 0.85255395649047017 0.31469601628765631 -1.0793467092919162 28.500000000000004 1.2448114420507665 12.500000000000002 4.6152523066285216 5.6367995858928763 0.036591710802204705 0.39002747657158837 261.00000000000006 2.5000000000000004 1.0000000180025095e-35 1.9193247128032682 26.500000000000004 20.639761824153961 0.26016932543752519 0.029023125979080067 3.6453913440361085 229.00000000000003 37.500000000000007
decision_type=2 2 2 2 2 2 2 2 2 2 2 2 2 2 2 2 2 2 2 2 2 2 2 2 2 2 2 2 2 2
left_child=1 2 3 15 12 6 8 13 10 -10 -6 -11 -3 16 -9 -1 17 18 -7 -18 -21 -12 -16 -24 28 26 -26 -28 -23 -30
right_child=-2 4 -4 -5 5 7 -8 14 9 11 21 -13 -14 -15 22 -17 19 -19 -20 20 -22 24 23 -25 25 -27 27 -29 29 -31
leaf_value=0.010939114613937954 -0.048924026138656818 -0.0079526758530023903 0.00082683898815766235 0.002236853179228802 -0.02267941346014964 -0.00052161044424509128 0.0036542637081634121 0.00019895121553202474 -0.048807373411012864 -0.049494570468189773 0.011971417945727019 0.0058776229233665116 0.0030047797508729194 -0.0019030917913116141 0.0010890050599289857 -0.0015330471282164098 0.0018305025324147637 0.00015315044514580074 -0.0033987743074753774 -0.027701767988607386 0.0038831019251129913 -0.00055797581017808765 0.0022183081974269389 0.011705108232154694 0.00036941015029280449 -0.00028074851864597235 -0.020133292079464144 -0.047712583470835769 0.0013101258526735909 -0.11479288069518839
leaf_weight=77 58 1738 46546 1324 420 6446 1071 14308 353 74 80 254 12636 4690 16766 656 3809 94760 1450 69 96 14151 5860 944 3051 17211 5813 1580 7348 103
leaf_count=77 58 1738 46546 1324 420 6446 1071 14308 353 74 80 254 12636 4690 16766 656 3809 94760 1450 69 96 14151 5860 944 3051 17211 5813 1580 7348 103
internal_value=0.000143398 0.000145591 0.000412114 0.00197861 8.53632e-05 4.76814e-05 -0.000243841 0.000148326 -0.0002968 -0.00328928 -0.000255843 -0.000365854 0.000611521 2.78476e-05 0.000502402 -0.000163711 7.03367e-05 3.17565e-05 -0.000707953 0.00106694 -0.00393939 -0.000226605 0.000761561 0.00140947 -0.000238139 -0.000489966 -0.00122175 -0.00177465 8.42515e-05 0.000746209
internal_weight=263742 263684 48603 2057 215081 200707 51509 149198 50438 681 49757 328 14374 111320 37878 733 106630 102656 7896 3974 165 49337 23570 6804 49257 27655 10444 7393 21602 7451
internal_count=263742 263684 48603 2057 215081 200707 51509 149198 50438 681 49757 328 14374 111320 37878 733 106630 102656 7896 3974 165 49337 23570 6804 49257 27655 10444 7393 21602 7451
is_linear=0
shrinkage=0.05


Tree=95
num_leaves=31
num_cat=0
split_feature=6 23 4 0 13 17 26 17 20 0 27 20 27 11 27 23 27 21 7 4 7 21 12 4 13 0 11 14 0 27
split_gain=1.79321 3.29595 3.05757 2.37243 1.63141 1.62796 1.69812 1.55335 1.53447 2.37675 1.74336 2.79791 2.48197 1.76859 1.94054 1.66495 2.71951 2.35707 1.82281 1.56625 2.27182 1.53214 2.14523 1.54915 2.00572 1.4768 1.90069 1.47727 2.99369 3.2785
threshold=0.18785075835279405 1.5000000000000002 0.17254456956901179 5.217701139306512 0.13838892484063886 2.5000000000000004 1.0000000180025095e-35 3.5000000000000004 0.3948836546645465 4.953885222277969 4.5000000000000009 0.70807041604804144 25.500000000000004 0.059068008286746111 34.500000000000007 5.5000000000000009 6.5000000000000009 30.500000000000004 1.3012081511078215 0.051142243406728724 0.36529561583706288 31.500000000000004 1.759114315677379 -0.4931170701548131 1.3729287435884165 5.6639013355751313 2.3882854864935839 2.8527647231789657 5.2067576393223733 2.5000000000000004
decision_type=2 2 2 2 2 2 2 2 2 2 2 2 2 2 2 2 2 2 2 2 2 2 2 2 2 2 2 2 2 2
left_child=1 2 3 -1 -4 -3 -7 -8 25 15 11 -11 21 14 -14 18 -17 -18 -10 -15 -21 -12 23 24 -23 27 -27 28 -2 -30
right_child=8 5 4 -5 -6 6 7 -9 9 10 12 -13 13 19 -16 16 17 -19 -20 20 -22 22 -24 -25 -26 26 -28 -29 29 -31
leaf_value=-0.00040663533106378839 -0.0014256794260764673 -0.016960485400002265 -0.0027454548735566971 0.0040290951548887883 -0.0005166929048534655 0.0018606329129580161 0.008041046388593329 -0.0043960431560993119 -0.0002401253334699767 -0.011348819627333246 0.0023522363655729007 0.012038077606219727 0.00063367523622345648 0.0022273139139570119 -0.015214704751773861 0.014082940369491689 0.0031949824247613926 -0.001601621023062071 -0.050867737590203438 -0.041695780877311635 0.0026297777968137238 -0.041108639379231315 0.0097742787053287164 -0.0073139201679914174 0.0085985571803466748 0.002705973712231401 -0.013170584690979438 0.0012188617628167391 4.3786094520840377e-05 0.004058795830890167
leaf_weight=6129 45336 267 1590 914 1101 23071 182 1558 26254 524 6436 2374 537 4451 135 696 1425 1930 58 61 168 130 816 6851 56 1729 81 33270 92956 2813
leaf_count=6129 45336 267 1590 914 1101 23071 182 1558 26254 524 6436 2374 537 4451 135 696 1425 1930 58 61 168 130 816 6851 56 1729 81 33270 92956 2813
internal_value=0.000137325 0.000471676 -0.000309225 0.000238535 -0.00174285 0.000774783 0.000816573 -0.000689655 8.65174e-05 0.000322672 0.000711655 0.00185645 0.000542742 0.00146114 -0.0009375 3.39229e-05 0.000977536 0.000387481 -0.000111356 0.00180556 -0.00222707 0.000198754 -0.000269961 -0.000551371 -0.00505376 1.56086e-05 0.00143646 8.60215e-07 -6.98062e-05 8.86508e-05
internal_weight=263899 34812 9734 7043 2691 25078 24811 1740 229087 52902 22539 2898 19641 5352 672 30363 4051 3355 26312 4680 229 14289 7853 7037 186 176185 1810 174375 141105 95769
internal_count=263899 34812 9734 7043 2691 25078 24811 1740 229087 52902 22539 2898 19641 5352 672 30363 4051 3355 26312 4680 229 14289 7853 7037 186 176185 1810 174375 141105 95769
is_linear=0
shrinkage=0.05


Tree=96
num_leaves=31
num_cat=0
split_feature=17 27 27 6 22 27 22 1 10 1 7 28 15 19 19 13 25 2 6 4 29 7 29 5 1 27 5 29 28 29
split_gain=2.4036 4.091 2.86914 4.13328 5.36882 3.4696 3.17588 2.56817 2.34996 2.29291 2.26302 2.46463 2.24346 2.19659 2.6116 2.46686 2.19027 2.1546 2.05284 1.96188 1.85033 1.90979 1.89181 2.57142 1.83214 2.39815 2.02354 2.16535 1.86426 2.6498
threshold=6.5000000000000009 14.500000000000002 17.500000000000004 0.063193627739669814 13.500000000000002 26.500000000000004 7.5000000000000009 277.00000000000006 0.18333333333333338 129.00000000000003 0.61964099872828093 13.500000000000002 1.5000000000000002 49.138707003432394 32.950495864843944 0.18055712624711576 1.0000000180025095e-35 0.69342262819138556 0.28906233286774546 -0.4702168439600225 -0.66068530402962788 1.3281204337535069 -1.1598050193827298 1.8464518028468426 185.00000000000003 25.500000000000004 1.4337600366147198 -0.87527059907807514 6.5000000000000009 -0.13373295985531666
decision_type=2 2 2 2 2 2 2 2 2 2 2 2 2 2 2 2 2 2 2 2 2 2 2 2 2 2 2 2 2 2
left_child=2 12 8 4 5 -4 10 -8 17 -6 -5 13 -2 14 -12 19 -3 -1 -13 -16 22 -22 23 -15 -18 28 27 -27 -26 -30
right_child=1 16 3 6 9 -7 7 -9 -10 -11 11 18 -14 20 15 -17 24 -19 -20 -21 21 -23 -24 -25 25 26 -28 -29 29 -31
leaf_value=0.00029610491023902223 0.0003904154019459028 0.00081184579759921525 0.002412263459336113 -0.0050941144812168028 0.0040017995652448478 0.0019620211231766451 0.0011876625850314405 0.0040273780090861076 -0.00059295462675913529 -0.0040723058538071422 -0.00042831739221028096 -0.042451708535147778 0.0036849985274427228 -0.0039881246464338318 0.0026423426475403644 0.00016415909512893249 -0.00040843318865815142 -0.0020888468899042415 0.008509067557180958 -0.0033264217688354311 -0.035759382593297293 0.012315017912089214 0.0092199829417243164 -0.096304442511227648 0.0044556763069735867 -0.1262471053621381 -0.006781574473273726 -0.096802154549036623 -0.004768712783348816 -0.082082587517232589
leaf_weight=75725 4443 13169 498 3250 872 672 34417 1506 97032 987 2601 96 13112 484 792 963 6286 1624 879 129 2047 155 758 137 117 51 198 118 708 100
leaf_count=75725 4443 13169 498 3250 872 672 34417 1506 97032 987 2601 96 13112 484 792 963 6286 1624 879 129 2047 155 758 137 117 51 198 118 708 100
internal_value=0.000117306 0.000483526 5.5136e-05 0.000384052 0.00217564 0.00482906 0.000271498 0.000508866 -4.15183e-05 0.000505648 -0.00042226 -1.5485e-05 0.00104529 -0.000302504 0.000434783 0.00185244 8.19396e-06 0.000164062 0.00235897 0.0037025 -0.00122591 -0.00212534 0.000210297 -0.00183575 -0.000669042 -0.0023839 -0.00580381 -0.00982249 -0.00102703 -0.00188119
internal_weight=263926 38302 225624 51243 3029 1170 48214 35923 174381 1859 12291 9041 17555 8066 4485 1884 20747 77349 975 921 3581 2202 1379 621 7578 1292 367 169 925 808
internal_count=263926 38302 225624 51243 3029 1170 48214 35923 174381 1859 12291 9041 17555 8066 4485 1884 20747 77349 975 921 3581 2202 1379 621 7578 1292 367 169 925 808
is_linear=0
shrinkage=0.05


Tree=97
num_leaves=31
num_cat=0
split_feature=18 3 18 22 12 0 0 24 24 24 23 13 13 21 0 21 16 3 0 22 19 0 2 22 12 21 18 21 19 18
split_gain=2.39757 1.96173 1.95884 4.40299 2.12547 2.46441 2.13406 3.13014 2.03895 2.10556 2.64579 1.66807 2.16734 1.69553 1.64806 1.7531 2.11809 1.57607 1.489 2.84482 1.49864 1.45523 1.46144 2.97518 2.33228 1.89523 2.75789 1.73819 1.70502 1.549
threshold=81.762926457593622 -1.1483047881398265 0.9153330097459661 6.5000000000000009 0.19899137241606016 4.6568054714595153 5.0258752632043366 3.5000000000000004 20.500000000000004 5.5000000000000009 1.0000000180025095e-35 0.15875932302668008 0.018644057129502966 39.500000000000007 5.0085047394125981 29.500000000000004 0.036591710802204705 -0.64661284155302357 5.0763865755225819 24.500000000000004 2.6707671678651699 5.6639013355751313 -1.7537145585892553 25.500000000000004 0.53693820936836689 35.500000000000007 27.617168420589575 31.500000000000004 21.835356526909088 6.3629099779192284
decision_type=2 2 2 2 2 2 2 2 2 2 2 2 2 2 2 2 2 2 2 2 2 2 2 2 2 2 2 2 2 2
left_child=2 -2 3 4 5 -1 7 -7 9 17 -11 12 13 -10 15 -12 -17 -5 -19 -20 -21 22 23 25 28 26 29 -28 -25 -4
right_child=1 -3 21 8 -6 6 -8 -9 11 10 14 -13 -14 -15 -16 16 -18 18 19 20 -22 -23 -24 24 -26 -27 27 -29 -30 -31
leaf_value=0.0048559054763430594 0.024415467766449789 -0.068123964375459575 0.0048196900984837981 -0.0013245139941050067 0.0041110977865766642 -0.0013212748657346598 0.0015476806100528187 0.00051130035216119063 0.0024500614166959728 -0.026069327016680771 -0.027455929846569156 -0.00090990242964788257 0.0042208821664028546 -0.0089969532985940751 0.0024927802391101609 -0.026893782055252113 0.00026585450701372413 0.0036083235908104701 0.0083933258744342074 -0.018886280552304069 -0.00051090700118098977 0.0023455120971127312 0.00012128174655833958 -0.070126726343838056 -0.021169930693907803 -0.0016098336790359609 -0.018418152368462452 0.015626926402712581 0.011963421907603772 0.0046141526824362558
leaf_weight=344 104 934 366 595 577 109 451 896 1030 699 379 1067 964 190 1421 190 1692 513 198 60 54 1938 238624 93 1699 1154 1821 702 731 4458
leaf_count=344 104 934 366 595 577 109 451 896 1030 699 379 1067 964 190 1421 190 1692 513 198 60 54 1938 238624 93 1699 1154 1821 702 731 4458
internal_value=0.000115053 -0.00228324 0.000124518 0.000764721 0.00267985 0.00183333 0.000934066 -0.000348259 0.000261821 -0.000299948 -0.000842273 0.00126423 0.00205586 0.000655738 -0.000306898 -0.00114551 -0.000520723 0.00137324 0.00278788 6.41026e-05 -0.00622807 9.54346e-05 8.48395e-05 0.000647678 -0.000860087 0.00109517 0.00139104 5.1526e-05 0.00132282 0.00209163
internal_weight=264053 1038 263015 11429 2377 1800 1456 1005 9052 5801 4381 3251 2184 1220 3682 2261 1882 1420 825 312 114 251586 249648 11024 2523 8501 7347 2523 824 4824
internal_count=264053 1038 263015 11429 2377 1800 1456 1005 9052 5801 4381 3251 2184 1220 3682 2261 1882 1420 825 312 114 251586 249648 11024 2523 8501 7347 2523 824 4824
is_linear=0
shrinkage=0.05


Tree=98
num_leaves=31
num_cat=0
split_feature=23 0 27 5 23 6 17 4 16 24 1 17 1 1 13 1 12 4 24 3 19 2 6 18 5 24 18 6 5 22
split_gain=2.28329 2.99034 3.04515 3.98845 2.88602 3.42671 4.19033 4.34925 2.71521 2.38105 3.70658 3.37275 2.37714 3.65661 2.23291 2.24948 2.27778 2.18018 2.16423 2.68368 2.36982 1.99298 2.26554 2.20806 1.98378 1.94908 1.93417 1.92641 2.22242 1.91699
threshold=2.5000000000000004 5.5783001407402253 1.0000000180025095e-35 0.91641013932226756 5.5000000000000009 0.46208963755551563 4.5000000000000009 0.073064926371091785 1.3526885874016197 11.500000000000002 245.00000000000003 5.5000000000000009 137.00000000000003 201.00000000000003 0.32100076691893836 113.00000000000001 1.1695109419134158 0.0088804802825922322 9.5000000000000018 0.25465810915636761 7.2042630928180795 0.40777042607157482 0.12497221675438545 3.517225667251541 0.82076849548864261 24.500000000000004 1.7960099466060615 0.1078551959075424 0.71544678143686402 2.5000000000000004
decision_type=2 2 2 2 2 2 2 2 2 2 2 2 2 2 2 2 2 2 2 2 2 2 2 2 2 2 2 2 2 2
left_child=8 2 3 14 9 24 7 12 -1 10 18 25 -7 -14 26 16 -16 -8 19 -3 -21 23 -23 -22 -6 -11 -2 28 -4 -30
right_child=1 4 27 -5 5 6 17 -9 -10 11 -12 -13 13 -15 15 -17 -18 -19 -20 20 21 22 -24 -25 -26 -27 -28 -29 29 -31
leaf_value=-0.00041675807916675663 -0.0018572160530268397 0.0024698550120427626 0.004003665380306381 0.0061537265343616417 0.00054076218125891659 -0.027743650040700465 0.013251761797922444 -0.0019907570083228846 0.0012014387428586184 0.0048723205222896684 0.0049391733874813879 -0.00022412830580528518 -0.064363458758384381 -0.040116161708084776 -0.003437968753876427 -0.0006879952207760931 -0.012356858255367975 -0.005528097335525466 -0.0044647706198832158 0.0079537560783749899 -0.0036718416975273548 -0.015182674704933409 0.0033984542930444784 -0.011799728160774903 0.0094176766433727629 0.0015170087242215851 0.00027049128262742551 0.00053381496589337805 0.0017022380392819891 0.0010149847861864482
leaf_weight=81554 2420 1486 1346 427 1596 112 129 182 30070 2852 248 1307 79 50 1571 10852 76 442 496 88 464 77 183 68 223 1631 14355 102607 520 6196
leaf_count=81554 2420 1486 1346 427 1596 112 129 182 30070 2852 248 1307 79 50 1571 10852 76 442 496 88 464 77 183 68 223 1631 14355 102607 520 6196
internal_value=8.65354e-05 0.000212581 0.000148536 -0.000301 0.000980108 -0.000415926 -0.00277666 -0.00654846 -8.51967e-05 0.00142135 0.000305466 0.00202073 -0.0109544 -0.0155814 -0.000370978 -0.00087687 -0.00259866 1.75131e-05 -0.000202655 0.000426881 -0.00176136 -0.00262626 0.000961538 -0.0043797 0.000874107 0.00267232 5.96125e-06 0.000269181 0.0010134 0.000641751
internal_weight=263707 152083 140370 29701 11713 2813 994 423 111624 8900 3110 5790 241 129 29274 12499 1647 571 2862 2366 880 792 260 532 1819 4483 16775 110669 8062 6716
internal_count=263707 152083 140370 29701 11713 2813 994 423 111624 8900 3110 5790 241 129 29274 12499 1647 571 2862 2366 880 792 260 532 1819 4483 16775 110669 8062 6716
is_linear=0
shrinkage=0.05


Tree=99
num_leaves=31
num_cat=0
split_feature=27 2 27 19 18 24 24 1 12 1 1 24 0 6 0 7 0 3 29 18 28 27 0 27 0 18 9 7 19 13
split_gain=1.8401 2.6862 3.13069 2.28237 2.07684 1.9565 5.08594 2.99973 2.77031 2.19232 2.1221 2.06216 1.90753 2.54433 1.87464 1.85192 1.79137 1.76888 1.74192 1.67525 3.16574 2.72227 2.03228 1.66924 2.90319 1.65021 1.86408 1.69326 1.63564 2.01346
threshold=22.500000000000004 -0.062355175325703102 30.500000000000004 38.829539515071261 5.7830916203520326 12.500000000000002 6.5000000000000009 249.00000000000003 0.49071961031747696 221.00000000000003 213.00000000000003 3.5000000000000004 5.0690024785453636 1.1946444290514382 5.2339676982754471 0.62412082942728642 5.0085047394125981 0.011699794094493506 -2.5608938885402721 1.6749658239256511 1.0000000180025095e-35 15.500000000000002 4.5402900480898207 29.500000000000004 4.7292907654218128 0.032754806929359996 0.47337104754371789 0.49684949011498164 4.4166819120041954 0.081414734119343551
decision_type=2 2 2 2 2 2 2 2 2 2 2 2 2 2 2 2 2 2 2 2 2 2 2 2 2 2 2 2 2 2
left_child=19 3 25 -2 -5 6 8 14 17 10 11 16 18 -14 -8 -15 -10 -6 -7 20 -1 22 -22 24 -9 26 27 -3 29 -21
right_child=1 2 -4 4 5 12 7 23 9 -11 -12 -13 13 15 -16 -17 -18 -19 -20 28 21 -23 -24 -25 -26 -27 -28 -29 -30 -31
leaf_value=0.0047789613170879409 -0.00022612757379002711 -0.022118809489102085 -0.0019454345545942314 0.0047608397500839917 0.00076831139457364376 0.023466583978051882 -0.0063492355278309768 0.025750598669710825 0.0013944479192772986 0.01001457484738613 -0.076077113988381725 0.0059721934075523649 0.0047774010717317556 0.00052813943450709562 -0.012921978230925635 -0.037940261145678417 -0.040388168404557528 -0.013902720120882046 0.0017879915437298355 -0.015729067287103556 0.0089830634947010556 0.0023031145678505702 0.00022781723077994884 -0.071053504187302455 -0.037491891224524426 0.0027040771293327104 0.0020196379497623355 8.4481659895352412e-05 1.5897620759320283e-05 -0.0027096293886331268
leaf_weight=620 13865 114 739 267 5229 60 4631 185 1029 766 81 936 2108 114 52 93 114 462 11178 53 252 2362 23604 228 86 2048 116 295 191090 724
leaf_count=620 13865 114 739 267 5229 60 4631 185 1029 766 81 936 2108 114 52 93 114 462 11178 53 252 2362 23604 228 86 2048 116 295 191090 724
internal_value=0.000110094 0.000402045 0.00177234 0.000292643 0.000555415 0.000512577 9.3485e-05 -0.00114435 0.000837879 0.00208818 0.00127315 0.00158249 0.000939275 0.00224622 -0.000751655 -0.00304348 0.00015748 0.000195045 0.000670048 5.02961e-05 0.0004203 0.000336792 0.000176476 -0.00482966 -0.00217712 0.00259619 9.52381e-05 -0.00149144 -1.45934e-06 -0.00229086
internal_weight=263501 44796 3312 41484 27619 27352 13799 5182 8617 2926 2160 2079 13553 2315 4683 207 1143 5691 11238 218705 26838 26218 23856 499 271 2573 525 409 191867 777
internal_count=263501 44796 3312 41484 27619 27352 13799 5182 8617 2926 2160 2079 13553 2315 4683 207 1143 5691 11238 218705 26838 26218 23856 499 271 2573 525 409 191867 777
is_linear=0
shrinkage=0.05


Tree=100
num_leaves=31
num_cat=0
split_feature=11 22 12 22 18 15 18 22 5 16 16 14 18 20 5 11 18 22 14 28 7 21 16 11 22 12 0 11 22 16
split_gain=1.70642 6.223 3.21708 1.80462 6.19886 5.33087 3.79398 3.11762 2.56599 2.44409 2.18283 2.20226 1.89799 1.84675 2.64325 2.23344 3.95984 3.0287 2.18709 1.94265 2.03517 2.01305 1.76723 1.76451 1.69141 2.11402 2.7732 2.47748 2.33227 2.23426
threshold=0.067761404067482933 2.5000000000000004 0.029023125979080067 3.5000000000000004 2.0645452624414653 1.5000000000000002 62.107379387004379 1.5000000000000002 0.75544060075152986 2.0242127973809079 1.2310756854101068 1.067279962386589 66.380264837857311 0.083616156459944316 0.38833895030583537 0.38584286853283661 21.589410675069356 18.500000000000004 2.0074361132680276 20.500000000000004 0.8595655465529195 28.500000000000004 0.30065800238449064 0.34014300934227454 24.500000000000004 0.27736810311180615 4.6916983434607848 1.8077593722639484 21.500000000000004 3.2732179436284303
decision_type=2 2 2 2 2 2 2 2 2 2 2 2 2 2 2 2 2 2 2 2 2 2 2 2 2 2 2 2 2 2
left_child=1 2 -1 4 -2 6 7 8 -6 13 12 -12 -7 14 -5 16 -16 18 -18 -15 21 -21 -9 -20 25 26 28 -27 -11 -28
right_child=3 -3 -4 9 5 10 -8 22 -10 24 11 -13 -14 19 15 -17 17 -19 23 20 -22 -23 -24 -25 -26 27 29 -29 -30 -31
leaf_value=0.0031849871833463531 0.0016121903519277063 0.00047749947506058087 0.001821539660682883 0.0015115382200842672 -0.0033185205224925112 -0.00076229438866050705 -0.086444530209061662 -0.013930496230253039 -0.031813958088104492 -0.0032792847504014028 0.0079718427080419218 0.002178104088049658 -0.077839869818387711 9.1483447049674207e-05 -0.00035719926413591897 0.00022320484034733863 -0.039709875643897795 -0.015306576597589812 -0.030052351856706655 0.014802657507627407 -0.017950370358282387 0.0042348609836384147 -0.0016513501716759673 0.022058324873124955 -0.00044010095105816952 0.001476082461133603 -7.8503245246769701e-05 0.0050266086651197727 -0.071036516511192846 0.0038833711939587966
leaf_weight=1063 3113 41169 2525 2404 1129 10948 150 76 1168 2262 455 3336 138 73104 36094 25383 2879 3657 1339 1075 612 11476 4417 162 10095 10685 4231 5946 274 1967
leaf_count=1063 3113 41169 2525 2404 1129 10948 150 76 1168 2262 455 3336 138 73104 36094 25383 2879 3657 1339 1075 612 11476 4417 162 10095 10685 4231 5946 274 1967
internal_value=9.90005e-05 0.000380276 0.00237737 4.14046e-05 -0.000359005 -0.000656827 -0.00180115 -0.00162739 -0.00312582 9.29536e-05 -0.000123009 0.000912688 -0.000477178 8.8504e-06 -0.000178259 -0.000234629 -0.000449571 -0.00145328 -0.00234018 0.000164837 0.000723999 0.000861286 -0.00086134 -0.000792805 0.000468133 0.000685985 5.61026e-05 0.00101678 -0.00133675 0.000626008
internal_weight=263332 44757 3588 218575 24930 21817 6940 6790 2297 193645 14877 3791 11086 158185 71918 69514 44131 8037 4380 86267 13163 12551 4493 1501 35460 25365 8734 16631 2536 6198
internal_count=263332 44757 3588 218575 24930 21817 6940 6790 2297 193645 14877 3791 11086 158185 71918 69514 44131 8037 4380 86267 13163 12551 4493 1501 35460 25365 8734 16631 2536 6198
is_linear=0
shrinkage=0.05


Tree=101
num_leaves=31
num_cat=0
split_feature=0 24 24 23 23 0 29 29 9 22 22 5 2 27 22 18 16 21 19 24 19 13 16 13 29 23 5 10 17 29
split_gain=2.13359 1.9279 2.84644 2.21064 2.2689 2.23205 2.09555 2.02219 1.88264 1.82196 1.79842 1.72164 1.63373 2.90952 1.97905 2.15083 2.09368 1.89277 1.78769 1.78952 1.70039 1.67802 1.5746 1.99755 1.49577 2.31925 2.12766 1.97737 1.51247 4.70692
threshold=5.5888183557842188 23.500000000000004 6.5000000000000009 4.5000000000000009 1.5000000000000002 5.6136670051882271 -0.066391480319114252 -0.39839027209403371 0.55885145588443608 29.500000000000004 3.5000000000000004 0.75544060075152986 -1.5742715205010283 35.500000000000007 24.500000000000004 9.720595012534277 1.0156360363538293 31.500000000000004 31.550804026682815 11.500000000000002 7.7337344851675214 3.9729507562845092 8.425911474463307 0.84599432996080337 -0.10995315093910753 2.5000000000000004 0.53175967452524575 0.15000000000000002 5.5000000000000009 0.098734064474746114
decision_type=2 2 2 2 2 2 2 2 2 2 2 2 2 2 2 2 2 2 2 2 2 2 2 2 2 2 2 2 2 2
left_child=12 2 3 4 7 11 -6 -2 9 24 -8 -5 13 14 15 17 21 -1 19 -18 -15 -17 -16 -24 25 27 -27 -3 -26 -30
right_child=1 8 -4 5 6 -7 10 -9 -10 -11 -12 -13 -14 20 22 16 18 -19 -20 -21 -22 -23 23 -25 28 26 -28 -29 29 -31
leaf_value=0.0030404057927035776 -0.0064167813817302541 8.8275025896170548e-05 0.0016647379679932562 -0.0034081959848150235 0.00097869734414106888 0.0036969429837362747 0.0042165330577790911 0.0017143027576736591 0.0011831117731378271 0.0036016337662289747 -0.010088970519012121 0.0075366407560795478 7.5463953753026323e-05 -0.014424331809464728 -0.00048189999092621997 -0.033917671497348152 -0.014561431967435449 0.0012876953063308482 0.0047012024593085667 -0.00073340241024870542 -0.0025522739140311774 0.010169678451217898 0.0030298587604829902 -0.094292739098807948 -0.0031486364600810252 -0.003899853454141853 0.0076074833072342285 -0.011859647915784094 -0.043700255408791945 -0.0023775208045400493
leaf_weight=1036 89 145 9588 264 480 598 85 854 2122 313 993 103 230749 53 3579 744 133 954 8097 401 210 93 119 99 1105 62 276 81 102 269
leaf_count=1036 89 145 9588 264 480 598 85 854 2122 313 993 103 230749 53 3579 744 133 954 8097 401 210 93 119 99 1105 62 276 81 102 269
internal_value=0.000116795 0.00064978 0.000956795 -0.000271206 -0.00105558 0.00176166 -0.00222721 0.00088017 -0.00024581 -0.00121972 -0.00345083 -0.0013079 7.88575e-05 0.000575461 0.000665356 0.000993193 0.00067913 0.00248744 0.000910671 -0.00189139 -0.00463878 -0.00170848 -0.00032394 -0.00444954 -0.00176471 0.000425532 0.00304734 -0.00349558 -0.00260163 -0.00536388
internal_weight=263796 17529 13054 3466 2501 965 1558 943 4475 2353 1078 367 246267 15518 15255 11458 9468 1990 8631 534 263 837 3797 218 2040 564 338 226 1476 371
internal_count=263796 17529 13054 3466 2501 965 1558 943 4475 2353 1078 367 246267 15518 15255 11458 9468 1990 8631 534 263 837 3797 218 2040 564 338 226 1476 371
is_linear=0
shrinkage=0.05


Tree=102
num_leaves=31
num_cat=0
split_feature=0 20 18 22 0 24 0 24 24 11 19 24 0 5 2 20 15 29 6 22 24 16 11 28 7 21 11 1 5 7
split_gain=2.05358 1.59703 1.58896 2.52339 2.25927 2.43973 2.32136 3.3079 2.34502 2.29379 2.37436 2.05665 1.83278 2.06691 1.83223 1.80573 1.66779 1.47616 2.00374 2.04816 1.67737 1.8875 2.03008 2.31314 1.66236 1.52402 1.47253 1.46794 1.46642 1.43304
threshold=5.6367995858928763 0.099011360662817391 0.80007067171630586 7.5000000000000009 4.6568054714595153 16.500000000000004 5.0258752632043366 3.5000000000000004 16.500000000000004 0.56731064298445399 0.65023692081831774 27.500000000000004 4.8066698993475034 0.43917992428904429 -0.0071903433775260877 0.70711280391660625 5.5000000000000009 0.21194771214161187 0.30814207686187506 22.500000000000004 16.500000000000004 0.32784009668238173 0.11385868482599069 1.5000000000000002 0.41084717993115133 1.5000000000000002 0.0202217690411708 125.00000000000001 0.67799834232326905 0.5196312966465132
decision_type=2 2 2 2 2 2 2 2 2 2 2 2 2 2 2 2 2 2 2 2 2 2 2 2 2 2 2 2 2 2
left_child=2 17 3 4 5 -1 7 15 -8 10 14 -12 26 -14 -9 -6 -10 24 25 20 21 -20 -23 -24 -2 -19 -5 -22 -26 -16
right_child=1 -3 -4 12 6 -7 8 9 16 -11 11 -13 13 -15 29 -17 -18 18 19 -21 27 22 23 -25 28 -27 -28 -29 -30 -31
leaf_value=0.001692768006380194 -0.0012004343640578201 0.0026789866677980187 0.00010427365935502698 -0.0069894812854799544 -0.00032212940125736711 0.0057031603186331447 0.0039642676643089061 0.0017023829541839815 0.0014768410296122345 0.003925803907105588 -0.00071487553665904469 -0.0028013016696495714 -0.0068232558533126431 0.0021170287223851053 0.0057268878573880511 -0.0022298805093841005 -0.0017471135451559449 -0.0039556664339293517 0.0024868625171243562 0.00047705790126014683 -0.049890747238149437 -0.02144170814988397 0.0056689459680090782 -0.013810970571238042 0.0060133996189495539 0.0028363488364916804 0.0020026325441584044 -0.018703517768115879 0.0023010753162610704 -0.011695375449750984
leaf_weight=179 699 2216 246961 1487 55 268 345 560 141 67 380 53 101 5380 64 67 138 57 115 304 82 55 69 56 265 371 833 189 1698 153
leaf_count=179 699 2216 246961 1487 55 268 345 560 141 67 380 53 101 5380 64 67 138 57 115 304 82 55 69 56 265 371 833 189 1698 153
internal_value=0.000104515 0.00100551 8.28824e-05 0.00069224 0.00208502 0.00530201 0.0013742 0.000243031 0.00391026 0.000994518 0.000495868 -0.00247113 0.00025125 0.000749863 0.00214929 -0.00762295 0.000501792 0.00040404 -0.000978428 -0.00235632 -0.00413428 -0.00152542 -0.00472222 -0.0012 0.00107814 0.00182243 -0.000926724 -0.00697417 0.00182374 -0.00175115
internal_weight=263408 6176 257232 10271 2470 447 2023 1399 624 1277 1210 433 7801 5481 777 122 279 3960 1298 870 566 295 180 125 2662 428 2320 271 1963 217
internal_count=263408 6176 257232 10271 2470 447 2023 1399 624 1277 1210 433 7801 5481 777 122 279 3960 1298 870 566 295 180 125 2662 428 2320 271 1963 217
is_linear=0
shrinkage=0.05


Tree=103
num_leaves=31
num_cat=0
split_feature=2 27 4 24 22 13 2 3 23 28 10 16 22 19 27 11 22 24 24 0 14 29 7 5 4 5 15 27 29 2
split_gain=1.71381 2.05507 2.18051 1.94188 1.74838 1.62324 2.1431 2.15107 3.80471 2.02639 1.76512 1.87576 1.90746 2.62502 1.74612 1.71797 2.45115 2.28885 3.41081 5.58034 3.29148 3.00059 3.12038 2.40604 2.34858 2.26911 2.13721 2.04905 1.77109 1.74181
threshold=-1.5742715205010283 27.500000000000004 -0.4702168439600225 27.500000000000004 28.500000000000004 0.14629976908977085 0.6204402495778748 0.39601337828454602 1.5000000000000002 29.500000000000004 0.18333333333333338 0.54909207538882676 17.500000000000004 8.1802110428669348 31.500000000000004 0.10070083388043331 2.5000000000000004 7.5000000000000009 18.500000000000004 5.0590719231024197 0.57874113976821306 1.0363813241343511 0.27298450525557866 0.6224681151194974 0.07088049020361066 3.4526602689219836 2.5000000000000004 30.500000000000004 -0.51305018789241741 0.29972351830684824
decision_type=2 2 2 2 2 2 2 2 2 2 2 2 2 2 2 2 2 2 2 2 2 2 2 2 2 2 2 2 2 2
left_child=1 4 3 -3 -1 6 15 -8 -9 10 -7 12 13 -12 -13 16 26 20 19 21 28 22 -19 -24 -22 -21 -2 -25 -18 -26
right_child=5 2 -4 -5 -6 9 7 8 -10 -11 11 14 -14 -15 -16 -17 17 18 -20 25 24 -23 23 27 29 -27 -28 -29 -30 -31
leaf_value=0.0034444149664997351 -0.0051566939238756942 0.0014708061084427947 -0.0058572663389537096 -0.0046794161821946062 -0.0071400258557085608 0.00021274421888408976 0.00059054586438218783 -0.0046280302611769802 -0.0011116342509653724 0.0045847854435176029 0.00019390791473661788 -0.00027035566198240976 -0.00014447506064379763 -0.0027825096280540444 0.0015240502555871338 0.00023762326899081097 0.00074051955393687578 -0.031909883477728197 0.0017468391091799377 0.0016334605451078163 0.0015059330941245399 -0.04130944812430061 0.01166377645791126 -0.0092109528689911808 -0.0074982321822165106 0.016957515264356442 0.0019540241229350579 -0.025837233508393339 0.0023763076901306681 0.00097697645901902771
leaf_weight=11209 210 1364 372 140 2303 53502 1733 488 1222 6309 5164 61878 16511 15372 3833 53356 759 127 11521 3541 1556 499 239 4213 568 142 2022 353 2868 325
leaf_count=11209 210 1364 372 140 2303 53502 1733 488 1222 6309 5164 61878 16511 15372 3833 53356 759 127 11521 3541 1556 499 239 4213 568 142 2022 353 2868 325
internal_value=8.45282e-05 0.000596569 -0.000954158 -0.000106383 0.000811871 5.27967e-05 0.000228826 -0.00099332 -0.00225146 -4.00445e-05 -7.55152e-05 -0.000196773 -0.000481281 -0.00080298 -3.63714e-05 0.000279955 0.000590125 0.000457115 0.000205961 -0.000516787 0.00131007 -0.00153563 -0.0011618 -0.000957336 -0.000106166 0.00098561 0.0021819 -0.00121332 0.00226634 -0.00215006
internal_weight=263699 15388 1876 1504 13512 248311 85742 3443 1710 162569 156260 102758 37047 20536 65711 82299 28943 26711 20635 9114 6076 5431 4932 4805 2449 3683 2232 4566 3627 893
internal_count=263699 15388 1876 1504 13512 248311 85742 3443 1710 162569 156260 102758 37047 20536 65711 82299 28943 26711 20635 9114 6076 5431 4932 4805 2449 3683 2232 4566 3627 893
is_linear=0
shrinkage=0.05


Tree=104
num_leaves=31
num_cat=0
split_feature=18 7 16 24 0 0 20 17 5 0 1 5 7 0 27 14 5 27 17 5 3 24 27 24 0 28 24 0 15 13
split_gain=2.19236 1.76007 1.69876 2.17897 3.42109 2.34696 2.47095 1.93369 1.93601 1.73643 2.18383 1.75682 2.01341 1.86906 2.63201 1.80057 1.71556 1.68306 1.6452 1.69153 1.64244 1.72867 1.63687 1.57143 2.26181 3.76365 2.0668 1.91159 1.76184 1.55208
threshold=0.80007067171630586 0.64202719841342637 1.9193247128032682 1.5000000000000002 4.6098625740792736 4.4236054436470065 1.2782096704950086 3.5000000000000004 0.37669794318080668 5.0517303177099064 213.00000000000003 2.0274090822564257 1.1390534229730604 4.6245658589774434 5.5000000000000009 4.0926047678994157 1.408920355789758 7.5000000000000009 8.5000000000000018 0.43917992428904429 0.43220820043506719 11.500000000000002 34.500000000000007 29.500000000000004 4.7451475581756286 17.500000000000004 17.500000000000004 4.8513391169975835 8.5000000000000018 0.14629976908977085
decision_type=2 2 2 2 2 2 2 2 2 2 2 2 2 2 2 2 2 2 2 2 2 2 2 2 2 2 2 2 2 2
left_child=1 18 3 4 5 6 -2 8 -6 10 -4 12 13 14 16 -16 -12 -13 19 -1 21 -11 -14 26 -25 27 28 -26 -3 -5
right_child=2 23 9 29 7 -7 -8 -9 -10 20 11 17 22 -15 15 -17 -18 -19 -20 -21 -22 -23 -24 24 25 -27 -28 -29 -30 -31
leaf_value=-0.005165333933165428 0.012342350065145977 0.001249505975411627 -0.00016708202723784995 0.00036753313735793722 0.0056586777620098857 0.0050803948808809596 -0.021324751268641907 0.0011096546174614254 -0.0015436839919047386 0.0014617276998218371 -0.097241461088288614 0.010001782145038898 0.0055171014239347137 0.0024912230257490096 -0.048599824608792724 0.0044848760322906932 -0.034489957634906698 -0.0047457657360895269 0.0069700901119873412 0.0014197860072090451 -0.0042523196967006252 0.0044728730943432594 -0.078658343312672435 0.00067116382339547009 -0.087612020975014637 0.0065745500308620856 0.0013048347558336074 -0.0029364979589121386 -0.012280774717590544 -0.00021835088263418169
leaf_weight=158 97 1555 24133 67701 77 717 77 6394 1709 1047 116 624 3275 10913 616 958 83 2501 554 4486 133 1786 75 167 53 55 2195 64 1055 130109
leaf_count=158 97 1555 24133 67701 77 717 77 6394 1709 1047 116 624 3275 10913 616 958 83 2501 554 4486 133 1786 75 167 53 55 2195 64 1055 130109
internal_value=0.000105434 0.000818991 7.62816e-05 1.50328e-05 0.000772792 0.00371493 -0.00149425 0.000452323 -0.00100224 0.000350195 0.000270014 0.000668545 0.000879895 0.000591991 -0.000913706 -0.000228717 -0.00633166 -0.000416 0.00146787 0.00116064 0.00152057 0.0017755 0.00197015 0.000163297 -0.00312684 -0.00715116 0.000395421 -0.0122222 -0.000555556 -1.97159e-05
internal_weight=263483 10342 253141 206881 9071 891 174 8180 1786 46260 43294 19161 16036 12686 1773 1574 199 3125 5198 4644 2966 2833 3350 5144 339 172 4805 117 2610 197810
internal_count=263483 10342 253141 206881 9071 891 174 8180 1786 46260 43294 19161 16036 12686 1773 1574 199 3125 5198 4644 2966 2833 3350 5144 339 172 4805 117 2610 197810
is_linear=0
shrinkage=0.05


Tree=105
num_leaves=31
num_cat=0
split_feature=18 22 27 24 22 29 24 0 19 6 13 28 24 22 0 7 28 2 6 27 22 29 4 7 6 24 6 21 0 28
split_gain=2.23518 2.11593 3.26091 3.6277 2.64086 2.41329 3.22262 2.34472 2.13213 3.42969 1.77041 1.70126 1.63939 1.53023 1.52979 1.45484 2.07211 1.60364 1.42303 5.27237 2.96914 2.14421 1.58266 1.56347 1.41866 1.902 2.10573 1.64528 1.9025 2.04723
threshold=0.64252069234894893 3.5000000000000004 30.500000000000004 20.500000000000004 10.500000000000002 -1.2218905403000824 20.500000000000004 5.0321893123531218 0.65023692081831774 0.13740258865825686 1.0000000180025095e-35 6.5000000000000009 23.500000000000004 27.500000000000004 4.9097895749028941 0.61595544295336213 16.500000000000004 -1.0000000180025095e-35 0.063193627739669814 19.500000000000004 4.5000000000000009 -1.1894795493740016 0.0030667949068741858 0.58633328013215891 1.5395601336132285 27.500000000000004 0.49478880745902659 28.500000000000004 4.6948551260747839 19.500000000000004
decision_type=2 2 2 2 2 2 2 2 2 2 2 2 2 2 2 2 2 2 2 2 2 2 2 2 2 2 2 2 2 2
left_child=1 8 3 11 7 -4 -7 -5 -1 -10 -8 -3 -11 -13 -12 17 -17 -15 19 22 -21 23 -2 -22 25 -20 -27 -26 29 -29
right_child=18 2 5 4 -6 6 10 -9 9 12 14 13 -14 15 -16 16 -18 -19 24 20 21 -23 -24 -25 27 26 -28 28 -30 -31
leaf_value=0.0016091335760306151 0.0041071274932042408 0.0013953622199315327 0.0053656347064934985 0.002809186763340063 0.0027541880056957454 -0.00093686291068100164 -0.059150786634758368 -0.0085843992556109607 -0.002013305402720249 0.0032444268661222771 0.001040048255864287 -0.0089624522482167606 -0.0010801650515091376 0.0076256497381857972 -0.0047563613941765427 -0.040011349893837395 0.00949815474744959 -0.014686552931646885 0.00016996323185749007 0.0032701757770645223 -0.054834323476102703 0.0026633504224210162 -0.0058304696919315897 0.0072256338587764054 -0.0042939279816586948 4.7679060460034091e-06 -0.0015751002354290841 0.0039175659202342469 0.0031928394349064189 -0.016661905136489848
leaf_weight=659 2163 775 163 427 2097 360 106 96 77 176 63 3163 68 321 90 215 271 74 200532 402 63 1216 768 50 1880 19516 13741 3587 8466 2034
leaf_count=659 2163 775 163 427 2097 360 106 96 77 176 63 3163 68 321 90 215 271 74 200532 402 63 1216 768 50 1880 19516 13741 3587 8466 2034
internal_value=9.95376e-05 0.000865123 0.000603333 0.0009262 0.00242366 -0.00246803 -0.00389338 0.00560229 0.00306122 -0.000280374 -0.00814672 0.000112056 0.00262295 -0.000299209 -0.00470588 0.0015437 -0.000288066 0.00379747 7.18503e-05 0.000937366 0.00312536 0.00198646 -0.000354828 -0.00460177 5.56944e-05 2.45521e-05 -0.000325646 0.00051168 0.000697097 -1.60114e-05
internal_weight=263619 9201 8221 7439 2620 782 619 523 980 321 259 4819 244 4044 153 881 486 395 254418 4662 1731 1329 2931 113 249756 233789 33257 15967 14087 5621
internal_count=263619 9201 8221 7439 2620 782 619 523 980 321 259 4819 244 4044 153 881 486 395 254418 4662 1731 1329 2931 113 249756 233789 33257 15967 14087 5621
is_linear=0
shrinkage=0.05


Tree=106
num_leaves=31
num_cat=0
split_feature=16 8 13 23 14 5 22 18 17 0 24 24 28 5 12 20 9 18 18 22 11 18 12 15 11 21 22 28 19 5
split_gain=1.90545 2.34654 2.30933 3.20324 2.67922 2.66622 2.52811 3.29957 2.72432 2.23648 2.11669 2.01409 2.32262 2.05869 1.96434 1.92685 2.08449 1.79377 2.26106 3.05879 1.88493 1.82569 2.30805 2.23177 2.02667 1.91464 3.43778 2.25166 2.32924 2.21647
threshold=0.9117996453851166 0.77663996402894375 0.16363493331508963 2.5000000000000004 0.57874113976821306 0.56736183440388877 14.500000000000002 3.4791938625443009 9.5000000000000018 4.7012900704448422 9.5000000000000018 30.500000000000004 13.500000000000002 0.6224681151194974 5.0324846378144983 0.13935362285303179 0.76898613516318182 10.624203996195957 0.64252069234894893 18.500000000000004 0.30344132362883774 21.589410675069356 0.26258678285149284 2.5000000000000004 0.31517888466465621 32.500000000000007 16.500000000000004 19.500000000000004 35.899440369755844 0.80628925514093874
decision_type=2 2 2 2 2 2 2 2 2 2 2 2 2 2 2 2 2 2 2 2 2 2 2 2 2 2 2 2 2 2
left_child=1 2 3 4 11 -4 7 -7 14 17 -10 12 13 -1 -9 -15 -17 18 19 -2 -20 25 23 -23 -24 26 27 29 -29 -19
right_child=9 -3 5 -5 -6 6 -8 8 10 -11 -12 -13 -14 15 -16 16 -18 21 20 -21 -22 22 24 -25 -26 -27 -28 28 -30 -31
leaf_value=-0.00015827212061924882 0.0041063859352704702 -0.00099178820135531259 0.00024096916918452265 0.0011111542921581328 -0.0014466769271333944 0.00014278458362289415 -2.9324686924261443e-05 -0.0045235459369117508 -0.0072152996976622618 0.0011678232222914087 0.0027623655597470501 -0.0082258468023068011 -0.0046499079443808817 0.002957248597696944 -0.05062219596883847 0.00082570341424797414 -0.03082641349036154 -7.2746652730074294e-05 -0.0046143223806613971 -0.012473766313540025 -0.00093869626746199064 -0.036316121582367251 -0.0093115825051014456 -0.0030910546828330043 0.0039879118915734334 -0.001311401825789158 -0.00051138178309251498 0.0092784100849188176 -0.020612508087381569 0.0044278333712230149
leaf_weight=4214 401 11660 39229 34960 9486 7711 25554 13270 326 75249 1352 246 5418 4016 142 2302 86 566 1278 241 1850 1936 3670 2931 7933 2039 2265 352 441 2303
leaf_count=4214 401 11660 39229 34960 9486 7711 25554 13270 326 75249 1352 246 5418 4016 142 2302 86 566 1278 241 1850 1936 3670 2931 7933 2039 2265 352 441 2303
internal_value=0.00011358 5.43845e-06 5.91321e-05 0.000296074 -0.000126902 -0.000105156 -0.000353635 -0.000736371 -0.00116634 0.000280798 0.000733016 0.000262253 0.00033113 0.000760972 -0.00140397 0.00132573 0.000201005 -9.89151e-05 -0.00111406 0.00158879 -0.0016688 5.77018e-05 -0.000242866 -0.00115677 0.000140481 0.000679136 0.00113379 0.00208083 -0.000277427 0.00273266
internal_weight=263427 159972 148312 60728 25768 87584 48355 22801 15090 103455 1678 16282 16036 10618 13412 6404 2388 28206 3770 642 3128 24436 16470 4867 11603 7966 5927 3662 793 2869
internal_count=263427 159972 148312 60728 25768 87584 48355 22801 15090 103455 1678 16282 16036 10618 13412 6404 2388 28206 3770 642 3128 24436 16470 4867 11603 7966 5927 3662 793 2869
is_linear=0
shrinkage=0.05


Tree=107
num_leaves=31
num_cat=0
split_feature=18 24 3 22 16 22 15 4 4 18 11 3 24 14 27 2 17 19 22 3 22 24 0 29 13 29 0 28 11 17
split_gain=3.01215 2.88667 2.36447 2.05161 1.80546 2.80016 6.47282 2.03866 2.68978 2.95521 4.72791 2.69131 2.44152 2.7878 2.24354 2.82054 2.04971 2.03066 2.02825 3.03169 1.99053 1.98445 1.95209 1.93627 1.90734 1.88941 1.84868 2.15271 1.82492 1.81082
threshold=0.80007067171630586 20.500000000000004 -0.45578255683736135 3.5000000000000004 1.8890193110376716 2.5000000000000004 1.5000000000000002 -0.51527502160955929 -0.5230896941165869 20.639761824153961 0.31517888466465621 -1.2387197883639813 24.500000000000004 1.1388826222122266 19.500000000000004 -0.24550049639915775 6.5000000000000009 40.162470820005133 19.500000000000004 -0.51475799797007971 28.500000000000004 6.5000000000000009 5.0195808124667609 -1.0308775640211452 0.26488879518553249 -1.1598050193827298 4.6500701778329185 28.500000000000004 0.29684828509162375 6.5000000000000009
decision_type=2 2 2 2 2 2 2 2 2 2 2 2 2 2 2 2 2 2 2 2 2 2 2 2 2 2 2 2 2 2
left_child=1 2 -1 -4 7 6 22 8 9 14 11 -11 29 -14 16 17 21 -16 -12 24 -18 23 28 -2 -20 -19 -7 -28 -6 -9
right_child=4 -3 3 -5 5 26 -8 12 -10 10 18 -13 13 -15 15 -17 20 25 19 -21 -22 -23 -24 -25 -26 -27 27 -29 -30 -31
leaf_value=-0.00079583001405330125 -0.077285555003819173 0.0016702321690309073 0.0037505035257814796 0.00184374526882189 -0.0017800227913547532 -0.00070405904774627377 0.0037426540448832579 0.00016001380642727126 -0.036964189851597391 -0.040026732005404408 -0.008423797563415129 -0.022976991674115863 -0.00084321210001738725 0.000483807563565356 -0.00082719784100514704 0.0020531375908548134 -0.054128583564668979 -0.055544249396778489 0.019378008405657388 -0.056922541873574518 0.012979537374371098 -0.0052320386699749501 0.0043046659687525973 0.01487513485528151 0.0072059629156758205 0.0029742414205824025 0.0015327375085107441 0.0095698885823389812 -0.036187289885979017 0.001280312235618356
leaf_weight=4370 124 3773 214 2043 375 8639 1704 113419 310 941 5968 9114 28189 13580 2510 1986 390 229 1143 177 117 7533 208 468 1873 1787 31548 3030 1577 16394
leaf_count=4370 124 3773 214 2043 375 8639 1704 113419 310 941 5968 9114 28189 13580 2510 1986 390 229 1143 177 117 7533 208 468 1873 1787 31548 3030 1577 16394
internal_value=8.42898e-05 0.000918269 0.000289724 0.0016039 5.00527e-05 0.000329432 -0.000960145 -1.37211e-05 -0.000363427 -0.000321595 -0.000733243 -0.00148185 5.69407e-05 -0.000275563 0.00020074 0.000901413 -0.00032785 0.000212108 8.84183e-05 0.00110554 -0.00341223 -0.000135385 -0.00277778 0.00265203 0.00147878 0.00139385 0.000444732 0.00060819 -0.00326844 0.000163928
internal_weight=263733 10400 6627 2257 253333 47081 3864 206252 34670 34360 19216 10055 171582 41769 15144 6512 8632 4526 9161 3193 507 8125 2160 592 3016 2016 43217 34578 1952 129813
internal_count=263733 10400 6627 2257 253333 47081 3864 206252 34670 34360 19216 10055 171582 41769 15144 6512 8632 4526 9161 3193 507 8125 2160 592 3016 2016 43217 34578 1952 129813
is_linear=0
shrinkage=0.05


Tree=108
num_leaves=31
num_cat=0
split_feature=18 22 0 27 24 18 6 14 24 27 29 22 19 5 5 16 20 17 0 7 0 24 20 29 24 22 24 0 24 29
split_gain=1.91027 3.67197 2.72739 2.63724 2.23493 1.86127 2.72291 3.288 1.85382 2.51756 2.71226 2.26171 1.92657 1.82326 1.47246 1.54794 1.43276 1.39577 1.35 1.33799 2.08616 2.64858 1.71153 1.7735 1.97593 2.22198 1.68779 2.9165 1.92591 2.06419
threshold=0.80007067171630586 6.5000000000000009 4.6568054714595153 22.500000000000004 2.5000000000000004 0.054903876563013647 0.11191186438626136 1.4440838166435259 20.500000000000004 30.500000000000004 -0.84205718744538371 28.500000000000004 0.24464730749110022 0.39357389656109359 0.61913244882578577 3.1082592266346656 0.70710804862122645 4.5000000000000009 4.7946504408654791 0.36529561583706288 5.5367160627092531 24.500000000000004 0.081816104320409824 -0.37706383319294912 30.500000000000004 19.500000000000004 6.5000000000000009 5.0146537794266903 29.500000000000004 0.11033084955213045
decision_type=2 2 2 2 2 2 2 2 2 2 2 2 2 2 2 2 2 2 2 2 2 2 2 2 2 2 2 2 2 2
left_child=1 2 -1 18 16 -6 -7 -8 11 -10 -11 13 -12 -3 -15 -16 -5 -9 -4 26 -21 -22 23 -23 -25 -26 -2 -28 -29 -30
right_child=19 8 3 4 5 6 7 17 9 10 12 -13 -14 14 15 -17 -18 -19 -20 20 21 22 -24 24 25 -27 27 28 29 -31
leaf_value=0.0042489520936141436 -0.0011406176961285854 -0.03283151676672097 8.6449425117032111e-05 -0.00020975249513449239 0.00088514079318543722 -0.0018942553355695551 0.0028550743291529319 0.001832526753167 0.0025136328244852583 0.0037895649192577793 -0.07150416330986871 0.0027689452300570681 -0.0005768660357345144 0.0025509269886434746 -0.012333919636713108 0.0070005910078807868 -0.0015534131617134517 -0.0026192036634337 0.0025573739772724326 0.00012867012343976262 0.0015563401895187148 0.00675752382267749 0.00067139168399230824 -0.0032828894521806889 -0.038349687984780605 0.0019451108135498771 -0.011856702729868525 0.00025458610551070147 0.00075814763114210671 -0.0021377120627322443
leaf_weight=403 9107 52 169 57 342 115 200 50 2679 74 74 1280 108 394 3347 215 50 171 609 188977 11731 119 1944 1322 97 53 2958 34118 1137 1893
leaf_count=403 9107 52 169 57 342 115 200 50 2679 74 74 1280 108 394 3347 215 50 171 609 188977 11731 119 1944 1322 97 53 2958 34118 1137 1893
internal_value=7.08749e-05 0.000735393 0.00256694 0.00171866 0 0.000831435 -0.00100746 0.000855107 0.000252949 0.00126065 -0.00347656 -0.000306354 -0.00675824 -0.000890719 -0.000768453 -0.00108928 -0.00682243 -0.00334842 0.0038946 4.36368e-05 0.000100028 0.000662256 -0.000537482 -0.00175361 -0.00222826 -0.00766667 -0.000190397 -5.08652e-05 6.94519e-05 -0.00113861
internal_weight=263845 10389 2166 1763 985 878 536 421 8223 2935 256 5288 182 4008 3956 3562 107 221 778 253456 204243 15266 3535 1591 1472 150 49213 40106 37148 3030
internal_count=263845 10389 2166 1763 985 878 536 421 8223 2935 256 5288 182 4008 3956 3562 107 221 778 253456 204243 15266 3535 1591 1472 150 49213 40106 37148 3030
is_linear=0
shrinkage=0.05


Tree=109
num_leaves=31
num_cat=0
split_feature=18 24 0 22 7 15 16 20 0 23 18 7 24 18 1 4 20 3 27 0 27 22 17 1 27 7 18 15 6 13
split_gain=1.63409 2.12485 2.093 2.47839 1.85305 1.90382 1.70323 1.56008 2.65166 2.06535 2.6698 2.00518 2.05847 2.12019 2.07713 1.90695 2.76079 2.16606 1.86559 2.88208 1.6956 1.59618 1.82272 1.59963 1.56672 2.21334 1.86573 1.55628 2.37576 1.53234
threshold=0.9153330097459661 14.500000000000002 5.0258752632043366 8.5000000000000018 0.41486821413055597 4.5000000000000009 0.003600789203555103 0.25894401578423953 4.9244151253434794 5.5000000000000009 6.3629099779192284 0.35071519013389857 28.500000000000004 39.41889611950149 273.00000000000006 -0.13945880782204739 0.71486544026091525 -0.55748302724299126 24.500000000000004 4.4439066730957402 7.5000000000000009 3.5000000000000004 6.5000000000000009 253.00000000000003 27.500000000000004 0.49518623827634872 5.7005334325441241 8.5000000000000018 0.57978285844791833 0.19641428097657501
decision_type=2 2 2 2 2 2 2 2 2 2 2 2 2 2 2 2 2 2 2 2 2 2 2 2 2 2 2 2 2 2
left_child=1 2 -1 -4 -5 -6 -3 -2 9 11 -11 20 13 -13 15 16 17 -14 19 -18 27 -10 -23 29 26 -26 -17 28 -9 -24
right_child=7 6 3 4 5 -7 -8 8 21 10 -12 12 14 -15 -16 24 18 -19 -20 -21 -22 22 23 -25 25 -27 -28 -29 -30 -31
leaf_value=-0.0017087053631709979 -2.9923418002144784e-05 -0.032193073151229233 0.0031394394895771375 0.0067957613841373764 -0.010797779053562846 0.0034277111090563585 0.0014408899817181036 -0.049359924209489286 -0.002459883387778799 -0.013307705234058158 0.0029501038178907559 -0.00023662501318651239 -0.0080118361872028449 0.008703996053482297 0.0066087600193289022 0.0068227484949515528 -0.019762978071509181 -0.0011780059941685871 0.00038635604714030557 -0.029848910625040401 -0.0051810559937301576 0.0016056965239290091 0.0066084367693687645 -0.031402355031057254 0.0079176388690777987 -0.00051177319918353542 -0.0019891344042003707 -0.0050471018970855239 -0.02219067502955516 0.0018121524491033953
leaf_weight=3297 192483 159 453 190 473 620 6172 54 2761 340 3542 19874 89 952 62 50 68 91 620 668 1030 22820 3149 115 127 185 653 114 66 2559
leaf_count=3297 192483 159 453 190 473 620 6172 54 2761 340 3542 19874 89 952 62 50 68 91 620 668 1030 22820 3149 115 127 185 653 114 66 2559
internal_value=7.69796e-05 0.000663499 -0.000103318 0.00130184 0.000179267 -0.000612992 0.0012731 5.05799e-05 0.000273217 -7.52143e-05 0.000996909 -0.000243695 -0.000139084 2.68895e-05 -0.00146192 -0.00168169 -0.00279297 -0.00861111 -0.00202065 -0.00372283 -0.00218354 0.000590371 0.000701044 0.00149064 0 0.00294872 -0.00130868 -0.00602564 -0.01 0.00160827
internal_weight=263836 11364 5033 1736 1283 1093 6331 252472 59989 28585 3882 24703 23439 20826 2613 2551 1536 180 1356 736 1264 31404 28643 5823 1015 312 703 234 120 5708
internal_count=263836 11364 5033 1736 1283 1093 6331 252472 59989 28585 3882 24703 23439 20826 2613 2551 1536 180 1356 736 1264 31404 28643 5823 1015 312 703 234 120 5708
is_linear=0
shrinkage=0.05


Tree=110
num_leaves=31
num_cat=0
split_feature=0 12 16 18 26 27 24 24 8 9 12 29 12 11 23 12 24 29 20 12 13 14 11 18 27 22 27 0 7 22
split_gain=1.58853 1.52323 2.15564 1.83797 1.43253 2.08407 2.57249 2.20993 2.36973 2.13282 1.85903 1.67886 1.46559 1.37675 1.75123 1.39895 1.36005 1.97761 1.42514 1.61881 1.36005 2.15395 2.01318 2.47997 3.88578 4.28017 3.57344 2.69691 2.45052 2.35723
threshold=5.6367995858928763 0.21977845111554598 0.0226436716099391 1.0040241493716906 1.0000000180025095e-35 24.500000000000004 11.500000000000002 24.500000000000004 2.618283908619643 0.54016483768372925 0.14485014621351774 0.52481491963791538 0.1680415873326021 1.8847246003512172 3.5000000000000004 0.16324849213656631 23.500000000000004 -0.097839817786546074 0.11795078027812507 0.39819164959806813 0.16193044866632031 1.8832771490040221 0.10070083388043331 12.78051326677349 15.500000000000002 19.500000000000004 23.500000000000004 4.9041128417203437 0.78296222153833572 3.5000000000000004
decision_type=2 2 2 2 2 2 2 2 2 2 2 2 2 2 2 2 2 2 2 2 2 2 2 2 2 2 2 2 2 2
left_child=4 -2 -3 -4 20 6 9 8 -8 -6 -11 -9 -13 15 -15 -7 18 -18 19 -5 22 -22 23 24 -1 26 -26 -27 -28 -24
right_child=1 2 3 16 5 13 7 11 -10 10 -12 12 -14 14 -16 -17 17 -19 -20 -21 21 -23 29 -25 25 27 28 -29 -30 -31
leaf_value=0.0010319167641053928 0.0019079578301992913 -0.025639883644805617 0.0046726594214604586 -0.0069869632146156132 -0.01279163441847562 0.0083750604949473142 0.00033611394778062235 -0.0052375437464080594 -0.027580919800062539 -0.0048730594356629292 0.0044854612271916046 0.0094599832319634813 -0.0012654166173132924 -0.043426705438843173 0.0094220948927554189 0.0026724803990190323 0.0033166381026678371 -0.010387239296153941 0.0043342578473869455 5.9565149825726339e-05 -0.00016942878434470651 0.00081587416276635277 -0.0018087847826726367 -0.0019597469395345947 0.0027737912660130929 -0.0020220346982553474 0.00087585305951933977 0.0028210338551500434 0.0020492731226615241 0.0004327404561065813
leaf_weight=14683 4190 55 183 88 756 685 10813 4890 64 145 274 122 128 95 51 938 143 296 313 954 101098 52459 6512 5616 1293 1752 2044 2283 904 50289
leaf_count=14683 4190 55 183 88 756 685 10813 4890 64 145 274 122 128 95 51 938 143 296 313 954 101098 52459 6512 5616 1293 1752 2044 2283 904 50289
internal_value=9.77222e-05 0.000887175 -0.00023622 3.54072e-05 7.86757e-05 -0.000339645 -0.000507794 -0.000342136 6.15979e-05 -0.00276596 9.54654e-05 -0.0011965 0.0028 0.00129452 -0.00335616 0.00171288 -0.000451505 -0.00287016 0.000332103 -0.000556622 0.000111872 2.29231e-05 0.000271856 0.000614173 0.000844549 0.00171097 0.00282009 0.000545229 0.00185889 9.96461e-05
internal_weight=264116 6222 2032 1977 257894 18961 17192 16017 10877 1175 419 5140 250 1769 146 1623 1794 439 1355 1042 238933 153557 85376 28575 22959 8276 4241 4035 2948 56801
internal_count=264116 6222 2032 1977 257894 18961 17192 16017 10877 1175 419 5140 250 1769 146 1623 1794 439 1355 1042 238933 153557 85376 28575 22959 8276 4241 4035 2948 56801
is_linear=0
shrinkage=0.05


Tree=111
num_leaves=31
num_cat=0
split_feature=18 5 20 24 27 28 26 5 20 0 20 7 29 0 5 27 5 18 5 28 19 15 27 20 14 21 5 29 6 6
split_gain=1.757 1.88901 2.31614 1.75385 1.80778 1.57188 1.40335 1.90704 1.36167 1.79057 1.7863 1.86529 1.79863 2.21248 1.73227 1.60881 1.86306 1.5741 2.08686 5.19103 2.31935 1.86378 2.0513 1.85424 1.85335 1.60024 1.64443 1.83959 1.58049 2.21555
threshold=0.80007067171630586 0.84610476625601916 0.70723773393373945 20.500000000000004 23.500000000000004 33.500000000000007 1.0000000180025095e-35 1.6129722275535059 0.23661759625033579 4.9244151253434794 0.70712980943250281 0.34151648720900551 -1.1894795493740016 4.5860089852518895 3.5459849956140679 23.500000000000004 0.50850146644659977 28.015168045621891 0.6413896102798059 9.5000000000000018 38.324239405701839 18.500000000000004 23.500000000000004 0.70741574513579075 1.696745466517698 28.500000000000004 0.60815907576025086 -0.44252610937883896 0.7532791549682113 0.58377042984933125
decision_type=2 2 2 2 2 2 2 2 2 2 2 2 2 2 2 2 2 2 2 2 2 2 2 2 2 2 2 2 2 2
left_child=1 5 -3 6 -5 -1 -4 -8 14 10 -10 15 13 -13 -2 -12 -17 18 19 20 21 23 -23 -14 -25 -21 -27 -28 29 -20
right_child=8 2 3 4 -6 -7 7 -9 9 -11 11 12 17 -15 -16 16 -18 -19 28 25 -22 22 -24 24 -26 26 27 -29 -30 -31
leaf_value=0.0031719177490421302 -2.9324749961677407e-06 0.0013961650521978881 -0.0016925824073052082 0.0018230595034986711 -0.00065225028054730029 -0.041868770714529512 -0.035037985528591928 0.00091342591039637443 0.0037465416670762076 0.0015614932757650332 -0.018273500143742429 0.0094312272657299696 -0.0070840538359564749 0.0035184299432611727 0.0058069398203846687 -0.02092491746966705 0.0084684119235014284 0.0025419250778913223 -0.00026641436950143653 -0.013930573133448674 -0.0015127721578493143 -0.007576574066095557 -0.0057383445162154283 -0.00082148791109284145 -0.0080414011560210399 0.0013579630968910432 0.003194046498347198 -0.017637988929933329 0.0013616056620193171 -0.0066837256398193465
leaf_weight=2150 192015 4419 2169 914 323 99 170 98 952 32107 793 686 57 2232 590 78 269 4384 8162 84 567 55 140 364 111 1565 171 239 5777 2166
leaf_count=2150 192015 4419 2169 914 323 99 170 98 952 32107 793 686 57 2232 590 78 269 4384 8162 84 567 55 140 364 111 1565 171 239 5777 2166
internal_value=9.79894e-05 0.000736801 0.000380576 -0.000547088 0.000986257 0.00201867 -0.0013254 -0.00473881 7.19345e-05 0.000277892 -7.97172e-06 -8.06452e-05 3.73692e-06 0.00117546 6.74957e-06 -0.0020614 0.000778098 -0.000139669 -0.000332511 -0.00146734 -0.003949 -0.00581843 -0.01 -0.00428571 -0.00326316 9.22778e-05 0.000379747 -0.00243902 -9.62434e-05 -0.000466692
internal_weight=263906 10342 8093 3674 1237 2249 2437 268 253564 60959 28852 27900 26760 2918 192605 1140 347 23842 19458 3353 1294 727 195 532 475 2059 1975 410 16105 10328
internal_count=263906 10342 8093 3674 1237 2249 2437 268 253564 60959 28852 27900 26760 2918 192605 1140 347 23842 19458 3353 1294 727 195 532 475 2059 1975 410 16105 10328
is_linear=0
shrinkage=0.05


Tree=112
num_leaves=31
num_cat=0
split_feature=16 18 0 22 13 11 1 5 22 12 0 29 13 12 18 0 18 22 10 22 29 6 21 0 21 11 6 11 22 5
split_gain=1.41258 1.76525 1.7864 2.50194 1.49678 1.61278 1.49339 3.32529 1.37113 1.78476 2.48381 1.74794 1.63617 2.15662 1.39605 1.39316 1.31829 2.95053 1.51852 1.51061 1.29597 1.32383 1.29491 1.29448 3.5724 2.72187 1.72912 1.29332 1.29258 2.74315
threshold=0.54110554908786268 6.256633962694699 4.6426673853605518 11.500000000000002 0.12455384909873286 1.2369955598646747 109.00000000000001 0.68594293058874634 18.500000000000004 0.13397792951014334 4.7105902035041884 0.43297772120913963 0.13199640266612336 0.096619454592744805 30.205303573953547 4.5402900480898207 3.4393281946565177 3.5000000000000004 0.05000000000000001 20.500000000000004 -0.96610888091398417 0.26644144480387083 37.500000000000007 5.0026325636191329 31.500000000000004 0.49377391006513888 0.22955338602049205 0.75742808558791541 1.5000000000000002 0.59633184997586997
decision_type=2 2 2 2 2 2 2 2 2 2 2 2 2 2 2 2 2 2 2 2 2 2 2 2 2 2 2 2 2 2
left_child=1 2 3 -1 28 8 7 -4 9 10 14 12 13 -10 -6 -13 18 -18 -9 -19 -16 -22 -5 24 -12 -25 -26 -14 29 -3
right_child=-2 4 6 22 5 -7 -8 16 11 -11 23 15 27 -15 20 -17 17 19 -20 -21 21 -23 -24 25 26 -27 -28 -29 -30 -31
leaf_value=0.0042778234035887883 0.00044216101596103897 -0.019128373224415983 -0.0018494610941044546 0.0018717347191302012 0.0048427346027481444 0.005393642876728358 0.00019673840239377424 -0.012813919789015372 -0.037732620501788605 -0.0047373611649352753 -0.0011352803534285547 -0.030645879882018209 -0.001218710299647233 -0.0040741554595093909 0.013437040026951983 0.0084715747680191005 0.0071010230505711121 -0.0095002006939704422 0.0016327991062870179 0.0018041308255203439 0.0098224763952346923 -0.030001705303913856 -0.010408872381742281 0.0021642643887883656 -0.050173098366338736 -0.015760558624569015 -0.015248548312731414 0.0064726632031006093 -2.4563931453660579e-05 0.0036848272025169445
leaf_weight=487 149179 77 5582 494 829 1235 66411 67 93 9386 738 54 7130 165 82 754 164 855 3217 759 62 181 102 1057 218 56 167 410 13003 456
leaf_count=487 149179 77 5582 494 829 1235 66411 67 93 9386 738 54 7130 165 82 754 164 855 3217 759 62 181 102 1057 218 56 167 410 13003 456
internal_value=8.72965e-05 -4.49729e-05 8.86892e-05 0.00210526 -0.000333859 -0.000582747 6.03465e-05 -0.000489478 -0.00068422 -0.00101284 -2.94985e-05 -0.000196375 -0.00042575 -0.00434109 0.00185442 0.00201733 0.000438562 -0.000658043 0.00103228 -0.00130731 -0.000923077 -0.0027572 -6.71141e-05 -0.00100179 -0.00219947 0.000206649 -0.0061039 -0.000291777 8.20035e-05 0.00249531
internal_weight=263470 114291 78138 1083 36153 22617 77055 10644 21382 12776 3390 8606 7798 258 1154 808 5062 1778 3284 1614 325 243 596 2236 1123 1113 385 7540 13536 533
internal_count=263470 114291 78138 1083 36153 22617 77055 10644 21382 12776 3390 8606 7798 258 1154 808 5062 1778 3284 1614 325 243 596 2236 1123 1113 385 7540 13536 533
is_linear=0
shrinkage=0.05


Tree=113
num_leaves=31
num_cat=0
split_feature=24 28 16 22 0 29 18 23 28 7 22 24 0 0 0 4 5 0 18 24 29 4 29 4 29 7 14 29 7 12
split_gain=1.31008 1.89307 2.10994 2.1116 2.02748 1.8626 1.80881 1.91937 1.9617 1.77525 1.7253 1.71369 8.12353 2.60809 2.68148 2.54498 2.40333 1.98133 2.45393 2.20852 2.78373 1.97234 1.9706 3.65578 3.41029 2.26328 3.17966 2.07586 2.92447 1.96873
threshold=9.5000000000000018 29.500000000000004 0.040011629287108337 29.500000000000004 5.0448809385801114 3.3334073898702967 81.762926457593622 1.5000000000000002 14.500000000000002 1.2225928741084042 28.500000000000004 8.5000000000000018 5.0763865755225819 5.1972126895189881 5.2303599386420521 0.057042794452091976 0.39357389656109359 4.4674786937065862 28.015168045621891 2.5000000000000004 3.3334073898702967 -0.25513800502060524 -0.15722160775239588 -0.19037711836720475 0.19279157665357025 1.0773958866456528 2.3763063357452494 3.7506147206528282 0.57134043822731684 0.22825147142191587
decision_type=2 2 2 2 2 2 2 2 2 2 2 2 2 2 2 2 2 2 2 2 2 2 2 2 2 2 2 2 2 2
left_child=11 5 4 -4 -3 6 -2 8 -8 -7 -9 13 22 17 15 -15 -16 18 19 21 -21 -1 25 24 -24 -13 -27 28 -25 -17
right_child=1 2 3 -5 -6 9 7 10 -10 -11 -12 12 -14 14 16 29 -18 -19 -20 20 -22 -23 23 27 -26 26 -28 -29 -30 -31
leaf_value=-0.0033938684636307622 0.00026759005773360485 -0.0014537933289436175 0.0036122592886117379 0.015960500663679211 -0.032203137535438263 0.0044737618520299489 -0.00881658871583124 -0.04912801849433681 -0.10068125645283113 0.012138653835452873 0.028166626131274027 -0.008416430374590991 0.0010659968570919678 -0.0034080462319795351 0.0022637618044445626 -0.0040851897860674788 -0.00040987367981363241 0.00085255309172169137 0.0016377724122207096 -0.018498414363580174 -0.029987791710073954 0.0081102047418109956 -0.079693867787085357 -0.14594470525359696 -0.019348884613799754 -0.064708625303959877 -0.032257947845714799 -0.048459452141904877 -0.24934458592167608 0.0017622236434165731
leaf_weight=159 181733 444 6557 1010 93 2421 96 468 122 144 51 2152 3972 3054 1366 646 22185 34092 379 219 62 75 63 116 670 172 304 71 50 1176
leaf_count=159 181733 444 6557 1010 93 2421 96 468 122 144 51 2152 3972 3054 1366 646 22185 34092 379 219 62 75 63 116 670 172 304 71 50 1176
internal_value=0.000108738 0.000176246 0.000924235 0.00113916 -0.00210428 0.000143486 0.000124678 -0.00234735 -0.0062844 0.00148148 -0.000693642 -7.49475e-05 -0.000785997 9.93487e-06 -0.000345798 -0.00141304 -0.000124835 0.000298977 -0.00202461 -0.00427184 -0.00725979 -0.000683761 -0.00250695 -0.00443299 -0.00268759 -0.00179604 -0.00491597 -0.00983122 -0.0128916 6.58617e-05
internal_weight=264122 193139 8104 7567 537 185035 182470 737 218 2565 519 70983 7570 63413 28427 4876 23551 34986 894 515 281 234 3598 970 733 2628 476 237 166 1822
internal_count=264122 193139 8104 7567 537 185035 182470 737 218 2565 519 70983 7570 63413 28427 4876 23551 34986 894 515 281 234 3598 970 733 2628 476 237 166 1822
is_linear=0
shrinkage=0.05


Tree=114
num_leaves=31
num_cat=0
split_feature=17 27 0 13 16 0 28 2 22 14 29 28 27 2 27 11 22 22 15 16 12 27 18 4 13 22 0 11 1 18
split_gain=1.67579 3.62245 2.85596 2.50019 2.20577 2.09076 3.05818 2.0319 2.26814 2.14709 2.68723 1.70832 2.43125 1.91446 2.24944 2.08461 3.2444 1.62794 2.79386 2.71342 2.8748 2.56023 5.37039 3.23198 2.68 3.0141 2.55189 2.49374 1.97208 1.96666
threshold=6.5000000000000009 15.500000000000002 5.0517303177099064 2.8838566901552962 0.17870444844612846 4.3895594239587075 31.500000000000004 0.6204402495778748 9.5000000000000018 1.2070804257293266 2.8408173346488366 1.5000000000000002 40.500000000000007 -0.88887397286016012 36.500000000000007 1.2760418371562345 2.5000000000000004 20.500000000000004 2.5000000000000004 0.95585526433196322 0.10342637597321774 15.500000000000002 16.877027262905322 -0.067137826953368701 0.14329938882170642 4.5000000000000009 4.898897116514747 0.69739004959595818 245.00000000000003 1.2139476720512721
decision_type=2 2 2 2 2 2 2 2 2 2 2 2 2 2 2 2 2 2 2 2 2 2 2 2 2 2 2 2 2 2
left_child=7 5 -3 4 -4 6 -2 11 -9 10 -10 12 -1 -13 15 17 -17 19 28 20 21 -15 23 24 -23 -26 27 -20 -19 -28
right_child=1 2 3 -5 -6 -7 -8 8 9 -11 -12 13 -14 14 -16 16 -18 18 26 -21 -22 22 -24 -25 25 -27 29 -29 -30 -31
leaf_value=0.00041979389375784639 0.013321791553587703 -0.00040873046692533195 -0.037143004126024316 -0.044837770292455517 0.0039066395366761982 0.0023711276802732043 -0.012254514932549841 -0.0032301100780640583 -0.00098354032481158668 0.0051575142154990858 -0.026176589664241537 0.0010343963282188832 -0.065182087641622796 -0.00072505483687959052 0.0039459714462668893 -0.039766022463584447 -0.0021988276628933027 -0.0012691167346559689 -0.0028375749762151615 0.00084396993873742804 -0.0014066584385962798 0.0019770331510416375 -0.017824465274323988 -0.00048878862262615233 -0.0046145900605358689 0.0029094042935690271 0.0037001105098072827 0.015162886166186842 0.0029277052334122566 0.0013963341267148972
leaf_weight=71513 482 17143 75 59 2338 18097 51 1806 2951 707 81 35571 111 10227 424 572 8363 12207 9541 16706 31628 1765 1180 814 219 318 1782 415 1033 15889
leaf_count=71513 482 17143 75 59 2338 18097 51 1806 2951 707 81 35571 111 10227 424 572 8363 12207 9541 16706 31628 1765 1180 814 219 318 1782 415 1033 15889
internal_value=0.000104443 0.000410511 -6.37267e-05 0.00152508 0.00177373 0.000909823 0.00399625 5.26076e-05 -0.000892696 -0.00018989 -0.00076847 7.64035e-05 0.000277002 -2.02484e-05 -0.000120885 -0.000134565 -0.000867376 -7.14396e-05 0.000174224 -0.00023116 -0.00042881 0.00015355 0.00117784 0.00226573 0.00322328 0.000130354 0.000460419 -0.000179791 -0.000422961 0.000821119
internal_weight=264068 38245 19615 2472 2413 18630 533 225823 5545 3739 3032 220278 71624 148654 113083 112659 8935 103724 40867 62857 46151 14523 4296 3116 2302 537 27627 9956 13240 17671
internal_count=264068 38245 19615 2472 2413 18630 533 225823 5545 3739 3032 220278 71624 148654 113083 112659 8935 103724 40867 62857 46151 14523 4296 3116 2302 537 27627 9956 13240 17671
is_linear=0
shrinkage=0.05


Tree=115
num_leaves=31
num_cat=0
split_feature=28 0 27 11 18 22 23 27 28 24 29 16 12 24 24 23 0 3 12 3 18 27 27 6 22 21 24 24 22 0
split_gain=1.87033 1.96551 3.16671 2.3583 1.51476 2.04572 1.93108 2.79894 2.12524 2.25375 2.114 2.0911 3.69748 1.81877 1.76533 1.7136 1.87546 1.55029 1.51817 1.48836 1.46063 1.95869 1.41311 1.36891 2.87934 2.66858 2.21702 2.51333 3.29911 1.7316
threshold=29.500000000000004 4.3895594239587075 23.500000000000004 0.78082692387950103 66.380264837857311 27.500000000000004 3.5000000000000004 17.500000000000004 17.500000000000004 27.500000000000004 -1.9534123769382994 0.68759789599987475 0.37049919316409535 4.5000000000000009 18.500000000000004 2.5000000000000004 4.6603476403907047 -0.99208991628968779 0.37879895484167753 -1.1889665180603852 20.936565974487191 31.500000000000004 15.500000000000002 0.04061927638801887 3.5000000000000004 39.500000000000007 6.5000000000000009 24.500000000000004 10.500000000000002 4.9386601029930661
decision_type=2 2 2 2 2 2 2 2 2 2 2 2 2 2 2 2 2 2 2 2 2 2 2 2 2 2 2 2 2 2
left_child=1 2 -1 20 23 6 7 8 9 22 -10 12 14 18 -8 -9 -17 -12 -13 -15 21 -4 -6 24 -3 26 -26 -28 -29 -30
right_child=-2 4 3 -5 5 -7 11 15 10 -11 17 13 -14 19 -16 16 -18 -19 -20 -21 -22 -23 -24 -25 25 -27 27 28 29 -31
leaf_value=0.0082906933410851272 0.0037575233534295708 0.0015254903050887433 -0.056027292601608297 0.0042717337415861976 -0.060736189684289468 0.018453976714223507 -0.096878612653144403 0.012052681818173611 0.035944871181363199 -0.10393790200679272 -0.022944554713199686 -0.0059281934449075986 0.038141528717200161 0.02800677955844208 -0.1190529539457934 -0.18964695103562859 0.0035042560554503395 -0.079291014971655346 -0.11421516869712148 0.0085931528435393596 -0.0027574937042170126 -0.0088651811249167347 -0.11945952979737243 6.5420156091003872e-05 0.0017344386578850954 -0.031456842432952596 -0.0076758467073868731 0.0032013357204623521 -0.0017770186811016265 0.0053897298054388296
leaf_weight=996 11172 576 53 231 103 366 55 389 54 90 196 94 85 119 52 54 63 285 59 619 395 82 53 243194 898 133 2669 130 655 291
leaf_count=996 11172 576 53 231 103 366 55 389 54 90 196 94 85 119 52 54 63 285 59 619 395 82 53 243194 898 133 2669 130 655 291
internal_value=8.02767e-05 5.2324e-05 0.00171884 -0.000709593 4.06714e-05 -0.00112939 -0.00166667 -0.00297591 -0.00485275 -0.00869919 -0.00308411 -0.000110803 -0.00484375 0.000909091 -0.011028 -7.90514e-05 -0.00538462 -0.00413721 -0.00405229 0.00193767 -0.00254717 -0.00703704 -0.0050641 5.35515e-05 0.000844544 0.000441792 0.000641826 0.000106809 0.00214684 0.00112051
internal_weight=264211 253039 1757 761 251282 2736 2370 1287 781 246 535 1083 192 891 107 506 117 481 153 738 530 135 156 248546 5352 4776 4643 3745 1076 946
internal_count=264211 253039 1757 761 251282 2736 2370 1287 781 246 535 1083 192 891 107 506 117 481 153 738 530 135 156 248546 5352 4776 4643 3745 1076 946
is_linear=0
shrinkage=0.05


Tree=116
num_leaves=31
num_cat=0
split_feature=28 5 17 29 0 27 7 24 22 18 7 4 5 27 24 18 24 29 29 18 14 11 5 29 11 15 0 4 27 21
split_gain=1.39399 2.37365 1.94003 2.17475 1.98812 1.62284 1.45036 1.37147 1.39247 1.55277 1.34643 1.36885 1.95803 1.27934 1.26439 2.09149 1.20711 1.95551 2.4961 1.80731 1.75299 1.4939 1.69394 1.75447 1.66989 1.47402 1.41048 1.52356 1.69719 2.3504
threshold=28.500000000000004 1.2706798281013145 3.5000000000000004 -0.03727141769378009 4.3036100609115797 45.500000000000007 0.46575157517672378 30.500000000000004 34.500000000000007 0.017754866878118381 0.3059452373417364 -0.12836597777685088 0.43652824427803755 1.0000000180025095e-35 30.500000000000004 16.344347621319347 9.5000000000000018 -0.027833274582046184 3.7506147206528282 6.9988217678188258 1.3173073788978713 0.18857255147125171 2.0939217757954247 -0.59509976453478841 0.15236353585561158 4.5000000000000009 4.953885222277969 -0.098157246699118988 4.5000000000000009 38.500000000000007
decision_type=2 2 2 2 2 2 2 2 2 2 2 2 2 2 2 2 2 2 2 2 2 2 2 2 2 2 2 2 2 2
left_child=5 7 3 6 -4 -1 -3 8 9 -2 11 -11 -13 -6 16 -16 19 26 20 21 -19 24 -23 -24 25 -15 -18 -28 -29 -30
right_child=1 2 4 -5 13 -7 -8 -9 -10 10 -12 12 -14 14 15 -17 17 18 -20 -21 -22 22 23 -25 -26 -27 27 28 29 -31
leaf_value=5.8697591535312165e-05 0.012127051975323957 -0.026070378196923084 -0.019733443892883402 -0.039035922960341612 0.019110964212594502 0.0049532158311740813 -0.0021904591982259266 0.010606909531823604 0.017620473240378905 0.0061954886257400976 0.0062525945247055379 -0.0053545199084126588 -0.036827752411195978 0.0064013655280447173 0.00077246714372962053 -0.042265153305393287 0.0012355172132671767 -0.067756198423878658 0.010778286292489156 0.0019763020875756894 -0.00967739236536189 0.016482501285517561 -0.043778180926430293 0.0087373083121345934 -0.077572637793056301 -0.039992592553728216 0.0096602156207123945 0.01159177061405727 -0.024155697882145066 0.014162129576623174
leaf_weight=248825 96 86 94 71 113 252 330 111 165 110 5024 73 53 146 118 87 3488 63 165 1537 53 127 74 93 61 254 717 706 227 119
leaf_count=248825 96 86 94 71 113 252 330 111 165 110 5024 73 53 146 118 87 3488 63 165 1537 53 127 74 93 61 254 717 706 227 119
internal_value=6.4835e-05 0.000543834 2.74946e-05 -0.00303901 0.000208687 3.72174e-05 -0.00165865 0.00134411 0.00123347 0.0010941 0.000979087 -0.00271186 -0.00626984 0.000292096 0.000217797 -0.00365854 0.000319285 0.000718671 -0.0033452 -0.000645724 -0.00896552 -0.00264901 0.000136054 -0.00317365 -0.00442516 -0.00325 0.000935895 0.00208592 0.000874525 -0.00199422
internal_weight=263438 14361 8729 487 8242 249077 416 5632 5521 5356 5260 236 126 8148 8035 205 7830 5538 281 2292 116 755 294 167 461 400 5257 1769 1052 346
internal_count=263438 14361 8729 487 8242 249077 416 5632 5521 5356 5260 236 126 8148 8035 205 7830 5538 281 2292 116 755 294 167 461 400 5257 1769 1052 346
is_linear=0
shrinkage=0.05


Tree=117
num_leaves=31
num_cat=0
split_feature=17 27 0 13 24 24 17 29 14 4 2 21 13 9 29 4 21 24 0 13 5 18 0 29 13 4 29 0 27 3
split_gain=1.63302 1.90722 2.21001 2.41874 2.09853 4.64822 2.54116 2.05357 2.39114 2.18624 2.23244 1.94797 2.00203 2.07038 2.51828 1.92493 2.32797 3.46217 2.25384 1.97878 1.92257 1.85094 2.45453 2.28579 1.7263 1.71821 2.22011 1.80578 1.74326 1.6655
threshold=6.5000000000000009 14.500000000000002 5.0517303177099064 2.8838566901552962 6.5000000000000009 1.5000000000000002 9.5000000000000018 -0.42083534739551903 1.7835432152769617 0.11236170673522232 0.32609483450760329 39.500000000000007 0.7945753853909544 0.58036029094032049 -1.2530839403026801 -0.45850634528089879 30.500000000000004 9.5000000000000018 4.7412328621058295 0.33479208496443474 3.0390391577334959 10.405471555763617 4.7512206636374144 -0.54786112144431576 3.7588547136691113 0.044107279634450804 -0.35512439264318191 4.5208249664032918 4.5000000000000009 -0.52951549419798061
decision_type=2 2 2 2 2 2 2 2 2 2 2 2 2 2 2 2 2 2 2 2 2 2 2 2 2 2 2 2 2 2
left_child=-1 4 -3 -4 5 -2 15 8 11 -9 -11 12 13 14 -7 16 17 -6 -17 -18 -8 23 24 -19 -23 26 -22 -28 -27 -20
right_child=1 2 3 -5 6 7 20 9 -10 10 -12 -13 -14 -15 -16 18 19 21 29 -21 25 22 -24 -25 -26 28 27 -29 -30 -31
leaf_value=7.1496915028289258e-05 0.0078818665638854171 -0.00021164451892346505 0.0033727283954311017 -0.04178871888948206 0.046914306954282052 -0.0099263162987152653 0.005386165826126341 0.0045309266482843067 0.0036892425462107985 -0.0091720744585315119 0.00098746503540156328 -0.033011392263727533 0.011649694724545127 0.0085548614274929807 -0.030605148476684038 0.009619475579412555 -0.014415653368419044 -0.073711866635706655 0.010614382797109509 0.011747630057801278 0.00083962662810997213 -0.063061667700307397 0.014011304482007504 -0.006211235311808074 0.025320658349309039 -0.021788946523769392 -0.041750443822809714 -0.0064576358087793193 0.0048358057896846105 0.0010530311767683171
leaf_weight=225659 603 18042 2549 63 173 149 3688 851 285 246 260 81 82 78 258 610 899 96 1332 771 189 622 277 58 70 52 54 83 282 5367
leaf_count=225659 603 18042 2549 63 173 149 3688 851 285 246 260 81 82 78 258 610 899 96 1332 771 189 622 277 58 70 52 54 83 282 5367
internal_value=8.78978e-05 0.000390359 6.48785e-05 0.0014242 0.000774149 -0.000456274 0.00101758 -0.00148472 -0.00329046 -0.000243183 -0.00284585 -0.00496914 -0.00393298 -0.00515464 -0.00658477 0.000588808 -0.000485502 -0.00207562 0.00102476 0.000748503 0.00203082 -0.00308994 -0.0022807 -0.00818182 -0.00387283 -0.000454545 -0.00303681 -0.00788321 0.00206587 0.000759815
internal_weight=263829 38170 20654 2612 17516 2893 14623 2290 933 1357 506 648 567 485 407 10275 2966 1296 7309 1670 4348 1123 969 154 692 660 326 137 334 6699
internal_count=263829 38170 20654 2612 17516 2893 14623 2290 933 1357 506 648 567 485 407 10275 2966 1296 7309 1670 4348 1123 969 154 692 660 326 137 334 6699
is_linear=0
shrinkage=0.05


Tree=118
num_leaves=31
num_cat=0
split_feature=13 11 22 3 16 24 1 24 4 7 18 0 24 1 7 24 20 20 3 22 3 18 27 1 0 4 1 0 13 2
split_gain=1.49546 2.0644 2.72601 2.15331 1.93048 1.85973 2.26626 2.17955 1.69638 2.02571 1.67238 1.63563 1.61825 2.08981 2.60908 2.2197 2.02531 1.92678 1.59112 1.91164 2.78791 1.90702 1.89709 1.57258 1.75006 1.55435 1.97538 1.55154 1.54352 1.51961
threshold=0.085209767978872822 0.067761404067482933 4.5000000000000009 0.40130781169179702 0.02922305802498695 18.500000000000004 289.00000000000006 7.5000000000000009 0.015261923683561348 0.7165531954006098 26.7162527832748 4.5208249664032918 9.5000000000000018 113.00000000000001 0.86669620246776069 1.5000000000000002 0.18096405476056862 0.71104944821017579 0.21542235901923742 10.500000000000002 -0.57792416978614225 1.7631222131971303 26.500000000000004 249.00000000000003 4.6426673853605518 -0.4421279035433397 193.00000000000003 5.0517303177099064 0.018644057129502966 -0.038676561733484834
decision_type=2 2 2 2 2 2 2 2 2 2 2 2 2 2 2 2 2 2 2 2 2 2 2 2 2 2 2 2 2 2
left_child=1 4 3 23 11 6 7 -6 10 -10 -4 -1 13 14 15 16 -2 -17 19 20 22 -20 -7 -3 -25 26 -21 -9 -28 -22
right_child=12 2 8 -5 5 18 -8 27 9 -11 -12 -13 -14 -15 -16 17 -18 -19 21 25 29 -23 -24 24 -26 -27 28 -29 -30 -31
leaf_value=0.014857424863298947 -0.00038120353487817462 -0.0022862039870103178 0.0020987287432252754 -0.0060806482943296528 0.0016514587600525044 0.0031396942197470844 -0.00096614149185165641 -0.0066241732296603469 -6.537011614441534e-05 -0.024289894575532427 -0.001679335176989812 -0.0040511168197861908 0.00022440134807366255 -0.00013766829890662639 -0.07955190305430869 -0.001262101805626556 0.0026809448715182614 -0.011556658331603352 -0.0029006729602047508 -0.025824190524208708 -0.0026758753441109098 0.0025160264769587375 0.0004617895110066762 -0.014207639379644749 0.002771712857344981 0.0040503375868918834 0.0011078435252838889 0.0021951251075190414 0.0099048261384517295 0.0031809421768272369
leaf_weight=128 601 3877 12354 478 3060 838 60 3118 14338 77 4535 2073 154622 48101 74 6059 406 1232 292 691 352 721 197 126 835 1972 600 1356 137 222
leaf_count=128 601 3877 12354 478 3060 838 60 3118 14338 77 4535 2073 154622 48101 74 6059 406 1232 292 691 352 721 197 126 835 1972 600 1356 137 222
internal_value=9.41821e-05 0.000333162 0.00012698 -0.000919865 0.00081052 0.00103261 0.000512247 0.000589328 0.000304753 -9.36524e-05 0.000644798 -0.00056338 3.48184e-05 -0.000194252 -0.000923316 -0.000839961 0.00136048 -0.00114388 0.00168881 0.0020543 0.00347421 -0.00011846 0.00502415 -0.000603555 0.00120708 0.00138235 0.00012605 -0.000113992 0.00192673 0.000679443
internal_weight=263532 52437 36620 5316 15817 13616 7594 7534 31304 14415 16889 2201 211095 56473 8372 8298 1007 7291 6022 5009 1609 1013 1035 4838 961 3400 1428 4474 737 574
internal_count=263532 52437 36620 5316 15817 13616 7594 7534 31304 14415 16889 2201 211095 56473 8372 8298 1007 7291 6022 5009 1609 1013 1035 4838 961 3400 1428 4474 737 574
is_linear=0
shrinkage=0.05


Tree=119
num_leaves=31
num_cat=0
split_feature=0 28 5 6 27 0 17 1 0 1 5 12 27 0 21 9 4 27 22 28 14 18 6 28 3 14 15 22 18 11
split_gain=1.4475 1.66539 2.43891 2.39341 2.12709 2.06565 2.05658 2.67034 2.30571 1.9053 1.9047 1.8721 1.84269 1.78377 1.63975 3.40152 1.89133 2.14725 1.75132 1.83819 2.00982 1.74366 2.38796 1.77409 2.08346 1.63924 1.93725 1.63378 3.71196 2.28078
threshold=5.6367995858928763 20.500000000000004 0.70605406841163465 0.089147974015846856 2.5000000000000004 5.1227863320152851 6.5000000000000009 125.00000000000001 4.6098625740792736 281.00000000000006 2.7214228453369067 5.0324846378144983 6.5000000000000009 4.3895594239587075 37.500000000000007 0.72158921252340558 -0.22994699080646538 40.500000000000007 14.500000000000002 4.5000000000000009 4.0220505084470437 3.7973285766212217 0.45611936373137923 15.500000000000002 -1.2746328245152851 3.4304145903853409 10.500000000000002 10.500000000000002 3.7973285766212217 1.0000000180025095e-35
decision_type=2 2 2 2 2 2 2 2 2 2 2 2 2 2 2 2 2 2 2 2 2 2 2 2 2 2 2 2 2 2
left_child=1 3 -3 27 -4 6 7 -6 11 -10 -11 25 -7 -5 -15 18 -17 -18 19 20 -16 -21 -23 24 -24 26 -9 28 29 -1
right_child=-2 2 4 13 5 12 -8 8 9 10 -12 -13 -14 14 15 16 17 -19 -20 21 -22 22 23 -25 -26 -27 -28 -29 -30 -31
leaf_value=0.00034470462704276139 0.0010338160799805427 0.0066908545161360805 0.0064081683318552123 0.0029602798603365066 -0.0092982706393796282 0.014290157187847886 0.0021789354268557056 0.016673497740024662 -0.00086848707521954916 0.0077609022556707598 -0.10897742065768348 -0.11415345690546103 0.0050729112350679237 -0.00013964676888802071 -0.00034671846836617547 0.007283360241335685 -0.035309929721308822 0.0012844972938084141 0.0032622049863607078 0.0018350536863397011 -0.066229687002619012 -0.019220422318857799 -0.012745264190059672 0.011568105702088351 0.0010787389548278289 -0.051895131692560062 -0.02761144018476426 0.0011483460795442804 0.0024449484746294236 -0.001755675464222793
leaf_weight=692 6192 5122 7684 1398 3318 1043 7119 486 19052 853 66 64 1696 190426 821 118 639 176 3631 775 191 956 72 624 1351 532 493 5874 1312 359
leaf_count=692 6192 5122 7684 1398 3318 1043 7119 486 19052 853 66 64 1696 190426 821 118 639 176 3631 775 191 956 72 624 1351 532 493 5874 1312 359
internal_value=7.14462e-05 5.32414e-05 0.000320443 -7.40157e-06 0.000195963 2.93762e-05 -8.34819e-05 -0.000298021 -9.46811e-05 5.05733e-05 0.00227421 -0.00193651 0.00134721 -4.16049e-05 -5.40595e-05 0.00059226 -0.00227224 -0.00312883 0.000909631 0.000281837 -0.00161067 0.000788777 0.00024309 0.00120664 0.000231904 -0.00158173 -0.000367722 0.000827971 0.00193821 -0.000275928
internal_weight=263135 256943 47528 209415 42406 34722 31983 24864 21546 19971 919 1575 2739 201178 199780 9354 933 815 8421 4790 1012 3778 3003 2047 1423 1511 979 8237 2363 1051
internal_count=263135 256943 47528 209415 42406 34722 31983 24864 21546 19971 919 1575 2739 201178 199780 9354 933 815 8421 4790 1012 3778 3003 2047 1423 1511 979 8237 2363 1051
is_linear=0
shrinkage=0.05


Tree=120
num_leaves=31
num_cat=0
split_feature=17 28 0 5 5 7 29 7 21 24 24 4 20 16 5 21 12 29 0 29 24 7 18 16 1 2 7 18 5 24
split_gain=1.64568 1.75547 2.89611 2.53916 2.15934 1.60696 2.14157 1.78918 2.94489 1.68405 3.85108 3.40479 2.59743 2.48219 1.896 1.82673 1.69446 1.57707 1.5556 3.00011 2.04673 2.7145 3.03041 2.03773 2.47967 2.46488 2.01381 2.26441 2.74235 2.23807
threshold=6.5000000000000009 15.500000000000002 4.9193525064942056 0.54182167754764843 0.38299279661096169 0.33286086619489402 -0.08262057774057098 0.90172786385990167 59.500000000000007 6.5000000000000009 2.5000000000000004 -0.09513749344293139 0.73529432411517204 0.68759789599987475 2.7214228453369067 31.500000000000004 0.18003226881425496 -0.94655401024601937 4.5086161124671804 -0.30685480284904904 1.5000000000000002 0.76790412908075745 30.205303573953547 0.30551806925362596 113.00000000000001 -0.043598602390772297 1.0491949367253859 5.7005334325441241 1.3762185003026113 5.5000000000000009
decision_type=2 2 2 2 2 2 2 2 2 2 2 2 2 2 2 2 2 2 2 2 2 2 2 2 2 2 2 2 2 2
left_child=-1 2 18 -3 -4 6 -5 9 17 10 12 16 -7 14 -13 -14 -12 -9 19 26 -21 -22 -23 24 -20 -26 27 -2 29 -29
right_child=1 3 4 5 -6 7 -8 8 -10 -11 11 13 15 -15 -16 -17 -18 -19 23 20 21 22 -24 -25 25 -27 -28 28 -30 -31
leaf_value=-1.2921944317221417e-05 0.011422027478493019 0.0063812166765199047 -0.016069919620760768 -0.00042239532606423881 0.0014574037056276708 0.012318280279112161 -0.029339253334168144 0.0119453096610595 -0.020863079321144711 0.003714935000603577 0.017795657850759452 -0.036724094760108648 -0.02801752526745795 -0.0061496966866672505 -0.017579476426412204 0.0077031492772886073 -0.013662112844133257 -0.018870332534380068 -0.00016416796770076672 0.0024805796648431216 -0.0017655789511269928 -0.040106224887173247 -0.0035689948128949656 -0.00074537748414183673 -0.018272849392433364 0.0041603655158784355 0.0095377258846912651 -0.02788577635213162 -0.0070663886478422207 0.0024157228725677745
leaf_weight=225671 123 1308 55 464 8316 492 109 957 80 9955 273 119 85 331 141 143 491 1453 694 216 668 105 99 8224 617 93 213 147 123 2114
leaf_count=225671 123 1308 55 464 8316 492 109 957 80 9955 273 119 85 331 141 143 491 1453 694 216 668 105 99 8224 617 93 213 147 123 2114
internal_value=4.41111e-05 0.000347571 5.36525e-05 0.00073837 0.000783658 0.000555224 -0.00204188 0.000657714 -0.000562249 0.000910224 -0.000385542 -0.00195572 0.00256944 -0.00480541 -0.00846154 -0.00184211 0.000248691 -0.000248963 -0.000401161 0.000454307 -0.00176471 -0.00284404 -0.00789216 -0.00073951 -0.0025 -0.00457746 0.00134191 0.000945353 0.000604027 0.000999558
internal_weight=263879 38208 21807 16401 8371 15093 573 14520 2490 12030 2075 1355 720 591 260 228 764 2410 13436 3808 1088 872 204 9628 1404 710 2720 2507 2384 2261
internal_count=263879 38208 21807 16401 8371 15093 573 14520 2490 12030 2075 1355 720 591 260 228 764 2410 13436 3808 1088 872 204 9628 1404 710 2720 2507 2384 2261
is_linear=0
shrinkage=0.05


Tree=121
num_leaves=31
num_cat=0
split_feature=23 3 0 17 23 2 29 29 29 8 0 1 17 27 2 27 4 8 4 14 12 23 5 5 3 0 1 28 28 1
split_gain=1.54598 5.52493 5.512 2.5225 4.86901 2.44973 2.22358 2.1998 3.39005 2.12288 2.6012 2.66705 2.44647 3.22218 2.13908 2.12908 2.18565 2.00999 2.00659 2.36737 2.4027 3.65158 2.3908 2.3422 3.16947 1.98419 3.82948 2.83946 1.99307 1.9758
threshold=1.5000000000000002 0.23955479830745183 5.5297894156727692 4.5000000000000009 1.0000000180025095e-35 0.32609483450760329 -0.47967793934772801 0.21194771214161187 0.25131046356015935 0.41281838759879702 4.8935427106932758 241.00000000000003 7.5000000000000009 19.500000000000004 -2.095014047561524 24.500000000000004 -0.31060534683096153 0.62676028584921661 0.055454571609730628 1.0317210357397322 0.9489467609945802 2.5000000000000004 0.46723693614146783 0.5776783392435606 0.19396281470544016 4.6046610299420534 157.00000000000003 10.500000000000002 12.500000000000002 229.00000000000003
decision_type=2 2 2 2 2 2 2 2 2 2 2 2 2 2 2 2 2 2 2 2 2 2 2 2 2 2 2 2 2 2
left_child=1 2 -1 4 29 9 -4 -5 17 10 11 12 15 -14 -13 25 -17 -9 -11 20 -20 23 -23 -22 -25 26 27 -2 -28 -3
right_child=5 3 6 7 -6 -7 -8 8 -10 18 -12 14 13 -15 -16 16 -18 -19 19 -21 21 22 -24 24 -26 -27 28 -29 -30 -31
leaf_value=-0.00012148382996583357 -0.0098297169699168661 0.00052086021535014564 -0.0058791007993257904 0.00029346169250202183 -0.003044811536582813 0.0011164361726813258 0.0018701739583876862 -0.0021431933228552541 -0.0011989008822120978 -0.00075111317873934004 0.0011055396682995515 0.0058071352396530801 0.0026712147653169061 -0.00041369807567842278 0.0011009660662298533 0.0009109875269555824 -0.0060883160463226027 -0.0091563818499433014 -0.00022534915648903596 0.00094214887887035135 -0.0028726330020106836 -0.0090581548707043234 -0.00028244537772827854 -0.085645267945875209 -0.011383983476243949 -0.0056574612338211646 -0.001807048058633224 0.0057384613871278647 -0.061145879668353359 -0.0030464603921342001
leaf_weight=55714 87 1721 254 4240 2376 24995 4267 139 4343 25016 46839 1129 5785 5895 14908 8389 744 199 12478 11961 77 104 728 68 62 28571 522 400 1567 557
leaf_count=55714 87 1721 254 4240 2376 24995 4267 139 4343 25016 46839 1129 5785 5895 14908 8389 744 199 12478 11961 77 104 728 68 62 28571 522 400 1567 557
internal_value=5.94393e-05 -0.000134806 7.0557e-05 -0.00104604 -0.00198969 0.000134769 0.00174961 -0.00055375 -0.001301 6.50215e-05 0.000183827 -1.36771e-05 -0.000187644 0.000449486 0.000549978 -0.000372393 0.000298916 -0.00612426 -0.000205173 0.000107151 -0.000346231 -0.0026564 -0.00117788 -0.00859903 -0.0126923 -0.000569236 -0.00189829 0.00209446 -0.0028291 -0.000338016
internal_weight=264135 73810 60235 13575 4654 190325 4521 8921 4681 165330 114836 67997 51960 11680 16037 40280 9133 338 50494 25478 13517 1039 832 207 130 31147 2576 487 2089 2278
internal_count=264135 73810 60235 13575 4654 190325 4521 8921 4681 165330 114836 67997 51960 11680 16037 40280 9133 338 50494 25478 13517 1039 832 207 130 31147 2576 487 2089 2278
is_linear=0
shrinkage=0.05


Tree=122
num_leaves=31
num_cat=0
split_feature=2 13 2 13 3 4 22 19 7 12 12 19 4 2 0 0 28 12 4 18 27 22 18 19 16 27 0 16 18 24
split_gain=1.50902 1.3939 2.08275 1.92013 1.7814 1.9445 1.66607 1.45108 1.40871 1.36909 1.82208 3.60183 1.85797 1.36489 2.09585 1.838 1.44412 1.7268 1.51599 1.3819 1.35257 1.6659 2.38081 2.00612 3.07028 2.31156 1.82027 1.75417 1.87883 1.7229
threshold=-1.5742715205010283 0.094311394975942958 0.32609483450760329 0.10480381609053241 0.23955479830745183 0.16435227740156297 2.5000000000000004 5.4041075629617303 0.58980739540741756 0.71677649195308335 0.051673844422519523 9.2681136455936066 0.2988773374608194 0.53853972921116455 4.8576412516912386 5.2086614638248561 1.5000000000000002 0.15546429068246626 0.049457790911196155 1.3256835252430694 27.500000000000004 22.500000000000004 9.3195215921371357 58.467286815758271 5.4978098727660978 4.5000000000000009 4.725996250845899 1.3343746847726832 25.932938302285212 28.500000000000004
decision_type=2 2 2 2 2 2 2 2 2 2 2 2 2 2 2 2 2 2 2 2 2 2 2 2 2 2 2 2 2 2
left_child=20 4 -3 -4 5 -2 9 -5 -8 10 11 -6 -13 15 -15 -9 -17 -18 -19 -20 21 22 26 -23 -25 -26 -1 28 -24 -30
right_child=1 2 3 7 6 -7 8 13 -10 -11 -12 12 -14 14 -16 16 17 18 19 -21 -22 23 27 24 25 -27 -28 -29 29 -31
leaf_value=2.4937078755483198e-06 0.00063190241707951626 -0.00021506470339516831 -0.0019413746612976892 -0.0053649905176207588 0.0087299909460398558 0.00303980294667073 -9.2309727802143964e-05 -0.0024893371050894245 -0.009917003447711556 -0.0084123880501448742 -0.00067816851511259119 -0.0052656994703355149 -0.0094978849235849237 0.0050061708226089895 -0.00035729928702336351 0.0021196387601869204 -0.00075707439672341567 0.0050591637704310048 0.0083064482169476032 0.00091739223222166025 -0.0012036783342374438 -0.020955341848977016 0.001995806443901607 0.013162162886638656 -0.10687204341994459 -0.020621676089629781 0.0028788610372445672 0.0040221659579440109 -0.051007137369837946 0.019393448728851081
leaf_weight=370 41571 166902 1191 174 56 1061 12022 998 96 122 672 50 79 591 7040 8871 3127 360 68 3108 1893 1741 608 1588 143 407 993 7152 374 65
leaf_count=370 41571 166902 1191 174 56 1061 12022 998 96 122 672 50 79 591 7040 8871 3127 360 68 3108 1893 1741 608 1588 143 407 993 7152 374 65
internal_value=4.62251e-05 1.64814e-05 -4.72899e-05 0.000373316 0.000236681 0.000393366 -0.000273345 0.000469244 -0.000113055 -0.00225741 -0.00155193 -0.00594595 -0.0105426 0.000502007 -5.11073e-05 0.000757319 0.000890949 0.000334684 0.00109163 0.000743073 0.000527586 0.000703817 0.00105836 -0.000170147 0.00085594 -0.00236364 0.0029934 0.000736675 -0.00117479 -0.00366743
internal_weight=263493 248159 192430 25528 55729 42632 13097 24337 12118 979 857 185 129 24163 7631 16532 15534 6663 3536 3176 15334 13441 9562 3879 2138 550 1363 8199 1047 439
internal_count=263493 248159 192430 25528 55729 42632 13097 24337 12118 979 857 185 129 24163 7631 16532 15534 6663 3536 3176 15334 13441 9562 3879 2138 550 1363 8199 1047 439
is_linear=0
shrinkage=0.05


Tree=123
num_leaves=31
num_cat=0
split_feature=0 28 0 16 29 2 5 27 17 29 29 18 13 0 4 3 14 5 18 2 16 7 24 19 13 0 1 22 0 12
split_gain=1.46789 1.46762 3.16829 2.39678 2.22508 1.7074 1.79031 1.6676 1.54694 3.24748 1.74275 1.91888 1.52227 1.79701 1.74318 2.18236 2.08962 1.68377 2.36127 2.09327 2.22047 1.69862 2.27008 1.69179 2.56737 1.82582 2.81235 1.70336 1.93603 2.93652
threshold=5.6367995858928763 28.500000000000004 4.4674786937065862 2.9622443243887377 -1.0308775640211452 -2.2061208945628308 1.9709976097904913 6.5000000000000009 3.5000000000000004 -0.066391480319114252 -1.7690543140210224 7.2971603810902161 0.092455024041594044 4.3895594239587075 -0.38568843879292997 -0.8909393653097758 1.5223593659663242 2.0003250782998951 21.941426293570924 -1.5742715205010283 1.2489986561424047 1.3281204337535069 25.500000000000004 57.682278571424497 0.48763528691685271 4.6383966752493375 293.00000000000006 3.5000000000000004 4.6916983434607848 0.11018219446633483
decision_type=2 2 2 2 2 2 2 2 2 2 2 2 2 2 2 2 2 2 2 2 2 2 2 2 2 2 2 2 2 2
left_child=1 5 3 4 -3 6 -1 -8 9 10 -4 -12 -7 -14 15 17 -16 23 -19 -20 21 -21 -23 -15 25 26 -25 28 -27 -30
right_child=-2 2 8 -5 -6 12 7 -9 -10 -11 11 -13 13 14 16 -17 -18 18 19 20 -22 22 -24 24 -26 27 -28 -29 29 -31
leaf_value=0.0042985417645276976 0.0010149698857627478 0.01109369598603686 0.030645371303653985 -0.01957883483013485 -0.0042755612826086732 0.00049215262048153967 0.01822387927712054 -0.0029848393275502209 0.0044743715849523196 -0.030420965655873947 0.0070917794318322265 -0.02362851578567482 0.0037226647759930898 -0.00057609042657340726 -8.5072610545817193e-05 -0.003476185199548466 0.00084427342091971725 0.00043595895586133839 0.014527812847660075 -0.032032311078209079 -0.023567508008598168 -0.067225922767106192 0.028714756904440711 -0.030831123354556358 0.0099596334960419825 -0.087316903713874586 -0.086317824670433252 0.0083020984833048605 -0.052885458134922819 0.020097388239236711
leaf_weight=2339 6126 105 139 65 750 50155 324 2107 12765 125 218 293 1168 10434 99029 27700 29857 3845 449 802 1859 160 51 1350 5553 218 64 4919 75 435
leaf_count=2339 6126 105 139 65 750 50155 324 2107 12765 125 218 293 1168 10434 99029 27700 29857 3845 449 802 1859 160 51 1350 5553 218 64 4919 75 435
internal_value=8.55476e-05 6.73394e-05 0.000556708 -0.00228261 -0.00157895 3.82061e-05 0.000974843 2.46812e-05 0.000749631 -0.00141935 0 -0.00135029 1.94437e-05 -4.58589e-05 -5.80835e-05 -0.000285941 4.43027e-05 7.94334e-06 -0.000661457 -0.00163806 -0.0021344 -0.00401777 -0.00800948 0.000216071 0.000605676 -2.69084e-05 -0.00163366 0.000375421 -0.00188187 -0.000196078
internal_weight=263479 257353 14460 920 855 242893 4770 2431 13540 775 650 511 238123 187968 186800 57914 128886 30214 7166 3321 2872 1013 211 23048 12614 7061 1414 5647 728 510
internal_count=263479 257353 14460 920 855 242893 4770 2431 13540 775 650 511 238123 187968 186800 57914 128886 30214 7166 3321 2872 1013 211 23048 12614 7061 1414 5647 728 510
is_linear=0
shrinkage=0.05


Tree=124
num_leaves=31
num_cat=0
split_feature=26 24 28 21 21 0 28 24 18 27 23 29 29 0 1 1 16 18 0 29 22 19 1 29 8 2 2 24 29 27
split_gain=1.87771 2.2736 2.53723 3.05351 2.09993 3.24298 7.37439 2.45362 2.5935 4.10726 2.4918 2.32598 2.24933 2.76835 4.05965 2.00314 1.97791 1.94223 2.54565 2.22732 2.1483 4.18851 2.9957 2.17935 1.90466 2.03853 1.89396 1.88689 1.84736 3.1694
threshold=1.0000000180025095e-35 11.500000000000002 18.500000000000004 28.500000000000004 28.500000000000004 4.8459066944144054 16.500000000000004 17.500000000000004 2.57501948814653 21.500000000000004 5.5000000000000009 -2.0687998472287839 -0.74406408122561807 5.2067576393223733 273.00000000000006 109.00000000000001 0.062328094572605311 1.6749658239256511 4.6426673853605518 -1.2530839403026801 5.5000000000000009 1.4198908949445443 145.00000000000003 -0.069922006990482191 0.81914687741393477 1.0000000180025095e-35 -0.41985094777676629 24.500000000000004 -1.7690543140210224 7.5000000000000009
decision_type=2 2 2 2 2 2 2 2 2 2 2 2 2 2 2 2 2 2 2 2 2 2 2 2 2 2 2 2 2 2
left_child=4 2 -2 -4 5 -1 12 10 9 -9 -6 -10 -7 14 -14 26 -16 18 -11 -20 21 -21 -23 -22 -17 -26 -15 -3 -5 -30
right_child=1 27 3 28 7 6 -8 8 11 17 -12 -13 13 15 16 24 -18 -19 19 20 23 22 -24 -25 25 -27 -28 -29 29 -31
leaf_value=-0.0038271616932733649 -0.0016006441116237437 0.00036254933188018619 -0.037891037956295094 0.0042985776360758487 -0.00023000931952340726 0.0026257540102681423 0.014090394822579422 0.0032980907062528601 0.013469494414381134 0.0022579139284025947 0.0027920601687159469 0.0010919012257745975 -0.001612130991885124 0.0055481771318997147 -0.0067763186109586569 0.00026700635973033994 0.003712393905480975 0.0015941203762529278 0.0029625802787025535 -0.00028222660707958534 -0.0013644595600403489 -0.0034067887046142567 -0.0016701219404753759 0.002465371266298433 -0.026127964384794117 -0.00072109857403209799 -0.00081856165920829612 -0.0030484868303155589 -0.033720143064837629 0.027831133801312576
leaf_weight=8297 891 12520 60 154 53010 1993 2848 3578 537 333 8044 50817 12295 253 111 81169 893 255 125 225 696 56 101 115 81 7691 10606 5706 179 88
leaf_count=8297 891 12520 60 154 53010 1993 2848 3578 537 333 8044 50817 12295 253 111 81169 893 255 125 225 696 56 101 115 81 7691 10606 5706 179 88
internal_value=7.9514e-05 -0.000391366 -0.00235423 -0.00528067 0.000117315 -2.43986e-05 4.28184e-05 0.00026906 0.000505472 0.00153902 4.8973e-05 0.000395101 -1.93758e-05 -4.87184e-05 -0.00072637 4.15832e-05 0.00233068 -0.000335782 -0.000963053 -0.00194992 -0.00261526 -0.00570681 -0.0119745 -0.00115906 0.000119855 -0.000627895 -0.000599503 -0.000243608 -0.00377672 -0.00629213
internal_weight=263727 19598 1372 481 244129 126237 117940 117892 56838 5484 61054 51354 115092 113099 13299 99800 1004 1906 1651 1318 1193 382 157 811 88941 7772 10859 18226 421 267
internal_count=263727 19598 1372 481 244129 126237 117940 117892 56838 5484 61054 51354 115092 113099 13299 99800 1004 1906 1651 1318 1193 382 157 811 88941 7772 10859 18226 421 267
is_linear=0
shrinkage=0.05


Tree=125
num_leaves=31
num_cat=0
split_feature=14 12 12 1 13 8 29 4 16 3 12 20 13 0 26 16 16 2 24 13 24 24 17 7 6 1 27 28 4 12
split_gain=2.00751 2.08371 2.12847 1.71968 2.04386 1.67005 2.54508 2.1273 2.67932 1.65907 1.72274 1.68764 1.61956 1.54062 1.7577 1.94113 1.48312 1.68391 1.68196 1.47941 1.86598 2.34459 2.19199 2.00779 1.94698 2.71113 1.60516 1.50598 1.67274 1.64175
threshold=2.623059045705324 1.2448114420507665 1.4154500553269906 297.00000000000006 0.2733151308483508 0.81914687741393477 -0.32813146147528488 0.058833808015016704 0.18373167371377461 0.43831661869619659 1.9797378991516592 0.70885292718590975 1.9767836685517983 4.9244151253434794 1.0000000180025095e-35 1.1968116097870591 2.0647176913177736 0.36945931521520486 29.500000000000004 0.13533029037819297 7.5000000000000009 23.500000000000004 8.5000000000000018 0.37374694532356506 0.099586668812152904 105.00000000000001 11.500000000000002 20.500000000000004 0.22036107973762045 0.23565954830354988
decision_type=2 2 2 2 2 2 2 2 2 2 2 2 2 2 2 2 2 2 2 2 2 2 2 2 2 2 2 2 2 2
left_child=1 5 12 -2 -5 13 7 8 -7 11 -11 16 -3 14 19 -16 17 -4 -18 20 -1 22 23 -22 25 -23 -27 28 -21 -29
right_child=3 2 9 4 -6 6 -8 -9 -10 10 -12 -13 -14 -15 15 -17 18 -19 -20 27 21 24 -24 -25 -26 26 -28 29 -30 -31
leaf_value=0.0013370095293360662 0.0010969373711989298 -0.0049593244868670191 -0.0022831029295400551 -0.018950950182108055 0.00063909149312269919 -0.020113748767645524 -0.001364476305480107 0.0057055522345780575 0.0058643314631622364 -0.00014300208415821424 -0.025865516293202134 0.0022024506914030367 0.0083850799601106266 0.00025173400979036181 -0.0033751729276988206 -0.03012927803381503 0.0043731438129651556 0.0061451723774862878 -0.050885802152392662 -0.001625996723143032 -0.027359803227379787 -0.033776860140911732 0.0020335071754294903 -0.0073163205028319751 0.00046409698000142988 0.007263943399961924 0.0017418036502830033 -0.0030706598984150302 0.012140161738570316 0.004688990945665085
leaf_weight=4090 50201 2539 6514 355 374 133 9260 920 396 118 97 3232 137 135021 2325 842 1259 259 89 21770 354 82 1535 6822 3912 173 1213 4672 55 5078
leaf_count=4090 50201 2539 6514 355 374 133 9260 920 396 118 97 3232 137 135021 2325 842 1259 259 89 21770 354 82 1535 6822 3912 173 1213 4672 55 5078
internal_value=5.76893e-05 -9.76998e-06 -0.000593934 0.000339682 -0.00207133 3.21163e-05 -0.000575217 0.00137336 -0.00115312 -0.000299965 -0.00465116 -0.000217564 -0.00186472 6.6722e-05 -0.000161933 -0.00130407 -0.000602143 -0.000903588 0.000912463 -8.92355e-05 0.000270062 -2.83869e-06 -0.0005097 -0.000876533 0.000817844 0.00237057 0.00289322 -0.00029612 -0.000526919 0.000220513
internal_weight=263827 212897 14244 50930 729 198653 10709 1449 529 11568 215 11353 2676 187944 52923 3167 8121 6773 1348 49756 18181 14091 8711 7176 5380 1468 1386 31575 21825 9750
internal_count=263827 212897 14244 50930 729 198653 10709 1449 529 11568 215 11353 2676 187944 52923 3167 8121 6773 1348 49756 18181 14091 8711 7176 5380 1468 1386 31575 21825 9750
is_linear=0
shrinkage=0.05


Tree=126
num_leaves=31
num_cat=0
split_feature=0 11 11 29 29 11 8 15 26 14 11 6 22 7 24 6 13 14 22 16 5 13 24 11 17 29 19 5 23 24
split_gain=1.03666 1.29287 1.39781 1.44737 1.48679 1.23866 1.23012 1.19428 1.0193 1.40203 1.8934 1.74713 2.00987 2.16384 1.6554 1.60667 1.57996 1.60058 1.53327 3.1599 1.93889 2.05191 1.58405 1.40731 2.25222 1.38988 2.07854 1.41119 1.38367 1.30135
threshold=5.6639013355751313 0.055870501080268989 0.088008169148439314 -0.18677238458279286 0.23815253118961363 2.3882854864935839 0.52525940986982544 10.500000000000002 1.0000000180025095e-35 0.87462391580226584 1.1044788873463955 0.80371307345825804 30.500000000000004 0.38190974604662803 16.500000000000004 0.9722250563565159 2.777068318338022 4.0220505084470437 9.5000000000000018 0.33373509458393075 0.67799834232326905 0.34579596995534906 15.500000000000002 0.091556536260371177 3.5000000000000004 0.23164603016314425 35.463656612219623 0.7927719893309938 2.5000000000000004 10.500000000000002
decision_type=2 2 2 2 2 2 2 2 2 2 2 2 2 2 2 2 2 2 2 2 2 2 2 2 2 2 2 2 2 2
left_child=8 -2 3 -3 6 7 -5 -4 29 15 -11 12 13 14 -12 18 -13 -18 19 -10 21 -21 -23 24 -20 26 27 28 -15 -1
right_child=1 2 5 4 -6 -7 -8 -9 9 10 11 16 -14 25 -16 -17 17 -19 23 20 -22 22 -24 -25 -26 -27 -28 -29 -30 -31
leaf_value=-0.00013887644634539965 0.0056797426297394149 -0.012702589021831433 0.0023511221908052962 -0.0085091762649500326 -0.011731423444139237 -0.0092767971795474548 0.0075696034356364074 -0.011929069117660829 -0.0064887232044698378 0.0013502440934795848 -0.0080190353706650758 0.0053489123721007191 0.011981755917554491 0.00026703491756923644 0.013892787585891684 -0.036260819650242609 -0.045335157032720695 -0.011557250298417083 0.0086608082954078708 0.0020234837803802014 0.007958804120590645 0.0037091244783750243 -0.012715418688204175 0.00049614436874778612 -0.005801705415908456 0.0036568666866831122 -0.01940447560379251 -0.049582547972120194 -0.012784108430778308 0.00035103229305435328
leaf_weight=78059 342 55 1245 58 65 90 67 85 1360 8378 53 1001 98 52 89 252 73 152 261 288 449 51 116 4490 1591 72 373 108 63 164118
leaf_count=78059 342 55 1245 58 65 90 67 85 1360 8378 53 1001 98 52 89 252 73 152 261 288 449 51 116 4490 1591 72 373 108 63 164118
internal_value=7.3761e-05 0.00120578 0.000630631 -0.00285714 -0.000789474 0.00123239 0.0024 0.00161654 6.50743e-05 -0.000283944 0.000106545 -0.00122306 -0.00288546 -0.0037037 0.00190141 -0.000747347 8.15661e-06 -0.00377778 -0.000632117 -0.00174912 0.000542035 -0.00175824 -0.00616766 -0.000233365 -0.00139309 -0.00489521 -0.00568792 -0.00950673 -0.00565217 9.29898e-05
internal_weight=263554 2007 1665 245 190 1420 125 1330 261547 19370 10512 2134 908 810 142 8858 1226 225 8606 2264 904 455 167 6342 1852 668 596 223 115 242177
internal_count=263554 2007 1665 245 190 1420 125 1330 261547 19370 10512 2134 908 810 142 8858 1226 225 8606 2264 904 455 167 6342 1852 668 596 223 115 242177
is_linear=0
shrinkage=0.05


Tree=127
num_leaves=31
num_cat=0
split_feature=21 24 4 5 27 5 3 29 9 18 7 14 22 21 5 4 19 7 4 1 20 7 24 1 1 5 0 3 29 0
split_gain=1.72618 2.15848 2.51742 3.95733 3.14906 2.41281 2.40007 2.40301 1.97983 2.00726 1.80722 1.67125 1.74261 1.66546 1.60256 1.60155 1.51719 1.46303 2.86172 2.01567 1.90678 1.64242 1.77023 2.45257 2.79777 2.48376 2.79063 1.88438 1.85247 1.75774
threshold=28.500000000000004 24.500000000000004 -0.49783181269883786 0.82076849548864261 20.500000000000004 0.86194306491237482 0.17366963873331212 -0.12014600800388249 0.44680092004125255 6.256633962694699 0.60492492044533874 1.147088931555867 9.5000000000000018 4.5000000000000009 0.36955847803969871 -0.43329411285390113 11.637590493069476 0.58633328013215891 -0.019293868432477181 293.00000000000006 1.2782096704950086 0.43429975099437035 28.500000000000004 241.00000000000003 209.00000000000003 0.6164047284810853 5.6320442347098254 0.16803042381948605 0.098734064474746114 5.2661901970245042
decision_type=2 2 2 2 2 2 2 2 2 2 2 2 2 2 2 2 2 2 2 2 2 2 2 2 2 2 2 2 2 2
left_child=1 2 5 8 -5 -1 7 15 -4 13 -9 17 16 -10 -11 -6 -13 18 -3 20 -19 -20 23 24 -23 -26 -27 -24 -29 -25
right_child=-2 11 3 4 6 -7 -8 10 9 14 -12 12 -14 -15 -16 -17 -18 19 21 -21 -22 22 27 29 25 26 -28 28 -30 -31
leaf_value=-0.03389448436348709 0.00056469513814664802 -0.0049593157157815371 0.0010918342987005171 0.0023533790250186391 0.008216279221567124 -0.0075031706092569045 0.0081497152889702697 -0.032947937031325474 -9.3907305618652759e-07 0.0017574841154272666 -0.0011148917115548838 0.0019914417529372504 -0.0004617733240183464 -0.0068235941765364579 -0.0016705246309588681 -0.0039133795021219523 1.4923681587516515e-05 0.0030507921224514631 -0.0002432686182117283 -0.011630171657400075 -0.025526115658786139 -0.0026154402360526489 -6.9077761621598718e-05 -0.0015114635148967665 -0.0036419241384330332 -0.011829208188360736 0.0040601910896460192 0.0017148975353648633 -0.01141779546955614 0.0068165067940101536
leaf_weight=355 126847 927 7502 9282 58 5896 151 111 73600 327 98 1986 7597 53 4790 380 2197 1203 11871 96 178 3154 3264 683 626 287 53 50 72 248
leaf_count=355 126847 927 7502 9282 58 5896 151 111 73600 327 98 1986 7597 53 4790 380 2197 1203 11871 96 178 3154 3264 683 626 287 53 50 72 248
internal_value=5.40649e-05 -6.89303e-05 4.61e-05 0.000109183 0.00104663 -0.000926252 -0.00196742 -0.00329212 -3.47737e-07 -7.42669e-05 -0.00770335 -0.00041111 7.21562e-05 -7.73899e-06 -0.00103185 -0.00118721 0.000891705 -0.000661765 -0.000767601 0.000859851 0.00134685 -0.000643589 -0.00117696 -0.00176995 -0.00229369 -0.00464803 -0.00808824 -0.00029238 -0.00639344 0.000547798
internal_weight=263942 137095 102603 96352 10080 6251 798 647 86272 78770 209 34492 11780 73653 5117 438 4183 22712 21235 1477 1381 20308 8437 5051 4120 966 340 3386 122 931
internal_count=263942 137095 102603 96352 10080 6251 798 647 86272 78770 209 34492 11780 73653 5117 438 4183 22712 21235 1477 1381 20308 8437 5051 4120 966 340 3386 122 931
is_linear=0
shrinkage=0.05


Tree=128
num_leaves=31
num_cat=0
split_feature=9 3 4 1 23 1 6 28 22 0 28 21 23 12 15 2 22 21 1 7 0 28 16 19 17 22 3 24 16 28
split_gain=1.40978 2.08856 1.74781 2.50222 1.82745 3.41922 1.50217 1.33553 1.82315 1.37987 1.618 1.32734 1.21063 1.20512 1.17881 1.70487 1.39288 1.44749 1.66911 1.50475 1.50301 1.45699 2.19124 1.39967 2.24415 1.79667 1.6144 1.52004 1.77187 1.86949
threshold=0.84916852147817357 0.16803042381948605 -0.22994699080646538 165.00000000000003 4.5000000000000009 253.00000000000003 0.55087786384198367 29.500000000000004 34.500000000000007 4.3895594239587075 7.5000000000000009 34.500000000000007 1.0000000180025095e-35 0.18931679799952691 10.500000000000002 0.69342262819138556 16.500000000000004 37.500000000000007 269.00000000000006 0.26637187377211508 4.7136623405178657 24.500000000000004 0.010498013278256944 53.611617177332597 8.5000000000000018 14.500000000000002 0.48477228857636528 22.500000000000004 0.69529398035848644 21.500000000000004
decision_type=2 2 2 2 2 2 2 2 2 2 2 2 2 2 2 2 2 2 2 2 2 2 2 2 2 2 2 2 2 2
left_child=7 -2 3 6 -4 -6 -3 9 -9 10 -1 -12 -5 -10 -11 16 23 18 19 20 -18 -21 -23 25 27 26 -16 -25 29 -29
right_child=1 2 4 12 5 -7 -8 8 13 14 11 -13 -14 -15 15 -17 17 -19 -20 21 -22 22 -24 24 -26 -27 -28 28 -30 -31
leaf_value=-0.00014328707110847794 -0.025140965388423198 -0.042427578378305797 -0.0065986571032466594 -0.019681508521261385 0.0041870066092927517 -0.052364080569374499 5.6035881707922759e-05 0.002414826531649266 0.0036208017360700091 0.00019480206489768797 0.0074922438922314961 -0.0071788625850567559 0.0089653148818344183 0.01881407455754508 0.00015334744976336714 -0.0037804919047964105 -0.0073202181956383665 0.0046349761487805086 0.0057272395959762287 -0.00093755210171909324 0.0028982134110493167 -0.01748203211840825 0.011353160464276781 -0.0093408368837417342 0.0032719417341955681 -0.0037955270877949553 -0.0055075271090312622 -0.04043615836365224 0.019402596859247334 0.018626619471280321
leaf_weight=706 113 50 1435 86 471 52 51 10360 136 214582 861 50 495 123 9818 1090 63 1248 435 11679 1146 133 1136 3674 828 1192 106 1233 186 278
leaf_count=706 113 50 1435 86 471 52 51 10360 136 214582 861 50 495 123 9818 1090 63 1248 435 11679 1146 133 1136 3674 828 1192 106 1233 186 278
internal_value=8.30503e-05 -0.0010425 -0.000757576 0.00142229 -0.00151685 0.00101338 -0.00584158 9.49196e-05 0.000644128 7.16328e-05 0.00152752 0.00291987 0.00268503 0.00478764 6.21717e-05 -0.00021025 -0.000146283 0.000192551 5.27686e-05 -4.09691e-05 0.00164599 -0.000198486 0.00141056 -0.000456252 -0.00105824 -0.000120547 9.97582e-05 -0.00143176 -0.00266942 -0.00323627
internal_weight=263816 2753 2640 682 1958 523 101 261063 10619 250444 1617 911 581 259 248827 34245 33155 15840 14592 14157 1209 12948 1269 17315 6199 11116 9924 5371 1697 1511
internal_count=263816 2753 2640 682 1958 523 101 261063 10619 250444 1617 911 581 259 248827 34245 33155 15840 14592 14157 1209 12948 1269 17315 6199 11116 9924 5371 1697 1511
is_linear=0
shrinkage=0.05


Tree=129
num_leaves=31
num_cat=0
split_feature=17 27 24 24 27 6 5 29 2 18 2 21 29 29 28 5 2 28 22 13 27 27 9 21 9 28 18 24 7 18
split_gain=1.67331 2.2028 2.64097 5.24673 4.35773 2.96991 2.29688 2.17688 2.15325 2.25523 3.14537 2.81788 2.04624 2.0098 1.89977 1.89687 1.88518 1.87154 1.83233 1.81892 2.20263 1.80052 1.78849 1.78546 3.69131 1.77489 2.38813 2.15881 2.18043 1.88443
threshold=6.5000000000000009 16.500000000000004 12.500000000000002 6.5000000000000009 26.500000000000004 0.099586668812152904 4.6376225286061077 -1.1598050193827298 1.8234617698618236 13.711901041093762 -0.79264372268452676 29.500000000000004 -0.42083534739551903 -0.076288753815791491 15.500000000000002 1.238635444301361 -0.062355175325703102 17.500000000000004 16.500000000000004 0.2733151308483508 23.500000000000004 31.500000000000004 0.65736362730566233 38.500000000000007 0.56085300610558486 13.500000000000002 19.505212689514291 29.500000000000004 0.3844727184776095 12.112820027334863
decision_type=2 2 2 2 2 2 2 2 2 2 2 2 2 2 2 2 2 2 2 2 2 2 2 2 2 2 2 2 2 2
left_child=1 -1 3 4 8 -4 16 -7 9 10 11 12 -3 25 -2 -16 18 -13 -6 20 -11 -20 -12 -5 -25 29 -27 28 -28 -9
right_child=14 2 5 23 6 7 -8 13 -10 19 22 17 -14 -15 15 -17 -18 -19 21 -21 -22 -23 -24 24 -26 26 27 -29 -30 -31
leaf_value=-0.00011070053859059983 9.5068071227195954e-05 -0.0030620206907500305 0.0019978140950439706 -0.013705443240528742 0.00052625164202812222 0.0062245413266756458 -0.056796983382514626 -0.00061155976039713644 -0.02455598337743705 -0.026908070013354785 -3.7058572188009291e-05 -0.00108054049911911 -0.0091362253985005151 0.0023002567766434463 0.0041236321447461676 0.0009420979799601364 0.0019252050443096748 -0.2458864970504834 0.0039255244366174571 0.0075702871080433679 0.0061334730826468516 -0.012267285703642423 -0.026921675174307692 0.025836243158140357 -0.016522130758130082 0.0047165531090875438 -0.056059039385288084 0.021860242168387604 -0.020722546688017641 0.0015189380961868702
leaf_weight=170883 21714 61 2664 7121 2632 2998 57 6680 89 1338 2617 658 105 3167 7772 8735 528 51 1958 2337 1139 337 105 703 243 1949 65 256 1263 13496
leaf_count=170883 21714 61 2664 7121 2632 2998 57 6680 89 1338 2617 658 105 3167 7772 8735 528 51 1958 2337 1139 337 105 703 243 1949 65 256 1263 13496
internal_value=8.15635e-05 2.97118e-05 0.000306132 -0.000115947 0.000468884 0.000592538 0.00156386 0.00044989 -0.000241176 -0.000159315 -0.00110648 -0.00371429 -0.00957831 0.000307337 0.000387483 0.000791785 0.00166819 -0.00234133 0.00136391 0.000548401 -0.00039564 0.00239651 -0.000268185 -0.00113177 0.000909091 0.00014931 0.00118313 -0.000258838 -0.00106928 -3.17209e-05
internal_weight=263721 225500 54617 22079 14012 32538 5512 29874 8500 8411 3597 875 166 26876 38221 16507 5455 709 4927 4814 2477 2295 2722 8067 946 23709 3533 1584 1328 20176
internal_count=263721 225500 54617 22079 14012 32538 5512 29874 8500 8411 3597 875 166 26876 38221 16507 5455 709 4927 4814 2477 2295 2722 8067 946 23709 3533 1584 1328 20176
is_linear=0
shrinkage=0.05


Tree=130
num_leaves=31
num_cat=0
split_feature=24 24 18 16 29 28 6 1 18 16 24 10 3 0 24 24 28 18 23 29 29 16 0 0 29 0 15 16 14 5
split_gain=1.67884 1.83053 1.85569 2.29832 2.00087 1.94747 1.65677 1.58561 2.23489 2.72551 1.71929 1.88379 2.09834 2.39329 4.67094 3.20827 3.52876 3.09564 3.05177 3.8296 4.28155 2.30609 2.07846 3.70601 2.33175 2.52991 2.29918 3.34598 1.72536 1.85287
threshold=27.500000000000004 20.500000000000004 0.9153330097459661 0.26187469950685566 -0.74406408122561807 13.500000000000002 1.2638388805191774 129.00000000000003 22.615139966694489 2.706609501487613 17.500000000000004 1.0000000180025095e-35 0.27532809102508149 5.1286703667030071 8.5000000000000018 2.5000000000000004 11.500000000000002 4.7399995885753707 1.0000000180025095e-35 -0.027833274582046184 3.7506147206528282 0.032839772986434708 5.6757271873972215 5.6367995858928763 -0.10383428234415885 5.5539350593281904 7.5000000000000009 0.35653553355081996 2.1081324569318554 0.78595007297444164
decision_type=2 2 2 2 2 2 2 2 2 2 2 2 2 2 2 2 2 2 2 2 2 2 2 2 2 2 2 2 2 2
left_child=1 7 -3 5 -5 6 -4 8 10 -10 11 -1 13 15 22 16 17 -13 19 -17 -21 -16 23 24 26 28 -15 -28 29 -26
right_child=-2 2 3 4 -6 -7 -8 -9 9 -11 -12 12 -14 14 21 18 -18 -19 -20 20 -22 -23 -24 -25 25 -27 27 -29 -30 -31
leaf_value=0.0065009969401495331 -0.00028803631715192812 0.0013675820994558277 0.00014373554735096068 0.0040067935969920641 0.00065351558339236948 -0.015947296897576454 -0.07559383260210574 0.00031878055578582021 0.0038020874805407032 -0.029861250705354076 -0.0022348704942640051 -0.0011254320334349785 -0.0016536880670006482 0.00189669912538726 -0.0031647600685460217 -0.0094014839724589367 0.013151458374092399 0.00060723993147784872 -0.001795236144749924 -0.17782676927358132 -0.0068034882182251193 0.0021479779736431883 -0.013019374605373994 0.0031323832248344057 -0.0027682663942693981 0.0021843562604610218 -0.0032324609868197036 -0.043245559557779027 0.0051734167367294285 -0.016661956808212919
leaf_weight=198 37168 2698 12310 7989 39765 2581 101 119199 2814 112 5602 303 4463 2647 546 1193 611 867 9805 176 172 7391 71 455 2494 810 465 67 202 466
leaf_count=198 37168 2698 12310 7989 39765 2581 101 119199 2814 112 5602 303 4463 2647 546 1193 611 867 9805 176 172 7391 71 455 2494 810 465 67 202 466
internal_value=0.000102411 0.000153505 0.000376505 0.000321295 0.000490849 -0.000218783 4.10926e-05 6.29309e-05 -0.000201526 0.00113124 -0.000301508 -0.000165559 -0.000194555 -3.79249e-05 0.000380428 -0.000535537 0.00143739 -0.00017094 -0.000845232 -0.00291369 -0.00752874 0.00123094 -0.000498893 -0.000419406 -0.000697805 -0.00150554 0.000311419 -0.00268797 -0.00214421 -0.00244932
internal_weight=263741 226573 65444 62746 47754 14992 12411 161129 41930 2926 39004 33402 33204 28741 15614 13127 1781 1170 11346 1541 348 7937 7677 7606 7151 3972 3179 532 3162 2960
internal_count=263741 226573 65444 62746 47754 14992 12411 161129 41930 2926 39004 33402 33204 28741 15614 13127 1781 1170 11346 1541 348 7937 7677 7606 7151 3972 3179 532 3162 2960
is_linear=0
shrinkage=0.05


Tree=131
num_leaves=31
num_cat=0
split_feature=7 23 23 29 29 0 24 14 24 28 1 2 23 3 6 0 1 1 9 24 18 3 3 16 24 2 20 14 29 2
split_gain=1.56428 4.50061 2.66312 4.82928 3.0953 2.57384 2.4384 2.78809 2.28149 2.27508 2.22335 3.06455 2.01781 4.35887 3.37654 3.3371 2.98838 2.5331 2.24271 1.95098 2.71452 1.8412 2.57431 1.91439 1.75102 3.69032 1.84259 1.70962 1.68401 1.92149
threshold=0.36529561583706288 1.5000000000000002 1.0000000180025095e-35 0.13421424592691172 0.39095661614053018 5.6320442347098254 6.5000000000000009 0.88404990910509451 9.5000000000000018 28.500000000000004 253.00000000000003 0.55357699962049267 2.5000000000000004 0.18673106969061218 0.52194417089814338 5.5436514665010481 273.00000000000006 209.00000000000003 0.53272191937402391 17.500000000000004 5.7005334325441241 0.16803042381948605 0.25465810915636761 0.33945824148244313 4.5000000000000009 0.4999105579486664 0.25894401578423953 0.9871115650203971 0.49506689351185157 0.59519959210630746
decision_type=2 2 2 2 2 2 2 2 2 2 2 2 2 2 2 2 2 2 2 2 2 2 2 2 2 2 2 2 2 2
left_child=1 2 -1 8 5 10 7 9 -4 -3 -5 -12 13 15 16 -8 -15 -14 19 20 -19 -21 23 -23 25 27 -26 -6 -20 -30
right_child=-2 6 3 4 24 -7 12 -9 -10 -11 11 -13 17 14 -16 -17 -18 18 28 21 -22 22 -24 -25 26 -27 -28 -29 29 -31
leaf_value=-0.00031109981545947686 0.00024324591380387557 -0.00017043364529871168 0.0024485370583700143 -0.0034542138327313559 -0.0077764394313611582 0.0058447069193832161 -0.0028413144009565208 -0.0025017205484395436 -0.0016269448298791977 0.021861531584866867 -0.0072629486216785055 -0.032026764416613257 0.0010204096759117436 0.0020001116315427527 0.0089187368304504289 -0.045881817646670778 0.0037168319701591174 -0.0027127384357839555 -0.00090776789677851166 0.0037444218838203966 -0.038355470000441642 -0.024950563864058667 0.00088032580655206293 -0.0024353967584692621 -0.00069300764526194299 -0.084458696486314017 -0.043033838044962081 0.012527721670420655 0.002492618074775244 -0.0033073395792274796
leaf_weight=6911 213766 3925 809 1452 77 70 757 2903 2578 67 209 54 15583 4204 319 105 294 177 5394 309 80 67 110 64 1567 56 52 54 1271 234
leaf_count=6911 213766 3925 809 1452 77 70 757 2903 2578 67 209 54 15583 4204 319 105 294 177 5394 309 80 67 110 64 1567 56 52 54 1271 234
internal_value=6.19692e-05 -0.000190545 -0.000954712 -0.00164374 -0.00292119 -0.00439776 0.000105401 -0.000739666 -0.000289342 0.000117735 -0.00478134 -0.00901141 0.000306545 0.00115161 0.0017376 -0.00212297 0.00138506 0.000100477 -0.000641059 -0.00313507 -0.00673152 -0.00145455 -0.00473029 -0.00946565 -0.00146179 -0.00604278 -0.000932675 -0.00145038 -0.000349326 0.00112957
internal_weight=263518 49752 13889 6978 3591 1785 35863 6895 3387 3992 1715 263 28968 5679 4817 862 4498 23289 7706 807 257 550 241 131 1806 187 1619 131 6899 1505
internal_count=263518 49752 13889 6978 3591 1785 35863 6895 3387 3992 1715 263 28968 5679 4817 862 4498 23289 7706 807 257 550 241 131 1806 187 1619 131 6899 1505
is_linear=0
shrinkage=0.05


Tree=132
num_leaves=31
num_cat=0
split_feature=11 22 28 19 18 21 27 1 6 21 20 1 8 18 8 28 6 1 11 22 11 5 5 19 3 24 24 13 13 8
split_gain=1.75246 2.72879 1.52066 1.85875 2.44477 2.6036 9.83303 8.94825 1.61136 1.41711 1.29294 1.7509 1.5689 1.50236 1.49674 1.78428 2.40236 2.48845 1.9537 1.8476 1.99931 1.8465 1.76956 1.82983 1.73154 1.93614 1.6465 1.64513 2.32786 2.51181
threshold=0.065086149839666388 2.5000000000000004 1.0000000180025095e-35 16.816708734032748 2.5108151210581098 31.500000000000004 18.500000000000004 157.00000000000003 1.0000000180025095e-35 33.500000000000007 0.3948836546645465 109.00000000000001 1.1110763684696017 1.2544728625078301 0.81914687741393477 1.5000000000000002 0.44543770074644556 157.00000000000003 0.30344132362883774 2.5000000000000004 1.003829685941797 0.37669794318080668 0.46233801423875936 27.871945639996966 -0.091866103051726045 20.500000000000004 23.500000000000004 0.33479208496443474 0.67840576512906681 0.5267744143635279
decision_type=2 2 2 2 2 2 2 2 2 2 2 2 2 2 2 2 2 2 2 2 2 2 2 2 2 2 2 2 2 2
left_child=1 2 -1 4 5 6 -4 -8 -5 -10 11 13 14 -2 15 16 -13 21 -17 20 -20 -18 23 -16 -23 27 -27 -26 29 -29
right_child=10 -3 3 8 -6 -7 7 -9 9 -11 -12 12 -14 -15 22 18 17 -19 19 -21 -22 24 -24 -25 25 26 -28 28 -30 -31
leaf_value=0.0039440689740006104 0.0016953233764529783 0.00052664862768476116 0.0025616542307586015 0.0028988121068855548 -0.0050543139715268238 0.0029790398225204868 -0.0020394126845022379 -0.00028492113596956329 0.0025414656969959979 -0.0083175263607297972 0.00063656726053988089 0.00076289557900928982 0.0052984070903918023 -0.0010101585320528156 -0.0029210062583656846 -0.00076474940667391655 0.006503011908982937 0.00027999781889291922 0.00044886759551486299 0.00052653299048018064 -0.025328288302295717 0.002970762726241138 -0.00054634786164953892 -0.0063349184872946432 -0.00099754488388925752 0.0025462369285267593 -0.0018081256506327387 -0.0033838312017713946 -0.0021221105256778797 -0.0071151292546497548
leaf_weight=754 888 40335 401 86 258 259 54 60 1360 296 50814 30942 570 14079 746 42429 147 16069 1612 47251 1373 361 6722 125 1608 649 1378 425 1116 496
leaf_count=754 888 40335 401 86 258 259 54 60 1360 296 50814 30942 570 14079 746 42429 147 16069 1612 47251 1373 361 6722 125 1608 649 1378 425 1116 496
internal_value=8.71567e-05 0.000375715 0.00170918 0.00116799 -0.000513566 0.000891473 -0.00116505 -0.0141228 0.00216418 0.00181763 2.95723e-05 -3.69261e-05 1.32451e-05 -0.000553217 3.51908e-06 3.91482e-05 0.00026997 -0.000126298 -9.3347e-05 0.000117645 -0.00108878 -0.000978964 -0.00068089 -0.00280138 -0.00111387 -0.00132757 -8.88012e-05 -0.00201646 -0.00296024 -0.00482085
internal_weight=263663 43863 3528 2774 1032 774 515 114 1742 1656 219800 168986 154019 14967 153449 145856 53191 22249 92665 50236 2985 6180 7593 871 6033 5672 2027 3645 2037 921
internal_count=263663 43863 3528 2774 1032 774 515 114 1742 1656 219800 168986 154019 14967 153449 145856 53191 22249 92665 50236 2985 6180 7593 871 6033 5672 2027 3645 2037 921
is_linear=0
shrinkage=0.05


Tree=133
num_leaves=31
num_cat=0
split_feature=27 20 5 5 28 15 4 12 7 5 24 27 24 18 5 9 28 28 9 4 18 19 17 28 15 18 1 13 19 27
split_gain=1.35463 3.19694 1.88739 1.6335 1.84293 2.30195 1.99123 1.67782 1.52782 1.36008 1.84893 1.64513 1.40389 1.26252 1.72722 1.77937 1.80852 1.43059 2.80601 1.43023 1.78118 1.40727 1.39041 2.13627 1.80139 1.39572 1.91096 2.51301 1.36691 1.68958
threshold=1.0000000180025095e-35 0.012633978948977347 0.97617926019025292 0.54679271186785106 10.500000000000002 28.500000000000004 -0.050854599000037394 0.54625124810955883 0.29699048739027689 0.4120389336230163 24.500000000000004 17.500000000000004 20.500000000000004 2.0313041476632363 0.64446701992553945 0.77243950012047602 20.500000000000004 1.0000000180025095e-35 0.49080636807969436 -0.098157246699118988 21.941426293570924 3.8067613350035194 3.5000000000000004 31.500000000000004 26.500000000000004 66.380264837857311 289.00000000000006 0.44221707788240383 40.162470820005133 25.500000000000004
decision_type=2 2 2 2 2 2 2 2 2 2 2 2 2 2 2 2 2 2 2 2 2 2 2 2 2 2 2 2 2 2
left_child=1 -1 -3 4 5 -2 7 -7 9 11 12 -6 -11 17 15 16 19 18 -5 28 -21 -16 23 24 -23 -24 -27 -28 -15 -30
right_child=3 2 -4 13 8 6 -8 -9 -10 10 -12 -13 -14 14 21 -17 -18 -19 -20 20 -22 22 25 -25 -26 26 27 -29 29 -31
leaf_value=0.003320043154984199 0.00051602745957780155 -0.00028624597794160673 0.0039190204387428212 -0.00022317634258596562 0.015414272436371735 -0.027836472886610925 0.0064536240387021758 0.0053885029756281953 0.004361073273222685 -0.014478752835133274 0.010006729108642901 -0.028529940778291601 -0.049396143799543366 -0.0052155498882675566 -0.0069830680492878206 0.0025558586468317074 0.0044093200403198347 0.00045862136587339689 0.0042575100535312688 -0.00077756422382219657 0.0038258749707237882 -0.001389005184935074 0.00051465812731291637 -0.029282948385562904 0.01511781357165691 -0.012983169339894391 -0.094876783229313477 0.025338732413568252 -0.011748548426641248 0.0034016371484351612
leaf_weight=991 29363 60138 793 479 307 214 76 56 2673 297 83 107 76 917 67 706 1650 20436 547 11226 495 10827 116397 157 125 2790 193 114 1224 499
leaf_count=991 29363 60138 793 479 307 214 76 56 2673 297 83 107 76 917 67 706 1650 20436 547 11226 495 10827 116397 157 125 2790 193 114 1224 499
internal_value=7.16983e-05 -0.000132909 -0.000178727 0.000134388 0.000454709 0.000326164 -0.00372832 -0.00574074 0.0015326 -0.000287356 -0.00217105 0.00178744 -0.00367292 7.13063e-05 1.91333e-05 -0.000459413 -0.000567735 0.000429597 0.00225146 -0.000747859 -0.000511049 8.03551e-05 8.40716e-05 -0.000450986 -0.000367969 0.000133814 -0.000913788 -0.00465798 -0.00179924 -0.00096924
internal_weight=264023 61922 60931 202101 33252 29709 346 270 3543 870 456 414 373 168849 147387 16717 16011 21462 1026 14361 11721 130670 130603 11109 10952 119494 3097 307 2640 1723
internal_count=264023 61922 60931 202101 33252 29709 346 270 3543 870 456 414 373 168849 147387 16717 16011 21462 1026 14361 11721 130670 130603 11109 10952 119494 3097 307 2640 1723
is_linear=0
shrinkage=0.05


Tree=134
num_leaves=31
num_cat=0
split_feature=18 7 28 0 0 27 13 28 22 2 29 3 6 22 19 18 18 29 27 27 1 22 2 17 7 28 3 1 18 28
split_gain=1.2243 1.4984 1.64497 2.39424 2.1035 1.58638 1.83597 1.81127 1.66168 1.45168 1.41986 1.17353 1.1262 2.70976 2.14636 2.13037 2.19534 1.86132 2.16702 2.16312 1.46178 1.45219 1.3423 2.09741 1.5235 1.45675 2.08936 1.33139 1.28885 1.45153
threshold=66.380264837857311 1.1784052462029575 12.500000000000002 4.6098625740792736 4.4674786937065862 14.500000000000002 0.18911296639789854 18.500000000000004 16.500000000000004 -0.24550049639915775 -0.73123558741911709 -1.0841491704791257 0.063193627739669814 3.5000000000000004 0.16997065332559536 16.877027262905322 3.9297587037262178 -0.45011877452317312 19.500000000000004 27.500000000000004 281.00000000000006 4.5000000000000009 -0.0038155840165167878 4.5000000000000009 0.46404645797470184 6.5000000000000009 -1.0006503838471097 277.00000000000006 0.017754866878118381 13.500000000000002
decision_type=2 2 2 2 2 2 2 2 2 2 2 2 2 2 2 2 2 2 2 2 2 2 2 2 2 2 2 2 2 2
left_child=12 2 3 -2 -4 -6 -7 8 10 11 -8 -5 13 15 21 16 17 -1 -19 -20 22 -14 25 -24 28 26 -15 -18 29 -25
right_child=1 -3 4 9 5 6 7 -9 -10 -11 -12 -13 14 20 -16 -17 27 18 19 -21 -22 -23 23 24 -26 -27 -28 -29 -30 -31
leaf_value=0.0029959594613191941 -0.048698793616878372 0.015706388539244439 0.024929058324875533 -0.042905745799981951 -0.041106509169032523 0.02596734222059089 -0.097901929816953656 0.017719148706100845 -0.077760366899906508 -0.097866674390593267 -0.12882605614803119 0.015057914540825916 0.0028324963314318571 -0.062898440234035999 8.3244263776469205e-05 -0.037211961499986755 0.0030998048503481286 0.0052467109509347363 -0.00094676742052819814 0.00065245976420136471 -0.0011822323867209702 0.0018120500775852127 -0.014890165237328371 -0.054062551434979268 0.0025676045202478442 0.0019420404522579914 0.0021025599137038087 -0.00010446284322329189 -3.8320658592438973e-05 -0.0097676573198398967
leaf_weight=186 274 408 92 100 1323 63 109 58 55 61 63 559 176 59 251279 74 351 65 84 80 83 1119 1223 64 1236 3124 728 50 499 74
leaf_count=186 274 408 92 100 1323 63 109 58 55 61 63 559 176 59 251279 74 351 65 84 80 83 1119 1223 64 1236 3124 728 50 499 74
internal_value=6.12015e-05 -0.000916272 -0.00133478 0.000291751 -0.00225184 -0.00265709 -0.00566092 -0.00736842 -0.00938326 0.00180556 -0.0118023 0.00248862 7.30751e-05 0.000657895 5.45979e-05 0.00325843 0.0039951 0.00144578 -0.00157205 -0.00463415 0.000331453 0.00208494 0.00040959 -0.000368217 0.000683396 0.00102531 0.0029479 0.00663342 -0.00130298 -0.00557971
internal_weight=263719 3165 2757 994 1763 1671 348 285 227 720 172 659 260554 7980 252574 890 816 415 229 164 7090 1295 7007 3096 1873 3911 787 401 637 138
internal_count=263719 3165 2757 994 1763 1671 348 285 227 720 172 659 260554 7980 252574 890 816 415 229 164 7090 1295 7007 3096 1873 3911 787 401 637 138
is_linear=0
shrinkage=0.05


Tree=135
num_leaves=31
num_cat=0
split_feature=8 29 29 0 18 5 19 0 2 23 0 1 20 5 21 22 24 11 23 8 5 13 18 24 24 22 19 29 13 11
split_gain=1.07197 1.68759 1.96089 2.22368 1.94508 1.5033 2.75851 1.56776 2.22773 2.51925 2.39911 1.59766 1.77464 1.72454 1.72004 1.55271 1.81605 1.53577 2.16298 2.76428 1.41176 1.41113 1.35607 1.35469 1.45382 1.3245 2.00892 1.38757 1.30229 1.42533
threshold=0.77250672781792762 -0.32813146147528488 -0.29976924049999526 5.0690024785453636 5.305932897020516 0.46479528605234949 21.0638892258123 5.6136670051882271 0.029729724784469096 1.5000000000000002 5.4636711999144145 145.00000000000003 0.71005125860713447 0.63143743695242838 32.500000000000007 2.5000000000000004 2.5000000000000004 0.065086149839666388 4.5000000000000009 0.9167573944654922 0.58840374292991671 1.1448061853686926 36.744099829618499 10.500000000000002 19.500000000000004 7.5000000000000009 17.900391597266253 0.74295216348336446 0.16835478749891125 0.82453793490313221
decision_type=2 2 2 2 2 2 2 2 2 2 2 2 2 2 2 2 2 2 2 2 2 2 2 2 2 2 2 2 2 2
left_child=-1 22 3 -3 20 6 -4 8 9 -7 -11 13 14 15 25 -10 -17 -8 19 23 -5 -18 -2 -19 -25 28 -27 -28 -13 -30
right_child=1 2 5 4 -6 7 17 -9 11 10 -12 12 -14 -15 -16 16 21 18 -20 -21 -22 -23 -24 24 -26 26 27 -29 29 -31
leaf_value=0.00013490226226167156 0.0026277003264543754 -0.032142161903059983 -0.00091498973425229054 -0.0001335045533642344 0.0082944087818811237 0.0053050468059111615 0.007024240512169825 0.0024204363304756987 -0.013057302180510722 -0.0039100502289582603 -0.028149730672750502 -0.0025427539852294102 0.012240583775598298 -0.00044906900594907833 -0.036320592731948133 -0.004121044185412771 -0.0015758956160516801 -0.026411212903136413 -0.00084718591805210241 -0.03045714858594166 -0.015778189538989722 -0.0098494699197531829 -0.038738190601791123 0.0021593202445402259 -0.012488889488431805 -0.00058853514511702793 0.0025042695257234578 -0.0061049819916169992 -0.00061117741017382152 0.0029329076997355544
leaf_weight=246478 2142 57 1271 51 69 75 81 431 80 83 95 1247 199 1861 70 99 1091 58 123 70 51 57 73 73 100 3525 2771 141 1064 207
leaf_count=246478 2142 57 1271 51 69 75 81 431 80 83 95 1247 199 1861 70 99 1091 58 123 70 51 57 73 73 100 3525 2771 141 1064 207
internal_value=3.95386e-05 -0.000340745 -0.000529801 -0.00513158 -0.0022807 -0.000459252 -0.00182432 -0.00027413 -0.000375049 -0.00501976 -0.00825843 -0.000280374 5.31223e-05 -0.00124529 -4.98615e-05 -0.00262246 -0.00218925 -0.0049505 -0.00615566 -0.00843854 -0.00666667 -0.00162892 0.000948081 -0.00580087 -0.00358382 1.11669e-05 0.000391487 0.00136332 -0.00096108 0.000165224
internal_weight=263793 17315 15100 228 171 14872 1776 13096 12665 253 178 12412 9224 3188 9025 1327 1247 505 424 301 102 1148 2215 231 173 8955 6437 2912 2518 1271
internal_count=263793 17315 15100 228 171 14872 1776 13096 12665 253 178 12412 9224 3188 9025 1327 1247 505 424 301 102 1148 2215 231 173 8955 6437 2912 2518 1271
is_linear=0
shrinkage=0.05


Tree=136
num_leaves=31
num_cat=0
split_feature=8 0 0 0 5 7 24 8 15 5 6 8 24 23 9 16 15 18 0 3 1 13 29 18 14 14 12 10 13 29
split_gain=0.97203 2.86937 2.42969 1.80479 2.38684 1.83784 1.60142 2.23801 2.25636 1.91568 2.11272 1.8157 1.75997 2.20757 3.02097 2.38622 2.34501 2.14985 2.66525 1.9349 2.71899 2.03594 2.09709 2.01036 2.5119 2.19436 1.99522 3.49419 1.92608 2.07059
threshold=0.41281838759879702 4.9296208115160445 4.8404521090059918 5.2067576393223733 0.4120389336230163 0.46065474692103298 6.5000000000000009 0.90442366586835543 7.5000000000000009 0.88821823950593071 0.78692055768502434 0.42619894547689657 15.500000000000002 1.5000000000000002 0.51819903955298641 0.04712129531109268 7.5000000000000009 6.5952997166681353 5.2681306423380407 0.21542235901923742 165.00000000000003 0.11238773764186204 -0.50430115810215981 2.8602645724239451 2.2193984584059803 1.4539134906575837 0.5777414050603088 0.25000000000000006 0.13044235676291863 -0.19811758492869305
decision_type=2 2 2 2 2 2 2 2 2 2 2 2 2 2 2 2 2 2 2 2 2 2 2 2 2 2 2 2 2 2
left_child=1 -1 -2 4 5 -4 7 -5 -9 11 -11 -8 -13 15 17 -14 -16 -15 -19 21 28 -17 -23 -24 25 26 -25 -28 29 -21
right_child=2 -3 3 6 -6 -7 9 8 -10 10 -12 12 13 14 16 19 -18 18 -20 20 -22 22 23 24 -26 -27 27 -29 -30 -31
leaf_value=3.6272212816633586e-05 0.0042787506561822496 0.00094160636277843186 -0.0054054303757260225 -0.00036748058076162542 -0.00066522915068992683 0.00069804292685278187 -0.0015140546044964539 -0.0026724923509850148 -0.02003669067787495 0.0021250637684617196 -0.0050055895535711147 0.00067927806069876878 0.0029855912817562729 -0.00084962672071827231 0.00092528495908193178 0.0019003666469157281 -0.00082924084089602834 -0.016644064044577085 0.0038826116877429696 0.0034780893322919957 -0.00078149005775978581 -0.0069625460405874084 0.00092124715275969697 -0.00082714597968403718 -0.0065692829856525085 0.0022918001136095992 -0.0029176869628931451 -0.0078936138965098029 -0.0015840188355482237 -0.0052596923034625032
leaf_weight=100881 912 57871 832 16506 9503 220 2105 641 125 2737 282 23557 1016 7509 21913 820 4173 114 51 91 4048 95 2074 2341 71 518 651 78 1135 733
leaf_count=100881 912 57871 832 16506 9503 220 2105 641 125 2737 282 23557 1016 7509 21913 820 4173 114 51 91 4048 95 2074 2341 71 518 651 78 1135 733
internal_value=9.24876e-05 0.000170518 -2.56555e-05 -4.82013e-05 -0.00066793 -0.00292776 2.18453e-05 -0.000412807 -0.00305483 0.00012048 0.00135475 6.95005e-05 0.000112413 -6.30389e-05 0.000154028 -0.000599078 0.000410565 -0.000718009 -0.00636364 -0.000786251 -0.00143666 -0.000198556 -0.000526767 -0.000404675 -0.00110959 -0.000925307 -0.00143322 -0.00371742 -0.0029658 -0.00480583
internal_weight=263603 158752 104851 103939 10555 1052 93384 17272 766 76112 3019 73093 70988 47431 33760 13671 26086 7674 165 12655 6007 6648 5828 5733 3659 3588 3070 729 1959 824
internal_count=263603 158752 104851 103939 10555 1052 93384 17272 766 76112 3019 73093 70988 47431 33760 13671 26086 7674 165 12655 6007 6648 5828 5733 3659 3588 3070 729 1959 824
is_linear=0
shrinkage=0.05


Tree=137
num_leaves=31
num_cat=0
split_feature=16 0 4 24 11 19 0 4 12 9 23 27 28 1 21 16 11 1 2 12 24 28 24 0 1 24 17 23 0 0
split_gain=1.35456 2.0355 2.9064 1.85088 1.60623 1.78522 2.09161 1.93056 1.87817 1.74113 2.30737 1.67328 1.91971 1.88038 1.78394 2.1787 1.82956 1.77938 2.61219 1.91849 1.75873 1.99486 2.27889 3.38431 1.87927 1.62134 1.54963 1.70462 2.06072 1.79499
threshold=1.9193247128032682 5.0517303177099064 0.041585425072287921 10.500000000000002 0.098893651073663699 58.467286815758271 4.9340266432096351 -0.028578218444735331 0.33148711215452947 0.64870958037284721 5.5000000000000009 15.500000000000002 1.0000000180025095e-35 233.00000000000003 38.500000000000007 0.3108500551224635 0.083950696720561976 297.00000000000006 -0.033810224491907188 0.25504238407327745 28.500000000000004 2.5000000000000004 9.5000000000000018 4.9146515907655006 137.00000000000003 23.500000000000004 8.5000000000000018 3.5000000000000004 5.5179658713565738 4.6982027489592868
decision_type=2 2 2 2 2 2 2 2 2 2 2 2 2 2 2 2 2 2 2 2 2 2 2 2 2 2 2 2 2 2
left_child=4 2 -2 -3 5 8 7 -7 11 -8 -11 12 -1 20 26 -16 -17 19 -19 -15 21 22 -13 -24 -23 -26 27 29 -29 -14
right_child=1 3 -4 -5 -6 6 9 -9 -10 10 -12 13 14 17 15 16 -18 18 -20 -21 -22 24 23 -25 25 -27 -28 28 -30 -31
leaf_value=0.0036712874085009922 0.00074994827559697131 -0.00059947151252743094 -0.011492196249179682 0.0033901721330446403 -0.00014795143611123768 -0.016920490394695672 0.0039739710306956012 0.0067124358094583451 -0.00030367673801739103 -0.015654296002427372 0.014582621501539604 0.00092080778572075836 -0.030814546452616488 0.0025213181434654117 -0.054094030048912514 0.0030926218951942801 -0.047646546189700857 0.00052775015215664309 -0.00095466240265025125 -0.069395537984783234 -0.0013646797157163531 0.0022917141675602272 0.0015594395047979935 -0.036545656591125179 -0.00044528385299875321 0.0021083131829317896 0.0053547503956626061 0.00020603990708952877 0.0019807139756354395 -2.7488759643070478e-05
leaf_weight=542 44184 1057 539 2029 163399 4726 4783 176 10087 588 111 958 497 1202 213 418 100 142 77 68 1080 3096 160 243 1590 994 724 4896 3971 11256
leaf_count=542 44184 1057 539 2029 163399 4726 4783 176 10087 588 111 958 497 1202 213 418 100 142 77 68 1080 3096 160 243 1590 994 724 4896 3971 11256
internal_value=4.34246e-05 0.000284256 0.000198556 0.00152625 -9.85668e-06 0.00023018 -0.00035728 -0.00110771 0.000374344 0.000313754 -0.00201717 0.00056071 0.000325861 0.00111342 0.000253681 -0.0021751 -0.00042471 0.00274681 -0.00141553 0.00346457 0.000813939 0.00110212 -0.000617193 -0.00377171 0.00151408 0.000518576 0.000336863 0.000257032 0.000780422 -0.000137837
internal_weight=263906 47809 44723 3086 216097 52698 10384 4902 42314 5482 699 32227 22617 9610 22075 731 518 1489 219 1270 8121 7041 1361 403 5680 2584 21344 20620 8867 11753
internal_count=263906 47809 44723 3086 216097 52698 10384 4902 42314 5482 699 32227 22617 9610 22075 731 518 1489 219 1270 8121 7041 1361 403 5680 2584 21344 20620 8867 11753
is_linear=0
shrinkage=0.05


Tree=138
num_leaves=31
num_cat=0
split_feature=6 9 2 25 22 22 1 27 1 29 17 20 5 22 18 7 7 6 7 5 8 27 23 17 29 5 27 29 7 13
split_gain=1.38475 1.81575 1.92835 2.42189 1.26966 1.26317 1.15311 1.5754 1.0817 1.20062 1.28479 1.36662 1.26483 1.35199 2.68817 1.39981 1.24969 2.97985 1.44043 1.33904 1.19534 1.36162 1.6615 2.25487 1.44134 1.34686 1.3032 3.58753 1.69056 2.61594
threshold=0.04061927638801887 0.62016463743589301 -0.0038155840165167878 1.0000000180025095e-35 10.500000000000002 16.500000000000004 277.00000000000006 15.500000000000002 97.000000000000014 0.20559250476795057 9.5000000000000018 0.70885292718590975 4.3892368686248622 1.5000000000000002 4.1620889701818866 0.19160002667849954 0.4691439892959583 0.40789952309655675 0.49027846881876791 0.68594293058874634 0.60768475227022334 24.500000000000004 1.5000000000000002 4.5000000000000009 -0.59509976453478841 0.40365740926275456 17.500000000000004 -0.15303629100651941 0.52145945239735558 0.12589813663426994
decision_type=2 2 2 2 2 2 2 2 2 2 2 2 2 2 2 2 2 2 2 2 2 2 2 2 2 2 2 2 2 2
left_child=1 2 -1 5 -5 6 7 -4 9 12 11 16 13 14 -2 -15 17 -11 -18 -19 21 26 23 -23 -25 -22 -17 28 -28 -30
right_child=8 -3 3 4 -6 -7 -8 -9 -10 10 -12 -13 -14 15 -16 20 18 19 -20 -21 25 22 -24 24 -26 -27 27 -29 29 -31
leaf_value=0.0020278183743559306 -0.010283270930872628 -0.039370869650380419 -0.0060556906406546247 0.0015243446296319711 0.0021828542304997709 -0.014901208121404398 -0.0017199720338885068 0.0014446515622314419 7.6774884393900392e-05 -0.0015608063094106972 0.0018535894730505363 -0.023453259007549684 -0.014527246418673598 -0.01238965069522828 0.00063507774500122635 -0.00023662208890726875 0.005054479016326662 -0.019012888714881798 -0.0010770554518888629 -0.010103507966813793 -0.016974016934849484 -0.028933190499125006 0.0030240879395149788 -0.024779575536131415 0.0037641157734828977 0.0024896519448505097 -0.013999284464626581 0.0048798256658504693 0.0072641993985747642 -0.015842070868239005
leaf_weight=2734 93 85 921 197 580 1014 53 390 245790 1032 195 147 261 67 155 4986 157 178 1030 80 61 115 1051 94 216 1022 312 415 92 184
leaf_count=2734 93 85 921 197 580 1014 53 390 245790 1032 195 147 261 67 155 4986 157 178 1030 80 61 115 1051 94 216 1022 312 415 92 184
internal_value=3.24982e-05 0.000785069 0.000889795 4.75436e-05 0.00247104 -0.000744323 0.000249267 0.000541571 1.50543e-05 -0.000449636 -0.00135154 -0.00164253 -0.000170978 -6.99537e-05 -0.00370968 3.4823e-05 -0.00136455 -0.00244186 -0.000193766 -0.00724806 9.12494e-05 -0.000133958 0.00122629 -0.00141176 0.000806452 0.00164358 -0.000469194 -0.00211366 -0.00462585 -0.00177536
internal_weight=263707 5974 5889 3155 777 2378 1364 1311 257733 11943 2819 2624 9124 8863 248 8615 2477 1290 1187 258 8548 7465 1476 425 310 1083 5989 1003 588 276
internal_count=263707 5974 5889 3155 777 2378 1364 1311 257733 11943 2819 2624 9124 8863 248 8615 2477 1290 1187 258 8548 7465 1476 425 310 1083 5989 1003 588 276
is_linear=0
shrinkage=0.05


Tree=139
num_leaves=31
num_cat=0
split_feature=0 29 6 11 10 6 24 0 28 29 3 0 4 1 24 27 29 29 28 0 17 20 22 13 0 22 17 3 24 6
split_gain=1.32348 1.34002 1.5069 1.43682 1.44787 1.30032 2.06342 1.64269 1.50821 2.93651 1.75328 2.10334 1.50715 1.50657 1.57703 1.54366 1.35922 1.62378 1.35366 2.13309 2.28729 3.45651 1.93045 1.88213 1.8414 1.6143 1.75324 1.83182 1.84298 1.36399
threshold=5.6639013355751313 -0.25669524252401499 0.38844506274944995 2.3882854864935839 1.0000000180025095e-35 0.094806816002675501 25.500000000000004 4.5790689627974688 29.500000000000004 -0.048647120297597581 0.14651263278663515 4.5649191543146843 0.027694855897018519 293.00000000000006 7.5000000000000009 28.500000000000004 0.10480753632568028 0.60199955426817631 28.500000000000004 4.4674786937065862 9.5000000000000018 0.70759620634253517 34.500000000000007 0.54174860476222664 4.3895594239587075 9.5000000000000018 9.5000000000000018 -0.64661284155302357 20.500000000000004 0.35355655779317424
decision_type=2 2 2 2 2 2 2 2 2 2 2 2 2 2 2 2 2 2 2 2 2 2 2 2 2 2 2 2 2 2
left_child=5 2 -2 4 -3 6 8 -8 13 10 11 -10 -13 14 15 -1 -9 -18 24 20 -20 23 -21 -22 25 29 -27 -28 -29 -7
right_child=1 3 -4 -5 -6 18 7 16 9 -11 -12 12 -14 -15 -16 -17 17 -19 19 22 21 -23 -24 -25 -26 26 27 28 -30 -31
leaf_value=0.00085723237030494522 -0.0079842264257180169 -0.027001167901442927 0.0022659642289684675 -0.022066621630443838 0.0026543180863327397 -0.0071296104463817846 0.0075322672721111084 0.0014045129974211569 0.015095442969696379 -0.10154624753269433 0.018848102658077175 -0.012699049668350969 -0.032114421343522236 -0.0011115822937549293 5.2848800740379215e-05 0.0037544614257271078 -0.0027647176360955268 0.0039323333067539856 0.0038722317622779594 0.003150178464600438 -0.0079661323893719521 -0.0023930184045278993 0.017464784839184781 -0.017922519997921337 -8.0988655197413144e-06 0.0095120448562576645 0.00055371852595041628 -0.064234416888410181 -0.0019446646494781423 0.0068541037494964374
leaf_weight=2553 118 71 215 65 1569 111 172 2211 57 91 92 488 50 60 6663 436 220 69 275 11993 64 431 286 65 233876 138 457 58 53 823
leaf_count=2553 118 71 215 65 1569 111 172 2211 57 91 92 488 50 60 6663 436 220 69 275 11993 64 431 286 65 233876 138 457 58 53 823
internal_value=7.03104e-05 0.00133955 -0.00156156 0.00190616 0.00219512 6.04297e-05 0.00054475 0.00178518 0.000228789 -0.00188946 -0.00077147 -0.00176471 -0.00273234 0.000398476 0.000447576 0.00140181 0.00146 -0.00176471 3.47907e-05 0.000529205 -0.00191617 -0.00375 0.000695496 -0.0109302 7.26065e-06 0.00167683 -0.000127479 -0.00135563 -0.00711712 0.00304069
internal_weight=263830 2038 333 1705 1640 261792 13162 2672 10490 778 687 595 538 9712 9652 2989 2500 289 248630 13114 835 560 12279 129 235516 1640 706 568 111 934
internal_count=263830 2038 333 1705 1640 261792 13162 2672 10490 778 687 595 538 9712 9652 2989 2500 289 248630 13114 835 560 12279 129 235516 1640 706 568 111 934
is_linear=0
shrinkage=0.05


Tree=140
num_leaves=31
num_cat=0
split_feature=17 27 24 24 15 15 15 9 23 29 24 29 24 12 29 1 29 9 8 2 3 3 24 1 16 29 1 29 20 18
split_gain=1.26634 2.30609 2.01592 2.53588 2.42425 2.27455 2.09023 1.92545 1.7447 2.52696 1.71862 2.0966 1.61037 1.92086 1.59802 1.82629 2.16286 1.94601 1.74499 1.55782 1.73828 1.53322 1.47531 1.816 3.61893 1.9763 1.45203 1.41081 1.55128 1.32035
threshold=6.5000000000000009 13.500000000000002 6.5000000000000009 2.5000000000000004 1.0000000180025095e-35 13.500000000000002 12.500000000000002 0.65400395528715227 2.5000000000000004 3.7506147206528282 14.500000000000002 -0.45759740947364863 15.500000000000002 0.25767722209089033 4.8373071902499918 121.00000000000001 0.49506689351185157 0.5273110397598646 0.59497061477133395 -1.7070389538898059 -0.81022791595296451 -1.1757317431774148 27.500000000000004 221.00000000000003 1.5418530610367169 -0.69522441631592968 157.00000000000003 -0.53032473659995172 1.0000000180025095e-35 1.8800325585550077
decision_type=2 2 2 2 2 2 2 2 2 2 2 2 2 2 2 2 2 2 2 2 2 2 2 2 2 2 2 2 2 2
left_child=-1 2 3 6 -4 14 7 8 26 -10 19 12 13 -12 15 16 18 -18 -5 20 -6 -13 -3 -24 -25 -26 -2 -14 -29 -17
right_child=1 22 4 5 10 -7 -8 -9 9 -11 11 21 27 -15 -16 29 17 -19 -20 -21 -22 -23 23 24 25 -27 -28 28 -30 -31
leaf_value=8.5471579502249785e-05 -0.0038777659763104769 0.00039390316589433746 -0.0019573120766753749 -0.0088056931330431441 0.0069511708272182006 -0.02379520091516741 0.011205263521662873 0.014119557723902441 0.0078073810452932955 -0.030891708993042125 -0.031417252864381684 0.023581125906416745 0.007305338898225518 0.0069408594891655828 0.016198695557248007 0.013160115149616201 -0.0074479401394044438 -0.048119317630538401 0.0051448908335556161 0.0059558414172855047 -0.034772508608424756 0.00021193858074465294 -0.00048539213502679299 -0.090448472073303393 0.0036964792969162771 -0.058686601388422056 -0.087805560995291729 -0.019387888500110445 0.010114717520131381 -0.0015407204334661779
leaf_weight=225342 159 17263 1899 310 142 319 191 161 268 92 103 58 1730 133 105 134 63 55 73 4788 52 4609 3866 130 170 257 82 60 256 754
leaf_count=225342 159 17263 1899 310 142 319 191 161 268 92 103 58 1730 133 105 134 63 55 73 4788 52 4609 3866 130 170 257 82 60 256 754
internal_value=9.25181e-05 0.000358393 0.000802 -0.000430224 0.00104845 -0.00152785 0.00165792 0.000485564 -0.000815308 0.00138889 0.00131255 0.000804432 0.00204645 -0.00186441 -0.000709505 -0.00115911 -0.00357285 -0.00949153 -0.00174935 0.00202128 -0.00237113 0.000197129 1.89062e-05 -0.00079584 -0.00346499 -0.00124122 -0.00410788 0.00249756 0.00556962 0.000202703
internal_weight=263624 38282 16596 2766 13830 1813 953 762 601 360 11931 6949 2282 236 1494 1389 501 118 383 4982 194 4667 21686 4423 557 427 241 2046 316 888
internal_count=263624 38282 16596 2766 13830 1813 953 762 601 360 11931 6949 2282 236 1494 1389 501 118 383 4982 194 4667 21686 4423 557 427 241 2046 316 888
is_linear=0
shrinkage=0.05


Tree=141
num_leaves=31
num_cat=0
split_feature=6 11 22 22 19 18 28 18 5 16 14 7 4 2 4 5 8 29 27 19 19 14 24 20 27 19 11 0 11 28
split_gain=1.51591 1.39912 2.0032 1.73871 3.92457 3.91061 3.63792 2.51345 1.98678 1.83859 1.75565 1.69743 1.74057 1.69454 2.61114 2.19831 1.64678 1.54796 1.53705 1.57076 1.5299 1.51038 1.52508 1.86174 1.49357 1.65529 1.48363 1.47708 1.59995 1.57079
threshold=2.1010272622093722 0.10070083388043331 2.5000000000000004 8.5000000000000018 51.555051109777715 2.6713717794290708 9.5000000000000018 7.7666708361089514 1.281613336363691 0.003600789203555103 3.589194394537532 0.21996113103243328 0.21062177623843292 -1.0793467092919162 -0.0092493123177646505 0.46985207912071225 1.1110763684696017 -0.77071677021972174 10.500000000000002 22.67454580729736 9.8361698139549159 1.8318097485169536 27.500000000000004 0.16865321434103539 17.500000000000004 32.950495864843944 0.40007934441201709 4.5724882964329003 2.9554244374167769 17.500000000000004
decision_type=2 2 2 2 2 2 2 2 2 2 2 2 2 2 2 2 2 2 2 2 2 2 2 2 2 2 2 2 2 2
left_child=1 2 -1 5 7 6 8 16 21 -9 -10 -6 -13 14 17 24 20 -7 19 -19 -5 22 -3 -24 -15 -26 -22 28 -17 -29
right_child=-2 3 -4 4 11 13 -8 9 10 -11 -12 12 -14 15 -16 27 -18 18 -20 -21 26 -23 23 -25 25 -27 -28 29 -30 -31
leaf_value=0.0011601526377588843 0.0028013536930360633 0.00067538908802097168 0.00036904391524466055 -0.00031793476421951641 -0.016446534857727763 0.0068832599379343856 0.0029997810309721909 0.0069290717150742673 -0.00032319689942780956 -0.0015290837593743179 -0.0026594861331799774 0.0033068129118513203 0.0078512555447232072 0.00089257111897323219 -0.018094191741320487 0.00068983962270407735 0.0079267094336042798 0.0078730527153537434 0.0012672595305425641 -0.022531964450893553 -5.7411998169516961e-06 0.001769873202988731 -0.0012666259768129573 -0.0037001123164430308 -0.029390191993890757 -0.0012487960662090089 0.00079146922291368745 -0.0019605543418926064 -0.046141976262976531 -0.0023485353287236305
leaf_weight=4494 6103 7769 54286 32873 404 2733 827 166 447 16035 96 43987 125 5144 91 3084 162 55 2884 1007 31209 1295 1202 115 54 161 16548 22586 85 7270
leaf_count=4494 6103 7769 54286 32873 404 2733 827 166 447 16035 96 43987 125 5144 91 3084 162 55 2884 1007 31209 1295 1202 115 54 161 16548 22586 85 7270
internal_value=7.81247e-05 5.96437e-05 0.000273903 -3.83037e-06 9.00296e-05 -0.000237238 0.00057527 -8.83569e-05 0.000333211 -0.00065675 -0.0026151 0.000478704 0.000508252 -0.000448687 0.00028065 -0.000577324 2.56213e-05 0.000395269 -0.000238216 -0.00186441 1.55029e-05 0.000487429 0.00025974 -0.00131359 0.000362008 -0.00372093 0.000196202 -0.00072975 0.000296624 -0.000838692
internal_weight=263297 257194 58780 198414 141509 56905 11751 96993 10924 16201 543 44516 44112 45154 6770 38384 80792 6679 3946 1062 80630 10381 9086 1317 5359 215 47757 33025 3169 29856
internal_count=263297 257194 58780 198414 141509 56905 11751 96993 10924 16201 543 44516 44112 45154 6770 38384 80792 6679 3946 1062 80630 10381 9086 1317 5359 215 47757 33025 3169 29856
is_linear=0
shrinkage=0.05


Tree=142
num_leaves=31
num_cat=0
split_feature=28 17 29 12 21 7 24 24 12 5 4 24 14 2 9 5 19 12 6 22 5 16 28 22 29 12 3 5 1 7
split_gain=1.31462 1.84534 2.45255 2.34166 1.67892 2.0242 1.68383 2.67334 1.85223 1.44697 3.11102 1.97624 1.45014 1.83293 1.37408 1.33241 2.08972 1.96983 2.12964 1.88802 1.83872 2.02961 1.85416 2.205 1.81778 1.88615 1.78271 1.76916 1.90791 1.72921
threshold=28.500000000000004 3.5000000000000004 -0.23613069328752892 0.10692433483270597 37.500000000000007 1.1644602231055816 2.5000000000000004 9.5000000000000018 0.12515791041844662 0.71544678143686402 -0.087824573254756635 17.500000000000004 4.9520513275900795 -1.5742715205010283 0.70094909252985349 1.408920355789758 45.276785475397041 0.26258678285149284 0.063193627739669814 14.500000000000002 2.0003250782998951 3.0282371891215401 7.5000000000000009 3.5000000000000004 -0.74406408122561807 0.34495938031083345 -0.7738824326432866 2.226293618553032 289.00000000000006 1.3012081511078215
decision_type=2 2 2 2 2 2 2 2 2 2 2 2 2 2 2 2 2 2 2 2 2 2 2 2 2 2 2 2 2 2
left_child=15 2 3 -2 9 6 -6 8 -8 10 -3 12 -11 -14 -13 -1 -17 18 -18 20 21 22 23 -19 -23 -26 -25 -22 -29 -20
right_child=1 4 -4 -5 5 -7 7 -9 -10 11 -12 14 13 -15 -16 16 17 19 29 -21 27 24 -24 26 25 -27 -28 28 -30 -31
leaf_value=-5.5226936481644072e-05 -0.019587402991591056 0.012126930457356862 -0.027987554306650404 0.012466970259689437 0.0079095718171025859 -0.067323418483535569 -0.039324909435253193 0.0017613249237753512 -0.0046729405381763242 0.0044018642214813932 -0.0029442488286179598 0.0074168067411855268 0.0069906194362794527 -0.04474295448032848 -0.037651766246384923 0.00082475083206211156 0.0043051618059549157 -0.092206345773338028 -0.002553135758875928 0.0035638595776194292 -0.031286872449049485 0.017517948821939838 0.0019415456089485108 -0.0048224044826769763 0.019220883000194658 -0.0050217473173447434 -0.053616257406186321 -0.0014395237466558256 -0.086968822649925226 -0.030930375842934787
leaf_weight=188747 199 690 236 346 472 360 403 3743 925 3637 306 2309 303 313 98 23093 711 67 17260 9400 948 1057 2472 371 133 1067 54 2604 99 1351
leaf_count=188747 199 690 236 346 472 360 403 3743 925 3637 306 2309 303 313 98 23093 711 67 17260 9400 948 1057 2472 371 133 1067 54 2604 99 1351
internal_value=5.39856e-05 0.000519526 -0.00184379 0 0.000655653 2.20227e-05 0.000257983 -7.88799e-06 -0.00193524 0.0011442 0.00292169 0.000878378 0.000230426 -0.00201299 0.00202327 2.72216e-05 0.000231021 1.064e-06 -0.000350895 0.000373249 -0.00014991 0.000452021 -0.000408232 -0.00321138 0.00158175 0.00025 -0.00188235 -0.00101068 -0.000358861 -0.000453495
internal_weight=263774 14340 781 545 13559 5903 5543 5071 1328 7656 996 6660 4253 616 2407 249434 60687 37594 19322 18272 8872 5221 2964 492 2257 1200 425 3651 2703 18611
internal_count=263774 14340 781 545 13559 5903 5543 5071 1328 7656 996 6660 4253 616 2407 249434 60687 37594 19322 18272 8872 5221 2964 492 2257 1200 425 3651 2703 18611
is_linear=0
shrinkage=0.05


Tree=143
num_leaves=31
num_cat=0
split_feature=11 29 13 28 2 18 5 12 20 18 18 10 23 8 29 2 24 16 5 3 24 5 24 5 27 27 17 20 20 27
split_gain=1.10239 1.18236 1.07501 1.0739 2.02994 1.38368 1.47961 1.26702 1.4569 1.23604 1.1873 1.04294 2.66182 2.59594 2.29705 1.59575 1.27273 1.82529 1.53782 1.45846 1.19036 1.51852 1.49177 4.82974 3.51287 3.20927 2.18125 2.33959 2.23571 2.173
threshold=5.1610951398969211 -0.091673901992847542 1.633205032054454 26.500000000000004 -2.3393985211825945 18.392463309173653 1.4919508992634121 0.54625124810955883 0.70885292718590975 28.511877617768629 12.112820027334863 1.0000000180025095e-35 4.5000000000000009 0.49452865026116943 0.11033084955213045 0.18574130785540569 14.500000000000002 0.54110554908786268 0.52436988414801677 0.32308042656374097 9.5000000000000018 0.35964551885601487 8.5000000000000018 1.4806925856081146 25.500000000000004 33.500000000000007 5.5000000000000009 0.71589936155446965 0.7096763166769936 3.5000000000000004
decision_type=2 2 2 2 2 2 2 2 2 2 2 2 2 2 2 2 2 2 2 2 2 2 2 2 2 2 2 2 2 2
left_child=11 3 -3 5 -5 6 7 8 -2 -7 -6 12 13 14 -1 -14 19 18 -18 -15 21 -13 -23 24 -24 26 28 -28 29 -25
right_child=1 2 -4 4 10 9 -8 -9 -10 -11 -12 20 15 16 -16 -17 17 -19 -20 -21 -22 22 23 25 -26 -27 27 -29 -30 -31
leaf_value=-0.011483922290907903 -0.066575467827548127 0.0096060863501474421 -0.016724799849189415 -0.10391362065929646 0.0071205046419141344 0.012471359168079996 0.0015435933601125763 0.0037466556986472978 -0.011637661564056474 0.0052245489043614918 -0.025029453745422703 0.0024789127217432522 0.0070011073275582994 0.002710908963946402 -0.031021610400594608 1.0426498843418062e-05 -0.0027552119082162874 -0.0018614287691179896 -0.015371889298967524 -0.0021778382730793622 0.00020489030566636391 -0.00015285313476061919 0.00054328415954353127 -0.036823450657883137 -0.039812358547611684 0.028836189290618604 0.0020943126273093434 -0.025617345913151131 -0.0088953977841121877 -0.063490827003644543
leaf_weight=59 58 375 53 59 114 580 539 75 58 575 217 786 139 161 58 314 107 344 131 213 189564 61622 4918 217 623 66 485 154 292 577
leaf_count=59 58 375 53 59 114 580 539 75 58 575 217 786 139 161 58 314 107 344 131 213 189564 61622 4918 217 623 66 485 154 292 577
internal_value=4.24235e-05 0.00104698 0.00345794 0.000593407 -0.00179487 0.00108753 -0.000616438 -0.00439791 -0.00767241 0.0021645 -0.000271903 3.20132e-05 -0.0012713 -0.00262815 -0.00965812 0.0019426 -0.00176778 -0.00323024 -0.00659664 0.000508021 3.96832e-05 -0.000136937 -0.000161847 -0.000836061 -0.000106479 -0.00309324 -0.00350725 -0.00118936 -0.00487109 -0.00624685
internal_weight=263533 2703 428 2275 390 1885 730 191 116 1155 331 260830 1526 1073 117 453 956 582 238 374 259304 69740 68954 7332 5541 1791 1725 639 1086 794
internal_count=263533 2703 428 2275 390 1885 730 191 116 1155 331 260830 1526 1073 117 453 956 582 238 374 259304 69740 68954 7332 5541 1791 1725 639 1086 794
is_linear=0
shrinkage=0.05


Tree=144
num_leaves=31
num_cat=0
split_feature=6 28 15 24 17 28 21 3 11 16 12 24 29 29 18 11 13 24 24 18 20 14 7 28 24 24 5 6 24 18
split_gain=1.42551 1.71921 1.42539 2.66102 2.16891 1.47116 1.44716 1.91952 2.28026 2.17408 1.62365 1.54123 1.38436 1.67862 2.14418 1.77105 1.68044 1.3279 1.6201 1.46944 1.48368 1.28024 1.44493 1.45847 1.52043 1.21559 1.18079 1.58048 1.24589 1.412
threshold=0.19209988291272687 29.500000000000004 1.0000000180025095e-35 27.500000000000004 3.5000000000000004 33.500000000000007 40.500000000000007 -0.80374856348941603 0.73315287026935949 0.67290244773508401 2.4148859806295624 23.500000000000004 -1.5062216332329936 -1.0308775640211452 39.41889611950149 0.26485959448671031 3.3823721723844007 2.5000000000000004 9.5000000000000018 12.112820027334863 0.71827297368433685 7.1407970139160017 0.75463276786944278 6.5000000000000009 7.5000000000000009 30.500000000000004 2.9804490709113423 1.9524119417911521 28.500000000000004 12.328031187125188
decision_type=2 2 2 2 2 2 2 2 2 2 2 2 2 2 2 2 2 2 2 2 2 2 2 2 2 2 2 2 2 2
left_child=-1 21 3 4 -3 -5 12 9 10 -8 17 -11 -4 16 25 -16 -14 -9 19 20 -19 -2 23 24 -23 -15 28 -28 -24 -30
right_child=1 2 6 5 -6 -7 7 8 -10 11 -12 -13 13 14 15 -17 -18 18 -20 -21 -22 22 26 -25 -26 -27 27 -29 29 -31
leaf_value=0.00067705166971834645 -5.7767365750940776e-05 -0.042215669123118041 0.017722465188230379 -0.011151060794094635 0.0033200704732497689 -0.050493764194424119 -0.08054048511515241 0.0067112143031336337 0.0046058394378684286 0.0065857771817558561 -0.0074029163988572899 -0.10875375882027033 -0.0087086660214457864 0.0035893542748963274 0.0086421333358820077 0.0265815428941511 -0.076956531070129452 -0.041933065864856456 0.00052405092165745703 0.0012312003424501637 -0.0028775469439215932 0.0017024592249344044 0.00072262420276848717 0.0044817087712520605 -0.037616684160579977 0.0096326693197981289 -0.073861209394092686 0.0008848135523389797 -0.001532507545021341 0.0059817379343450119
leaf_weight=35845 209777 56 979 80 1155 69 82 100 316 173 63 86 648 3629 183 334 63 74 936 96 70 108 6990 801 93 74 69 132 118 671
leaf_count=35845 209777 56 979 80 1155 69 82 100 316 173 63 86 648 3629 183 334 63 74 936 96 70 108 6990 801 93 74 69 132 118 671
internal_value=6.53731e-05 1.92961e-05 0.00068638 -0.000808824 -3.30306e-05 -0.00711409 0.000943587 -0.000220441 0.000483384 -0.00363636 -0.000418223 -0.00138996 0.00133672 0.000995741 0.00137441 0.00439072 -0.00125176 -3.1348e-05 -0.000501701 -0.00416667 -0.00736111 -8.95963e-06 0.000575596 0.00236527 -0.00144279 0.000953281 0.000350877 -0.00343284 0.000448644 0.00233207
internal_weight=263870 228025 9266 1360 1211 149 7906 1996 1655 341 1339 259 5910 4931 4220 517 711 1276 1176 240 144 218759 8982 1002 201 3703 7980 201 7779 789
internal_count=263870 228025 9266 1360 1211 149 7906 1996 1655 341 1339 259 5910 4931 4220 517 711 1276 1176 240 144 218759 8982 1002 201 3703 7980 201 7779 789
is_linear=0
shrinkage=0.05


Tree=145
num_leaves=31
num_cat=0
split_feature=5 6 17 17 0 27 21 23 1 4 0 22 13 18 11 18 13 19 27 0 4 22 1 21 19 2 22 3 0 24
split_gain=1.14281 1.6723 1.22343 1.11855 2.4968 1.57545 1.99823 2.14352 1.96268 1.63283 2.00009 1.54169 1.68277 1.81322 1.81742 1.64382 1.64203 1.53789 1.39337 5.23362 3.23691 2.9209 2.81955 3.1689 7.21341 5.01621 4.81767 2.79066 2.70197 2.54697
threshold=0.36955847803969871 0.3907662466695403 9.5000000000000018 6.5000000000000009 4.9859457890483005 11.500000000000002 30.500000000000004 5.5000000000000009 165.00000000000003 -0.39083512000525017 4.3895594239587075 17.500000000000004 1.9767836685517983 10.405471555763617 1.2005362815580594 5.5301261445485546 0.063084786336669668 1.050797484154723 16.500000000000004 4.6046610299420534 -0.54491434864628052 6.5000000000000009 185.00000000000003 31.500000000000004 7.8226880836937971 -0.098672647007819927 2.5000000000000004 0.27532809102508149 4.7640480011832471 12.500000000000002
decision_type=2 2 2 2 2 2 2 2 2 2 2 2 2 2 2 2 2 2 2 2 2 2 2 2 2 2 2 2 2 2
left_child=1 2 -1 18 5 6 7 9 -9 10 -5 12 13 15 16 -12 -15 -8 19 20 -2 22 23 24 26 28 -20 -25 -26 -23
right_child=3 -3 -4 4 -6 -7 17 8 -10 -11 11 -13 -14 14 -16 -17 -18 -19 21 -21 -22 29 -24 27 25 -27 -28 -29 -30 -31
leaf_value=-0.00034033620761096304 -0.040437359828359512 0.0024621425880717225 0.012254744154728036 0.01037322913317229 0.0020232296629618049 -0.00026172908533862 0.0083310212008440333 0.011527217478115684 -0.0085246756421989093 0.0013918398560276235 -0.008098547087930839 -0.0062271719724565485 0.022447683801569224 0.02122974334262415 -0.039961225661616223 -0.073174093712199614 -0.029608028575774898 0.0041682370020200621 -0.002073853610379556 -4.7423918521320387e-05 0.0083387391892394813 -7.9281045877937532e-05 0.00015821397496799394 0.00031018468537910891 -0.045242828279666407 0.0017897872790986491 -0.00058205917306929273 -0.028534389773207158 -0.0063236191263948693 0.0015180309669742605
leaf_weight=2285 2707 1662 113 122 10614 19334 279 351 135 1751 50 640 96 80 127 61 319 3905 113 164182 172 17401 7583 2412 408 286 153 141 1302 24923
leaf_count=2285 2707 1662 113 122 10614 19334 279 351 135 1751 50 640 96 80 127 61 319 3905 113 164182 172 17401 7583 2412 408 286 153 141 1302 24923
internal_value=6.6627e-05 0.000899015 5.42118e-05 5.36112e-05 0.000304775 5.13761e-05 0.000645528 -0.000195606 0.00290123 -0.000659273 -0.00187291 -0.00241806 -0.00398363 -0.00491366 -0.00368821 -0.0107207 -0.00203008 0.00139579 1.07312e-05 -6.09957e-05 -0.00217437 0.000229707 -0.000445233 -0.00139148 -0.0027542 -0.00172345 -0.0104887 -0.000184097 -0.00274854 0.000427417
internal_weight=263707 4060 2398 259647 37864 27250 7916 3732 486 3246 1495 1373 733 637 526 111 399 4184 221783 167061 2879 54722 12398 4815 2262 1996 266 2553 1710 42324
internal_count=263707 4060 2398 259647 37864 27250 7916 3732 486 3246 1495 1373 733 637 526 111 399 4184 221783 167061 2879 54722 12398 4815 2262 1996 266 2553 1710 42324
is_linear=0
shrinkage=0.05


Tree=146
num_leaves=31
num_cat=0
split_feature=27 0 23 4 0 4 4 24 14 24 24 22 29 19 16 29 6 16 29 0 20 5 1 19 29 23 1 2 7 24
split_gain=2.29547 1.28595 1.28487 5.14268 3.70217 2.35308 2.31024 2.67169 2.40044 2.27224 2.92151 2.2635 2.44275 2.22942 2.84888 2.18873 2.18494 2.03085 2.10872 2.45414 2.6945 2.26281 2.53093 2.29543 2.23447 2.12477 2.42736 2.59555 2.02385 1.98776
threshold=41.500000000000007 5.6757271873972215 1.5000000000000002 0.17254456956901179 5.2857546082407643 0.060636400820476825 0.015261923683561348 26.500000000000004 2.8145547428784092 1.5000000000000002 3.5000000000000004 19.500000000000004 -1.4571161936178669 9.6699922001820671 1.6861199440423784 -0.57590045483512864 1.0738602584635857 0.0078129445522450176 0.11033084955213045 5.5539350593281904 0.13935362285303179 0.61081686976367988 241.00000000000003 5.8277033549701507 -0.11661615340548669 1.0000000180025095e-35 117.00000000000001 0.25283670243419459 0.42833754735140667 29.500000000000004
decision_type=2 2 2 2 2 2 2 2 2 2 2 2 2 2 2 2 2 2 2 2 2 2 2 2 2 2 2 2 2 2
left_child=1 2 3 4 11 6 -4 8 -8 -5 -11 12 -1 -14 -15 28 -10 -12 21 20 -20 23 -23 -19 -24 -21 27 -27 -6 -7
right_child=-2 -3 5 9 15 29 7 -9 16 10 17 -13 13 14 -16 -17 -18 18 19 25 -22 22 24 -25 -26 26 -28 -29 -30 -31
leaf_value=0.0084291321555814199 0.0043393132250713635 0.0020122793372276547 0.000223734048027873 0.0031609614296760485 -0.011232168878553566 0.00072680983680461684 -0.0008672027026047054 0.00085394200975177708 -0.011346932301033402 -0.0041899491906199184 0.0054807192040965853 0.00062532037020615724 0.00037141284306494181 -0.0028046968542941187 0.0002320896618132558 0.001562482796729556 -0.025292039771533655 -0.010270941375524915 -0.00070020335798040654 -0.0017789759797357944 -0.0030097794171523233 0.0027474898787104921 -0.0083730404901406884 -0.00098520368267981701 0.0030812416696749472 -0.001461410144530802 -0.0021566365993419792 -0.0063715203766110465 0.00070907630957707513 -0.00078401522590818007
leaf_weight=2749 416 1019 108678 279 87 50888 20789 4004 292 670 188 22353 7228 16169 7623 4923 68 54 4383 1231 1008 1176 79 1900 113 75 867 131 112 4226
leaf_count=2749 416 1019 108678 279 87 50888 20789 4004 292 670 188 22353 7228 16169 7623 4923 68 54 4383 1231 1008 1176 79 1900 113 75 867 131 112 4226
internal_value=3.87826e-05 3.29205e-05 2.60346e-05 -0.000151503 3.49422e-05 9.50012e-05 -1.82319e-05 -0.000450046 -0.000674264 -0.001091 -0.00119579 -8.24988e-05 -0.000340845 -0.00046744 -0.000701076 0.00132175 -0.00472222 -0.00100402 -0.00109195 -0.00154646 -0.000962716 -3.91331e-05 0.00152047 -0.00113101 -0.00380208 -0.00291233 -0.00453868 -0.00941748 -0.0038191 0.00036996
internal_weight=263778 263362 262343 73398 61244 188945 133831 25153 21149 12154 11875 56122 33769 31020 23792 5122 360 11205 11017 7695 5391 3322 1368 1954 192 2304 1073 206 199 55114
internal_count=263778 263362 262343 73398 61244 188945 133831 25153 21149 12154 11875 56122 33769 31020 23792 5122 360 11205 11017 7695 5391 3322 1368 1954 192 2304 1073 206 199 55114
is_linear=0
shrinkage=0.05


Tree=147
num_leaves=31
num_cat=0
split_feature=24 29 20 27 18 0 4 5 4 23 23 29 19 29 24 20 7 22 22 19 8 11 18 20 7 5 5 0 12 5
split_gain=1.18656 1.73556 1.5379 2.12442 2.04835 1.94607 1.76627 1.79823 1.51746 2.56182 3.36986 2.63917 2.45176 1.77078 1.67925 1.68951 1.61381 1.80635 1.60857 2.06375 1.91369 1.87945 2.73329 1.94716 1.92359 1.68284 1.89074 2.04799 1.62788 1.56208
threshold=27.500000000000004 -1.8577800261288111 0.70746245085067916 2.5000000000000004 34.597550769338447 4.9097895749028941 -0.56778403148787893 0.48239521640710381 0.34279727925295861 1.5000000000000002 2.5000000000000004 0.50996145482694988 5.7260254319867796 0.65717519895737342 18.500000000000004 0.072338756009334967 0.25986299298214971 10.500000000000002 29.500000000000004 13.195514801407503 0.52525940986982544 0.11231143574663084 3.0858973876795517 0.034592564109650885 0.24350008996465164 0.49287778096325646 0.54937856925434769 5.5226691910697721 0.066669612194819441 0.77255834920795341
decision_type=2 2 2 2 2 2 2 2 2 2 2 2 2 2 2 2 2 2 2 2 2 2 2 2 2 2 2 2 2 2
left_child=2 -2 8 5 6 -4 -5 -8 -1 12 -11 18 -10 14 15 -13 17 -17 19 -12 28 23 24 -21 -23 -26 -27 -28 -20 -14
right_child=1 -3 3 4 -6 -7 7 -9 9 10 11 13 29 -15 -16 16 -18 -19 20 21 -22 22 -24 -25 25 26 27 -29 -30 -31
leaf_value=-2.7201627802466523e-05 0.0097130453702336042 -0.00031809697782972293 0.00078364266561919526 0.003539473221205416 0.0065171768915872749 0.0099397271330515027 0.003062721520429038 0.0002048723275101827 -0.0073721069810397015 0.0029876659176311434 0.0018274332184654717 0.0045205684208632115 -0.00059997706694013835 0.00018570866085669682 0.0038384041022147953 -0.0053521787957709977 0.0022934034024199579 -0.00051838069662400819 0.0022189795582714454 0.0066736682407529339 -0.0016878080491855173 0.0032905995555947941 -0.00054461305951794309 0.001628881864966883 -0.014523745658709387 0.0027199796080397162 -0.01811048884744226 -0.0033678619469874036 -0.0071815890640602904 0.0044552177879928099
leaf_weight=154657 345 37133 1474 442 2812 1903 1619 42769 109 2924 3612 435 5326 1189 696 68 498 108 56 132 998 92 2566 979 60 101 113 210 145 266
leaf_count=154657 345 37133 1474 442 2812 1903 1619 42769 109 2924 3612 435 5326 1189 696 68 498 108 56 132 998 92 2566 979 60 101 113 210 145 266
internal_value=6.3941e-05 -0.000196649 0.000107087 0.000348694 0.000262793 0.00156056 0.000180683 0.000149365 3.67857e-05 0.000439008 0.000782272 0.000413004 -0.000463077 0.00170007 0.00268698 0.00147881 -8.90208e-05 -0.00420455 -1.21359e-05 0.000247934 -0.0017181 -0.000498472 -0.00112349 0.00126913 -0.00423611 -0.00549587 -0.00438679 -0.00625387 -0.00616915 -0.000318312
internal_weight=263837 37478 226359 51019 47642 3377 44830 44388 175340 20683 14982 12058 5701 2994 1805 1109 674 176 9064 7865 1199 4253 3142 1111 576 484 424 323 201 5592
internal_count=263837 37478 226359 51019 47642 3377 44830 44388 175340 20683 14982 12058 5701 2994 1805 1109 674 176 9064 7865 1199 4253 3142 1111 576 484 424 323 201 5592
is_linear=0
shrinkage=0.05


Tree=148
num_leaves=31
num_cat=0
split_feature=7 23 4 27 4 28 9 29 3 29 3 7 1 24 5 9 29 9 11 13 29 24 4 1 7 13 24 1 1 5
split_gain=1.0751 4.16925 2.19229 1.99706 1.97594 2.76963 1.97443 2.37101 1.9542 2.25306 1.95259 1.83705 1.83553 2.78531 2.37671 2.01015 1.97677 1.93819 1.78824 1.71828 3.25771 1.68851 1.79294 3.60071 1.80132 1.75583 2.17074 1.8844 1.86303 1.67335
threshold=0.36529561583706288 1.5000000000000002 -0.4038596509380315 1.0000000180025095e-35 0.17254456956901179 22.500000000000004 0.5740676026911421 -0.29244308552276649 0.34496630906400422 -0.18126968021884013 0.46213578783789483 0.50207758985788631 145.00000000000003 3.5000000000000004 0.6519724055629218 0.60128350235853867 -0.048647120297597581 0.59187391762042929 0.20641554762649825 0.21786262007595331 0.21194771214161187 28.500000000000004 0.26179229969821677 189.00000000000003 0.35071519013389857 0.16193044866632031 24.500000000000004 125.00000000000001 293.00000000000006 0.61364818447876657
decision_type=2 2 2 2 2 2 2 2 2 2 2 2 2 2 2 2 2 2 2 2 2 2 2 2 2 2 2 2 2 2
left_child=1 4 -3 10 6 8 7 -1 9 -6 -4 18 13 15 17 -11 -14 -15 -2 20 -19 22 23 24 -5 28 -27 -28 -24 -29
right_child=11 2 3 21 5 -7 -8 -9 -10 12 -12 -13 16 14 -16 -17 -18 19 -20 -21 -22 -23 25 -25 -26 26 27 29 -30 -31
leaf_value=-0.0049746678083637981 0.0010629028780291703 -0.029774517441645901 -0.00070946014420478134 0.0019345375072080759 0.0027967006052855396 -0.022878178543755946 -0.0024341487931030955 0.0023130937776768426 -0.00075782707254330945 -0.022622015331574419 0.0024864065090934675 4.2445513798173167e-05 -0.0063066866641496439 -0.0018101064567579328 0.0046457066670716257 -0.021398155452143089 -0.0012061721613585872 -0.0028393738624084425 0.00018097205354264964 -0.0012941348219908055 -0.018370724136394054 -0.0010612282802305543 0.0011356625535449128 -0.003604231481879504 -0.0030380724368797764 0.0019099002054351836 -0.0026161449327697451 0.0071828297506053452 -0.005765408655666728 0.002648280883279606
leaf_weight=1032 27873 507 13168 6476 337 50 1004 2183 6353 71 1488 140927 157 367 136 61 1923 63 44816 81 128 2239 5074 1513 1028 3628 67 428 110 171
leaf_count=1032 27873 507 13168 6476 337 50 1004 2183 6353 71 1488 140927 157 367 136 61 1923 63 44816 81 128 2239 5074 1513 1028 3628 67 428 110 171
internal_value=7.22693e-05 -0.00013683 0.000148202 0.00019497 -0.000870501 -0.00126247 3.31832e-05 0.000637636 -0.00120182 -0.00218412 -0.000251774 0.000121058 -0.00262136 -0.00449835 -0.00335484 -0.0112121 -0.00180288 -0.00463224 0.000325221 -0.00783088 -0.0104188 0.000510755 0.000667748 0.000163025 0.000611674 0.00114792 0.00189567 0.00451952 0.000528549 0.00540902
internal_weight=263459 49843 35897 35390 13946 9727 4219 3215 9677 3324 14656 213616 2987 907 775 132 2080 639 72689 272 191 20734 18495 9017 7504 9478 4294 666 5184 599
internal_count=263459 49843 35897 35390 13946 9727 4219 3215 9677 3324 14656 213616 2987 907 775 132 2080 639 72689 272 191 20734 18495 9017 7504 9478 4294 666 5184 599
is_linear=0
shrinkage=0.05


Tree=149
num_leaves=31
num_cat=0
split_feature=17 18 2 24 24 1 7 23 9 18 4 29 27 19 16 18 29 29 29 5 5 16 19 4 17 24 24 2 28 12
split_gain=1.60074 1.91848 1.72824 1.33841 4.67188 2.18795 2.19209 2.01623 1.98332 2.62306 1.76668 1.63845 2.23459 1.67148 1.65282 1.63099 3.01798 2.27428 1.59754 1.57385 3.13005 1.55636 1.52281 2.61787 2.28549 2.34621 2.21024 2.14773 1.82883 1.82627
threshold=6.5000000000000009 1.7040741207189505 0.59519959210630746 2.5000000000000004 4.5000000000000009 181.00000000000003 0.32096134110401092 1.5000000000000002 0.43921597008403035 6.7157789798930274 0.14963942630347724 -0.98629016210140319 15.500000000000002 50.812282665323643 0.96746471571845671 18.392463309173653 -1.1041871305606306 -0.63765016794120266 -1.6214020128300053 0.54937856925434769 0.60264412435075865 1.8890193110376716 31.550804026682815 -0.46302056092131688 9.5000000000000018 14.500000000000002 9.5000000000000018 -0.23899936940298599 3.5000000000000004 1.1410681411436696
decision_type=2 2 2 2 2 2 2 2 2 2 2 2 2 2 2 2 2 2 2 2 2 2 2 2 2 2 2 2 2 2
left_child=-1 -2 3 8 5 6 -5 -7 9 -3 15 12 14 21 -6 18 -17 -18 -8 -11 -21 -14 24 27 -13 26 -26 28 -24 -27
right_child=1 2 -4 4 11 7 10 -9 -10 19 -12 22 13 -15 -16 16 17 -19 -20 20 -22 -23 23 -25 25 29 -28 -29 -30 -31
leaf_value=4.1999941849552257e-05 0.0019177043920701597 -0.02070423838274071 0.0029532049359939408 0.00762631357823218 0.015917551822670416 -0.050371804029212923 -0.090895681612581422 0.0064680133231149991 0.0032741155931520684 0.0066236167385893448 -0.035939268474302857 0.00034349661621580147 0.0049456158209137714 -0.012079768789917971 0.0081164052819196163 0.0019262266363646537 -0.060551416145260988 -0.034666715341350844 -0.0038872292605785196 -0.030942969505521251 0.0017564034790300048 -0.0014399238196118776 0.0063575691972003415 0.0018276991491833112 -0.0036889386348374349 -0.0014850607073216347 0.0067440239953136978 -0.048701208821348409 -0.005405599834484842 -0.004742541531064696
leaf_weight=225672 3604 147 1653 131 799 52 86 332 692 197 52 4487 603 1305 1700 122 67 243 639 81 1310 466 418 11076 378 2300 477 359 4018 332
leaf_count=225672 3604 147 1653 131 799 52 86 332 692 197 52 4487 603 1305 1700 122 67 243 639 81 1310 466 418 11076 378 2300 477 359 4018 332
internal_value=7.04327e-05 0.000370089 0.000255489 0.000176154 8.60653e-05 -0.002442 -0.00339552 0.000885417 0.00130614 0.000403458 -0.00406121 0.00023783 0.00107326 -2.52738e-05 0.00211685 -0.00365601 -0.00608796 -0.00870968 -0.0022069 0.000994962 0.000402588 0.0014406 6.71e-05 0.000350324 -0.000496614 -0.00145684 0.000818713 -0.000625652 -0.000324617 -0.00219605
internal_weight=263798 38126 34522 32869 30442 1724 1340 384 2427 1735 1209 28718 4873 2374 2499 1157 432 310 725 1588 1391 1069 23845 15871 7974 3487 855 4795 4436 2632
internal_count=263798 38126 34522 32869 30442 1724 1340 384 2427 1735 1209 28718 4873 2374 2499 1157 432 310 725 1588 1391 1069 23845 15871 7974 3487 855 4795 4436 2632
is_linear=0
shrinkage=0.05


Tree=150
num_leaves=31
num_cat=0
split_feature=28 29 17 5 29 4 16 7 27 13 12 17 16 14 23 27 20 23 19 13 2 13 13 11 23 12 18 29 27 15
split_gain=1.48701 1.39305 1.8785 2.01678 1.81797 1.70105 1.54451 1.73666 1.66518 1.64592 1.53859 1.62101 1.39987 1.36392 1.35134 1.28123 1.21483 1.56647 1.50473 1.21257 1.17972 1.17711 1.67312 1.17487 1.17253 1.50775 1.31777 1.41073 1.22301 1.47278
threshold=28.500000000000004 -1.8577800261288111 3.5000000000000004 1.1149093255348597 -0.85823407565343313 -0.11300553895317623 0.013293539034011327 0.54113637241983048 3.5000000000000004 0.4286449668743027 0.17637778607216045 6.5000000000000009 1.180895197251709 5.0647189479613592 3.5000000000000004 47.500000000000007 0.061868728978222105 1.5000000000000002 14.690199962503959 6.0399561090005731 -1.5310981106558179 0.53283787701134855 0.081414734119343551 0.086214048492554624 1.5000000000000002 0.13848893605807461 13.217980032204883 -0.49619527688194393 9.5000000000000018 13.500000000000002
decision_type=2 2 2 2 2 2 2 2 2 2 2 2 2 2 2 2 2 2 2 2 2 2 2 2 2 2 2 2 2 2
left_child=15 5 3 -3 6 -2 -4 12 -9 -10 -11 13 -8 14 -12 -1 17 -5 -18 24 -21 22 -20 -19 25 26 28 -28 29 -6
right_child=1 2 4 16 19 -7 7 8 9 10 11 -13 -14 -15 -16 -17 18 23 21 20 -22 -23 -24 -25 -26 -27 27 -29 -30 -31
leaf_value=6.3816618099391209e-05 0.018020677299042231 0.012227248679996265 -0.0246921626666744 0.0011872376773509894 -0.025027203861004838 -0.019148788182557927 0.0016296353046816219 0.0012839138074463917 -0.0064236943961023642 -0.080828928799266342 -0.090311157276306397 0.004834114450841428 0.016588606490574056 0.0034522857473824617 -0.12117281359953476 0.0037730254757441283 0.011302627168769614 -0.040532228246302454 0.013321206862360754 0.0029275991385334758 -0.05619270830174436 0.0099773405862524922 -0.028000516260016373 -0.024480923894970905 0.0039329849809576481 0.0048752806934277432 -0.022529094532494992 0.012052385717559828 -0.02812306491133696 0.0061605245027288253
leaf_weight=249159 1488 195 56 51 400 177 398 1328 695 78 110 87 178 77 77 201 55 52 56 62 50 63 110 77 6397 1588 93 265 70 87
leaf_count=249159 1488 195 56 51 400 177 398 1328 695 78 110 87 178 77 77 201 55 52 56 62 50 63 110 77 6397 1588 93 265 70 87
internal_value=6.80491e-05 0.00056172 0.000384163 -0.00221548 0.000525794 0.00192192 -0.000522049 -0.000369881 -0.000950245 -0.00236655 -0.00480186 -0.00339031 0.00210069 -0.00534091 -0.00764706 3.95011e-05 -0.00400862 -0.00722222 -0.00197183 0.000884376 -0.00428571 -0.00375546 -0.00596386 -0.010155 0.000949438 3.19616e-05 -0.0015847 0.000782123 -0.00310592 -0.00221766
internal_weight=263780 14420 12755 659 12096 1665 3084 3028 2452 1124 429 351 576 264 187 249360 464 180 284 9012 112 229 166 129 8900 2503 915 358 557 487
internal_count=263780 14420 12755 659 12096 1665 3084 3028 2452 1124 429 351 576 264 187 249360 464 180 284 9012 112 229 166 129 8900 2503 915 358 557 487
is_linear=0
shrinkage=0.05


Tree=151
num_leaves=31
num_cat=0
split_feature=17 18 0 19 24 24 16 19 13 3 15 6 16 18 11 17 6 24 11 5 0 5 0 24 24 4 11 24 9 14
split_gain=1.48574 2.39873 2.36906 1.84343 2.50742 2.23193 1.92745 1.74226 1.58839 1.59665 1.52914 1.69981 1.64453 1.57388 1.73933 1.81242 1.5486 1.53329 1.49026 1.47231 1.8726 1.40741 1.39335 1.35451 1.33262 1.91164 1.32079 1.50744 1.32302 1.30413
threshold=8.5000000000000018 0.45961432632493199 4.4439066730957402 29.959022625934345 14.500000000000002 9.5000000000000018 0.71255612659755052 15.856740568991411 0.51428954098832336 -0.51475799797007971 10.500000000000002 0.20635415146073929 0.78051517059538711 50.504317098060362 0.38584286853283661 4.5000000000000009 0.04061927638801887 2.5000000000000004 0.34757600579720721 1.6682128222531192 4.6426673853605518 1.5831026804476112 4.6851294144313123 28.500000000000004 8.5000000000000018 -0.033645560161340383 0.49377391006513888 25.500000000000004 0.54350928595928016 1.4539134906575837
decision_type=2 2 2 2 2 2 2 2 2 2 2 2 2 2 2 2 2 2 2 2 2 2 2 2 2 2 2 2 2 2
left_child=2 24 -1 4 8 -5 7 -6 29 -10 16 -12 13 17 15 -15 23 21 19 20 -17 -13 -22 -4 25 -2 27 -9 -29 -3
right_child=1 3 10 5 6 -7 -8 26 9 -11 11 12 -14 14 -16 18 -18 -19 -20 -21 22 -23 -24 -25 -26 -27 -28 28 -30 -31
leaf_value=0.0072024304900468869 -0.010060200324422753 0.0015236465948199093 0.0017825680872450369 -0.00095220413437979159 0.0038391898399938919 0.0019730096613154108 -0.001880600206614815 -0.0044210414439912679 0.003772528972505477 -0.0070173666973359153 9.2561184654281808e-06 0.00090190837305412002 0.0052240852449091709 0.024473652775096579 -0.013359249462633652 -0.12000736424391426 7.2980679375805839e-05 -0.0024174172531543758 -0.085247266886146006 -0.098491515044438926 0.034897534022812621 0.013368329602356038 -0.062113644262782708 0.0023934581013835407 0.0050440346684933806 0.010845058727754297 0.0020901779765328892 0.0046010041400095644 -0.0039088244271243177 0.0077513572041225292
leaf_weight=728 98 1054 1041 2481 371 8677 2217 294 336 370 17001 644 895 67 496 102 214003 11306 89 87 100 138 163 99 468 66 190 139 103 364
leaf_count=728 98 1054 1041 2481 371 8677 2217 294 336 370 17001 644 895 67 496 102 214003 11306 89 87 100 138 163 99 468 66 190 139 103 364
internal_value=4.03881e-05 0.00048932 9.07033e-06 0.000374187 -0.000380655 0.000742068 -0.00124019 0.00047402 0.000960452 -0.000977337 6.49796e-07 -0.000327136 -0.0007333 -0.000874015 -0.00268116 -0.00447368 4.80146e-05 -0.000708968 -0.00543438 -0.00426991 -0.00287671 0.00143223 -0.000646388 0.00188596 0.00351266 -0.000365854 -0.000950413 -0.00222015 0.000702479 0.00192525
internal_weight=264187 17228 246959 16596 5438 11158 3314 1097 2124 706 246231 31088 14087 13192 1104 608 215143 12088 541 452 365 782 263 1140 632 164 726 536 242 1418
internal_count=264187 17228 246959 16596 5438 11158 3314 1097 2124 706 246231 31088 14087 13192 1104 608 215143 12088 541 452 365 782 263 1140 632 164 726 536 242 1418
is_linear=0
shrinkage=0.05


Tree=152
num_leaves=31
num_cat=0
split_feature=18 7 13 20 28 16 22 20 13 19 22 27 29 7 20 4 12 5 18 13 15 11 5 22 22 22 22 15 29 17
split_gain=1.27602 1.82675 1.81086 1.61857 1.8235 1.53044 1.84498 2.21413 1.3891 1.08978 1.78196 2.34331 2.73915 2.20399 2.1659 1.75017 1.93834 1.77758 1.70284 1.70239 1.6693 2.4242 2.05552 1.94318 2.46105 2.32107 2.2811 2.26367 2.23268 2.13827
threshold=0.80007067171630586 0.517659868012041 0.13377807001283623 0.70723773393373945 28.500000000000004 0.0226436716099391 17.500000000000004 0.71936151845197727 3.7588547136691113 10.803669967119435 8.5000000000000018 22.500000000000004 -1.0072396594512696 0.59716863969843714 0.70728938418057841 0.042820225849680447 1.0124085635017008 0.56736183440388877 1.1701297279458844 2.3232727503546937 1.0000000180025095e-35 0.84076096094271346 0.76642272296969061 20.500000000000004 15.500000000000002 21.500000000000004 13.500000000000002 3.5000000000000004 0.081224778036616985 3.5000000000000004
decision_type=2 2 2 2 2 2 2 2 2 2 2 2 2 2 2 2 2 2 2 2 2 2 2 2 2 2 2 2 2 2
left_child=1 2 -1 4 -3 6 7 -5 -7 10 11 13 -13 15 -14 19 -17 -18 -16 -2 22 -22 -12 24 26 -25 28 -28 29 -23
right_child=9 3 -4 5 -6 8 -8 -9 -10 -11 20 12 14 -15 18 16 17 -19 -20 -21 21 23 -24 25 -26 -27 27 -29 -30 -31
leaf_value=0.0025789908410690228 -0.00033322609136827574 0.001035420458983015 -0.00058459462715507995 -0.03958398413566587 -0.019397568741297527 -0.0003742357009461014 0.00057355556945217487 -0.024060586101535691 0.0062806386342912556 0.00022806312098881893 4.2035071726336025e-05 0.0036308975448752462 -0.0027326574197264783 0.0026498920465606985 -0.0016353056821097126 0.0012291849620887797 0.00077620343653032962 -0.0039809873310013583 0.0011545383739776853 -0.0044267349951676296 -0.00045060988887792594 -0.010498276112416452 0.0031068324780395748 -0.045606178020327334 0.0026796693869004786 -0.0033248888457643546 -0.031765163502329906 0.00061083047524415873 0.0036435846719828275 -0.0017683935095542929
leaf_weight=1964 6549 3482 704 56 611 3291 139 81 58 191477 8227 208 434 1048 76 7911 370 312 272 124 33427 66 964 90 400 1147 99 64 172 211
leaf_count=1964 6549 3482 704 56 611 3291 139 81 58 191477 8227 208 434 1048 76 7911 370 312 272 124 33427 66 964 90 400 1147 99 64 172 211
internal_value=6.43478e-05 0.000607549 0.00173538 0.000217673 0.000899096 -0.000551724 -0.00413043 -0.00824818 -0.000256793 4.21056e-05 -0.000139776 0.000291262 -0.00207071 0.000434596 -0.00342711 0.000282327 0.000754102 -0.00180352 -0.000488506 -0.000325191 -0.000306016 -0.000460814 0.000294854 -0.0020498 -0.000424901 -0.00337914 -0.0024183 -0.00748466 -0.000579065 -0.0033574
internal_weight=264034 10386 2668 7718 4093 3625 276 137 3349 253648 62171 17304 990 16314 782 15266 8593 682 348 6673 44867 35676 9191 2249 1012 1237 612 163 449 277
internal_count=264034 10386 2668 7718 4093 3625 276 137 3349 253648 62171 17304 990 16314 782 15266 8593 682 348 6673 44867 35676 9191 2249 1012 1237 612 163 449 277
is_linear=0
shrinkage=0.05


Tree=153
num_leaves=31
num_cat=0
split_feature=24 29 0 23 1 29 0 18 29 24 4 22 14 7 4 20 15 27 11 21 1 24 0 29 0 29 27 7 14 10
split_gain=1.22928 1.64357 2.05044 1.62314 1.53486 1.28462 2.57157 2.16924 4.35508 3.68738 6.09392 2.68228 2.56803 1.82834 2.03038 2.21207 2.18074 1.7373 1.91711 1.57206 1.56446 1.76483 1.49024 2.04308 2.55796 2.31139 1.5632 1.71068 1.49015 1.46749
threshold=27.500000000000004 -1.8577800261288111 4.6245658589774434 1.5000000000000002 233.00000000000003 0.12233327623614838 5.5205334151485639 36.744099829618499 -0.094754131549607962 29.500000000000004 -0.32717719882239965 17.500000000000004 6.9314320908372045 0.54333495625251282 -0.011384710608677292 0.25894401578423953 5.5000000000000009 30.500000000000004 3.0952901223972566 29.500000000000004 145.00000000000003 29.500000000000004 4.6426673853605518 -1.1598050193827298 4.5790689627974688 -0.47967793934772801 5.5000000000000009 0.58336934057549772 3.4304145903853409 0.18333333333333338
decision_type=2 2 2 2 2 2 2 2 2 2 2 2 2 2 2 2 2 2 2 2 2 2 2 2 2 2 2 2 2 2
left_child=-1 2 4 -4 -2 7 13 -3 9 10 12 -10 17 14 16 -16 29 18 -9 -11 -15 -22 23 -21 -25 -26 -24 -28 -20 -7
right_child=1 5 3 -5 -6 6 -8 8 11 19 -12 -13 -14 20 15 -17 -18 -19 28 22 21 -23 26 24 25 -27 27 -29 -30 -31
leaf_value=0.00016383310591483674 0.015179481816427563 0.00012645915723759153 -0.016643397594223935 0.014853571980778277 -0.080204476367322808 -0.01597785739641348 -0.0023879298011864336 -0.04608921395951799 -0.12348453118641983 0.015505138522856055 -0.072113285259712764 -0.059351650831030715 0.01409957495828118 -0.0037554929465523144 -0.00019589275482229064 -0.040840384640729276 0.0036791356772261988 0.010531160498088023 -0.081567991230325598 -0.097616940766409949 0.0073798811850124399 0.0011209577079406552 -0.075090331654627418 0.0081503793624369669 0.020992646889388317 -0.14505321660284148 -0.050748450091695575 0.016159967240732254 -0.071418704951250966 -0.022525888110170544
leaf_weight=226267 52 24518 62 182 50 50 2959 1242 58 407 97 54 151 199 4919 54 104 60 51 92 339 384 70 183 65 104 69 526 52 149
leaf_count=226267 52 24518 62 182 50 50 2959 1242 58 407 97 54 151 199 4919 54 104 60 51 92 339 384 70 183 65 104 69 526 52 149
internal_value=4.39733e-05 -0.000221972 0.00320809 0.00569672 -0.0027451 -0.000254086 -0.000767719 -8.48951e-05 -0.00129229 -0.000949826 -0.00258318 -0.0109821 -0.00182519 -0.000188771 -0.000547763 -0.000305651 -0.00452145 -0.0024911 -0.00286245 0.000831135 0.00186551 0.00294606 -0.000144274 -0.00238739 -0.000653409 -0.00508876 0.00135338 0.00218487 -0.00941748 -0.00758794
internal_weight=263569 37302 346 244 102 36956 9157 27799 3281 3169 1653 112 1556 6198 5276 4973 303 1405 1345 1516 922 723 1109 444 352 169 665 595 103 199
internal_count=263569 37302 346 244 102 36956 9157 27799 3281 3169 1653 112 1556 6198 5276 4973 303 1405 1345 1516 922 723 1109 444 352 169 665 595 103 199
is_linear=0
shrinkage=0.05


Tree=154
num_leaves=31
num_cat=0
split_feature=24 29 23 17 29 24 0 29 4 0 29 29 20 28 27 19 4 14 29 5 27 20 29 4 28 29 7 21 4 4
split_gain=1.31248 1.87051 2.50418 1.78001 3.22582 2.57805 2.4273 1.82232 2.22541 2.02303 2.9982 2.06929 1.70572 1.55638 1.56695 2.30858 1.76066 2.01021 1.7341 1.71326 1.80738 1.64326 1.87897 3.15714 2.7531 2.18506 2.76997 2.72203 2.09179 1.79298
threshold=27.500000000000004 -1.8577800261288111 1.5000000000000002 3.5000000000000004 0.24469882651462146 28.500000000000004 5.5685526499959241 0.21194771214161187 0.077507495594663675 5.226358405843377 0.006879990237007339 0.038761191647520087 0.21455355943772034 20.500000000000004 20.500000000000004 29.507262033669935 0.062600019134425519 1.8480911699573095 -0.059558314686299144 3.6796983145944195 17.500000000000004 0.70741574513579075 -0.34163659229328819 -0.016734582272887683 8.5000000000000018 -0.51305018789241741 0.68873387129864627 28.500000000000004 -0.13945880782204739 -0.05431412246361849
decision_type=2 2 2 2 2 2 2 2 2 2 2 2 2 2 2 2 2 2 2 2 2 2 2 2 2 2 2 2 2 2
left_child=-1 2 -2 4 5 7 -6 8 -3 10 -10 -11 -7 14 19 16 17 -16 21 -5 -21 -17 25 24 -24 26 28 -27 -23 -30
right_child=1 3 -4 13 6 12 -8 -9 9 11 -12 -13 -14 -15 15 18 -18 -19 -20 20 -22 22 23 -25 -26 27 -28 -29 29 -31
leaf_value=0.00012515548751972083 -0.035254941901311433 -8.099913119161519e-06 0.011944335368212062 -0.0014011872911794919 -0.001560865549645552 0.0027722194398845492 -0.023236504543942216 0.013654972274566147 -0.0043936911061258702 -0.0031268604612398401 -0.015525585772085069 0.0059048388324228467 -0.0023129338407704716 0.0022915128453076432 1.5734500045941261e-05 0.0010445116818675469 -0.010007666341553735 -0.0014047907872946242 0.0034191742401990192 -0.023506383736801213 -0.051966504132570507 -0.034724002980909809 -0.0032036329410813497 0.0044155953903943805 -0.039061696563063429 -0.036749082606572857 0.0019795715724068063 0.0042026898953455094 0.0044132371190032669 -0.031396222481072891
leaf_weight=226830 74 1067 286 15898 1050 3130 69 77 69 110 64 62 372 3752 1488 5112 118 1038 743 94 50 359 846 106 199 53 267 469 116 89
leaf_count=226830 74 1067 286 15898 1050 3130 69 77 69 110 64 62 372 3752 1488 5112 118 1038 743 94 50 359 846 106 199 53 267 469 116 89
internal_value=2.18513e-05 -0.000253311 0.00333333 -0.000288334 0.000494234 0.00104221 -0.00193029 -0.000731539 -0.0011516 -0.00491803 -0.00954887 -0.00133721 0.00177613 -0.000442576 -0.000574968 -0.000115423 -0.00140318 -0.00112431 0.000291901 -0.000890163 -0.00631944 6.69643e-05 -0.000982428 -0.00246742 -0.00330144 0.000280857 -0.00131167 0.00281609 -0.00329787 0.000731707
internal_weight=264057 37227 360 36867 6070 4951 1119 1449 1372 305 133 172 3502 30797 27045 11003 2644 2526 8359 16042 144 7616 2504 1151 1045 1353 831 522 564 205
internal_count=264057 37227 360 36867 6070 4951 1119 1449 1372 305 133 172 3502 30797 27045 11003 2644 2526 8359 16042 144 7616 2504 1151 1045 1353 831 522 564 205
is_linear=0
shrinkage=0.05


Tree=155
num_leaves=31
num_cat=0
split_feature=28 22 5 4 21 3 20 16 21 28 7 23 12 27 13 22 27 19 16 5 3 21 11 23 11 19 28 27 2 5
split_gain=2.13491 1.52165 1.30067 2.09304 1.51504 1.76728 1.46973 1.31175 1.31123 1.40636 1.39374 1.44788 1.39172 1.27303 1.39962 1.17512 1.12947 1.12913 1.73904 2.11242 1.56129 1.56568 2.51966 1.53112 1.67897 1.42417 2.02104 1.09481 1.09479 1.09085
threshold=27.500000000000004 34.500000000000007 3.4526602689219836 -0.21650765130726377 26.500000000000004 0.45280236710279859 0.70728938418057841 0.26187469950685566 31.500000000000004 20.500000000000004 0.48062161047914059 3.5000000000000004 0.19899137241606016 5.5000000000000009 2.777068318338022 13.500000000000002 27.500000000000004 36.936762974437904 0.043557095429969162 0.96366298025398334 0.2014297962332233 38.500000000000007 0.20881394142732865 1.0000000180025095e-35 0.15236353585561158 40.162470820005133 29.500000000000004 20.500000000000004 -0.24550049639915775 0.45705946307776901
decision_type=2 2 2 2 2 2 2 2 2 2 2 2 2 2 2 2 2 2 2 2 2 2 2 2 2 2 2 2 2 2
left_child=2 13 -1 7 -5 -6 -7 27 10 15 11 -8 -11 17 29 16 -10 18 19 -2 21 -20 23 -23 -25 26 -19 -4 -17 -15
right_child=1 -3 3 4 5 6 8 -9 9 12 -12 -13 -14 14 -16 28 -18 25 20 -21 -22 22 -24 24 -26 -27 -28 -29 -30 -31
leaf_value=-1.4507661737605762e-05 0.01271012479553451 0.013083714199310752 -0.027787988240144085 0.011415644945602666 0.00094238754189499062 0.014114342922623598 -0.0088941522057855976 0.0076826508671937604 -0.019995277824554132 -0.022452610864524533 -0.026264939936855958 0.015088250809684886 0.01824968363584983 -0.046700862822263468 -0.062722916898098516 0.00093139928390320635 -0.068142227109982093 0.0091631179397043076 0.005816578552893116 -0.024140795913781779 -0.025836725076246198 0.009731042914616116 0.0057476129325710551 -0.024356595191027255 -0.06727167028107009 0.0061126995692264569 -0.035752982081509982 0.0036873109283574396 -0.03595092027662785 0.00073172508624092631
leaf_weight=239277 91 425 59 248 4964 51 105 881 61 66 81 80 63 64 353 87 55 176 2989 193 105 53 375 295 82 7546 216 66 94 5118
leaf_count=239277 91 425 59 248 4964 51 105 881 61 66 81 80 63 64 353 87 55 176 2989 193 105 53 375 295 82 7546 216 66 94 5118
internal_value=4.85777e-05 0.000572977 1.00716e-05 0.00068381 0.000327456 0.000161206 -0.00211306 0.00279324 -0.00271676 -0.00443662 3.7594e-05 0.00243243 -7.75194e-05 0.000501812 -0.000126468 -0.00632997 -0.0102586 0.000788714 0.0014535 -0.00232394 0.00172865 0.0018951 -6.21118e-05 -0.00267442 -0.0037931 0.000438398 -0.0025 -0.002 -0.00381215 8.10498e-05
internal_weight=264319 18081 246238 6961 5955 5707 743 1006 692 426 266 185 129 17656 5535 297 116 12121 4183 284 3899 3794 805 430 377 7938 392 125 181 5182
internal_count=264319 18081 246238 6961 5955 5707 743 1006 692 426 266 185 129 17656 5535 297 116 12121 4183 284 3899 3794 805 430 377 7938 392 125 181 5182
is_linear=0
shrinkage=0.05


Tree=156
num_leaves=31
num_cat=0
split_feature=20 1 12 7 24 24 0 29 4 29 24 4 3 7 27 5 20 7 11 22 18 29 18 12 0 5 1 29 0 24
split_gain=1.37559 1.64138 1.70341 2.08505 2.07619 1.70299 1.64519 1.81356 1.62769 1.56342 3.31988 2.52208 1.91112 1.5101 2.01224 1.4766 1.41674 1.80859 1.40231 2.15812 4.23485 2.25754 2.14787 3.43907 2.4542 2.41811 2.43207 2.32391 2.11507 2.06687
threshold=0.20307957493716663 209.00000000000003 0.30174765060149772 0.70513323066200229 24.500000000000004 11.500000000000002 4.953885222277969 -2.1968687689319921 -0.41183370103793077 6.8981135525598924 7.5000000000000009 -0.17182479100248296 -0.6163829451430638 0.44032404744014303 29.500000000000004 3.4526602689219836 0.70734206224835539 0.7110963739025985 0.40578042996502595 2.5000000000000004 1.582428381686475 -1.9534123769382994 21.589410675069356 0.2526020550094773 4.7682863635691586 0.82076849548864261 149.00000000000003 -1.3663842572693345 4.3895594239587075 17.500000000000004
decision_type=2 2 2 2 2 2 2 2 2 2 2 2 2 2 2 2 2 2 2 2 2 2 2 2 2 2 2 2 2 2
left_child=15 6 3 13 -5 -4 7 16 -6 -9 12 -12 -11 14 -3 18 -2 -18 22 20 -20 29 25 24 28 26 -1 -28 -24 -21
right_child=1 2 5 4 8 -7 -8 9 -10 10 11 -13 -14 -15 -16 -17 17 -19 19 21 -22 -23 23 -25 -26 -27 27 -29 -30 -31
leaf_value=-0.00077321826505876454 -0.074167682931593079 -0.011257990023383379 0.01135169050340817 -0.022353770287875052 -0.054782337189476608 -0.00094477332107555231 0.0014254037153490062 9.9831119380491834e-05 -0.054576156518176183 -0.031028690101708518 -0.08574821260341732 -0.22405922265585376 0.0046298227457526884 0.0005803420710406011 0.0085265892194721811 0.0040241516311724391 0.023966113967730861 -0.00065633923797767677 0.0046907390350376475 0.011635636328327974 -0.0034058616283328333 0.00030602866261440678 0.012599148519800058 -0.0009348335076535656 0.0037035838342545525 0.00051639607559464081 -0.073109105689003293 1.5990789351598863e-05 -0.029766340800675996 0.016000974015919666
leaf_weight=23564 80 920 536 505 50 1295 29635 32659 130 141 69 51 267 1818 66 1033 688 369 435 2147 4789 58426 122 11021 1671 33255 54 51859 6242 335
leaf_count=23564 80 920 536 505 50 1295 29635 32659 130 141 69 51 267 1818 66 1033 688 369 435 2147 4789 58426 122 11021 1671 33255 54 51859 6242 335
internal_value=5.09779e-05 0.000242353 -0.000601504 -0.00124964 -0.00372263 0.000633534 0.000312544 7.69141e-05 -0.00833333 9.64233e-06 -0.00268939 -0.01 -0.000539216 -0.000645506 -0.0022211 -1.70297e-05 0.00204046 0.00252602 -2.7073e-05 0.000159832 -0.000815467 0.000243482 -0.000123799 -0.000613455 -0.00140012 -3.79833e-05 -0.000194496 -3.27471e-06 -0.00184789 0.00172039
internal_weight=264232 69279 5320 3489 685 1831 63959 34324 180 33187 528 120 408 2804 986 194953 1137 1057 193920 66132 5224 60908 127788 19056 8035 108732 75477 51913 6364 2482
internal_count=264232 69279 5320 3489 685 1831 63959 34324 180 33187 528 120 408 2804 986 194953 1137 1057 193920 66132 5224 60908 127788 19056 8035 108732 75477 51913 6364 2482
is_linear=0
shrinkage=0.05


Tree=157
num_leaves=31
num_cat=0
split_feature=13 11 28 29 0 0 0 26 1 18 1 1 26 13 11 13 16 6 16 19 29 21 18 12 11 19 28 24 24 24
split_gain=1.32595 1.76867 1.51326 1.65793 1.79107 1.66037 1.46612 1.41146 1.91454 1.7066 1.40073 1.36393 1.35195 1.43885 1.34678 1.34155 1.43959 1.29832 1.27667 2.69288 1.59098 2.1575 1.54872 1.35916 1.26695 1.24422 1.53082 1.78069 1.4667 2.26082
threshold=0.14629976908977085 0.10070083388043331 29.500000000000004 -1.8577800261288111 5.0376407589987657 4.6568054714595153 4.3895594239587075 1.0000000180025095e-35 225.00000000000003 12.78051326677349 301.00000000000006 277.00000000000006 1.0000000180025095e-35 0.20554591782397869 0.76852187164277552 6.0399561090005731 1.6132327290763548 1.5811058314226976 0.0078129445522450176 40.672777433114675 -0.37706383319294912 30.500000000000004 0.0070113683993069213 0.26851984191176975 3.8081322656428704 6.6323327522922844 11.500000000000002 18.500000000000004 7.5000000000000009 24.500000000000004
decision_type=2 2 2 2 2 2 2 2 2 2 2 2 2 2 2 2 2 2 2 2 2 2 2 2 2 2 2 2 2 2
left_child=1 7 6 4 -4 11 14 9 -9 10 18 12 13 -5 -2 -7 -17 -11 19 22 21 -21 -1 25 -3 26 -20 -28 -27 -30
right_child=2 24 3 5 -6 15 -8 8 -10 17 -12 -13 -14 -15 -16 16 -18 -19 23 20 -22 -23 -24 -25 -26 28 27 -29 29 -31
leaf_value=-0.025747399065166127 0.001008669720649982 4.9295746175224834e-05 0.020611773019274943 0.0089213424346742311 -0.016791909732125052 0.005442785932172782 -0.0001016147026216809 -0.0029506929951840545 0.0096456615958141062 -0.00096914507422464925 -0.0011642754265217259 -0.12408346362452255 -0.018936964287401645 -0.0012061012818747928 0.0081273636638604409 -0.049288149169410572 0.0035822492629532057 -0.070654273669047793 -0.00029377345811790179 -0.054085966173240713 -0.013589862218808597 -0.032632949398453563 0.0016873850408861684 8.2413831047806457e-05 0.0044051364425611219 0.0020113474531404689 0.0016476264453491381 0.0040354485078077061 0.0013935891323896114 0.0023796074044884767
leaf_weight=127 751 55572 666 86 77 4638 168229 2355 74 5063 79 74 51 1426 442 54 56 71 2473 54 153 64 778 3529 1434 3147 1809 1234 6117 2917
leaf_count=127 751 55572 666 86 77 4638 168229 2355 74 5063 79 74 51 1426 442 54 56 71 2473 54 153 64 778 3529 1434 3147 1809 1234 6117 2917
internal_value=6.37329e-05 0.000223435 -1.50099e-05 0.000698653 0.00293405 0.000438528 -4.50355e-05 0.000533884 -0.000621655 0.000635524 0.000823362 -0.000934637 -0.000620601 -0.000350529 0.00170159 0.000911963 -0.00454545 -0.000186989 0.000846799 -0.000756803 -0.00512915 -0.00949153 0.000552486 0.000935645 5.98183e-05 0.00111431 0.000491298 0.0012422 0.00139644 0.00107261
internal_weight=263600 87050 176550 7128 743 6385 169422 30044 2429 27615 22481 1637 1563 1512 1193 4748 110 5134 22402 1176 271 118 905 21226 57006 17697 5516 3043 12181 9034
internal_count=263600 87050 176550 7128 743 6385 169422 30044 2429 27615 22481 1637 1563 1512 1193 4748 110 5134 22402 1176 271 118 905 21226 57006 17697 5516 3043 12181 9034
is_linear=0
shrinkage=0.05


Tree=158
num_leaves=31
num_cat=0
split_feature=0 24 23 17 4 1 23 19 20 17 27 5 14 7 15 16 2 27 0 20 0 18 18 24 29 1 18 12 2 18
split_gain=1.09485 1.35003 1.67063 4.81166 4.52899 1.43537 1.57664 1.39311 1.23596 1.13795 2.1293 1.98341 1.5207 1.59622 1.47094 2.60776 2.0544 1.32943 5.24751 4.29469 2.84604 3.3564 2.53329 2.19154 2.50848 1.79321 3.06141 2.33013 2.28225 2.88814
threshold=5.6639013355751313 3.5000000000000004 5.5000000000000009 4.5000000000000009 0.020186653234490644 225.00000000000003 3.5000000000000004 13.996169603132882 0.072956092293644151 6.5000000000000009 14.500000000000002 0.40747828828078908 6.3890950716381338 0.97234652406757294 8.5000000000000018 1.6396454242453151 -0.90432378349369269 18.500000000000004 4.6098625740792736 0.033668173619919022 4.6098625740792736 25.51950395513769 11.664501020531697 7.5000000000000009 -2.8294749043545768 297.00000000000006 8.6764120889635752 1.0000000180025095e-35 -0.062355175325703102 0.017754866878118381
decision_type=2 2 2 2 2 2 2 2 2 2 2 2 2 2 2 2 2 2 2 2 2 2 2 2 2 2 2 2 2 2
left_child=9 8 5 4 -4 -3 7 -7 -2 17 11 -11 13 -12 15 16 -15 18 19 -1 21 22 -19 -23 -25 28 27 -27 -22 -30
right_child=1 2 3 -5 -6 6 -8 -9 -10 10 12 -13 -14 14 -16 -17 -18 20 -20 -21 25 23 -24 24 -26 26 -28 -29 29 -31
leaf_value=-0.041821518013359787 0.0016002687635021029 0.0035849770187066326 -0.046482951161793684 0.0070461113066696852 0.0013008019121342378 0.0023954452491074742 0.0045250831182829521 -0.017199473036116943 -0.015127034219532102 0.0073663175806720164 9.158774550785959e-06 0.0014137540956421463 0.0034409690117171623 -0.00011876287180918113 0.0016586149563844719 -0.0072589650626821954 -0.083754150354035883 0.00032178952022429816 -6.040255171036644e-05 0.0089764625224118631 0.00010323277433512272 0.022991024874581427 0.0072398035192359489 -0.10043232913601136 -0.035473051730584355 -0.0023428326823099707 -0.00021061048961559643 -0.001087123647087849 -0.0008752019429358256 0.0015832355188504631
leaf_weight=3567 88 1309 69 123 69 60 74 94 99 336 17932 17107 690 52 488 1321 96 531 172244 199 40795 445 1110 52 910 50 557 145 532 2731
leaf_count=3567 88 1309 69 123 69 60 74 94 99 336 17932 17107 690 52 488 1321 96 531 172244 199 40795 445 1110 52 910 50 557 145 532 2731
internal_value=3.92231e-05 0.00120907 0.00162959 -0.00206897 -0.00847826 0.00225764 -0.00140351 -0.00428571 -0.00283422 3.03563e-05 0.000283257 0.000689675 -6.12275e-05 -0.000141284 -0.00149719 -0.00228727 -0.00858108 -1.25967e-05 -7.6132e-05 -0.00192246 0.000221071 0.00169948 0.00323583 -9.23952e-05 -0.00143451 0.000120509 -0.00230053 -0.00769231 0.000161832 0.00143426
internal_weight=263875 1985 1798 261 138 1537 228 154 187 261890 38022 17443 20579 19889 1957 1469 148 223868 176010 3766 47858 3048 1641 1407 962 44810 752 195 44058 3263
internal_count=263875 1985 1798 261 138 1537 228 154 187 261890 38022 17443 20579 19889 1957 1469 148 223868 176010 3766 47858 3048 1641 1407 962 44810 752 195 44058 3263
is_linear=0
shrinkage=0.05


Tree=159
num_leaves=31
num_cat=0
split_feature=21 6 15 20 28 17 4 29 28 1 22 4 6 27 16 24 10 13 1 9 4 1 6 7 20 5 20 20 22 19
split_gain=1.35664 1.71782 1.81061 2.86958 2.07259 1.92919 1.86172 2.66787 2.54937 1.94945 2.08407 1.7917 2.17434 1.69987 1.66819 1.70847 1.76437 1.81228 1.638 1.60826 1.59477 1.5326 1.45058 1.43424 2.06232 1.70976 1.59587 1.67336 1.46411 1.45908
threshold=28.500000000000004 0.089147974015846856 14.500000000000002 0.07046429112474896 25.500000000000004 5.5000000000000009 -0.40809186372160017 -0.73123558741911709 18.500000000000004 109.00000000000001 24.500000000000004 -0.12223793300729312 0.2693496615313174 2.5000000000000004 0.92319193567682389 9.5000000000000018 0.083333333333333356 0.19469042928580327 93.000000000000014 0.42962215386159147 -0.42482818828458002 137.00000000000003 0.19209988291272687 0.27298450525557866 0.031921267119605502 0.53674640719026689 0.71589936155446965 0.71827297368433685 22.500000000000004 39.717397654028026
decision_type=2 2 2 2 2 2 2 2 2 2 2 2 2 2 2 2 2 2 2 2 2 2 2 2 2 2 2 2 2 2
left_child=1 -1 4 -4 6 -6 20 -8 9 10 18 12 21 -13 15 -15 17 -17 19 -9 -3 -11 -21 24 -2 26 29 -28 -29 -25
right_child=23 2 3 -5 5 -7 7 8 -10 11 -12 13 -14 14 -16 16 -18 -19 -20 22 -22 -23 -24 25 -26 -27 27 28 -30 -31
leaf_value=0.0014078844198214563 -0.032010001209366708 -0.0045775947170214205 -0.0048949877376946917 -0.00013956236470866358 0.02102429147101377 -0.010794977877666721 0.0034088746846724451 -0.0041770370757852259 0.011274079170587904 -0.034595189924857654 0.00041682545553539874 -3.1922753124757379e-05 -0.0019787035545010176 0.0044593756552628525 0.004120514989905795 -0.0084766348690086656 0.00024458528675612982 0.0022046183596470949 -0.0019545445731250495 0.0067502670115906997 -0.038435058949354783 -0.016640799303058878 0.00021067022254539632 0.00029553851220712147 -0.0019734061023927866 0.00038175749846510246 -0.005498142416715787 -0.0003151665477160158 0.0032613394515595474 0.0056950749545163822
leaf_weight=2267 257 8522 1551 2497 460 286 2344 150 1225 70 4016 100570 1061 422 839 97 1396 59 7410 152 114 213 1474 649 1690 121247 218 1073 437 1382
leaf_count=2267 257 8522 1551 2497 460 286 2344 150 1225 70 4016 100570 1061 422 839 97 1396 59 7410 152 114 213 1474 649 1690 121247 218 1073 437 1382
internal_value=3.21032e-05 -7.68978e-05 -9.9831e-05 -0.0011413 -6.76192e-05 0.00256032 -8.2684e-05 -3.22639e-05 -6.51258e-05 -8.86974e-05 -0.000661263 -1.65191e-05 -0.00183036 7.06112e-06 0.00121934 0.000425532 -0.000341495 -0.00538462 -0.00107664 0.000287162 -0.000792033 -0.00572438 0.000744157 0.000149898 -0.00119671 0.000170872 0.00122107 0.000104167 0.000695364 0.00217134
internal_weight=264148 137195 134928 4048 130880 746 130134 121498 119154 117929 13202 104727 1344 103383 2813 1974 1552 156 9186 1776 8636 283 1626 126953 1947 125006 3759 1728 1510 2031
internal_count=264148 137195 134928 4048 130880 746 130134 121498 119154 117929 13202 104727 1344 103383 2813 1974 1552 156 9186 1776 8636 283 1626 126953 1947 125006 3759 1728 1510 2031
is_linear=0
shrinkage=0.05


Tree=160
num_leaves=31
num_cat=0
split_feature=0 29 2 2 23 24 9 23 27 27 6 12 20 6 19 1 22 1 24 15 1 22 2 0 2 28 28 27 20 22
split_gain=1.10694 1.53904 2.2338 1.29626 1.93434 2.42445 1.68112 1.2482 1.10776 1.20634 1.10208 1.5546 0.9681 1.22805 0.95733 1.65961 1.83912 1.55189 1.5918 1.35604 1.79094 2.28103 1.45778 1.31384 1.35331 1.11371 1.0875 2.11201 1.07976 0.962393
threshold=5.6639013355751313 -0.29976924049999526 0.21849544008123106 0.16937077112326926 5.5000000000000009 13.500000000000002 0.53507879808978842 1.0000000180025095e-35 47.500000000000007 59.500000000000007 0.31534985850720848 0.09832585154006003 0.096421388344474251 0.21001374481402227 0.65023692081831774 297.00000000000006 3.5000000000000004 201.00000000000003 22.500000000000004 2.5000000000000004 165.00000000000003 22.500000000000004 -0.0038155840165167878 4.6568054714595153 -0.34704044823073393 4.5000000000000009 9.5000000000000018 27.500000000000004 0.031921267119605502 21.500000000000004
decision_type=2 2 2 2 2 2 2 2 2 2 2 2 2 2 2 2 2 2 2 2 2 2 2 2 2 2 2 2 2 2
left_child=8 2 -2 4 7 -6 -7 -3 14 -10 11 -5 13 -13 15 16 23 18 19 20 21 -18 -21 -1 -25 29 27 -26 -29 -20
right_child=1 3 -4 10 5 6 -8 -9 9 -11 -12 12 -14 -15 -16 -17 17 -19 25 22 -22 -23 -24 24 26 -27 -28 28 -30 -31
leaf_value=0.005304705901136378 0.00065640131408582953 0.0043167865777047993 -0.0099830600954421925 0.0068368289164559065 0.004626385718839875 -0.035349109385540686 -0.020316853482964629 0.0011343442951748412 0.0070157526710779572 -0.0159669534549455 0.0076447557117808838 0.0060071585890707239 -0.0038832857348906412 -0.0076755801458907747 3.7234404109807313e-05 -0.00098757585042576375 -0.0048701913203199609 -0.002095792563089813 0.0010703704875723418 0.0018280002268209325 0.0028832085674182495 -0.053136635264395861 -0.0072491180019706881 0.0050297405283290268 -0.00064309664592910167 0.0022244729899978926 0.0037170750795697464 -0.0024379654043532725 0.0023086644773008843 -0.045288343578029418
leaf_weight=143 203 185 60 150 68 57 50 895 203 52 144 86 78 55 255767 67 87 1249 55 1953 81 60 802 127 69 973 103 63 98 61
leaf_count=143 203 185 60 150 68 57 50 895 203 52 144 86 78 55 255767 67 87 1249 55 1953 81 60 802 127 69 973 103 63 98 61
internal_value=4.84389e-05 0.00121123 -0.00235741 0.00174208 0.000876494 -0.004 -0.00869159 0.00166667 3.94255e-05 0.00333333 0.00385965 0.00241192 -0.000273973 0.00219858 3.62167e-05 0.000660991 0.000749494 0.000452922 0.000925835 0.000328528 -0.00337719 -0.00666667 0.000635209 0.0033665 0.00206522 0.00256198 0.00039039 -0.00152174 0.00161491 -0.00206897
internal_weight=264044 2031 263 1768 1255 175 107 1080 262013 255 513 369 219 141 261758 5991 5924 5321 4072 2983 228 147 2755 603 460 1089 333 230 161 116
internal_count=264044 2031 263 1768 1255 175 107 1080 262013 255 513 369 219 141 261758 5991 5924 5321 4072 2983 228 147 2755 603 460 1089 333 230 161 116
is_linear=0
shrinkage=0.05


Tree=161
num_leaves=31
num_cat=0
split_feature=7 23 23 8 0 23 23 17 17 4 8 23 4 6 0 10 10 2 4 5 9 11 23 5 5 2 20 29 4 7
split_gain=1.13253 2.38457 2.20531 2.7541 1.9898 4.06043 5.15043 3.9934 3.69373 5.407 3.42805 2.99746 9.04383 3.33764 3.47189 3.37467 3.31959 3.12202 2.94108 3.06061 3.96891 2.42855 2.35633 2.2507 2.19382 2.13299 2.64497 2.04562 2.0436 2.20613
threshold=0.32096134110401092 1.5000000000000002 1.0000000180025095e-35 0.81914687741393477 5.5039670878674301 5.5000000000000009 4.5000000000000009 4.5000000000000009 4.5000000000000009 0.021530283230810011 0.48650828215543845 3.5000000000000004 0.053939843395424299 0.26030117562560534 5.618241300218509 0.05000000000000001 0.18333333333333338 0.20117340249301238 0.052639173058903331 0.80628925514093874 0.56085300610558486 0.10238676404604011 2.5000000000000004 0.61913244882578577 0.83720797665618663 0.062077276997434767 0.06917300393147742 0.41060245380955612 0.075215567670207165 0.50365565076553664
decision_type=2 2 2 2 2 2 2 2 2 2 2 2 2 2 2 2 2 2 2 2 2 2 2 2 2 2 2 2 2 2
left_child=1 2 3 -1 -2 6 7 22 9 10 -7 -9 13 -13 16 -16 -15 24 -10 20 23 -11 -6 -20 -14 28 -27 -22 -23 -30
right_child=4 -3 -4 -5 5 8 -8 11 18 21 -12 12 17 14 15 -17 -18 -19 19 -21 27 25 -24 -25 -26 26 -28 -29 29 -31
leaf_value=0.0004843809178720831 6.9973556118898913e-05 6.3061481215795969e-05 -0.0016547066301660952 -0.003053166419828808 0.00097300396337337788 -0.016142063543102436 0.00263346531489723 0.00020356589237965607 0.0070985883740473793 0.0019011458870024926 -0.05722121838270109 0.0065034046137736048 -0.0020069021679761162 -0.093664698557823514 -0.0855859825114694 -0.033335842473402814 -0.044798807450750856 0.0030419268030991188 -0.080731393463346013 0.0048969213266457333 0.00096335482570480263 -0.065061033332930257 0.0028056119858082891 -0.028089051366966496 -0.037364388368575724 0.0032399385011355926 -0.0044946806580966944 -0.0047197991049119483 -0.025045084266992857 0.002389272787015756
leaf_weight=4031 203655 24668 4795 747 4632 134 3715 8617 560 345 147 72 520 95 50 334 56 896 50 363 694 57 3166 129 192 243 415 227 92 55
leaf_count=4031 203655 24668 4795 747 4632 134 3715 8617 560 345 147 72 520 95 50 334 56 896 50 363 694 57 3166 129 192 243 415 227 92 55
internal_value=4.80376e-05 -0.000220204 -0.000890003 -0.000129761 8.80568e-05 0.000501238 0.000749608 0.000410628 -0.00107946 -0.00297043 -0.00921708 -0.000210487 -0.00185102 -0.00705107 -0.00841122 -0.00588542 -0.0148344 0.00011194 0.000311419 -0.000868079 -0.00218182 -0.00151616 0.0012734 -0.00899441 -0.00235955 -0.00293503 -0.00155015 -0.000857763 -0.00740196 -0.00428571
internal_weight=263752 34241 9573 4778 229511 25856 22345 18630 3511 1488 281 10832 2215 607 535 384 151 1608 2023 1463 1100 1207 7798 179 712 862 658 921 204 147
internal_count=263752 34241 9573 4778 229511 25856 22345 18630 3511 1488 281 10832 2215 607 535 384 151 1608 2023 1463 1100 1207 7798 179 712 862 658 921 204 147
is_linear=0
shrinkage=0.05


Tree=162
num_leaves=31
num_cat=0
split_feature=13 15 6 27 27 5 18 17 23 5 4 22 4 7 16 18 18 3 9 16 3 18 22 5 14 3 22 3 29 6
split_gain=1.39226 2.01079 1.6203 1.87716 1.58711 1.63705 1.57838 1.50491 1.4732 1.46779 1.44871 1.32077 1.53979 1.53594 1.32097 1.81106 1.37359 1.27457 1.47938 1.25455 1.24211 1.22464 2.55533 1.57752 1.57218 1.53972 1.73739 1.44861 1.36296 1.29194
threshold=0.16363493331508963 4.5000000000000009 2.6742267498477394 27.500000000000004 14.500000000000002 0.32766187137346731 15.13058039051147 2.5000000000000004 2.5000000000000004 0.55216335243241754 -0.43753426832425962 19.500000000000004 0.40100311072909972 0.2131333887832296 1.4535229010927175 7.4781274162522324 8.875161798013778 0.0017876822864471883 0.48053369381085248 4.5981262053730427 -1.3614950226440257 17.371167667115831 12.500000000000002 0.83720797665618663 1.9180950759735844 -1.2191137675399151 17.500000000000004 0.48477228857636528 -0.12325831839925346 0.1205827845631116
decision_type=2 2 2 2 2 2 2 2 2 2 2 2 2 2 2 2 2 2 2 2 2 2 2 2 2 2 2 2 2 2
left_child=4 2 -2 -4 5 -1 -5 9 -9 -7 -11 14 13 -13 17 -16 -17 -3 -19 -8 -10 25 23 24 -23 26 -6 -27 -26 -25
right_child=1 11 3 6 21 7 19 8 20 10 -12 12 -14 -15 15 16 -18 18 -20 -21 -22 22 -24 29 28 27 -28 -29 -30 -31
leaf_value=0.007451558419705866 7.3546280694123113e-05 -0.002878310430045244 0.0054969351400447038 -0.010760050687585928 0.0039549875677820376 0.0014393000219606346 0.008382167577801072 -0.00036742953123821841 -0.034400129058562538 0.020788640892952442 -0.014446830786899366 -0.0029779993497306197 0.0030803380136112937 -5.1990912197600952e-05 0.0032612665325295418 -0.0087129206330195438 0.0008379481380479068 0.0020646124491549298 -0.00051906744917412835 -0.080368443642461165 0.00057019342024363458 0.0035182843685563122 0.00305684797618983 -0.015613676030173509 -0.002252002091630055 0.00072886840009070116 0.00141342556731696 -0.027514344188706241 -0.035974012303226242 -0.01238368700449642
leaf_weight=296 110124 17684 1557 57 388 125 55 27267 227 62 317 276 589 19990 392 75 3081 1320 11428 60 36541 894 7287 194 165 19947 294 105 52 2876
leaf_count=296 110124 17684 1557 57 388 125 55 27267 227 62 317 276 589 19990 392 75 3081 1320 11428 60 36541 894 7287 194 165 19947 294 105 52 2876
internal_value=3.2041e-05 -5.56129e-05 6.59795e-05 0.00158473 0.000182611 4.01018e-05 -0.00337209 2.30868e-05 4.45069e-05 -0.00269841 -0.00424802 -0.000303638 9.59003e-06 -6.36534e-05 -0.00049588 0.000417136 1.90114e-05 -0.000602327 -0.000221211 0 0.000251034 0.000469536 5.49355e-05 -0.000930399 0.000684068 0.000698852 0.00303519 0.00061939 -0.00313364 -0.00151466
internal_weight=263725 166688 111853 1729 97037 64835 172 64539 64035 504 379 54835 20855 20266 33980 3548 3156 30432 12748 115 36768 32202 11468 4181 1111 20734 682 20052 217 3070
internal_count=263725 166688 111853 1729 97037 64835 172 64539 64035 504 379 54835 20855 20266 33980 3548 3156 30432 12748 115 36768 32202 11468 4181 1111 20734 682 20052 217 3070
is_linear=0
shrinkage=0.05


Tree=163
num_leaves=31
num_cat=0
split_feature=27 0 29 24 18 0 21 27 17 6 21 21 7 24 13 28 5 28 28 18 7 22 0 2 7 24 21 29 29 29
split_gain=1.41579 1.24572 1.21572 2.12278 1.28164 1.95245 1.99053 1.76181 2.11182 3.61391 1.64539 1.58729 3.56041 1.54471 1.41137 1.39387 1.37082 1.50088 1.88661 1.23052 2.0233 1.60698 1.22852 4.86482 1.20519 1.53791 1.96829 1.56466 2.10014 2.84275
threshold=44.500000000000007 5.6639013355751313 -1.9534123769382994 22.500000000000004 5.6117468613232733 4.6461108844735088 33.500000000000007 15.500000000000002 3.5000000000000004 1.0205438407388343 38.500000000000007 38.500000000000007 0.65182460058641867 8.5000000000000018 0.34203655523566939 1.0000000180025095e-35 1.8215862334936765 12.500000000000002 1.0000000180025095e-35 66.380264837857311 1.0969616361947072 27.500000000000004 4.5402900480898207 -1.1401100374850313 0.32427319812269101 6.5000000000000009 2.5000000000000004 0.29198063546128966 -0.15303629100651941 -0.12669776607834848
decision_type=2 2 2 2 2 2 2 2 2 2 2 2 2 2 2 2 2 2 2 2 2 2 2 2 2 2 2 2 2 2
left_child=1 2 3 4 5 6 -1 22 9 13 16 15 -13 -9 -12 -7 -10 18 -18 24 21 -21 23 -6 25 26 27 28 -4 -30
right_child=-2 -3 19 -5 7 11 -8 8 10 -11 14 12 -14 -15 -16 -17 17 -19 -20 20 -22 -23 -24 -25 -26 -27 -28 -29 29 -31
leaf_value=-0.0647478725900274 0.0032767674506578234 0.0012863135823811972 0.00045048206965431214 0.0097925119663326305 -0.046895890174322524 0.040660272216214662 0.012400701262905387 0.034864622376504818 0.0014373074207593096 -0.22681121462241363 0.029148073970822738 -0.059399291535555225 0.0087686567834524692 -0.062442694419195255 0.0060740894822994143 0.0013565778563764878 -0.11296526619629384 -0.093557546150911053 0.00090258260482770514 -0.056716749072409124 0.014101862805584765 0.018913534130605467 0.012223444898701079 0.042579166800749566 0.00014979234306110325 -8.5344382451676788e-05 0.0010621299679388168 -0.00073072945664276934 -0.005450570487637061 -0.0028412384954418671
leaf_weight=87 348 2048 579 555 65 56 51 58 1896 50 227 89 142 53 231 851 62 119 363 1882 643 280 4409 60 214350 28552 1486 2314 53 1850
leaf_count=87 348 2048 579 555 65 56 51 58 1896 50 227 89 142 53 231 851 62 119 363 1882 643 280 4409 60 214350 28552 1486 2314 53 1850
internal_value=6.00434e-05 5.58337e-05 4.62104e-05 0.000603778 0.000416056 -0.00105016 -0.00666667 0.000662452 -0.000264792 -0.00583851 4.48585e-05 -0.000369069 -0.00406926 -0.000810811 0.00279476 0.000573319 -0.000471311 -0.00268382 -0.00129412 2.53583e-05 -0.00101604 -0.00174838 0.00128805 -0.0036 3.7081e-05 -0.000235689 -0.000943967 -0.00143661 -0.00230862 -0.00311088
internal_weight=263809 263461 261413 9424 8869 1276 138 7593 3059 161 2898 1138 231 111 458 907 2440 544 425 251989 2805 2162 4534 125 249184 34834 6282 4796 2482 1903
internal_count=263809 263461 261413 9424 8869 1276 138 7593 3059 161 2898 1138 231 111 458 907 2440 544 425 251989 2805 2162 4534 125 249184 34834 6282 4796 2482 1903
is_linear=0
shrinkage=0.05


Tree=164
num_leaves=31
num_cat=0
split_feature=0 29 24 21 23 18 3 7 28 12 6 21 6 23 29 27 5 29 5 29 24 28 27 18 29 12 15 18 5 13
split_gain=1.73218 1.79783 3.10668 1.51609 1.99046 0.958216 1.00614 1.1101 1.46107 2.08201 1.89118 1.4597 1.54848 1.28702 3.14079 1.84356 1.26978 1.02865 1.29529 1.34363 1.00738 0.999035 1.36625 2.02893 1.86993 1.31857 1.87252 1.617 1.33631 1.77235
threshold=4.3895594239587075 -0.29976924049999526 27.500000000000004 59.500000000000007 3.5000000000000004 66.380264837857311 -0.46505688311233762 0.89503252676652878 13.500000000000002 0.26851984191176975 0.24501331494547204 31.500000000000004 0.80371307345825804 3.5000000000000004 -0.90936145708900018 11.500000000000002 2.9176656931190181 -1.0308775640211452 1.2612351914490232 -0.75729439682244581 9.5000000000000018 30.500000000000004 4.5000000000000009 15.849253963480669 -0.84205718744538371 0.089285830990742845 16.500000000000004 1.2544728625078301 3.8229127378424761 0.38539271832542338
decision_type=2 2 2 2 2 2 2 2 2 2 2 2 2 2 2 2 2 2 2 2 2 2 2 2 2 2 2 2 2 2
left_child=1 3 -3 -1 -5 21 7 8 10 20 -7 13 -13 15 -15 -11 -9 -12 19 -19 -10 -2 -23 25 -25 26 -24 -27 -29 -30
right_child=5 2 -4 4 -6 6 -8 16 9 11 17 12 -14 14 -16 -17 -18 18 -20 -21 -22 22 23 24 -26 27 -28 28 29 -31
leaf_value=0.005015909954965315 0.00011080037877606994 0.0010975380779316751 -0.11551773150858265 -0.013780145137722714 0.0059117919020622994 -0.091168868673425885 0.047178223848848622 0.0028620203107872317 0.040704374437993317 -0.057736496082778505 0.022808111052474968 -0.087674359624562756 0.024959157693717784 -0.085694032277901427 0.036659334659592938 -0.11338858982701405 -0.10584309462274399 -0.10049173136979106 -0.11643921543196106 0.021539053192386907 -0.033022379553058111 0.0044623997958793985 -0.014973105079413063 -0.029811071311352296 0.0036650783084165015 0.0068162275479651535 -0.051131483504773569 -0.0007723840773916869 -0.0020064549120763588 -0.01359316420403754
leaf_weight=1350 249983 377 93 107 94 61 58 1737 60 120 137 52 88 75 58 51 57 54 55 107 157 4963 446 329 943 212 63 957 205 124
leaf_count=1350 249983 377 93 107 94 61 58 1737 60 120 137 52 88 75 58 51 57 54 55 107 157 4963 446 329 943 212 63 957 205 124
internal_value=8.06694e-05 0.00153884 -0.00117021 0.00235977 -0.00169154 6.93849e-05 -0.000830202 -0.000962008 -0.00223256 -0.00369138 9.66184e-05 -0.00565315 -0.00142857 -0.00759868 -0.00390977 -0.0104678 -0.000200669 0.00150142 -0.000648148 0.00161491 0.000322581 7.95818e-05 0.000621208 -0.000170784 0.00139151 -0.00116094 -0.00335953 -0.000413885 -0.00108087 -0.00382979
internal_weight=263173 2021 470 1551 201 261152 2927 2869 1075 661 414 444 140 304 133 171 1794 353 216 161 217 258225 8242 3279 1272 2007 509 1498 1286 329
internal_count=263173 2021 470 1551 201 261152 2927 2869 1075 661 414 444 140 304 133 171 1794 353 216 161 217 258225 8242 3279 1272 2007 509 1498 1286 329
is_linear=0
shrinkage=0.05


Tree=165
num_leaves=31
num_cat=0
split_feature=24 24 0 28 27 18 28 29 29 4 0 23 29 27 5 0 1 21 23 7 24 29 18 24 7 5 21 0 12 11
split_gain=1.38273 1.58796 7.98676 2.43156 4.50395 3.07861 2.58205 2.28561 2.14751 2.3164 2.61114 2.60379 2.01062 1.89531 3.11206 1.77216 1.80432 3.28461 4.04471 2.84123 2.49504 2.60873 2.36013 1.80142 2.39242 1.73951 1.68773 2.26478 1.86533 1.73525
threshold=9.5000000000000018 8.5000000000000018 5.0763865755225819 9.5000000000000018 33.500000000000007 33.936927570327789 21.500000000000004 -4.5835963978295169 0.37214301231675612 0.16435227740156297 5.5297894156727692 4.5000000000000009 0.49506689351185157 26.500000000000004 5.2797220901521653 4.4674786937065862 125.00000000000001 30.500000000000004 3.5000000000000004 0.40650656479063169 5.5000000000000009 -0.32813146147528488 11.475555918351697 2.5000000000000004 0.66221672086324612 2.3902029425572091 29.500000000000004 4.8576412516912386 0.31812575331608944 0.19238984224210873
decision_type=2 2 2 2 2 2 2 2 2 2 2 2 2 2 2 2 2 2 2 2 2 2 2 2 2 2 2 2 2 2
left_child=1 7 3 4 5 -3 -5 25 9 -4 11 -11 -10 -9 15 -15 17 18 20 -20 21 -17 -19 -21 -25 -1 27 29 -28 -8
right_child=-2 2 8 6 -6 -7 26 13 12 10 -12 -13 -14 14 -16 16 -18 22 19 23 -22 -23 -24 24 -26 -27 28 -29 -30 -31
leaf_value=0.027715034255804551 0.0001912929519774852 -0.064732758833322065 0.00094287793539862364 0.0076845609739158152 0.032401398780790708 -0.0018435641763431328 -0.035291390396928989 -0.000399748685742749 0.0047989893712854295 0.0025339365460529859 -0.003306676678976573 -0.0062598325653707241 0.00075381925749169959 -0.0046216535163783766 -0.047594261201258523 -0.0024766439763178986 0.0020224416339652638 0.0019353840062416188 0.0021267788980388266 -0.00064083377765192099 -0.040275944132785582 0.0017069398632006832 -0.007814081116866425 -0.044050711369735915 -0.02999880980021918 -0.11662262186198083 -0.019730992613082986 -0.0018881613259365928 0.0042416655215814407 -0.078854382390923003
leaf_weight=604 192701 785 2465 615 116 203 150 52609 415 225 435 58 428 431 91 68 6864 1210 54 74 51 221 781 170 57 54 758 199 589 223
leaf_count=604 192701 785 2465 615 116 203 150 52609 415 225 435 58 428 431 91 68 6864 1210 54 74 51 221 781 170 57 54 758 199 589 223
internal_value=3.20056e-05 -0.000156613 -0.000836378 -0.00253436 -0.00449275 -0.00558704 -0.00168114 -7.43618e-05 0.000697963 0.000103676 -0.00239554 0.00134276 0.00294187 -0.000105136 0.000523233 0.000607154 0.000748691 -0.000349963 -0.00330935 -0.00704225 0.000588235 0.00238754 0.000683074 -0.00893688 -0.0111454 0.00285714 -0.00258468 -0.00486014 -0.00161841 -0.00715818
internal_weight=263704 71003 7664 3638 1104 988 2534 63339 4026 3183 718 283 843 62681 10072 9981 9550 2686 695 355 340 289 1991 301 227 658 1919 572 1347 373
internal_count=263704 71003 7664 3638 1104 988 2534 63339 4026 3183 718 283 843 62681 10072 9981 9550 2686 695 355 340 289 1991 301 227 658 1919 572 1347 373
is_linear=0
shrinkage=0.05


Tree=166
num_leaves=31
num_cat=0
split_feature=0 18 3 2 22 0 22 16 5 19 2 23 3 27 6 27 1 22 28 22 1 22 28 18 2 24 12 21 16 16
split_gain=1.32266 1.13556 1.92969 1.67242 1.66788 2.82484 1.66624 1.61217 1.53209 1.278 1.26335 1.21127 1.21204 1.15331 1.14381 2.82891 1.72437 2.19232 1.14334 1.27836 1.28648 1.10443 1.07913 1.08205 1.85667 1.20711 1.259 1.46928 1.06482 1.82651
threshold=5.6757271873972215 0.80007067171630586 -0.50687289927025303 -0.12642407371067743 5.5000000000000009 4.6638718775261703 10.500000000000002 0.016525580660306158 1.748561401894452 0.24464730749110022 -0.21357624261151711 3.5000000000000004 -0.75923526741024439 48.500000000000007 0.063193627739669814 20.500000000000004 273.00000000000006 3.5000000000000004 7.5000000000000009 4.5000000000000009 201.00000000000003 17.500000000000004 36.500000000000007 0.29495474440805097 -0.50413775493815072 27.500000000000004 0.029023125979080067 33.500000000000007 1.4314004656243868 0.66490559839177188
decision_type=2 2 2 2 2 2 2 2 2 2 2 2 2 2 2 2 2 2 2 2 2 2 2 2 2 2 2 2 2 2
left_child=1 2 3 6 5 -5 9 8 21 10 -1 12 -7 14 15 -3 17 -17 28 -20 -21 -6 23 24 25 26 27 -8 29 -4
right_child=-2 13 18 4 7 11 22 -9 -10 -11 -12 -13 -14 -15 -16 16 -18 -19 19 20 -22 -23 -24 -25 -26 -27 -28 -29 -30 -31
leaf_value=0.0029841677598512182 0.0017038313097808963 -0.00040955172523825419 -0.00028187568836585781 0.0021008260833589479 -0.034012682202538641 -0.001014845910158493 -0.019432440207720086 0.00022394436076269444 0.0046636998434966062 0.00050964676256481586 -0.0021632945417738802 -0.00076001482263445864 -0.0031831886303037371 0.0030056003805657453 -3.6439627140248988e-06 0.0022149243261351649 -0.00092887316449159502 0.0016657761198801996 0.0034267443367502755 0.0035852888447873441 -0.044760779570073725 -0.030218516033311361 -0.053778654004333251 0.0026099664980323125 0.0017314029302684273 0.002710991204117618 -0.011598572496465395 -0.090102797596659706 -0.0035149409146008025 0.0023440453343565332
leaf_weight=302 1012 3032 980 113 76 86 91 1921 52 939 70 155 136 164 247741 259 106 1245 190 2127 62 103 60 1021 774 97 469 123 124 268
leaf_count=302 1012 3032 980 113 76 86 91 1921 52 939 70 155 136 164 247741 259 106 1245 190 2127 62 103 60 1021 774 97 469 123 124 268
internal_value=4.36911e-05 3.6746e-05 0.000550343 3.4912e-05 -0.000938683 -0.00357143 0.000686771 -0.000339219 -0.00428571 0.0021434 0.00462366 -0.00564987 -0.00801802 1.57198e-05 1.29961e-05 0.000790608 0.00248447 0.00291888 0.00145561 0.00211854 0.00177707 -0.00648045 -3.79507e-05 0.000116505 -0.000714286 -0.0024359 -0.00317716 -0.00635514 0.000306122 0.000745192
internal_weight=263898 262886 10339 6588 2642 490 3946 2152 231 1311 372 377 222 252547 252383 4642 1610 1504 3751 2379 2189 179 2635 2575 1554 780 683 214 1372 1248
internal_count=263898 262886 10339 6588 2642 490 3946 2152 231 1311 372 377 222 252547 252383 4642 1610 1504 3751 2379 2189 179 2635 2575 1554 780 683 214 1372 1248
is_linear=0
shrinkage=0.05


Tree=167
num_leaves=31
num_cat=0
split_feature=28 0 26 24 27 17 19 27 11 24 1 1 3 24 21 24 18 28 24 3 16 0 24 0 21 13 16 3 22 0
split_gain=1.59307 1.99185 1.90341 2.89504 2.18198 2.08103 1.81029 1.77861 2.03524 1.60535 3.50185 2.36092 4.42893 1.94693 1.7781 2.43222 2.10528 1.84417 1.72458 1.54832 1.50533 1.48419 1.59076 3.93391 2.40353 1.9598 1.76676 1.75235 2.11013 1.72968
threshold=20.500000000000004 5.2303599386420521 1.0000000180025095e-35 11.500000000000002 8.5000000000000018 6.5000000000000009 45.276785475397041 17.500000000000004 0.20641554762649825 2.5000000000000004 133.00000000000003 281.00000000000006 -0.86868247833364731 23.500000000000004 38.500000000000007 9.5000000000000018 23.293648310416959 32.500000000000007 13.500000000000002 -1.1608654100088913 2.5910601580427728 5.1022775351308658 7.5000000000000009 4.8161785264461434 28.500000000000004 0.22496356497620976 1.5187976774091971 -1.1483047881398265 16.500000000000004 4.5649191543146843
decision_type=2 2 2 2 2 2 2 2 2 2 2 2 2 2 2 2 2 2 2 2 2 2 2 2 2 2 2 2 2 2
left_child=-1 2 9 4 5 6 -4 -5 -9 10 -2 -12 -13 14 17 -16 -17 21 -18 -19 -8 22 23 26 -25 29 27 28 -11 -24
right_child=1 -3 3 7 -6 -7 20 8 -10 13 11 12 -14 -15 15 16 18 19 -20 -21 -22 -23 25 24 -26 -27 -28 -29 -30 -31
leaf_value=-6.213719949740802e-06 0.012703510859839662 0.012820180042121486 -0.034084605058657284 -0.00097329887141415952 0.033196835169837617 -0.08055512437381164 -0.018640816076185909 -0.044286854728688284 0.00096721470348187094 -0.075951458070505018 0.0051471291846840383 -0.10185745030571874 0.012670272016988789 0.0034307802190162995 -0.015814255637889438 0.0033658598646159016 0.013009320225053298 -0.091083009801570192 -0.056611004017386536 0.0096230786135166665 0.022750951302387454 0.01162746846439343 0.0063148653450241414 0.022698317842596676 0.020470571711831639 0.0038234789192103367 0.0093979272888952414 -0.0033385648270359567 0.0091558729217993615 -0.006624425089537549
leaf_weight=215955 770 404 99 3269 60 51 163 50 51 88 1424 75 51 7513 1881 2269 155 84 497 1071 53 1776 582 477 1352 11106 1171 1251 74 9861
leaf_count=215955 770 404 99 3269 60 51 163 50 51 88 1424 75 51 7513 1881 2269 155 84 497 1071 53 1776 582 477 1352 11106 1171 1251 74 9861
internal_value=5.45352e-05 0.000315957 0.000286113 -0.000787671 -0.00467136 -0.00612022 -0.00460317 -0.000296736 -0.00683168 0.000379756 0.00165948 0.000290323 -0.00626984 0.000307707 0.000145422 -0.000745523 0.00015748 0.000293497 -0.00234663 0.00225108 -0.00203704 0.000211984 0.000116324 0.000981192 0.0027556 -6.07917e-05 -0.000274768 -0.00146497 -0.00635802 -0.000552523
internal_weight=263683 47728 47324 3796 426 366 315 3370 101 43528 2320 1550 126 41208 33695 4802 2921 28893 652 1155 216 27738 25962 4413 1829 21549 2584 1413 162 10443
internal_count=263683 47728 47324 3796 426 366 315 3370 101 43528 2320 1550 126 41208 33695 4802 2921 28893 652 1155 216 27738 25962 4413 1829 21549 2584 1413 162 10443
is_linear=0
shrinkage=0.05


Tree=168
num_leaves=31
num_cat=0
split_feature=29 24 0 28 6 3 6 24 28 5 18 18 5 3 20 21 29 24 28 0 21 0 27 1 7 6 13 17 27 0
split_gain=1.72532 1.65745 1.84398 1.57125 1.76377 1.65859 1.76061 1.52689 1.52333 1.45017 1.33259 2.54493 1.92787 1.75499 2.88178 2.93918 1.43145 1.39777 1.6312 1.47794 1.30924 1.66274 1.30003 1.39306 2.03174 1.29626 1.69598 1.28434 2.10872 2.02524
threshold=-1.9534123769382994 10.500000000000002 4.6245658589774434 26.500000000000004 0.17974791284276739 -1.0739094439764287 0.94194664212128043 28.500000000000004 23.500000000000004 0.85386807938112075 41.280443992448596 31.375848613157462 2.2697029209294435 -0.90435493388536248 0.71486544026091525 30.500000000000004 -2.5608938885402721 7.5000000000000009 23.500000000000004 4.6676560430519158 34.500000000000007 4.6152523066285216 10.500000000000002 181.00000000000003 0.42105498905932109 0.73573198068793122 1.5224722502256451 6.5000000000000009 15.500000000000002 5.0763865755225819
decision_type=2 2 2 2 2 2 2 2 2 2 2 2 2 2 2 2 2 2 2 2 2 2 2 2 2 2 2 2 2 2
left_child=1 3 -3 4 -1 6 -5 8 -4 -10 11 17 13 -13 15 -15 20 18 19 -6 21 -12 -21 24 -24 -26 -27 -2 -29 -30
right_child=27 2 7 5 10 -7 -8 -9 9 -11 16 12 -14 14 -16 -17 -18 -19 -20 22 -22 -23 23 -25 25 26 -28 28 29 -31
leaf_value=0.015921052892341032 -6.8561625745098313e-06 -0.0011271803073028884 0.0058500818337773744 -0.043169983616105204 0.032322324643227589 0.016909886792232726 0.018076042223247209 0.010249845229817808 -0.0037035903797835463 0.021868472550264053 -0.13110156705858125 0.0087223192743835307 -0.11247257134412143 -0.088454407067701107 0.035912880362114506 -0.046210086144416851 0.035019133984648607 -0.01973586013109728 -0.033243896918364865 0.034212934400203912 0.030820252024238409 -0.007504275134806707 0.038287807474038829 0.015693020190743659 -0.0069371756157139992 -0.077920129425649798 0.019361998814173831 0.0016965256283723472 -0.0002967570094066503 0.0025506225053612145
leaf_weight=655 217359 796 1091 168 92 1351 185 168 56 901 53 180 51 72 78 122 255 1157 197 110 142 395 90 526 344 128 57 17820 16905 1958
leaf_count=655 217359 796 1091 168 92 1351 185 168 56 901 53 180 51 72 78 122 255 1157 197 110 142 395 90 526 344 128 57 17820 16905 1958
internal_value=6.80174e-05 0.000732484 0.00169987 0.000277778 -0.000193452 0.00157864 -0.00147309 0.00244134 0.00206543 0.00352142 -0.00058286 -0.00104869 -0.00431412 -0.00327434 -0.00580882 -0.00907217 0.00118343 -0.000440578 0.000544041 0.00116555 -0.000169492 -0.00149554 0.000717131 0.000218341 -0.00138934 -0.00257089 -0.00594595 4.33787e-05 0.000317041 -5.14234e-05
internal_weight=263462 9420 3012 6408 4704 1704 353 2216 2048 957 4049 3204 503 452 272 194 845 2701 1544 1347 590 448 1255 1145 619 529 185 254042 36683 18863
internal_count=263462 9420 3012 6408 4704 1704 353 2216 2048 957 4049 3204 503 452 272 194 845 2701 1544 1347 590 448 1255 1145 619 529 185 254042 36683 18863
is_linear=0
shrinkage=0.05


Tree=169
num_leaves=31
num_cat=0
split_feature=28 17 5 29 18 24 7 5 4 3 23 24 4 18 13 18 23 7 29 0 27 18 0 5 1 29 18 18 29 27
split_gain=2.00937 1.85816 1.96212 1.39967 1.33165 1.2712 2.75883 1.90592 1.46124 1.4617 1.41153 2.04205 1.68465 2.53698 1.38732 1.37942 1.34575 2.14403 2.88103 1.92399 2.14673 5.15703 1.4762 2.37584 1.47264 1.29645 1.35338 1.23423 1.20231 1.45705
threshold=30.500000000000004 3.5000000000000004 1.1249258713123969 -0.097839817786546074 7.2971603810902161 6.5000000000000009 0.59367885758365302 1.3335774555389164 -0.39895242208365123 -0.68527057508988443 3.5000000000000004 2.5000000000000004 -0.14273078841449968 6.4761789401795911 0.22496356497620976 31.375848613157462 1.5000000000000002 0.52874694714470971 -0.069922006990482191 4.4674786937065862 2.5000000000000004 15.61597331111186 4.7105902035041884 1.365119990819762 245.00000000000003 -1.5596558316951226 5.3815607070127447 16.122118396709503 -0.85823407565343313 1.5000000000000002
decision_type=2 2 2 2 2 2 2 2 2 2 2 2 2 2 2 2 2 2 2 2 2 2 2 2 2 2 2 2 2 2
left_child=-1 2 -2 4 -4 6 27 8 -8 -10 11 -9 13 -12 -13 -15 17 18 19 -7 21 -21 23 24 -19 -25 -27 -3 29 -24
right_child=1 5 3 -5 -6 16 7 10 9 -11 12 14 -14 15 -16 -17 -18 22 -20 20 -22 -23 28 25 -26 26 -28 -29 -30 -31
leaf_value=5.2899423894462916e-05 0.014073332879392024 0.002823630885200564 0.0097298173818777776 -0.028223283317474031 -0.02557885909700966 -0.027990988026759325 0.0079853778999620945 0.0078033594734901544 0.015450179602152544 -0.024584785855713838 0.0092968002862979689 -0.00038436517898543109 -0.038451793089407105 -0.09979549337330991 -0.092953634152067921 -0.043725638814182934 0.0040327978514690622 -0.0049529289873036604 -0.042018204047517098 0.0047624798626770288 0.0063614453691067802 -0.047404165011100022 0.019675267441297887 0.03038345384655082 -0.11761645121764792 -0.10370901524054738 0.0037190338527033104 0.016441938791754058 0.0083879847080630468 -0.014128239797845235
leaf_weight=255009 82 432 81 60 116 72 212 109 59 68 101 86 51 91 76 59 4865 142 65 128 273 56 73 60 60 57 280 212 551 198
leaf_count=255009 82 432 81 60 116 72 212 109 59 68 101 86 51 91 76 59 4865 142 65 128 273 56 73 60 60 57 280 212 551 198
internal_value=5.3794e-05 0.000797721 -0.00283186 -0.00498054 -0.00294416 0.000943575 -0.000347044 -0.00211623 0.000855457 -0.00338583 -0.00387435 -0.00125461 -0.00622517 -0.00454183 -0.00481481 -0.00866667 0.00123547 0.000148883 -0.00237374 -0.00115312 4.37637e-05 -0.00413043 0.00120338 -0.000684474 -0.00509901 0.00156171 0.000356083 0.00215839 0.00257908 -0.000147601
internal_weight=263784 8775 339 257 197 8436 1556 912 339 127 573 271 302 251 162 150 6880 2015 594 529 457 184 1421 599 202 397 337 644 822 271
internal_count=263784 8775 339 257 197 8436 1556 912 339 127 573 271 302 251 162 150 6880 2015 594 529 457 184 1421 599 202 397 337 644 822 271
is_linear=0
shrinkage=0.05


Tree=170
num_leaves=31
num_cat=0
split_feature=28 27 0 4 4 24 24 7 3 29 5 29 29 0 3 12 4 7 23 28 22 29 29 18 4 13 16 18 27 5
split_gain=1.37073 1.71616 1.25912 1.36841 1.30027 3.06992 2.94994 3.92836 1.73535 1.83963 1.61998 1.60093 3.61074 1.91138 2.47433 1.57484 1.56007 2.01577 1.7106 1.91618 1.65533 1.90081 2.21538 1.55808 1.47248 1.38293 1.37752 1.28712 2.00986 1.39176
threshold=28.500000000000004 47.500000000000007 5.1227863320152851 -0.14551333896301261 -0.098157246699118988 2.5000000000000004 6.5000000000000009 0.62412082942728642 -0.67149760387582946 -0.059558314686299144 0.71544678143686402 -1.8577800261288111 -0.94655401024601937 4.6344336593550848 -0.48342103591638108 0.14640145376289973 -0.37497390282451076 0.49684949011498164 3.5000000000000004 31.500000000000004 29.500000000000004 1.0363813241343511 4.8373071902499918 5.9619805275680928 0.032790872225026566 0.67840576512906681 0.88973413934518197 9.3195215921371357 7.5000000000000009 1.5035767645172997
decision_type=2 2 2 2 2 2 2 2 2 2 2 2 2 2 2 2 2 2 2 2 2 2 2 2 2 2 2 2 2 2
left_child=1 -1 4 -4 10 -6 7 26 -8 -10 -2 -12 15 14 27 25 20 18 19 -18 -15 -22 -23 -11 -25 -13 -7 29 -29 -14
right_child=2 -3 3 -5 5 6 8 -9 9 23 11 12 13 16 -16 -17 17 -19 -20 -21 21 22 -24 24 -26 -27 -28 28 -30 -31
leaf_value=2.3941750010171581e-06 0.0068006753646609984 0.0051901347440111321 0.01103318805771193 0.0074047999132438235 0.0086788379673812931 0.0021410139406152925 0.0094180665650772221 -0.083250872246274615 -0.00056885341265209839 -0.04810338323679484 0.014100441498886186 0.006997748851877309 0.0081632078490862011 0.0042657961012599419 0.0046356272211182008 -0.029031489177192928 -0.030431615848614216 0.0028930853701285234 0.0080070737838364887 -0.063316482905239807 0.01761644782087261 -0.060250434911291388 0.017113700133187453 0.0040823237473533681 -0.040481005122159554 -0.027068809383336737 -0.021369221401991826 -0.029366588173070831 -0.088305954295637257 -0.11028958683970652
leaf_weight=249106 923 197 209 1101 237 169 134 72 2170 65 1387 511 75 2998 132 1544 68 962 103 63 465 65 52 67 91 89 109 367 126 51
leaf_count=249106 923 197 209 1101 237 169 134 72 2170 65 1387 511 75 2998 132 1544 68 962 103 63 465 65 52 67 91 89 109 367 126 51
internal_value=3.2536e-05 5.13431e-06 0.000506768 0.00198473 0.000358916 -0.000533076 -0.000983664 -0.00528571 -0.000387812 -0.000697869 0.000637211 0.000433871 0.000151219 0.00082685 -0.00151798 -0.00159049 0.00119556 -0.000367893 -0.00452991 -0.00832061 0.00171788 0.00415808 -0.00153846 -0.00502242 -0.00234177 0.000583333 -0.00258993 -0.0028433 -0.00399594 0.00166667
internal_weight=263708 249303 14405 1310 13095 3114 2877 350 2527 2393 9981 9058 7671 5527 751 2144 4776 1196 234 131 3580 582 117 223 158 600 278 619 493 126
internal_count=263708 249303 14405 1310 13095 3114 2877 350 2527 2393 9981 9058 7671 5527 751 2144 4776 1196 234 131 3580 582 117 223 158 600 278 619 493 126
is_linear=0
shrinkage=0.05


Tree=171
num_leaves=31
num_cat=0
split_feature=28 0 27 5 29 29 23 29 29 13 6 29 19 29 0 24 29 24 23 0 29 0 23 5 7 28 16 24 16 7
split_gain=1.66323 2.17072 2.04815 1.63239 1.38845 2.41354 1.96397 1.42132 1.13524 1.06011 1.13439 2.67651 1.1556 1.14963 1.14337 1.39672 1.05018 1.66581 1.54846 1.57715 2.27856 1.50993 1.83656 2.33751 2.30196 2.10016 2.50898 1.77634 1.74615 1.71099
threshold=30.500000000000004 4.3895594239587075 16.500000000000004 1.3975692289366604 -0.3206148700691972 -0.21038776322965347 4.5000000000000009 -0.58499218565636679 -1.4571161936178669 6.0399561090005731 0.12497221675438545 -0.076288753815791491 15.19904523996186 -0.40543560691002828 4.9193525064942056 19.500000000000004 -1.9534123769382994 17.500000000000004 5.5000000000000009 4.6098625740792736 -2.5608938885402721 4.9296208115160445 2.5000000000000004 0.74013595427780354 0.68873387129864627 4.5000000000000009 0.75391690437614878 6.5000000000000009 0.25657044301387455 1.1072875806867697
decision_type=2 2 2 2 2 2 2 2 2 2 2 2 2 2 2 2 2 2 2 2 2 2 2 2 2 2 2 2 2 2
left_child=1 2 3 -1 6 -6 8 -8 -4 10 11 13 -13 -2 -15 -16 17 18 21 20 -20 22 24 -24 -3 26 -25 -23 -26 -28
right_child=9 16 4 -5 5 -7 7 -9 -10 -11 -12 12 -14 14 15 -17 -18 -19 19 -21 -22 27 23 25 28 -27 29 -29 -30 -31
leaf_value=0.011397964437571529 -0.0098823364053550553 -0.015580639424323153 -0.0039677614450790476 -0.015963064288112599 -0.044946801472390573 0.0012610336270160176 -0.010947054243465596 0.0064753023335258411 0.0046920551521561667 -0.03085506613205374 0.002806621853498789 -0.049631803491020567 -0.03896828277121147 0.0062292859436532495 0.01520900924222243 -0.025458959009047561 -1.7159586718381317e-05 0.0091939474692858784 -0.051043473219408213 0.019358499139303497 0.038878725612255249 -0.0035188169320185315 -0.049611132353379439 0.011515574371357177 0.027660002371281495 -0.0026719104506983931 -0.037181898738203351 0.015926075123102887 0.010449383404621593 -0.1383046255098502
leaf_weight=444 549 609 78 55 99 174 164 70 645 118 7663 54 56 84 97 95 244418 768 59 978 61 601 92 159 248 2239 264 636 1845 108
leaf_count=444 549 609 78 55 99 174 164 70 645 118 7663 54 56 84 97 95 244418 768 59 978 61 601 92 159 248 2239 264 636 1845 108
internal_value=4.47767e-05 2.15451e-05 0.00178716 0.00448898 0.000691057 -0.00245421 0.0015883 -0.00239316 0.0028769 0.000723956 0.000788555 -0.000855615 -0.00818182 0.000121212 0.00275362 0.000625 9.48298e-06 0.000550363 0.00033422 0.0020765 -0.00333333 5.29334e-05 -0.000298347 -0.00118099 0.000636566 -0.000920578 -0.00374765 0.00163298 0.00142379 -0.00599462
internal_weight=263530 254814 1729 499 1230 273 957 234 723 8716 8598 935 110 825 276 192 253085 8667 7899 1098 120 6801 5564 2862 2702 2770 531 1237 2093 372
internal_count=263530 254814 1729 499 1230 273 957 234 723 8716 8598 935 110 825 276 192 253085 8667 7899 1098 120 6801 5564 2862 2702 2770 531 1237 2093 372
is_linear=0
shrinkage=0.05


Tree=172
num_leaves=31
num_cat=0
split_feature=2 7 6 19 8 4 29 9 5 12 16 3 16 18 2 22 28 22 22 18 8 5 12 6 7 29 29 8 18 10
split_gain=1.16045 2.06799 2.01879 1.84623 1.83199 1.35881 1.61886 1.80519 1.5407 1.19885 1.17069 1.13269 1.46546 1.12139 3.09713 1.2763 2.72224 1.13021 1.11281 1.4264 1.10763 1.59656 1.71554 1.68789 1.88669 1.77289 1.76234 1.90379 1.5272 1.54764
threshold=0.31873571726751332 0.26960825630046487 1.2882517431559577 5.4041075629617303 0.55866325186228039 0.38172238949568843 0.15182710758755566 0.6720904624590458 0.55443892981682474 0.24762440350326073 0.82007242633026045 0.41071807448007386 0.36158082700600619 14.651114474945253 -0.067339956733051556 5.5000000000000009 17.500000000000004 22.500000000000004 19.500000000000004 1.5541539343339412 0.41281838759879702 0.37669794318080668 0.10692433483270597 0.40046790417427613 0.3389386867849849 0.019957140152332232 0.23164603016314425 0.52026153072699366 0.9153330097459661 0.25000000000000006
decision_type=2 2 2 2 2 2 2 2 2 2 2 2 2 2 2 2 2 2 2 2 2 2 2 2 2 2 2 2 2 2
left_child=1 4 3 -2 5 13 -7 9 -9 -8 11 12 -6 14 17 16 -15 -1 -12 -20 -3 23 -23 24 25 -22 27 -26 -24 -30
right_child=2 20 -4 -5 10 6 7 8 -10 -11 18 -13 -14 15 -16 -17 -18 -19 19 -21 21 22 28 -25 26 -27 -28 -29 29 -31
leaf_value=0.0029993407709947781 -0.0037767090520786197 0.00032896985874098259 0.0072609326714367364 0.00048479682085426923 0.0026377397198552414 -0.0066774300948176145 0.0011586604121889763 -0.0011328914335177285 -0.015764554873095495 -0.0040345434822490287 0.004010241640753651 0.0069609242078711763 -0.003186155164967266 -0.045259336800435021 -0.0015565378983824769 -0.013234390499384161 -0.0068050866618470686 0.011382364665497311 -0.0046864447186296459 0.0027571099875681941 0.0016875736600419921 0.00056553334183894984 0.0032737482378284743 0.002374744614114738 0.002297415564633734 -0.010197867480597159 0.0062633698000710558 -0.003688545024269161 -0.00024714975958755941 -0.0013987582519137502
leaf_weight=439 255 155443 138 35294 160 181 295 53 56 53 320 143 318 52 3082 768 108 262 52 183 52 9266 414 1686 409 86 181 345 46910 6456
leaf_count=439 255 155443 138 35294 160 181 295 53 56 53 320 143 318 52 3082 768 108 262 52 183 52 9266 414 1686 409 86 181 345 46910 6456
internal_value=7.59129e-05 3.43763e-05 0.000341021 0.00031759 -0.000842912 -0.00123575 -0.00340125 -0.00181619 -0.00743119 -5.74713e-05 0.000943878 -0.000547504 -0.00171548 -0.000942475 -0.000560402 -0.0025 -0.0065625 0.00243937 0.00261261 0 6.02491e-05 -0.000111694 -0.000163214 0.0010656 -0.000484623 -0.00594203 0.000320856 -0.000742706 -0.000271476 -0.000294944
internal_weight=263460 227773 35687 35549 6525 5349 638 457 109 348 1176 621 478 4711 3783 928 160 701 555 235 221248 65805 63046 2759 1073 138 935 754 53780 53366
internal_count=263460 227773 35687 35549 6525 5349 638 457 109 348 1176 621 478 4711 3783 928 160 701 555 235 221248 65805 63046 2759 1073 138 935 754 53780 53366
is_linear=0
shrinkage=0.05


Tree=173
num_leaves=31
num_cat=0
split_feature=27 22 19 1 5 5 24 29 9 21 1 20 11 29 18 29 7 9 11 13 7 5 24 27 14 29 15 0 12 1
split_gain=1.28079 3.35059 2.57778 2.00433 1.8512 1.68551 1.9401 2.92383 2.43225 1.81348 2.48704 2.01501 1.72706 1.9492 1.72544 1.87839 1.71139 1.69456 1.63371 1.82311 1.60187 1.58594 2.03186 1.58098 1.53482 3.40077 1.52734 1.60162 1.77801 2.13935
threshold=22.500000000000004 7.5000000000000009 43.60571307918071 277.00000000000006 2.0939217757954247 2.8531236761025296 2.5000000000000004 2.8408173346488366 0.54557250626038811 31.500000000000004 253.00000000000003 0.10221897541848368 0.31865226850985406 -1.691767014093873 1.9076461104355007 -1.2218905403000824 0.40435014488386795 0.54281430725404911 1.0000000180025095e-35 4.3902723699348538 0.78296222153833572 1.4919508992634121 6.5000000000000009 34.500000000000007 9.0010374211052042 -0.79697630201178449 26.500000000000004 4.5724882964329003 0.054980287780249888 185.00000000000003
decision_type=2 2 2 2 2 2 2 2 2 2 2 2 2 2 2 2 2 2 2 2 2 2 2 2 2 2 2 2 2 2
left_child=-1 18 5 -4 -5 9 -7 16 -9 10 -3 12 13 -11 20 -16 -8 -18 -2 24 -15 -17 -23 -19 26 -26 27 -20 -29 -30
right_child=1 2 3 4 -6 6 7 8 -10 11 -12 -13 -14 14 15 21 17 23 19 -21 -22 22 -24 -25 25 -27 -28 28 29 -31
leaf_value=9.7864019541009351e-06 0.00034640665658001665 -5.2985403978144002e-07 0.0020793673202904972 0.0082600074590716537 -0.026392450372291418 0.003559445236190598 0.0068387907658780979 0.0058173696282415553 -0.028921168126416416 0.0050271893246304974 0.0020907931789365063 2.3223118231682089e-05 -0.00075899874264116502 -0.037430776820328825 -0.10530167019038504 -0.0012782530717557411 0.0034382349800620017 -0.0025617962235184332 0.0010149327115051838 0.0096737198577082802 0.0011648788306728205 -0.00064103824913044124 -0.052117622160081138 0.0012247741134406201 0.0072638778676313263 -0.074937597990962862 -0.03683387640540875 -0.0025067451882472627 -0.0025090981698885442 0.00011528894928974475
leaf_weight=218789 2397 4169 21301 531 99 242 218 53 93 222 400 2305 998 130 95 346 305 556 1244 182 232 106 183 518 50 61 149 1119 2947 3605
leaf_count=218789 2397 4169 21301 531 99 242 218 53 93 222 400 2305 998 130 95 346 305 556 1244 182 232 106 183 518 50 61 149 1119 2947 3605
internal_value=5.55671e-05 0.000298957 0.000556462 0.000871369 0.00365079 -6.17671e-05 0.00125945 0.000676994 -0.00609589 -0.000347268 0.000358941 -0.00104613 -0.0020891 -0.00328006 -0.00414835 -0.00554795 0.00129618 0.000645395 -0.000426238 -0.000724591 -0.00132597 -0.00456693 -0.00730104 -0.000288641 -0.000822888 -0.00666667 -0.000751324 -0.000667414 -0.000937296 -0.000622711
internal_weight=263645 44856 33102 21931 630 11171 1985 1743 146 9186 4569 4617 2312 1314 1092 730 1597 1379 11754 9357 362 635 289 1074 9175 111 9064 8915 7671 6552
internal_count=263645 44856 33102 21931 630 11171 1985 1743 146 9186 4569 4617 2312 1314 1092 730 1597 1379 11754 9357 362 635 289 1074 9175 111 9064 8915 7671 6552
is_linear=0
shrinkage=0.05


Tree=174
num_leaves=31
num_cat=0
split_feature=28 3 18 18 29 16 29 15 1 6 9 29 24 7 18 27 17 0 28 16 18 29 28 3 1 29 22 17 18 0
split_gain=1.32025 1.30716 2.55095 1.56131 1.51321 1.41138 2.2133 1.14101 1.82992 1.26351 1.19886 1.19447 2.19266 2.53393 1.64655 1.58994 1.98797 1.93411 1.55333 1.43005 2.3736 2.56926 1.59693 1.85963 1.23846 1.17299 1.67836 1.50108 1.37326 1.1727
threshold=30.500000000000004 -1.1483047881398265 41.280443992448596 66.380264837857311 -0.29976924049999526 0.066393472442230955 -0.079601987813108552 10.500000000000002 301.00000000000006 0.04061927638801887 0.53434359160792144 -1.0546084750942197 14.500000000000002 0.55057793637233676 33.275138505876264 18.500000000000004 6.5000000000000009 4.5989605807911609 21.500000000000004 1.8265939905570898 66.380264837857311 -1.3267258088422953 15.500000000000002 -0.84677781986561651 169.00000000000003 -0.10693060515370321 23.500000000000004 5.5000000000000009 6.3629099779192284 4.3895594239587075
decision_type=2 2 2 2 2 2 2 2 2 2 2 2 2 2 2 2 2 2 2 2 2 2 2 2 2 2 2 2 2 2
left_child=7 2 4 5 -2 6 -3 9 29 10 25 12 13 14 -11 17 -17 24 -16 -19 22 -22 23 -21 -14 26 -1 28 -28 -9
right_child=1 3 -4 -5 -6 -7 -8 8 -10 11 -12 -13 15 -15 18 16 -18 19 -20 20 21 -23 -24 -25 -26 -27 27 -29 -30 -31
leaf_value=0.0014814060588958294 -0.071934693338812722 -0.00063613147863408664 0.022098681253650544 -0.07851072766166943 0.0075380791068434391 0.0030191666349189345 -0.045497664123449084 0.0026888106462730349 -0.002063799127343511 0.0074464786933378831 -0.022106008505369937 1.7582374610892303e-05 0.0030608184963501826 -0.0028001258040799004 0.011878055570843059 0.0048898488997408326 -0.00064780627865033047 -0.003880075041111191 -0.047416597255328527 -0.03756127660423482 0.020979938930993702 -0.11395696959847335 0.015471211777546196 0.015905832569931538 -0.054965898316140849 0.0026397799551658007 0.0073266451616471294 -0.059807765751288336 -0.036733375945142172 -0.00048882962633875764
leaf_weight=526 409 589 154 105 103 7218 99 932 100 2187 55 196051 114 11419 153 2629 729 1777 69 379 126 67 1777 107 387 325 71 76 55 35076
leaf_count=526 409 589 154 105 103 7218 99 932 100 2187 55 196051 114 11419 153 2629 729 1777 69 379 126 67 1777 107 387 325 71 76 55 35076
internal_value=3.5397e-05 0.000641927 -0.00148649 0.000818874 -0.00318359 0.000899317 -0.00126453 1.47735e-05 -0.000245652 5.76961e-05 0.00174188 4.9135e-05 0.000399179 1.66329e-05 0.00149024 0.00105289 0.00188505 0.000462611 -0.00261261 0.0008103 0.00159202 -0.00373057 0.00204596 -0.000493827 -0.00247505 0.00211776 0.00100275 -0.00287129 0.00047619 -0.000226894
internal_weight=263864 8677 666 8011 512 7906 688 255187 36108 219079 1108 217971 21920 13828 2409 8092 3358 4734 222 4233 2456 193 2263 486 501 1053 728 202 126 36008
internal_count=263864 8677 666 8011 512 7906 688 255187 36108 219079 1108 217971 21920 13828 2409 8092 3358 4734 222 4233 2456 193 2263 486 501 1053 728 202 126 36008
is_linear=0
shrinkage=0.05


Tree=175
num_leaves=31
num_cat=0
split_feature=16 0 5 18 14 18 22 15 12 18 3 19 19 4 5 12 12 1 24 0 3 27 1 22 20 5 6 4 4 23
split_gain=1.96572 2.06153 2.19579 1.75908 1.75951 2.55907 1.65645 5.70118 2.14529 3.48023 1.77851 1.77006 1.71162 1.61129 1.72324 1.57283 1.56934 1.55909 1.35787 3.5893 1.97737 2.33657 2.04705 1.9481 1.76461 2.67468 1.53277 1.4991 2.40146 1.43349
threshold=1.9193247128032682 5.0517303177099064 0.7927719893309938 5.6117468613232733 1.7379886795612647 13.953767183741615 2.5000000000000004 1.0000000180025095e-35 2.8933516997180186 50.504317098060362 -0.95082187666358509 17.271031546443897 36.936762974437904 0.055454571609730628 4.6376225286061077 0.33498101978704492 0.073905492252680907 149.00000000000003 1.5000000000000002 4.6098625740792736 -0.57792416978614225 25.500000000000004 217.00000000000003 5.5000000000000009 0.093246804062998193 0.63143743695242838 0.094806816002675501 0.25048996713075433 0.15667436118434777 5.5000000000000009
decision_type=2 2 2 2 2 2 2 2 2 2 2 2 2 2 2 2 2 2 2 2 2 2 2 2 2 2 2 2 2 2
left_child=18 2 3 16 5 -5 7 11 -9 10 -10 -4 -13 14 -8 17 -2 -15 19 -1 21 -21 -23 -24 25 -22 -20 28 -26 -29
right_child=1 -3 6 4 -6 -7 13 8 9 -11 -12 12 -14 15 -16 -17 -18 -19 26 20 24 22 23 -25 27 -27 -28 29 -30 -31
leaf_value=0.0041057324166343312 -0.0040504140800857319 0.0025072763669681513 0.0031415339976157679 -0.056335455599291609 -0.0028829750978916864 -0.0037578049288524117 0.0012069744631761597 0.0034313432383527849 0.0057899368071420666 -0.077757884941367539 -0.029566833140777501 -0.082086164721017943 -0.025439706674461205 -0.023679300008842909 0.010234800059697829 -7.0791036806890727e-05 0.0029413630208485848 -0.0050648274487404069 0.00074327969459796195 -7.387750684694977e-05 -0.00155877010911087 -0.046075987232572502 -0.0019105193676164098 0.00038663782414184283 0.0015339388958505512 0.0025450527921481339 -0.00013409910278676257 0.0050377290855003649 -0.0069711408069325111 -0.0016639768153920759
leaf_weight=945 60 3046 96 67 2233 188 37423 1850 294 87 178 138 823 72 316 213 272 58 12571 1423 2054 246 92 233 2341 1175 193979 634 190 57
leaf_count=945 60 3046 96 67 2233 188 37423 1850 294 87 178 138 823 72 316 213 272 58 12571 1423 2054 246 92 233 2341 1175 193979 634 190 57
internal_value=4.57179e-05 0.000337242 0.000250856 -0.00109929 -0.00155547 -0.0054902 0.000342495 -0.000703982 0.000639269 -0.00207513 -0.000381356 -0.00376537 -0.00441207 0.00043774 0.000468746 -0.00297376 0.00231928 -0.00730769 -1.82921e-05 0.000569755 0.000242747 -0.0011334 -0.00383538 -0.00123077 0.000668113 -0.000157944 -4.50254e-05 0.00149597 0.000932438 0.00356006
internal_weight=263354 47414 44368 2820 2488 255 41548 3466 2409 559 472 1057 961 38082 37739 343 332 130 215940 9390 8445 1994 571 325 6451 3229 206550 3222 2531 691
internal_count=263354 47414 44368 2820 2488 255 41548 3466 2409 559 472 1057 961 38082 37739 343 332 130 215940 9390 8445 1994 571 325 6451 3229 206550 3222 2531 691
is_linear=0
shrinkage=0.05


Tree=176
num_leaves=31
num_cat=0
split_feature=18 27 5 14 18 6 4 9 1 5 9 5 4 14 29 1 13 5 19 0 17 7 27 23 3 19 4 22 1 20
split_gain=1.45195 1.10788 2.60884 1.41331 1.42687 2.19653 1.22154 2.83747 1.28593 1.81767 1.47001 1.17896 1.42633 1.24508 1.38162 1.25345 1.17886 1.09392 2.05797 1.75004 1.71954 1.95514 1.54765 1.39958 1.61404 2.16529 2.00105 1.96864 2.09307 1.72351
threshold=72.055489930407177 1.0000000180025095e-35 1.5965403567415211 3.6453913440361085 7.7666708361089514 0.52194417089814338 0.13219339111216913 0.57298416891421733 161.00000000000003 0.68180530810032758 0.58608329077998478 0.35964551885601487 0.015261923683561348 0.35478854425713918 0.19936444769259018 237.00000000000003 0.33821305424840803 0.56468755082207389 57.682278571424497 4.5649191543146843 3.5000000000000004 0.27613375676149005 30.500000000000004 1.5000000000000002 0.25465810915636761 5.6153368216153678 0.36760723639403742 30.500000000000004 205.00000000000003 0.092600181285146202
decision_type=2 2 2 2 2 2 2 2 2 2 2 2 2 2 2 2 2 2 2 2 2 2 2 2 2 2 2 2 2 2
left_child=1 2 3 4 11 6 8 -8 9 10 -6 12 -1 14 15 -14 -10 18 23 -20 -19 22 -22 24 -3 -26 29 -28 -29 -27
right_child=-2 17 -4 -5 5 -7 7 -9 16 -11 -12 -13 13 -15 -16 -17 -18 20 19 -21 21 -23 -24 -25 25 26 27 28 -30 -31
leaf_value=-0.0023007933686844777 -0.029272740339354661 0.00016980687807671143 0.014415284567285814 0.011657574362568467 0.0034923180075761666 0.0026532511256435487 -0.018115129521466617 -0.0028635496482724812 0.0026347859540179677 -0.023863822671863627 -0.0081918377957250609 -0.00019014195937824992 -0.0010084535824816698 0.0035330812821127741 0.0042508988661263446 -0.0051780297113062741 -0.0056115893073187565 -0.00094682438080807146 0.0068778586734360297 0.0045609487939551928 -0.0020288226143891489 0.00034099591433808866 0.0066724491831423663 0.00061358506717992638 -0.0075442747408026173 -0.0032486680410600218 0.0019343633767839948 0.0016387017899946749 -0.025078858676492323 -0.00037098994127223654
leaf_weight=262 2073 6481 123 83 134 267 51 217 205 62 131 59109 151 861 96 57 122 16377 437 2840 2977 142801 106 24603 77 993 1105 63 52 808
leaf_count=262 2073 6481 123 83 134 267 51 217 205 62 131 59109 151 861 96 57 122 16377 437 2840 2977 142801 106 24603 77 993 1105 63 52 808
internal_value=5.41854e-05 6.46281e-05 -0.000120134 -0.00013461 -0.000143378 -0.0018587 -0.00301518 -0.00585821 -0.00185015 -0.00406728 -0.00226415 -0.000109687 0.00131044 0.00206009 -0.000690789 -0.00298077 0.000366972 0.000121921 0.000365466 0.0015624 6.56966e-05 0.000120233 -0.00112553 0.000250717 -0.000262032 -0.00120077 -0.000989739 0.000573771 -0.00565217 -0.00204886
internal_weight=263724 261651 61931 61808 61725 1189 922 268 654 327 265 60536 1427 1165 304 208 327 199720 37459 3277 162261 145884 3083 34182 9579 3098 3021 1220 115 1801
internal_count=263724 261651 61931 61808 61725 1189 922 268 654 327 265 60536 1427 1165 304 208 327 199720 37459 3277 162261 145884 3083 34182 9579 3098 3021 1220 115 1801
is_linear=0
shrinkage=0.05


Tree=177
num_leaves=31
num_cat=0
split_feature=0 27 22 0 24 29 29 13 12 29 27 5 4 19 5 8 3 6 27 12 15 5 19 22 16 13 22 16 24 23
split_gain=1.09348 1.67723 1.29669 1.04947 1.67093 1.56078 1.44778 1.03331 1.03241 1.113 1.10658 0.980385 0.96414 1.55508 1.09009 1.08759 1.08737 0.955039 1.22936 1.12641 1.6129 1.4344 1.27784 1.73214 1.51486 1.4345 1.74285 1.23402 1.24562 1.26581
threshold=4.3895594239587075 23.500000000000004 21.500000000000004 5.6639013355751313 11.500000000000002 0.35441858460372855 -0.29976924049999526 0.094311394975942958 1.3261992404697041 -1.5062216332329936 22.500000000000004 1.3863692971547981 0.022798767839628673 14.217910377695636 0.75544060075152986 0.51330427728661043 0.004111449187599845 2.6742267498477394 28.500000000000004 4.0891328792704167 2.5000000000000004 1.2080310487157713 22.949364118069074 1.5000000000000002 5.8599370567950073 1.3291452827411223 10.500000000000002 2.9622443243887377 15.500000000000002 1.5000000000000002
decision_type=2 2 2 2 2 2 2 2 2 2 2 2 2 2 2 2 2 2 2 2 2 2 2 2 2 2 2 2 2 2
left_child=1 2 8 17 5 6 -5 -6 9 -1 11 -11 13 16 -14 -15 -8 19 -19 -2 22 -22 24 -24 25 26 -21 -25 29 -29
right_child=3 -3 -4 4 7 -7 12 -9 -10 10 -12 -13 14 15 -16 -17 -18 18 -20 20 21 -23 23 27 -26 -27 -28 28 -30 -31
leaf_value=0.024554059027740431 9.5754555964482763e-05 -0.00051914845035299902 -0.0058385614998471835 -0.0058324905198503842 0.0038664596755105586 -0.012687149933519793 -0.0013171337141748716 0.0013245101845661524 0.0097463704562241668 0.0035266858676743736 0.011794434247194467 -0.013813285075441762 0.0016762814097487028 -0.021712950182252781 0.0093077400683644288 -1.1160288584895116e-05 0.0066403089681746387 0.0044216421626056086 -0.03064807699074594 -0.0012093974402345939 -0.037616341750856611 -0.022156324662420603 -0.055337538896090194 0.0057238712169415092 0.0043048206305235535 0.004608114918588503 -0.055819292880048194 0.0097476525320977329 0.0034339939445592136 -0.024686411922888424
leaf_weight=65 254072 890 81 93 421 96 125 884 216 580 76 104 148 54 74 65 77 1801 175 76 97 652 116 564 74 62 146 280 1245 691
leaf_count=65 254072 890 81 93 421 96 125 884 216 580 76 104 148 54 74 65 77 1801 175 76 97 652 116 564 74 62 146 280 1245 691
internal_value=6.64521e-05 0.00122763 0.00251337 5.75379e-05 0.00118802 -0.000724044 0.000172956 0.00226054 0.00298751 0.00218182 0.00164474 0.00100877 0.00116022 -0.0005919 0.00369369 -0.00512605 0.00207921 4.86828e-05 0.00114372 4.02984e-05 -0.000791906 -0.00288385 -0.000310387 3.79834e-05 -0.00312849 -0.00478873 -0.00666667 0.00028777 -0.000243682 -0.00158599
internal_weight=264100 2012 1122 262088 2037 732 636 1305 1041 825 760 684 543 321 222 119 202 260051 1976 258075 4003 749 3254 2896 358 284 222 2780 2216 971
internal_count=264100 2012 1122 262088 2037 732 636 1305 1041 825 760 684 543 321 222 119 202 260051 1976 258075 4003 749 3254 2896 358 284 222 2780 2216 971
is_linear=0
shrinkage=0.05


Tree=178
num_leaves=31
num_cat=0
split_feature=0 26 24 5 28 21 20 0 24 19 0 8 0 16 1 23 9 1 2 14 28 24 24 16 11 1 3 3 2 0
split_gain=1.53367 1.45453 2.26071 1.73461 2.11965 2.4289 2.10961 1.8645 1.58429 2.12882 1.95108 1.4535 1.40577 1.38626 1.34398 2.0518 2.21871 2.3873 1.8325 1.81295 1.3414 2.08273 2.51507 2.03728 2.07197 2.03633 3.37638 1.80126 1.87577 1.65222
threshold=5.6639013355751313 1.0000000180025095e-35 11.500000000000002 3.3465682936610741 18.500000000000004 28.500000000000004 0.70764853747545586 5.6049807601895782 24.500000000000004 17.900391597266253 4.6982027489592868 0.71573582783772294 4.8751815933909866 2.1080384028709802 177.00000000000003 1.5000000000000002 0.57086983094539701 205.00000000000003 0.24119761573734219 0.99619814547099561 20.500000000000004 21.500000000000004 2.5000000000000004 0.0019275665623075587 0.20416471067950068 285.00000000000006 -0.86139363135592462 0.50151335931805185 -0.033810224491907188 5.2192758234586298
decision_type=2 2 2 2 2 2 2 2 2 2 2 2 2 2 2 2 2 2 2 2 2 2 2 2 2 2 2 2 2 2
left_child=1 20 3 4 7 -6 12 11 -4 14 -11 -3 13 -7 -10 16 -16 18 -18 -19 -1 22 25 24 -23 -22 -27 28 -25 -24
right_child=-2 2 8 -5 5 6 -8 -9 9 10 -12 -13 -14 -15 15 -17 17 19 -20 -21 21 23 29 27 -26 26 -28 -29 -30 -31
leaf_value=3.1563668984673528e-05 0.0014315684113563071 0.00062159097486398477 0.0002138641968772942 0.032648679495918646 -0.033906776894394246 0.00067529047182173451 -0.0046355558336573597 -0.010951431431214036 0.0024643922054623283 0.00061536894352736131 -0.016763742282024079 -0.0073745176088661091 -0.032142326359699012 -0.053234085875147066 -0.0010785347478418665 0.0017302159801236517 -0.013806120413289078 -0.011211506593741979 0.0063657869404904442 -0.003084339095251497 0.0070981851849771065 -0.041397538057418554 -5.1596851201787975e-05 0.003747884038457207 0.0094622242129549367 -0.094909788924801619 0.01349820555250689 -0.015318697324770961 0.0060248537846614957 0.013423494056130459
leaf_weight=198321 2018 666 12294 55 58 60 236 78 977 859 2225 107 54 52 470 777 53 102 77 73 2225 65 31520 9136 50 72 52 184 481 308
leaf_count=198321 2018 666 12294 55 58 60 236 78 977 859 2225 107 54 52 470 777 53 102 77 73 2225 65 31520 9136 50 72 52 184 481 308
internal_value=5.40377e-05 4.34489e-05 -0.000374617 -0.00233529 -0.00270023 -0.00543478 -0.00405473 -0.00122209 -0.000225052 -0.000921076 -0.00180285 -0.000478655 -0.00837349 -0.00517857 0.000154211 -0.000760309 -0.00258065 -0.00590164 -0.000769231 -0.00971429 7.6687e-05 0.000326129 0.000141031 0.000964098 -0.00565217 0.00171988 -0.00451613 0.00104173 0.00113549 2.45067e-05
internal_weight=263705 261687 19273 1366 1311 460 402 851 17907 5613 3084 773 166 112 2529 1552 775 305 130 175 242414 44093 34177 9916 115 2349 124 9801 9617 31828
internal_count=263705 261687 19273 1366 1311 460 402 851 17907 5613 3084 773 166 112 2529 1552 775 305 130 175 242414 44093 34177 9916 115 2349 124 9801 9617 31828
is_linear=0
shrinkage=0.05


Tree=179
num_leaves=31
num_cat=0
split_feature=6 22 16 5 13 19 20 13 0 13 13 5 14 24 29 20 13 13 11 0 29 4 14 8 7 4 6 28 20 24
split_gain=1.57867 1.43511 1.29786 1.67857 1.61909 1.42509 1.34428 1.59069 1.35387 1.35365 1.48737 1.25494 1.39536 1.29779 1.56377 1.76006 1.53404 1.4099 1.19111 1.4186 1.18597 2.12113 1.64528 2.5182 2.25775 1.94902 1.92354 2.11512 1.84523 1.64301
threshold=1.5395601336132285 27.500000000000004 8.425911474463307 1.4806925856081146 1.7611445145961853 7.0623524330175753 0.71268007168665759 5.0023541811799817 4.8576412516912386 0.21546865792345407 0.98627143117277771 0.36955847803969871 1.4138201471629561 9.5000000000000018 0.22500663357114783 0.16274048506209068 0.1063639330979526 1.0095369261407827 0.19034427810396096 4.6676560430519158 -0.13745828384435174 0.075215567670207165 1.5223593659663242 0.76844772505053216 0.94696005558302443 -0.45009688409743603 0.40314770423535973 1.5000000000000002 0.12145349056145167 3.5000000000000004
decision_type=2 2 2 2 2 2 2 2 2 2 2 2 2 2 2 2 2 2 2 2 2 2 2 2 2 2 2 2 2 2
left_child=11 -2 3 5 -4 -3 7 9 -8 -7 -11 12 13 -1 16 -16 -15 -18 -12 -20 21 -13 23 24 26 -26 27 -22 -28 -23
right_child=1 2 4 -5 -6 6 8 -9 -10 10 18 20 -14 14 15 -17 17 -19 19 -21 22 29 -24 -25 25 -27 28 -29 -30 -31
leaf_value=0.0027256016475775461 0.0017299275189979119 -0.081511044272528296 -0.020733734225662936 0.0043746396588484632 -0.099732516861749748 -0.10544304277440034 -0.017461188617700782 -0.068096591134861467 0.02098570292467896 0.01266437155984286 -0.073084974113663478 0.00015422937530163325 0.0039120467886937507 0.0032063248397798481 0.0034441082962638654 -0.0045332863058153618 -0.0019046089536047684 0.0040900031898804395 -0.06999260634050064 0.0029316422680496319 0.00057946425143832613 -0.0018438085816493901 0.00039598940931306382 -0.0012761033514255603 -0.012485609086067313 -0.05311512035409241 -0.00080080265563731547 -0.00026412517332906685 0.00026493011783369227 0.0013755375517846156
leaf_weight=997 13379 56 102 1788 52 78 74 50 110 221 53 103512 423 375 523 78 1642 76 95 225 25090 982 28647 10359 1517 57 22135 29164 10778 11116
leaf_count=997 13379 56 102 1788 52 78 74 50 110 221 53 103512 423 375 523 78 1642 76 95 225 25090 982 28647 10359 1517 57 22135 29164 10778 11116
internal_value=6.23308e-05 0.000539213 -0.00046832 -0.000218182 -0.00493507 -0.00190229 -0.00142384 -0.00239612 0.0023913 -0.00175595 -0.000942761 3.09531e-05 0.000896937 0.000585207 1.48478e-05 0.0022629 -0.000630674 -0.0012631 -0.00286863 -0.00171875 1.63135e-05 0.000132341 -8.86909e-05 -0.000185167 -9.90523e-05 -0.00197586 -6.51623e-05 0.000117779 -0.000366724 0.000758803
internal_weight=263754 16283 2904 2750 154 962 906 722 184 672 594 247471 4114 3691 2694 601 2093 1718 373 320 243357 115610 127747 99100 88741 1574 87167 54254 32913 12098
internal_count=263754 16283 2904 2750 154 962 906 722 184 672 594 247471 4114 3691 2694 601 2093 1718 373 320 243357 115610 127747 99100 88741 1574 87167 54254 32913 12098
is_linear=0
shrinkage=0.05


Tree=180
num_leaves=31
num_cat=0
split_feature=29 24 16 12 14 5 7 28 27 27 24 27 29 18 18 18 27 21 16 21 5 12 19 14 7 5 12 5 7 9
split_gain=1.12904 1.47067 1.29491 1.47381 1.23282 1.2045 1.50989 1.95677 1.33638 1.14317 1.20214 2.13073 1.87499 1.7772 1.67937 1.59687 1.58139 1.43266 1.47576 1.42944 1.62861 1.31823 2.18722 2.33508 1.31432 1.53669 1.29434 1.65929 1.62634 2.70342
threshold=-1.9534123769382994 10.500000000000002 5.2250839448840321 0.52695333909106656 12.170365494167324 2.7214228453369067 1.2571049578186881 23.500000000000004 9.5000000000000018 3.5000000000000004 8.5000000000000018 26.500000000000004 -3.6915046855524722 19.505212689514291 17.131166962195127 3.1903929599810659 25.500000000000004 31.500000000000004 1.3343746847726832 30.500000000000004 1.5173301227720761 0.075889935982454887 27.871945639996966 2.3763063357452494 0.89503252676652878 1.3030995328642754 0.15083222320180192 1.9445920004237425 1.0678070014331265 0.53844113811767125
decision_type=2 2 2 2 2 2 2 2 2 2 2 2 2 2 2 2 2 2 2 2 2 2 2 2 2 2 2 2 2 2
left_child=1 4 5 -4 9 6 -3 8 -8 -1 11 15 14 21 17 -11 26 18 -12 20 -13 -14 23 -23 25 -24 -17 -28 29 -29
right_child=-2 2 3 -5 -6 -7 7 -9 -10 10 12 19 13 -15 -16 16 -18 -19 -20 -21 -22 22 24 -25 -26 -27 27 28 -30 -31
leaf_value=0.0085877173430590949 5.9979324406244024e-05 0.0076335707646954009 -0.014278263220797253 0.024879956878430837 -0.094812136933951477 0.017906391848055148 -0.035063736575300056 0.011499974782544262 -0.017371719676535193 -0.047873171953081592 -0.079631913340330318 0.016511417807494728 0.0065389462280958117 0.015006106521351188 -0.1032850810076333 0.021427760131313381 -0.0967205811986772 -0.092292920115344401 0.035948255067629678 0.020333875550530917 -0.082029876713450092 -0.087870901322240985 0.0044552965760781696 -0.022526422682953733 0.016856593523262547 -0.056788869561645652 0.0026804394840613155 -0.20737755263780289 0.0070874504915781015 -0.016367369663781661
leaf_weight=1363 253922 2305 78 185 70 117 62 114 104 291 53 94 156 432 182 563 99 57 67 946 51 56 78 69 108 62 1287 75 124 111
leaf_count=1363 253922 2305 78 185 70 117 62 114 104 291 53 94 156 432 182 563 99 57 67 946 51 56 78 69 108 62 1287 75 124 111
internal_value=5.79609e-05 0.000597286 0.00151771 0.00486692 0.000170472 0.00119171 0.000967118 -0.0025 -0.00596386 0.000243517 -0.000108849 0.000359791 -0.00140152 -0.00024974 -0.00448468 -0.000431373 1.7707e-05 -0.00101695 0.00208333 0.00220898 -0.00241379 -0.00219282 -0.00380697 -0.0092 -0.00108871 -0.00428571 0.000300926 -0.000425798 -0.00370968 -0.00666667
internal_weight=263281 9359 2965 263 6394 2702 2585 280 166 6324 4961 3641 1320 961 359 2550 2259 177 120 1091 145 529 373 125 248 140 2160 1597 310 186
internal_count=263281 9359 2965 263 6394 2702 2585 280 166 6324 4961 3641 1320 961 359 2550 2259 177 120 1091 145 529 373 125 248 140 2160 1597 310 186
is_linear=0
shrinkage=0.05


Tree=181
num_leaves=31
num_cat=0
split_feature=11 28 12 1 15 28 0 21 15 6 29 7 12 0 19 16 4 10 9 6 28 23 23 28 29 29 7 20 5 16
split_gain=1.4696 1.51901 1.48783 1.8608 1.64434 1.36019 2.01123 1.97831 1.6151 1.65128 1.48708 1.68871 1.62517 1.50032 1.74369 1.48161 1.43056 1.31952 1.54215 1.36527 1.29115 1.75835 1.90245 2.10796 1.53637 1.51969 1.94848 1.56941 1.41502 1.38418
threshold=0.68523801880228752 32.500000000000007 0.093161633204498343 301.00000000000006 8.5000000000000018 21.500000000000004 5.2067576393223733 59.500000000000007 10.500000000000002 0.19209988291272687 -0.74406408122561807 0.35946854717078042 1.2846297319829549 4.5563455921752096 21.0638892258123 0.04712129531109268 0.13757764131200065 0.11666666666666668 0.54933270054627215 0.089147974015846856 16.500000000000004 2.5000000000000004 1.5000000000000002 28.500000000000004 -0.47249933133932337 -0.30685480284904904 0.51398530119381369 0.70857181380311984 0.39357389656109359 0.3726819646989748
decision_type=2 2 2 2 2 2 2 2 2 2 2 2 2 2 2 2 2 2 2 2 2 2 2 2 2 2 2 2 2 2
left_child=2 -2 3 20 -5 7 -7 8 9 -4 11 -11 -12 14 -14 -13 -17 -10 19 -19 -1 22 -22 24 -24 26 -26 -28 -23 -30
right_child=1 -3 5 4 -6 6 -8 -9 17 10 12 15 13 -15 -16 16 -18 18 -20 -21 21 28 23 -25 25 -27 27 -29 29 -31
leaf_value=0.00048794085992558589 0.00043607129052948405 0.0036688601513626706 0.00098665300640906565 -0.0008795209573931054 -0.0019433424749023553 0.001086502334075738 0.012499068056549399 0.0074345839136980667 0.00085820321849342277 0.0089137016451126382 -0.00017526274935684578 -0.021418939925886969 -0.021856447849392075 -0.0014780137416688782 -0.0030734350959643079 0.00098774767708941359 0.013602939793145877 0.0040200605773835964 -0.002525241810554516 -0.0013231253386872628 -0.0015385113077073223 0.012747158597933664 -0.010419595422910795 0.0025269950005795457 -0.022294219265989224 -0.020263024123365128 -0.079717653317751644 -0.045508262973067364 -0.0032527762026819101 0.0043406267662650681
leaf_weight=33950 57435 1316 8920 92 66 22709 332 113 2120 302 84389 56 54 10604 316 13147 65 464 3098 10798 3862 73 779 456 78 544 58 63 3147 4357
leaf_count=33950 57435 1316 8920 92 66 22709 332 113 2120 302 84389 56 54 10604 316 13147 65 464 3098 10798 3862 73 779 456 78 544 58 63 3147 4357
internal_value=4.523e-05 0.000265698 -1.79502e-05 0.000227249 -0.00518987 -9.19441e-05 0.000263009 -0.000152775 -0.000158338 -9.35063e-05 -0.000147063 0.000342668 -0.000216751 -0.000789138 -0.00391892 0.000258517 0.000292916 -0.000621966 -0.000793872 -0.00052211 0.000245318 -0.000169934 -0.000821918 -0.00208291 -0.00297635 -0.00460296 -0.00834171 -0.012314 0.000332585 0.000265192
internal_weight=263763 58751 205012 47525 158 157487 23041 134446 134333 117853 108933 13570 95363 10974 370 13268 13212 16480 14360 11262 47367 13417 5840 1978 1522 743 199 121 7577 7504
internal_count=263763 58751 205012 47525 158 157487 23041 134446 134333 117853 108933 13570 95363 10974 370 13268 13212 16480 14360 11262 47367 13417 5840 1978 1522 743 199 121 7577 7504
is_linear=0
shrinkage=0.05


Tree=182
num_leaves=31
num_cat=0
split_feature=18 3 28 23 0 0 5 0 29 3 13 11 27 22 18 29 0 17 21 3 18 23 21 19 18 18 0 0 5 13
split_gain=1.64509 1.36111 1.55231 1.88319 1.76254 1.82573 1.29082 1.14092 1.15763 1.7824 1.09652 1.0784 1.07775 3.17087 2.79024 2.43256 2.53426 2.7856 1.99133 1.94953 2.36233 2.27474 1.87928 2.45705 2.5084 2.44213 2.08742 2.70863 1.85738 1.80153
threshold=1.0040241493716906 -0.51475799797007971 7.5000000000000009 1.0000000180025095e-35 4.973239364658367 4.6750101137906439 0.4120389336230163 5.6757271873972215 -0.032588745168430917 0.092002096578333067 0.19469042928580327 1.2005362815580594 24.500000000000004 14.500000000000002 13.465590563590967 -0.62662308157277502 5.0258752632043366 6.5000000000000009 35.500000000000007 0.070466364595715661 7.9283622202937627 1.0000000180025095e-35 32.500000000000007 22.67454580729736 10.405471555763617 9.3195215921371357 4.735226183131064 4.5086161124671804 4.3892368686248622 3.3823721723844007
decision_type=2 2 2 2 2 2 2 2 2 2 2 2 2 2 2 2 2 2 2 2 2 2 2 2 2 2 2 2 2 2
left_child=1 11 4 -4 5 -3 -6 12 9 10 -9 -1 -2 22 19 16 17 18 29 20 21 -15 23 24 26 28 27 -14 -24 -16
right_child=7 2 3 -5 6 -7 -8 8 -10 -11 -12 -13 13 14 15 -17 -18 -19 -20 -21 -22 -23 25 -25 -26 -27 -28 -29 -30 -31
leaf_value=-4.3025749050760627e-06 -4.1190137998575841e-05 0.0037798605625684644 -0.0051282901545895961 0.0033849229654964678 -0.0033179927043650069 -0.015819403515233865 0.00088376746481361743 -0.0016655622463188737 0.0027072197647596951 -0.0034894359229712523 0.0055269683096141903 0.00185925904400646 0.0061095546842540576 -0.016455133991054961 0.0017504357005272749 0.0045150539117917721 0.0072695625033080752 -0.015062969752915122 0.0082461365091588551 0.0022222970644353857 -0.0017026598509711805 0.0013748797044173891 0.00052122266234427741 0.00070005428233837824 0.0017806014159434836 -0.0081513136985009432 -0.00069811455933077755 -0.0039987726662873476 -0.035296125568311014 -0.0573894748581684
leaf_weight=6566 218529 84 370 2227 172 201 2391 173 559 91 90 402 68 264 2094 7564 427 956 873 773 2264 1544 2961 6829 190 4380 399 342 128 176
leaf_count=6566 218529 84 370 2227 172 201 2391 173 559 91 90 402 68 264 2094 7564 427 956 873 773 2264 1544 2961 6829 190 4380 399 342 128 176
internal_value=4.87339e-05 0.00061065 0.00120294 0.00208702 0.00039677 -0.00333333 0.000811549 2.10193e-05 0.00178532 -0.000451977 0.00163498 0.000147819 1.45956e-05 0.0002845 0.000755831 0.00116212 0.00024525 -0.000136619 0.000582246 -0.000257998 -0.00069499 0.000652655 -0.000237301 0.000304037 -0.00201201 -0.000804659 -0.00322621 -0.00573171 0.000271933 -0.000198238
internal_weight=264087 12413 5445 2597 2848 285 2563 251674 913 354 263 6968 250761 32232 16935 12090 4526 4099 3143 4845 4072 1808 15297 7828 999 7469 809 410 3089 2270
internal_count=264087 12413 5445 2597 2848 285 2563 251674 913 354 263 6968 250761 32232 16935 12090 4526 4099 3143 4845 4072 1808 15297 7828 999 7469 809 410 3089 2270
is_linear=0
shrinkage=0.05


Tree=183
num_leaves=31
num_cat=0
split_feature=20 27 4 5 6 1 18 22 18 14 14 20 0 28 28 2 28 15 24 27 24 16 12 15 5 5 1 22 18 1
split_gain=1.15836 2.05296 1.92299 1.39353 1.09196 1.53121 1.54973 1.77334 1.53162 1.97073 2.11753 1.5019 1.43194 3.50934 2.6749 2.32954 2.2154 2.14563 2.01875 1.7393 1.70102 1.48137 2.23455 1.78799 2.32067 2.14491 1.46751 1.52799 2.10925 2.52237
threshold=0.25894401578423953 40.500000000000007 -0.56778403148787893 3.5459849956140679 0.2809993958336206 149.00000000000003 1.8250748663455971 1.5000000000000002 4.3149702784170527 0.78724009618565638 1.129763048746353 0.19082967965469391 4.7012900704448422 10.500000000000002 22.500000000000004 -0.95219010203812959 19.500000000000004 2.5000000000000004 6.5000000000000009 10.500000000000002 15.500000000000002 0.67290244773508401 4.4595888404849635 16.500000000000004 1.3762185003026113 1.4450547285963855 161.00000000000003 4.5000000000000009 25.51950395513769 209.00000000000003
decision_type=2 2 2 2 2 2 2 2 2 2 2 2 2 2 2 2 2 2 2 2 2 2 2 2 2 2 2 2 2 2
left_child=1 3 -2 4 -1 6 11 8 9 -8 -11 -6 13 26 -14 21 19 -18 -19 20 -17 22 23 24 -15 -25 -7 -28 -29 -30
right_child=2 -3 -4 -5 5 12 7 -9 -10 10 -12 -13 14 15 -16 16 17 18 -20 -21 -22 -23 -24 25 -26 -27 27 28 29 -31
leaf_value=0.00025764734518782397 0.0029715628404230273 -0.11577365982583894 0.00040775985447794668 0.0038187835777677595 0.00046305779203869408 -0.011905923768414456 -0.0081149109689344339 -0.0007282324217406604 -6.7225879630814728e-05 0.0047882975566727569 -0.0079789698262564164 -0.0037352318673543709 9.138685034176968e-06 -0.053856914376810186 0.0054103680629294746 -0.095377842342412922 -0.029378253063337731 0.020338353998099648 -0.0080521840111701052 -0.041914245152577766 -0.042148688949128613 -0.00019748401081405516 -0.055216919565480506 0.033444687764648276 0.016249635401136671 -0.05585371348048062 -0.0024518457456955516 0.0025033418587327699 -0.017895835464383458 0.0077181633380211893
leaf_weight=46042 543 77 65442 666 6624 234 194 26429 336 84 199 447 81774 258 7672 60 1089 358 2780 3355 74 8918 79 205 208 74 1473 3366 1909 2567
leaf_count=46042 543 77 65442 666 6624 234 194 26429 336 84 199 447 81774 258 7672 60 1089 358 2780 3355 74 8918 79 205 208 74 1473 3366 1909 2567
internal_value=4.13985e-05 -1.91849e-05 0.000222778 -1.60021e-05 -2.37287e-05 -8.88131e-05 -0.000382362 -0.000553557 -0.00285363 -0.00467505 -0.00201413 0.000277189 -2.31853e-06 -0.000321398 9.40232e-05 -0.000742926 -0.00139191 -0.000622191 4.14277e-05 -0.00232445 -0.00791045 -0.000228906 -0.00225728 -0.0014094 -0.00330472 0.00175627 0.000449262 0.000547504 0.000825045 0.000113941
internal_weight=263536 197551 65985 197474 196808 150766 34313 27242 813 477 283 7071 116453 27007 89446 17458 7716 4227 3138 3489 134 9742 824 745 466 279 9549 9315 7842 4476
internal_count=263536 197551 65985 197474 196808 150766 34313 27242 813 477 283 7071 116453 27007 89446 17458 7716 4227 3138 3489 134 9742 824 745 466 279 9549 9315 7842 4476
is_linear=0
shrinkage=0.05


end of trees

feature_importances:
Column_24=611
Column_0=605
Column_29=371
Column_18=344
Column_27=343
Column_22=278
Column_1=213
Column_5=204
Column_28=199
Column_4=186
Column_21=180
Column_23=171
Column_17=169
Column_19=161
Column_7=152
Column_3=150
Column_16=137
Column_6=131
Column_26=128
Column_13=106
Column_2=105
Column_20=104
Column_12=95
Column_11=84
Column_14=84
Column_9=62
Column_15=57
Column_8=46
Column_10=33
Column_25=11

parameters:
[boosting: gbdt]
[objective: quantile]
[metric: quantile]
[tree_learner: serial]
[device_type: cpu]
[data_sample_strategy: bagging]
[data: ]
[valid: ]
[num_iterations: 2000]
[learning_rate: 0.05]
[num_leaves: 31]
[num_threads: 2]
[seed: 20261003]
[deterministic: 0]
[force_col_wise: 0]
[force_row_wise: 0]
[histogram_pool_size: -1]
[max_depth: -1]
[min_data_in_leaf: 50]
[min_sum_hessian_in_leaf: 0.001]
[bagging_fraction: 0.8]
[pos_bagging_fraction: 1]
[neg_bagging_fraction: 1]
[bagging_freq: 1]
[bagging_seed: 27986]
[bagging_by_query: 0]
[feature_fraction: 0.8]
[feature_fraction_bynode: 1]
[feature_fraction_seed: 26999]
[extra_trees: 0]
[extra_seed: 5963]
[early_stopping_round: 0]
[early_stopping_min_delta: 0]
[first_metric_only: 0]
[max_delta_step: 0]
[lambda_l1: 0]
[lambda_l2: 0]
[linear_lambda: 0]
[min_gain_to_split: 0]
[drop_rate: 0.1]
[max_drop: 50]
[skip_drop: 0.5]
[xgboost_dart_mode: 0]
[uniform_drop: 0]
[drop_seed: 30954]
[top_rate: 0.2]
[other_rate: 0.1]
[min_data_per_group: 100]
[max_cat_threshold: 32]
[cat_l2: 10]
[cat_smooth: 10]
[max_cat_to_onehot: 4]
[top_k: 20]
[monotone_constraints: ]
[monotone_constraints_method: basic]
[monotone_penalty: 0]
[feature_contri: ]
[forcedsplits_filename: ]
[refit_decay_rate: 0.9]
[cegb_tradeoff: 1]
[cegb_penalty_split: 0]
[cegb_penalty_feature_lazy: ]
[cegb_penalty_feature_coupled: ]
[path_smooth: 0]
[interaction_constraints: ]
[verbosity: -1]
[saved_feature_importance_type: 0]
[use_quantized_grad: 0]
[num_grad_quant_bins: 4]
[quant_train_renew_leaf: 0]
[stochastic_rounding: 1]
[linear_tree: 0]
[max_bin: 255]
[max_bin_by_feature: ]
[min_data_in_bin: 3]
[bin_construct_sample_cnt: 200000]
[data_random_seed: 5357]
[is_enable_sparse: 1]
[enable_bundle: 1]
[use_missing: 1]
[zero_as_missing: 0]
[feature_pre_filter: 1]
[pre_partition: 0]
[two_round: 0]
[header: 0]
[label_column: ]
[weight_column: ]
[group_column: ]
[ignore_column: ]
[categorical_feature: ]
[forcedbins_filename: ]
[precise_float_parser: 0]
[parser_config_file: ]
[objective_seed: 10432]
[num_class: 1]
[is_unbalance: 0]
[scale_pos_weight: 1]
[sigmoid: 1]
[boost_from_average: 1]
[reg_sqrt: 0]
[alpha: 0.2]
[fair_c: 1]
[poisson_max_delta_step: 0.7]
[tweedie_variance_power: 1.5]
[lambdarank_truncation_level: 30]
[lambdarank_norm: 1]
[label_gain: ]
[lambdarank_position_bias_regularization: 0]
[eval_at: ]
[multi_error_top_k: 1]
[auc_mu_weights: ]
[num_machines: 1]
[local_listen_port: 12400]
[time_out: 120]
[machine_list_filename: ]
[machines: ]
[gpu_platform_id: -1]
[gpu_device_id: -1]
[gpu_use_dp: 0]
[num_gpu: 1]

end of parameters

pandas_categorical:null
