tree
version=v4
num_class=1
num_tree_per_iteration=1
label_index=0
max_feature_idx=29
objective=quantile
feature_names=Column_0 Column_1 Column_2 Column_3 Column_4 Column_5 Column_6 Column_7 Column_8 Column_9 Column_10 Column_11 Column_12 Column_13 Column_14 Column_15 Column_16 Column_17 Column_18 Column_19 Column_20 Column_21 Column_22 Column_23 Column_24 Column_25 Column_26 Column_27 Column_28 Column_29
feature_infos=[3.9174506576656842:5.7304380851602943] [91:303] [-4.6209391964739197:6.6781130040119603] [-2.1127544688413775:1.5582263676027908] [-1:0.52312758639412116] [0:9.9154440984925625] [0:4.6209391964739197] [0:2.1127544688413775] [0:6.9893036836044731] [0:1.8567014585212964] [0:1] [0:18.514290500025005] [0:17.943278717702203] [0:23.11690120620333] [0:20.81224925580868] [0:30] [0:17.427804678541769] [2:10] [0:159.85415496415965] [0:60] [0:1.4142135623730956] [1:60] [1:35] [0:6] [1:31] [0:1] [0:1] [0:93] [0:60] [-11.626780786704765:33.114547490360394]
tree_sizes=3021 3020 3046 3056 3043 3042 3055 3068 3070 3077 3069 3075 3099 3113 3097 3096 3122 3089 3075 3080 3085 3070 3114 3063 3086 3044 3077 3085 3108 3068 3089 3080 3081 3092 3084 3085 3098 3085 3059 3078 3089 3105 3097 3105 3092 3050 3089 3096 3087 3071 3086 3081 3082 3079 3064 3109 3098 3113 3084 3061 3092 3117 3041 3087 3123 3090 3080 3072 3074 3052 3067 3107 3076 3080 3070 3086 3051 3058 3063 3055 3054 3038 3059 3060 3052 3101 3068 3097 3062 3067 3112 3061 3055 3059 3056 3036 3009 3015 3061 3078 3026 3066 3073 3079 3014 3018 3044 3032 3033 2982 3028 3035 2959 3057 2973 3079 3009 3005 3037 3048 3058 3039 2997 2976 3031 3016 3096 3068 3017 3029 3040 3028 3094 3052 3032 2970 2993 3015 2998 2990 2973 3039 3077 3015 3046 3048 2985 2938 2996 3079 3066 3036 2995 3025 2988 2969 2945 2975 3032 2978 2929 3018 3001 2905 3011 3035 3013 2985 2984 2959 3004 3009 3017 3069 2976 2946 2908 2951 2957 3023 3036 3025 2958 2960 2919 3046 2942 2983 3024 3017 2918 2941 2991 2969 2936 2983 3014 2967 2972 3000 2987 2982 3007 2934 3051 2976 2980 2988 3000 2898 2933 2950 3014 2995 2983 2943 3012 2901 2936 2916 2922 2994 2938 3071 2895 2994 3023 2964 3003 2953 3004 2950 3002 2959 2978 2961 2978 3039 2992

Tree=0
num_leaves=31
num_cat=0
split_feature=10 0 18 28 0 6 22 0 3 18 22 0 24 22 18 28 27 6 24 27 23 21 24 27 27 23 18 5 17 18
split_gain=17851.8 600.713 251.552 237.897 104.582 103.998 116.028 63.3403 54.7835 52.9264 55.6095 28.0999 28.7924 27.955 23.7986 23.5544 23.2975 26.5866 22.7636 19.7145 18.2601 16.2773 22.8189 17.6365 15.4951 14.2376 13.5993 20.5507 12.3413 13.8493
threshold=0.7333333333333335 5.446138084545372 13.465590563590967 11.500000000000002 4.5724882964329003 0.08327215003663524 9.5000000000000018 4.5790689627974688 0.18673106969061218 0.45961432632493199 15.500000000000002 5.0258752632043366 7.5000000000000009 11.500000000000002 26.7162527832748 13.500000000000002 27.500000000000004 0.053754574504335205 24.500000000000004 29.500000000000004 1.5000000000000002 34.500000000000007 8.5000000000000018 15.500000000000002 4.5000000000000009 1.0000000180025095e-35 2.1274987103886649 0.95159598323337946 6.5000000000000009 14.405193574437424
decision_type=2 2 2 2 2 2 2 2 2 2 2 2 2 2 2 2 2 2 2 2 2 2 2 2 2 2 2 2 2 2
left_child=1 -1 3 5 28 6 16 26 25 10 19 12 -11 -6 15 -15 17 -2 -14 -7 -10 22 24 -24 -9 -3 27 -5 29 -4
right_child=2 8 4 7 13 9 -8 21 20 11 -12 -13 18 14 -16 -17 -18 -19 -20 -21 -22 -23 23 -25 -26 -27 -28 -29 -30 -31
leaf_value=-0.019280273804131019 -0.031456414796411994 -0.010024139740022517 -0.031456414796411994 -0.031456414796411994 -0.042136490656086781 -0.031456414796411994 -0.035392844977147411 -0.036342274249892628 -0.0053706714452832899 -0.034708671055626049 -0.036662718077657488 -0.036461236277464601 -0.040400037245870914 -0.037649765713846463 -0.043168125534491078 -0.040210558003374697 -0.031456414796411994 -0.031456414796411994 -0.035650538437502544 -0.031456414796411994 -0.0042844780686770861 -0.039627661005224815 -0.038868235708659868 -0.036116461810509336 -0.040122833606277199 -0.012557696250874172 -0.04285814937013601 -0.044806619482920952 -0.046938724553608327 -0.045066425763698702
leaf_weight=62379 500 1950 124 384 28372 377 1954 1921 12272 4650 652 3771 3842 12086 20054 13944 723 210 5467 557 31516 10500 15308 3678 1265 11908 1564 249 9097 2171
leaf_count=62379 500 1950 124 384 28372 377 1954 1921 12272 4650 652 3771 3842 12086 20054 13944 723 210 5467 557 31516 10500 15308 3678 1265 11908 1564 249 9097 2171
internal_value=-0.0331373 -0.0189096 -0.0450441 -0.0424871 -0.0467589 -0.0385038 -0.0304223 -0.0450805 -0.0152299 -0.0399209 -0.03117 -0.0407037 -0.0396691 -0.0474416 -0.0466814 -0.045684 -0.0196159 -0.0131824 -0.041274 -0.0233476 -0.0143628 -0.0456331 -0.0448651 -0.0455222 -0.0409494 -0.0179699 -0.0368626 -0.0306792 -0.0422974 -0.0455739
internal_weight=263445 120025 143420 57572 85848 22703 3387 34869 57646 19316 1586 17730 13959 74456 46084 26030 1433 710 9309 934 43788 32672 22172 18986 3186 13858 2197 633 11392 2295
internal_count=263445 120025 143420 57572 85848 22703 3387 34869 57646 19316 1586 17730 13959 74456 46084 26030 1433 710 9309 934 43788 32672 22172 18986 3186 13858 2197 633 11392 2295
is_linear=0
shrinkage=1


Tree=1
num_leaves=31
num_cat=0
split_feature=10 3 19 28 6 22 18 22 17 28 5 27 18 1 19 11 23 27 11 1 19 13 1 18 22 1 27 22 24 14
split_gain=16878.6 519.737 279.35 208.656 117.367 106.552 52.7097 49.6974 42.4154 36.6079 33.5037 32.3679 25.275 24.1457 22.7191 21.3851 20.9476 20.5742 20.1429 19.682 18.0862 16.5546 15.5918 15.3388 14.2064 13.3348 13.1677 12.7869 12.4725 12.3146
threshold=0.7333333333333335 0.21542235901923742 49.138707003432394 11.500000000000002 0.089147974015846856 9.5000000000000018 0.45961432632493199 15.500000000000002 8.5000000000000018 13.500000000000002 0.82076849548864261 27.500000000000004 3.6719910919601992 145.00000000000003 0.24464730749110022 0.029282661969955132 1.5000000000000002 28.500000000000004 0.10070083388043331 129.00000000000003 10.382297427203765 0.1772581132431926 233.00000000000003 6.854282228145804 7.5000000000000009 185.00000000000003 15.500000000000002 7.5000000000000009 5.5000000000000009 5.4386776702900805
decision_type=2 2 2 2 2 2 2 2 2 2 2 2 2 2 2 2 2 2 2 2 2 2 2 2 2 2 2 2 2 2
left_child=1 10 3 4 5 11 7 17 19 13 12 15 20 29 27 -2 -3 -6 21 26 -1 22 -8 -18 -20 -11 -5 -10 -13 -4
right_child=2 16 9 8 6 -7 18 -9 14 25 -12 28 -14 -15 -16 -17 23 -19 24 -21 -22 -23 -24 -25 -26 -27 -28 -29 -30 -31
leaf_value=0.014009371319373694 0.0015728207398205997 0.025873361576020618 -0.0035549912607067686 -0.0040159160874816057 0.0015728207398205997 -0.0020073390601989117 -0.0017673352719745851 -0.0032170131669598612 0.0015728207398205997 -0.0057682992163701147 0.020234026944326189 0.0015728207398205997 0.012701257359936297 -0.0074664156691787373 -0.0090239453046374908 0.0015728207398205997 0.027170532943618431 0.0015728207398205997 -0.0053140273756470194 -0.0075550759149643522 0.019098332401659646 -0.0043722117503564766 0.0017354335527813025 0.018781370999975771 -0.0044136664946886513 -0.010462739054602762 -0.0022476944066974138 -0.0015936978066980558 0.0015728207398205997 -0.0014711709388226075
leaf_weight=35296 552 12516 10510 5421 332 1831 1848 641 85 24870 6132 176 28758 25434 5844 146 31185 599 5149 21792 5483 2289 455 850 9394 21987 1989 196 543 860
leaf_count=35296 552 12516 10510 5421 332 1831 1848 641 85 24870 6132 176 28758 25434 5844 146 31185 599 5149 21792 5483 2289 455 850 9394 21987 1989 196 543 860
internal_value=-8.40152e-05 0.0137236 -0.0116967 -0.00907088 -0.00546859 0.00336823 -0.00685469 0.00194657 -0.0115136 -0.0135573 0.011201 0.0136627 0.0108886 -0.0123772 -0.00773061 0.0213324 0.0180081 0.00932331 -0.00757774 -0.012307 0.0116891 -0.00469077 -0.00169778 0.0186858 -0.00848931 -0.0144843 -0.010081 0.00615658 0.00621697 -0.0104617
internal_weight=263163 120220 142943 59282 23955 3248 20707 1572 35327 83661 75669 1417 69537 36804 6125 698 44551 931 19135 29202 40779 4592 2303 32035 14543 46857 7410 281 719 11370
internal_count=263163 120220 142943 59282 23955 3248 20707 1572 35327 83661 75669 1417 69537 36804 6125 698 44551 931 19135 29202 40779 4592 2303 32035 14543 46857 7410 281 719 11370
is_linear=0
shrinkage=0.05


Tree=2
num_leaves=31
num_cat=0
split_feature=10 0 19 27 11 22 12 27 4 17 18 18 17 17 19 27 19 21 22 22 22 22 23 11 24 27 24 4 22 11
split_gain=14558.1 306.052 269.215 179.664 131.92 102.207 106.13 39.928 39.4101 37.5874 37.3796 34.3724 33.8288 29.3296 24.7094 24.6211 23.7151 23.685 21.2386 17.1841 16.6738 15.6188 15.2994 14.9422 13.0145 26.0715 20.4468 12.6164 12.4187 11.8838
threshold=0.7333333333333335 5.3011333813679853 48.521988010920985 19.500000000000004 0.093350665611367803 16.500000000000004 0.058107279812963389 28.500000000000004 0.11942066347086455 8.5000000000000018 20.936565974487191 0.29495474440805097 9.5000000000000018 9.5000000000000018 0.24464730749110022 21.500000000000004 1.7848420432873564 36.500000000000007 7.5000000000000009 1.5000000000000002 14.500000000000002 13.500000000000002 1.0000000180025095e-35 0.029282661969955132 8.5000000000000018 4.5000000000000009 18.500000000000004 -0.25513800502060524 14.500000000000002 0.11385868482599069
decision_type=2 2 2 2 2 2 2 2 2 2 2 2 2 2 2 2 2 2 2 2 2 2 2 2 2 2 2 2 2 2
left_child=1 -1 3 9 5 6 7 13 22 17 15 -8 28 23 -11 -4 20 24 -18 -9 -6 -17 -3 -5 25 -2 -26 -7 -12 -28
right_child=2 8 10 4 16 27 11 19 -10 14 12 -13 -14 -15 -16 21 18 -19 -20 -21 -22 -23 -24 -25 26 -27 29 -29 -30 -31
leaf_value=0.012261501074924694 -0.0031082749705276299 0.020879180306706421 -0.0043472916685611332 0.0014941797028295697 0.0014941797028295697 -0.005171772076893448 0.0014941797028295697 0.0014941797028295697 0.025957596485111784 0.0014941797028295697 -0.0096840967287199348 -0.0024728751982970127 -0.012103923337840281 -0.0063434264310544336 -0.0086106767505302537 -0.0042928931406992941 -0.0054578804042671996 -0.0078700334077345339 -0.004288962302632939 0.0013511028501640499 -0.0047979692669367878 -0.0027509082020089684 0.017740806739166039 0.0014941797028295697 -0.0089264465126732417 -0.010057080793152422 -0.002736771631448174 -0.0014774072143204002 -0.0080638881547215168 -0.0046090330022439518
leaf_weight=61514 1739 1887 21856 994 379 1999 325 165 45454 248 22819 2482 4095 137 4953 4652 6028 5516 10517 813 305 6445 11433 270 9013 1186 4359 1928 24658 5483
leaf_count=61514 1739 1887 21856 994 379 1999 325 165 45454 248 22819 2482 4095 137 4953 4652 6028 5516 10517 813 305 6445 11433 270 9013 1186 4359 1928 24658 5483
internal_value=-0.000620286 0.0122065 -0.0113824 -0.0087855 -0.00571672 -0.00085153 0.00375627 0.0115259 0.0147866 -0.011273 -0.0131902 -0.00282864 -0.0140307 0.0169379 -0.00737743 -0.0118748 -0.00829009 -0.0120153 -0.00866727 0.00377301 0.000833335 -0.00995674 0.0123949 0.0193196 -0.0112741 -0.00817094 -0.0117555 -0.00693659 -0.0144068 -0.0101798
internal_weight=263652 120288 143364 58839 26342 9113 5186 2379 58774 32497 84525 2807 51572 1401 5201 32953 17229 27296 16545 978 684 11097 13320 1264 21780 2925 18855 3927 47477 9842
internal_count=263652 120288 143364 58839 26342 9113 5186 2379 58774 32497 84525 2807 51572 1401 5201 32953 17229 27296 16545 978 684 11097 13320 1264 21780 2925 18855 3927 47477 9842
is_linear=0
shrinkage=0.05


Tree=3
num_leaves=31
num_cat=0
split_feature=10 0 19 28 6 26 0 18 3 1 1 19 28 1 18 11 1 20 20 13 0 29 23 2 1 27 28 18 1 23
split_gain=13086 375.555 256.426 197.049 113.633 95.3659 51.2724 50.4912 49.9222 49.5982 44.9106 29.904 25.922 23.3823 20.8633 20.2792 14.4918 13.1915 13.0574 12.9513 12.5716 10.6192 10.5429 10.4563 9.85592 9.30549 9.76157 9.07063 11.5054 9.03345
threshold=0.7333333333333335 5.3011333813679853 48.521988010920985 11.500000000000002 0.089147974015846856 1.0000000180025095e-35 4.5790689627974688 0.80007067171630586 0.18673106969061218 237.00000000000003 173.00000000000003 13.411691192263779 13.500000000000002 141.00000000000003 21.589410675069356 0.095220152042670508 233.00000000000003 0.13115540213725044 0.70711280391660625 0.15433859002586384 4.5649191543146843 -0.54786112144431576 1.0000000180025095e-35 -1.7537145585892553 269.00000000000006 2.5000000000000004 18.500000000000004 1.0040241493716906 129.00000000000003 1.5000000000000002
decision_type=2 2 2 2 2 2 2 2 2 2 2 2 2 2 2 2 2 2 2 2 2 2 2 2 2 2 2 2 2 2
left_child=1 5 3 4 9 -1 11 24 22 -2 12 18 21 17 -12 16 -9 -8 -5 -18 -14 -4 -3 -17 -6 -15 -27 28 -20 -10
right_child=2 8 10 6 7 -7 13 15 29 -11 14 -13 20 25 -16 23 19 -19 27 -21 -22 -23 -24 -25 -26 26 -28 -29 -30 -31
leaf_value=0.012513296236388673 0.00081148309678253879 0.019726205870913446 -0.0058451673796781414 -0.011987929314178736 -2.8205170533007903e-05 0.0023185366257059601 -0.0021597717157363968 -0.0030105406443255763 0.023827245204472811 0.0014194707176880912 -0.0052117764392152349 -0.011723453834847611 -0.014070552937847078 -0.007875754525184105 -0.0094500299140965818 -0.0024237448655209447 0.0016210462590945836 -0.0037250992626863839 0.0015461326976780754 -0.0024318862254504477 -0.0046725917371176805 -0.0030308465680918355 0.017413154323881803 -0.0044235914236236051 0.0014194707176880912 -0.005098984208793675 -0.0090309833998846647 -0.0020381424284082275 0.001577796645014024 0.024833027245895801
leaf_weight=56555 2729 1998 5014 207 1957 4763 2346 3340 12603 533 10644 4395 1669 2328 34454 1110 377 7787 329 411 20480 12398 12337 13057 154 6600 10353 612 76 31959
leaf_count=56555 2729 1998 5014 207 1957 4763 2346 3340 12603 533 10644 4395 1669 2328 34454 1110 377 7787 329 411 20480 12398 12337 13057 154 6600 10353 612 76 31959
internal_value=-0.000860665 0.0113056 -0.0110627 -0.00852319 -0.00499873 0.00856665 -0.0109043 -0.00638391 0.0141571 0.00366646 -0.0128236 -0.00652785 -0.011594 -0.0117403 -0.0139022 -0.00722875 -0.00414486 -0.00979572 0.000383988 0.00195432 -0.0127288 -0.0101505 0.0115905 -0.00812734 0.000937945 -0.0127623 -0.0131693 0.00271387 0.00851852 0.0149827
internal_weight=263575 120215 143360 58701 23668 61318 35033 20406 58897 3262 84659 5619 39561 29414 45098 18295 4128 10133 1224 788 22149 17412 14335 14167 2111 19281 16953 1017 405 44562
internal_count=263575 120215 143360 58701 23668 61318 35033 20406 58897 3262 84659 5619 39561 29414 45098 18295 4128 10133 1224 788 22149 17412 14335 14167 2111 19281 16953 1017 405 44562
is_linear=0
shrinkage=0.05


Tree=4
num_leaves=31
num_cat=0
split_feature=10 19 7 28 6 22 26 19 1 22 18 27 9 28 17 9 6 22 11 27 5 24 22 26 22 1 18 6 24 17
split_gain=12148.2 272.246 237.74 191.746 117.194 106.791 64.9098 49.7527 49.2711 41.4863 37.7959 35.2207 30.3646 29.8151 28.7691 26.0188 25.0961 23.2221 20.2816 19.3797 17.7785 17.7559 17.7821 14.7403 13.7059 13.2979 12.6712 15.3229 12.0263 11.6605
threshold=0.51666666666666672 52.822078734317309 0.37649690422634013 11.500000000000002 0.089147974015846856 14.500000000000002 1.0000000180025095e-35 2.1354914317872797 149.00000000000003 16.500000000000004 29.679186642393145 27.500000000000004 0.64554463705384724 12.500000000000002 9.5000000000000018 0.51819903955298641 0.053754574504335205 11.500000000000002 0.10070083388043331 28.500000000000004 0.66590799433781489 7.5000000000000009 3.5000000000000004 1.0000000180025095e-35 8.5000000000000018 129.00000000000003 13.217980032204883 1.5395601336132285 4.5000000000000009 8.5000000000000018
decision_type=2 2 2 2 2 2 2 2 2 2 2 2 2 2 2 2 2 2 2 2 2 2 2 2 2 2 2 2 2 2
left_child=2 3 15 4 5 11 12 9 23 19 13 16 -4 17 -12 -1 -2 -3 28 -6 -8 -13 -23 -5 -20 -7 27 -26 -9 -10
right_child=1 10 6 8 7 25 20 18 29 -11 14 21 -14 -15 -16 -17 -18 -19 24 -21 -22 22 -24 -25 26 -27 -28 -29 -30 -31
leaf_value=0.015615391351353331 0.0013788965628489644 -0.0047344926890093911 0.012642107860219921 -0.0033420821295459106 0.0014208809762147417 -0.00033510573476317027 0.0028826820775229058 0.00014910893218419465 -0.0071354490789926617 -0.0032988855882538147 -0.0096754271415489361 0.0013788965628489644 0.020929762595112533 -0.0047722425160971948 -0.012649985340940549 0.02289544910784138 0.0013484971818036866 -0.003051533507053443 -0.0047306379653132471 0.0013556510244369627 0.010798052002605765 0.0013788965628489644 -0.010871294918719274 -0.0073161611338121539 -0.0029621817426596516 -0.0040939311957746798 -0.0067999970746585583 0.00042572618932837277 -0.0026422731358671839 -0.0070701220355137463
leaf_weight=5400 534 6375 63557 15525 362 879 4083 1050 20148 663 29093 409 6018 27969 2428 39420 235 13354 6055 668 1813 168 304 1497 5162 894 3535 919 4024 1264
leaf_count=5400 534 6375 63557 15525 362 879 4083 1050 20148 663 29093 409 6018 27969 2428 39420 235 13354 6055 668 1813 168 304 1497 5162 894 3535 919 4024 1264
internal_value=-0.000876972 -0.0107002 0.0108427 -0.00828291 -0.00495418 0.00366345 0.00912973 -0.00626883 -0.0105227 0.00197283 -0.0126621 0.0128182 0.00955659 -0.0117743 -0.0140056 0.0137271 0.0206372 -0.0102859 -0.00694143 0.00825243 0.00409261 0.00599319 -0.000614406 -0.00851486 -0.00783102 -0.00485617 -0.00665765 -0.0052738 -0.00419393 -0.0121189
internal_weight=263805 143514 120291 64295 25861 3423 75471 22438 38434 1693 79219 1650 69575 47698 31521 44820 769 19729 20745 1030 5896 881 472 17022 15671 1773 9616 6081 5074 21412
internal_count=263805 143514 120291 64295 25861 3423 75471 22438 38434 1693 79219 1650 69575 47698 31521 44820 769 19729 20745 1030 5896 881 472 17022 15671 1773 9616 6081 5074 21412
is_linear=0
shrinkage=0.05


Tree=5
num_leaves=31
num_cat=0
split_feature=10 0 18 28 11 22 12 0 0 27 18 4 28 19 22 28 18 22 2 1 13 24 21 24 24 22 1 27 27 24
split_gain=11252.6 348.986 264.377 190.044 85.3235 104.815 90.0001 84.8598 51.318 50.0211 39.509 38.225 26.8004 24.8049 23.7301 22.7367 19.9329 19.777 18.1813 16.9748 16.8301 16.4947 15.6327 33.6922 17.6915 15.5883 13.3027 13.0389 12.8838 12.7269
threshold=0.7333333333333335 5.3011333813679853 13.003328952775066 11.500000000000002 0.093350665611367803 15.500000000000002 0.029023125979080067 4.5649191543146843 4.5790689627974688 27.500000000000004 31.967459209194732 0.14963942630347724 12.500000000000002 1.4198908949445443 12.500000000000002 17.500000000000004 0.9153330097459661 7.5000000000000009 -1.5310981106558179 129.00000000000003 0.032962577965557856 7.5000000000000009 34.500000000000007 8.5000000000000018 14.500000000000002 3.5000000000000004 161.00000000000003 4.5000000000000009 29.500000000000004 22.500000000000004
decision_type=2 2 2 2 2 2 2 2 2 2 2 2 2 2 2 2 2 2 2 2 2 2 2 2 2 2 2 2 2 2
left_child=1 -1 3 4 5 6 9 26 29 20 12 -3 14 -8 -9 -10 -6 -18 -19 -7 -2 -11 23 27 -25 -23 -4 -17 -15 -5
right_child=2 11 7 8 16 19 13 10 15 21 -12 -13 -14 28 -16 22 17 18 -20 -21 -22 25 -24 24 -26 -27 -28 -29 -30 -31
leaf_value=0.010415062431626695 0.0013099517347065163 0.015819335338830096 -0.011114269280572589 -0.0078311427027181069 4.1463618078302934e-05 -0.00087248267831697686 0.0013498369274040046 -0.005458447406532973 -0.0025879584323591264 0.0013171055773397921 -0.0094685797194136341 0.02258321853325463 -0.0056896395529436256 -0.00029658813267646744 -0.0035589256883296859 -0.0016877477368218916 -0.0036272612113201238 0.0001464656609749276 -0.0025250250792740766 -0.0036732885234312578 0.0013498369274040046 0.0013099517347065163 -0.0052254386111064916 -0.020421391891200475 -0.0028833081058528501 -0.0061405575375367187 -0.011434029876495793 -0.0086631514193671478 -0.0036146078187514427 0.0016660109192406182
leaf_weight=61625 583 15542 7435 1543 1021 1709 377 8260 9168 419 24549 43195 30596 1698 13692 1844 3958 1112 7314 2067 304 211 8097 4841 6899 386 3473 612 676 599
leaf_count=61625 583 15542 7435 1543 1021 1709 377 8260 9168 419 24549 43195 30596 1698 13692 1844 3958 1112 7314 2067 304 211 8097 4841 6899 386 3473 612 676 599
internal_value=-0.000936865 0.0103364 -0.0103962 -0.00769165 -0.00405999 -0.000118623 0.00490331 -0.0120999 -0.0100515 0.0132633 -0.0126839 0.0130941 -0.0119103 -0.000879679 -0.0105772 -0.0105613 -0.0065386 -0.00709221 -0.00572276 -0.00630826 0.0219391 0.00568898 -0.0114233 -0.0104234 -0.0115375 0.00035176 -0.00797213 -0.00509772 -0.00277169 -0.00256302
internal_weight=263805 120362 143443 55438 21835 8430 4654 88005 33603 1903 77097 58737 52548 2751 21952 31461 13405 12384 8426 3776 887 1016 22293 14196 11740 597 10908 2456 2374 2142
internal_count=263805 120362 143443 55438 21835 8430 4654 88005 33603 1903 77097 58737 52548 2751 21952 31461 13405 12384 8426 3776 887 1016 22293 14196 11740 597 10908 2456 2374 2142
is_linear=0
shrinkage=0.05


Tree=6
num_leaves=31
num_cat=0
split_feature=10 0 18 27 0 26 6 22 0 18 19 22 4 29 27 6 29 26 27 5 22 22 27 18 0 22 22 1 0 0
split_gain=10464.1 330.098 262.898 160.182 83.2467 83.1784 80.5198 104.971 38.1115 37.5436 37.4324 55.4867 34.9785 24.9066 24.8697 30.8706 24.104 22.982 20.6804 18.2507 17.9979 21.0534 32.6724 17.9527 16.9959 16.824 16.1581 15.4535 18.6979 13.5672
threshold=0.7333333333333335 5.3011333813679853 13.003328952775066 19.500000000000004 4.5724882964329003 1.0000000180025095e-35 0.08327215003663524 9.5000000000000018 4.5790689627974688 33.275138505876264 2.1354914317872797 19.500000000000004 0.14963942630347724 -0.69522441631592968 27.500000000000004 0.053754574504335205 -0.70794970971420623 1.0000000180025095e-35 28.500000000000004 0.40747828828078908 5.5000000000000009 20.500000000000004 29.500000000000004 9.945141015626751 4.7640480011832471 11.500000000000002 9.5000000000000018 125.00000000000001 5.0690024785453636 4.9097895749028941
decision_type=2 2 2 2 2 2 2 2 2 2 2 2 2 2 2 2 2 2 2 2 2 2 2 2 2 2 2 2 2 2
left_child=1 5 3 8 -4 -1 7 14 19 16 11 18 -3 -10 15 -5 -6 27 -8 -2 -12 22 23 26 -25 -18 -22 28 -15 -9
right_child=2 12 4 6 9 -7 10 29 13 -11 20 -13 -14 17 -16 -17 25 -19 -20 -21 21 -23 -24 24 -26 -27 -28 -29 -30 -31
leaf_value=0.010753874596006146 0.001899242127050591 0.014897304513351509 -0.010676837524167608 0.0012444541479711903 -0.0078737936931218746 0.0014549626286254902 0.0012843393406686788 -0.0044830097119533396 -0.0072045200901988769 -0.0091691329559061389 -0.003329628541143824 -0.0041096524447077698 0.021514814686217007 -0.0011634459370426979 0.0012440964558395266 0.0012143781903722788 -0.0043861367165011038 -0.0072670587190587351 0.0012856065786226933 -0.0054172366605575511 -0.0010341996390323936 -0.0029377561892212603 -0.0034908979802825177 0.000592574900122589 -0.0020600548646988849 -0.0034650612935154001 0.0018266653301102966 -0.0032600027572834683 -0.0021062186549291816 -0.00023628145051641689
leaf_weight=56763 84 15502 11621 486 18127 4710 394 1055 9904 22625 4669 884 43325 4406 761 215 12965 2157 736 1521 1243 5729 3177 766 1348 22716 1589 10887 2413 1023
leaf_count=56763 84 15502 11621 486 18127 4710 394 1055 9904 22625 4669 884 43325 4406 761 215 12965 2157 736 1521 1243 5729 3177 766 1348 22716 1589 10887 2413 1023
internal_value=-0.000941883 0.00993433 -0.0100596 -0.00736271 -0.0117579 0.00737218 -0.00429491 0.00266949 -0.00971694 -0.0123574 -0.00549549 0.000978154 0.0126117 -0.0101216 0.0129343 0.019729 -0.0116388 -0.00910034 0.00831859 -0.00221184 -0.00619945 -0.00529454 -0.00365751 -0.00111605 -0.00460265 -0.0108845 0.00148658 -0.00850672 -0.00664027 -0.00455245
internal_weight=263801 120300 143501 55447 88054 61473 24075 3540 31372 76433 20535 2014 58827 29767 1462 701 53808 19863 1130 1605 18521 13852 8123 4946 2114 35681 2832 17706 6819 2078
internal_count=263801 120300 143501 55447 88054 61473 24075 3540 31372 76433 20535 2014 58827 29767 1462 701 53808 19863 1130 1605 18521 13852 8123 4946 2114 35681 2832 17706 6819 2078
is_linear=0
shrinkage=0.05


Tree=7
num_leaves=31
num_cat=0
split_feature=10 0 18 28 11 0 26 1 0 4 18 18 1 13 21 6 28 13 21 19 20 4 17 0 1 20 26 11 28 14
split_gain=9682.93 316.68 257.312 178.737 95.7557 78.1332 75.4596 52.4175 45.4851 33.1028 31.3511 29.201 26.066 18.7989 18.4182 19.9093 18.2646 17.1185 15.5602 13.4983 14.5372 13.3164 12.5485 12.0984 11.5921 10.9846 10.4557 8.7231 8.28649 8.11169
threshold=0.7333333333333335 5.3011333813679853 14.885862422225669 11.500000000000002 0.029282661969955132 4.5649191543146843 1.0000000180025095e-35 233.00000000000003 4.5790689627974688 0.15667436118434777 33.275138505876264 0.80007067171630586 125.00000000000001 0.15728966573721112 32.500000000000007 1.5395601336132285 15.500000000000002 0.088990345642022448 32.500000000000007 2.4189972645769453 0.70712980943250281 -0.22334711915096472 6.5000000000000009 5.0448809385801114 129.00000000000003 0.70710804862122645 1.0000000180025095e-35 0.14220164680872774 15.500000000000002 7.1407970139160017
decision_type=2 2 2 2 2 2 2 2 2 2 2 2 2 2 2 2 2 2 2 2 2 2 2 2 2 2 2 2 2 2
left_child=1 6 3 4 7 22 -1 17 19 -3 16 -6 25 -9 15 23 -7 -2 -14 20 -5 -18 -4 26 -22 -10 27 -13 29 -27
right_child=2 9 5 8 11 10 -8 13 12 -11 -12 14 18 -15 -16 -17 21 -19 -20 -21 24 -23 -24 -25 -26 28 -28 -29 -30 -31
leaf_value=0.010199366367683892 0.0011802371809377565 0.014329820032845862 -0.0091582754856828121 -0.0091320023847912112 0.00043128112413142773 -0.0041002950901248272 0.0013119926409459091 0.0011548558264595627 -0.0015781310451334644 0.020408632135081792 -0.0087332069701798517 -0.00091673521176304775 -0.0040427273791208687 0.00038452851839872485 -0.0036248177754841754 0.00057702873543393862 -0.0069030435340765549 -0.0023923181110820204 -0.0056421419585758782 -0.0073211033834265724 0.0018551554036732626 -0.0031152801464629995 -0.011012247461544214 -0.0023883631496846762 0.0019140315155630927 -0.0014768508233033092 -0.0096881662965167363 -0.0021343322966047343 -0.0030857047383018635 0.0026417890476403728
leaf_weight=56770 2989 15845 1743 133 1518 24139 4765 799 4425 42834 23002 3284 14008 278 6002 1115 15530 1690 10126 2092 357 6740 8369 1340 90 1348 409 5577 5922 63
leaf_count=56770 2989 15845 1743 133 1518 24139 4765 799 4425 42834 23002 3284 14008 278 6002 1115 15530 1690 10126 2092 357 6740 8369 1340 90 1348 409 5577 5922 63
internal_value=-0.000956467 0.00950447 -0.00974512 -0.00737355 -0.00408064 -0.0116408 0.00699846 0.00157749 -0.00950835 0.0121325 -0.012239 -0.00577293 -0.00997687 0.0115227 -0.00634287 -0.00518976 -0.0114909 -0.000711689 -0.0109174 -0.00321482 0.00353448 -0.0125236 -0.00753461 -0.00585768 0.00785235 -0.00804644 -0.00521575 -0.00485498 -0.0092336 -0.00579022
internal_weight=263302 120214 143088 63565 25001 79523 61535 5756 38564 58679 69411 19245 35892 1077 17727 11725 46409 4679 24134 2672 580 22270 10112 10610 447 11758 9270 8861 7333 1411
internal_count=263302 120214 143088 63565 25001 79523 61535 5756 38564 58679 69411 19245 35892 1077 17727 11725 46409 4679 24134 2672 580 22270 10112 10610 447 11758 9270 8861 7333 1411
is_linear=0
shrinkage=0.05


Tree=8
num_leaves=31
num_cat=0
split_feature=21 4 1 28 6 22 28 6 26 26 22 24 29 11 7 1 13 29 27 6 21 27 17 29 24 24 29 17 4 11
split_gain=8994.13 270.965 168.977 116 113.893 96.7822 58.4601 56.3998 52.3697 31.8215 31.802 29.8857 24.559 24.5131 23.3994 19.6903 18.8318 18.6299 18.376 15.7009 14.5802 12.2437 11.8515 11.5478 11.3956 13.8912 10.6247 10.2432 10.2061 9.64454
threshold=15.000000000000002 0.18217412118880802 149.00000000000003 11.500000000000002 0.089147974015846856 11.500000000000002 12.500000000000002 0.063193627739669814 1.0000000180025095e-35 1.0000000180025095e-35 9.5000000000000018 14.500000000000002 -1.0072396594512696 0.14070212066875659 0.30867529335941118 257.00000000000006 0.15433859002586384 -1.3267258088422953 27.500000000000004 0.053754574504335205 32.500000000000007 27.500000000000004 6.5000000000000009 -0.77071677021972174 5.5000000000000009 15.500000000000002 -0.58499218565636679 5.5000000000000009 -0.53144464011021608 0.80877819329229028
decision_type=2 2 2 2 2 2 2 2 2 2 2 2 2 2 2 2 2 2 2 2 2 2 2 2 2 2 2 2 2 2
left_child=1 8 6 4 5 18 7 10 14 11 21 22 -5 15 -1 -6 -17 -9 19 -4 -14 -2 26 -15 -19 -26 -8 -16 -22 -25
right_child=2 -3 3 12 13 -7 9 17 -10 -11 -12 -13 20 23 27 16 -18 24 -20 -21 28 -23 -24 29 25 -27 -28 -29 -30 -31
leaf_value=0.016405211332800155 0.0011232195815257431 0.019492682005392191 0.0011232195815257431 -0.011183416402624944 -0.0037202975129239967 -0.0031996263905073271 -0.0087417847432554215 -0.0076610919386358575 0.0038882345191416819 -0.0066314962302353314 -0.00049351316964423226 -0.0015000548719916729 -0.0046575893573993542 -0.0079645208120713625 0.010102807339822471 0.0010931939235923997 -0.0027950338685406983 -0.0011128695197738362 0.0011228797740006624 0.0011742914623186036 -0.00852518973600137 0.0011228797740006624 -0.0062146359414375777 -0.0046423859979043466 -0.0034074419838622653 -0.0016757399794210303 -0.0038804279244589804 0.013446675296666159 -0.0042402575494639785 -0.0033248916192021279
leaf_weight=3551 229 41216 331 16758 6740 1005 3443 1305 6386 3258 1173 15508 23949 8246 65207 682 928 4204 384 164 8809 327 5376 10708 3917 10833 4264 4048 5047 5775
leaf_count=3551 229 41216 331 16758 6740 1005 3443 1305 6386 3258 1173 15508 23949 8246 65207 682 928 4204 384 164 8809 327 5376 10708 3917 10833 4264 4048 5047 5775
internal_value=-0.000979333 0.00909524 -0.00944079 -0.010772 -0.00852358 0.00343418 -0.00722718 -0.00524422 0.00738408 -0.00859619 0.00342395 -0.00806268 -0.0122127 -0.00920463 0.00776488 -0.00686227 -0.00189441 -0.00598401 0.0155518 0.0219192 -0.0115064 0.0132734 -0.00982267 -0.00999555 -0.00558615 -0.00624068 -0.0110795 0.00756191 -0.0127973 -0.00923133
internal_weight=263771 120408 143363 89526 34963 1884 53837 21988 79192 31849 1729 28591 54563 33079 72806 8350 1610 20259 879 495 37805 556 13083 24729 18954 14750 7707 69255 13856 16483
internal_count=263771 120408 143363 89526 34963 1884 53837 21988 79192 31849 1729 28591 54563 33079 72806 8350 1610 20259 879 495 37805 556 13083 24729 18954 14750 7707 69255 13856 16483
is_linear=0
shrinkage=0.05


Tree=9
num_leaves=31
num_cat=0
split_feature=10 0 18 28 6 22 20 26 18 27 0 22 29 0 3 21 1 24 26 21 24 27 28 19 22 2 24 24 24 24
split_gain=8351.45 287.427 255.029 162.893 81.0322 114.589 75.5138 61.1035 46.162 42.5249 40.0473 38.6832 33.4623 33.1749 27.9066 27.4412 25.2082 25.2249 25.1237 28.6056 22.3823 19.5451 18.609 18.1651 16.1659 15.752 15.7419 19.2457 15.6006 15.4659
threshold=0.48333333333333339 5.3011333813679853 15.13058039051147 11.500000000000002 0.063193627739669814 13.500000000000002 1.0000000180025095e-35 1.0000000180025095e-35 0.9153330097459661 27.500000000000004 4.5790689627974688 15.500000000000002 -0.8261228501704635 4.5790689627974688 0.24756238712469233 32.500000000000007 253.00000000000003 5.5000000000000009 1.0000000180025095e-35 33.500000000000007 14.500000000000002 28.500000000000004 14.500000000000002 2.1354914317872797 11.500000000000002 -2.0191565006508445 6.5000000000000009 16.500000000000004 14.500000000000002 24.500000000000004
decision_type=2 2 2 2 2 2 2 2 2 2 2 2 2 2 2 2 2 2 2 2 2 2 2 2 2 2 2 2 2 2
left_child=1 7 3 4 5 9 22 -1 11 -2 23 21 28 -8 -3 16 17 -10 19 26 -15 -6 24 -5 -4 -18 -14 -28 -12 -19
right_child=2 14 6 10 8 -7 13 -9 15 -11 12 -13 18 20 -16 -17 25 29 -20 -21 -22 -23 -24 -25 -26 -27 27 -29 -30 -31
leaf_value=0.0092110274407483737 0.0010670586024494558 0.013847453605721394 -0.0071320480533854569 0.0018374003770891831 0.0013451311305996824 -0.0018411823534737863 -0.0093321891147141421 0.001204963078052519 -0.00047870647018857847 0.0010667357853006293 -0.013473024837829762 -0.002075042986862979 -0.00047537366272650271 -0.005349968786798308 0.018363183993462477 -0.0034017640845713051 0.0026536477609785986 -0.003589146474751709 -0.0064145768268861151 -0.0029631461885639369 -0.0021189064750304267 0.0011902052027615709 -0.0083312932767289228 -0.0070299396276637246 -0.0053746623157148992 8.7200567880436542e-05 -0.0043171750650053096 -0.0013683319221688204 -0.0031223378570265602 -0.0012994417842477294
leaf_weight=56616 615 17831 8465 521 499 1485 7308 4748 3555 676 6325 1016 1585 11214 41079 6692 114 3647 2815 9014 13620 912 24173 2212 13902 1601 4560 8690 3552 4764
leaf_count=56616 615 17831 8465 521 499 1485 7308 4748 3555 676 6325 1016 1585 11214 41079 6692 114 3647 2815 9014 13620 912 24173 2212 13902 1601 4560 8690 3552 4764
internal_value=-0.000961198 0.00875726 -0.00910487 -0.00678334 -0.00367806 0.00438761 -0.0110183 0.00636236 -0.00466009 0.0152827 -0.00880557 0.00185826 -0.00924222 -0.00915438 0.0112519 -0.00543661 -0.0041532 -0.00496574 -0.00832133 -0.00779404 -0.0100258 0.00721474 -0.0123055 -0.00296743 -0.0112661 0.00151604 -0.00644422 -0.00700755 -0.0117283 -0.00645821
internal_weight=263806 120274 143532 64850 25576 2776 78682 61364 22800 1291 39274 2427 36541 32142 58910 20373 13681 11966 26664 23849 24834 1411 46540 2733 22367 1715 14835 13250 9877 8411
internal_count=263806 120274 143532 64850 25576 2776 78682 61364 22800 1291 39274 2427 36541 32142 58910 20373 13681 11966 26664 23849 24834 1411 46540 2733 22367 1715 14835 13250 9877 8411
is_linear=0
shrinkage=0.05


Tree=10
num_leaves=31
num_cat=0
split_feature=8 0 18 5 27 6 22 4 26 18 22 4 27 4 0 27 26 24 24 24 0 26 24 0 22 19 2 22 18 27
split_gain=7349.1 377.811 247.908 208.913 127.94 81.4419 137.124 62.4998 51.8902 38.3089 72.0012 34.7516 33.0162 28.922 28.3666 22.5611 20.699 24.2657 19.3628 34.8572 30.2682 20.5023 19.1841 16.787 19.9223 16.4397 16.0801 15.967 14.2369 16.129
threshold=1.0000000180025095e-35 5.3011333813679853 14.885862422225669 1.7962374405998924 16.500000000000004 0.063193627739669814 9.5000000000000018 -0.91706966442293736 1.0000000180025095e-35 0.80007067171630586 15.500000000000002 -0.25513800502060524 27.500000000000004 0.14963942630347724 4.5923386465912319 28.500000000000004 1.0000000180025095e-35 14.500000000000002 5.5000000000000009 21.500000000000004 5.0517303177099064 1.0000000180025095e-35 14.500000000000002 4.3895594239587075 8.5000000000000018 0.65023692081831774 -2.3393985211825945 2.5000000000000004 47.484748631825177 12.500000000000002
decision_type=2 2 2 2 2 2 2 2 2 2 2 2 2 2 2 2 2 2 2 2 2 2 2 2 2 2 2 2 2 2
left_child=2 3 4 8 11 6 12 23 -2 10 15 -1 -6 -3 -9 25 17 -13 20 -20 -11 26 -16 -4 -25 -7 -21 -27 29 -26
right_child=1 13 7 -5 5 9 -8 14 -10 18 -12 16 -14 -15 22 -17 -18 -19 19 21 -22 -23 -24 24 28 27 -28 -29 -30 -31
leaf_value=-0.0048700663378536957 0.0086350979296231072 0.012239435137064797 -0.016124044843045481 -0.0022826510201697557 0.0010137056723269831 0.0013542744619955388 -0.001662627809883972 -0.0090244501619381138 0.0012246085355618423 -0.00062731110320367431 -0.0023386386228946739 -0.0050694251511602118 0.001013398996035598 0.017569879212075427 -0.0051239214266116176 0.0011622912009914387 -0.0054010310932173858 -0.00077896650234656807 -0.0038947843826179526 0.0025236383317912528 -0.0040038717661793483 -0.0089714066439874531 -0.0020719646259597592 -0.0074420290238422383 -0.0080615234278108693 -0.001292250280524367 -0.0012912092499606834 0.0013807410423763 -0.0091037411870865236 -0.004611939608489826
leaf_weight=16611 56868 15580 1200 3213 614 256 2334 7256 4788 4904 1716 5399 613 43237 10403 890 1360 6313 8705 210 898 885 12636 14312 8867 104 10750 238 6695 15818
leaf_count=16611 56868 15580 1200 3213 614 256 2334 7256 4788 4904 1716 5399 613 43237 10403 890 1360 6313 8705 210 898 885 12636 14312 8867 104 10750 238 6695 15818
internal_value=-0.000949698 0.00793081 -0.0087961 0.00529945 -0.00646337 -0.00432678 0.00281663 -0.010694 0.00594719 -0.00518744 -2.49676e-05 -0.00884715 0.0163488 0.0108329 -0.00892391 0.00802419 -0.0069186 -0.00624061 -0.00581512 -0.00653528 -0.00326439 -0.00476994 -0.00978254 -0.0118376 -0.0119909 0.0155351 -0.00417883 0.00836257 -0.0112858 -0.0107312
internal_weight=263673 123686 139987 64869 62800 33117 3561 77187 61656 29556 3204 29683 1227 58817 30295 1488 13072 11712 26352 20550 5802 11845 23039 46892 45692 598 10960 342 31380 24685
internal_count=263673 123686 139987 64869 62800 33117 3561 77187 61656 29556 3204 29683 1227 58817 30295 1488 13072 11712 26352 20550 5802 11845 23039 46892 45692 598 10960 342 31380 24685
is_linear=0
shrinkage=0.05


Tree=11
num_leaves=31
num_cat=0
split_feature=10 0 1 28 6 22 26 26 19 19 28 24 19 22 19 3 24 22 27 21 1 27 6 22 4 0 21 24 29 19
split_gain=7035.88 249.927 169.078 98.5265 105.832 81.6254 54.0103 52.0575 51.8681 50.1038 37.9708 34.3091 28.0165 40.3504 27.9946 24.1951 24.1591 23.9316 25.3149 23.1986 25.8042 22.2698 21.2183 25.8013 20.3401 18.7576 26.7328 17.7727 17.4085 13.6164
threshold=0.7333333333333335 5.446138084545372 153.00000000000003 13.500000000000002 0.11191186438626136 12.500000000000002 1.0000000180025095e-35 1.0000000180025095e-35 48.521988010920985 56.993231339719991 16.500000000000004 14.500000000000002 2.1354914317872797 13.500000000000002 3.2988712152591364 0.19396281470544016 10.500000000000002 16.500000000000004 28.500000000000004 32.500000000000007 253.00000000000003 2.5000000000000004 0.063193627739669814 13.500000000000002 -0.49783181269883786 4.9097895749028941 34.500000000000007 8.5000000000000018 -1.2530839403026801 44.718498577441011
decision_type=2 2 2 2 2 2 2 2 2 2 2 2 2 2 2 2 2 2 2 2 2 2 2 2 2 2 2 2 2 2
left_child=1 7 6 4 5 24 9 -1 12 10 14 21 13 -6 17 -3 -11 18 -2 20 -14 27 23 -16 -4 26 29 -5 -10 -13
right_child=2 15 3 11 8 -7 -8 -9 28 16 -12 25 19 -15 22 -17 -18 -19 -20 -21 -22 -23 -24 -25 -26 -27 -28 -29 -30 -31
leaf_value=0.0083137103016491468 0.001118874088844818 0.012143121191239531 0.00096302038871063408 -0.0049610380242799462 0.0012736129646240683 -0.002658275724479929 -0.0056792086429561673 0.0010772410131503587 -0.010841192243422814 -0.0037122508370435433 -0.0027654887659182233 -0.0028028795192697395 -0.0028804849160087732 -0.0049278861533402349 0.00096302038871063408 0.016437280399376076 -0.00133167876687763 -0.00051397473874153241 9.920435673956422e-05 -0.0063635659635591525 5.8053216634396292e-06 -0.013253463715380699 -0.001641443341375011 -0.00064363643573191783 -0.0010682948675952958 -0.0018211821955449446 -0.0076145140952100614 -0.022267403109092716 -0.0040287911482825385 -0.0043039927799699658
leaf_weight=57606 446 14074 868 2065 665 1354 4894 4859 3756 8591 12790 5023 6411 438 366 43771 15070 1385 469 3961 1782 14983 12348 673 181 3331 6096 1519 19963 13989
leaf_count=57606 446 14074 868 2065 665 1354 4894 4859 3756 8591 12790 5023 6411 438 366 43771 15070 1385 469 3961 1782 14983 12348 673 181 3331 6096 1519 19963 13989
internal_value=-0.000957201 0.00795944 -0.00843721 -0.00983215 -0.00798725 0.00218061 -0.00632434 0.00576643 -0.00864804 -0.00585293 -0.00444007 -0.0113777 -0.00614317 0.00148686 -0.00279148 0.0103276 -0.00755336 0.00230435 0.00857924 -0.00683561 -0.00531673 -0.0130495 -0.00366699 0.00319538 0.0126501 -0.0102862 -0.0107539 -0.00950893 -0.0100481 -0.00983011
internal_weight=263727 120310 143417 86385 39379 2403 57032 62465 36976 52138 28477 47006 13257 1103 15687 57845 23661 2300 915 12154 8193 18567 13387 1039 1049 28439 25108 3584 23719 19012
internal_count=263727 120310 143417 86385 39379 2403 57032 62465 36976 52138 28477 47006 13257 1103 15687 57845 23661 2300 915 12154 8193 18567 13387 1039 1049 28439 25108 3584 23719 19012
is_linear=0
shrinkage=0.05


Tree=12
num_leaves=31
num_cat=0
split_feature=10 18 0 28 11 22 12 4 26 4 18 4 29 24 29 22 22 24 26 28 0 26 24 18 18 26 24 22 28 0
split_gain=6490.15 229.592 229.196 142.135 70.1703 126.475 77.8038 67.0853 46.5039 39.4134 29.1471 27.4491 26.197 23.3345 23.1873 22.7199 21.5782 22.3077 21.5065 20.2889 20.1372 19.2147 18.4072 18.3831 18.0645 19.0854 15.874 15.1121 14.5516 14.2918
threshold=0.51666666666666672 15.13058039051147 5.3011333813679853 14.500000000000002 0.03502285097609234 12.500000000000002 0.029023125979080067 -0.91706966442293736 1.0000000180025095e-35 -0.27474484690170725 0.9153330097459661 0.14963942630347724 -1.2530839403026801 14.500000000000002 -1.2877420863276781 17.500000000000004 7.5000000000000009 5.5000000000000009 1.0000000180025095e-35 3.5000000000000004 5.0590719231024197 1.0000000180025095e-35 14.500000000000002 0.29495474440805097 44.858287520818259 1.0000000180025095e-35 6.5000000000000009 8.5000000000000018 16.500000000000004 4.6302655068254284
decision_type=2 2 2 2 2 2 2 2 2 2 2 2 2 2 2 2 2 2 2 2 2 2 2 2 2 2 2 2 2 2
left_child=2 3 8 4 5 6 19 12 -1 -5 15 -4 -3 29 -12 -6 -16 20 22 26 -18 -15 -11 -8 25 27 -2 -14 -29 -9
right_child=1 7 11 9 10 -7 23 13 -10 18 14 -13 24 21 16 -17 17 -19 -20 -21 -22 -23 -24 -25 -26 -27 -28 28 -30 -31
leaf_value=0.0079866438743110835 0.0009217318694315623 -0.012032728906705257 0.011022668177629764 -0.0046452714347724787 0.0011253888861577359 -0.0017454145367741302 0.0011670237978720168 -0.0094673526473997051 0.0010258693974707536 -0.0041278497170921724 -0.0069968052801541005 0.015875074836860598 -0.004918202731483955 -0.0019017824500059438 -0.0020618565631089162 -0.0014255356470653782 0.00050877487911040722 -0.0014275142112924186 -0.0047530759722071679 0.0010237314976609671 -0.0033274053561008037 -0.0063073213982769568 -0.00076228357081407786 -0.00097256607565146579 -0.0079304562776753296 -0.01288886987930672 0.00088573905595373402 -0.0030153977596682484 -0.0051921222390395516 -0.0045335546881675338
leaf_weight=56789 308 10802 15544 17654 1121 4061 242 2680 4742 6925 1891 43301 7953 16611 6203 850 2734 10917 1579 945 368 1801 7353 1272 9026 1476 459 10778 6640 10832
leaf_count=56789 308 10802 15544 17654 1121 4061 242 2680 4742 6925 1891 43301 7953 16611 6203 850 2734 10917 1579 945 368 1801 7353 1272 9026 1476 459 10778 6640 10832
internal_value=-0.000856864 -0.00803953 0.00770444 -0.00583814 -0.0034194 0.00087965 0.0082703 -0.00985674 0.00557085 -0.00810241 -0.00472014 0.00993542 -0.0110648 -0.00809046 -0.00523945 0.00110604 -0.00474434 -0.00365789 -0.00629312 0.0155724 8.38181e-05 -0.00693243 -0.00568077 1.32112e-05 -0.0104148 -0.00976422 0.00953064 -0.00944267 -0.0086181 -0.00966844
internal_weight=263857 143481 120376 64882 31371 7287 3226 78599 61531 33511 24084 58845 46675 31924 22113 1971 20222 14019 15857 1712 3102 18412 14278 1514 35873 26847 767 25371 17418 13512
internal_count=263857 143481 120376 64882 31371 7287 3226 78599 61531 33511 24084 58845 46675 31924 22113 1971 20222 14019 15857 1712 3102 18412 14278 1514 35873 26847 767 25371 17418 13512
is_linear=0
shrinkage=0.05


Tree=13
num_leaves=31
num_cat=0
split_feature=10 18 3 28 12 20 11 1 26 20 18 26 21 26 2 21 28 1 26 18 20 17 18 26 27 20 5 19 28 7
split_gain=5962.07 233.5 194.455 124.237 71.9372 45.0353 44.2445 47.8938 34.9172 33.0384 32.3195 29.2193 22.1166 30.5045 22.9908 19.9572 19.3442 16.8844 16.1734 15.4851 14.4855 13.871 13.679 13.5242 14.5376 12.9219 12.458 12.392 12.2477 11.8658
threshold=0.7333333333333335 18.942003188433187 0.22397061954145348 17.500000000000004 0.069130103907427271 0.014656284466307621 0.088008169148439314 233.00000000000003 1.0000000180025095e-35 1.0000000180025095e-35 0.9153330097459661 1.0000000180025095e-35 32.500000000000007 1.0000000180025095e-35 -1.7070389538898059 32.500000000000007 12.500000000000002 149.00000000000003 1.0000000180025095e-35 54.342627197387607 0.70719335053881871 8.5000000000000018 8.6764120889635752 1.0000000180025095e-35 8.5000000000000018 1.0000000180025095e-35 0.65879290766176501 0.24464730749110022 6.5000000000000009 0.69429925222166788
decision_type=2 2 2 2 2 2 2 2 2 2 2 2 2 2 2 2 2 2 2 2 2 2 2 2 2 2 2 2 2 2
left_child=2 3 8 4 6 15 7 17 -1 -5 -6 20 13 14 29 19 -9 22 -7 23 -11 -22 -2 24 -3 -14 -10 -23 -19 -12
right_child=1 5 -4 9 10 18 -8 16 26 11 12 -13 25 -15 -16 -17 -18 28 -20 -21 21 27 -24 -25 -26 -27 -28 -29 -30 -31
leaf_value=0.0081948739178195236 0.0008559390381303795 -0.0093299633201029079 0.014599911573513664 -0.0066163252639498925 0.0001283179737313993 -0.0030733014946743523 -0.0015703105523594851 0.0008649916732234302 0.00098808376556490146 -0.0010466034161195983 0.0025487567938691658 -0.0059818219701645997 -0.0067601584780746619 -0.0067421618513654399 -0.0013935252529096527 -0.0078939123003470679 -0.00096461698104523947 0.00052062093762995313 -0.0077145642257598962 -0.0090399774902043782 -0.0024450969392869832 0.0019608673001886671 -0.0015121077856973275 -0.013574004835520227 -0.0037803050476282497 -0.0020883190158869423 0.0067052761348403503 -0.0035126054692497357 -0.0029718223575837684 -0.00030149961279293141
leaf_weight=70203 3145 5617 43845 10910 2166 20652 5084 832 4260 4560 224 2707 3124 1333 18551 12148 189 923 1830 4448 13512 163 530 1362 16833 7146 1786 2350 1237 1738
leaf_count=70203 3145 5617 43845 10910 2166 20652 5084 832 4260 4560 224 2707 3124 1333 18551 12148 189 923 1830 4448 13512 163 530 1362 16833 7146 1786 2350 1237 1738
internal_value=-0.000907185 -0.00779324 0.00731027 -0.00600853 -0.00431807 -0.0100755 -0.000975711 0.00164528 0.0057846 -0.00829308 -0.00548218 -0.00722952 -0.00588087 -0.00498123 -0.00450495 -0.0110735 0.0116357 -0.000102827 -0.00828174 -0.010345 -0.00658732 -0.00729485 0.00195918 -0.00983916 -0.00954566 -0.00779455 0.00213861 -0.0038838 -0.00361111 0.000642203
internal_weight=263408 143314 120094 80424 46222 62890 11940 6856 76249 34202 34282 23292 32116 21846 20513 40408 1021 5835 22482 28260 20585 16025 3675 23812 22450 10270 6046 2513 2160 1962
internal_count=263408 143314 120094 80424 46222 62890 11940 6856 76249 34202 34282 23292 32116 21846 20513 40408 1021 5835 22482 28260 20585 16025 3675 23812 22450 10270 6046 2513 2160 1962
is_linear=0
shrinkage=0.05


Tree=14
num_leaves=31
num_cat=0
split_feature=10 18 0 28 29 11 22 12 29 27 1 26 26 26 18 21 0 21 24 22 18 0 19 29 24 21 24 19 24 4
split_gain=5450.32 208.598 200.525 116.15 65.5238 64.0126 81.3195 85.3661 49.369 46.0087 42.5061 42.2762 29.7393 28.4094 30.8322 27.8791 21.6756 21.4771 21.4034 17.5748 16.2962 19.2794 16.1059 15.8947 15.4197 16.4387 16.174 15.2398 15.1804 17.1679
threshold=0.48333333333333339 15.13058039051147 5.446138084545372 11.500000000000002 -1.2530839403026801 0.07546448594314191 15.500000000000002 0.043764441002198791 -0.78361957578518804 27.500000000000004 133.00000000000003 1.0000000180025095e-35 1.0000000180025095e-35 1.0000000180025095e-35 47.484748631825177 34.500000000000007 5.5816893903479796 32.500000000000007 14.500000000000002 3.5000000000000004 5.7830916203520326 4.5402900480898207 0.65023692081831774 -1.2877420863276781 6.5000000000000009 34.500000000000007 25.500000000000004 0.65023692081831774 10.500000000000002 -0.53144464011021608
decision_type=2 2 2 2 2 2 2 2 2 2 2 2 2 2 2 2 2 2 2 2 2 2 2 2 2 2 2 2 2 2
left_child=2 3 11 5 -3 6 7 9 18 -2 -6 -1 15 14 17 20 -4 -12 -5 27 21 -10 -9 -21 25 -25 -26 -7 -17 -30
right_child=1 4 16 8 10 19 -8 22 12 -11 13 -13 -14 -15 -16 28 -18 -19 -20 23 -22 -23 -24 24 26 -27 -28 -29 29 -31
leaf_value=0.0071409959086937208 0.00093921751032585276 -0.010006053622762648 0.014957084568715029 -0.011720228083620984 -0.0019988226380755962 0.0011913887143028385 -0.0014613915861561042 0.0010587492630109228 0.0024275351497929764 0.00084426002711910199 -0.0029387502949326087 0.0007292969473449354 -0.0050112683537212668 -0.0092404205082272511 -0.0072170230615461479 -0.0048246469657841498 0.010118776857522091 -0.0042903323181866368 -0.0022572617246258259 -0.0065266321125683775 -0.001548561475724524 -0.00069406052434183311 -0.00078380151367719473 0.00020709915966704605 -0.0020556861297896371 -0.0069153817996788812 -0.00065192892544303164 -0.0028680883426688611 -0.0055087278810183812 -0.0010314988602716962
leaf_weight=57541 962 13722 38220 7049 13561 58 3596 202 291 995 28666 4847 2792 3442 7687 2611 19612 11600 4317 1412 11497 5007 2115 3298 5429 441 4418 2473 1334 4302
leaf_count=57541 962 13722 38220 7049 13561 58 3596 202 291 995 28666 4847 2792 3442 7687 2611 19612 11600 4317 1412 11497 5007 2115 3298 5429 441 4418 2473 1334 4302
internal_value=-0.000881944 -0.00746903 0.00696848 -0.00536355 -0.00919774 -0.00272963 0.00101652 0.00567852 -0.00707015 0.0133674 -0.00853455 0.00500241 -0.00593626 -0.00919155 -0.00887661 -0.00539054 0.00908943 -0.00832265 -0.00984691 -0.00441155 -0.00422149 -0.00192714 -0.000815709 -0.00376117 -0.00323642 -0.000502807 -0.0042744 -0.00826551 -0.00777131 -0.00631121
internal_weight=263497 143277 120220 64599 78678 25399 7870 4274 39200 1957 64956 62388 27834 51395 47953 25042 57832 40266 11366 17529 16795 5298 2317 14998 13586 3739 9847 2531 8247 5636
internal_count=263497 143277 120220 64599 78678 25399 7870 4274 39200 1957 64956 62388 27834 51395 47953 25042 57832 40266 11366 17529 16795 5298 2317 14998 13586 3739 9847 2531 8247 5636
is_linear=0
shrinkage=0.05


Tree=15
num_leaves=31
num_cat=0
split_feature=10 0 29 19 11 22 12 1 29 26 19 28 26 26 21 20 21 19 2 29 28 3 29 29 27 11 22 0 22 14
split_gain=5022.66 194.814 171.329 90.8471 68.6199 90.4554 86.6871 49.8567 38.7745 37.776 30.2803 28.8682 27.6983 26.4528 31.2216 20.9954 32.2017 20.8564 20.3234 18.6761 18.501 17.8964 17.481 17.3548 16.5966 15.5155 17.4699 14.5919 14.3908 12.7837
threshold=0.48333333333333339 5.3011333813679853 -0.8261228501704635 48.521988010920985 0.10556515692419723 8.5000000000000018 0.058107279812963389 133.00000000000003 -1.8577800261288111 1.0000000180025095e-35 0.65023692081831774 17.500000000000004 1.0000000180025095e-35 1.0000000180025095e-35 34.500000000000007 0.012633978948977347 31.500000000000004 44.203173123004881 -0.033810224491907188 0.026122464580513982 16.500000000000004 0.24756238712469233 0.62705200687072382 -0.12014600800388249 23.500000000000004 0.029282661969955132 9.5000000000000018 5.0690024785453636 16.500000000000004 4.2343533827342315
decision_type=2 2 2 2 2 2 2 2 2 2 2 2 2 2 2 2 2 2 2 2 2 2 2 2 2 2 2 2 2 2
left_child=1 9 8 4 5 6 11 -5 -2 -1 -8 18 19 14 24 16 -6 20 -4 23 25 -3 -20 -9 -7 26 -10 -19 -26 -17
right_child=2 21 3 7 15 13 10 12 17 -11 -12 -13 -14 -15 -16 29 -18 27 22 -21 -22 -23 -24 -25 28 -27 -28 -29 -30 -31
leaf_value=0.0067173820790057863 -0.012426992605951724 0.010279174869978251 0.0011002589053391886 -0.0011988982988565614 -0.0021998238892553426 -0.00092505659451469133 0.0010980164102969165 -0.0028210429488924084 0.0008024047178948106 0.00066495791243647131 -0.0013235616636883749 0.0012127703080219568 -0.0077088315851889331 -0.0054717095788815312 -0.0028554592492948195 -0.0021315552153255979 -0.0057857755573825689 -0.0057649636737973232 0.00079063532269751003 -0.0066976029935921768 -0.0059856178314106126 0.01356526240278621 0.00076320973852892328 -0.001237875754635454 0.0015419678737148121 -0.0032536045288359817 -0.0027649135059938002 -0.0012489599841398339 -0.00038126719352500409 2.0760724104590478e-05
leaf_weight=56893 10412 17692 975 17477 6312 6438 187 29000 484 4791 2408 579 3147 1181 2411 14584 4220 18673 542 5309 5803 41068 111 4413 688 3710 550 1292 1434 1246
leaf_count=56893 10412 17692 975 17477 6312 6438 187 29000 484 4791 2408 579 3147 1181 2411 14584 4220 18673 542 5309 5803 41068 111 4413 688 3710 550 1292 1434 1246
internal_value=-0.000827178 0.00670245 -0.00714324 -0.00605277 -0.0043118 -0.00183025 0.00397959 -0.00732349 -0.0098788 0.0047398 -0.0022158 0.0112642 -0.00825981 -0.00412607 -0.00336068 -0.00590774 -0.00763767 -0.00897974 0.0146744 -0.00789319 -0.00718119 0.00876276 0.0215008 -0.00745548 -0.00194509 -0.00486509 0.000551258 -0.00992988 0.00188973 -0.00475679
internal_weight=264030 120444 143586 102662 43316 16954 4802 59346 40924 61684 2595 2207 41869 12152 10971 26362 10532 30512 1628 38722 10547 58760 653 33413 8560 4744 1034 19965 2122 15830
internal_count=264030 120444 143586 102662 43316 16954 4802 59346 40924 61684 2595 2207 41869 12152 10971 26362 10532 30512 1628 38722 10547 58760 653 33413 8560 4744 1034 19965 2122 15830
is_linear=0
shrinkage=0.05


Tree=16
num_leaves=31
num_cat=0
split_feature=10 18 0 28 6 1 4 29 18 26 29 26 24 24 21 2 26 1 20 24 28 26 24 4 26 11 24 17 24 21
split_gain=4508.04 210.048 170.711 106.619 63.7048 48.8587 48.5098 45.601 33.7955 33.7933 29.2096 31.7462 28.6459 27.5856 25.2408 25.3004 23.6484 23.1518 22.7215 21.8793 21.8956 19.887 27.4955 19.5148 18.9649 18.5666 16.7787 16.4365 14.8237 30.1946
threshold=0.48333333333333339 18.942003188433187 5.3011333813679853 16.500000000000004 0.089147974015846856 233.00000000000003 -0.91706966442293736 -0.96610888091398417 0.9153330097459661 1.0000000180025095e-35 -1.2877420863276781 1.0000000180025095e-35 14.500000000000002 6.5000000000000009 32.500000000000007 -1.7070389538898059 1.0000000180025095e-35 185.00000000000003 0.012633978948977347 6.5000000000000009 8.5000000000000018 1.0000000180025095e-35 10.500000000000002 0.25048996713075433 1.0000000180025095e-35 0.088008169148439314 14.500000000000002 4.5000000000000009 6.5000000000000009 30.500000000000004
decision_type=2 2 2 2 2 2 2 2 2 2 2 2 2 2 2 2 2 2 2 2 2 2 2 2 2 2 2 2 2 2
left_child=2 3 9 4 5 13 12 -5 -6 -1 -10 14 19 -2 15 -12 17 26 -16 20 -3 22 -8 -4 27 -17 28 -14 29 -9
right_child=1 6 23 7 8 -7 21 16 10 -11 11 -13 24 -15 18 25 -18 -19 -20 -21 -22 -23 -24 -25 -26 -27 -28 -29 -30 -31
leaf_value=0.0063516051859893036 0.00074394971392935849 -0.0027879638808927173 0.0096594920569735045 -0.007466688161013083 0.00038104558753857421 0.00071134713775218702 -0.004837895170552723 0.000795062939032791 -0.0056871051374806541 0.00059166358751731993 0.00092951429986953848 -0.0054928503543540466 -0.0022166379459414259 -0.00096725381818575694 -0.00567122524400244 -0.00015402222551972981 -0.0046447980026408514 -0.0033697175324736064 -0.0012516157585156554 -0.015740010514411578 -0.009890128789427138 -0.0063591687759493865 -0.0017127570167772312 0.013609156697447734 -0.011705565646440059 -0.0011389534051531433 -0.00068280225947948969 -0.0043976470071737236 -0.0051950374551383528 -0.0031818141156610387
leaf_weight=56744 1427 3238 23896 9022 2960 673 6667 1219 3023 4778 1865 2286 6132 3051 2330 4654 2732 7020 6462 8751 3473 1835 13904 34810 1579 15237 9778 17304 4958 1785
leaf_count=56744 1427 3238 23896 9022 2960 673 6667 1219 3023 4778 1865 2286 6132 3051 2330 4654 2732 7020 6462 8751 3473 1835 13904 34810 1579 15237 9778 17304 4958 1785
internal_value=-0.000824034 -0.00681198 0.00631625 -0.00512027 -0.00346183 0.00176277 -0.00897715 -0.00711727 -0.00415514 0.0044758 -0.00457902 -0.00414601 -0.0100104 -0.000125055 -0.0037207 -0.00280704 -0.00610505 -0.00561793 -0.00598157 -0.0117022 -0.00955446 -0.00711059 -0.00666569 0.00824498 -0.00896462 -0.00332914 -0.00465614 -0.00860727 -0.00636021 -0.00358855
internal_weight=263593 143365 120228 80482 43968 5151 62883 36514 38817 61522 35857 32834 40477 4478 30548 21756 27492 24760 8792 15462 6711 22406 20571 58706 25015 19891 17740 23436 7962 3004
internal_count=263593 143365 120228 80482 43968 5151 62883 36514 38817 61522 35857 32834 40477 4478 30548 21756 27492 24760 8792 15462 6711 22406 20571 58706 25015 19891 17740 23436 7962 3004
is_linear=0
shrinkage=0.05


Tree=17
num_leaves=31
num_cat=0
split_feature=10 29 0 24 26 2 22 1 19 1 29 17 26 19 29 17 0 29 0 11 4 17 28 27 24 24 2 27 22 29
split_gain=4127.95 154.557 154.27 94.1351 84.3336 79.8003 57.9349 55.0149 49.8963 33.3958 32.6809 26.1671 25.9128 25.4339 23.4963 22.5803 22.277 22.2286 19.5883 19.1185 17.4234 15.9661 15.1335 14.3585 13.8668 13.7125 13.6422 13.2085 12.4927 12.2509
threshold=0.51666666666666672 -0.69522441631592968 5.3011333813679853 14.500000000000002 1.0000000180025095e-35 -0.089270723784941969 6.5000000000000009 161.00000000000003 52.219901575810034 153.00000000000003 -0.022870959790247915 4.5000000000000009 1.0000000180025095e-35 15.998819282565686 -0.14093016171411588 4.5000000000000009 5.0517303177099064 -1.0000000180025095e-35 5.5389049343477952 0.03502285097609234 -0.17182479100248296 9.5000000000000018 9.5000000000000018 20.500000000000004 4.5000000000000009 10.500000000000002 -0.14123022173922664 14.500000000000002 11.500000000000002 0.032411862576377029
decision_type=2 2 2 2 2 2 2 2 2 2 2 2 2 2 2 2 2 2 2 2 2 2 2 2 2 2 2 2 2 2
left_child=2 3 12 16 5 7 8 13 17 -5 14 -11 -1 -3 15 -9 21 19 -4 27 -6 23 28 -2 -25 -18 -13 -7 -8 -15
right_child=1 4 18 9 20 6 22 10 -10 11 -12 26 -14 29 -16 -17 25 -19 -20 -21 -22 -23 -24 24 -26 -27 -28 -29 -30 -31
leaf_value=0.0060374926996187381 -0.01451945395752797 -0.00023802495643987666 0.01417443309153648 -0.00085550172873666459 -0.00717769128680974 0.0016827936986465982 0.00076496422554602601 -0.0014063039389795385 -0.0011635163992468201 -0.001541006214904271 -0.0069919065767294125 -0.0040166616816567149 0.00076091741630617102 -0.0011327798208673101 -0.00097069045894157915 -0.0031574822358019054 -0.0023864238875029435 0.00066941763603928228 0.0097558618152483526 0.00082863233437087272 -0.0032325804664972732 -0.011042309003453323 -0.0010545811406458803 -0.0030402778315069714 -0.010616522019757048 0.00051020195298238588 -0.00096870505544956263 0.00073067197589118797 -0.00016091249316412028 -0.0033034868979202959
leaf_weight=56764 14418 5039 23706 4598 4421 121 294 8482 566 5190 6372 13981 4760 27823 5697 19096 2177 290 35263 231 2601 1683 5098 1814 5269 412 870 657 2022 4158
leaf_count=56764 14418 5039 23706 4598 4421 121 294 8482 566 5190 6372 13981 4760 27823 5697 19096 2177 290 35263 231 2601 1683 5098 1814 5269 412 870 657 2022 4158
internal_value=-0.000844003 -0.00657693 0.00597786 -0.00880624 -0.00536808 -0.00493763 -0.000558249 -0.00546767 0.00731904 -0.00659645 -0.00676192 -0.00747817 0.00422632 -0.00408158 -0.00613373 -0.00673762 -0.0109188 0.0127175 0.00780529 0.016224 -0.0106366 -0.01141 -0.00253979 -0.0117771 -0.00993364 -0.00651989 -0.00854622 0.0199743 0.000811746 -0.00460179
internal_weight=263873 143380 120493 50412 92968 85946 9279 76667 1865 24639 39647 20041 61524 37020 33275 27578 25773 1299 58969 1009 7022 23184 7414 21501 7083 2589 14851 778 2316 31981
internal_count=263873 143380 120493 50412 92968 85946 9279 76667 1865 24639 39647 20041 61524 37020 33275 27578 25773 1299 58969 1009 7022 23184 7414 21501 7083 2589 14851 778 2316 31981
is_linear=0
shrinkage=0.05


Tree=18
num_leaves=31
num_cat=0
split_feature=10 18 0 28 13 4 22 12 11 27 24 18 19 4 24 24 27 4 0 24 27 21 18 22 22 21 27 0 21 2
split_gain=3751.47 189.986 137.339 95.9506 57.813 44.6478 44.4537 111.261 42.7803 42.6253 42.0713 32.6625 26.9044 25.2885 21.6164 19.8157 23.0258 20.2431 18.0483 17.8253 24.7406 25.1724 16.6148 23.0238 21.226 15.4225 15.4106 14.3108 13.4962 12.2437
threshold=0.48333333333333339 18.942003188433187 5.446138084545372 16.500000000000004 0.10937195610428289 -0.25513800502060524 15.500000000000002 0.043764441002198791 0.086214048492554624 29.500000000000004 14.500000000000002 37.582006658413199 1.4198908949445443 -0.25513800502060524 14.500000000000002 6.5000000000000009 21.500000000000004 -0.4702168439600225 5.5389049343477952 14.500000000000002 2.5000000000000004 29.500000000000004 1.582428381686475 15.500000000000002 6.5000000000000009 32.500000000000007 14.500000000000002 5.2192758234586298 34.500000000000007 -1.7070389538898059
decision_type=2 2 2 2 2 2 2 2 2 2 2 2 2 2 2 2 2 2 2 2 2 2 2 2 2 2 2 2 2 2
left_child=2 3 -1 4 6 19 7 8 9 26 15 27 -9 -8 -7 16 -3 -17 -4 20 21 -5 23 -6 -24 -18 -2 -12 -21 -26
right_child=1 10 18 5 22 14 13 12 -10 -11 11 -13 -14 -15 -16 17 25 -19 -20 28 -22 -23 24 -25 29 -27 -28 -29 -30 -31
leaf_value=0.0052656983975760251 -0.00039197132771346305 -0.0063704704598628844 0.013656655851057228 0.00078589212278699298 0.001132027818140412 -0.003489874837446642 -0.0023189859236607767 0.0011196473352918924 -0.00047345136103944644 0.00071912293736467578 -0.0022627685123215971 -0.0046178581845722011 -0.00075575169050030454 -0.00016976120062479414 -0.00063208691679017136 -0.014957831823573076 -0.0018603558790097714 -0.0045115287674863331 0.0091656183733736674 -0.0016030591493984597 -0.010408362340362187 -0.011321630668378053 -0.0024171141448806888 -0.0019813775746657931 -0.00014629795399677024 -0.0080524713579015819 0.00085205018612904678 0.00084970024132508145 -0.0036225922209507308 -0.0014133043985938799
leaf_weight=62404 76 5033 22809 770 1306 8253 3509 288 549 623 25363 12691 4541 4422 8752 9261 4255 4857 35304 6838 7304 1436 6627 1195 2234 1334 1213 117 3244 17333
leaf_count=62404 76 5033 22809 770 1306 8253 3509 288 549 623 25363 12691 4541 4422 8752 9261 4255 4857 35304 6838 7304 1436 6627 1195 2234 1334 1213 117 3244 17333
internal_value=-0.000800253 -0.0062645 0.0057026 -0.00465589 -0.0030802 -0.00654671 -0.000589316 0.00222908 0.0108818 0.0144142 -0.00832319 -0.00728223 -0.00218057 -0.00317993 -0.00467215 -0.00992926 -0.00829787 -0.0111567 0.00745169 -0.00817374 -0.0097266 -0.00508613 -0.00440146 -0.000507796 -0.00477323 -0.00608874 0.0196043 -0.00625 -0.00670899 -0.00394491
internal_weight=263941 143424 120517 80513 43916 36597 15221 7290 2461 1912 62911 38171 4829 7931 17005 24740 10622 14118 58113 19592 9510 2206 28695 2501 26194 5589 1289 25480 10082 19567
internal_count=263941 143424 120517 80513 43916 36597 15221 7290 2461 1912 62911 38171 4829 7931 17005 24740 10622 14118 58113 19592 9510 2206 28695 2501 26194 5589 1289 25480 10082 19567
is_linear=0
shrinkage=0.05


Tree=19
num_leaves=31
num_cat=0
split_feature=10 4 0 28 2 22 26 19 17 20 19 22 26 1 22 19 28 6 27 0 14 0 0 6 0 22 20 4 26 27
split_gain=3444.77 142.616 119.954 72.5466 81.6448 78.3823 68.6106 39.516 32.0658 30.8607 29.3585 24.595 24.3041 21.7084 20.9051 44.9266 20.7071 20.0591 20.0089 19.9981 19.2821 18.6564 16.3926 16.2679 15.6115 15.2531 14.1023 13.7229 13.2515 12.9251
threshold=0.48333333333333339 -0.91706966442293736 5.446138084545372 14.500000000000002 -0.12642407371067743 12.500000000000002 1.0000000180025095e-35 16.666583340791949 4.5000000000000009 0.70711280391660625 1.4198908949445443 13.500000000000002 1.0000000180025095e-35 249.00000000000003 6.5000000000000009 0.65023692081831774 16.500000000000004 0.063193627739669814 27.500000000000004 4.7012900704448422 4.9520513275900795 5.5254869140418341 5.1286703667030071 0.053754574504335205 4.8212977052136194 15.500000000000002 0.70940201632684652 0.044107279634450804 1.0000000180025095e-35 8.5000000000000018
decision_type=2 2 2 2 2 2 2 2 2 2 2 2 2 2 2 2 2 2 2 2 2 2 2 2 2 2 2 2 2 2
left_child=2 3 12 4 8 17 7 14 13 27 11 -10 -1 -2 15 -3 20 18 -6 -5 23 -4 -18 25 -15 -11 -16 29 -12 -9
right_child=1 6 21 19 5 -7 -8 9 10 16 28 -13 -14 24 26 -17 22 -19 -20 -21 -22 -23 -24 -25 -26 -27 -28 -29 -30 -31
leaf_value=0.0055721961052231286 -0.0021807891113369746 0.00090283559950950134 0.013671661791004281 -0.0065861553002846424 0.00070457615748701805 -0.0028999577185049299 -0.0044047762175055188 -0.0016601936801881149 0.0013657653122281929 0.00070361978364264291 -0.0036965906799727114 -0.0056618006966230794 0.00066143472810416487 -0.00049866074051184612 8.4453220668820632e-05 -0.00038217993110093519 -0.0023900498358651072 0.0013536418294824999 0.00069284739642262521 -0.0037499238419230552 0.00022102187227870091 0.0090243734386485312 -0.00044848796146401416 -0.001420867109144284 0.0024232087499929545 -0.00049925164019549431 -0.0014465329860569689 -0.00075748349299459923 -0.010822464773973549 0.00061805960703688702
leaf_weight=57642 7328 669 16599 16091 311 1036 6612 665 348 225 19959 200 4877 2679 3259 1625 19882 470 196 18564 1846 41357 2195 23837 129 589 5670 5899 1087 2156
leaf_count=57642 7328 669 16599 16091 311 1036 6612 665 348 225 19959 200 4877 2679 3259 1625 19882 470 196 18564 1846 41357 2195 23837 129 589 5670 5899 1087 2156
internal_value=-0.000759804 -0.00599253 0.00547417 -0.00764437 -0.00599413 0.00377049 -0.00448868 -0.00401929 -0.00661361 -0.00455074 -0.0077026 0.00372263 0.00395512 -0.00429361 -0.00130624 0.00295118 -0.00504241 0.0139304 0.0208284 -0.00925119 -0.00410009 0.00711281 -0.00617339 -0.00446919 -0.000555554 0.00248157 -0.00240004 -0.00181193 -0.00800009 0.00105636
internal_weight=264002 143527 120475 68398 33743 2013 75129 68517 31730 57294 21594 548 62519 10136 11223 2294 48574 977 507 34655 26497 57956 22077 24651 2808 814 8929 8720 21046 2821
internal_count=264002 143527 120475 68398 33743 2013 75129 68517 31730 57294 21594 548 62519 10136 11223 2294 48574 977 507 34655 26497 57956 22077 24651 2808 814 8929 8720 21046 2821
is_linear=0
shrinkage=0.05


Tree=20
num_leaves=31
num_cat=0
split_feature=10 29 0 26 13 24 20 21 28 11 22 2 26 27 0 0 24 24 14 4 0 0 0 28 21 24 0 17 17 9
split_gain=3092.93 149.687 115.796 98.4238 84.539 57.5793 51.7744 51.6908 41.4143 52.321 77.9181 34.112 23.4274 22.753 21.9461 21.1746 19.3768 27.3251 25.8625 18.982 18.5895 17.1942 16.9785 14.7617 13.9519 13.9218 12.394 15.1428 10.0584 9.85147
threshold=0.48333333333333339 -1.0072396594512696 5.446138084545372 1.0000000180025095e-35 0.12153294968008681 14.500000000000002 0.012633978948977347 32.500000000000007 13.500000000000002 0.044462934737891265 11.500000000000002 -0.067339956733051556 1.0000000180025095e-35 27.500000000000004 4.9965635965540569 4.7412328621058295 10.500000000000002 6.5000000000000009 4.7154153011772566 -0.28343323907410845 5.0085047394125981 5.5389049343477952 5.0690024785453636 7.5000000000000009 33.500000000000007 14.500000000000002 5.0448809385801114 4.5000000000000009 9.5000000000000018 0.53936924082412008
decision_type=2 2 2 2 2 2 2 2 2 2 2 2 2 2 2 2 2 2 2 2 2 2 2 2 2 2 2 2 2 2
left_child=2 5 12 4 8 22 7 23 9 10 11 29 -1 -13 -5 24 17 18 26 -10 -18 -4 28 -6 -7 -21 27 -8 -2 -3
right_child=1 3 21 14 6 15 16 -9 19 -11 -12 13 -14 -15 -16 -17 20 -19 -20 25 -22 -23 -24 -25 -26 -27 -28 -29 -30 -31
leaf_value=0.005218070676187115 -0.01237266904119344 0.00097441325600945705 0.012354413986841607 -0.007135975591814051 -0.0014530493841947551 -0.0030387676610813138 0.00032716296483059675 -0.0050188763557787938 -0.0021867931478746099 -0.00065996009139068421 -0.00053502412878467817 0.00064955186772860127 0.00049223214166377305 0.00063231150419317591 -0.0024327372543626927 -0.00091589673915473029 -0.0014794863577901941 -0.0054002249477524186 0.0014934078447147111 -0.0023139753789623088 -0.0002028989900944777 0.0083344601542958679 -0.0016549270346282526 -0.0023923400198715603 -0.0059746828100137629 -0.00014566743594747486 -0.0028132763711631575 -0.002660443892410999 -0.0093887535202000216 -0.0031750891201988707
leaf_weight=57660 16548 934 22748 5922 7157 5206 1136 10090 7875 11473 2774 553 4899 427 2641 4066 17268 3631 636 3837 7903 35243 1561 17671 2691 5530 1777 3486 978 102
leaf_count=57660 16548 934 22748 5922 7157 5206 1136 10090 7875 11473 2774 553 4899 427 2641 4066 17268 3631 636 3837 7903 35243 1561 17671 2691 5530 1777 3486 978 102
internal_value=-0.000694 -0.00564393 0.00521361 -0.00479787 -0.00437464 -0.0087182 -0.00535439 -0.00672461 -0.00230562 -0.000495602 0.00389353 0.011374 0.00372161 0.0180612 -0.00995095 -0.00599849 -0.00401931 -0.00580536 -0.00398721 -0.00401287 -0.00326248 0.00682313 -0.0104228 -0.00549823 -0.00750791 -0.00249173 -0.00494296 -0.00357854 -0.0108679 0.00504826
internal_weight=264423 143873 120550 112823 104260 31050 70755 34918 33505 16263 4790 2016 62559 980 8563 11963 35837 10666 7035 17242 25171 57991 19087 24828 7897 9367 6399 4622 17526 1036
internal_count=264423 143873 120550 112823 104260 31050 70755 34918 33505 16263 4790 2016 62559 980 8563 11963 35837 10666 7035 17242 25171 57991 19087 24828 7897 9367 6399 4622 17526 1036
is_linear=0
shrinkage=0.05


Tree=21
num_leaves=31
num_cat=0
split_feature=21 29 4 11 24 19 22 6 1 19 21 24 21 24 27 24 24 20 1 29 28 14 4 21 24 4 22 13 1 22
split_gain=2861.7 138.319 99.5488 76.0472 53.4158 43.8514 66.695 69.0985 40.8506 39.5629 37.9455 29.0823 33.9034 25.1116 22.0685 19.4564 31.6412 17.5996 16.9263 16.2997 14.8874 15.89 14.8 13.6276 12.6588 12.4494 10.5749 14.1401 10.1013 10.0945
threshold=15.000000000000002 -1.0072396594512696 0.17254456956901179 0.14220164680872774 14.500000000000002 46.288837328121666 6.5000000000000009 0.063193627739669814 161.00000000000003 0.65023692081831774 32.500000000000007 6.5000000000000009 34.500000000000007 14.500000000000002 14.500000000000002 6.5000000000000009 14.500000000000002 0.016334962040818041 157.00000000000003 0.62705200687072382 11.500000000000002 4.4075011028639119 -0.31750909884288875 33.500000000000007 15.500000000000002 -0.21650765130726377 14.500000000000002 0.083497588071038145 113.00000000000001 8.5000000000000018
decision_type=2 2 2 2 2 2 2 2 2 2 2 2 2 2 2 2 2 2 2 2 2 2 2 2 2 2 2 2 2 2
left_child=2 4 -1 5 17 6 7 14 20 -9 15 12 26 -13 -3 -10 -17 -2 -6 -16 21 -5 -15 -20 -22 -7 27 -8 -23 -18
right_child=1 3 -4 8 18 25 11 9 10 -11 -12 13 -14 22 19 16 29 -19 23 -21 24 28 -24 -25 -26 -27 -28 -29 -30 -31
leaf_value=0.0051516168138229339 -0.014004425197367484 0.0011256065904110472 0.010193260349033444 -0.0011148354265918955 -0.00033989783352677308 -0.0021206465309478238 0.0014045070773184534 0.001239087240198618 -0.0010997197354432676 -0.00030632643331728569 -0.0040436838378766432 -0.0064352539913491756 -0.0044113199148967134 -0.0015891971016037537 0.00062817006483132547 -0.0091470729670330032 -0.0025164491312405046 -0.0055666867486644268 -0.0021494646060158844 0.00054876956935436037 -0.0031394176904927136 0.0021446351945787552 -0.0001814098137547059 -0.0044490638166348028 -0.00100416157313608 -0.00075846352155862216 0.00069298692264032388 0.00099308820455570076 -0.00010762835344184513 -0.0015686889705102366
leaf_weight=78261 11447 240 42004 10393 1750 9872 355 354 5354 3344 13297 2861 628 5352 691 3428 6842 7643 6473 123 8166 401 4767 3696 10123 10228 1685 427 859 12733
leaf_count=78261 11447 240 42004 10393 1750 9872 355 354 5354 3344 13297 2861 628 5352 691 3428 6842 7643 6473 123 8166 401 4767 3696 10123 10228 1685 427 859 12733
internal_value=-0.000673206 -0.00544018 0.00501601 -0.00462536 -0.00839692 -0.00290615 -0.00129831 0.00390573 -0.00560813 0.000686859 -0.00662073 -0.0028367 0.00151858 -0.00387519 0.0151992 -0.00558733 -0.00621919 -0.0100367 -0.00577062 0.0191278 -0.00419945 -0.00280271 -0.0027058 -0.00655227 -0.0050894 -0.00457214 0.0041589 0.0089642 0.0025 -0.00544317
internal_weight=263797 143532 120265 112523 31009 40927 20827 4752 71596 3698 41654 16075 3095 12980 1054 28357 23003 19090 11919 814 29942 11653 10119 10169 18289 20100 2467 782 1260 19575
internal_count=263797 143532 120265 112523 31009 40927 20827 4752 71596 3698 41654 16075 3095 12980 1054 28357 23003 19090 11919 814 29942 11653 10119 10169 18289 20100 2467 782 1260 19575
is_linear=0
shrinkage=0.05


Tree=22
num_leaves=31
num_cat=0
split_feature=21 18 4 29 26 21 18 4 27 22 2 18 19 22 26 27 29 27 26 19 29 20 21 29 29 29 22 18 20 28
split_gain=2534.87 163.455 96.1186 87.0517 75.8711 56.1074 54.9992 36.5532 36.3906 39.6459 64.8768 29.1588 26.9516 27.6778 26.4042 26.2331 25.2382 19.703 17.0365 16.5917 16.4245 16.2784 16.2734 14.5248 14.2014 16.7414 12.6867 17.2939 12.3393 12.2975
threshold=15.000000000000002 21.941426293570924 0.19106950438603915 -0.94655401024601937 1.0000000180025095e-35 32.500000000000007 10.849431867776707 -0.56778403148787893 19.500000000000004 20.500000000000004 -0.043598602390772297 54.342627197387607 0.65023692081831774 7.5000000000000009 1.0000000180025095e-35 9.5000000000000018 -2.0687998472287839 24.500000000000004 1.0000000180025095e-35 29.959022625934345 -2.0687998472287839 0.3948836546645465 34.500000000000007 -1.0000000180025095e-35 0.051237293850239694 -0.17608147380662598 7.5000000000000009 0.45961432632493199 0.70857181380311984 1.5000000000000002
decision_type=2 2 2 2 2 2 2 2 2 2 2 2 2 2 2 2 2 2 2 2 2 2 2 2 2 2 2 2 2 2
left_child=2 3 18 15 5 6 8 -7 26 10 12 14 -10 19 16 28 -3 -6 -1 -14 -17 -9 24 -8 25 -18 27 -5 -2 -15
right_child=1 11 -4 4 17 7 23 21 9 -11 -12 -13 13 29 -16 20 22 -19 -20 -21 -22 -23 -24 -25 -26 -27 -28 -29 -30 -31
leaf_value=0.0051115788498976161 -0.011159233845641136 -0.010515273923055939 0.0097976584086472418 0.0024472308689366972 -0.0043149909778982913 -0.0040854625774939916 -0.00077335679437116889 -7.2765222424031842e-05 0.00099291236614804557 -0.00035274648561306834 0.00057328250696393745 -0.0063066548166940684 -0.0012378047435530552 -0.00033753097521940285 -0.0077464437147120747 -0.0068923528583678386 -0.002586377256676957 -0.0017806078510845078 0.0014186080846073405 0.00061794332760698139 -0.0018897793424540066 -0.001158344484884671 -0.0038405495429252364 -0.0039195780397299511 -0.0058930542630507496 -0.00093324433571759192 -0.00064025724643497885 7.6481686964399657e-06 -0.0043160162584063083 0.0020630568526761035
leaf_weight=73361 4966 2974 40394 329 4827 5501 20468 3666 215 3543 590 7190 1228 395 2871 2162 24008 1131 6462 1125 8211 15058 7410 2570 2886 5104 8690 1800 2633 1593
leaf_count=73361 4966 2974 40394 329 4827 5501 20468 3666 215 3543 590 7190 1228 395 2871 2162 24008 1131 6462 1125 8211 15058 7410 2570 2886 5104 8690 1800 2633 1593
internal_value=-0.000630768 -0.00512617 0.00472196 -0.00384141 -0.0030714 -0.002589 -0.00149532 -0.0045098 0.000458275 0.002868 0.00567042 -0.00734817 0.00365013 0.00279429 -0.00687822 -0.00695749 -0.00656387 -0.00847768 0.00371622 -0.000875477 -0.00532247 -0.00345706 -0.00622868 -0.00314958 -0.00573973 -0.00540808 -0.00147703 0.00198215 -0.00918937 0.00713783
internal_weight=263361 143144 120217 90701 72729 66771 42546 24225 19508 8689 5146 52443 4556 4341 45253 17972 42382 5958 79823 2353 10373 18724 39408 23038 31998 29112 10819 2129 7599 1988
internal_count=263361 143144 120217 90701 72729 66771 42546 24225 19508 8689 5146 52443 4556 4341 45253 17972 42382 5958 79823 2353 10373 18724 39408 23038 31998 29112 10819 2129 7599 1988
is_linear=0
shrinkage=0.05


Tree=23
num_leaves=31
num_cat=0
split_feature=0 18 0 28 29 19 11 22 12 18 27 4 29 22 28 13 19 0 27 0 22 19 29 29 27 27 27 22 22 18
split_gain=2256.54 151.699 132.171 91.1667 60.901 44.6206 42.3956 93.3855 70.1459 40.7099 38.3725 24.3804 20.946 20.362 22.0084 19.502 17.5537 15.9461 15.5011 15.4348 14.3742 14.0184 13.0128 23.0005 12.5866 12.3635 12.2409 12.1152 10.2858 10.9174
threshold=5.1497057863820919 12.560022105663213 5.3011333813679853 18.500000000000004 -1.2877420863276781 23.21291170634921 0.093350665611367803 13.500000000000002 0.029023125979080067 39.41889611950149 29.500000000000004 -0.32717719882239965 -0.63765016794120266 9.5000000000000018 16.500000000000004 0.032962577965557856 0.65023692081831774 5.0026325636191329 13.500000000000002 5.6015078027592979 3.5000000000000004 0.65023692081831774 -0.10693060515370321 0.6935744829748387 1.5000000000000002 7.5000000000000009 29.500000000000004 3.5000000000000004 18.500000000000004 2.413183686715783
decision_type=2 2 2 2 2 2 2 2 2 2 2 2 2 2 2 2 2 2 2 2 2 2 2 2 2 2 2 2 2 2
left_child=1 3 5 6 25 -2 7 8 10 13 15 -9 -5 -6 -15 18 -10 -16 -1 -4 21 -8 28 -24 -14 -3 -18 -12 29 -22
right_child=2 4 19 12 9 -7 20 11 16 -11 27 -13 24 14 17 -17 26 -19 -20 -21 22 -23 23 -25 -26 -27 -28 -29 -30 -31
leaf_value=-0.00037682964033513742 0.003925405489919963 -0.01436834641602302 0.0094405726244465547 -0.0042217318457685674 -0.0025733828945897212 -0.00019750611628999 0.0018044687990593227 -0.0020453951149845863 0.0010672790572619714 -0.0043584070169271297 0.00087503207739328133 6.0709090974329982e-05 0.00035517518541001444 -0.0012456588999829668 -0.0030720593559107954 0.0010987746911992867 0.00067309735775106282 -0.00063978612244714817 0.00070623839593784835 0.0057559553756522559 0.0014374427050051033 -0.0017744253058458804 0.00069405816826304445 -0.0023014649734501374 -0.0015504032550069215 -0.0052125282989262155 -0.002573342015795837 -0.0025065307657740525 -0.0016104822089640231 -0.0008681924246892169
leaf_weight=65 60225 5046 44239 8586 19394 7077 61 3316 256 13935 251 3546 1136 23294 12971 456 2041 2845 831 14381 1001 2652 2814 1229 10577 9189 603 415 5503 5270
leaf_count=65 60225 5046 44239 8586 19394 7077 61 3316 256 13935 251 3546 1136 23294 12971 456 2041 2845 831 14381 1001 2652 2814 1229 10577 9189 603 415 5503 5270
internal_value=-0.000617768 -0.00505168 0.00421618 -0.00287656 -0.00632173 0.00270438 -0.00113989 0.00120543 0.00646401 -0.0057342 0.0136224 -0.00256339 -0.00546973 -0.00515571 -0.00449885 0.0184615 0.00148276 -0.00593829 0.0227455 0.00595189 -0.00263087 -0.00599336 -0.00205412 0.000393274 -0.00409459 -0.00931155 0.000272316 0.0037988 -0.00289451 -0.00151012
internal_weight=263205 137283 125922 50609 86674 67302 30310 11780 4918 72439 2018 6862 20299 58504 39110 1352 2900 15816 896 58620 18530 2713 15817 4043 11713 14235 2644 666 11774 6271
internal_count=263205 137283 125922 50609 86674 67302 30310 11780 4918 72439 2018 6862 20299 58504 39110 1352 2900 15816 896 58620 18530 2713 15817 4043 11713 14235 2644 666 11774 6271
is_linear=0
shrinkage=0.05


Tree=24
num_leaves=31
num_cat=0
split_feature=10 0 27 0 21 24 6 1 0 20 24 24 21 29 29 17 27 1 21 17 2 4 20 13 13 1 29 4 27 27
split_gain=2073.47 129.419 86.1535 82.7263 62.6089 58.079 43.8322 43.3228 30.8117 29.0258 27.9884 40.1906 32.8848 24.8893 58.0403 21.4243 20.9173 20.6177 20.235 16.226 15.0365 14.1991 14.989 13.7591 13.5012 11.5595 11.3257 11.2369 10.0374 10.0254
threshold=0.51666666666666672 4.9041128417203437 9.5000000000000018 5.3011333813679853 32.500000000000007 14.500000000000002 0.13319415438563156 237.00000000000003 4.7512206636374144 1.2782096704950086 14.500000000000002 7.5000000000000009 31.500000000000004 -0.12669776607834848 0.006879990237007339 8.5000000000000018 21.500000000000004 149.00000000000003 34.500000000000007 4.5000000000000009 0.14821781559669323 -0.15598872721949522 0.70710804862122645 0.060731357493461202 0.20758951056781663 145.00000000000003 -1.6214020128300053 -0.51527502160955929 23.500000000000004 5.5000000000000009
decision_type=2 2 2 2 2 2 2 2 2 2 2 2 2 2 2 2 2 2 2 2 2 2 2 2 2 2 2 2 2 2
left_child=3 2 10 -1 6 13 7 28 26 21 11 12 29 -3 23 -13 -9 -6 -12 -10 -5 -7 -23 -15 -19 -21 -8 -11 -4 -2
right_child=1 5 4 20 17 9 8 16 19 27 18 15 -14 14 -16 -17 -18 24 -20 25 -22 22 -24 -25 -26 -27 -28 -29 -30 -31
leaf_value=0.0037689675921260277 -0.0014336913819894008 -0.0021041519778212882 -0.0013620057519983006 0.0059340587667456833 -0.0032520770963055182 0.00052282317688737286 -0.0075078991541200381 0.00048762596982034967 -0.00010023110331999704 0.00050132609114396842 -0.0016728681701011381 -0.019777903436571199 -0.0096323212586042276 0.00075648769664728459 -0.0022617498487110164 -0.0071104698520950017 0.00089779283803509608 -0.0031913271935133055 -0.0044084116947646669 -9.2482678648245808e-05 0.0086896807152213162 0.00028639431419420406 -0.0003374384224621433 0.00031612397326272299 -0.0049639835666030214 -0.001734104876884432 -0.0024860069901879835 -0.0010667616620863259 0.00047178238110669071 -0.010340408936638403
leaf_weight=61692 2646 14835 2011 16186 3783 3866 1754 487 5939 509 8092 9365 1245 867 4284 1437 572 5267 2380 1995 42577 4231 9032 1875 12304 7213 29112 7184 1074 391
leaf_count=61692 2646 14835 2011 16186 3783 3866 1754 487 5939 509 8092 9365 1245 867 4284 1437 572 5267 2380 1995 42577 4231 9032 1875 12304 7213 29112 7184 1074 391
internal_value=-0.000619404 -0.00467409 -0.00571451 0.00421942 -0.00482401 -0.00251076 -0.00385868 0.0010666 -0.00430226 -0.000855691 -0.00820629 -0.00958499 -0.00548575 -0.00439001 -0.00193851 -0.01121 0.00979226 -0.00709141 -0.0062204 -0.00245527 0.005562 0.000290152 -0.000487068 0.0037418 -0.0078123 -0.00376955 -0.00520864 -0.00340699 -0.00192869 -0.00268028
internal_weight=264205 143750 97067 120455 71511 46683 50157 4144 46013 24822 25556 15084 4282 21861 7026 10802 1059 21354 10472 15147 58763 17129 13263 2742 17571 9208 30866 7693 3085 3037
internal_count=264205 143750 97067 120455 71511 46683 50157 4144 46013 24822 25556 15084 4282 21861 7026 10802 1059 21354 10472 15147 58763 17129 13263 2742 17571 9208 30866 7693 3085 3037
is_linear=0
shrinkage=0.05


Tree=25
num_leaves=31
num_cat=0
split_feature=10 0 0 24 24 0 29 6 6 22 24 28 24 0 27 22 17 27 19 27 0 0 19 24 24 1 1 28 0 27
split_gain=1905.87 114.501 80.1032 61.0932 62.0582 68.846 51.4487 48.7471 45.3825 63.1648 43.6509 32.636 30.4392 26.869 22.6348 21.8431 21.1263 20.4906 18.782 18.3641 17.4556 16.3284 16.1214 15.5519 16.1476 15.339 14.5854 14.5644 14.2486 13.8085
threshold=0.95000000000000007 4.7867880060511725 5.3011333813679853 14.500000000000002 6.5000000000000009 5.0448809385801114 -1.2530839403026801 0.053754574504335205 0.11614345024925386 8.5000000000000018 10.500000000000002 7.5000000000000009 14.500000000000002 5.0763865755225819 32.500000000000007 9.5000000000000018 4.5000000000000009 3.5000000000000004 56.363302583958479 19.500000000000004 4.5790689627974688 5.5484946787729337 5.9288337448934518 14.500000000000002 6.5000000000000009 121.00000000000001 145.00000000000003 30.500000000000004 5.1227863320152851 12.500000000000002
decision_type=2 2 2 2 2 2 2 2 2 2 2 2 2 2 2 2 2 2 2 2 2 2 2 2 2 2 2 2 2 2
left_child=2 6 -1 4 7 -6 12 15 9 18 -7 13 -2 14 26 -3 19 27 29 23 22 -4 -18 24 -10 -5 -9 28 -13 -8
right_child=1 3 21 25 5 10 8 11 16 -11 -12 17 -14 -15 -16 -17 20 -19 -20 -21 -22 -23 -24 -25 -26 -27 -28 -29 -30 -31
leaf_value=0.0033464936830002049 -0.015256048313133855 0.00052140464210909327 0.0095455218196726088 -2.1857389756673056e-05 -0.0068876386189453496 -0.0019244823189969455 0.0016223235194616102 0.0011638392605952696 -0.0011044717038153637 -0.0021421422043801123 0.00059917264161954116 0.0020342397737420879 -0.0026826940878729891 -0.0022493693371803073 -0.0053771492401031374 0.0010663015592416538 0.0024030047921146515 -0.0019874672910989749 -0.0046056156466946245 -0.00068827615546803627 -0.0033547348987245235 0.0060086518191074766 -0.0061269127581759335 -0.0013650060372138542 -0.022741790794365287 -0.00058627231110645319 -4.6765330886923178e-05 -0.0032596592901804194 -0.0027247320820645276 0.00083763253949537247
leaf_weight=62566 8677 389 27981 11434 12638 2654 229 1965 427 2059 2619 669 5342 729 474 606 557 6621 121 6053 29144 31066 11680 6601 1095 26432 1747 410 120 623
leaf_count=62566 8677 389 27981 11434 12638 2654 229 1965 427 2059 2619 669 5342 729 474 606 557 6621 121 6053 29144 31066 11680 6601 1095 26432 1747 410 120 623
internal_value=-0.000541883 -0.00447384 0.00405294 -0.00302329 -0.00464492 -0.00658366 -0.00586244 -0.0021158 -0.00521139 0.000745384 -0.00178456 -0.00294857 -0.00858335 0.000244152 0.00178691 0.00854271 -0.00553647 -0.00495524 0.0112436 -0.00387063 -0.00610715 0.00537386 -0.00452235 -0.0054241 -0.00998029 -0.00166825 0.00310076 0.00105922 0.00503169 0.0138615
internal_weight=263728 142115 121613 69507 31641 17911 72608 13730 58589 3032 5273 12735 14019 4915 4186 995 55557 7820 973 14176 41381 59047 12237 8123 1522 37866 3712 1199 789 852
internal_count=263728 142115 121613 69507 31641 17911 72608 13730 58589 3032 5273 12735 14019 4915 4186 995 55557 7820 973 14176 41381 59047 12237 8123 1522 37866 3712 1199 789 852
is_linear=0
shrinkage=0.05


Tree=26
num_leaves=31
num_cat=0
split_feature=10 18 26 29 0 21 27 18 22 6 0 26 18 19 0 29 0 26 22 27 0 1 29 27 27 22 21 0 17 0
split_gain=1762.42 125.118 83.5728 77.3953 70.1853 56.0667 43.1142 44.6731 42.7959 62.6773 39.8522 36.3209 31.453 31.353 25.0753 24.8686 22.9493 21.3499 20.7769 20.3988 19.3146 18.7915 18.3362 17.5802 17.0684 17.4463 16.3459 15.9726 15.9175 15.0925
threshold=0.41666666666666674 20.639761824153961 1.0000000180025095e-35 -1.6214020128300053 5.446138084545372 34.500000000000007 11.500000000000002 10.405471555763617 16.500000000000004 0.053754574504335205 4.9594602393769431 1.0000000180025095e-35 54.342627197387607 1.4198908949445443 5.0321893123531218 -2.0687998472287839 4.6851294144313123 1.0000000180025095e-35 9.5000000000000018 24.500000000000004 5.0376407589987657 137.00000000000003 0.075512928506406354 27.500000000000004 29.500000000000004 5.5000000000000009 34.500000000000007 5.1089575002527212 5.5000000000000009 4.6207751646789132
decision_type=2 2 2 2 2 2 2 2 2 2 2 2 2 2 2 2 2 2 2 2 2 2 2 2 2 2 2 2 2 2
left_child=4 2 3 -2 17 6 14 8 9 18 -7 12 15 -11 -5 -3 -15 -1 23 -4 22 27 26 -8 25 -18 -17 -10 29 -9
right_child=1 11 19 5 -6 10 7 28 21 13 -12 -13 -14 16 -16 20 24 -19 -20 -21 -22 -23 -24 -25 -26 -27 -28 -29 -30 -31
leaf_value=0.0038825263543541978 -0.0060515728234860526 -0.0090143436930165792 -0.0045003862452636803 -0.0018993539589192213 0.0073594352346525137 -0.0036805395664763403 0.00052179042909839262 0.001506042142507813 0.00066441861198000916 0.0011292015668987914 -0.00047656018630220105 -0.0072548135226388538 -0.005219820588817984 -0.0037216020456241243 0.00013393178912092266 -0.0018638566077995773 8.1026899044233476e-05 -0.00032964383235372101 0.00098800746421487851 -0.0018084863610474599 -0.00021148324146979533 -0.00089221492231007955 -0.0058890699241449622 0.0004865107333855713 -0.00303455826365717 0.0014121003574300147 -0.0036016472013172896 -0.0010957168144263064 -0.0014378086985536477 -0.00034773260090866176
leaf_weight=57350 6672 3216 5558 13389 57851 9430 458 851 4127 569 10336 3459 7002 971 3093 30099 2140 4820 275 1209 3097 4462 3663 292 548 2649 6316 543 8079 11316
leaf_count=57350 6672 3216 5558 13389 57851 9430 458 851 4127 569 10336 3459 7002 971 3093 30099 2140 4820 275 1209 3097 4462 3663 292 548 2649 6316 543 8079 11316
internal_value=-0.000515463 -0.0042486 -0.00305622 -0.00260598 0.00395789 -0.0021381 -0.00130092 -0.000359441 0.00152753 0.00422172 -0.00441516 -0.00607261 -0.00575094 0.00250255 -0.00343041 -0.00527947 0.00148859 0.00279154 0.0157561 -0.0083922 -0.00496352 -0.000803766 -0.0052575 0.0200667 0.00277497 0.00373147 -0.0049183 0.00141328 -0.00194705 -0.000804634
internal_weight=263840 143819 86967 80200 120021 73528 53762 37280 17034 7902 19766 56852 53393 6877 16482 46391 6308 62170 1025 6767 43175 9132 40078 750 5337 4789 36415 4670 20246 12167
internal_count=263840 143819 86967 80200 120021 73528 53762 37280 17034 7902 19766 56852 53393 6877 16482 46391 6308 62170 1025 6767 43175 9132 40078 750 5337 4789 36415 4670 20246 12167
is_linear=0
shrinkage=0.05


Tree=27
num_leaves=31
num_cat=0
split_feature=10 0 27 26 24 6 22 4 21 6 26 24 21 0 24 19 1 24 20 4 26 24 24 1 29 0 27 21 0 4
split_gain=1580.01 107.76 68.4871 60.5224 64.9909 53.7657 74.8127 51.2761 41.6823 37.908 36.3787 35.4622 58.3954 47.0485 57.3038 42.502 22.3772 22.3237 21.2559 30.2148 20.9568 19.963 24.6292 21.4381 19.0659 18.9764 17.2474 17.0938 16.9203 16.9125
threshold=0.48333333333333339 4.8349268018409388 9.5000000000000018 1.0000000180025095e-35 14.500000000000002 0.1421017337975167 8.5000000000000018 0.20050477490729349 33.500000000000007 0.063193627739669814 1.0000000180025095e-35 6.5000000000000009 32.500000000000007 5.0517303177099064 10.500000000000002 49.138707003432394 129.00000000000003 10.500000000000002 1.2782096704950086 -0.49783181269883786 1.0000000180025095e-35 14.500000000000002 8.5000000000000018 129.00000000000003 -1.9534123769382994 4.7199269281688467 27.500000000000004 31.500000000000004 5.1227863320152851 -0.91706966442293736
decision_type=2 2 2 2 2 2 2 2 2 2 2 2 2 2 2 2 2 2 2 2 2 2 2 2 2 2 2 2 2 2
left_child=7 2 21 4 11 6 9 20 10 26 24 12 15 16 -15 28 -13 -18 -6 -20 -1 22 27 -24 -7 -26 -4 -2 -3 -10
right_child=1 3 5 -5 18 8 -8 -9 29 -11 -12 13 -14 14 -16 -17 17 -19 19 -21 -22 -23 23 -25 25 -27 -28 -29 -30 -31
leaf_value=0.0040847528111481735 -0.0042757957568016368 0.0010405579986623272 0.00054356612210753469 -0.0029758421908841052 0.00013166602288882775 -0.00923206815324429 -0.0017002794396924446 0.0076529694614801821 -0.0046556386358697207 0.00087415500027647692 -0.0074669977388747248 -0.012696380573079789 -0.0019464006045000295 -0.0018410593828605594 0.00091080875634946606 -0.00042404282510675827 -0.0050624030407968243 -0.00091792127294136518 0.00071843901777068496 -0.0008480437626407621 0.00035635420311956839 -0.002256519607272535 -0.003687201668950479 -0.019063392019598176 -0.0023986235411400966 -0.00063072879201922158 0.00082940242701332273 -0.0097844402878178496 -0.0032958881354542206 -0.0043669150304473554
leaf_weight=74299 3459 2396 339 5829 17676 1712 3081 39497 11657 781 2208 3411 5378 2659 1959 3976 3174 2554 1621 8319 6571 8823 881 7386 25366 14525 242 1203 129 2695
leaf_count=74299 3459 2396 339 5829 17676 1712 3081 39497 11657 781 2208 3411 5378 2659 1959 3976 3174 2554 1621 8319 6571 8823 881 7386 25366 14525 242 1203 129 2695
internal_value=-0.000517879 -0.00406256 -0.00520946 -0.00242497 -0.00189551 -0.00436971 0.000931804 0.00370625 -0.00477468 0.0106902 -0.00400858 -0.00370846 -0.00170721 -0.0054365 -0.00132308 0.00148131 -0.00751504 -0.00560579 -0.000212557 -0.00206237 0.00298504 -0.00762642 -0.00887772 -0.0105165 -0.00367666 -0.00345491 0.0203614 -0.00597168 0.00655446 -0.00711329
internal_weight=263806 143439 84358 59081 53252 62606 4443 120367 58163 1362 43811 25636 11879 13757 4618 6501 9139 5728 27616 9940 80870 21752 12929 8267 41603 39891 581 4662 2525 14352
internal_count=263806 143439 84358 59081 53252 62606 4443 120367 58163 1362 43811 25636 11879 13757 4618 6501 9139 5728 27616 9940 80870 21752 12929 8267 41603 39891 581 4662 2525 14352
is_linear=0
shrinkage=0.05


Tree=28
num_leaves=31
num_cat=0
split_feature=10 18 26 29 0 21 24 24 0 24 0 4 24 6 22 0 24 12 22 13 26 28 26 29 29 17 0 26 29 2
split_gain=1426.65 115.429 69.5663 63.7261 55.0214 52.962 59.1995 135.682 41.0411 37.267 35.5123 28.9472 26.8516 26.8332 40.7854 25.8363 23.4358 21.7988 33.8013 34.6913 21.6018 20.1629 20.0376 19.8339 21.0135 19.4861 18.204 17.6602 17.0466 16.9799
threshold=0.48333333333333339 19.214014412006815 1.0000000180025095e-35 -1.2877420863276781 5.446138084545372 34.500000000000007 6.5000000000000009 14.500000000000002 5.0931594919370946 14.500000000000002 4.725996250845899 -0.91706966442293736 10.500000000000002 0.063193627739669814 14.500000000000002 5.0690024785453636 14.500000000000002 0.096619454592744805 12.500000000000002 0.057630903916169221 1.0000000180025095e-35 13.500000000000002 1.0000000180025095e-35 -0.69522441631592968 -1.0000000180025095e-35 8.5000000000000018 5.0026325636191329 1.0000000180025095e-35 -0.17608147380662598 -1.6169592519082843
decision_type=2 2 2 2 2 2 2 2 2 2 2 2 2 2 2 2 2 2 2 2 2 2 2 2 2 2 2 2 2 2
left_child=4 2 3 16 22 6 8 15 13 23 27 -7 -13 14 -5 -8 -2 18 19 21 -12 -9 -1 -3 28 -15 -4 -11 -25 -19
right_child=1 9 26 5 -6 11 7 17 -10 10 20 12 -14 25 -16 -17 -18 29 -20 -21 -22 -23 -24 24 -26 -27 -28 -29 -30 -31
leaf_value=0.0034628229156805934 -0.0066042741645966465 -0.0075625299596644609 -0.0056147992588569074 0.00049893276321361839 0.006568887512219266 -0.0039610072490245951 -0.0098918979128894326 0.00082630538594454829 -0.00236631376505204 -0.0028985937612305288 -0.00055969704714592709 -0.0023736887720726941 -0.00027980903975146368 0.00081839458893902912 0.0006753353897223425 -0.00015624530139976138 -0.00054089308641524104 0.00072926874882764696 -7.7304467805526986e-05 0.00051507870244146218 -0.0036412358276558137 0.0017015991520001981 -0.00063547788592513801 -0.0024605250884455294 -0.0061485599286821577 -0.0043559142944902306 -0.001602435123719602 -0.010047057294185461 -1.9091648653849746e-05 -0.00043954539326984394
leaf_weight=57668 7306 12148 4301 587 57633 4630 7089 611 843 19971 14737 4155 8885 7432 681 1282 2035 2370 6405 2068 1712 533 4811 5856 4248 1028 2074 1041 2047 17301
leaf_count=57668 7306 12148 4301 587 57633 4630 7089 611 843 19971 14737 4155 8885 7432 681 1282 2035 2370 6405 2068 1712 533 4811 5856 4248 1028 2074 1041 2047 17301
internal_value=-0.000498731 -0.0038662 -0.00263208 -0.00220717 0.00352096 -0.00165933 -0.000801367 -0.00172947 0.00250497 -0.00549708 -0.00450789 -0.00400113 -0.00279524 0.00342208 0.010205 -0.00734321 -0.00607215 -0.000124965 0.00182593 0.00601183 -0.00276795 0.0129983 0.00249316 -0.0070221 -0.00559378 0.00240544 -0.00764706 -0.00586998 -0.00406934 -0.00107874
internal_weight=263488 143376 81616 75241 120112 65900 48230 37659 10571 61760 37461 17670 13040 9728 1268 8371 9341 29288 9617 3212 16449 1144 62479 24299 12151 8460 6375 21012 7903 19671
internal_count=263488 143376 81616 75241 120112 65900 48230 37659 10571 61760 37461 17670 13040 9728 1268 8371 9341 29288 9617 3212 16449 1144 62479 24299 12151 8460 6375 21012 7903 19671
is_linear=0
shrinkage=0.05


Tree=29
num_leaves=31
num_cat=0
split_feature=10 18 26 0 28 4 22 6 19 29 21 18 21 4 0 22 29 5 0 26 22 26 29 29 0 0 29 19 1 6
split_gain=1273.38 107.211 58.224 54.4311 52.4529 52.3897 47.0158 72.932 47.7311 33.99 39.4721 24.7761 24.4698 23.1135 20.65 18.9134 18.1104 17.883 17.1548 15.5705 13.5003 13.4845 12.6068 12.3728 12.166 12.1491 12.1381 11.468 10.2878 10.1491
threshold=0.7333333333333335 11.269544797355497 1.0000000180025095e-35 4.8459066944144054 18.500000000000004 0.20050477490729349 15.500000000000002 0.063193627739669814 1.050797484154723 -1.7690543140210224 33.500000000000007 54.342627197387607 31.500000000000004 -0.28343323907410845 4.9913979866649205 5.5000000000000009 -0.022870959790247915 0.40747828828078908 5.0026325636191329 1.0000000180025095e-35 3.5000000000000004 1.0000000180025095e-35 -0.49619527688194393 0.62705200687072382 5.1571965680458716 5.5179658713565738 -0.53032473659995172 29.050191801619054 257.00000000000006 0.089147974015846856
decision_type=2 2 2 2 2 2 2 2 2 2 2 2 2 2 2 2 2 2 2 2 2 2 2 2 2 2 2 2 2 2
left_child=5 4 3 9 6 19 7 15 -9 -3 11 16 20 21 17 23 29 -6 -4 -1 27 -8 -17 -2 -5 -7 -19 -10 -22 -11
right_child=1 2 18 24 14 25 13 8 12 10 -12 -13 -14 -15 -16 22 -18 26 -20 -21 28 -23 -24 -25 -26 -27 -28 -29 -30 -31
leaf_value=0.0035961059741428784 0.00049458102621032732 -0.0089211223387913093 -0.0073341812613635414 -0.00072806018026943175 0.0030587051476162657 0.0096981387498394304 -0.001216534589745525 0.0014101853167221177 -0.0013340985244316139 0.00044827026272164117 -0.0042463945571200824 -0.0043118920864827059 -0.00079113169711149281 -6.196444981816025e-05 -0.00029490165549695535 -0.0029871993002511723 -0.00585932057034014 -0.0039774754770478338 -0.0017213919868279159 0.00027915361300193505 0.00067855116314918752 -0.0050804575229381893 0.00059346043241178441 0.00032753354396429708 0.00010419612250013688 0.0058133612823430166 -0.001349819757068991 0.00035264601175536201 0.0018329347855130518 -0.0014838647606716026
leaf_weight=74222 725 6252 4933 23467 99 13856 6380 896 842 521 11544 4040 5789 6930 6330 217 3632 6991 1405 6532 3537 688 325 105 3195 25685 5978 847 536 37313
leaf_count=74222 725 6252 4933 23467 99 13856 6380 896 842 521 11544 4040 5789 6930 6330 217 3632 6991 1405 6532 3537 688 325 105 3195 25685 5978 847 536 37313
internal_value=-0.000446681 -0.00362703 -0.00458391 -0.00425759 -0.00167531 0.0033476 -0.000283638 0.00178522 0.000579257 -0.00505576 -0.00467222 -0.0040098 -0.000283091 -0.00232605 -0.003671 0.0127259 -0.00364564 -0.0048064 -0.00921584 0.00261746 0.0020236 -0.00433786 0.00546126 0.0174699 -0.00236254 0.00483878 -0.004968 -0.00173475 0.00358213 -0.00332188
internal_weight=263812 143517 96302 89964 47215 120295 27817 13819 12447 63302 57050 45506 11551 13998 19398 1372 41466 13068 6338 80754 5762 7068 542 830 26662 39541 12969 1689 4073 37834
internal_count=263812 143517 96302 89964 47215 120295 27817 13819 12447 63302 57050 45506 11551 13998 19398 1372 41466 13068 6338 80754 5762 7068 542 830 26662 39541 12969 1689 4073 37834
is_linear=0
shrinkage=0.05


Tree=30
num_leaves=31
num_cat=0
split_feature=21 18 26 29 0 28 2 22 13 24 26 0 21 5 0 18 0 0 24 24 21 21 24 21 27 0 26 22 11 24
split_gain=1164.8 102.485 72.9201 67.6499 49.6262 39.3075 41.7208 85.2022 31.3568 29.9129 31.3707 33.5689 29.121 27.6576 26.876 20.4154 19.4275 19.0403 17.8737 30.3757 29.6796 24.5389 17.5506 17.5207 16.3259 16.2104 16.0529 15.2867 16.933 15.1324
threshold=15.000000000000002 26.7162527832748 1.0000000180025095e-35 -1.5596558316951226 5.446138084545372 19.500000000000004 -0.089270723784941969 8.5000000000000018 0.018644057129502966 10.500000000000002 1.0000000180025095e-35 4.7041876600984978 31.500000000000004 0.91641013932226756 4.973239364658367 10.405471555763617 4.9965635965540569 4.9798296441859744 14.500000000000002 7.5000000000000009 31.500000000000004 34.500000000000007 15.500000000000002 33.500000000000007 27.500000000000004 5.5816893903479796 1.0000000180025095e-35 18.500000000000004 0.107220772433804 10.500000000000002
decision_type=2 2 2 2 2 2 2 2 2 2 2 2 2 2 2 2 2 2 2 2 2 2 2 2 2 2 2 2 2 2
left_child=4 2 3 17 26 6 12 8 24 -3 11 -11 13 -5 18 27 -4 22 19 20 -7 -20 -2 -21 -8 -6 -1 28 -15 -16
right_child=1 9 16 5 25 14 7 -9 -10 10 -12 -13 -14 15 29 -17 -18 -19 21 23 -22 -23 -24 -25 -26 -27 -28 -29 -30 -31
leaf_value=0.0030908599746806067 -0.011394996006730671 -0.0054540654139572185 -0.0052418074448814956 -0.00103888985085537 0.0071232495173743056 0.00075892299975869844 0.0004475950832215519 -0.00013713112273417287 0.00043135107490758096 -0.0034097140082106885 -0.0072896481849933671 -0.0007233685330374248 -0.00092907968815376116 0.0013123052124717205 -0.0013614072059506717 -0.00023955611027977141 -0.0015616342969124709 -0.00057398522900767627 -0.00033840159142602502 -0.012219216267265293 -0.0068758667124776658 -0.002769681027893621 -0.0010997232219257299 -0.0019012433958516984 0.00048150697816747712 0.0040262274866576849 -0.00044452700206089302 -6.9049167565190357e-05 0.00045180990213306189 3.6032544129345981e-05
leaf_weight=57741 5866 10669 5369 7755 38319 2219 530 5095 634 14715 2174 11296 19489 1720 3473 16426 2658 1774 6262 4787 1240 3495 1141 1405 384 19658 4825 3230 2730 6667
leaf_count=57741 5866 10669 5369 7755 38319 2219 530 5095 634 14715 2174 11296 19489 1720 3473 16426 2658 1774 6262 4787 1240 3495 1141 1405 384 19658 4825 3230 2730 6667
internal_value=-0.000413351 -0.00346194 -0.00264574 -0.00226418 0.00320832 -0.00184451 -0.00108823 0.00264037 0.0129134 -0.00565399 -0.00480042 -0.00431817 -0.00157059 -0.000639338 -0.00332882 0.000196218 -0.00722437 -0.00644801 -0.0044188 -0.00594446 -0.00219138 -0.0029097 -0.00761952 -0.00804102 0.0188403 0.00426221 0.00223172 0.00232422 0.00422472 -0.0012426
internal_weight=263746 143203 104349 96322 120543 87541 57993 6643 1548 38854 28185 26011 51350 31861 29548 24106 8027 8781 19408 9651 3459 9757 7007 6192 914 57977 62566 7680 4450 10140
internal_count=263746 143203 104349 96322 120543 87541 57993 6643 1548 38854 28185 26011 51350 31861 29548 24106 8027 8781 19408 9651 3459 9757 7007 6192 914 57977 62566 7680 4450 10140
is_linear=0
shrinkage=0.05


Tree=31
num_leaves=31
num_cat=0
split_feature=0 18 28 24 24 0 26 22 2 0 17 0 17 19 27 27 27 24 4 22 18 24 24 28 24 22 27 28 26 22
split_gain=1029.48 94.0256 58.2256 53.7651 57.3919 48.7699 47.1983 43.1987 55.3187 39.9112 37.8526 37.2619 35.806 33.346 32.0955 39.088 30.1304 23.5363 23.1932 21.7547 21.05 19.1502 25.1868 17.6401 17.2997 16.4932 16.2266 24.0867 16.0091 15.3923
threshold=5.1571965680458716 11.269544797355497 18.500000000000004 14.500000000000002 6.5000000000000009 5.446138084545372 1.0000000180025095e-35 19.500000000000004 -0.053304017702522861 4.9665426635412357 4.5000000000000009 4.7512206636374144 4.5000000000000009 1.4198908949445443 18.500000000000004 27.500000000000004 29.500000000000004 10.500000000000002 -0.28343323907410845 13.500000000000002 59.307370038592801 14.500000000000002 7.5000000000000009 9.5000000000000018 10.500000000000002 4.5000000000000009 5.5000000000000009 31.500000000000004 1.0000000180025095e-35 17.500000000000004
decision_type=2 2 2 2 2 2 2 2 2 2 2 2 2 2 2 2 2 2 2 2 2 2 2 2 2 2 2 2 2 2
left_child=1 2 7 4 10 28 11 8 13 12 29 20 -6 19 -10 -16 25 -11 -9 -1 -5 22 26 -12 -14 -15 27 -4 -2 -3
right_child=5 3 21 6 9 -7 -8 18 14 17 23 -13 24 16 15 -17 -18 -19 -20 -21 -22 -23 -24 -25 -26 -27 -28 -29 -30 -31
leaf_value=0.001408605864800048 0.0018927385713586418 -0.0008517701741100911 0.0021430993646626927 -0.0017479382483744849 -0.019393718247823665 0.0054607550321985263 -0.0042597309654746124 -0.0016404131525193238 0.00059552790733665361 -0.0022030929422827278 -0.0010878240268149531 -0.00029964915743357456 -0.0098016380878347981 -0.00043818802894617694 0.00041020531417640502 0.00040524384830708122 -0.0017063363026435354 0.00037609084659794392 -3.771605616388698e-05 -0.0015993680719361932 -0.0041201051144640578 -0.00050285921665838148 -0.0066256159349967177 -0.003874058234239152 -0.004331141030301828 0.00082184205578011516 -0.002272106288104148 -0.0034436031443154818 -0.0006378247062167261 0.0011431824636347206
leaf_weight=1048 62173 2180 1346 27540 4819 57833 4322 5763 857 1827 5563 21068 5936 3147 503 629 3420 1772 5632 256 2906 8772 6262 6357 6635 5998 1500 482 5285 2008
leaf_count=1048 62173 2180 1346 27540 4819 57833 4322 5763 857 1827 5563 21068 5936 3147 503 629 3420 1772 5632 256 2906 8772 6262 6357 6635 5998 1500 482 5285 2008
internal_value=-0.000429162 -0.00339925 -0.00154006 -0.00431181 -0.00578726 0.00285519 -0.00333154 -7.37522e-05 0.0016137 -0.00751012 -0.00354234 -0.00291047 -0.00850201 0.000495351 0.00941177 0.0149382 -0.000294468 -0.00271742 -0.00242211 0.00810583 -0.0040291 -0.00371637 -0.00526069 -0.00497903 -0.00709729 0.00120284 -0.00174579 0.00141685 0.0019418 0.000546802
internal_weight=263839 138548 45615 92933 37097 125291 55836 27253 15858 20989 16108 51514 17390 13869 1989 1132 12565 3599 11395 1304 30446 18362 9590 11920 12571 9145 3328 1828 67458 4188
internal_count=263839 138548 45615 92933 37097 125291 55836 27253 15858 20989 16108 51514 17390 13869 1989 1132 12565 3599 11395 1304 30446 18362 9590 11920 12571 9145 3328 1828 67458 4188
is_linear=0
shrinkage=0.05


Tree=32
num_leaves=31
num_cat=0
split_feature=10 0 26 28 6 26 24 24 21 18 0 24 0 22 6 18 4 21 0 21 24 5 22 4 21 1 1 18 24 21
split_gain=964.33 98.3487 51.9484 44.1515 49.2752 43.9821 46.1837 36.4044 49.391 52.5085 47.0799 39.4803 32.2078 30.8687 36.5715 25.6898 24.1721 23.5144 21.9689 16.9038 24.927 16.8571 15.5932 15.4734 15.1764 15.0645 14.138 13.1608 13.1486 15.8827
threshold=0.41666666666666674 4.8066698993475034 1.0000000180025095e-35 22.500000000000004 0.16159424001309894 1.0000000180025095e-35 14.500000000000002 6.5000000000000009 34.500000000000007 8.5080550058377042 5.0321893123531218 10.500000000000002 5.446138084545372 6.5000000000000009 0.063193627739669814 46.090845381258767 -0.23779191060514679 34.500000000000007 5.1227863320152851 32.500000000000007 10.500000000000002 0.87998661605927075 9.5000000000000018 -0.25513800502060524 33.500000000000007 249.00000000000003 153.00000000000003 2.2161319225417695 14.500000000000002 29.500000000000004
decision_type=2 2 2 2 2 2 2 2 2 2 2 2 2 2 2 2 2 2 2 2 2 2 2 2 2 2 2 2 2 2
left_child=12 2 3 4 13 6 7 8 9 18 16 -12 -1 14 -2 17 19 25 26 -9 -21 -8 -11 28 -23 -6 -3 -19 29 -5
right_child=1 5 -4 23 15 -7 21 10 -10 22 11 -13 -14 -15 -16 -17 -18 27 -20 20 -22 24 -24 -25 -26 -27 -28 -29 -30 -31
leaf_value=0.0026284217816595666 0.00049087390784320574 0.0011006343109319142 -0.0082609162329880491 -0.0050075006194097689 -0.0015960103638472838 -0.002333677762172397 -0.00039462343849082046 -0.0049933050722919207 -0.0020061877574389002 -0.0015127256361674312 -0.0013737705585603055 0.00086470164231073395 0.0052490201881235793 -0.00049254885368202306 0.00051595728784783134 -0.003780110179008938 -0.010038283700374321 3.6860781314594799e-05 -0.0020623724024529224 -0.0030320353489112239 0.0014587016657691958 0.00029958742367790177 -4.3530278812103598e-05 -0.0038102929234917846 -0.00016275205564340184 -0.00033088754781195013 0.0002606173689319291 -0.0044458025035885099 -0.0021653378897502815 -0.01232564013226049
leaf_weight=62279 449 2345 3761 2134 29626 6414 8051 3859 4100 1476 3087 2293 57806 3043 783 7724 3758 749 282 1165 949 14446 4193 3112 8387 7397 777 5544 7211 6661
leaf_count=62279 449 2345 3761 2134 29626 6414 8051 3859 4100 1476 3087 2293 57806 3043 783 7724 3758 749 282 1165 949 14446 4193 3112 8387 7397 777 5544 7211 6661
internal_value=-0.000389105 -0.00315157 -0.00434918 -0.00405949 -0.00334358 -0.00172364 -0.00129732 -0.00275703 -0.000835799 0.00122231 -0.00443187 -0.000678437 0.00291835 0.00181287 0.00849026 -0.00377547 -0.00650704 -0.00330178 0.00613102 -0.00453039 -0.000936612 3.95038e-05 -0.00172517 -0.00613087 0.000733151 -0.00282149 0.00733825 -0.00612744 -0.00675809 -0.00805571
internal_weight=263861 143776 78194 74433 55315 65582 59168 28284 13173 9073 15111 5380 120085 4275 1232 51040 9731 43316 3404 5973 2114 30884 5669 19118 22833 37023 3122 6293 16006 8795
internal_count=263861 143776 78194 74433 55315 65582 59168 28284 13173 9073 15111 5380 120085 4275 1232 51040 9731 43316 3404 5973 2114 30884 5669 19118 22833 37023 3122 6293 16006 8795
is_linear=0
shrinkage=0.05


Tree=33
num_leaves=31
num_cat=0
split_feature=10 0 26 26 24 24 21 0 18 21 29 6 22 24 0 21 18 24 0 24 18 18 29 24 24 17 17 18 0 9
split_gain=891.441 92.2145 51.1625 42.6959 43.7119 50.7642 61.0587 52.7214 50.8874 37.8284 45.3047 44.7879 40.5849 36.4026 29.3069 27.6807 27.3081 24.541 23.8648 21.8349 21.4612 15.2052 14.6082 17.0364 33.5808 19.6787 17.4238 14.3703 13.9658 14.4511
threshold=0.41666666666666674 4.7720400331370492 1.0000000180025095e-35 1.0000000180025095e-35 14.500000000000002 6.5000000000000009 34.500000000000007 5.0085047394125981 10.405471555763617 34.500000000000007 -1.7690543140210224 0.12914358936969636 7.5000000000000009 10.500000000000002 5.446138084545372 33.500000000000007 54.342627197387607 10.500000000000002 5.1227863320152851 14.500000000000002 14.405193574437424 8.6764120889635752 -0.0063250976508995574 5.5000000000000009 14.500000000000002 5.5000000000000009 6.5000000000000009 35.316506877593163 5.0931594919370946 1.0000000180025095e-35
decision_type=2 2 2 2 2 2 2 2 2 2 2 2 2 2 2 2 2 2 2 2 2 2 2 2 2 2 2 2 2 2
left_child=14 2 9 4 5 6 8 15 18 10 19 12 20 -9 -1 27 22 -17 -3 -2 -12 -6 23 -13 25 -25 -26 -7 29 -15
right_child=1 3 -4 -5 21 7 -8 13 -10 -11 11 16 -14 28 -16 17 -18 -19 -20 -21 -22 -23 -24 24 26 -27 -28 -29 -30 -31
leaf_value=0.0025608008008532416 -0.016265723965968853 0.00089395931637229343 -0.0093856033178780357 -0.0023116834150883566 0.00024286250265548334 -0.0093828346057239793 -0.0021193161967783688 -0.0014613002658118112 -0.00040609686956910736 -0.0042088632154443813 0.00087747871367382382 3.877252711564228e-05 -0.00055482821055380643 0.0010710694091734944 0.0050642071576601291 -0.0035636805363116492 -0.003942486698448446 0.0011658461012767497 -0.0018514319791246257 -0.00013644091585221784 -0.0032169612231762582 -0.00019664210244849375 -0.005505136467780644 -0.01149949663845974 -0.00050554829100896669 -0.0044160860906536769 -0.0037923099762864538 -0.00040113361766685443 0.00099401948126996622 -0.0025510990620624691
leaf_weight=62287 4094 4042 3105 7189 12516 7452 4410 3619 6085 12772 758 4938 1913 643 57641 1410 4236 1222 370 783 176 23423 3489 2344 18018 3366 8802 624 1512 620
leaf_count=62287 4094 4042 3105 7189 12516 7452 4410 3619 6085 12772 758 4938 1913 643 57641 1410 4236 1222 370 783 176 23423 3489 2344 18018 3366 8802 624 1512 620
internal_value=-0.000364701 -0.00301756 -0.0043402 -0.00180657 -0.00141888 -0.00276266 -0.000629904 -0.00462168 0.00144422 -0.00404375 -0.00345428 -0.00298813 0.00309449 -0.00102909 0.00281911 -0.0067669 -0.00337132 -0.00231383 0.00553264 -0.00804593 0.0116381 -0.000222042 -0.00297605 -0.00268789 -0.00310329 -0.00658494 -0.00236204 -0.00821818 0.00327928 -0.000601741
internal_weight=263859 143931 68794 75137 67948 32009 14907 17102 10497 65689 52917 48040 2847 6394 119928 10708 45193 2632 4412 4877 934 35939 40957 37468 32530 5710 26820 8076 2775 1263
internal_count=263859 143931 68794 75137 67948 32009 14907 17102 10497 65689 52917 48040 2847 6394 119928 10708 45193 2632 4412 4877 934 35939 40957 37468 32530 5710 26820 8076 2775 1263
is_linear=0
shrinkage=0.05


Tree=34
num_leaves=31
num_cat=0
split_feature=10 0 26 26 24 24 0 17 24 18 0 0 28 6 22 28 1 24 17 24 6 26 27 27 0 17 18 18 20 5
split_gain=782.558 87.385 48.8298 40.8204 40.1401 44.9636 46.5489 43.3805 38.4462 36.4086 31.6415 27.9077 27.7003 33.7802 49.009 21.4804 20.4978 21.7949 23.2053 19.5013 18.008 16.0546 15.9169 15.0605 14.8348 14.4983 13.8188 13.3587 13.1316 13.0215
threshold=0.41666666666666674 4.7720400331370492 1.0000000180025095e-35 1.0000000180025095e-35 14.500000000000002 6.5000000000000009 5.0085047394125981 4.5000000000000009 10.500000000000002 20.936565974487191 5.446138084545372 5.0848964481369547 13.500000000000002 0.11191186438626136 12.500000000000002 7.5000000000000009 161.00000000000003 10.500000000000002 4.5000000000000009 14.500000000000002 0.071444036019819121 1.0000000180025095e-35 32.500000000000007 27.500000000000004 5.5816893903479796 4.5000000000000009 59.307370038592801 8.6764120889635752 0.068600125457805736 0.40747828828078908
decision_type=2 2 2 2 2 2 2 2 2 2 2 2 2 2 2 2 2 2 2 2 2 2 2 2 2 2 2 2 2 2
left_child=10 2 9 4 5 7 16 11 -8 12 21 20 13 14 23 22 -7 -18 -19 -11 -3 -1 27 -2 -12 -15 -21 -9 -10 -14
right_child=1 3 -4 -5 -6 6 8 15 28 19 24 -13 29 25 -16 -17 17 18 -20 26 -22 -23 -24 -25 -26 -27 -28 -29 -30 -31
leaf_value=0.0026086822363007717 0.00086544715255078741 0.00064363699837296368 -0.0089125879944652441 -0.0021844077299391996 -2.1080972835601594e-05 -0.0087479239865458341 -0.0014236159635172541 0.00072196177313199703 -0.0026699809833271148 -0.0051034485986064179 0.0059516616055043685 -0.0016468420776333294 0.0027762303179944565 0.00025446440121575824 -0.002066829327522978 -0.0013719921411003279 -0.004561903574773974 -0.0068520584522890268 0.00098611893144668976 -0.0015852960870222626 0.00079273351939212078 -0.0008044624855378786 -0.0040472226118498152 0.00057412754932243413 0.003116740023181764 -0.0016441951318045243 -0.0033765048347963187 -0.00011139955708407983 0.00094735253859266227 -0.0024898236694085251
leaf_weight=57490 426 557 3094 7135 35845 5726 3648 1160 370 13500 38182 769 135 3704 581 6508 2651 678 1689 19475 3279 4840 543 249 19682 9413 3042 2008 2346 15182
leaf_count=57490 426 557 3094 7135 35845 5726 3648 1160 370 13500 38182 769 135 3704 581 6508 2651 678 1689 19475 3279 4840 543 249 19682 9413 3042 2008 2346 15182
internal_value=-0.000308024 -0.00279801 -0.00408453 -0.00161643 -0.00123773 -0.00252693 -0.00427344 -0.000511332 -0.000884663 -0.00379548 0.00266919 0.00351792 -0.00249916 -0.000922562 0.00691083 -0.00232704 -0.00628071 -0.00394779 -0.000460497 -0.00486409 0.00526069 0.00188754 0.000708705 0.0160741 0.00351117 -0.00167264 -0.00396323 0.0020644 0.00361929 -0.00397858
internal_weight=263907 143713 68801 74912 67777 31932 17108 14824 6364 65707 120194 4605 29690 14373 1256 10219 10744 5018 2367 36017 3836 62330 3711 675 57864 13117 22517 3168 2716 15317
internal_count=263907 143713 68801 74912 67777 31932 17108 14824 6364 65707 120194 4605 29690 14373 1256 10219 10744 5018 2367 36017 3836 62330 3711 675 57864 13117 22517 3168 2716 15317
is_linear=0
shrinkage=0.05


Tree=35
num_leaves=31
num_cat=0
split_feature=0 18 26 27 22 6 19 29 4 27 18 21 27 27 17 2 0 4 27 0 26 5 22 0 0 0 18 29 21 0
split_gain=722.444 78.0525 43.2185 37.9649 46.9732 74.5109 50.3415 37.3722 36.0075 35.6584 32.3499 24.538 24.5829 23.9325 23.0801 18.2855 17.9773 17.069 15.0026 14.4325 14.4183 13.8425 13.5932 13.3144 12.4409 12.2122 11.8709 11.7491 12.2641 11.3669
threshold=5.1497057863820919 10.174782549762595 1.0000000180025095e-35 11.500000000000002 13.500000000000002 0.053754574504335205 0.65023692081831774 -2.1968687689319921 0.25048996713075433 27.500000000000004 52.454160089108875 32.500000000000007 9.5000000000000018 28.500000000000004 5.5000000000000009 -0.11161934049214291 4.7012900704448422 -0.28343323907410845 28.500000000000004 4.8022471230451886 1.0000000180025095e-35 0.66249135497708289 3.5000000000000004 4.5649191543146843 4.9041128417203437 4.9913979866649205 6.5952997166681353 -0.43523374887946648 27.500000000000004 5.5155068481256215
decision_type=2 2 2 2 2 2 2 2 2 2 2 2 2 2 2 2 2 2 2 2 2 2 2 2 2 2 2 2 2 2
left_child=1 3 7 21 5 9 18 -3 20 -5 11 12 25 16 15 -14 -8 -6 -7 -13 26 23 -18 -1 -4 -9 -2 -23 -29 -10
right_child=8 2 24 4 17 6 13 10 29 -11 -12 19 14 -15 -16 -17 22 -19 -20 -21 -22 27 -24 -25 -26 -27 -28 28 -30 -31
leaf_value=0.0034110595935328359 0.002685011225878105 -0.0075428140104023189 -0.007123662763393844 0.00035832002284643516 -0.001105585822536097 0.0013288274605274639 -0.0023302302733010194 -0.0027757443457299613 0.0079247566455456341 0.0002691008049741451 -0.0032441519976969709 -0.0030789756652829753 -0.00027049290380781976 -0.0012303606706923122 -0.0013414697128381154 0.00085244620507536964 -3.4618664800954093e-05 2.1754384954011944e-05 0.0017782050760151427 -0.00073305621949389251 -0.00018071169798591623 -0.0025536851485864855 0.0010934608241145436 -0.00031587765418915445 -0.0020724017091784635 3.6041755728880262e-05 9.1622203600592397e-05 0.0017270359776060942 -0.00088903298667338839 0.0044264647421570066
leaf_weight=267 74716 5164 4135 526 8144 313 1091 12354 12335 604 7182 12056 22443 3146 17259 1253 1723 7292 409 11165 7408 7085 3175 1329 2267 1567 9435 388 4832 22492
leaf_count=267 74716 5164 4135 526 8144 313 1091 12354 12335 604 7182 12056 22443 3146 17259 1253 1723 7292 409 11165 7408 7085 3175 1329 2267 1567 9435 388 4832 22492
internal_value=-0.000329532 -0.00284233 -0.00361196 -0.000993948 0.000118837 0.00261764 0.0012235 -0.00333094 0.00239766 0.0147788 -0.00308083 -0.00278551 -0.00220898 0.000218939 -0.00159199 -0.000578999 0.0020738 -0.00165976 0.0139335 -0.00414797 0.00187715 -0.00310913 0.00336668 0.00127193 -0.007582 -0.00402414 0.00206332 -0.00367737 -0.00187739 0.00376604
internal_weight=263555 137169 96845 40324 26423 10987 9857 90443 126386 1130 85279 78097 54876 9135 40955 23696 5989 15436 722 23221 91559 13901 4898 1596 6402 13921 84151 12305 5220 34827
internal_count=263555 137169 96845 40324 26423 10987 9857 90443 126386 1130 85279 78097 54876 9135 40955 23696 5989 15436 722 23221 91559 13901 4898 1596 6402 13921 84151 12305 5220 34827
is_linear=0
shrinkage=0.05


Tree=36
num_leaves=31
num_cat=0
split_feature=10 18 28 17 6 22 24 24 24 21 21 3 26 26 21 7 21 22 18 22 26 13 6 24 22 22 24 24 5 28
split_gain=656.128 62.8772 51.5824 30.7701 26.9744 93.0415 24.7319 23.9835 42.1803 49.7476 29.778 23.481 21.1474 18.2089 18.0032 17.6291 14.8738 14.4909 13.7167 23.0594 13.0551 12.8891 12.8706 12.2711 13.6625 11.5071 10.5942 50.7408 12.841 11.3004
threshold=0.41666666666666674 26.7162527832748 21.500000000000004 5.5000000000000009 0.063193627739669814 8.5000000000000018 10.500000000000002 14.500000000000002 7.5000000000000009 33.500000000000007 29.500000000000004 0.24756238712469233 1.0000000180025095e-35 1.0000000180025095e-35 37.500000000000007 0.66221672086324612 32.500000000000007 8.5000000000000018 2.1845470747780564 12.500000000000002 1.0000000180025095e-35 0.29001584935344776 1.8839739249646514 7.5000000000000009 14.500000000000002 23.500000000000004 6.5000000000000009 14.500000000000002 3.5459849956140679 5.5000000000000009
decision_type=2 2 2 2 2 2 2 2 2 2 2 2 2 2 2 2 2 2 2 2 2 2 2 2 2 2 2 2 2 2
left_child=11 2 3 4 5 -2 23 8 10 15 -4 20 17 16 -9 -10 22 -8 19 -5 -1 -19 26 24 -3 -24 29 28 -28 -6
right_child=1 6 7 18 13 -7 12 14 9 -11 -12 -13 -14 -15 -16 -17 -18 21 -20 -21 -22 -23 25 -25 -26 -27 27 -29 -30 -31
leaf_value=0.0025630307887910143 0.00032552036501137148 -0.00466483763895426 0.001323212840967627 0.00087978958915339649 0.00078711484942582146 -0.000270915981395178 -0.0023582619020896794 -0.00023113604951120723 -0.0052318983901566279 -0.00032054733785434868 -0.0016877906375074568 0.0048891205122066073 -0.0056652753508709998 -0.002043485305140993 -0.0015914286450208759 -0.01604639486802234 -0.000594852039060699 -0.00031197412381864578 -0.0010081668075461005 -0.0010465913368677097 -0.00034925931866289217 -0.0015945524883100425 0.0015285912140973563 -0.008101967253806526 -0.0020891674888867885 -0.0014508863390683109 -0.0070280635019411624 8.79840584908291e-05 0.0023273377547695555 -0.00027519826391443077
leaf_weight=72300 838 3502 2003 1180 3313 2510 8552 10062 3736 2725 4529 41587 2154 2928 3736 5013 9748 8042 26687 2087 6235 9510 1992 3169 4044 426 2854 16004 124 2148
leaf_count=72300 838 3502 2003 1180 3313 2510 8552 10062 3736 2725 4529 41587 2154 2928 3736 5013 9748 8042 26687 2087 6235 9510 1992 3169 4044 426 2854 16004 124 2148
internal_value=-0.000319672 -0.00260048 -0.001962 -0.00122846 -0.000369592 0.00393967 -0.00431478 -0.00364199 -0.00484394 -0.00666986 -0.00163656 0.00240722 -0.00353917 -0.000734501 -0.00207349 -0.00850726 -0.00043104 -0.00314626 -0.0024581 0.00059994 0.00189852 -0.00232395 0.000176093 -0.00636024 -0.00526371 0.00365592 -0.000168145 -0.000726477 -0.00671927 0.00177257
internal_weight=263738 143616 104643 72839 42885 3348 38973 31804 18006 11474 6532 120122 28258 39537 13798 8749 36609 26104 29954 3267 78535 17552 26861 10715 7546 2418 24443 18982 2978 5461
internal_count=263738 143616 104643 72839 42885 3348 38973 31804 18006 11474 6532 120122 28258 39537 13798 8749 36609 26104 29954 3267 78535 17552 26861 10715 7546 2418 24443 18982 2978 5461
is_linear=0
shrinkage=0.05


Tree=37
num_leaves=31
num_cat=0
split_feature=10 18 28 24 12 22 11 27 29 3 29 29 4 13 27 17 4 1 22 18 11 22 24 24 27 28 18 22 27 13
split_gain=606.762 62.5777 40.095 31.1448 30.4668 59.4401 82.5126 30.6357 23.4479 23.3895 21.8357 24.0592 21.2187 20.3626 21.4919 20.0656 15.7985 14.5687 14.4048 14.1795 14.0891 12.2699 12.0296 29.3645 20.2577 14.2465 10.6599 18.6171 12.4829 10.1957
threshold=0.41666666666666674 15.849253963480669 18.500000000000004 14.500000000000002 0.10692433483270597 13.500000000000002 1.0000000180025095e-35 27.500000000000004 -0.90936145708900018 -0.44492068311751415 -1.0000000180025095e-35 -0.18126968021884013 0.084212524191725077 0.047099801587087466 13.500000000000002 4.5000000000000009 -0.37497390282451076 129.00000000000003 12.500000000000002 0.17587554226132504 0.79573476830300838 2.5000000000000004 7.5000000000000009 14.500000000000002 5.5000000000000009 31.500000000000004 1.2544728625078301 14.500000000000002 29.500000000000004 0.30216570868313297
decision_type=2 2 2 2 2 2 2 2 2 2 2 2 2 2 2 2 2 2 2 2 2 2 2 2 2 2 2 2 2 2
left_child=12 2 4 8 5 6 7 13 16 22 11 -10 -1 14 -2 -5 -3 -7 -17 -8 26 -9 24 -24 25 -4 27 -6 -28 -20
right_child=1 3 9 15 20 17 19 21 10 -11 -12 -13 -14 -15 -16 18 -18 -19 29 -21 -22 -23 23 -25 -26 -27 28 -29 -30 -31
leaf_value=0.0020867185463075413 -0.0010345343199530664 -0.0078331633055788909 0.0020553236068526323 -0.00019085561405328069 0.0013842867751885657 0.00019166693604106731 0.00078483130728236269 0.0009474704545153899 -0.0015787297080783781 -0.00020315109182358448 -0.0040447668048037419 0.00045157185559646141 0.0042144575432903333 0.0013868060640870275 0.00061902216889858468 -0.0017931076833018038 -0.0014998271142367152 -0.0010042340496091821 -0.00035084764942372031 6.7818608711124441e-05 0.00017048269904643625 0.00021933178027961806 -0.0072359449242091357 -0.00069531369049041834 -0.0023514135419877569 -0.0031264549650869217 -0.00052183054701040348 -0.0011383725916570284 -0.0019850368134250204 -0.0015325821864737884
leaf_weight=61011 70 9589 1523 10880 870 4152 228 282 9826 8604 5345 2917 59145 435 724 15825 2252 4614 9826 4081 6282 705 6693 8547 1299 413 14337 938 3289 8981
leaf_count=61011 70 9589 1523 10880 870 4152 228 282 9826 8604 5345 2917 59145 435 724 15825 2252 4614 9826 4081 6282 705 6693 8547 1299 413 14337 938 3289 8981
internal_value=-0.000259629 -0.00245417 -0.0013552 -0.003446 -0.000369204 0.00139821 0.0050115 0.012852 -0.00469879 -0.00284833 -0.00356645 -0.00244134 0.00236176 0.0181204 0.0228841 -0.00262216 -0.00642851 -0.00129135 -0.00321061 0.000979347 -0.00142013 0.00629179 -0.00385115 -0.00443898 -0.00108192 0.00215909 -0.00208552 0.0015708 -0.00246057 -0.00227522
internal_weight=263683 143527 68086 75441 41007 15291 6525 2216 29929 27079 18088 12743 120156 1229 794 45512 11841 8766 34632 4309 25716 987 18475 15240 3235 1936 19434 1808 17626 18807
internal_count=263683 143527 68086 75441 41007 15291 6525 2216 29929 27079 18088 12743 120156 1229 794 45512 11841 8766 34632 4309 25716 987 18475 15240 3235 1936 19434 1808 17626 18807
is_linear=0
shrinkage=0.05


Tree=38
num_leaves=31
num_cat=0
split_feature=0 0 24 24 21 21 18 0 0 24 18 21 29 6 22 18 22 27 17 24 21 1 0 0 6 1 18 11 24 5
split_gain=534.176 71.6515 44.0253 79.1491 62.5791 45.1412 36.112 28.4929 26.303 25.3771 24.9516 23.1839 34.8514 26.4706 41.2033 22.6351 21.3248 19.4002 19.7652 18.5413 17.417 18.0916 14.6331 14.2735 14.1217 13.0626 14.1525 13.6283 12.5546 15.8659
threshold=5.1571965680458716 4.725996250845899 14.500000000000002 6.5000000000000009 32.500000000000007 33.500000000000007 9.945141015626751 5.446138084545372 5.0448809385801114 10.500000000000002 54.342627197387607 34.500000000000007 -1.7690543140210224 0.11614345024925386 13.500000000000002 31.967459209194732 15.500000000000002 12.500000000000002 8.5000000000000018 14.500000000000002 34.500000000000007 117.00000000000001 5.5179658713565738 4.9296208115160445 0.063193627739669814 225.00000000000003 16.122118396709503 0.11385868482599069 7.5000000000000009 4.1755266833202755
decision_type=2 2 2 2 2 2 2 2 2 2 2 2 2 2 2 2 2 2 2 2 2 2 2 2 2 2 2 2 2 2
left_child=1 10 3 4 6 8 -3 -2 15 -7 11 12 19 14 17 28 -8 18 -14 -1 21 -4 -9 -22 -19 -15 27 -27 -5 -30
right_child=7 2 20 5 -6 9 16 22 -10 -11 -12 -13 13 25 -16 -17 -18 24 -20 -21 23 -23 -24 -25 -26 26 -28 -29 29 -31
leaf_value=-0.019051400812668887 0.0011218545058597283 0.00084645758161147893 0.00040421105802785446 -0.0049176899255518394 -0.0015051900225505649 -0.0017745302564736967 -0.0010536733969687333 0.0069196572999393321 -0.00028840805116897648 0.00049363758704412783 -0.0041198069701827954 -0.0041156484125743405 -0.0032942944057270268 -0.0022904099676337242 -0.0019982047142604693 -0.00089147364588378357 0.00071103280738697868 0.00045497117460347938 0.0032968774930768373 0.00049151851165836989 -0.0014930066413476207 -0.00010080040299018899 0.0033217179259024017 -0.00012954113026245615 0.0012125675762592345 0.0020897628084042882 -0.0010923934898514666 -0.00020373007580482238 -0.010428959466428266 0.0024390734797792805
leaf_weight=2878 67526 3824 6120 1363 6138 3260 2795 13407 1812 3315 5756 9374 273 22868 976 1705 3461 312 116 505 4939 29029 44426 6844 224 839 7595 2357 9566 128
leaf_count=2878 67526 3824 6120 1363 6138 3260 2795 13407 1812 3315 5756 9374 273 22868 976 1705 3461 312 116 505 4939 29029 44426 6844 224 839 7595 2357 9566 128
internal_value=-0.000243694 -0.00238552 -0.00147427 -0.00275484 -0.000127018 -0.00476996 0.00229663 0.00212047 -0.00632153 -0.0013308 -0.00380615 -0.00343544 -0.00289808 -0.00243673 0.00330353 -0.00712192 -4.31574e-05 0.0108649 0.00236504 -0.00774756 -0.000454699 0.000102991 0.002935 -0.0021183 0.0170336 -0.00276092 -0.00132703 0.00146433 -0.00794881 -0.00858056
internal_weight=263731 138372 84299 37367 16218 21149 10080 125359 14574 6575 54073 48317 38943 35560 1901 12762 6256 925 389 3383 46932 35149 57833 11783 536 33659 10791 3196 11057 9694
internal_count=263731 138372 84299 37367 16218 21149 10080 125359 14574 6575 54073 48317 38943 35560 1901 12762 6256 925 389 3383 46932 35149 57833 11783 536 33659 10791 3196 11057 9694
is_linear=0
shrinkage=0.05


Tree=39
num_leaves=31
num_cat=0
split_feature=0 0 26 24 24 21 18 21 24 26 0 0 18 24 24 20 13 18 24 22 0 11 24 24 0 22 18 13 13 21
split_gain=495.327 67.0884 50.3444 44.7566 69.7687 59.2592 41.5966 39.8722 30.4706 28.6901 24.5601 22.841 21.6114 19.6099 21.2231 19.3235 18.8927 17.7387 17.9342 16.0852 14.3911 14.096 14.0001 12.0145 11.994 11.1489 16.5898 12.8671 11.0662 13.0654
threshold=5.142527586041834 4.7199269281688467 1.0000000180025095e-35 14.500000000000002 6.5000000000000009 34.500000000000007 10.174782549762595 33.500000000000007 10.500000000000002 1.0000000180025095e-35 5.446138084545372 4.9665426635412357 21.941426293570924 22.500000000000004 6.5000000000000009 1.2782096704950086 0.088990345642022448 37.582006658413199 11.500000000000002 18.500000000000004 5.0690024785453636 0.15998370879165644 8.5000000000000018 10.500000000000002 5.5816893903479796 12.500000000000002 14.405193574437424 0.16835478749891125 0.51428954098832336 34.500000000000007
decision_type=2 2 2 2 2 2 2 2 2 2 2 2 2 2 2 2 2 2 2 2 2 2 2 2 2 2 2 2 2 2
left_child=1 9 3 4 5 6 -3 11 -9 12 -2 17 13 14 -1 20 -5 22 -19 -8 -13 25 -6 -17 -12 26 27 -15 -18 -30
right_child=10 2 -4 16 7 -7 19 8 -10 -11 24 15 -14 21 -16 23 28 18 -20 -21 -22 -23 -24 -25 -26 -27 -28 -29 29 -31
leaf_value=-0.00021409696211917227 0.0010341776293952014 0.00078651477071625198 -0.0023920171949783553 0.00034840947746493699 -0.0067704988171558428 -0.0022889019953733713 -0.00078744575780280738 -0.0017937922020654668 0.00079153172721682272 -0.0093586585853800662 0.0047345141184400317 -0.0076319878259846173 -0.0026607619069255448 0.001613683184018936 -0.003412363688502193 -0.00023925138985884616 -0.00027589672419563687 -0.0036824673661091339 0.0034413283415702365 0.00060371957458293848 0.00016052386309322109 -0.0011896531001017892 -0.010259727806282849 0.0030286024766173051 0.0022832929160250064 -0.0010039994983215945 -0.0017572755653553083 0.0013196646476216498 0.00032329355200893341 -0.00059641455328761578
leaf_weight=4026 69640 4597 7439 10263 2381 4158 4133 3206 2558 2156 38210 1470 27169 668 10221 523 20110 672 313 3329 889 5459 6472 372 19522 1220 521 544 8990 2303
leaf_count=4026 69640 4597 7439 10263 2381 4158 4133 3206 2558 2156 38210 1470 27169 668 10221 523 20110 672 313 3329 889 5459 6472 372 19522 1220 521 544 8990 2303
internal_value=-0.000222665 -0.00231922 -0.00144705 -0.00106634 -0.00238246 2.22001e-05 0.001797 -0.00445057 -0.000985426 -0.00373153 0.00201858 -0.00597617 -0.00348719 -0.00234697 -0.00347722 -0.00234481 4.15219e-05 -0.00717727 -0.000812182 -0.000507906 -0.0047181 -0.000432714 -0.00788546 0.00391062 0.00278113 0.00235015 0.00492787 0.00813531 -0.000567142 0.000685382
internal_weight=263534 136162 84178 76739 35073 16217 12059 18856 5764 51984 127372 13092 49828 22659 14247 3254 41666 9838 985 7462 2359 8412 8853 895 57732 2953 1733 1212 31403 11293
internal_count=263534 136162 84178 76739 35073 16217 12059 18856 5764 51984 127372 13092 49828 22659 14247 3254 41666 9838 985 7462 2359 8412 8853 895 57732 2953 1733 1212 31403 11293
is_linear=0
shrinkage=0.05


Tree=40
num_leaves=31
num_cat=0
split_feature=10 0 26 24 24 21 0 24 26 18 21 29 21 19 5 26 24 13 20 18 18 24 0 4 0 1 24 24 4 20
split_gain=461.217 72.1818 46.5415 39.3593 32.3245 45.982 44.9361 32.3729 27.9807 27.615 24.0811 20.8015 23.4978 22.4005 20.6835 20.1339 19.3103 18.5433 17.5483 15.9543 15.7096 17.0216 15.4266 15.362 15.0262 14.8489 14.1198 47.7552 32.5794 20.2698
threshold=0.41666666666666674 4.725996250845899 1.0000000180025095e-35 14.500000000000002 6.5000000000000009 34.500000000000007 4.9665426635412357 10.500000000000002 1.0000000180025095e-35 10.174782549762595 33.500000000000007 -3.1903952382278615 34.500000000000007 6.9078343150599979 0.75018944508697005 1.0000000180025095e-35 10.500000000000002 0.099686049338349639 0.068600125457805736 59.307370038592801 31.967459209194732 10.500000000000002 5.0026325636191329 0.25048996713075433 5.1162374101960539 129.00000000000003 6.5000000000000009 14.500000000000002 -0.4931170701548131 0.012633978948977347
decision_type=2 2 2 2 2 2 2 2 2 2 2 2 2 2 2 2 2 2 2 2 2 2 2 2 2 2 2 2 2 2
left_child=15 8 3 4 5 9 10 -8 11 24 20 -2 13 14 25 23 -12 -5 -9 26 -6 -22 -4 -1 -3 -13 28 29 -15 -28
right_child=1 2 22 17 6 -7 7 18 -10 -11 16 12 -14 19 -16 -17 -18 -19 -20 -21 21 -23 -24 -25 -26 -27 27 -29 -30 -31
leaf_value=0.002255541458066058 -0.013693733461700178 0.00072281678489179678 -0.0030533383813847927 0.00029113661776948747 -0.0091136626428871617 -0.0018113289904983069 -0.0012306857060794705 -0.0036473919086824043 -0.0080161088001764122 -0.00021340778731499682 -0.0030572860640731975 0.0032259118058481674 -0.0037219688985620754 0.000543306730493371 -0.00012441696959007608 -0.00022899967344009906 0.0011551541741409242 -0.00012541141284308095 0.00098478211259531091 -0.0036959849377337182 -0.0048823361325128906 0.0018815600150705323 -0.00077014925433747938 0.0045656640504162776 -0.0015688014123485536 0.0033026516158444676 -0.014764891502567521 -0.00098835208336417154 -0.0081545437893925776 -0.0031582949500640898
leaf_weight=78219 1551 4384 5229 12458 8069 4849 4499 507 2308 7700 1409 433 10067 4368 1364 9309 1242 31500 3014 3177 784 637 2702 32537 392 99 4441 22618 1670 2086
leaf_count=78219 1551 4384 5229 12458 8069 4849 4499 507 2308 7700 1409 433 10067 4368 1364 9309 1242 31500 3014 3177 784 637 2702 32537 392 99 4441 22618 1670 2086
internal_value=-0.00025544 -0.00216806 -0.0012951 -0.000939049 -0.00212933 -0.000545453 -0.0034904 -0.000586034 -0.00360802 0.00106044 -0.00540894 -0.00336835 -0.00319257 -0.00265227 0.00265295 0.0020314 -0.00119577 7.59828e-05 0.00300483 -0.00291449 -0.00658588 -0.00173821 -0.00495146 0.00221911 0.00404732 0.011015 -0.00260808 -0.00306399 -0.000407418 -0.00683162
internal_weight=263622 143557 89375 81444 37486 17325 20161 8020 54182 12476 12141 51874 50323 40256 1896 120065 2651 43958 3521 38360 9490 1421 7931 110756 4776 532 35183 29145 6038 6527
internal_count=263622 143557 89375 81444 37486 17325 20161 8020 54182 12476 12141 51874 50323 40256 1896 120065 2651 43958 3521 38360 9490 1421 7931 110756 4776 532 35183 29145 6038 6527
is_linear=0
shrinkage=0.05


Tree=41
num_leaves=31
num_cat=0
split_feature=10 26 18 24 24 21 21 24 4 21 17 17 4 27 27 1 1 1 24 24 18 27 1 24 26 17 17 17 17 12
split_gain=407.033 49.7775 41.7681 41.7184 78.2136 49.5422 43.2554 33.9921 28.1871 27.842 24.4809 24.4434 19.4295 17.2619 29.8759 16.6952 16.4312 16.2407 15.9577 15.9182 15.537 13.7159 11.8907 11.5793 11.3356 10.134 9.59791 9.48219 9.41724 9.40681
threshold=0.41666666666666674 1.0000000180025095e-35 42.406654588276702 14.500000000000002 6.5000000000000009 34.500000000000007 34.500000000000007 10.500000000000002 -0.4786115313729003 34.500000000000007 8.5000000000000018 5.5000000000000009 0.28723500240346106 24.500000000000004 4.5000000000000009 153.00000000000003 193.00000000000003 161.00000000000003 10.500000000000002 15.500000000000002 5.7830916203520326 20.500000000000004 161.00000000000003 4.5000000000000009 1.0000000180025095e-35 4.5000000000000009 9.5000000000000018 8.5000000000000018 4.5000000000000009 0.093161633204498343
decision_type=2 2 2 2 2 2 2 2 2 2 2 2 2 2 2 2 2 2 2 2 2 2 2 2 2 2 2 2 2 2
left_child=12 2 3 4 5 10 8 -8 25 11 13 29 24 14 23 19 -11 -10 -4 -3 27 -16 -7 -2 -1 -6 -22 -13 -19 -5
right_child=1 15 18 9 6 22 7 -9 17 16 -12 20 -14 -15 21 -17 -18 28 -20 -21 26 -23 -24 -25 -26 -27 -28 -29 -30 -31
leaf_value=0.0020793021367800537 0.00057341581039072075 -0.0059476344185784517 -0.0053482199972115377 0.00038816120115685402 -0.014994698514634723 -0.00090440532558422933 -0.0018248417782825979 0.00076376498362085805 -0.003269689912788025 -0.00026627336637824066 -0.0036550101716633313 9.6616030903952829e-05 0.0043275370784634339 0.00059562219601861169 -0.0015755664550243607 -0.0044060511152333413 -0.0019822824202874695 -0.0032150059218754262 -0.0014599358897043875 -0.00050680054849498442 -0.0003176115417244893 6.665785859940652e-05 -0.0044495561194304841 0.0028871378208931244 -0.00035474601085471147 -0.0074119231264273069 -0.0034849302331865489 0.0022403445569481812 0.0010936241797675215 5.3770714477235366e-05
leaf_weight=81177 920 1426 4121 8089 4012 3372 3826 3220 9227 9771 1996 1933 31713 7814 2728 5233 6126 450 10540 3509 12042 3251 2554 1027 7125 6054 6102 664 1028 22809
leaf_count=81177 920 1426 4121 8089 4012 3372 3826 3220 9227 9771 1996 1933 31713 7814 2728 5233 6126 450 10540 3509 12042 3251 2554 1027 7125 6054 6102 664 1028 22809
internal_value=-0.000263511 -0.0020573 -0.00180077 -0.00149057 -0.00256279 -0.000449665 -0.00436028 -0.00097502 -0.00550864 -0.000673269 0.000872802 -0.000109993 0.00188643 0.00153431 -0.000109764 -0.00542978 -0.00250299 -0.00372256 -0.00431894 -0.00334346 -0.00143773 -0.00186151 -0.00440769 0.00526965 0.00150518 -0.00740811 -0.00195547 0.00217944 0.00114344 0.000781282
internal_weight=263859 143844 133676 119015 51479 23662 27817 7046 20771 67536 17736 51639 120015 15740 7926 10168 15897 10705 14661 4935 20741 5979 5926 1947 88302 10066 18144 2597 1478 30898
internal_count=263859 143844 133676 119015 51479 23662 27817 7046 20771 67536 17736 51639 120015 15740 7926 10168 15897 10705 14661 4935 20741 5979 5926 1947 88302 10066 18144 2597 1478 30898
is_linear=0
shrinkage=0.05


Tree=42
num_leaves=31
num_cat=0
split_feature=0 0 26 26 24 24 1 0 21 21 29 21 29 0 29 24 24 24 1 0 4 0 11 11 24 1 0 27 24 27
split_gain=382.66 52.6163 32.2651 31.4262 24.1697 34.6777 32.6353 25.655 23.4808 23.1861 21.4593 25.1207 19.8051 18.5981 17.3257 17.9656 26.2469 17.31 16.4102 18.4834 25.77 15.4172 14.4969 15.631 14.3911 14.326 14.1072 13.3401 12.2359 16.4552
threshold=5.1286703667030071 4.7720400331370492 1.0000000180025095e-35 1.0000000180025095e-35 14.500000000000002 6.5000000000000009 117.00000000000001 5.0448809385801114 34.500000000000007 32.500000000000007 -2.8294749043545768 34.500000000000007 0.038761191647520087 5.446138084545372 -0.17157768899314454 14.500000000000002 6.5000000000000009 10.500000000000002 161.00000000000003 4.9244151253434794 -0.33600450774537866 4.8255613764400245 0.2239382755115886 0.80877819329229028 10.500000000000002 113.00000000000001 5.0690024785453636 22.500000000000004 8.5000000000000018 17.500000000000004
decision_type=2 2 2 2 2 2 2 2 2 2 2 2 2 2 2 2 2 2 2 2 2 2 2 2 2 2 2 2 2 2
left_child=1 3 4 10 5 6 7 -3 18 -8 -1 12 14 28 15 16 27 -10 19 -7 -21 -20 -17 -24 -23 26 -6 -12 29 -2
right_child=13 2 -4 -5 25 8 9 -9 17 -11 11 -13 -14 -15 -16 22 -18 -19 21 20 -22 24 23 -25 -26 -27 -28 -29 -30 -31
leaf_value=-0.0091411781392523126 0.0003654500008878522 0.0014316243847503048 -0.0019947473531998629 -0.0070030713300265465 0.00063419984783699896 -0.011079935932167767 8.8497601741304452e-05 -0.0004689270598726452 -0.0012219149645350249 -0.0016001170973774593 -0.0034997580282764272 -0.003003052753538799 -0.0045231252454184566 0.003219422693417523 7.0127558867509238e-05 -4.6544421679870784e-05 -0.0073889248366841333 0.0009338154926878282 -0.0050982440888598275 0.0016754451674735561 -0.0044690284834039903 -0.0018271681797550181 -0.0018899892220173983 -0.00029436543292690086 0.0013983832988755062 -6.5029013852222107e-05 -0.00030431234555534166 0.00027761806872553702 0.0010307960230351632 -0.0016205461600406383
leaf_weight=2517 16424 1837 6266 3096 3859 2811 6279 866 2194 3923 1770 12226 4003 57769 7181 10399 7946 1744 1650 649 3395 1347 9720 7183 1093 26351 1363 2781 53891 1363
leaf_count=2517 16424 1837 6266 3096 3859 2811 6279 866 2194 3923 1770 12226 4003 57769 7181 10399 7946 1744 1650 649 3395 1347 9720 7183 1093 26351 1363 2781 53891 1363
internal_value=-0.000275941 -0.00214416 -0.00113124 -0.00311005 -0.000771044 -0.00184648 5.03693e-05 0.00493526 -0.00349123 -0.00124387 -0.00287816 -0.00269787 -0.00220976 0.00166447 -0.00192209 -0.00232996 -0.00390013 -0.000180293 -0.0046825 -0.00617797 -0.00401335 -0.00217604 -0.00161124 -0.00251494 0.000348362 0.000175468 0.00256798 -0.000872335 0.00112643 -1.06808e-05
internal_weight=263896 134449 65627 68822 59361 27788 12905 2703 14883 10202 65726 63209 50983 129447 46980 39799 12497 3938 10945 6855 4044 4090 27302 16903 2440 31573 5222 4551 71678 17787
internal_count=263896 134449 65627 68822 59361 27788 12905 2703 14883 10202 65726 63209 50983 129447 46980 39799 12497 3938 10945 6855 4044 4090 27302 16903 2440 31573 5222 4551 71678 17787
is_linear=0
shrinkage=0.05


Tree=43
num_leaves=31
num_cat=0
split_feature=10 0 24 24 21 21 21 18 26 6 2 24 1 26 24 1 24 18 0 1 7 5 18 20 0 21 19 18 22 0
split_gain=350.835 53.8937 33.2316 63.3222 33.5475 23.002 22.3236 21.1434 20.0458 19.103 20.6486 18.9181 18.8531 17.7409 17.1598 16.8558 13.9014 18.1397 17.6343 23.2148 13.4974 13.3358 12.3209 11.8154 11.5741 11.5199 11.4973 10.5844 10.569 13.5176
threshold=0.41666666666666674 4.8459066944144054 14.500000000000002 6.5000000000000009 33.500000000000007 34.500000000000007 33.500000000000007 43.562536307972401 1.0000000180025095e-35 0.17537149998584003 -2.095014047561524 10.500000000000002 125.00000000000001 1.0000000180025095e-35 12.500000000000002 129.00000000000003 7.5000000000000009 8.6764120889635752 5.0517303177099064 133.00000000000003 0.38700857388545812 0.92819770035076077 72.055489930407177 0.71005125860713447 4.6098625740792736 28.500000000000004 3.4635220791904842 48.954811645103682 11.500000000000002 4.6245658589774434
decision_type=2 2 2 2 2 2 2 2 2 2 2 2 2 2 2 2 2 2 2 2 2 2 2 2 2 2 2 2 2 2
left_child=13 2 3 4 7 8 15 12 9 28 -11 -8 -2 20 16 -5 17 23 19 -18 -1 -16 24 -3 26 -26 -12 -17 29 -4
right_child=1 14 5 6 -6 -7 11 -9 -10 10 22 -13 -14 -15 21 27 18 -19 -20 -21 -22 -23 -24 -25 25 -27 -28 -29 -30 -31
leaf_value=0.0035970209416887945 -0.0060365091987602945 0.00068448171524662974 0.0015439606451058312 -0.0023985297129965341 -0.0050785632405016684 -0.002156688646024342 -0.0059188024022944954 -0.0043150198059386576 -0.0030712186954075862 0.00075196528727930706 0.002571132928338095 0.00025775001193251038 0.00041118781400065869 -0.00038941633018772716 -0.00032376347434623658 -0.012487637305172453 -0.0088123197870659184 -0.00070058030722174925 -5.4107997642175464e-05 -0.0010557949613470752 0.0018343825813842394 0.00012113785108386545 -0.0032429970665821062 -0.00011491777248714948 -0.0012114270077107966 -0.00019261954185095215 -0.0030006077766212055 -0.0028503524933317483 6.89135760547373e-05 0.00034159130486293218
leaf_weight=44260 1171 2840 391 1549 3320 10067 2021 1485 2984 2670 220 2234 8560 9323 10386 11159 2727 8146 3183 3427 66546 24162 1095 2564 3555 19602 9229 1424 2375 1098
leaf_count=44260 1171 2840 391 1549 3320 10067 2021 1485 2984 2670 220 2234 8560 9323 10386 11159 2727 8146 3183 3427 66546 24162 1095 2564 3555 19602 9229 1424 2375 1098
internal_value=-0.000232813 -0.00190039 -0.0026909 -0.0039398 -0.00147358 -0.00191926 -0.00588949 -0.000166725 -0.00141789 -0.00112464 -0.00147975 -0.00271445 0.000681329 0.00176119 -0.000713849 -0.00684546 -0.00177568 -0.000752766 -0.00326015 -0.00482288 0.00193744 -1.04191e-05 -0.00181508 0.00149334 -0.00163988 -0.00103813 -0.00311461 -0.00745132 0.00221791 0.00552048
internal_weight=263773 143644 86209 32923 14536 53286 18387 11216 43219 40235 36371 4255 9731 120129 57435 14132 22887 13550 9337 6154 110806 34548 33701 5404 32606 23157 9449 12583 3864 1489
internal_count=263773 143644 86209 32923 14536 53286 18387 11216 43219 40235 36371 4255 9731 120129 57435 14132 22887 13550 9337 6154 110806 34548 33701 5404 32606 23157 9449 12583 3864 1489
is_linear=0
shrinkage=0.05


Tree=44
num_leaves=31
num_cat=0
split_feature=10 0 26 29 29 29 26 26 21 19 5 0 4 0 29 4 27 0 27 6 4 1 1 6 12 27 21 17 27 1
split_gain=311.091 54.4601 29.8895 22.5551 46.353 20.2731 17.4627 17.1815 15.7311 18.7622 15.3796 12.7286 12.4818 11.9573 11.3259 10.5226 10.367 22.4983 11.0882 9.58864 9.30856 9.26365 8.5746 7.82361 8.89075 7.33246 9.25803 7.15103 13.6064 9.8589
threshold=0.41666666666666674 4.7012900704448422 1.0000000180025095e-35 0.019957140152332232 -0.094754131549607962 -2.3675210365522781 1.0000000180025095e-35 1.0000000180025095e-35 34.500000000000007 4.8272506170453378 0.80628925514093874 4.9244151253434794 0.07967562999774809 5.0931594919370946 2.1505055889027402 -0.5230896941165869 7.5000000000000009 4.9665426635412357 28.500000000000004 0.12497221675438545 -0.39083512000525017 129.00000000000003 261.00000000000006 1.5811058314226976 0.15862937328618751 27.500000000000004 40.500000000000007 4.5000000000000009 7.5000000000000009 233.00000000000003
decision_type=2 2 2 2 2 2 2 2 2 2 2 2 2 2 2 2 2 2 2 2 2 2 2 2 2 2 2 2 2 2
left_child=7 5 3 4 16 -2 8 12 9 10 21 -4 -1 -6 -5 25 17 -3 23 22 -19 -7 -11 24 -18 -10 -27 28 -21 -30
right_child=1 2 11 14 13 6 -8 -9 15 19 -12 -13 -14 -15 -16 -17 18 20 -20 27 -22 -23 -24 -25 -26 26 -28 -29 29 -31
leaf_value=0.0015653713610427945 -0.01084399679591736 -0.001769265366621869 -0.0034536673636973458 -0.0055752681330725222 0.00056203601561931815 0.0029707930584148344 -0.0071845082757996037 -0.00042961870449372669 -0.0041150939828533267 -6.7130257771836729e-05 -4.5782590936273117e-05 -0.00073371481580381524 0.0032365852994125188 -0.00020041857222205525 -0.00096134819311231997 -0.0027734474038103979 3.9170769197682402e-05 0.0010620009658406169 -0.00074694613857152151 -0.0056317010394504223 -7.2202829075030929e-05 0.0032482038573564127 0.0010522993621672036 0.00043503490202309049 -0.00035302465150546081 -0.0032610953289949288 0.0023575936036517608 -0.0021339175138563172 -0.00082333227446955166 0.00083387992755785457
leaf_weight=54166 2482 10654 4146 1395 8286 376 1716 9347 4130 771 946 4270 56507 1779 7525 2355 18478 808 8480 1010 4489 98 313 4845 22616 1412 363 24529 3253 2170
leaf_count=54166 2482 10654 4146 1395 8286 376 1716 9347 4130 771 946 4270 56507 1779 7525 2355 18478 808 8480 1010 4489 98 313 4845 22616 1412 363 24529 3253 2170
internal_value=-0.000226 -0.00179547 -0.00112835 -0.000860051 -0.000595511 -0.00321575 -0.00296464 0.00165306 -0.00276135 -0.00227903 0.00334507 -0.00397695 0.00182691 0.00257824 -0.00324551 -0.0047155 -0.00104945 -0.0021704 -0.000720887 -0.00252824 0.000492733 0.0106962 0.0020941 -0.000414244 -0.000638292 -0.00584251 -0.00315493 -0.00269007 -0.00120628 -0.000213903
internal_weight=263715 143695 97771 89355 80435 45924 43442 120020 41726 33466 1420 8416 110673 10065 8920 8260 70370 15951 54419 32046 5297 474 1084 45939 41094 5905 1775 30962 6433 5423
internal_count=263715 143695 97771 89355 80435 45924 43442 120020 41726 33466 1420 8416 110673 10065 8920 8260 70370 15951 54419 32046 5297 474 1084 45939 41094 5905 1775 30962 6433 5423
is_linear=0
shrinkage=0.05


Tree=45
num_leaves=31
num_cat=0
split_feature=0 0 24 24 21 21 18 0 18 24 27 21 18 1 4 0 1 0 21 1 1 22 27 0 22 24 5 27 5 17
split_gain=272.136 45.7689 33.3632 39.6529 33.0244 29.0477 24.5324 21.7284 23.3268 18.9836 16.8002 15.683 15.6623 21.8934 15.5235 13.4138 15.9317 13.2818 13.215 12.9144 12.7235 12.5498 11.1668 13.0839 11.1171 10.5932 13.8802 10.5808 10.423 10.0875
threshold=5.1571965680458716 4.725996250845899 14.500000000000002 6.5000000000000009 34.500000000000007 33.500000000000007 25.51950395513769 5.0763865755225819 24.736621419192343 10.500000000000002 3.5000000000000004 34.500000000000007 14.405193574437424 257.00000000000006 0.34279727925295861 5.0848964481369547 145.00000000000003 4.9146515907655006 33.500000000000007 109.00000000000001 153.00000000000003 6.5000000000000009 11.500000000000002 4.6207751646789132 9.5000000000000018 8.5000000000000018 3.8229127378424761 21.500000000000004 0.32766187137346731 5.5000000000000009
decision_type=2 2 2 2 2 2 2 2 2 2 2 2 2 2 2 2 2 2 2 2 2 2 2 2 2 2 2 2 2 2
left_child=1 11 3 4 6 7 10 8 25 -7 -3 12 13 28 -2 16 24 20 19 -4 -10 -14 -15 -24 -12 -5 -27 -18 -1 -22
right_child=14 2 18 5 -6 9 -8 -9 17 -11 15 -13 21 22 -16 -17 27 -19 -20 -21 29 -23 23 -25 -26 26 -28 -29 -30 -31
leaf_value=0.0011178264432087259 0.0011401905610832672 0.0025961095986856489 0.00052738270001870724 -0.0044517587931424433 -0.0017518897529599283 -0.0013723875743649457 -0.0016923106306034293 0.00048889609638816216 -0.019296675486183999 0.00055908691374645934 -1.3067185533379749e-05 -0.0032451707531443159 -0.0027513492191219516 -0.0017433777571096319 0.00386347062405392 -0.0014600906031954509 -0.0017912619572938257 0.0016662422587263956 -0.0003491420615419279 2.5790901707981654e-05 -0.0033122884803363931 -0.0014004555159817229 0.0023810351118164325 0.0006465378048289037 0.0012751784755474635 -0.0085821031182115957 0.0028719737663293089 0.00021984326905586591 -0.0011439564057625479 0.0014330255519281732
leaf_weight=50 100452 1209 3607 2535 4305 3226 2365 1277 399 3355 831 10763 8766 347 24774 677 1023 686 13993 29212 1302 23442 413 994 2649 7493 153 3172 9373 718
leaf_count=50 100452 1209 3607 2535 4305 3226 2365 1277 399 3355 831 10763 8766 347 24774 677 1023 686 13993 29212 1302 23442 413 994 2649 7493 153 3172 9373 718
internal_value=-0.000187128 -0.00171576 -0.000986374 -0.00210033 -0.000241512 -0.00352724 0.00111353 -0.00477305 -0.00537182 -0.000770398 0.0022414 -0.00284978 -0.00242595 -0.000813276 0.00150153 0.00144397 0.00203909 -0.0015781 -9.69825e-05 0.000451569 -0.00331955 -0.00298559 0.00431585 0.00629709 0.00454023 -0.00652883 -0.00745749 -3.57557e-05 -0.00176801 -0.00170792
internal_weight=263561 138335 84187 37375 16231 21144 11926 14563 13286 6581 9561 54148 43385 11177 125226 8352 7675 3105 46812 32819 2419 32208 1754 1407 3480 10181 7646 4195 9423 2020
internal_count=263561 138335 84187 37375 16231 21144 11926 14563 13286 6581 9561 54148 43385 11177 125226 8352 7675 3105 46812 32819 2419 32208 1754 1407 3480 10181 7646 4195 9423 2020
is_linear=0
shrinkage=0.05


Tree=46
num_leaves=31
num_cat=0
split_feature=10 0 24 24 0 21 1 17 18 24 29 0 27 26 4 0 24 26 26 27 17 21 18 18 0 5 1 4 17 27
split_gain=271.511 44.7312 32.9711 34.8348 43.443 28.7649 25.567 25.1173 24.1673 22.7908 21.7826 19.8857 18.5217 17.7668 16.9641 20.8933 16.7587 16.3776 15.4565 14.8993 13.4751 13.1349 19.6664 12.1454 15.1425 11.8544 11.5742 11.5186 9.58233 15.2409
threshold=0.41666666666666674 4.688499415564281 14.500000000000002 6.5000000000000009 4.9665426635412357 34.500000000000007 161.00000000000003 4.5000000000000009 25.932938302285212 10.500000000000002 -2.5608938885402721 5.0848964481369547 2.5000000000000004 1.0000000180025095e-35 -0.33600450774537866 5.0590719231024197 10.500000000000002 1.0000000180025095e-35 1.0000000180025095e-35 24.500000000000004 4.5000000000000009 34.500000000000007 3.1206528500156598 31.967459209194732 4.811192744896907 0.82076849548864261 129.00000000000003 0.14338744681066828 5.5000000000000009 18.500000000000004
decision_type=2 2 2 2 2 2 2 2 2 2 2 2 2 2 2 2 2 2 2 2 2 2 2 2 2 2 2 2 2 2
left_child=17 10 3 5 6 8 -5 -8 11 -9 -2 12 -3 20 -6 -16 -17 27 21 -14 -4 22 25 24 -11 26 -12 -1 29 -24
right_child=1 2 13 4 14 -7 7 9 -10 23 18 -13 19 -15 15 16 -18 -19 -20 -21 -22 -23 28 -25 -26 -27 -28 -29 -30 -31
leaf_value=0.0015903011883636805 -0.012428852989156559 0.00299666077219642 0.00020818880724777123 -0.0091122036075224327 0.0011576164661139233 -0.0015437090567288604 -0.0094321137696382982 -0.003401490674184075 -0.0015858434465355596 -0.0032651708396183735 0.0026546129723781279 -0.0011681860906763274 -0.00011176356218949956 -0.0011378675143197683 -0.0032734653669243457 -0.00076112207502452883 0.00068318512383050639 -0.00048341146773294482 -0.0073744193387864383 0.00063323488437483529 -0.00013633839247096722 -0.0033302258708536505 -0.0013547738422003939 0.002487517349957009 0.0016468494614595205 3.9901697507724101e-05 0.0030038211130038774 0.0034370517615586156 -0.0026065104765287152 0.00025013364467474993
leaf_weight=69071 1880 799 16671 5690 1731 5274 3352 3446 3119 1685 411 1505 3679 6168 2579 2397 2325 9282 1557 5062 34426 7486 6399 1046 936 1049 102 41770 17872 5030
leaf_count=69071 1880 799 16671 5690 1731 5274 3352 3446 3119 1685 411 1505 3679 6168 2579 2397 2325 9282 1557 5062 34426 7486 6399 1046 936 1049 102 41770 17872 5030
internal_value=-0.000220546 -0.00168727 -0.00112229 -0.00214118 -0.0033684 -0.000550981 -0.00492108 -0.00345437 0.000622707 -0.00177281 -0.0030649 0.00172024 0.00256289 -0.000328297 -0.00059123 -0.00164635 0.00033037 0.00153376 -0.00281712 0.00189681 -2.23093e-05 -0.00261884 -0.00216311 0.000970822 -0.000847004 0.00330346 0.00953216 0.00170271 -0.00245452 -0.00132382
internal_weight=263799 143676 101890 44625 25187 19438 16155 10465 14164 7113 41786 11045 9540 57265 9032 7301 4722 120123 39906 8741 51097 38349 30863 3667 2621 1562 513 110841 29301 11429
internal_count=263799 143676 101890 44625 25187 19438 16155 10465 14164 7113 41786 11045 9540 57265 9032 7301 4722 120123 39906 8741 51097 38349 30863 3667 2621 1562 513 110841 29301 11429
is_linear=0
shrinkage=0.05


Tree=47
num_leaves=31
num_cat=0
split_feature=21 0 26 24 24 21 29 22 19 22 27 0 24 21 0 29 28 24 26 4 5 24 1 21 29 4 5 27 24 29
split_gain=223.258 39.3783 30.1952 27.3253 50.6359 20.0717 19.7502 17.2945 15.7582 16.0276 15.4631 18.1942 17.1527 15.7406 13.7625 16.1333 13.2108 15.4023 12.7477 12.3876 11.619 11.3384 12.3264 11.319 10.9593 10.6753 10.3788 10.2337 10.0878 9.89703
threshold=15.000000000000002 4.688499415564281 1.0000000180025095e-35 10.500000000000002 7.5000000000000009 32.500000000000007 -2.3675210365522781 6.5000000000000009 2.4189972645769453 10.500000000000002 9.5000000000000018 4.973239364658367 14.500000000000002 33.500000000000007 5.0848964481369547 -0.58499218565636679 2.5000000000000004 14.500000000000002 1.0000000180025095e-35 0.34815453743149882 0.85386807938112075 15.500000000000002 145.00000000000003 34.500000000000007 -0.10995315093910753 -0.11606483889244891 0.78595007297444164 24.500000000000004 6.5000000000000009 2.8408173346488366
decision_type=2 2 2 2 2 2 2 2 2 2 2 2 2 2 2 2 2 2 2 2 2 2 2 2 2 2 2 2 2 2
left_child=19 6 3 4 5 7 -2 -3 9 -8 11 12 13 -5 15 -9 -12 -18 23 -1 -19 27 -23 -10 -6 29 -11 -4 -17 -7
right_child=1 2 21 10 24 25 8 14 18 26 16 -13 -14 -15 -16 28 17 20 -20 -21 -22 22 -24 -25 -26 -27 -28 -29 -30 -31
leaf_value=0.0015066446386192019 -0.0099168894610649171 -0.00021455207427427902 -0.0068620389813132711 -0.0067806549669972493 -0.0024674559363028117 -0.0013321414621151797 0.0017892578562553674 -0.00058994030419080043 -0.0013433223637133564 0.0028509352565043895 -0.00061561183930307903 0.00019023994763701804 -0.00031531584726110441 0.0017220966243974617 -0.0011045692121125258 0.00095283533075628257 0.0010080714397224945 -0.00033930348508163583 -0.0070881893665519658 0.0035576803827766981 0.00016552279001993251 -1.3213141901308399e-05 -0.0022544827402182629 -0.0033997971429582533 -0.0081671464634231472 -6.9265076055661262e-05 -0.0031840092304371704 -0.00017970270372187776 -0.0042481103305715903 -0.0034542831659895284
leaf_weight=96584 2206 2912 1917 3857 7136 4575 732 2667 29493 290 3620 5233 7140 394 1126 6588 3907 5901 1464 23669 31168 2562 3633 6790 2135 3174 780 495 725 947
leaf_count=96584 2206 2912 1917 3857 7136 4575 732 2667 29493 290 3620 5233 7140 394 1126 6588 3907 5901 1464 23669 31168 2562 3633 6790 2135 3174 780 495 725 947
internal_value=-0.000169433 -0.00150062 -0.000970317 -0.000708652 -0.00189307 -0.000622082 -0.00279368 0.000548582 -0.00253685 0.00203108 -8.98387e-05 -0.00139136 -0.00251251 -0.00502705 0.00144787 0.00203908 0.000395328 0.000651114 -0.00275492 0.00141984 0.000336401 -0.00380388 -0.00267151 -0.00257035 -0.00500701 -0.0025092 -0.00186916 -0.00671227 0.00325311 -0.00383738
internal_weight=263820 143567 101812 93205 31985 22714 41755 14018 39549 1802 61220 16624 11391 4251 11106 9980 44596 40976 37747 120253 37069 8607 6195 36283 9271 8696 1070 2412 7313 5522
internal_count=263820 143567 101812 93205 31985 22714 41755 14018 39549 1802 61220 16624 11391 4251 11106 9980 44596 40976 37747 120253 37069 8607 6195 36283 9271 8696 1070 2412 7313 5522
is_linear=0
shrinkage=0.05


Tree=48
num_leaves=31
num_cat=0
split_feature=0 18 26 24 24 21 17 24 18 17 17 18 22 24 24 24 26 1 26 24 18 21 0 20 0 21 21 3 1 24
split_gain=211.995 45.5077 34.7818 30.5794 47.5221 40.0056 28.671 23.9439 20.1921 22.4716 17.2431 13.6181 19.8483 12.4713 12.0125 11.3797 13.0249 11.1282 10.7362 10.4571 9.5288 9.43971 9.37392 9.09389 12.0175 8.78201 8.41885 8.33132 8.17057 8.08274
threshold=4.9041128417203437 6.1663099423067758 1.0000000180025095e-35 15.500000000000002 6.5000000000000009 33.500000000000007 4.5000000000000009 10.500000000000002 41.280443992448596 8.5000000000000018 4.5000000000000009 1.2139476720512721 7.5000000000000009 14.500000000000002 15.500000000000002 10.500000000000002 1.0000000180025095e-35 149.00000000000003 1.0000000180025095e-35 13.500000000000002 47.484748631825177 33.500000000000007 4.688499415564281 1.2782096704950086 5.0848964481369547 34.500000000000007 33.500000000000007 0.24756238712469233 245.00000000000003 29.500000000000004
decision_type=2 2 2 2 2 2 2 2 2 2 2 2 2 2 2 2 2 2 2 2 2 2 2 2 2 2 2 2 2 2
left_child=2 18 3 4 5 8 28 -6 9 -1 13 12 -8 25 -4 -3 19 -7 27 23 21 -12 -13 24 -17 -9 -24 -2 -5 -30
right_child=1 15 14 6 7 17 11 10 -10 -11 20 22 -14 -15 -16 16 -18 -19 -20 -21 -22 -23 26 -25 -26 -27 -28 -29 29 -31
leaf_value=0.00064395230299825435 0.0008231636454018766 -0.00062793268950134869 -0.018856377954487094 3.3138892047461038e-05 -0.0079886106664282738 0.00070369010490627625 0.0017341282982235497 -0.011214804609426279 -0.0032144617729024764 -0.004176046859241383 -0.0024369808353406253 -0.0018323773978321202 -0.00057145612340789396 -0.00011701204033955813 -0.0025653928934151133 -0.0021029748752675157 -0.0011458348712650684 -0.0047381666107700789 -0.00017828440694565555 1.5065572806763182e-05 0.0011561631541859127 0.00022182580036449558 -0.00010767224047730392 0.0025930359606487347 0.001037480542741025 0.00087047867301967953 -0.00097848592883790358 0.002916716056469875 0.00045962247505228145 0.0016652769222412823
leaf_weight=9207 79042 13144 1348 9651 10169 590 684 2431 1749 1729 5659 18979 1552 827 4207 708 3859 3229 10138 20456 1268 2240 12115 780 1462 200 4635 37384 3462 729
leaf_count=9207 79042 13144 1348 9651 10169 590 684 2431 1749 1729 5659 18979 1552 827 4207 708 3859 3229 10138 20456 1268 2240 12115 780 1462 200 4635 37384 3462 729
internal_value=-0.000173004 0.000905776 -0.00203652 -0.00180231 -0.00285409 -0.000810711 -0.0010045 -0.0043336 0.000540009 0.00133778 -0.00287921 -0.00171474 0.00207066 -0.0058878 -0.00587759 -0.000555073 2.7509e-05 -0.0052972 0.00137219 0.000471248 -0.0017443 -0.00239017 -0.00195163 0.00325424 0.00158986 -0.00757126 -0.00108955 0.00150808 0.000943506 0.00278693
internal_weight=263633 166973 96660 91105 39298 16504 51807 22794 12685 10936 12625 37965 2236 3458 5555 40409 27265 3819 126564 23406 9167 7899 35729 2950 2170 2631 16750 116426 13842 4191
internal_count=263633 166973 96660 91105 39298 16504 51807 22794 12685 10936 12625 37965 2236 3458 5555 40409 27265 3819 126564 23406 9167 7899 35729 2950 2170 2631 16750 116426 13842 4191
is_linear=0
shrinkage=0.05


Tree=49
num_leaves=31
num_cat=0
split_feature=10 0 24 24 0 21 21 20 0 1 17 29 0 24 21 22 27 27 0 21 27 24 22 1 28 11 0 9 4 11
split_gain=199.395 34.1188 22.0856 23.4226 34.2907 27.4905 22.1511 19.336 28.281 18.9816 19.6933 16.7342 16.0376 15.2016 13.8509 13.5427 14.79 23.5578 12.5427 11.5455 10.6243 10.0816 9.85197 9.52903 10.9006 9.2954 8.97075 9.00148 8.87409 8.77559
threshold=0.41666666666666674 4.6851294144313123 14.500000000000002 6.5000000000000009 4.9665426635412357 33.500000000000007 33.500000000000007 1.2782096704950086 5.0590719231024197 161.00000000000003 4.5000000000000009 -2.1968687689319921 4.7985492905656644 10.500000000000002 33.500000000000007 2.5000000000000004 24.500000000000004 6.5000000000000009 5.0931594919370946 34.500000000000007 22.500000000000004 10.500000000000002 10.500000000000002 245.00000000000003 11.500000000000002 0.040202257801196455 4.9665426635412357 0.72158921252340558 -0.19037711836720475 0.15236353585561158
decision_type=2 2 2 2 2 2 2 2 2 2 2 2 2 2 2 2 2 2 2 2 2 2 2 2 2 2 2 2 2 2
left_child=-1 11 3 6 5 9 15 8 -6 -5 -11 -2 -12 -10 -4 -3 17 -17 22 23 28 -7 -18 -13 25 -25 -16 -28 -19 -8
right_child=1 2 14 4 7 21 29 -9 13 10 12 19 -14 -15 26 16 18 20 -20 -21 -22 -23 -24 24 -26 -27 27 -29 -30 -31
leaf_value=0.0017106874298414801 -0.0093499641190830287 -0.000284327609666013 4.6426459659883662e-05 -0.0092488068811407941 -0.0053071270569190988 -0.0022052013438879281 -0.00021317707500159212 0.0010092851701213748 -0.00070375540712204032 -0.010190121952799528 -0.0038040777047844195 -0.0016375088806375041 0.0012508258866556589 0.00070083239718971111 -0.000876330524180994 0.0014402534911265568 1.4873515549325895e-05 -0.0025261204988825041 -0.0012805945584094076 -0.0031444129676313961 0.00014241684237672133 0.00088039636685957471 0.001239210950211718 0.0014282453682095948 -0.0010542468127853909 0.0004433706985685215 4.7343677566697841e-05 -0.00091641892979621811 -3.9371577965710542e-05 -0.0020138504298024876
leaf_weight=120214 2498 937 40172 4979 2122 1768 2542 2306 2358 2915 3273 25339 1558 2313 9166 1927 1539 2061 412 7375 1634 1907 3811 387 3251 1927 7724 802 891 3780
leaf_count=120214 2498 937 40172 4979 2122 1768 2542 2306 2358 2915 3273 25339 1558 2313 9166 1927 1539 2061 412 7375 1634 1907 3811 387 3251 1927 7724 802 891 3780
internal_value=-0.000183069 -0.00144027 -0.000955226 -0.00178558 -0.00278364 -0.00414939 -0.000482747 -0.000322012 -0.00166495 -0.00524951 -0.00370126 -0.00266425 -0.00174291 0.000509528 -0.000308999 0.000681957 0.00112424 -0.000508213 0.00296946 -0.0024055 -0.00245748 -0.000340135 0.00361682 -0.0019813 -0.000107816 0.00251513 -0.00147468 -0.000307294 -0.00424797 -0.0029168
internal_weight=263888 143674 102897 45033 25499 16400 19534 9099 6793 12725 7746 40777 4831 4671 57864 13212 12275 6513 5762 38279 4586 3675 5350 30904 5565 2314 17692 8526 2952 6322
internal_count=263888 143674 102897 45033 25499 16400 19534 9099 6793 12725 7746 40777 4831 4671 57864 13212 12275 6513 5762 38279 4586 3675 5350 30904 5565 2314 17692 8526 2952 6322
is_linear=0
shrinkage=0.05


Tree=50
num_leaves=31
num_cat=0
split_feature=21 0 24 24 17 21 4 18 17 4 24 24 24 5 18 28 0 1 13 6 19 1 22 3 24 18 0 18 29 17
split_gain=175.883 29.1299 20.3713 37.9064 19.959 19.2639 16.9813 19.795 15.8892 12.4552 12.3889 12.0647 25.0887 12.6867 11.8604 10.1946 10.7736 9.85219 9.69924 9.58217 9.2341 9.23696 8.94287 8.6367 8.27726 8.09128 8.07306 7.58197 7.45172 7.38353
threshold=15.000000000000002 4.7720400331370492 15.500000000000002 6.5000000000000009 4.5000000000000009 33.500000000000007 -0.53144464011021608 41.280443992448596 4.5000000000000009 0.062600019134425519 14.500000000000002 10.500000000000002 7.5000000000000009 3.8229127378424761 9.0979409974958525 22.500000000000004 4.9665426635412357 245.00000000000003 0.26764792396949283 1.9524119417911521 29.507262033669935 157.00000000000003 19.500000000000004 -0.70451740662227558 10.500000000000002 48.954811645103682 5.0085047394125981 0.29495474440805097 -1.8577800261288111 4.5000000000000009
decision_type=2 2 2 2 2 2 2 2 2 2 2 2 2 2 2 2 2 2 2 2 2 2 2 2 2 2 2 2 2 2
left_child=9 2 3 5 10 6 7 -2 17 -1 -5 12 13 14 20 -13 -17 -4 -10 -20 21 -3 -16 28 -6 -26 -14 -8 -7 -30
right_child=1 11 8 4 24 23 27 -9 18 -11 -12 15 26 -15 22 16 -18 -19 19 -21 -22 -23 -24 -25 25 -27 -28 -29 29 -31
leaf_value=0.00073263108651504683 0.00085644893647609578 0.00025972019672309155 -0.00028707860687007873 -0.014904023461578361 -0.0072309169364236274 -0.0009752558150192015 0.0040369859360016259 -0.0025766403784405595 -0.00041309683636159766 0.0022858803541722685 -0.00029283803994137385 3.936902362816716e-05 -0.0046140424885093966 -0.0019983360578616836 -0.00082500501449923576 -0.00099970844281097536 9.589259544821074e-07 0.00074264259149265613 -0.001751234713712633 0.000339741816677209 0.00071080506079567016 -0.0013168089837375847 0.00012050575786564331 -0.00052558183793805239 -0.0025786338290064242 0.00056756948381979908 -0.00065349673770529642 -0.0045019566712250622 0.00078672502171731799 -0.0079443426112362613
leaf_weight=52766 5391 2505 6864 3715 5019 462 70 1439 12860 67975 538 36390 4466 1066 5596 7114 6729 3317 16431 1641 2614 1188 4323 796 6041 1122 2617 1834 171 1224
leaf_count=52766 5391 2505 6864 3715 5019 462 70 1439 12860 67975 538 36390 4466 1066 5596 7114 6729 3317 16431 1641 2614 1188 4323 796 6041 1122 2617 1834 171 1224
internal_value=-0.000213519 -0.00139651 -0.00213752 -0.00318237 -0.00471859 -0.000965134 0.000168309 0.00133236 -0.00143045 0.00119289 -0.00766753 -0.000711853 -0.00162461 -0.000597963 -0.000250831 -0.000268946 -0.00142382 0.000282881 -0.00199437 -0.00274126 0.00144443 -0.000165176 -0.00132876 -0.00469657 -0.00368905 -0.00259807 -0.00413102 -0.00400735 -0.00656435 -0.0083871
internal_weight=264284 143543 68935 27822 16435 11387 8734 6830 41113 120741 4253 74608 24375 17292 16226 50233 13843 10181 30932 18072 6307 3693 9919 2653 12182 7163 7083 1904 1857 1395
internal_count=264284 143543 68935 27822 16435 11387 8734 6830 41113 120741 4253 74608 24375 17292 16226 50233 13843 10181 30932 18072 6307 3693 9919 2653 12182 7163 7083 1904 1857 1395
is_linear=0
shrinkage=0.05


Tree=51
num_leaves=31
num_cat=0
split_feature=10 26 0 27 24 17 24 24 1 24 24 1 9 18 27 17 27 18 24 19 28 18 0 19 1 27 20 13 0 28
split_gain=157.617 31.3834 30.0148 18.5694 16.3703 16.1383 14.95 13.4326 14.558 12.8277 16.8206 13.9803 11.6659 11.4738 11.3385 9.78993 9.52179 11.1662 10.9663 11.5302 8.18612 7.44477 7.27231 7.1781 7.70074 8.28757 7.01984 6.97188 6.76235 6.6868
threshold=0.48333333333333339 1.0000000180025095e-35 4.8161785264461434 7.5000000000000009 10.500000000000002 5.5000000000000009 7.5000000000000009 15.500000000000002 149.00000000000003 14.500000000000002 7.5000000000000009 129.00000000000003 0.64870958037284721 9.0979409974958525 8.5000000000000018 4.5000000000000009 27.500000000000004 46.090845381258767 6.5000000000000009 6.6323327522922844 31.500000000000004 3.7538778984807712 4.4674786937065862 29.507262033669935 157.00000000000003 3.5000000000000004 0.033668173619919022 0.16835478749891125 5.1162374101960539 31.500000000000004
decision_type=2 2 2 2 2 2 2 2 2 2 2 2 2 2 2 2 2 2 2 2 2 2 2 2 2 2 2 2 2 2
left_child=15 2 3 9 6 16 12 14 -9 10 20 -12 13 23 -3 21 17 -5 -18 -20 26 -1 -7 24 25 -4 -2 -24 -25 -13
right_child=1 7 4 5 -6 22 -8 8 -10 -11 11 29 -14 -15 -16 -17 18 -19 19 -21 -22 -23 27 28 -26 -27 -28 -29 -30 -31
leaf_value=0.0015532803788065128 0.00093664094143098653 -0.019666971551248944 0.0030352361383407895 6.2376125802235803e-05 9.0313705273101707e-05 -0.0063325092567448954 -0.0017777345068571021 -0.00015353689809859052 -0.0024014897136736416 -0.0004828197764363377 0.0016317076766551707 -0.011381164155417588 -0.0015754193588596846 -0.00034247887633834863 -0.0020432933633329682 0.0023993254433368949 0.00045996647305581123 -0.0014263484302101048 0.0019137292931703934 -0.0040129267219722172 -0.0068418255311967551 0.00023560417474828996 -0.00021953071459784187 0.0010647326749721551 -0.0014777496738838803 5.2819548012377668e-05 -0.00697448045078157 -0.0012808023323283707 -0.00051915077198131981 -0.00028080529338597938
leaf_weight=48560 1773 1361 309 23525 35960 4384 6057 3210 4247 5313 635 5696 1369 7932 1420 41865 1451 3274 396 2957 423 30068 6992 1982 834 2084 1033 18065 376 457
leaf_count=48560 1773 1361 309 23525 35960 4384 6057 3210 4247 5313 635 5696 1369 7932 1420 41865 1451 3274 396 2957 423 30068 6992 1982 834 2084 1033 18065 376 457
internal_value=-0.000140373 -0.0012598 -0.00105487 -0.00170254 -0.000185578 -0.00131184 -0.00129685 -0.00392752 -0.00282151 -0.00325832 -0.00431167 -0.00572481 -0.000444712 7.41001e-07 -0.0068932 0.00119293 -0.000527164 -0.000159706 -0.00257702 -0.00414852 -0.00134097 0.00086407 -0.00215414 0.0017368 0.000204526 0.00164647 -0.000363506 -0.00182544 0.00383376 -0.00645376
internal_weight=264008 143515 133277 76374 56903 61044 20943 10238 7457 15330 10017 6788 14886 13517 2781 120493 31603 26799 4804 3353 3229 78628 29441 5585 3227 2393 2806 25057 2358 6153
internal_count=264008 143515 133277 76374 56903 61044 20943 10238 7457 15330 10017 6788 14886 13517 2781 120493 31603 26799 4804 3353 3229 78628 29441 5585 3227 2393 2806 25057 2358 6153
is_linear=0
shrinkage=0.05


Tree=52
num_leaves=31
num_cat=0
split_feature=0 26 19 24 24 21 17 17 24 21 22 24 26 17 13 27 27 27 2 21 4 29 29 4 24 21 29 21 21 0
split_gain=137.744 32.6591 26.0326 23.8144 37.5839 32.058 24.3812 21.5828 18.1626 16.7767 15.0556 13.6579 13.5997 12.2422 12.078 11.8627 11.7747 27.6611 11.186 9.68693 8.96181 8.60852 8.17019 7.76765 8.67178 7.71531 7.04369 6.93505 6.84421 6.83764
threshold=4.9041128417203437 1.0000000180025095e-35 32.48531768424715 14.500000000000002 6.5000000000000009 33.500000000000007 4.5000000000000009 4.5000000000000009 10.500000000000002 31.500000000000004 8.5000000000000018 15.500000000000002 1.0000000180025095e-35 8.5000000000000018 0.26764792396949283 13.500000000000002 22.500000000000004 5.5000000000000009 -1.7537145585892553 35.500000000000007 0.060636400820476825 -0.87527059907807514 -0.81085743534099719 -0.098157246699118988 1.5000000000000002 38.500000000000007 -1.4571161936178669 34.500000000000007 31.500000000000004 4.6533718866885332
decision_type=2 2 2 2 2 2 2 2 2 2 2 2 2 2 2 2 2 2 2 2 2 2 2 2 2 2 2 2 2 2
left_child=1 3 12 4 5 10 27 19 -8 15 -1 -3 20 16 -9 22 17 28 -16 21 -2 -5 -10 26 -25 -4 -7 -6 -12 -11
right_child=2 11 25 7 6 23 8 14 9 29 13 -13 -14 -15 18 -17 -18 -19 -20 -21 -22 -23 -24 24 -26 -27 -28 -29 -30 -31
leaf_value=-0.000290316431283433 0.00043395672238429598 -0.018378483173760198 -4.7327353435968036e-05 0.0010699211763037307 -0.01138730158342739 -0.0016403375867613664 -0.0052341488953650721 -0.00013699835425649425 -0.0091789592063400583 -0.0015328445024052327 0.0028097597874831848 -0.0022643792360693546 -0.00066938566561655644 -0.0036314346758948035 0.00024255380136319399 0.0011784781199978473 0.0010914711859124459 -0.002278737470843924 -0.0012239661818100383 -0.0014482095639182853 0.0022232834665538753 0.00013657128702544179 -0.0016999902739424839 0.0092073085922804426 -0.00388616900082307 -0.00061576279063937347 -0.0051521562182703096 -0.0003686040936172637 -0.0041285577215427836 0.0015817370831839276
leaf_weight=3761 57728 1346 31854 2851 5109 1055 7252 17702 2045 1061 1011 4173 10494 1162 3029 679 5188 1622 19289 935 62913 10845 1185 159 302 3949 2279 465 91 2063
leaf_count=3761 57728 1346 31854 2851 5109 1055 7252 17702 2045 1061 1011 4173 10494 1162 3029 679 5188 1622 19289 935 62913 10845 1185 159 302 3949 2279 465 91 2063
internal_value=-0.00016802 -0.0016701 0.000701699 -0.00144393 -0.00243306 -0.000679494 -0.0039015 -0.000783516 -0.00280714 -0.000996729 0.00051422 -0.00540496 0.00102795 0.00161671 -0.00138431 -0.00317984 0.00232053 -0.000341408 -0.0021579 0.000859819 0.00117812 0.00119597 -0.00444272 -0.00471673 0.0013666 -0.000493254 -0.00555789 -0.00670613 0.00577133 0.00173496
internal_weight=263597 96659 166938 91140 36489 16630 19859 54651 14285 7033 12835 5519 131135 9074 40020 3909 7912 2724 22318 14631 120641 13696 3230 3795 461 35803 3334 5574 1102 3124
internal_count=263597 96659 166938 91140 36489 16630 19859 54651 14285 7033 12835 5519 131135 9074 40020 3909 7912 2724 22318 14631 120641 13696 3230 3795 461 35803 3334 5574 1102 3124
is_linear=0
shrinkage=0.05


Tree=53
num_leaves=31
num_cat=0
split_feature=21 0 26 24 24 26 21 27 22 27 0 4 24 24 28 17 17 24 0 0 1 1 27 18 21 27 18 22 27 24
split_gain=139.023 28.8023 16.907 23.4217 29.0466 14.8375 13.3082 12.434 12.9072 15.1309 13.0814 10.3583 9.87309 9.46338 9.34204 14.3737 13.5582 16.7602 9.32207 9.11546 8.67529 8.65282 8.71352 8.62094 8.60639 8.2679 7.79115 15.2357 7.49167 10.5217
threshold=15.000000000000002 4.7012900704448422 1.0000000180025095e-35 10.500000000000002 7.5000000000000009 1.0000000180025095e-35 34.500000000000007 1.5000000000000002 9.5000000000000018 24.500000000000004 5.0690024785453636 0.28723500240346106 13.500000000000002 6.5000000000000009 22.500000000000004 5.5000000000000009 6.5000000000000009 14.500000000000002 5.5254869140418341 5.0085047394125981 149.00000000000003 153.00000000000003 5.5000000000000009 2.1845470747780564 37.500000000000007 7.5000000000000009 10.405471555763617 24.500000000000004 9.5000000000000018 14.500000000000002
decision_type=2 2 2 2 2 2 2 2 2 2 2 2 2 2 2 2 2 2 2 2 2 2 2 2 2 2 2 2 2 2
left_child=11 5 3 4 6 14 7 -3 -9 21 13 -1 25 26 15 -2 17 -16 -13 -6 -14 -10 -23 -17 -19 -4 27 -11 -5 -30
right_child=1 2 12 28 19 -7 -8 8 9 10 -12 18 20 -15 16 23 -18 24 -20 -21 -22 22 -24 -25 -26 -27 -28 -29 29 -31
leaf_value=0.0010897854017625211 -0.00012366549801892456 0.0021082513980633642 -0.019573186937613805 -0.00023219039347286709 -0.0049277769746042862 -0.0061316193824291713 -0.0010343598539011172 -0.00023739189833305586 0.00030722676784481558 0.001832294568283965 -0.0011804163272996911 0.0043578870395188461 -2.2274354342478628e-05 -0.0036913340250119145 -0.0090689937899997349 0.0010653013821574351 -0.0012591967410175648 -0.00026794212022568804 0.0014119055220780817 -0.00052067103009158136 -0.0017463148472340281 0.0006427020526986009 -0.0017159131538913111 -0.0020428598755740609 -0.0037627485336798844 -0.0016483317494226807 0.00070321077500585822 0.00050623738964284532 0.00074039093667138049 3.577040505233561e-05
leaf_weight=88267 13391 950 724 15928 6387 1816 5979 4473 2402 715 519 15884 3209 583 3397 899 4815 2462 16143 2679 3407 700 2288 18354 840 1062 2489 684 4609 37797
leaf_count=88267 13391 950 724 15928 6387 1816 5979 4473 2402 715 519 15884 3209 583 3397 899 4815 2462 16143 2679 3407 700 2288 18354 840 1062 2489 684 4609 37797
internal_value=-0.000134696 -0.0011853 -0.000699191 -0.000497184 -0.00161145 -0.00221712 -0.000621613 0.000138582 -0.000216117 0.000751446 0.00273547 0.00111909 -0.00284337 0.0036077 -0.00203496 -0.00160305 -0.00325951 -0.00471414 0.00188934 -0.00398963 -0.00195284 -0.00108534 -0.00288152 -0.00247805 -0.00217747 -0.00614222 0.00449846 0.00748392 9.20573e-05 0.000439326
internal_weight=263852 143558 97584 89182 30848 45974 21782 15803 14853 10380 4990 120294 8402 4471 44158 32644 11514 6699 32027 9066 6616 5390 2988 19253 3302 1786 3888 1399 58334 42406
internal_count=263852 143558 97584 89182 30848 45974 21782 15803 14853 10380 4990 120294 8402 4471 44158 32644 11514 6699 32027 9066 6616 5390 2988 19253 3302 1786 3888 1399 58334 42406
is_linear=0
shrinkage=0.05


Tree=54
num_leaves=31
num_cat=0
split_feature=18 0 26 24 24 0 21 5 18 0 22 26 22 18 27 28 27 19 26 17 27 24 18 18 22 14 24 21 0 12
split_gain=128.078 27.6801 17.5374 17.5506 26.2647 16.7192 15.5365 12.9909 11.6829 13.7854 10.7287 9.74401 9.59986 23.6486 14.9976 11.0464 8.00103 7.96749 7.94152 7.49062 14.7723 11.3184 7.59558 15.4211 9.60743 7.48809 7.33613 8.62389 6.85432 6.84955
threshold=6.256633962694699 4.6717755082532104 1.0000000180025095e-35 10.500000000000002 6.5000000000000009 4.898897116514747 32.500000000000007 0.64446701992553945 41.280443992448596 4.953885222277969 8.5000000000000018 1.0000000180025095e-35 10.500000000000002 1.8800325585550077 9.5000000000000018 8.5000000000000018 27.500000000000004 0.65023692081831774 1.0000000180025095e-35 5.5000000000000009 7.5000000000000009 14.500000000000002 14.651114474945253 10.849431867776707 11.500000000000002 4.2343533827342315 13.500000000000002 39.500000000000007 4.9859457890483005 0.24762440350326073
decision_type=2 2 2 2 2 2 2 2 2 2 2 2 2 2 2 2 2 2 2 2 2 2 2 2 2 2 2 2 2 2
left_child=5 18 3 4 6 7 8 -1 9 10 -3 16 13 14 -9 -16 -7 -17 19 20 21 -2 23 -22 29 -11 -4 -28 -6 -25
right_child=1 2 26 -5 28 11 -8 12 -10 25 -12 -13 -14 -15 15 17 -18 -19 -20 -21 22 -23 -24 24 -26 -27 27 -29 -30 -31
leaf_value=0.0021479757342539392 -0.013053394723016734 -8.604325037094002e-05 -0.0046050596382876969 -3.33644385169483e-05 -0.0044769989261840707 0.0011211372134842139 -0.0010449559716895257 -0.00056169520236491613 -0.0033031702747179552 -0.00074929331882459807 0.0009599673154377568 -0.0004190555256241244 -0.0012557505766612183 -0.0016619809501671687 0.00082154592495815219 0.0037423291679381885 -0.0002585045985672999 0.0023970356994005033 -0.0061260243243614993 -0.0025313739222015807 -0.0032608078482233046 -0.00016365487437824142 -0.00057152916887765587 0.0020888786694422436 0.00030738561292389103 0.0016644167388748816 -0.00085261110555535685 -0.004553227156229577 -0.00069092587033777093 0.00056219380930532599
leaf_weight=811 1414 1823 1511 56813 7287 115019 5604 802 969 3534 5189 10163 6073 1562 990 146 2532 231 1311 20367 340 803 7491 478 584 172 5540 240 3548 194
leaf_count=811 1414 1823 1511 56813 7287 115019 5604 802 969 3534 5189 10163 6073 1562 990 146 2532 231 1311 20367 340 803 7491 478 584 172 5540 240 3548 194
internal_value=-0.000131174 -0.00128973 -0.000845168 -0.000643166 -0.00166465 0.000917524 -0.000455149 -0.000989165 0.0005827 0.00105803 0.00236167 0.001076 -0.00149225 0.000503888 0.00388197 0.00706657 0.00120441 0.0143501 -0.0025329 -0.00237504 -0.00134289 -0.00500225 -0.000450092 0.00268171 0.00523885 -0.00140853 -0.00319846 -0.00238754 -0.00359483 0.00931548
internal_weight=263541 125212 92230 84939 28126 138329 17291 10615 11687 10718 7012 127714 9804 3731 2169 1367 117551 377 32982 31671 11304 2217 9087 1596 1256 3706 7291 5780 10835 672
internal_count=263541 125212 92230 84939 28126 138329 17291 10615 11687 10718 7012 127714 9804 3731 2169 1367 117551 377 32982 31671 11304 2217 9087 1596 1256 3706 7291 5780 10835 672
is_linear=0
shrinkage=0.05


Tree=55
num_leaves=31
num_cat=0
split_feature=10 0 29 29 24 24 24 29 26 18 22 21 26 29 29 29 24 26 5 0 24 24 6 0 27 7 9 0 27 0
split_gain=115.84 22.2353 14.7265 21.6294 16.2306 15.1027 16.4601 14.1616 13.4887 11.3576 12.5989 10.7714 10.622 9.84619 9.32797 14.3066 12.5733 9.27347 9.11821 8.81103 8.68474 9.38752 8.01635 7.86266 7.55883 7.51177 7.17779 6.98894 6.94443 6.72935
threshold=0.41666666666666674 4.688499415564281 -1.0000000180025095e-35 -0.094754131549607962 4.5000000000000009 6.5000000000000009 9.5000000000000018 -3.1903952382278615 1.0000000180025095e-35 2.1845470747780564 13.500000000000002 32.500000000000007 1.0000000180025095e-35 -0.73123558741911709 -0.022870959790247915 -0.17157768899314454 11.500000000000002 1.0000000180025095e-35 0.88821823950593071 5.1022775351308658 10.500000000000002 8.5000000000000018 1.0000000180025095e-35 5.184403398099442 36.500000000000007 0.78940483672180595 0.68576888578056505 5.446138084545372 5.5000000000000009 5.2415695283205883
decision_type=2 2 2 2 2 2 2 2 2 2 2 2 2 2 2 2 2 2 2 2 2 2 2 2 2 2 2 2 2 2
left_child=17 7 3 8 -4 11 -7 -2 20 10 18 28 14 -10 15 -11 -17 27 -9 22 21 24 -5 -15 26 -18 -3 29 -6 -1
right_child=1 2 4 19 5 6 -8 9 13 12 -12 -13 -14 23 -16 16 25 -19 -20 -21 -22 -23 -24 -25 -26 -27 -28 -29 -30 -31
leaf_value=0.0015392228308132776 -0.012251071615880708 -0.00012378336290605151 -0.0027498018815064868 -0.00027269031243434187 0.002778914545942601 -0.0058214236860681737 -0.00019674556092811799 0.0027836874043297277 -0.0035134190976902988 -0.0013869351487899313 -0.0015093789646432555 -0.0010783502662980635 -0.0055835319719513745 -0.00083324922378661889 -0.0037251674074492793 0.0017733826613057159 -0.001919532641036591 -0.00061193372492213604 0.00079694624906272464 -0.00025267157411355281 -5.7580146102386009e-05 -0.0022066659472431902 0.00051682549904704257 0.0015717599330222849 -0.0042409216042889461 0.00064464741470649607 -0.0017393201119637654 0.002101183109799184 0.00051855609417192047 0.00012552700523187356
leaf_weight=31625 1186 15659 1761 532 394 2560 3372 267 2267 29190 1102 687 1553 4826 3262 1223 1603 9384 855 1953 51909 4990 8503 167 363 1459 915 53261 1069 25742
leaf_count=31625 1186 15659 1761 532 394 2560 3372 267 2267 29190 1102 687 1553 4826 3262 1223 1603 9384 855 1953 51909 4990 8503 167 363 1459 915 53261 1069 25742
internal_value=-0.000162835 -0.00112089 -0.000722967 -0.000526475 -0.00256121 -0.00161346 -0.0029147 -0.00209352 -0.000808547 -0.00193587 0.00153777 0.00197675 -0.00213763 -0.00286501 -0.00196641 -0.0017177 0.000980165 0.000983736 0.00526738 0.00155533 -0.000606343 -0.00144069 0.00221361 -0.00162427 -0.000879139 -0.000731547 -0.000722818 0.00111175 0.00440192 0.000728817
internal_weight=263639 143627 101927 92084 9843 8082 5932 41700 81096 40514 2224 2150 38290 7260 36737 33475 4285 120012 1122 10988 73836 21927 9035 4993 16937 3062 16574 110628 1463 57367
internal_count=263639 143627 101927 92084 9843 8082 5932 41700 81096 40514 2224 2150 38290 7260 36737 33475 4285 120012 1122 10988 73836 21927 9035 4993 16937 3062 16574 110628 1463 57367
is_linear=0
shrinkage=0.05


Tree=56
num_leaves=31
num_cat=0
split_feature=0 26 18 29 29 29 24 29 17 24 24 4 24 24 1 19 11 11 18 0 1 1 0 28 24 29 1 12 22 14
split_gain=115.583 34.1439 21.8592 16.8134 26.2033 16.3381 15.6281 18.1275 17.5921 11.8033 11.2315 10.6712 10.3715 14.6041 12.7335 11.3745 9.405 9.80575 9.54421 8.95643 12.1802 8.26553 7.76138 7.8909 7.2137 9.06781 7.08207 6.80116 6.92172 6.73221
threshold=4.9296208115160445 1.0000000180025095e-35 6.0588301190220601 0.026122464580513982 -0.17157768899314454 2.1505055889027402 14.500000000000002 -0.68361147894660335 4.5000000000000009 15.500000000000002 14.500000000000002 0.032790872225026566 4.5000000000000009 6.5000000000000009 153.00000000000003 29.959022625934345 0.2239382755115886 0.80877819329229028 38.534589766573134 4.6676560430519158 129.00000000000003 137.00000000000003 4.6344336593550848 10.500000000000002 9.5000000000000018 -0.98629016210140319 245.00000000000003 0.14947123186551561 6.5000000000000009 3.765331576649809
decision_type=2 2 2 2 2 2 2 2 2 2 2 2 2 2 2 2 2 2 2 2 2 2 2 2 2 2 2 2 2 2
left_child=1 3 11 4 6 -5 7 19 26 -3 -6 29 14 15 -7 -14 18 -18 -10 20 -1 -21 -12 -24 25 -4 -8 -28 -29 -2
right_child=2 9 24 5 10 12 8 -9 16 -11 22 -13 13 -15 -16 -17 17 -19 -20 21 -22 -23 23 -25 -26 -27 27 28 -30 -31
leaf_value=-0.0004367222804420878 0.00016791470601906135 -0.015952606700427339 0.00050747648226459781 -0.011533333716478203 0.00079480468626282616 -0.00079833141986453452 2.0055883066468965e-06 -0.00014282472870610048 0.00010187012148773122 -0.0019974696711086062 -0.0015930257587589156 0.0016315016759033034 -0.001789274840873751 -0.0026696810796211106 -0.0078331183037219018 0.0011877799370972714 -0.0013058790344808743 -0.00027146293144707988 -0.0014114628339186855 -0.0066970974793680626 -0.008032342358307288 -0.0016795848859648549 0.00064405095375870967 -6.958017378766756e-05 1.7011141426957859e-05 -0.00068110583673197179 0.0012758331117910264 -0.00059834158016205399 0.00097582328040082063 0.00095997997891894386
leaf_weight=1128 43773 1486 2155 938 4131 821 8195 8673 10442 4581 2362 79909 471 3287 1112 1503 13820 8169 2164 1222 4523 11943 2656 4765 26078 8821 1190 866 1613 842
leaf_count=1128 43773 1486 2155 938 4131 821 8195 8673 10442 4581 2362 79909 471 3287 1112 1503 13820 8169 2164 1222 4523 11943 2656 4765 26078 8821 1190 866 1613 842
internal_value=-0.000136473 -0.00145374 0.000695579 -0.00122383 -0.00102251 -0.00339892 -0.00139706 -0.00234203 -0.000837942 -0.00509148 0.000968091 0.00101282 -0.00258966 -0.00143889 -0.00572167 0.00196049 -0.00140772 -0.00203192 -0.000318895 -0.00321375 -0.00487878 -0.00249905 4.49772e-05 0.000839511 -0.000370539 -0.00144588 0.000823501 0.00264922 0.00115773 0.000393367
internal_weight=263639 102061 161578 95994 87862 8132 73948 27489 46459 6067 13914 124524 7194 5261 1933 1974 34595 21989 12606 18816 5651 13165 9783 7421 37054 10976 11864 3669 2479 44615
internal_count=263639 102061 161578 95994 87862 8132 73948 27489 46459 6067 13914 124524 7194 5261 1933 1974 34595 21989 12606 18816 5651 13165 9783 7421 37054 10976 11864 3669 2479 44615
is_linear=0
shrinkage=0.05


Tree=57
num_leaves=31
num_cat=0
split_feature=0 26 29 29 24 17 24 24 27 27 27 24 24 27 22 21 13 29 29 24 24 21 20 26 21 29 11 0 24 28
split_gain=91.7342 23.6066 20.859 25.3142 20.8394 18.7386 15.6889 15.4233 14.6275 14.4336 13.4381 13.8788 16.6832 22.913 12.8827 11.1948 10.5488 9.65343 9.48134 10.8541 12.1174 16.0785 11.9524 8.65257 8.6403 11.898 8.27369 8.25715 8.00947 7.74769
threshold=4.9859457890483005 1.0000000180025095e-35 -1.0000000180025095e-35 -0.17157768899314454 14.500000000000002 4.5000000000000009 15.500000000000002 6.5000000000000009 12.500000000000002 10.500000000000002 28.500000000000004 10.500000000000002 4.5000000000000009 20.500000000000004 6.5000000000000009 35.500000000000007 0.21786262007595331 -0.87527059907807514 2.8408173346488366 4.5000000000000009 6.5000000000000009 33.500000000000007 0.060591443271271757 1.0000000180025095e-35 32.500000000000007 -0.40543560691002828 0.72063484521911902 4.5563455921752096 10.500000000000002 17.500000000000004
decision_type=2 2 2 2 2 2 2 2 2 2 2 2 2 2 2 2 2 2 2 2 2 2 2 2 2 2 2 2 2 2
left_child=1 2 3 4 9 15 -3 14 23 24 11 12 13 -11 -5 17 -7 -6 -4 22 21 -21 -20 -2 25 -1 -9 -13 -10 -16
right_child=8 6 18 7 5 16 -8 26 28 10 -12 27 -14 -15 29 -17 -18 -19 19 20 -22 -23 -24 -25 -26 -27 -28 -29 -30 -31
leaf_value=-0.0057235811648928417 0.00085675418693514037 -0.012496709910499507 -0.0056073907871201437 -0.00015763545625974986 0.0010476320640217327 -3.0240013896431689e-05 -0.0013812242545261902 -0.00020305711151617098 -0.000488543861292559 -0.0028501482620712035 -0.0029839024763836548 -0.0049365767996730203 -0.0021403285411200064 0.00062333247502477948 0.00092457557863852378 -0.0013830767140846332 -0.00077955858341514179 0.00013969633626875912 -0.0074046157344696481 0.00099461792840860016 -0.002069958353752864 -0.0048479133743226221 -0.0018334636483351341 -0.00052746443530355162 -0.00060658657219749435 0.00080576383130257249 0.00055627845774635796 0.0017780851159605376 1.8534278805640723e-05 0.0036559706777709779
leaf_weight=10095 121283 1857 2182 849 3020 13716 5366 8555 7094 1431 4675 319 3691 4192 3127 1023 22948 8876 927 1694 3310 327 1029 10565 2706 987 3055 2112 12345 400
leaf_count=10095 121283 1857 2182 849 3020 13716 5366 8555 7094 1431 4675 319 3691 4192 3127 1023 22948 8876 927 1694 3310 327 1029 10565 2706 987 3055 2112 12345 400
internal_value=-0.000183578 -0.00126506 -0.00107529 -0.000853962 -0.00121781 -0.000587095 -0.00403018 0.000962093 0.000620411 -0.00225304 -0.00125152 -0.000349084 -0.00122718 0.000487286 0.00349177 0.00105039 -0.00116408 0.00148201 -0.00331397 -0.00244819 -0.00127931 0.0017714 -0.00563395 0.000809191 -0.00344575 -0.00406425 8.61446e-06 0.00301522 -0.000660012 0.0048228
internal_weight=263756 112469 105246 95777 79791 49583 7223 15986 151287 30208 16420 11745 9314 5623 4376 12919 36664 11896 9469 7287 5331 2021 1956 131848 13788 11082 11610 2431 19439 3527
internal_count=263756 112469 105246 95777 79791 49583 7223 15986 151287 30208 16420 11745 9314 5623 4376 12919 36664 11896 9469 7287 5331 2021 1956 131848 13788 11082 11610 2431 19439 3527
is_linear=0
shrinkage=0.05


Tree=58
num_leaves=31
num_cat=0
split_feature=10 0 26 26 26 27 11 22 9 25 18 1 28 27 12 0 22 18 18 11 22 0 22 27 20 14 18 28 3 18
split_gain=89.0117 20.3021 9.68936 9.07559 8.80229 8.68799 8.38581 12.6563 7.66181 7.60243 12.3999 13.7046 9.6254 7.47051 7.20459 6.92879 6.38139 6.32304 6.23237 6.14564 5.89566 5.47233 6.04107 5.19536 10.0921 5.15903 5.12875 5.12259 4.79975 4.77193
threshold=0.41666666666666674 4.688499415564281 1.0000000180025095e-35 1.0000000180025095e-35 1.0000000180025095e-35 36.500000000000007 0.68523801880228752 3.5000000000000004 0.64705230206425035 1.0000000180025095e-35 15.13058039051147 257.00000000000006 13.500000000000002 10.500000000000002 0.49071961031747696 4.7512206636374144 26.500000000000004 1.3580602092328122 4.0769321009409785 0.23508516446072983 14.500000000000002 5.6492764668392832 14.500000000000002 19.500000000000004 0.70711280391660625 5.6785847193382484 25.51950395513769 21.500000000000004 -1.0179791548829977 10.849431867776707
decision_type=2 2 2 2 2 2 2 2 2 2 2 2 2 2 2 2 2 2 2 2 2 2 2 2 2 2 2 2 2 2
left_child=4 2 9 5 8 6 -3 17 18 -2 11 19 29 -4 -9 -5 28 -8 21 23 26 22 -1 24 -11 -18 -12 -17 -16 -13
right_child=1 3 13 15 -6 -7 7 14 -10 10 20 12 -14 -15 16 27 25 -19 -20 -21 -22 -23 -24 -25 -26 -27 -28 -29 -30 -31
leaf_value=0.0019606720193929596 -0.0014763094571897386 -0.00016212337035292576 -0.01968512243046637 -0.0035905937374173234 -0.00075034445049477073 -0.00096308207475803449 0.0020657356761758267 2.3564365489651534e-05 0.0025881467486402426 0.00033024748042078495 -0.00050335363250489352 0.0016848497197142747 -0.0010253825954719717 -0.0032829027024233828 0.00022205209844953353 -0.00031469956950451531 0.00049844522662333688 -0.001179867634626113 0.00012362864401383738 -0.0021634779374782487 -7.1378982118571968e-05 -0.0010629789964107653 0.00094390189543176468 0.00011755909695418897 0.0026548715333294041 -0.0021135735392144961 -0.0021185057813021724 -0.0015338857717467238 0.00093674733939661274 0.0026064913769174225
leaf_weight=25959 28018 69932 408 1103 9178 1520 65 11719 25520 227 1919 281 180 1233 1828 4818 1258 2226 24277 1366 3410 3474 31489 876 144 725 3254 2712 4144 409
leaf_count=25959 28018 69932 408 1103 9178 1520 65 11719 25520 227 1919 281 180 1233 1828 4818 1258 2226 24277 1366 3410 3474 31489 876 144 725 3254 2712 4144 409
internal_value=-0.000145596 -0.000984523 -0.00191372 -0.000604604 0.000860406 -0.000461264 -0.00039925 0.000452995 0.000983753 -0.00175955 -0.000710259 0.00180592 0.00724138 -0.00567946 0.000862561 -0.00215568 0.00202389 -0.00306416 0.000756113 -3.82583e-06 -0.00173133 0.00102607 0.0011426 0.00253408 0.00749326 -0.000433685 -0.00279528 -0.00161354 0.00283992 0.00992754
internal_weight=263672 143775 41725 102050 119897 93417 91897 21965 110719 40084 12066 3483 870 1641 19674 8633 7955 2291 85199 2613 8583 60922 57448 1247 371 1983 5173 7530 5972 690
internal_count=263672 143775 41725 102050 119897 93417 91897 21965 110719 40084 12066 3483 870 1641 19674 8633 7955 2291 85199 2613 8583 60922 57448 1247 371 1983 5173 7530 5972 690
is_linear=0
shrinkage=0.05


Tree=59
num_leaves=31
num_cat=0
split_feature=18 0 26 29 29 24 24 18 21 0 0 17 22 16 18 27 28 19 22 17 20 17 27 18 18 1 0 18 0 22
split_gain=87.3131 19.7979 13.1949 12.9456 12.8531 11.8276 25.3668 18.9348 15.4567 12.4496 11.4093 11.2376 9.32261 8.71251 8.65926 14.6175 9.33265 9.08247 8.30957 7.87871 7.47955 7.35327 9.53387 7.44703 10.7751 10.7054 7.34313 8.21558 7.22584 7.20359
threshold=6.256633962694699 4.6426673853605518 1.0000000180025095e-35 -2.8294749043545768 -0.87527059907807514 10.500000000000002 6.5000000000000009 46.090845381258767 34.500000000000007 4.9193525064942056 4.9041128417203437 8.5000000000000018 12.500000000000002 0.091392141627769929 2.413183686715783 11.500000000000002 4.5000000000000009 1.050797484154723 4.5000000000000009 4.5000000000000009 1.2782096704950086 5.5000000000000009 7.5000000000000009 14.405193574437424 11.664501020531697 233.00000000000003 4.8459066944144054 22.975506823943658 5.0517303177099064 2.5000000000000004
decision_type=2 2 2 2 2 2 2 2 2 2 2 2 2 2 2 2 2 2 2 2 2 2 2 2 2 2 2 2 2 2
left_child=10 3 5 -2 -4 6 7 8 9 18 11 12 14 -13 15 -1 -17 -18 -3 -8 28 22 -5 24 -24 -26 -21 -28 -11 -19
right_child=1 2 4 21 -6 -7 19 -9 -10 20 -12 13 -14 -15 -16 16 17 29 -20 26 -22 -23 23 -25 25 -27 27 -29 -30 -31
leaf_value=-0.0010204055367049232 -0.015027936447671645 -0.00018149554373465913 -0.0053212370182722356 -0.0041081337332709881 -0.00074284007176433073 -5.5464963646877555e-05 -0.0047830203732266612 -0.0042551444473059299 -0.0010848789489364501 0.0008108755746247154 0.00074641276347286805 0.0025391901000659176 -0.0012107322159640797 0.0014745358218825975 -0.0014577092113254957 0.00018188366648811836 0.0022546013213103149 -0.0010291265298593224 0.00085656640233867953 -0.0040889175884350369 -0.0019100250878261308 -0.002381630161657339 -0.0024393185128956107 -0.00042488807045686387 -0.00065836594547599573 0.0026467735961098532 -0.00088528957091069279 0.0011059744031571047 -0.00045129072883474757 0.0019204825251201722
leaf_weight=1128 788 1081 1577 1169 6185 61848 4057 1417 3786 1117 127744 154 5139 1376 1330 716 364 162 7087 3805 1119 17474 259 4895 285 492 2906 971 2927 359
leaf_count=1128 788 1081 1577 1169 6185 61848 4057 1417 3786 1117 127744 154 5139 1376 1330 716 364 162 7087 3805 1119 17474 259 4895 285 492 2906 971 2927 359
internal_value=-0.000129645 -0.00108627 -0.000769499 -0.00233381 -0.00274929 -0.000602684 -0.00141248 -0.000260601 0.000199218 0.000999926 0.000735601 -0.000830536 -0.00149054 0.00313726 0.000300568 0.00191279 0.00498439 0.00841808 0.00221474 -0.00323111 -0.000921943 -0.00213152 -0.000774647 3.87805e-05 0.00388996 0.00683398 -0.00228977 -0.000758317 7.91308e-05 0.00418426
internal_weight=263717 125245 99883 25362 7762 92121 30273 18534 17117 13331 138472 10728 9198 1530 4059 2729 1601 885 8168 11739 5163 24574 7100 5931 1036 777 7682 3877 4044 521
internal_count=263717 125245 99883 25362 7762 92121 30273 18534 17117 13331 138472 10728 9198 1530 4059 2729 1601 885 8168 11739 5163 24574 7100 5931 1036 777 7682 3877 4044 521
is_linear=0
shrinkage=0.05


Tree=60
num_leaves=31
num_cat=0
split_feature=18 4 29 29 21 17 27 21 28 24 27 4 24 29 13 22 24 21 24 4 24 21 24 19 24 24 24 2 6 22
split_gain=70.1217 14.4394 13.497 13.5794 17.6604 19.5051 17.4192 19.6241 12.2699 10.1305 9.25702 11.1016 10.6441 12.1501 10.1578 11.8822 9.63932 10.4208 9.22707 9.18386 9.02062 14.2056 11.5919 8.55842 8.54344 9.04344 8.23728 7.96303 6.74104 6.87135
threshold=6.256633962694699 0.031471677640922117 0.35441858460372855 -1.409456967099425 33.500000000000007 9.5000000000000018 6.5000000000000009 33.500000000000007 3.5000000000000004 4.5000000000000009 22.500000000000004 -0.45009688409743603 14.500000000000002 -0.58499218565636679 0.14329938882170642 7.5000000000000009 28.500000000000004 28.500000000000004 8.5000000000000018 -0.22334711915096472 6.5000000000000009 33.500000000000007 10.500000000000002 58.467286815758271 5.5000000000000009 28.500000000000004 14.500000000000002 -1.6169592519082843 1.8839739249646514 20.500000000000004
decision_type=2 2 2 2 2 2 2 2 2 2 2 2 2 2 2 2 2 2 2 2 2 2 2 2 2 2 2 2 2 2
left_child=1 28 3 6 5 10 7 18 -8 19 12 14 13 -5 -12 -16 17 -14 -2 -4 21 -11 -22 -6 -17 -26 -20 -19 -1 -30
right_child=2 -3 9 4 23 -7 8 -9 -10 20 11 -13 16 -15 15 24 -18 27 26 -21 22 -23 -24 -25 25 -27 -28 -29 29 -31
leaf_value=-2.238252084568943e-05 -0.0010786744554840035 0.0012916749031969023 -0.0056475094600444871 -0.0023671800806167294 -0.0013822237414377093 -0.0023152235661883787 -0.0038167775075593595 0.0014986818105412617 -6.3622028067429777e-05 0.00089239776366973754 0.00079710497109376137 -0.00019131260000273623 -0.00041016182177391522 -3.1226439190756058e-05 -0.00085865116581642872 0.0014203380896560043 -0.00060045509318557488 0.0008573099560606613 -0.014387280248857132 -0.00087413082364992808 -0.006012018028267496 -0.002793501521933737 -0.00033544868287877183 -0.00027481507639535118 -0.00088203275057617168 0.0013149106992933262 0.00013308496345197638 0.00014513854737971098 0.0020711940212574977 -0.00080879248691660916
leaf_weight=55030 926 82026 1369 5678 8110 9085 1969 706 7922 1880 2965 4517 8582 6761 1617 2424 4856 3966 3167 1262 2818 474 3333 15088 1813 1273 362 22724 534 324
leaf_count=55030 926 82026 1369 5678 8110 9085 1969 706 7922 1880 2965 4517 8582 6761 1617 2424 4856 3966 3167 1262 2818 474 3333 15088 1813 1273 362 22724 534 324
internal_value=-0.000139132 0.000639313 -0.000993576 -0.000831971 -0.000620154 -0.000252684 -0.0022316 -0.00458632 -0.00100293 -0.00265535 4.1385e-05 0.00115477 -0.000268038 -0.00154594 0.00207689 0.00105374 0.000128091 0.000415628 -0.00581369 -0.00536678 -0.00181658 0.000815634 -0.00282393 -0.00182817 0.00215971 0.000414778 -0.00697931 0.000902961 1.95045e-05 0.00441725
internal_weight=263561 137914 125647 114511 99459 76261 15052 5161 9891 11136 67176 14609 52567 12439 10092 7127 40128 35272 4455 2631 8505 2354 6151 23198 5510 3086 3529 26690 55888 858
internal_count=263561 137914 125647 114511 99459 76261 15052 5161 9891 11136 67176 14609 52567 12439 10092 7127 40128 35272 4455 2631 8505 2354 6151 23198 5510 3086 3529 26690 55888 858
is_linear=0
shrinkage=0.05


Tree=61
num_leaves=31
num_cat=0
split_feature=10 24 24 20 6 12 14 12 18 28 24 26 22 18 11 5 5 5 4 29 13 22 11 11 1 28 28 12 18 4
split_gain=64.2393 14.1699 18.4977 18.0942 13.3595 13.8516 13.3004 13.037 11.8137 10.2979 12.8081 12.005 9.46496 9.40528 9.23025 8.89949 8.73222 10.1087 7.81756 7.29542 8.58229 7.92895 6.92758 6.7623 6.55018 6.40491 6.30831 5.98177 5.93465 7.15194
threshold=0.41666666666666674 14.500000000000002 6.5000000000000009 0.70843453455691086 1.9524119417911521 0.16629777663377751 5.1890257250113203 0.78081238767005468 50.504317098060362 20.500000000000004 10.500000000000002 1.0000000180025095e-35 9.5000000000000018 31.375848613157462 0.72063484521911902 0.7103432039503933 3.4526602689219836 1.3762185003026113 0.07088049020361066 -0.55713965335263338 0.19641428097657501 12.500000000000002 0.15370154349851192 0.66429506473521316 189.00000000000003 31.500000000000004 10.500000000000002 1.0000000180025095e-35 14.405193574437424 -0.54491434864628052
decision_type=2 2 2 2 2 2 2 2 2 2 2 2 2 2 2 2 2 2 2 2 2 2 2 2 2 2 2 2 2 2
left_child=18 2 8 9 5 19 15 -7 12 10 26 25 28 -12 -9 -5 17 23 -1 20 21 22 -3 -14 -17 -11 -4 -22 29 -2
right_child=1 4 3 6 -6 7 -8 14 -10 11 13 -13 16 -15 -16 24 -18 -19 -20 -21 27 -23 -24 -25 -26 -27 -28 -29 -30 -31
leaf_value=0.00045616317837661642 0.0005470715871135405 0.0011671597381158825 -0.004674925873206952 0.00096613278942796308 0.00060903189896275699 -0.00060147756175053422 -0.0060352052075316534 -0.00019480678715600417 -0.0038542361387359052 -0.0042994792169898169 -0.00067262432819359039 -0.018574726174715502 -0.00039044421914473729 0.0015728116607727463 0.00050819126077899872 -0.00066946326028759608 -0.0013309221910586806 0.00065602756681311782 0.0016008248902197799 -5.1499411107091548e-05 -0.00099481455424454686 0.00034158900997371933 0.00037308851919405644 0.0007060290542635104 0.00080447700141835605 0.0003983000754277955 -0.00068124754500448182 0.00034683453536063665 -0.0011253679467721123 -0.00018834847094495477
leaf_weight=55930 1297 1430 3591 2829 4846 29727 958 11309 1507 9609 2914 747 6352 1392 5637 8314 1315 7296 64240 21763 1852 3640 974 2247 1086 786 1387 2721 3593 2499
leaf_count=55930 1297 1430 3591 2829 4846 29727 958 11309 1507 9609 2914 747 6352 1392 5637 8314 1315 7296 64240 21763 1852 3640 974 2247 1086 786 1387 2721 3593 2499
internal_value=-7.03583e-05 -0.000784093 -0.00137276 -0.00214827 -0.000365081 -0.000521295 -0.00070448 -0.00107257 -0.000374242 -0.00308039 -0.00185049 -0.00410519 -0.000110979 0.000146309 3.42276e-05 -0.000260036 0.000531669 0.000855616 0.000782642 0.000273318 0.00134784 0.00258438 0.00481281 -0.000305848 -0.000999999 -0.00366522 -0.00357774 -0.000286463 -0.00160779 -0.000229187
internal_weight=263788 143618 59719 33613 83899 79053 13187 46673 26106 20426 9284 11142 24599 4306 16946 12229 17210 15895 120170 32380 10617 6044 2404 8599 9400 10395 4978 4573 7389 3796
internal_count=263788 143618 59719 33613 83899 79053 13187 46673 26106 20426 9284 11142 24599 4306 16946 12229 17210 15895 120170 32380 10617 6044 2404 8599 9400 10395 4978 4573 7389 3796
is_linear=0
shrinkage=0.05


Tree=62
num_leaves=31
num_cat=0
split_feature=0 27 24 24 21 0 6 17 4 22 13 24 21 21 24 5 21 18 18 0 1 19 13 0 0 4 27 24 19 1
split_gain=71.266 14.7835 16.2929 23.9699 20.3925 16.1339 13.1581 11.6616 11.6012 10.134 9.90584 9.54296 9.35842 9.04169 8.96187 8.06275 8.02036 7.82343 7.64882 12.6219 7.09017 7.22951 7.02642 6.9935 6.84135 6.76493 6.67593 6.31169 6.30427 5.98781
threshold=4.9041128417203437 8.5000000000000018 14.500000000000002 8.5000000000000018 33.500000000000007 4.4674786937065862 1.5395601336132285 8.5000000000000018 0.097217299422049319 25.500000000000004 0.20937459259905636 18.500000000000004 34.500000000000007 29.500000000000004 6.5000000000000009 0.72049847843441472 38.500000000000007 11.475555918351697 41.280443992448596 4.6717755082532104 261.00000000000006 44.718498577441011 0.65568538646284924 4.688499415564281 4.6098625740792736 -0.44580638313263604 28.500000000000004 1.5000000000000002 3.2988712152591364 161.00000000000003
decision_type=2 2 2 2 2 2 2 2 2 2 2 2 2 2 2 2 2 2 2 2 2 2 2 2 2 2 2 2 2 2
left_child=1 2 3 13 7 -3 10 18 16 12 20 -4 17 14 25 28 -2 29 -5 -20 -7 24 -12 -14 -22 27 -24 -1 -13 -8
right_child=8 5 11 4 -6 6 9 -9 -10 -11 22 15 23 -15 -16 -17 -18 -19 19 -21 21 -23 26 -25 -26 -27 -28 -29 -30 -31
leaf_value=-0.0028147497838495721 0.00013483540361674138 -0.0056708030053240115 0.0004096892344103804 -0.010155762832183363 0.0013479973909727412 -0.00017578720660929055 0.0023329914209896589 -0.00024969872082378187 0.0010674547688803116 -0.00093836194510517963 -0.0010421727169982575 0.0019141321051411274 -0.003490025661629459 -0.0028694987100615701 -0.0043172634861383544 -0.00099008380876197482 -0.00038625655958507806 0.00056759910610130408 -0.018663551637668214 0.0040924123987936501 0.0018765146893556673 -4.4363966578315659e-05 -6.3061754047504665e-05 0.00044516542740329827 0.00050317976968920232 -0.0015282151195325977 -0.0021857559554260709 0.0028944776004350401 0.00068541051973821526 0.0013664878761851342
leaf_weight=132 102434 4406 3602 6362 891 22091 217 831 58337 1672 20368 85 644 2912 920 4627 6204 6287 442 373 267 2232 10971 785 1491 367 1643 924 279 904
leaf_count=132 102434 4406 3602 6362 891 22091 217 831 58337 1672 20368 85 644 2912 920 4627 6204 6287 442 373 267 2232 10971 785 1491 367 1643 924 279 904
internal_value=-0.000134811 -0.00121478 -0.00232954 -0.00337219 -0.00495336 -0.000872015 -0.000686194 -0.00575175 0.000490793 0.000943954 -0.000976245 -0.000612125 0.00161933 -0.000694575 0.00161759 -0.00202765 0.000185388 0.00233396 -0.006401 -0.00184049 -0.000248072 0.00169173 -0.00155206 -0.00208537 0.00408988 0.00410401 -0.000624702 0.00613636 0.00513736 0.00618198
internal_weight=263700 96725 22747 14154 8899 73978 69572 8008 166975 10509 59063 8593 8837 5255 2343 4991 108638 7408 7177 815 26081 3990 32982 1429 1758 1423 12614 1056 364 1121
internal_count=263700 96725 22747 14154 8899 73978 69572 8008 166975 10509 59063 8593 8837 5255 2343 4991 108638 7408 7177 815 26081 3990 32982 1429 1758 1423 12614 1056 364 1121
is_linear=0
shrinkage=0.05


Tree=63
num_leaves=31
num_cat=0
split_feature=0 26 29 29 18 29 0 24 21 29 24 24 4 4 18 27 21 29 0 24 24 24 24 27 18 21 6 14 13 18
split_gain=60.4572 16.8946 16.858 14.2983 13.9113 13.1543 12.233 10.7609 10.1983 11.4148 17.8332 8.48746 8.4525 8.08659 9.81112 7.83939 7.80846 7.65764 7.46765 7.4396 7.59738 6.83261 12.2509 12.1044 7.98825 6.40262 7.14562 6.34178 6.33682 6.27877
threshold=4.8459066944144054 1.0000000180025095e-35 0.026122464580513982 -2.8294749043545768 4.8067996689731958 2.1505055889027402 4.4439066730957402 7.5000000000000009 34.500000000000007 -1.4571161936178669 14.500000000000002 22.500000000000004 0.031471677640922117 -0.43329411285390113 59.307370038592801 10.500000000000002 38.500000000000007 -1.6214020128300053 4.7946504408654791 10.500000000000002 13.500000000000002 6.5000000000000009 14.500000000000002 26.500000000000004 40.267125989099505 28.500000000000004 1.0000000180025095e-35 4.5082225661233091 0.29606682118979605 34.597550769338447
decision_type=2 2 2 2 2 2 2 2 2 2 2 2 2 2 2 2 2 2 2 2 2 2 2 2 2 2 2 2 2 2
left_child=1 2 3 7 12 -4 -5 -1 9 10 29 -9 27 14 21 18 -6 -10 -3 -19 -21 -11 24 25 -23 -24 -27 -2 -22 -8
right_child=4 15 5 6 16 -7 8 11 17 13 -12 -13 -14 -15 -16 -17 -18 19 -20 20 28 22 23 -25 -26 26 -28 -29 -30 -31
leaf_value=-0.00052154515396097526 7.5089548120375326e-05 -0.0097865406650037099 -0.014009413786714048 -0.0055637278364441354 7.4503331740304702e-06 -0.0016316515362400962 -0.007865834690547779 -0.012876028605725285 0.00078206944017028589 0.00059250706410467907 0.00070811152546782321 0.0019648839342531177 0.0014433308986968368 -0.00076572985057317411 -0.0013051047890094093 -0.00167164734562279 -0.00049961910829365809 -0.0039565858490149602 -0.0014008651022906545 0.0013421012329966273 -0.00017279453468385669 -0.003761154074230113 -0.00027606252102886007 -0.0022983335372456916 0.0011377967243132567 -0.00066526689910452583 0.00036213290785110688 0.001032937954010343 -0.0015683656050095144 -0.0010288184893996401
leaf_weight=1292 40912 954 685 3797 61698 5883 2924 1735 1602 6602 1962 64 69105 9731 2360 3013 5030 1981 511 844 3462 3282 3618 921 670 352 22118 574 4743 1265
leaf_count=1292 40912 954 685 3797 61698 5883 2924 1735 1602 6602 1962 64 69105 9731 2360 3013 5030 1981 511 844 3462 3282 3618 921 670 352 22118 574 4743 1265
internal_value=-9.17732e-05 -0.00117655 -0.00101303 -0.000801194 0.000436615 -0.00344245 -0.000658691 -0.00413135 -0.000505427 -0.000215033 -0.00224679 -0.00663146 0.000780625 3.66548e-05 0.000351678 -0.00416704 -0.000133526 -0.00178831 -0.00716723 -0.00225748 -0.0016499 0.000548147 0.000236751 0.000617203 -0.00236336 0.000816085 0.0011304 0.00021646 -0.00211456 -0.00408928
internal_weight=263690 86371 81893 75325 177319 6568 72234 3091 68437 55805 6151 1799 110591 49654 39923 4478 66728 12632 1465 11030 9049 37563 30961 27009 3952 26088 22470 41486 8205 4189
internal_count=263690 86371 81893 75325 177319 6568 72234 3091 68437 55805 6151 1799 110591 49654 39923 4478 66728 12632 1465 11030 9049 37563 30961 27009 3952 26088 22470 41486 8205 4189
is_linear=0
shrinkage=0.05


Tree=64
num_leaves=31
num_cat=0
split_feature=0 29 26 29 26 2 29 27 29 14 20 27 9 29 29 20 27 27 27 0 27 5 18 27 18 17 4 22 11 11
split_gain=60.6593 15.0812 13.4023 11.4795 11.32 9.30779 8.90492 8.54018 7.79218 7.39869 7.2634 6.49754 6.63005 6.34643 6.20849 7.26853 5.66425 8.71969 5.48736 5.38205 7.95385 6.58605 6.1905 6.27133 9.167 6.00165 5.26848 5.50866 5.16098 8.2267
threshold=4.8459066944144054 -0.018088961058912559 1.0000000180025095e-35 -2.8294749043545768 1.0000000180025095e-35 0.18574130785540569 -0.17157768899314454 9.5000000000000018 -0.96610888091398417 4.5082225661233091 0.10064845542189506 21.500000000000004 0.76019143717486803 2.8408173346488366 -0.8261228501704635 0.70711280391660625 11.500000000000002 29.500000000000004 22.500000000000004 4.4674786937065862 6.5000000000000009 0.64446701992553945 59.307370038592801 27.500000000000004 1.8506764607621853 9.5000000000000018 -0.43329411285390113 6.5000000000000009 0.79573476830300838 0.2239382755115886
decision_type=2 2 2 2 2 2 2 2 2 2 2 2 2 2 2 2 2 2 2 2 2 2 2 2 2 2 2 2 2 2
left_child=1 2 3 -1 5 9 19 -4 -6 11 18 14 26 -3 -2 -16 -11 -18 -8 21 -21 25 23 28 -25 -5 -13 -28 29 -22
right_child=4 13 7 6 8 -7 10 -9 -10 16 -12 12 -14 -15 15 -17 17 -19 -20 20 22 -23 -24 24 -26 -27 27 -29 -30 -31
leaf_value=-0.003784461545063897 0.0006130414438428231 -0.0061742758630396266 -0.0063407254440058973 0.0054014616454820781 -0.0047133183185983432 0.0012375320390391141 0.00015362848792990625 -0.0015335446713867886 -0.00045332513143666296 -3.0077526920319294e-05 -0.00028730190990513405 0.00033525448207997354 -0.0012742275077851451 -0.0016582195888877043 0.00050343326517876194 -0.00012932415856355036 0.00097811467684438868 -0.0017251725871949225 0.00084589596904804823 -0.0013728791852375343 0.00012168673910448747 -0.0050551161991309219 -0.0014297471163142498 0.00169497231001831 -0.0014912440216762989 -0.00032867413501832794 -0.00030774237530677324 -8.7523611010382476e-05 0.00035895573888629801 -0.00062595677790815651
leaf_weight=3099 6535 1611 1274 139 598 53389 4021 3179 14357 1410 3221 2510 771 5510 63687 18442 2173 289 2885 10017 15240 3639 3106 776 5796 482 2655 10311 9872 12596
leaf_count=3099 6535 1611 1274 139 598 53389 4021 3179 14357 1410 3221 2510 771 5510 63687 18442 2173 289 2885 10017 15240 3639 3106 776 5796 482 2655 10311 9872 12596
internal_value=-7.62536e-05 -0.00116188 -0.000964053 -0.000805591 0.000453687 0.00057507 -0.000676973 -0.00362901 -0.000862587 0.0003097 0.000697147 0.000230482 -0.000688741 -0.0033661 0.000398923 0.000280901 0.0024561 0.00390333 0.00161164 -0.000902647 -0.000775394 -0.00261737 -0.000504789 -0.000353432 -0.00177876 0.00214171 -0.000463297 -0.000869195 -0.000105016 -0.000453369
internal_weight=263590 86463 79342 74889 177127 162172 71790 4453 14955 108783 10127 104911 16247 7121 88664 82129 3872 2462 6906 61663 57403 4260 47386 44280 6572 621 15476 12966 37708 27836
internal_count=263590 86463 79342 74889 177127 162172 71790 4453 14955 108783 10127 104911 16247 7121 88664 82129 3872 2462 6906 61663 57403 4260 47386 44280 6572 621 15476 12966 37708 27836
is_linear=0
shrinkage=0.05


Tree=65
num_leaves=31
num_cat=0
split_feature=10 29 29 24 29 20 28 27 24 24 29 17 11 24 13 28 15 28 13 24 24 17 28 17 24 27 28 13 6 29
split_gain=53.9803 11.8872 17.8346 11.1336 12.2861 9.58378 8.77744 8.06154 13.0288 15.4829 18.4078 11.2437 11.1289 11.0844 9.48831 8.73829 8.43838 7.94685 7.83153 7.25749 9.80498 8.45915 7.16333 6.71967 7.06738 6.65549 9.24491 6.51906 9.37288 6.57976
threshold=0.41666666666666674 -1.0000000180025095e-35 -0.079601987813108552 4.5000000000000009 2.1505055889027402 0.028066764171090004 1.5000000000000002 8.5000000000000018 14.500000000000002 8.5000000000000018 -1.4571161936178669 4.5000000000000009 1.003829685941797 18.500000000000004 0.20937459259905636 31.500000000000004 5.5000000000000009 28.500000000000004 1.9767836685517983 6.5000000000000009 10.500000000000002 8.5000000000000018 37.500000000000007 9.5000000000000018 1.5000000000000002 5.5000000000000009 18.500000000000004 0.16014301357048588 1.2408734394976422 -0.33473756701380636
decision_type=2 2 2 2 2 2 2 2 2 2 2 2 2 2 2 2 2 2 2 2 2 2 2 2 2 2 2 2 2 2
left_child=-1 2 6 5 -5 -3 -2 8 9 23 15 17 14 -10 -9 -11 -16 -12 -4 21 -21 25 -15 24 -8 -6 -27 -13 29 -29
right_child=1 3 18 4 19 -7 7 12 13 10 11 27 -14 22 16 -17 -18 -19 -20 20 -22 -23 -24 -25 -26 26 -28 28 -30 -31
leaf_value=0.00090127784153823842 -0.00094144117518525281 -0.0069469732159683877 0.00020382310608953606 -0.0037063941065374343 0.0026672121350691442 -0.0012564140215697633 -0.0024744545767050687 -2.7774862809611726e-05 0.00036612311568450396 -0.010878319483844719 -0.0065652611179519626 -0.0020794224227026442 0.00022343793781389351 -0.00025727513212952716 -0.00021432906981449639 0.0039366534909095925 -0.0010315553066137708 0.00030161562933166998 0.0014619130276194978 -0.0032896504182307047 0.00010543447037956774 -0.010470107007763347 -0.0018433512386017402 -0.0074437625850317397 0.00054736472136624338 0.00054138439630630288 -0.0041075244765603341 0.00073094380105513017 -0.0041711225857468514 0.002954608453805802
leaf_weight=120179 6228 1020 8280 1884 523 2092 503 32180 5081 4124 1687 1759 18025 7635 21594 192 13852 463 762 2647 3044 269 299 889 4134 1644 212 1730 693 385
leaf_count=120179 6228 1020 8280 1884 523 2092 503 32180 5081 4124 1687 1759 18025 7635 21594 192 13852 463 762 2647 3044 269 299 889 4134 1644 212 1730 693 385
internal_value=-0.000106738 -0.000760271 -0.000614965 -0.00218223 -0.00138511 -0.00480077 -0.000774455 -0.000675633 -0.00138737 -0.00231777 -0.0033998 -0.00176269 -0.000429883 -0.00020361 -0.000724129 -0.00594764 -0.00128844 -0.00474418 0.00152732 -0.000561217 -0.00156739 0.00160121 -0.00137131 -0.000157436 0.000605996 0.00255149 0.00114763 -0.000359097 0.00113604 0.0027896
internal_weight=264009 143830 130495 13335 10223 3112 121453 115225 29574 16559 11033 6717 85651 13015 67626 4316 35446 2150 9042 8339 5691 2648 7934 5526 4637 2379 1856 4567 2808 2115
internal_count=264009 143830 130495 13335 10223 3112 121453 115225 29574 16559 11033 6717 85651 13015 67626 4316 35446 2150 9042 8339 5691 2648 7934 5526 4637 2379 1856 4567 2808 2115
is_linear=0
shrinkage=0.05


Tree=66
num_leaves=31
num_cat=0
split_feature=0 26 29 29 18 29 24 24 20 24 27 23 28 29 24 17 27 29 4 23 2 22 27 27 19 4 20 24 24 27
split_gain=49.4418 14.6695 15.0436 12.2575 11.2023 9.46621 9.78631 9.05758 7.63866 7.35901 7.05148 7.5281 6.66059 5.95574 6.90781 5.9238 10.0841 5.78297 5.51409 5.47865 5.17693 7.50956 6.44851 8.34093 5.62699 5.16122 6.72479 12.0745 32.2043 6.79921
threshold=4.8459066944144054 1.0000000180025095e-35 -0.018088961058912559 -3.1903952382278615 4.0769321009409785 -0.17157768899314454 13.500000000000002 7.5000000000000009 0.11994352032788679 15.500000000000002 22.500000000000004 3.5000000000000004 2.5000000000000004 2.1505055889027402 15.500000000000002 5.5000000000000009 7.5000000000000009 -0.94655401024601937 0.027694855897018519 4.5000000000000009 -0.71524251614925538 19.500000000000004 16.500000000000004 29.500000000000004 7.0623524330175753 -0.4702168439600225 1.2782096704950086 14.500000000000002 6.5000000000000009 11.500000000000002
decision_type=2 2 2 2 2 2 2 2 2 2 2 2 2 2 2 2 2 2 2 2 2 2 2 2 2 2 2 2 2 2
left_child=1 2 3 7 18 12 19 -1 10 -3 -8 -12 -5 14 -4 16 17 -14 20 -7 21 22 -2 24 -24 -6 -27 28 -28 -30
right_child=4 9 13 5 25 6 8 -9 -10 -11 11 -13 15 -15 -16 -17 -18 -19 -20 -21 -22 -23 23 -25 -26 26 27 -29 29 -31
leaf_value=-0.00041326974279429197 0.00019589277527699009 -0.014781400915548765 -0.010591642909598381 -0.0014260097683747993 0.00035781610521374609 0.0004284776054605584 -4.2977395200922448e-05 -0.013320022418580452 -0.000683390360496394 -0.0016452671979456401 0.0023055078125910318 0.00010891740262511084 -0.0023091763740392735 -0.0016387255938060414 -0.00025708262055813738 -0.00071112707491660307 8.7686007548309092e-05 -0.00011546137371528509 0.0012488557123389481 0.0015168257229439455 3.0531672313171738e-05 -0.00028638642855334561 0.0014929702484825949 0.00074528288955811206 0.0017029059696338793 5.4217818170365943e-06 -0.0014015887250088406 -0.00074848003659028141 0.0023046876522121789 0.00068084010082948327
leaf_weight=1011 628 1021 779 4617 6270 1992 3600 1310 2357 3497 576 583 4011 5900 324 27274 23292 2939 61330 991 32955 1116 185 347 236 61752 2453 6828 1224 1938
leaf_count=1011 628 1021 779 4617 6270 1992 3600 1310 2357 3497 576 583 4011 5900 324 27274 23292 2939 61330 991 32955 1116 185 347 236 61752 2453 6828 1224 1938
internal_value=-0.000119124 -0.00110231 -0.000948672 -0.000740546 0.000358284 -0.000625622 0.000794139 -0.0043171 -0.000213602 -0.00387561 0.000939274 0.00433132 -0.000856388 -0.00316436 -0.00653672 -0.000709714 -0.000227828 -0.00189928 0.000720685 0.00319812 0.000224435 0.00241242 0.00485673 0.00792969 0.0126603 -7.76723e-05 -0.000194082 -0.00125452 0.000463047 0.00379823
internal_weight=263336 86074 81556 74553 177262 72232 10099 2321 7116 4518 4759 1159 62133 7003 1103 57516 30242 6950 96797 2983 35467 2512 1396 768 421 80465 74195 12443 5615 3162
internal_count=263336 86074 81556 74553 177262 72232 10099 2321 7116 4518 4759 1159 62133 7003 1103 57516 30242 6950 96797 2983 35467 2512 1396 768 421 80465 74195 12443 5615 3162
is_linear=0
shrinkage=0.05


Tree=67
num_leaves=31
num_cat=0
split_feature=0 18 29 29 26 24 29 21 24 3 21 1 12 12 29 14 4 29 27 24 18 18 0 21 18 17 1 11 6 24
split_gain=43.6131 13.1375 12.3429 14.8919 12.8985 9.24755 11.5207 9.35071 11.3142 9.0192 8.55519 9.63665 8.01344 8.09542 7.31953 6.83346 8.05568 6.5722 6.35392 6.0413 9.39618 6.74165 6.44989 6.01874 5.79363 9.43207 7.09346 5.65957 5.57548 5.39269
threshold=4.8066698993475034 4.9207779672608334 -0.022870959790247915 -0.17157768899314454 1.0000000180025095e-35 14.500000000000002 -0.92774906841375426 33.500000000000007 10.500000000000002 -0.71748889060372478 35.500000000000007 189.00000000000003 0.17822859839754898 0.79243030050537333 2.8408173346488366 4.4075011028639119 0.031471677640922117 -1.5596558316951226 9.5000000000000018 5.5000000000000009 29.679186642393145 41.280443992448596 4.6533718866885332 38.500000000000007 3.1903929599810659 8.5000000000000018 97.000000000000014 0.68523801880228752 2.2115467421833706 19.500000000000004
decision_type=2 2 2 2 2 2 2 2 2 2 2 2 2 2 2 2 2 2 2 2 2 2 2 2 2 2 2 2 2 2
left_child=2 15 3 4 5 6 7 19 17 -5 11 24 -13 -14 -4 16 -2 -9 -6 20 -1 -21 -23 -3 25 -7 -27 -15 -25 -11
right_child=1 23 14 9 18 10 -8 8 -10 29 -12 12 13 27 -16 -17 -18 -19 -20 21 -22 22 -24 28 -26 26 -28 -29 -30 -31
leaf_value=0.0019892808552865785 4.2110089070365634e-05 -2.0037753697996004e-05 -0.0067038806712957505 0.00055991501530571006 -0.010111974739890374 -0.0014658981428979916 -0.00019713771195436819 -0.0001990272206204439 0.0033082316134586233 0.00057302103968297734 -0.0010924929138426238 0.00056207840531711638 -0.00044525839461805972 -3.6304068042087091e-05 -0.0014754314795735121 0.0012378477243315687 0.0011832750932628602 -0.0040961253494040005 -0.0022254415787908775 -0.0073002916514267038 -0.0042933585412806442 -0.010259311389532774 0.0014367124541750794 -0.00049069166128131705 -0.00092827727241404751 -0.0077526663152897527 0.0027497084482473993 0.0010211180602224428 0.0046436180439361997 -0.0011286419142012862
leaf_weight=540 42306 66758 1414 6179 862 275 8986 1488 814 1192 6671 6135 8467 3204 4970 882 70602 1001 2114 5962 682 603 804 5326 10836 66 266 2500 58 2067
leaf_count=540 42306 66758 1414 6179 862 275 8986 1488 814 1192 6671 6135 8467 3204 4970 882 70602 1001 2114 5962 682 603 804 5326 10836 66 266 2500 58 2067
internal_value=-7.8399e-05 0.000338082 -0.00106994 -0.000882393 -0.00116289 -0.00100169 -0.00184866 -0.00286951 -0.000608537 0.000968427 -0.000541384 -0.000199375 0.000454547 -0.000198997 -0.00317669 0.000672732 0.000638486 -0.00228204 -0.004375 -0.0037388 -0.000482814 -0.00427873 -0.0011656 -0.000189763 -0.00135978 0.00339374 0.00906627 0.00125701 -0.00179792 -0.00115986
internal_weight=264030 185932 78098 71714 62276 59300 20880 11894 3303 9438 38420 31749 20306 14171 6384 113790 112908 2489 2976 8591 1222 7369 1407 72142 11443 607 332 5704 5384 3259
internal_count=264030 185932 78098 71714 62276 59300 20880 11894 3303 9438 38420 31749 20306 14171 6384 113790 112908 2489 2976 8591 1222 7369 1407 72142 11443 607 332 5704 5384 3259
is_linear=0
shrinkage=0.05


Tree=68
num_leaves=31
num_cat=0
split_feature=0 21 26 27 26 29 29 29 20 29 29 4 0 0 22 27 28 25 0 11 22 1 19 12 11 1 12 19 27 22
split_gain=44.0439 11.4893 9.56933 9.34034 8.66796 8.03435 11.3759 9.55054 9.37066 7.46241 7.30564 6.37139 5.84096 5.73417 5.0004 4.99332 5.92394 4.79466 4.33419 5.91842 8.08557 6.34251 10.0309 4.72881 4.18565 4.79049 4.6872 5.6919 4.10091 5.09134
threshold=4.8066698993475034 30.500000000000004 1.0000000180025095e-35 9.5000000000000018 1.0000000180025095e-35 0.026122464580513982 2.8408173346488366 -0.17157768899314454 0.017782572528646279 -0.98629016210140319 -3.1903952382278615 0.34279727925295861 5.5254869140418341 4.6426673853605518 2.5000000000000004 22.500000000000004 25.500000000000004 1.0000000180025095e-35 4.7012900704448422 0.2239382755115886 5.5000000000000009 289.00000000000006 56.993231339719991 0.31190890070982774 0.89638550728203537 249.00000000000003 0.68456801204181628 45.276785475397041 19.500000000000004 15.500000000000002
decision_type=2 2 2 2 2 2 2 2 2 2 2 2 2 2 2 2 2 2 2 2 2 2 2 2 2 2 2 2 2 2
left_child=2 4 5 -4 11 7 -7 10 14 -6 13 -2 -13 -1 -9 16 -16 -3 19 21 -21 -12 23 -23 -22 -26 -27 -28 29 -5
right_child=1 17 3 28 9 6 -8 8 -10 -11 18 12 -14 -15 15 -17 -18 -19 -20 20 24 22 -24 -25 25 26 27 -29 -30 -31
leaf_value=-0.013344086419478124 0.00034772926343673566 -2.3715602766720586e-05 -0.0088761906296980081 0.0011108824606368031 -0.011143402911363081 -0.011714355737212717 -0.001179049090818536 -0.0003060664436471768 -0.0006973700612017958 -0.00045382536531221119 -0.00033225500749848924 0.0033555144097281659 0.00070521921596583765 -0.0023749041218877548 0.00010901797454968648 0.0009137968891829093 0.0027027295051543407 -0.00024392753530804039 -0.00013110045949081772 -0.002422137942029987 -0.001044075913011815 0.0021771599940477696 -0.0013362385303922731 -0.0018289797144133936 -0.00055653296207823651 -0.00017336966482472854 0.005189031882480646 0.0014611666116529363 -0.0033223878550385113 -0.0020873396499968755
leaf_weight=674 109094 33284 964 830 326 955 4944 585 2719 11377 10841 13004 10071 1500 3118 2492 269 8492 23054 5417 10872 247 267 70 5096 653 109 457 1319 648
leaf_count=674 109094 33284 964 830 326 955 4944 585 2719 11377 10841 13004 10071 1500 3118 2492 269 8492 23054 5417 10872 247 267 70 5096 653 109 457 1319 648
internal_value=-5.82362e-05 0.000360845 -0.00105442 -0.00351502 0.000572802 -0.000929928 -0.00270046 -0.000777322 0.000723076 -0.000731435 -0.00100984 0.000688287 0.00144312 -0.00385464 0.00175897 0.00219765 0.000947743 -0.00036911 -0.000901493 -0.0012601 -0.0017289 -0.000332603 0.00474315 0.0107571 -0.001198 -0.000174187 0.00264151 0.00597173 -0.0020522 -0.000243571
internal_weight=263748 185648 78100 3761 143872 74339 5899 68440 9183 11703 59257 132169 23075 2174 6464 5879 3387 41776 57083 34029 22604 11425 584 317 17187 6315 1219 566 2797 1478
internal_count=263748 185648 78100 3761 143872 74339 5899 68440 9183 11703 59257 132169 23075 2174 6464 5879 3387 41776 57083 34029 22604 11425 584 317 17187 6315 1219 566 2797 1478
is_linear=0
shrinkage=0.05


Tree=69
num_leaves=31
num_cat=0
split_feature=18 14 17 4 6 29 21 6 21 29 24 24 21 17 1 16 29 28 1 6 24 6 19 28 24 24 24 18 6 2
split_gain=30.8198 11.9247 8.25984 8.49928 8.08222 7.57994 5.79023 5.75494 5.42213 6.6071 15.916 14.0237 7.57019 6.76562 5.31503 7.58851 5.04637 4.91936 5.34412 4.66529 4.3582 4.234 4.11922 4.03512 3.93309 3.86156 4.53939 3.69415 3.68442 4.92618
threshold=6.256633962694699 0.47208130956771455 8.5000000000000018 0.060636400820476825 0.19599727362273558 5.8911258848236683 34.500000000000007 1.0000000180025095e-35 38.500000000000007 -1.4571161936178669 14.500000000000002 8.5000000000000018 33.500000000000007 9.5000000000000018 129.00000000000003 0.54110554908786268 -1.9534123769382994 23.500000000000004 229.00000000000003 1.8839739249646514 7.5000000000000009 0.87907762625061514 25.88509136901563 13.500000000000002 4.5000000000000009 6.5000000000000009 12.500000000000002 59.307370038592801 0.11614345024925386 -0.011254511265596687
decision_type=2 2 2 2 2 2 2 2 2 2 2 2 2 2 2 2 2 2 2 2 2 2 2 2 2 2 2 2 2 2
left_child=2 4 3 7 17 8 14 -1 9 10 11 23 27 -11 21 -16 20 18 -2 -9 -10 -4 -5 -3 -7 -19 -27 -13 29 -20
right_child=1 5 6 22 -6 24 -8 19 16 13 -12 12 -14 -15 15 -17 -18 25 28 -21 -22 -23 -24 -25 -26 26 -28 -29 -30 -31
leaf_value=-0.00037491127204475582 -0.00011375175175670546 -0.0011627432773979949 0.0016737820044538691 0.0012119813509064274 -0.00094395882361091163 -0.0054453602769630877 -1.0195393529947048e-05 1.182067121861995e-05 -0.00011201833818495879 5.7424552436771639e-05 0.00087777297029456537 -0.009493826115509911 0.0020421458133458763 -0.0013361761556025936 0.0036354758264249701 0.001967898841468771 -0.00075172732890625108 0.00074431931203647111 0.0011288035195371933 0.0011404584410853668 0.0045946512386119938 0.0062271261270519691 -0.00082091426468584362 0.00096891696048898826 -0.0010554375340776634 -0.0057231456377159588 -0.00026509174602438811 0.0030943784318589861 0.00013469458688776951 -7.48829814591001e-05
leaf_weight=1535 9167 1352 1309 59890 27859 386 860 69771 314 61575 1894 3157 371 4560 152 189 5857 542 714 821 201 62 3533 1528 1258 1190 1845 121 1377 303
leaf_count=1535 9167 1352 1309 59890 27859 386 860 69771 314 61575 1894 3157 371 4560 152 189 5857 542 714 821 201 62 3533 1528 1258 1190 1845 121 1377 303
internal_value=-9.14309e-05 -0.000658351 0.000423974 0.000370713 -0.00133358 -0.000306754 0.00323095 -5.53385e-07 -0.000238477 -0.000118832 -0.00143773 -0.00260836 -0.00466703 4.91431e-05 0.00491238 0.0104985 -0.00163842 -0.000403619 9.77436e-05 6.5306e-05 0.0031068 0.00352298 0.000792931 1.19209e-09 -0.00366788 -0.00202404 -0.00271829 -0.00543319 0.00220134 0.00448378
internal_weight=263693 125571 138122 135550 42997 82574 2572 72127 80930 74558 8423 6529 3649 66135 1712 341 6372 15138 11561 70592 515 1371 63423 2880 1644 3577 3035 3278 2394 1017
internal_count=263693 125571 138122 135550 42997 82574 2572 72127 80930 74558 8423 6529 3649 66135 1712 341 6372 15138 11561 70592 515 1371 63423 2880 1644 3577 3035 3278 2394 1017
is_linear=0
shrinkage=0.05


Tree=70
num_leaves=31
num_cat=0
split_feature=18 0 29 26 29 24 24 18 27 0 1 0 0 11 11 23 6 27 28 1 20 24 19 29 1 11 1 14 24 27
split_gain=33.3072 16.6087 9.36278 8.12664 9.66659 8.46881 19.544 9.39918 8.70067 8.61498 8.59869 8.69478 6.1999 5.82903 8.71131 6.0578 5.33007 4.99816 5.03823 12.4384 6.18272 7.21996 7.9639 5.36495 4.89627 4.66867 5.03664 5.71123 4.64645 4.70117
threshold=4.9207779672608334 4.6461108844735088 -2.5608938885402721 1.0000000180025095e-35 -0.87527059907807514 10.500000000000002 6.5000000000000009 46.090845381258767 21.500000000000004 5.0258752632043366 145.00000000000003 4.8212977052136194 4.4674786937065862 0.62998908618352434 0.24668988832759639 3.5000000000000004 1.0000000180025095e-35 28.500000000000004 11.500000000000002 185.00000000000003 0.71073997274173584 14.500000000000002 50.169020420015215 -0.47249933133932337 189.00000000000003 0.044462934737891265 237.00000000000003 2.8145547428784092 15.500000000000002 9.5000000000000018
decision_type=2 2 2 2 2 2 2 2 2 2 2 2 2 2 2 2 2 2 2 2 2 2 2 2 2 2 2 2 2 2
left_child=16 2 -2 5 28 6 7 9 -8 10 -3 13 -4 14 15 -12 -1 18 19 -14 21 22 24 -23 -20 26 -21 -28 29 -5
right_child=1 3 12 4 -6 -7 8 -9 -10 -11 11 -13 17 -15 -16 -17 -18 -19 20 25 -22 23 -24 -25 -26 -27 27 -29 -30 -31
leaf_value=-0.00033752407277582396 -0.010300233674518322 0.00066854099336718291 -0.0047746759749464351 -0.020372789045320749 -0.00046218037198976578 3.9032002358093669e-05 -0.001002127436587192 -0.0029008709393195022 -0.0028709877442405934 -0.00040897612115010597 -9.182066702431611e-05 -0.00046204430923355087 -0.0013933303089794795 0.001396059757561037 -0.0016074279078967574 0.0010326254956675651 0.00048106374161493212 -0.0029162165246517163 0.0007692483117691933 0.0004666840146700071 0.0010873756700204528 3.6679767460294194e-05 -0.0062752734726099395 -0.0014439602730160379 -0.008983200503314524 0.00063477746265246625 0.0007012060309611848 0.0027806824123180348 -0.0016385624808139751 -0.0012704411489588958
leaf_weight=1424 1030 3092 4768 584 7395 72098 9137 1397 4435 7472 1502 3232 3748 1929 1404 1711 119153 2046 934 156 2155 4188 1677 2961 416 2621 183 69 752 219
leaf_count=1424 1030 3092 4768 584 7395 72098 9137 1397 4435 7472 1502 3232 3748 1929 1404 1711 119153 2046 934 156 2155 4188 1677 2961 416 2621 183 69 752 219
internal_value=-5.04369e-05 -0.000565692 -0.0016841 -0.000306636 -0.00175419 -0.000186017 -0.000820423 0.000109022 -0.00230916 0.000381478 0.0011655 0.000438741 -0.00149834 0.00148641 0.000521985 0.00195767 0.000561966 -0.00113123 -0.000879735 0.000215436 -0.00148163 -0.00199685 -0.00404361 -0.00113023 -0.00118518 0.00259822 0.00757353 0.0119444 -0.00533762 -0.00798256
internal_weight=263888 143311 26952 116359 8950 107409 35311 21739 13572 20342 12870 9778 25922 6546 4617 3213 120577 21154 19108 6777 12331 10176 3027 7149 1350 3029 408 252 1555 803
internal_count=263888 143311 26952 116359 8950 107409 35311 21739 13572 20342 12870 9778 25922 6546 4617 3213 120577 21154 19108 6777 12331 10176 3027 7149 1350 3029 408 252 1555 803
is_linear=0
shrinkage=0.05


Tree=71
num_leaves=31
num_cat=0
split_feature=0 26 27 18 27 0 21 21 6 1 29 13 2 7 13 14 26 29 18 28 1 18 4 27 21 29 21 5 18 18
split_gain=32.6484 14.2146 8.60672 11.2041 10.6744 10.7723 9.9158 9.28017 10.2826 8.02514 6.80789 6.45041 11.7165 8.28877 6.81877 6.40445 6.19285 6.57395 9.39636 7.4588 6.14209 5.87738 5.2628 5.26261 5.65281 8.22512 5.64302 5.22202 5.09529 6.22254
threshold=4.9296208115160445 1.0000000180025095e-35 29.500000000000004 1.8506764607621853 7.5000000000000009 4.4439066730957402 34.500000000000007 27.500000000000004 1.5811058314226976 265.00000000000006 -1.691767014093873 0.16193044866632031 -0.0038155840165167878 0.70513323066200229 0.65568538646284924 7.6964743890774612 1.0000000180025095e-35 -0.85823407565343313 5.9619805275680928 11.500000000000002 281.00000000000006 32.587699804126515 0.022798767839628673 1.5000000000000002 31.500000000000004 -1.5062216332329936 30.500000000000004 1.920339662692834 6.5952997166681353 14.885862422225669
decision_type=2 2 2 2 2 2 2 2 2 2 2 2 2 2 2 2 2 2 2 2 2 2 2 2 2 2 2 2 2 2
left_child=1 2 4 9 23 -6 7 -7 11 27 -3 12 13 -9 20 -5 17 19 22 -2 -13 -10 -19 26 25 -25 -1 -4 -15 -30
right_child=16 10 3 15 5 6 -8 8 21 -11 -12 14 -14 28 -16 -17 -18 18 -20 -21 -22 -23 -24 24 -26 -27 -28 -29 29 -31
leaf_value=0.0017187296334717989 -6.6265569637346804e-05 -0.015226992321633185 -0.00066587548513265325 -0.0020962233447686051 -0.0044421725754079378 -0.00085765898186526506 -0.00079255530885423821 -6.492676187789795e-05 0.00087805560918307517 0.0031728422601405926 -0.0015439115668408158 -0.00030651993456155303 -0.0003517052143500316 -0.0001603089893760273 0.00022060496114972882 0.0014764846936263305 -0.00045831348278226942 1.8795810926301876e-05 -9.8024822712857688e-05 0.0010010614895729008 -0.0016199528548573204 -0.00017047472894724254 0.00093053720675584893 -0.0065763756625994612 -0.00022550598562353464 -0.0010005272886799207 -0.0012135012268532841 0.0026490981405162106 0.00088613951736592168 0.00045708465637022197
leaf_weight=1639 2617 476 646 6824 3106 2893 9927 6115 5722 197 5601 16640 1197 1108 9934 422 13520 31256 30347 4144 1112 1800 79958 3207 5791 7431 1556 225 3731 4653
leaf_count=1639 2617 476 646 6824 3106 2893 9927 6115 5722 197 5601 16640 1197 1108 9934 422 13520 31256 30347 4144 1112 1800 79958 3207 5791 7431 1556 225 3731 4653
internal_value=-7.90375e-05 -0.000779868 -0.000631231 -0.00216863 -0.000485255 -0.000188553 -5.07454e-05 0.000212186 0.000365494 0.00261236 -0.0031249 7.64229e-05 0.000849204 0.00121484 -0.000392616 -0.00287331 0.000362453 0.000455834 0.000383087 0.001979 -0.000979607 0.00207525 0.000595879 -0.00151243 -0.00187352 -0.00255781 0.000344289 0.000551092 0.0021397 0.00256083
internal_weight=263795 101953 95876 8314 87562 67938 64832 54905 52012 1068 6077 44490 16804 15607 27686 7246 161842 148322 141561 6761 17752 7522 111214 19624 16429 10638 3195 871 9492 8384
internal_count=263795 101953 95876 8314 87562 67938 64832 54905 52012 1068 6077 44490 16804 15607 27686 7246 161842 148322 141561 6761 17752 7522 111214 19624 16429 10638 3195 871 9492 8384
is_linear=0
shrinkage=0.05


Tree=72
num_leaves=31
num_cat=0
split_feature=0 24 24 17 21 22 21 18 17 0 24 4 5 0 29 24 29 29 0 6 26 5 17 17 21 29 21 11 18 29
split_gain=29.2735 11.4869 20.8508 29.9071 22.4308 15.0933 13.6252 16.4909 13.4229 12.1224 9.69725 9.30742 8.22128 7.97671 7.72669 7.57937 7.54956 7.46952 7.88648 7.2409 6.94164 6.47081 6.37258 6.33168 5.88177 7.4298 6.15792 6.69319 5.45771 7.44198
threshold=4.9859457890483005 14.500000000000002 6.5000000000000009 4.5000000000000009 34.500000000000007 9.5000000000000018 33.500000000000007 41.280443992448596 4.5000000000000009 4.6819840796372594 10.500000000000002 -0.1998963438845042 4.1755266833202755 4.7324720776733296 -1.0791108000276988 11.500000000000002 -0.58499218565636679 -0.75729439682244581 4.5923386465912319 1.9524119417911521 1.0000000180025095e-35 0.70605406841163465 8.5000000000000018 4.5000000000000009 35.500000000000007 -1.8577800261288111 28.500000000000004 0.52248303327817391 4.0769321009409785 -0.92774906841375426
decision_type=2 2 2 2 2 2 2 2 2 2 2 2 2 2 2 2 2 2 2 2 2 2 2 2 2 2 2 2 2 2
left_child=1 2 4 13 5 -1 7 20 24 -9 -8 14 19 -4 -6 -11 23 18 -12 -10 21 -5 -18 -7 25 -3 -27 -28 -2 -30
right_child=28 8 3 6 11 16 10 9 12 15 17 -13 -14 -15 -16 -17 22 -19 -20 -21 -22 -23 -24 -25 -26 26 27 -29 29 -31
leaf_value=-0.00026185670309622364 0.00063406468595438633 0.0029225925805791459 -0.01240201929620624 0.00077048723478966269 -0.00084230139497853095 0.0012280893257802688 -0.00070034957095947985 -0.0032221426675600657 -0.00027325419713714429 0.0013797086534140315 -0.00610939962232408 0.0014956800033946983 -0.0026406126656805399 -0.0036322917785241745 -0.0042433187346230727 0.0048258008271315333 0.00084006272328023392 0.00023249313727372129 0.0032850191695216638 0.00060769888674963232 -0.014535891153731332 -0.0031854933121243005 -0.00094264348428271772 -0.0011656344263657051 -0.00089826822099256455 -0.00022950862279343863 0.00017153477126844661 0.00079220298680723216 0.00064952415529575223 -3.0426678552226787e-05
leaf_weight=4962 92446 160 2675 1503 1274 627 2385 939 44599 683 122 568 1191 4683 1868 381 7204 1425 1120 2914 776 8378 928 2159 1250 2538 10175 4716 3139 55713
leaf_count=4962 92446 160 2675 1503 1274 627 2385 939 44599 683 122 568 1191 4683 1868 381 7204 1425 1120 2914 776 8378 928 2159 1250 2538 10175 4716 3139 55713
internal_value=-1.86705e-05 -0.000630641 -0.0012528 -0.00220782 -3.06267e-05 0.000787155 -0.00109474 -0.00197077 -0.000219267 0.00219171 0.00110056 -0.003531 -0.000657645 -0.0048872 -0.0045958 0.00584587 0.00182634 0.0031721 0.00600644 -0.000554794 -0.00275312 -0.00239551 0.00259592 -0.000419956 0.000914062 0.00114958 0.00105112 0.00143913 0.000435169 5.87927e-05
internal_weight=263501 112203 44660 25070 19590 15880 17712 12660 67543 2003 5052 3710 48704 7358 3142 1064 10918 2667 1242 47513 10657 9881 8132 2786 18839 17589 17429 14891 151298 58852
internal_count=263501 112203 44660 25070 19590 15880 17712 12660 67543 2003 5052 3710 48704 7358 3142 1064 10918 2667 1242 47513 10657 9881 8132 2786 18839 17589 17429 14891 151298 58852
is_linear=0
shrinkage=0.05


Tree=73
num_leaves=31
num_cat=0
split_feature=18 22 26 4 29 24 11 11 24 22 19 2 17 21 19 22 22 19 4 18 21 19 19 13 18 9 24 24 14 24
split_gain=26.9428 11.9747 10.9442 7.65548 7.39395 8.00565 7.18876 6.71863 6.34597 5.99337 17.4625 7.32621 7.40911 7.63518 7.02454 12.6474 6.40164 6.07536 5.57886 11.1063 6.78108 5.09849 5.04174 5.03845 6.02759 5.35994 5.71909 5.81623 4.97697 4.85951
threshold=4.9207779672608334 6.5000000000000009 1.0000000180025095e-35 0.045414351683201036 -0.89127533738544151 26.500000000000004 0.2239382755115886 0.72063484521911902 12.500000000000002 9.5000000000000018 3.2988712152591364 -0.076187820967903677 8.5000000000000018 34.500000000000007 0.65023692081831774 3.5000000000000004 3.5000000000000004 0.65023692081831774 -0.43753426832425962 14.189292361214495 33.500000000000007 56.993231339719991 7.5007353585550582 0.19469042928580327 26.341942685659273 0.56397725844297553 15.500000000000002 8.5000000000000018 0.30220834704320088 4.5000000000000009
decision_type=2 2 2 2 2 2 2 2 2 2 2 2 2 2 2 2 2 2 2 2 2 2 2 2 2 2 2 2 2 2
left_child=3 6 7 9 -4 -6 8 -3 -2 10 11 14 13 29 15 -1 -15 -11 19 20 -10 -9 -12 -23 25 26 27 -25 -8 -13
right_child=1 2 4 -5 5 -7 28 21 18 17 22 12 -14 16 -16 -17 -18 -19 -20 -21 -22 23 -24 24 -26 -27 -28 -29 -30 -31
leaf_value=0.003135695012080747 -0.00048125001558309505 -0.00013728891219058186 -0.0047385697778682748 0.0010728092216684285 -0.00026957396360346888 -0.0027682853793111186 -0.0020956227964295765 -0.00017061268589384695 0.00087671432589866191 -0.00068888863543722489 0.00094685855188305918 -0.00022142644605498927 0.0014564284024344623 0.001912741957149771 0.0011541114361513882 0.0012197836765267082 0.00066090370548480611 -3.4774029584634516e-05 -0.00030938595783321023 -0.00015904894316559994 -0.0033885669916936881 0.00064046579579151103 -0.00048360873113973188 0.0010421323458043403 -0.00029121655857818057 -0.00072051780466722375 0.00082719170693698347 -0.0012418980591406576 -0.0007513422514742454 -5.0154115976234402e-05
leaf_weight=284 4826 76695 1476 62733 5486 1098 5299 10419 1572 4160 4993 156 120 124 1514 527 204 36832 4525 3160 154 5436 7924 1059 5410 417 2141 812 13485 813
leaf_count=284 4826 76695 1476 62733 5486 1098 5299 10419 1572 4160 4993 156 120 124 1514 527 204 36832 4525 3160 154 5436 7924 1059 5410 417 2141 812 13485 813
internal_value=-7.87545e-05 -0.000541575 -0.000291808 0.000472822 -0.00206576 -0.00134872 -0.001377 -0.000152164 -0.000529605 5.68953e-05 0.000856595 0.00386424 0.00103035 -6.93897e-05 0.0055914 0.00934649 0.00652439 -0.0002681 0.000226332 0.00139787 0.00462341 0.0005476 -1.47081e-05 0.0011293 0.000454316 0.00182208 0.00238285 0.000363443 -0.00201927 -0.00230134
internal_weight=263854 143470 110449 120384 8060 6584 33021 102389 14237 57651 16659 3742 1417 1297 2325 811 328 40992 9411 4886 1726 25694 12917 15275 9839 4429 4012 1871 18784 969
internal_count=263854 143470 110449 120384 8060 6584 33021 102389 14237 57651 16659 3742 1417 1297 2325 811 328 40992 9411 4886 1726 25694 12917 15275 9839 4429 4012 1871 18784 969
is_linear=0
shrinkage=0.05


Tree=74
num_leaves=31
num_cat=0
split_feature=0 26 24 24 24 21 4 18 0 21 4 18 24 2 23 6 13 29 13 0 4 0 18 27 24 27 4 24 18 29
split_gain=26.576 9.12227 10.0461 7.99359 17.3298 12.0421 14.7874 10.5923 12.261 10.3252 9.27692 9.469 8.57022 8.21317 7.59372 6.9313 8.19251 7.06374 6.65123 6.42045 8.48517 7.96323 6.28472 6.07302 5.95125 5.94287 5.8586 8.3238 5.62907 5.60973
threshold=4.7985492905656644 1.0000000180025095e-35 10.500000000000002 14.500000000000002 6.5000000000000009 33.500000000000007 -0.2643514070792472 46.090845381258767 4.6383966752493375 35.500000000000007 -0.19037711836720475 27.617168420589575 10.500000000000002 -0.0038155840165167878 4.5000000000000009 2.3464892082119069 0.26488879518553249 -0.68361147894660335 0.67840576512906681 4.688499415564281 -0.48806046527325248 4.5208249664032918 8.3094588104853688 30.500000000000004 9.5000000000000018 29.500000000000004 -0.10389939157331902 1.5000000000000002 1.7631222131971303 -2.1968687689319921
decision_type=2 2 2 2 2 2 2 2 2 2 2 2 2 2 2 2 2 2 2 2 2 2 2 2 2 2 2 2 2 2
left_child=3 2 25 4 9 6 7 19 -9 10 11 14 -7 15 22 16 17 -5 29 21 -21 -6 -1 -16 -8 -2 -11 -28 -12 -18
right_child=1 -3 -4 13 5 12 24 8 -10 26 28 -13 -14 -15 23 -17 18 -19 -20 20 -22 -23 -24 -25 -26 -27 27 -29 -30 -31
leaf_value=-0.00076678417833669096 -3.4927094741870476e-05 -0.00057384508502417056 0.00030284319303195263 0.00053788376726179692 -0.0007074010815822856 -0.0023988412343474582 -0.0096341518686440166 -0.013014467475902193 0.001510405247678838 -0.00377280681731962 0.0048361638971777879 -0.00045642147083562725 0.0010882642505313973 -0.00087422246839683306 0.0012330876809403316 0.00087536516319529118 0.0026253939403965815 -0.00014652053635180273 -9.9941821117626947e-05 -0.0039980726170736371 -0.016170338746669118 -0.013583060622017393 0.00065200421773962687 -0.0097110231716909627 0.0027868264770528318 -0.001201023165943143 0.010205580951994451 -0.0078220827493109806 -0.0039452259395006319 -0.00096656949650990797
leaf_weight=501 56120 15862 113102 7137 537 1735 566 509 1116 1626 86 3800 1950 1202 2230 1887 214 12599 11694 4730 546 3225 2732 52 1015 2375 101 172 1308 12655
leaf_count=501 56120 15862 113102 7137 537 1735 566 509 1116 1626 86 3800 1950 1202 2230 1887 214 12599 11694 4730 546 3225 2732 52 1015 2375 101 172 1308 12655
internal_value=-5.44061e-05 0.000265233 0.000371278 -0.000843594 -0.00150471 -0.00260092 -0.00335511 -0.00402419 -0.000307691 -0.000119764 0.000482773 0.00105207 -9.49785e-05 -0.00044547 0.00237534 -0.000339279 -0.000465698 0.000292867 -0.00107519 -0.00469241 -0.0035671 -0.0062706 0.00081658 0.0045837 0.0011575 -0.000160696 -0.00351764 0.00326007 -0.00332138 -0.00185951
internal_weight=263384 187459 171597 75925 28537 15929 12244 10663 1625 12608 10709 9315 3685 47388 5515 46186 44299 19736 24563 9038 5276 3762 3233 2282 1581 58495 1899 273 1394 12869
internal_count=263384 187459 171597 75925 28537 15929 12244 10663 1625 12608 10709 9315 3685 47388 5515 46186 44299 19736 24563 9038 5276 3762 3233 2282 1581 58495 1899 273 1394 12869
is_linear=0
shrinkage=0.05


Tree=75
num_leaves=31
num_cat=0
split_feature=0 29 4 29 29 0 27 24 23 3 18 14 24 27 17 17 24 28 4 5 27 21 21 27 27 29 1 11 27 24
split_gain=26.6054 9.5954 8.36118 8.02464 6.83812 6.20169 5.91221 5.43341 7.31777 5.66341 5.30868 6.9806 5.16609 9.10363 8.03266 7.80865 7.70061 6.35313 6.21945 5.32166 5.2543 5.03487 6.92172 6.38864 6.26083 5.11694 6.41725 4.78229 4.74053 6.50746
threshold=4.7985492905656644 0.051237293850239694 0.37130062653243162 2.1505055889027402 -0.17157768899314454 5.5155068481256215 36.500000000000007 14.500000000000002 3.5000000000000004 -1.0739094439764287 3.712738173735223 3.765331576649809 14.500000000000002 10.500000000000002 5.5000000000000009 4.5000000000000009 8.5000000000000018 8.5000000000000018 -0.13945880782204739 1.5965403567415211 27.500000000000004 34.500000000000007 28.500000000000004 26.500000000000004 31.500000000000004 -0.74406408122561807 245.00000000000003 0.2239382755115886 22.500000000000004 10.500000000000002
decision_type=2 2 2 2 2 2 2 2 2 2 2 2 2 2 2 2 2 2 2 2 2 2 2 2 2 2 2 2 2 2
left_child=1 4 6 -3 12 -4 10 8 -6 -9 11 -2 13 15 18 16 -1 -16 21 -17 28 22 -14 25 -23 -24 -27 -19 29 -15
right_child=2 3 5 -5 7 -7 -8 9 -10 -11 -12 -13 14 20 17 19 -18 27 -20 -21 -22 24 23 -25 -26 26 -28 -29 -30 -31
leaf_value=0.00061948043406678235 0.0003316605157159051 -0.014144161448124234 0.0035901624063884017 -0.0016019459714021436 -3.9372345378154944e-05 0.00045785709587035331 -0.0006082034619781443 0.0006547908891548147 0.001429936944921516 -0.00033662420254786671 -3.0691985766733718e-05 0.00086639526666758618 -0.00063217796682304029 -0.0020387065875526931 -0.0017670986098600819 -0.00086247251728589585 -0.0084955444812059248 0.00030094173345592191 -0.0079722794218455573 -0.0040957342973577081 -0.0016885536302292466 -0.0011425090706613176 0.00075010421244730934 -0.0019168158802849234 0.0011373026121194861 -0.00024571452650693084 0.00078209313368487001 -0.00071635607339290842 0.0005653039822507012 0.001031835701290934
leaf_weight=477 76948 557 8948 5218 1331 8605 1206 1731 1313 5211 91002 1141 2343 2254 5533 4878 2354 4692 123 2322 3894 2670 5644 540 682 5377 2862 9252 3520 1339
leaf_count=477 76948 557 8948 5218 1331 8605 1206 1731 1313 5211 91002 1141 2343 2254 5533 4878 2354 4692 123 2322 3894 2670 5644 540 682 5377 2862 9252 3520 1339
internal_value=-5.73545e-05 -0.000845933 0.000262178 -0.00280519 -0.00068508 0.0013012 0.000155083 0.00055602 0.00248487 -0.000178622 0.000179963 0.000482399 -0.000880899 -0.0015144 -0.000545343 -0.00260393 -0.00482868 -0.00127021 0.000152168 -0.00172917 -0.000521485 0.000220699 0.000574378 0.000983846 -0.00154833 0.00119139 0.000396894 -0.000701376 0.0002868 -0.000990814
internal_weight=263967 76117 187850 5775 70342 17553 170297 9586 2644 6942 169091 78089 60756 21038 39718 10031 2831 19477 20241 7200 11007 20118 16766 14423 3352 13883 8239 13944 7113 3593
internal_count=263967 76117 187850 5775 70342 17553 170297 9586 2644 6942 169091 78089 60756 21038 39718 10031 2831 19477 20241 7200 11007 20118 16766 14423 3352 13883 8239 13944 7113 3593
is_linear=0
shrinkage=0.05


Tree=76
num_leaves=31
num_cat=0
split_feature=18 0 11 22 4 22 19 2 27 22 27 18 27 12 13 21 29 18 17 28 11 18 28 22 5 0 29 22 29 21
split_gain=22.7066 15.7825 6.99831 10.2579 6.97828 6.36712 7.32557 8.5792 6.1728 6.30733 6.23542 7.19696 6.14818 6.20272 6.04935 5.95135 5.81562 6.00174 6.28021 6.688 5.53547 5.28812 4.98855 4.42729 4.37965 7.08709 5.85295 6.87548 4.69006 4.14654
threshold=4.0769321009409785 4.6426673853605518 0.68523801880228752 2.5000000000000004 0.031471677640922117 12.500000000000002 7.3567378320478403 -0.67026214108848781 11.500000000000002 4.5000000000000009 31.500000000000004 0.29495474440805097 9.5000000000000018 0.49071961031747696 0.10937195610428289 34.500000000000007 -2.8294749043545768 20.936565974487191 5.5000000000000009 13.500000000000002 1.0771579996889817 11.664501020531697 16.500000000000004 2.5000000000000004 1.0109375703359205 4.5724882964329003 -0.6161991890922468 5.5000000000000009 2.8408173346488366 34.500000000000007
decision_type=2 2 2 2 2 2 2 2 2 2 2 2 2 2 2 2 2 2 2 2 2 2 2 2 2 2 2 2 2 2
left_child=4 16 -3 20 5 6 7 8 9 -1 11 -10 -5 14 -14 -7 -2 18 19 21 -4 -18 -20 -13 25 -9 27 -26 -28 -19
right_child=1 2 3 12 -6 15 -8 24 10 -11 -12 23 13 -15 -16 -17 17 29 22 -21 -22 -23 -24 -25 26 -27 28 -29 -30 -31
leaf_value=0.0048112095508483655 -0.0096988981678128618 -0.00014389314741942671 0.00040453854730924921 -8.3571595587337305e-05 0.0010802260387840024 -5.8224324483134335e-05 -0.00026193661288992218 0.0021890004218613267 0.0019384940993118543 -0.00084807803761185053 0.000573135702597175 -0.00016241367526722447 0.00072034846131130675 0.00069806017927733681 -5.28068527499668e-05 -0.00070013667101401873 -0.0017827902176264909 -0.0011773951024473301 -0.0018127526261020876 -0.00065801019402067463 -0.0020401472145690864 0.001582201249558038 0.00030079354627976322 0.0018750712905067431 0.0020552031204536829 0.001285401483634154 -0.00018516221507856244 -0.00047866892413039451 0.0010159743591545455 -0.0033507499213880926
leaf_weight=87 794 102707 631 11749 59026 23381 6714 263 209 389 326 125 2342 7230 7667 4411 190 12835 4454 1067 1612 1069 3428 300 441 5754 1254 719 270 2278
leaf_count=87 794 102707 631 11749 59026 23381 6714 263 209 389 326 125 2342 7230 7667 4411 190 12835 4454 1067 1612 1069 3428 300 441 5754 1254 719 270 2278
internal_value=-5.6839e-05 -0.000430231 -0.000210992 0.000444431 0.000519636 4.7937e-05 0.00081479 0.00166322 0.00524373 0.000588236 0.00755208 0.0104416 0.000696496 0.00129764 0.000491559 -0.000417025 -0.00155466 -0.00142253 -0.000485892 0.00179708 -0.0028132 0.00426529 -0.0011596 0.00670588 0.00107229 0.00182151 -0.000607301 0.00206897 -0.00264436 -0.00205518
internal_weight=263722 160053 133938 31231 103669 44643 16851 10137 1436 476 960 634 28988 17239 10009 27792 26115 25321 10208 2326 2243 1259 7882 425 8701 6017 2684 1160 1524 15113
internal_count=263722 160053 133938 31231 103669 44643 16851 10137 1436 476 960 634 28988 17239 10009 27792 26115 25321 10208 2326 2243 1259 7882 425 8701 6017 2684 1160 1524 15113
is_linear=0
shrinkage=0.05


Tree=77
num_leaves=31
num_cat=0
split_feature=0 2 22 22 18 11 24 24 1 5 24 21 24 28 18 24 14 1 0 24 1 0 20 27 18 22 18 9 5 21
split_gain=22.5315 6.66584 5.984 5.92677 18.6554 7.01446 10.1775 14.6258 7.79754 6.57564 5.83695 6.66622 5.42493 10.3593 7.8742 8.22206 9.04604 7.16748 8.88986 40.8141 7.05461 7.55741 6.95942 6.87864 6.33814 9.29044 9.45379 5.87695 5.79771 6.52802
threshold=4.7720400331370492 -0.014958379558890128 13.500000000000002 7.5000000000000009 0.29495474440805097 0.72063484521911902 6.5000000000000009 14.500000000000002 181.00000000000003 0.75018944508697005 9.5000000000000018 39.500000000000007 23.500000000000004 13.500000000000002 21.589410675069356 14.500000000000002 7.9742786010598756 129.00000000000003 5.0848964481369547 14.500000000000002 173.00000000000003 4.9097895749028941 0.70711280391660625 24.500000000000004 1.1701297279458844 3.5000000000000004 0.17587554226132504 0.56085300610558486 0.93903965249392052 36.500000000000007
decision_type=2 2 2 2 2 2 2 2 2 2 2 2 2 2 2 2 2 2 2 2 2 2 2 2 2 2 2 2 2 2
left_child=1 3 -3 4 -1 -5 -7 9 -9 -8 11 -2 14 -14 17 16 20 18 19 28 21 22 -16 -20 25 26 -19 -25 -12 -30
right_child=10 2 -4 5 -6 6 7 8 -10 -11 12 -13 13 -15 15 -17 -18 24 23 -21 -22 -23 -24 27 -26 -27 -28 -29 29 -31
leaf_value=0.0021576615740759131 -4.9476262347482976e-05 -0.00013051461370575671 -0.002997006197248788 -0.00041840196719784362 -0.00080566460970869227 0.0016390243903462065 0.0057980586961046609 -0.00068908726625937567 0.00076357521965818905 -0.0046355771834345689 -0.0025375735282630462 -0.0011796019100621729 0.00018051370840934823 -0.00031192258180299604 0.0055618571772864788 0.00027176450545657549 -0.0073623109040320467 0.0027511889150092922 2.8171419309955391e-05 0.00021498854467058093 0.0032117279894413931 0.0013071740729084871 -0.0068496389149895883 0.0013098949828990632 0.00044870761619018044 0.00090419367223164402 0.0014758034885247375 3.3944678818335864e-05 -0.0080198616850697731 0.00016387434999921071
leaf_weight=423 52954 1080 1229 32613 20020 2268 256 2736 5512 2503 582 1748 44293 8261 115 5024 172 129 14983 4240 1099 886 345 915 53726 2884 201 715 1638 182
leaf_count=423 52954 1080 1229 32613 20020 2268 256 2736 5512 2503 582 1748 44293 8261 115 5024 172 129 14983 4240 1099 886 345 915 53726 2884 201 715 1638 182
internal_value=-3.59823e-05 -0.000815121 -0.00345604 -0.00072319 -0.0014313 -0.000407731 0.000561206 -6.72288e-05 0.000986907 -0.00321856 0.000238145 -0.000199991 0.000408862 7.04157e-06 0.000649279 0.00218296 0.00445548 0.00050315 -0.000236507 -0.00178259 0.00523518 0.00280832 -0.0023913 0.00038163 0.000805235 0.00296204 0.0109091 0.00346626 -0.00699001 -0.00837912
internal_weight=263732 68640 2309 66331 20443 45888 13275 11007 8248 2759 195092 54702 140390 52554 87836 7641 2617 80195 23255 6642 2445 1346 460 16613 56940 3214 330 1630 2402 1820
internal_count=263732 68640 2309 66331 20443 45888 13275 11007 8248 2759 195092 54702 140390 52554 87836 7641 2617 80195 23255 6642 2445 1346 460 16613 56940 3214 330 1630 2402 1820
is_linear=0
shrinkage=0.05


Tree=78
num_leaves=31
num_cat=0
split_feature=0 0 24 24 21 18 5 5 1 27 5 0 0 27 27 28 24 0 27 15 28 24 26 4 24 11 24 26 24 24
split_gain=24.0942 8.90342 6.63067 14.9984 12.6481 15.3818 8.6973 7.5555 7.08721 8.4893 6.35472 7.20081 6.27124 6.00438 6.52592 5.89557 5.57331 7.96043 6.83457 6.66955 5.52605 5.3556 5.34626 5.28264 5.2486 5.18095 4.93864 4.63273 5.20416 5.04071
threshold=5.142527586041834 4.6819840796372594 11.500000000000002 8.5000000000000018 35.500000000000007 22.615139966694489 3.8229127378424761 4.1755266833202755 109.00000000000001 7.5000000000000009 1.4685354111282505 5.0376407589987657 4.8638827521613406 24.500000000000004 36.500000000000007 37.500000000000007 6.5000000000000009 5.0590719231024197 20.500000000000004 2.5000000000000004 1.5000000000000002 6.5000000000000009 1.0000000180025095e-35 -0.21650765130726377 2.5000000000000004 0.6193954724511298 1.5000000000000002 1.0000000180025095e-35 24.500000000000004 8.5000000000000018
decision_type=2 2 2 2 2 2 2 2 2 2 2 2 2 2 2 2 2 2 2 2 2 2 2 2 2 2 2 2 2 2
left_child=1 -1 3 6 5 7 8 10 16 26 11 23 -7 -11 21 20 17 18 -3 -20 -4 24 25 -5 -15 -22 -10 29 -29 -2
right_child=27 2 15 4 -6 12 -8 -9 9 13 -12 -13 -14 14 -16 -17 -18 -19 19 -21 22 -23 -24 -25 -26 -27 -28 28 -30 -31
leaf_value=-0.0006335918945770706 -2.0963547214878129e-05 0.0022704217342418543 -0.00061435022932874138 -0.0028344815529340083 0.00045667229903270028 -0.0020010141931704989 -0.0016371333030179445 0.0027304325790776292 -0.0021294816306727258 -0.00054858223332699589 -0.0077731886996710055 0.00098731762030215028 0.0014655938353347706 -0.00015208157396126131 -0.0026931180616822301 -0.0012817019365583119 -0.00068239286672394845 -0.00083801218611363856 0.0013845303188256739 0.00024345090543791164 1.066954874168948e-05 -0.0022341852073553214 -0.0004844669251207398 -0.0095517097284700953 0.00039798764730718662 0.00029504018809975636 0.00096420109539344936 7.7800302795292265e-05 -0.0034681473326097149 0.00067831057729941704
leaf_weight=39632 31122 262 2298 1509 1822 1622 1079 73 409 7716 2164 385 650 2006 388 287 676 417 395 774 40042 1640 7117 681 4106 13785 4128 7294 2629 86065
leaf_count=39632 31122 262 2298 1509 1822 1622 1079 73 409 7716 2164 385 650 2006 388 287 676 417 395 774 40042 1640 7117 681 4106 13785 4128 7294 2629 86065
internal_value=-5.32338e-05 -0.000515642 -0.000256348 -0.000832471 -0.00258477 -0.00354037 -0.000182112 -0.00514131 2.44372e-05 -0.0002849 -0.00538721 -0.00370874 -0.000149647 -0.000830599 0.000116709 4.20292e-05 0.00252377 0.00394481 0.00571628 0.00408041 7.4477e-05 0.000433438 0.000165235 -0.00481735 0.0011142 0.000335521 0.00162222 0.000441745 -0.000595585 0.000529582
internal_weight=263173 136063 96431 32902 8906 7084 23996 4812 22917 20393 4739 2575 2272 15856 8140 63529 2524 1848 1431 1169 63242 7752 60944 2190 6112 53827 4537 127110 9923 117187
internal_count=263173 136063 96431 32902 8906 7084 23996 4812 22917 20393 4739 2575 2272 15856 8140 63529 2524 1848 1431 1169 63242 7752 60944 2190 6112 53827 4537 127110 9923 117187
is_linear=0
shrinkage=0.05


Tree=79
num_leaves=31
num_cat=0
split_feature=18 29 26 29 24 15 4 28 24 21 17 5 6 1 6 24 6 28 24 24 24 24 24 17 24 6 5 24 28 20
split_gain=15.8579 7.38485 7.69926 11.1253 6.58731 5.56075 4.80311 4.68369 4.46727 6.34656 4.41018 7.32701 4.83704 4.13579 4.11119 4.01862 3.91942 4.15439 3.59532 3.53167 5.71864 3.96156 4.60665 4.60632 3.90226 3.47433 3.43319 3.42109 3.36507 4.22977
threshold=4.9207779672608334 5.8911258848236683 1.0000000180025095e-35 -1.2530839403026801 26.500000000000004 9.5000000000000018 0.026500569984982073 24.500000000000004 15.500000000000002 36.500000000000007 8.5000000000000018 0.40747828828078908 1.0000000180025095e-35 145.00000000000003 1.8839739249646514 15.500000000000002 0.25459007079663287 23.500000000000004 3.5000000000000004 10.500000000000002 15.500000000000002 6.5000000000000009 4.5000000000000009 5.5000000000000009 5.5000000000000009 0.65306658565941123 1.2080310487157713 2.5000000000000004 10.500000000000002 0.71005125860713447
decision_type=2 2 2 2 2 2 2 2 2 2 2 2 2 2 2 2 2 2 2 2 2 2 2 2 2 2 2 2 2 2
left_child=6 2 5 15 8 -2 10 -8 28 13 12 -12 -1 26 18 -4 17 -7 -14 21 -21 22 27 24 -24 -18 -10 -3 -5 -30
right_child=1 19 3 4 -6 16 7 -9 9 -11 11 -13 14 -15 -16 -17 25 -19 -20 20 -22 -23 23 -25 -26 -27 -28 -29 29 -31
leaf_value=-0.00033757119190259521 -2.0843899877035704e-05 -0.0024081051537381613 -0.02027935543495657 1.2136808067767636e-05 -0.0021976057693748586 7.6644813163128094e-05 0.00079263636197445919 -0.0013154704486870233 0.00024770595922785364 -0.002153021888464991 0.0027675103041953117 0.00072626135448268861 -0.00054525618387923664 -0.00033069999232446175 0.0010758272769159666 -0.0014500269787167154 -0.0012651365518662134 -0.00067716072613902098 4.4672336480422798e-05 0.00243965816571152 -0.00096913097501861957 -0.0098640027968054794 0.00014401458952172482 -0.0018654842668608695 0.0027514068156753971 -5.1025203383147983e-05 0.001288756235298951 -0.0069622799099077447 -0.0088054104989937401 -0.00098744081907912616
leaf_weight=1177 103225 550 631 764 1463 10439 73945 197 1135 644 96 1555 4337 2669 652 299 10300 3168 38424 228 747 435 169 214 96 3505 1081 200 584 705
leaf_count=1177 103225 550 631 764 1463 10439 73945 197 1135 644 96 1555 4337 2669 652 299 10300 3168 38424 228 747 435 169 214 96 3505 1081 200 584 705
internal_value=-2.89404e-05 -0.000384429 -0.000335248 -0.00167418 -0.00113875 -0.000233011 0.000394077 0.000643496 -0.000546029 0.000193526 -5.83778e-06 0.0025318 -9.9797e-05 0.000808599 -1.40499e-05 -0.00688172 -0.000866043 -0.000263834 -7.41318e-05 -0.00300492 -0.000615383 -0.00440505 -0.00295362 0.000876828 0.00528302 -0.00145961 0.00240524 -0.0054 -0.00253775 -0.0040962
internal_weight=263634 143251 140612 9975 9045 130637 120383 74142 7582 5529 46241 1651 44590 4885 43413 930 27412 13607 42761 2639 975 1664 1229 479 265 13805 2216 750 2053 1289
internal_count=263634 143251 140612 9975 9045 130637 120383 74142 7582 5529 46241 1651 44590 4885 43413 930 27412 13607 42761 2639 975 1664 1229 479 265 13805 2216 750 2053 1289
is_linear=0
shrinkage=0.05


Tree=80
num_leaves=31
num_cat=0
split_feature=0 26 18 5 2 1 18 29 22 1 2 14 29 28 29 19 27 1 18 18 22 15 11 5 5 18 0 19 27 7
split_gain=16.261 8.70598 7.43739 13.7315 7.13165 6.6869 10.0232 7.5392 6.6015 6.20167 6.04585 5.53047 5.3963 5.02083 5.34537 4.88925 6.01171 4.81549 4.7955 8.89633 5.65883 4.86249 6.17234 4.44086 4.41634 4.38714 4.78327 4.20952 4.19778 4.1438
threshold=4.6786224635956151 1.0000000180025095e-35 2.1578333170927175 0.82076849548864261 -0.014958379558890128 233.00000000000003 62.107379387004379 -0.77071677021972174 10.500000000000002 129.00000000000003 0.15890589126255925 0.47208130956771455 5.8911258848236683 21.500000000000004 -0.59509976453478841 58.467286815758271 8.5000000000000018 97.000000000000014 10.849431867776707 15.13058039051147 12.500000000000002 11.500000000000002 0.040202257801196455 2.5131780152855359 4.1755266833202755 27.128754031150198 4.5790689627974688 0.16997065332559536 6.5000000000000009 1.0037348242180901
decision_type=2 2 2 2 2 2 2 2 2 2 2 2 2 2 2 2 2 2 2 2 2 2 2 2 2 2 2 2 2 2
left_child=2 10 3 9 8 15 7 -7 27 -1 11 -2 24 -3 23 25 -17 -12 -9 21 -21 22 -20 -15 -13 26 -4 -5 -16 -18
right_child=1 13 5 4 -6 6 -8 18 -10 -11 17 12 -14 14 28 16 29 -19 19 20 -22 -23 -24 -25 -26 -27 -28 -29 -30 -31
leaf_value=0.0027742944488397233 -0.00012046003613971505 -0.00039054887816601766 -0.00088113290470208459 0.002897952955257735 -0.0015462696311267969 -0.00045449175901367858 -0.0030200118901628778 -0.0018278170871555107 -0.0013411048965012318 0.0026723105119139147 -0.0016380372745718041 0.00014340636529610633 -0.0012675482447836502 -0.0046272846047727958 0.00050814276394973556 -0.0023081944794512387 -0.00049400280929555896 0.00085382913204904126 0.0025201217732947522 -0.0002608444685810367 0.0017867283716636346 -0.00015206839916665656 0.0018932355582782175 0.0012701160762115943 -0.00056389942506636002 -0.0039191655043672368 -0.0016274547685499957 0.00085792337382982931 -0.0010622687482613731 0.00064423488768983129
leaf_weight=443 41357 14992 7953 127 222 3646 1121 322 828 103 2307 104401 1161 1120 943 2581 5252 56220 177 1966 1359 167 492 96 1604 2428 5997 444 813 3032
leaf_count=443 41357 14992 7953 127 222 3646 1121 322 828 103 2307 104401 1161 1120 943 2581 5252 56220 177 1966 1359 167 492 96 1604 2428 5997 444 813 3032
internal_value=-2.00887e-06 0.000160747 -0.0009493 0.00189663 -0.000413324 -0.0011183 4.32444e-05 0.000654448 0.000907792 0.00875458 0.000252356 8.27493e-05 0.000272289 -0.000895122 -0.00277254 -0.00151268 -0.000690289 0.000682763 0.00202766 0.00248258 0.00132331 0.0070933 0.00899851 -0.00532072 0.000309421 -0.00205825 -0.00171684 0.00504378 -0.00100797 -3.37989e-05
internal_weight=263674 225014 38660 2167 1621 36493 9250 8129 1399 546 207050 148523 107166 17964 2972 27243 10865 58527 4483 4161 3325 836 669 1216 106005 16378 13950 571 1756 8284
internal_count=263674 225014 38660 2167 1621 36493 9250 8129 1399 546 207050 148523 107166 17964 2972 27243 10865 58527 4483 4161 3325 836 669 1216 106005 16378 13950 571 1756 8284
is_linear=0
shrinkage=0.05


Tree=81
num_leaves=31
num_cat=0
split_feature=0 24 24 17 21 21 27 27 4 21 17 18 4 0 26 21 24 24 24 6 21 21 29 5 18 17 19 0 29 21
split_gain=17.1307 12.2762 16.3738 23.5738 14.1829 10.6663 9.79745 10.1772 10.0911 9.32873 8.45615 8.32625 8.45981 7.34321 7.23615 6.8715 6.69702 6.64229 6.54755 6.49917 5.96365 5.9452 5.79907 5.7319 5.57285 7.12152 5.54857 5.40728 5.38934 5.27162
threshold=4.8812865822448641 14.500000000000002 6.5000000000000009 4.5000000000000009 34.500000000000007 32.500000000000007 22.500000000000004 5.5000000000000009 -0.18669909107007937 29.500000000000004 5.5000000000000009 41.280443992448596 -0.30102930505198938 4.6819840796372594 1.0000000180025095e-35 31.500000000000004 10.500000000000002 9.5000000000000018 11.500000000000002 1.4253040497490925 27.500000000000004 28.500000000000004 -0.75729439682244581 1.5173301227720761 2.57501948814653 8.5000000000000018 6.5325324766689254 4.7041876600984978 -3.1903952382278615 35.500000000000007
decision_type=2 2 2 2 2 2 2 2 2 2 2 2 2 2 2 2 2 2 2 2 2 2 2 2 2 2 2 2 2 2
left_child=1 2 4 14 6 11 7 9 -8 -1 21 12 -5 -13 -4 28 27 -14 -15 20 -12 23 -23 -3 25 26 -22 -7 -9 -21
right_child=-2 10 3 5 -6 16 8 15 -10 -11 19 13 17 18 -16 -17 -18 -19 -20 29 24 22 -24 -25 -26 -27 -28 -29 -30 -31
leaf_value=0.0022428914511679913 0.00014460182392450648 -0.0011664211132220506 -0.005923890505235921 -0.0043818324778497845 -0.0024435772408815358 -0.0042877436660271398 0.0005745199796269965 0.002528138529304095 -0.0023535868161945637 -0.0024628279512364168 -0.00201967838739096 -0.0038763057017845654 -0.0092234254220971475 0.00063944149083297467 -0.026828626771680648 -3.3520843033569322e-05 0.001386046359511849 0.0022279387380939476 0.0045380279446709353 0.00086711609597092936 -0.00019092043111661893 0.00056570130493575606 6.0900072631755925e-05 0.00010641891942113822 -0.00059333878188461359 0.0022227878641491497 0.0034502169539574953 0.00086017248360052831 -0.0032229843964660244 -0.0010585106949128952
leaf_weight=1227 171191 1819 5230 6302 2897 1200 7421 119 784 923 824 846 554 557 444 1058 2582 1012 299 2691 1238 8860 17789 2015 20321 446 55 1048 1422 798
leaf_count=1227 171191 1819 5230 6302 2897 1200 7421 119 784 923 824 846 554 557 444 1058 2582 1012 299 2691 1238 8860 17789 2015 20321 446 55 1048 1422 798
internal_value=-2.64789e-05 -0.000573608 -0.00129715 -0.00224569 -9.58918e-05 -0.00117014 0.000611395 -0.00119604 0.00165753 0.00134884 -0.000116433 -0.00213688 -0.00282283 0.00103408 -0.00497532 -0.00330127 0.000745343 0.000466157 0.00429907 -0.000772 -0.00107848 0.000450744 0.0007156 -0.00139019 -0.000922483 0.00179414 -8.50723e-05 -0.00125 -0.00543154 0.00123818
internal_weight=263972 92781 35925 20074 15851 14400 12954 4749 8205 2150 56856 9570 7868 1702 5674 2599 4830 1566 856 26373 22884 30483 26649 3834 22060 1739 1293 2248 1541 3489
internal_count=263972 92781 35925 20074 15851 14400 12954 4749 8205 2150 56856 9570 7868 1702 5674 2599 4830 1566 856 26373 22884 30483 26649 3834 22060 1739 1293 2248 1541 3489
is_linear=0
shrinkage=0.05


Tree=82
num_leaves=31
num_cat=0
split_feature=18 0 26 6 18 21 18 0 24 24 18 0 21 0 6 1 0 18 0 20 11 1 4 0 13 20 5 4 11 24
split_gain=14.8953 10.9065 4.89741 4.56035 5.23109 4.73832 5.49711 4.46023 4.40312 5.47815 11.2555 19.3509 11.556 9.24775 8.1944 7.4504 7.38016 7.02707 6.8324 6.09812 5.56465 5.51769 6.38176 5.73027 5.68971 5.50485 5.43091 5.16339 5.02279 4.95021
threshold=4.0769321009409785 4.6426673853605518 1.0000000180025095e-35 1.9524119417911521 15.371277410323176 38.500000000000007 33.275138505876264 4.4674786937065862 12.500000000000002 7.5000000000000009 28.015168045621891 5.0590719231024197 35.500000000000007 4.8638827521613406 0.5979466458972037 133.00000000000003 4.9340266432096351 29.083260393587619 5.0448809385801114 1.2782096704950086 0.16455303594128287 113.00000000000001 -0.42482818828458002 4.8255613764400245 0.16690841604635143 0.71104944821017579 0.91641013932226756 -0.067137826953368701 0.79573476830300838 10.500000000000002
decision_type=2 2 2 2 2 2 2 2 2 2 2 2 2 2 2 2 2 2 2 2 2 2 2 2 2 2 2 2 2 2
left_child=-1 2 7 5 -5 8 -7 -2 9 17 11 12 15 14 -12 26 20 18 21 27 -17 23 24 -3 -23 -24 -11 -18 -22 -16
right_child=1 3 -4 4 -6 6 -8 -9 -10 10 13 -13 -14 -15 29 16 19 -19 -20 -21 28 22 25 -25 -26 -27 -28 -29 -30 -31
leaf_value=0.0003059177774197397 -0.0036336949413399537 -0.0073595965391297083 -0.0054005738290596851 0.0010911453652449573 6.7707539829901803e-05 -0.00053100024375665506 0.00095721982447394228 -0.00049135095151548911 2.4399360117150443e-05 -0.0024929195074019661 -0.0032751596546227559 6.5074211703539973e-05 0.0016091797886211246 0.0023908114920232863 -0.00012981212618686655 -0.0077528814690189414 -0.012658340167504546 -0.0010320288809445356 -0.00043736646003044089 0.0017997647098738864 -0.00065944814605479692 0.00064323955846591532 0.00034972149370653252 0.0010036701302440839 0.00018969420642583142 -0.00076628633240686324 -0.0087356293219728147 0.0019944982981137459 -0.0069026904510461652 0.0034763533083395741
leaf_weight=103906 4802 108 975 1829 4189 7404 1092 20338 75754 538 993 6710 600 661 921 1819 172 4217 10629 549 1417 2744 1167 1317 3856 1944 1389 89 1004 640
leaf_count=103906 4802 108 975 1829 4189 7404 1092 20338 75754 538 993 6710 600 661 921 1819 172 4217 10629 549 1417 2744 1167 1317 3856 1944 1389 89 1004 640
internal_value=-5.48187e-05 -0.000357734 -0.00129236 -0.000175249 0.00116983 -0.00023862 -0.00137947 -0.00115752 -0.000157331 -0.000558365 -0.00124214 -0.00184363 -0.00357529 0.00143079 6.65634e-05 -0.00414791 -0.00313861 -9.77588e-05 0.000264187 0.00123457 -0.00397406 0.00112967 0.000703327 0.00403509 0.00158333 -0.00116361 -0.00679294 -0.00505747 -0.00240396 0.00232543
internal_weight=263773 159867 26115 133752 6018 127734 8496 25140 119238 43484 17502 14287 7577 3215 2554 6977 5050 25982 21765 810 4240 11136 9711 1425 6600 3111 1927 261 2421 1561
internal_count=263773 159867 26115 133752 6018 127734 8496 25140 119238 43484 17502 14287 7577 3215 2554 6977 5050 25982 21765 810 4240 11136 9711 1425 6600 3111 1927 261 2421 1561
is_linear=0
shrinkage=0.05


Tree=83
num_leaves=31
num_cat=0
split_feature=0 29 29 29 6 24 24 21 1 0 4 17 29 6 1 24 24 4 18 27 0 0 27 0 24 21 24 27 27 27
split_gain=14.3831 7.0704 11.6435 10.0817 7.99391 7.90512 11.1947 12.5065 11.3012 10.2585 8.39806 6.87082 5.32939 5.29664 4.9779 4.80295 5.79605 5.77397 4.6199 4.69581 4.35258 4.32832 4.21556 7.90483 5.22656 4.84129 4.18424 10.0525 5.80474 8.95797
threshold=5.1286703667030071 0.013816729295986154 -0.091673901992847542 2.1505055889027402 1.0000000180025095e-35 4.5000000000000009 6.5000000000000009 38.500000000000007 133.00000000000003 4.8882269033423915 -0.29148703440002455 5.5000000000000009 -1.3663842572693345 0.77820522768792799 221.00000000000003 15.500000000000002 8.5000000000000018 0.045414351683201036 40.267125989099505 1.5000000000000002 4.6851294144313123 4.4439066730957402 6.5000000000000009 4.6638718775261703 14.500000000000002 27.500000000000004 9.5000000000000018 20.500000000000004 24.500000000000004 15.500000000000002
decision_type=2 2 2 2 2 2 2 2 2 2 2 2 2 2 2 2 2 2 2 2 2 2 2 2 2 2 2 2 2 2
left_child=1 2 13 15 -4 10 7 11 -8 14 21 -7 -2 -1 -10 16 -3 -18 19 -6 -16 -5 23 24 -15 -24 27 -14 29 -28
right_child=12 3 4 5 18 6 8 -9 9 -11 -12 -13 26 22 20 -17 17 -19 -20 -21 -22 -23 25 -25 -26 -27 28 -29 -30 -31
leaf_value=-0.00023079785714548242 0.0010580167243001025 -0.0023788873590892992 -0.00034059584264903867 0.00058947960934890137 0.0024785280032049591 0.001418456177227319 -0.0029931233836574811 -0.004642695137433003 -0.0031511512092520983 0.00090997717316731715 -0.00013560628880081329 7.7169484529472689e-05 -3.7605926871082215e-06 -0.0090214315504547372 -0.0020800245247782393 0.0028835467074188087 -0.014572249622911189 0.0049328617935318134 0.0030456479498899396 0.00025330438752632184 0.0014705323471431125 -0.0050058708962004775 -0.00067377311891349061 -9.5846300040653391e-05 -6.5819445486113914e-05 0.00011701834609349387 0.00052140513839860232 -0.001507718388738072 0.00065127612862111983 -0.00054661187516008125
leaf_weight=65730 663 820 579 215 242 1406 1103 170 1625 1214 1126 954 33802 1272 511 62 567 51 225 9992 707 1169 1869 6015 619 36120 90753 1031 1718 1575
leaf_count=65730 663 820 579 215 242 1406 1103 170 1625 1214 1126 954 33802 1272 511 62 567 51 225 9992 707 1169 1869 6015 619 36120 90753 1031 1718 1575
internal_value=-3.58071e-05 -0.000398248 -0.00028623 -0.00157265 0.00126291 -0.0010098 -0.000214563 0.00250988 -0.00155039 -0.000330292 -0.00344621 0.00345339 0.000340123 -0.000439417 -0.00197327 -0.0054 -0.00598748 -0.00964401 0.0015795 0.00142369 0.000443351 -0.00605491 -2.72349e-05 -0.00107766 -0.00389741 0.000191372 0.00031712 -0.000151005 0.000490506 0.000436922
internal_weight=263905 134363 122663 11700 11038 10200 7690 2530 5160 4057 2510 2360 129542 111625 2843 1500 1438 618 10459 10234 1218 1384 45895 7906 1891 37989 128879 34833 94046 92328
internal_count=263905 134363 122663 11700 11038 10200 7690 2530 5160 4057 2510 2360 129542 111625 2843 1500 1438 618 10459 10234 1218 1384 45895 7906 1891 37989 128879 34833 94046 92328
is_linear=0
shrinkage=0.05


Tree=84
num_leaves=31
num_cat=0
split_feature=0 26 4 29 29 27 19 5 6 22 25 0 19 1 25 6 27 22 29 1 27 28 3 1 21 19 16 6 22 0
split_gain=15.8661 8.3221 8.09557 7.47118 6.49643 6.12691 5.66866 8.03551 6.78619 6.12775 5.36622 5.22672 5.17144 4.93711 4.80049 4.74265 4.24001 4.12506 4.07668 4.64174 3.6765 3.93365 4.34345 4.24175 7.08588 5.56084 7.68193 4.90773 3.65745 3.57246
threshold=4.6461108844735088 1.0000000180025095e-35 0.34279727925295861 -3.1903952382278615 -1.0308775640211452 36.500000000000007 4.8272506170453378 0.75018944508697005 1.0000000180025095e-35 16.500000000000004 1.0000000180025095e-35 5.4636711999144145 58.467286815758271 153.00000000000003 1.0000000180025095e-35 1.0000000180025095e-35 8.5000000000000018 1.5000000000000002 5.8911258848236683 237.00000000000003 27.500000000000004 23.500000000000004 -0.91282500487816998 245.00000000000003 34.500000000000007 44.203173123004881 0.11301061826039845 1.5395601336132285 13.500000000000002 4.5790689627974688
decision_type=2 2 2 2 2 2 2 2 2 2 2 2 2 2 2 2 2 2 2 2 2 2 2 2 2 2 2 2 2 2
left_child=3 2 5 -1 16 15 7 13 -9 10 -10 -4 -7 -5 -6 17 -3 -2 -17 -20 21 23 -23 -8 25 29 -27 -28 -18 -25
right_child=1 4 11 6 14 12 20 8 9 -11 -12 -13 -14 -15 -16 18 28 -19 19 -21 -22 22 -24 24 -26 26 27 -29 -30 -31
leaf_value=-0.010209687528630244 0.00042465831984839968 -0.011416019556701636 0.0077227862097605645 0.0023857446041128578 -6.7390668302265284e-05 -0.0016946878846745648 -0.00060003953194453369 -0.0014506079390378902 0.00043023840546832514 -0.0019556735520671891 0.0018400025459730897 0.001224708888087833 8.0208315811442686e-05 0.0027160550991037809 -0.0013094534548908875 7.0062228066134711e-05 0.0011481003609377029 -0.00037888160118404869 -0.0013494758076828348 0.0015525309634598539 -0.0024244125397634066 -0.0030861597252023047 -0.0012402263422339244 0.0029981630555976349 -0.0043696568015432532 0.0044029588482759523 -0.00067616717231251558 0.0015244485205968866 -0.002914715826638273 0.0013792069176606625
leaf_weight=722 69 644 1353 455 12256 1079 14521 134 442 417 196 21755 593 53 4816 187114 301 1937 1758 295 3830 1789 3774 197 316 177 1300 432 393 532
leaf_count=722 69 644 1353 455 12256 1079 14521 134 442 417 196 21755 593 53 4816 187114 301 1937 1758 295 3830 1789 3774 197 316 177 1300 432 393 532
internal_value=-2.92042e-05 0.000107911 0.000194905 -0.00112644 -0.000912546 8.89327e-05 -0.000999474 0.00180318 -0.000445752 0.000900475 0.00398119 0.00107928 -0.00292464 0.00706693 -0.0006496 0.000115289 -0.00426756 -0.00230309 0.000140935 -0.00207501 -0.00117649 -0.000938014 -0.00209599 -0.000569384 0.00115775 0.00200531 0.000586696 -0.000427251 -0.00155619 0.00572017
internal_weight=263650 234363 215953 29287 18410 192845 28565 1697 1189 1055 638 23108 1672 508 17072 191173 1338 2006 189167 2053 26868 23038 5563 17475 2954 2638 1909 1732 694 729
internal_count=263650 234363 215953 29287 18410 192845 28565 1697 1189 1055 638 23108 1672 508 17072 191173 1338 2006 189167 2053 26868 23038 5563 17475 2954 2638 1909 1732 694 729
is_linear=0
shrinkage=0.05


Tree=85
num_leaves=31
num_cat=0
split_feature=0 26 19 5 4 29 0 28 5 23 1 4 6 14 29 1 22 3 25 0 29 26 27 6 29 0 20 28 29 0
split_gain=13.5256 7.12665 7.04372 8.17114 6.93211 5.59983 5.49416 4.82254 6.01451 5.55695 6.23484 5.50466 4.72906 4.61794 4.95718 4.5168 4.2778 4.15239 4.13489 3.97097 4.10726 3.87275 3.71928 3.53739 3.52805 4.11616 5.06762 3.86305 4.46107 5.98219
threshold=4.6426673853605518 1.0000000180025095e-35 4.8272506170453378 0.82076849548864261 0.34279727925295861 -3.1903952382278615 5.5125765798679067 21.500000000000004 0.6224681151194974 4.5000000000000009 185.00000000000003 -0.039018703721656271 0.022843246169900296 0.45609069672732877 5.8911258848236683 153.00000000000003 16.500000000000004 0.50151335931805185 1.0000000180025095e-35 4.4674786937065862 0.35441858460372855 1.0000000180025095e-35 3.5000000000000004 0.0093013831142493061 -0.10383428234415885 5.2378129105385556 0.027141895528492218 1.0000000180025095e-35 -0.98629016210140319 4.9488001638798016
decision_type=2 2 2 2 2 2 2 2 2 2 2 2 2 2 2 2 2 2 2 2 2 2 2 2 2 2 2 2 2 2
left_child=2 4 3 15 13 -4 -6 8 -3 10 22 -11 -5 -2 17 23 -14 24 -10 -7 21 -21 -9 -1 27 -26 -27 -15 29 -29
right_child=1 7 5 12 6 19 -8 9 18 11 -12 -13 16 14 -16 -17 -18 -19 -20 20 -22 -23 -24 -25 25 26 -28 28 -30 -31
leaf_value=-0.00021316784306345236 -0.00011617618961288039 -0.0015163390929079945 -0.010260819348137575 -0.00095025289640455503 0.0031921370686497242 -0.0037322533994473858 0.00038472265088411575 0.0010032380617765065 0.00069864574278086103 -0.0052917538947854425 -0.0035001717064860808 0.0029536477949826875 0.001388690417488002 -0.00090584857119892226 -0.001181536353623049 0.002657799890289728 -0.0015310049645572686 -0.00099526811246423877 -0.00087752820422183359 -0.00028277483313551925 -0.0025850484828170359 -0.0040401560884762667 -0.00045734353301074386 0.0030235338301979162 0.00037889047184656643 -0.0022349038205955302 0.00032232041582265719 0.00017822446428299144 -4.7100994707932768e-05 0.00085951312343562089
leaf_weight=162 58865 6682 648 186 9423 4891 13826 383 5996 881 333 106 549 1989 1448 66 402 597 2696 18642 1536 911 1459 308 28801 2093 30697 12867 53706 2961
leaf_count=162 58865 6682 648 186 9423 4891 13826 383 5996 881 333 106 549 1989 1448 66 402 597 2696 18642 1536 911 1459 308 28801 2093 30697 12867 53706 2961
internal_value=-5.79292e-05 6.60292e-05 -0.00109077 0.00205619 0.000146315 -0.00128849 0.000962193 -0.000875053 -0.0005093 -0.00265338 -0.00124138 -0.00576494 -0.000343007 4.85519e-05 0.000209532 0.00714552 0.00108307 0.000241043 0.000357801 -0.00117398 -0.000876285 -0.000680713 -0.000103148 0.00542553 0.000259703 0.000537093 0.000154012 2.08337e-05 8.29822e-05 0.000820699
internal_weight=264110 235809 28301 1673 217273 26628 23249 18536 15374 3162 2175 987 1137 194024 135159 536 951 133711 8692 25980 21089 19553 1842 470 133114 61591 32790 71523 69534 15828
internal_count=264110 235809 28301 1673 217273 26628 23249 18536 15374 3162 2175 987 1137 194024 135159 536 951 133711 8692 25980 21089 19553 1842 470 133114 61591 32790 71523 69534 15828
is_linear=0
shrinkage=0.05


Tree=86
num_leaves=31
num_cat=0
split_feature=0 24 24 17 24 18 21 4 29 21 4 4 24 18 21 17 18 29 24 26 23 1 21 29 0 29 23 17 1 4
split_gain=12.8379 5.54669 12.6964 17.1736 8.5374 7.54272 7.10372 10.0846 6.63811 6.34527 10.4695 7.20588 7.70931 6.05339 5.65205 8.66361 6.96596 5.49224 5.45907 7.01033 5.61149 6.98048 4.88466 5.16751 4.61303 4.45957 5.66013 4.34283 5.74797 8.06046
threshold=4.7199269281688467 14.500000000000002 6.5000000000000009 4.5000000000000009 10.500000000000002 62.107379387004379 31.500000000000004 -0.23779191060514679 -2.3675210365522781 35.500000000000007 -0.4931170701548131 -0.10389939157331902 1.5000000000000002 2.8272105190373176 32.500000000000007 9.5000000000000018 59.307370038592801 -1.7690543140210224 9.5000000000000018 1.0000000180025095e-35 3.5000000000000004 125.00000000000001 39.500000000000007 -1.0308775640211452 4.6916983434607848 4.1337886697869566 1.0000000180025095e-35 4.5000000000000009 177.00000000000003 -0.0026367823870712538
decision_type=2 2 2 2 2 2 2 2 2 2 2 2 2 2 2 2 2 2 2 2 2 2 2 2 2 2 2 2 2 2
left_child=1 2 5 -4 -5 9 7 -6 -3 10 24 17 -13 -12 15 16 -10 -11 22 20 21 -20 -2 -24 -1 -23 -27 -16 29 -29
right_child=18 8 3 4 6 -7 -8 -9 14 11 13 12 -14 -15 27 -17 -18 -19 19 -21 -22 25 23 -25 -26 26 -28 28 -30 -31
leaf_value=0.001169348712120365 -9.0758674630661313e-05 0.0032210184103796738 -0.010519507895007706 -0.0043630692135729681 -0.004499267248444884 -0.0067264842393440303 0.0016905609634835974 0.0033581427474957044 0.00033760378531235493 0.0015730623398158329 0.0041264017739930485 0.010190433659967607 -0.0065907028421665573 -0.0031201659266057546 0.00064976664695716403 -0.0015515309470219493 -0.00095351290590534651 -0.0060634760583688843 -7.5092362582909706e-05 -0.00043450941550764432 3.4068324483063255e-05 0.00045659030817179623 0.00020459453723683521 -0.0015461189201026442 -9.7923757810307159e-05 0.0024960612041539428 0.00079592288032459308 0.0016474372849039282 -0.0012536154653025936 -0.0025106540551216375
leaf_weight=3533 56860 297 2420 3868 1791 538 1872 640 15186 263 144 102 175 1753 1050 6435 1518 749 16237 17383 59972 58355 689 1256 1166 127 462 1510 5995 1145
leaf_count=3533 56860 297 2420 3868 1791 538 1872 640 15186 263 144 102 175 1753 1050 6435 1518 749 16237 17383 59972 58355 689 1256 1166 127 462 1510 5995 1145
internal_value=-2.5123e-05 -0.000727707 -0.00140843 -0.00256066 -0.00146494 4.03669e-05 6.7396e-05 -0.00171534 -0.000337094 0.0004312 0.00105822 -0.00277735 0.00436823 -0.00207696 -0.000404396 2.03132e-05 0.000620811 -0.0047332 0.000148245 0.000306027 0.000427591 0.000715342 -0.000261031 -0.00272493 0.0023239 0.000968208 0.00529711 -0.00141752 -0.00178613 0.00015066
internal_weight=263491 52150 19014 10591 8171 8423 4303 2431 33136 7885 6596 1289 277 1897 32839 23139 16704 1012 211341 152536 135153 75181 58805 1945 4699 58944 589 9700 8650 2655
internal_count=263491 52150 19014 10591 8171 8423 4303 2431 33136 7885 6596 1289 277 1897 32839 23139 16704 1012 211341 152536 135153 75181 58805 1945 4699 58944 589 9700 8650 2655
is_linear=0
shrinkage=0.05


Tree=87
num_leaves=31
num_cat=0
split_feature=0 0 0 29 26 29 29 29 20 29 28 28 18 29 0 18 12 19 6 18 9 27 27 27 14 27 14 20 1 0
split_gain=13.4702 6.06251 5.65139 5.24737 4.56968 4.95848 4.56426 5.96968 5.65052 5.07964 4.17361 3.89527 3.87577 4.61648 5.32012 4.51447 5.05438 4.07657 4.69935 5.57636 6.17295 4.53682 4.35086 5.16049 4.28277 3.99061 4.56742 3.86907 4.14203 4.55097
threshold=4.7012900704448422 5.446138084545372 5.5254869140418341 -3.1903952382278615 1.0000000180025095e-35 -0.46518392472356479 0.081224778036616985 -0.19811758492869305 0.70712073794109964 2.8408173346488366 37.500000000000007 4.5000000000000009 30.791296185257895 -0.89127533738544151 5.0258752632043366 40.267125989099505 0.15372411925405047 9.037759751253434 0.83442945753462106 11.475555918351697 0.5273110397598646 39.500000000000007 11.500000000000002 1.5000000000000002 9.4281462480840794 29.500000000000004 2.2193984584059803 0.13115540213725044 145.00000000000003 5.5436514665010481
decision_type=2 2 2 2 2 2 2 2 2 2 2 2 2 2 2 2 2 2 2 2 2 2 2 2 2 2 2 2 2 2
left_child=3 10 -3 -1 6 -6 7 -5 11 -8 12 -9 17 -14 15 16 -15 21 -19 20 22 -2 23 -20 -24 26 -21 28 -4 -30
right_child=1 2 27 4 5 -7 9 8 -10 -11 -12 -13 13 14 -16 -17 -18 18 19 25 -22 -23 24 -25 -26 -27 -28 -29 29 -31
leaf_value=-0.0056561784090983554 0.0002143473317858355 0.0021999391790835554 0.00095431512645650939 -0.00039791153374483336 -0.0047935794250531438 -0.00032712678403818584 -0.011920425340659357 0.0012529296808970242 -0.0014223617681550812 -0.00121690925222774 -0.00093533955534264306 0.0003286856530462384 0.00084818110358769706 0.00095767515249930871 0.0012103767003779585 -0.00047581652301298156 3.6425338158495154e-05 -0.0001361092298908463 0.0029000084970721065 0.00039054211916414753 -0.00035293640240697329 -0.0042580881762110832 0.00062020327017465332 -0.00014067667082136049 0.0016155609650450584 -0.0014415488260895756 -0.00011235294427595053 0.0017064046340764718 0.0011245629117658967 -0.00099633484115616358
leaf_weight=1316 39761 16621 11793 33172 959 804 351 884 1603 3074 555 3872 4805 1136 347 4234 3341 82268 309 2622 1622 71 4451 2150 226 983 11284 8591 5469 15372
leaf_count=1316 39761 16621 11793 33172 959 804 351 884 1603 3074 555 3872 4805 1136 347 4234 3341 82268 309 2622 1622 71 4451 2150 226 983 11284 8591 5469 15372
internal_value=-1.58944e-06 0.000162516 0.000601253 -0.000778754 -0.000687179 -0.00318207 -0.000584783 -0.000433077 0.00097028 -0.00233577 4.05951e-06 0.00183558 1.91103e-05 0.000818006 0.000153457 -8.83928e-05 0.00101854 -5.68782e-05 -0.000219042 0.000402166 0.00140329 0.000374323 0.00203616 0.00033347 0.00293137 -0.000186714 3.09231e-05 0.000287448 3.89177e-05 -0.000384817
internal_weight=264046 218011 57846 46035 44719 1763 42956 39531 6359 3425 160165 4756 159610 13863 9058 8711 4477 145747 105915 23647 8758 39832 7136 2459 4677 14889 13906 41225 32634 20841
internal_count=264046 218011 57846 46035 44719 1763 42956 39531 6359 3425 160165 4756 159610 13863 9058 8711 4477 145747 105915 23647 8758 39832 7136 2459 4677 14889 13906 41225 32634 20841
is_linear=0
shrinkage=0.05


Tree=88
num_leaves=31
num_cat=0
split_feature=8 6 22 19 6 13 28 4 19 11 28 5 16 5 19 19 4 28 28 1 28 12 1 1 5 29 19 29 22 21
split_gain=9.16649 6.90778 5.46075 8.85087 5.21738 4.95817 6.61949 6.47932 8.09831 9.14505 7.40314 7.24312 4.91045 4.71933 4.84283 4.66305 4.42381 4.17187 3.93468 3.89639 3.85706 4.03583 3.77578 3.92359 3.81276 3.70349 3.52722 3.40737 3.39422 3.46149
threshold=0.22020102433689517 0.77820522768792799 14.500000000000002 50.169020420015215 1.0000000180025095e-35 0.20758951056781663 20.500000000000004 -0.46695800314353125 48.521988010920985 0.15236353585561158 9.5000000000000018 2.226293618553032 0.29465070281279981 0.70605406841163465 2.4189972645769453 4.4166819120041954 0.34815453743149882 15.500000000000002 14.500000000000002 265.00000000000006 3.5000000000000004 0.19523383453655005 129.00000000000003 237.00000000000003 3.5459849956140679 -0.87527059907807514 40.672777433114675 -2.3675210365522781 23.500000000000004 36.500000000000007
decision_type=2 2 2 2 2 2 2 2 2 2 2 2 2 2 2 2 2 2 2 2 2 2 2 2 2 2 2 2 2 2
left_child=1 2 5 4 -4 6 7 8 9 11 -9 12 -1 14 -8 -7 19 20 22 -2 -14 25 24 -24 -6 -22 -18 -12 29 -20
right_child=16 -3 3 -5 18 15 13 10 -10 -11 27 -13 17 -15 -16 -17 26 -19 28 -21 21 -23 23 -25 -26 -27 -28 -29 -30 -31
leaf_value=2.4555819956026113e-05 5.501223933205671e-05 4.7463917874742849e-05 -0.0013333712796953388 0.00011957836927413933 0.00011376746289452108 0.00077044458043384607 0.0016378757652079461 -0.0003159653415901871 -0.00015678638296106711 -0.00021234075589620329 0.0023588872446744435 0.0014814052265163947 0.00054138271198032623 -0.00089108887589795503 -0.00017571974176941983 -0.00074867305869734434 0.0013322769353407843 -0.00056035721172607931 -7.2542772986403114e-05 0.001271179517612162 0.0021313674109283728 0.00072487668491665318 -0.0010144945414962718 0.00021538442536258088 -0.0038154925230833819 0.00095894921589109977 -0.0069670981731645449 0.00014787199596645408 0.00028690584886118285 -0.0009911029765044771
leaf_weight=701 92173 53842 1509 25368 3267 753 263 5236 3343 1136 73 254 400 6826 911 15908 23496 139 4595 6631 115 166 4552 777 259 546 109 3907 4863 1458
leaf_count=701 92173 53842 1509 25368 3267 753 263 5236 3343 1136 73 254 400 6826 911 15908 23496 139 4595 6631 115 166 4552 777 259 546 109 3907 4863 1458
internal_value=-3.1375e-05 -0.000305948 -0.000580589 -0.000211369 -0.000963345 -0.00100401 -0.000544219 4.24587e-05 0.00121324 0.00291004 -0.000821396 0.00470918 0.00373004 -0.00171875 0.00120954 -0.00166677 0.000285274 0.00547584 -0.000747053 0.000138356 0.00640587 0.0083555 -0.00153021 -0.00237005 -0.000260918 0.0101059 0.000900234 0.000804021 -0.000111761 -0.000902031
internal_weight=263576 141167 87325 46648 21280 40677 24016 16016 6800 3457 9216 2321 2067 8000 1174 16661 122409 1366 19771 98804 1227 827 8855 5329 3526 661 23605 3980 10916 6053
internal_count=263576 141167 87325 46648 21280 40677 24016 16016 6800 3457 9216 2321 2067 8000 1174 16661 122409 1366 19771 98804 1227 827 8855 5329 3526 661 23605 3980 10916 6053
is_linear=0
shrinkage=0.05


Tree=89
num_leaves=31
num_cat=0
split_feature=18 22 27 11 24 22 12 18 24 27 11 12 9 1 27 24 12 27 6 1 16 17 5 18 22 27 24 24 9 5
split_gain=7.65722 6.65404 16.0788 5.90237 6.53382 6.50081 5.91849 5.54823 6.81327 6.55884 8.42166 9.91645 7.01713 6.94851 6.35322 5.79073 5.258 4.80667 4.69392 4.54 4.46723 4.34807 8.89561 4.52534 7.80903 4.21303 4.90558 4.68389 4.20621 4.08281
threshold=4.0296970121165101 9.5000000000000018 24.500000000000004 0.68523801880228752 6.5000000000000009 21.500000000000004 0.51848926608300239 15.371277410323176 9.5000000000000018 9.5000000000000018 0.059068008286746111 0.084130892432518242 0.49740045994516496 297.00000000000006 15.500000000000002 14.500000000000002 0.5083015389015042 4.5000000000000009 1.0000000180025095e-35 245.00000000000003 0.0078129445522450176 8.5000000000000018 1.0712884935358575 0.032754806929359996 1.5000000000000002 6.5000000000000009 12.500000000000002 18.500000000000004 0.50239236816340538 1.6496430163984204
decision_type=2 2 2 2 2 2 2 2 2 2 2 2 2 2 2 2 2 2 2 2 2 2 2 2 2 2 2 2 2 2
left_child=21 2 7 18 16 6 -6 9 17 20 11 12 13 -11 25 -16 -5 29 -3 -8 -2 23 -23 24 -1 26 -10 -27 -22 -9
right_child=1 3 -4 4 5 -7 19 8 14 10 -12 -13 -14 -15 15 -17 -18 -19 -20 -21 28 22 -24 -25 -26 27 -28 -29 -30 -31
leaf_value=0.0012673768426154641 -0.0055989372200349226 -0.0012805167590222233 -0.00075000260072911602 0.00032162249852229899 1.7376291964148609e-05 -0.00026013958475170907 0.00050162947340679854 -0.003986358748180382 -0.0046817434175646308 0.0015712537630973916 0.00014569960073386535 0.0002021947728453996 -0.00029070096732645821 -0.00025304227917913839 0.0011577447504471407 -0.00079196797516160617 0.0014207994308795269 -0.00082484415680098434 -8.1017386617389755e-05 0.0019269385216035757 -0.00092593014039904628 0.0024204250797656745 -0.00048269833237257314 0.00023819351906151788 -0.00029910360097841509 0.00075100672227215455 -1.2636047338087273e-05 -7.1540035098706273e-05 0.00038446350421895542 -0.011445439444854603
leaf_weight=86 405 995 8798 2910 6488 10349 4133 603 850 465 5792 738 81 64 459 6327 2168 3309 80224 1100 3893 1004 782 97972 2816 3919 2003 4604 9927 312
leaf_count=86 405 995 8798 2910 6488 10349 4133 603 850 465 5792 738 81 64 459 6327 2168 3309 80224 1100 3893 1004 782 97972 2816 3919 2003 4604 9927 312
internal_value=-5.05345e-05 -0.00026579 -0.00072751 -4.18935e-05 0.000596362 0.000224288 0.00103063 -0.000335305 -0.000885374 0.00024105 0.00147759 0.00503709 0.0097541 0.0118526 -0.000464705 -0.00167551 0.00221347 -0.00269413 -0.000255235 0.00228168 -0.000379612 0.00028687 0.00273236 0.000243572 -0.00170227 0.000257561 -0.00140554 0.000814268 -0.000227929 -0.00590164
internal_weight=263576 160916 52549 108367 27148 22070 11721 43751 22386 21365 7140 1348 610 529 18162 6786 5078 4224 81219 5233 14225 102660 1786 100874 2902 11376 2853 8523 13820 915
internal_count=263576 160916 52549 108367 27148 22070 11721 43751 22386 21365 7140 1348 610 529 18162 6786 5078 4224 81219 5233 14225 102660 1786 100874 2902 11376 2853 8523 13820 915
is_linear=0
shrinkage=0.05


Tree=90
num_leaves=31
num_cat=0
split_feature=0 24 26 29 24 27 5 0 16 13 13 2 24 18 26 24 0 11 28 0 19 27 11 24 29 11 4 24 1 12
split_gain=10.8098 5.57567 8.15095 6.9213 5.36837 10.816 6.42555 5.20282 7.13531 5.00132 4.71303 4.48574 10.4734 8.67985 4.3576 6.12288 4.35534 4.17636 3.943 3.9382 4.42057 3.95053 8.14546 7.77247 8.53494 6.6999 6.29653 4.84803 6.09324 4.70458
threshold=4.7012900704448422 10.500000000000002 1.0000000180025095e-35 -0.8261228501704635 7.5000000000000009 21.500000000000004 3.8229127378424761 4.953885222277969 0.82007242633026045 0.13044235676291863 0.56179848181517833 -0.19456295742253807 13.500000000000002 25.51950395513769 1.0000000180025095e-35 16.500000000000004 5.0085047394125981 0.2239382755115886 17.500000000000004 4.4236054436470065 33.433507884216034 8.5000000000000018 0.72063484521911902 14.500000000000002 -0.40543560691002828 0.25441028021184392 0.053939843395424299 16.500000000000004 129.00000000000003 0.51848926608300239
decision_type=2 2 2 2 2 2 2 2 2 2 2 2 2 2 2 2 2 2 2 2 2 2 2 2 2 2 2 2 2 2
left_child=14 4 3 7 6 -6 9 -3 -9 18 -11 12 13 -5 19 -16 17 -7 -2 20 -1 23 25 24 -21 26 -23 -25 -29 -24
right_child=1 2 -4 11 5 16 -8 8 -10 10 -12 -13 -14 -15 15 -17 -18 -19 -20 21 -22 22 29 27 -26 -27 -28 28 -30 -31
leaf_value=0.00030469802695454515 0.00016327223694204406 0.00036872846193004654 -0.00047005515903372367 0.00049472978355671535 -0.00030927823936839274 -0.0070686690840780879 -0.0012239887407894355 0.00023650939379275934 0.0014025499680347157 -0.00044799906694473679 0.00028355831377166913 0.00040413789118940265 -8.6545686957844226e-05 0.0024412046265952338 -0.020628969510073661 -0.0014352421779894094 -0.00038332389391861695 -0.002664253991413896 0.00080221041270030289 -0.0054729880300539314 -0.0051518617067268929 0.00015766895236339918 -5.0727797985616744e-05 0.0013753011587234942 0.00063715831349402769 -0.00099867343454891687 -0.0030994276038892325 0.0021265988241312827 -0.00043906653064494888 0.0010425425659289929
leaf_weight=1018 12284 10989 17690 3005 16178 1156 1042 1150 1112 20591 11172 80165 36232 681 405 1403 1053 1054 2515 4187 2081 11625 4141 849 1522 10945 700 172 2293 4507
leaf_count=1018 12284 10989 17690 3005 16178 1156 1042 1150 1112 20591 11172 80165 36232 681 405 1403 1053 1054 2515 4187 2081 11625 4141 849 1522 10945 700 172 2293 4507
internal_value=7.96897e-07 0.000147523 0.000315977 0.000449774 -0.000231933 -0.00093205 5.39883e-05 0.00153423 0.00371795 0.000140889 -0.000212825 0.000330106 -0.00010296 0.00243625 -0.000697085 -0.00310287 -0.00355807 -0.004819 0.000900062 -0.000598319 -0.00231688 -0.000468234 -0.000207092 -0.001392 -0.00251007 -0.000694025 0.000105478 0.000534099 -0.000588234 0.00110315
internal_weight=263917 218069 151024 133334 67045 19441 47604 13251 2262 46562 31763 120083 39918 3686 45848 1808 3263 2210 14799 44040 3099 40941 31918 9023 5709 23270 12325 3314 2465 8648
internal_count=263917 218069 151024 133334 67045 19441 47604 13251 2262 46562 31763 120083 39918 3686 45848 1808 3263 2210 14799 44040 3099 40941 31918 9023 5709 23270 12325 3314 2465 8648
is_linear=0
shrinkage=0.05


Tree=91
num_leaves=31
num_cat=0
split_feature=10 6 22 18 18 21 22 18 28 27 6 6 22 28 22 24 4 28 18 26 24 15 22 18 27 6 12 22 27 18
split_gain=9.50534 7.04152 4.36586 8.64218 5.84563 6.1614 9.43638 6.26132 6.14414 5.47931 4.99049 4.67774 4.53918 4.19268 4.3014 3.93832 3.77489 3.77285 3.75043 4.03724 4.99839 3.59876 3.5333 7.47589 8.42646 8.05576 6.74187 5.5223 5.70989 7.02849
threshold=0.45000000000000007 0.77820522768792799 11.500000000000002 16.122118396709503 2.0645452624414653 33.500000000000007 5.5000000000000009 0.29495474440805097 7.5000000000000009 27.500000000000004 1.0000000180025095e-35 0.071444036019819121 3.5000000000000004 1.5000000000000002 7.5000000000000009 6.5000000000000009 0.25048996713075433 36.500000000000007 7.4781274162522324 1.0000000180025095e-35 9.5000000000000018 22.500000000000004 21.500000000000004 16.344347621319347 13.500000000000002 2.2115467421833706 0.10342637597321774 3.5000000000000004 36.500000000000007 2.9569264829134929
decision_type=2 2 2 2 2 2 2 2 2 2 2 2 2 2 2 2 2 2 2 2 2 2 2 2 2 2 2 2 2 2
left_child=18 2 4 10 5 8 7 12 13 -6 21 -5 -7 -2 -15 -10 -13 -8 19 20 -1 -4 23 24 -3 26 -26 -28 29 -29
right_child=1 22 3 11 9 6 17 -9 15 -11 -12 16 -14 14 -16 -17 -18 -19 -20 -21 -22 -23 -24 -25 25 -27 27 28 -30 -31
leaf_value=-8.0329588294640022e-05 3.3828368838647269e-05 -9.9472996064126578e-05 -0.00069267354374742056 0.0015058354945165198 -0.00026611996077213762 0.0019986692163923379 0.00038608327888826302 0.00043008123564833067 0.0025258332460346084 -0.0011801083330910378 -0.00017641190792310715 0.00012122968815926003 0.0016265602566701105 -0.00027511983631105756 0.00010084385761902351 7.0370568722859461e-05 -0.0057441104183902983 -0.0018553050661044479 -0.0021687184306666998 -0.00074249681532024983 0.00080994825632765832 -0.0030800082811644723 -0.00015669673230520487 -5.0824265739871988e-05 0.00099015165347790079 0.0017340564672832016 -0.00058927349316385412 0.0013456281442754813 -0.0012999585889809694 0.00040856865337763617
leaf_weight=31953 278 5115 1357 522 25619 289 763 305 133 4276 28298 24114 196 410 99 1149 96 107 2651 9096 76480 383 17610 22666 1379 765 1306 687 344 5024
leaf_count=31953 278 5115 1357 522 25619 289 763 305 133 4276 28298 24114 196 410 99 1149 96 107 2651 9096 76480 383 17610 22666 1379 765 1306 687 344 5024
internal_value=-3.41476e-06 -0.000278455 -0.000554674 -0.000279349 -0.00100315 0.000863503 0.00313253 0.00708861 -0.000956983 -0.00123599 -0.000849256 0.000412827 0.0106186 -0.00443456 -0.00713163 0.00117785 0.000311856 -0.000459769 0.000324514 0.000366464 0.00045134 -0.00344827 0.000166316 0.00044199 0.00132353 0.0022041 0.00177346 0.0011724 0.00180842 0.00218526
internal_weight=263470 143290 88394 54770 33624 3729 1660 790 2069 29895 30038 24732 485 787 509 1282 24210 870 120180 117529 108433 1740 54896 37286 14620 9505 8740 7361 6055 5711
internal_count=263470 143290 88394 54770 33624 3729 1660 790 2069 29895 30038 24732 485 787 509 1282 24210 870 120180 117529 108433 1740 54896 37286 14620 9505 8740 7361 6055 5711
is_linear=0
shrinkage=0.05


Tree=92
num_leaves=31
num_cat=0
split_feature=0 18 5 4 24 24 0 4 0 26 29 21 15 22 0 27 28 27 29 0 29 18 27 29 24 28 28 29 27 29
split_gain=7.37662 7.62996 6.6957 5.75632 5.52537 7.98021 7.49305 6.61995 6.40043 5.77844 5.64229 5.53875 5.34842 6.18445 5.00787 4.92275 4.90589 5.09472 5.05985 6.32679 4.89752 4.55952 4.47267 5.71632 5.51721 6.34153 4.30734 4.25408 4.87861 4.05104
threshold=4.6426673853605518 2.1274987103886649 0.95159598323337946 0.37130062653243162 10.500000000000002 7.5000000000000009 5.0085047394125981 -0.21650765130726377 4.8638827521613406 1.0000000180025095e-35 -0.20412741796955056 39.500000000000007 8.5000000000000018 18.500000000000004 5.5125765798679067 29.500000000000004 25.500000000000004 1.5000000000000002 -1.2877420863276781 4.8255613764400245 -1.5062216332329936 25.932938302285212 26.500000000000004 3.3334073898702967 4.5000000000000009 12.500000000000002 28.500000000000004 3.3334073898702967 3.5000000000000004 -2.1968687689319921
decision_type=2 2 2 2 2 2 2 2 2 2 2 2 2 2 2 2 2 2 2 2 2 2 2 2 2 2 2 2 2 2
left_child=1 2 -1 4 5 11 7 8 10 -6 -7 16 13 -4 -5 -14 22 -18 -19 26 -13 -10 23 -2 25 -25 -20 28 -12 -3
right_child=3 29 12 14 9 6 -8 -9 21 -11 27 20 15 -15 -16 -17 17 18 19 -21 -22 -23 -24 24 -26 -27 -28 -29 -30 -31
leaf_value=0.0023171234773843642 -0.00011205720489720597 -0.0046836884592070596 0.002127206451774377 0.0029992808746646463 9.8630118271176933e-05 -0.0018213239896176148 -0.00038755529384446714 -0.0069662198820764909 -0.00021434373582995947 -0.00046441405280281292 -0.0061455343903024824 0.00028818133252716415 -0.0011572849852037779 -0.0015394914627468595 0.00011184283287883922 0.0017731947170530511 0.0018402823779419435 0.0014293514402159862 -0.0013273217410296968 0.00034102272198671468 -0.0016421326034191212 0.0025156275057906046 0.00023211601219870861 -0.0046669728186034534 -7.7830376963554222e-05 -0.0012969013035054643 -0.0059610346936039386 -0.0033823590121904502 -0.019400846512214576 -0.00056279589383617407
leaf_weight=563 33953 1355 318 8312 133818 3825 11559 1306 1148 17373 242 573 419 186 9150 143 1142 792 404 1124 1228 325 6336 302 791 510 233 565 371 25256
leaf_count=563 33953 1355 318 8312 133818 3825 11559 1306 1148 17373 242 573 419 186 9150 143 1142 792 404 1124 1228 325 6336 302 791 510 233 565 371 25256
internal_value=-5.97055e-05 -0.000823299 0.00249847 3.19068e-05 -3.80862e-05 -0.000417059 -0.00127294 -0.00247237 -0.00181748 0.000129176 -0.0026704 -6.77375e-05 0.000168857 0.00390873 0.000905396 -0.00318505 3.97055e-05 0.0017862 0.000544459 -0.000948324 -0.00278734 0.00107943 -0.00011434 -0.000332432 -0.00325015 -0.00614532 -0.00492936 -0.00569609 -0.00858075 -0.00102664
internal_weight=263622 28240 1629 235382 217920 66729 19341 7782 6476 151191 5003 47388 1066 504 17462 562 45587 3695 2553 1761 1801 1473 41892 35556 1603 812 637 1178 613 26611
internal_count=263622 28240 1629 235382 217920 66729 19341 7782 6476 151191 5003 47388 1066 504 17462 562 45587 3695 2553 1761 1801 1473 41892 35556 1603 812 637 1178 613 26611
is_linear=0
shrinkage=0.05


Tree=93
num_leaves=31
num_cat=0
split_feature=26 27 11 22 12 1 24 24 3 27 18 24 24 11 6 1 2 1 13 18 22 18 9 27 18 27 22 11 18 14
split_gain=8.07484 6.94822 5.42037 7.27576 5.42618 7.39062 5.1756 5.9102 5.47503 6.69558 5.12148 4.97641 5.28548 4.37682 4.56257 4.36003 4.28327 3.97623 6.33366 3.5703 3.59748 5.09785 3.56672 3.59286 3.49428 3.99155 3.49009 3.46758 3.45832 4.00391
threshold=1.0000000180025095e-35 2.5000000000000004 0.68523801880228752 2.5000000000000004 0.76641719927060337 277.00000000000006 12.500000000000002 24.500000000000004 -0.71120899767915025 9.5000000000000018 1.390733452337042 5.5000000000000009 14.500000000000002 0.27853352781456664 0.0093013831142493061 293.00000000000006 -0.20141561785721637 257.00000000000006 0.15581412240436313 5.4608212117519219 19.500000000000004 12.112820027334863 0.77243950012047602 6.5000000000000009 1.7631222131971303 23.500000000000004 1.5000000000000002 7.7460203531220992 14.651114474945253 2.7741413236991019
decision_type=2 2 2 2 2 2 2 2 2 2 2 2 2 2 2 2 2 2 2 2 2 2 2 2 2 2 2 2 2 2
left_child=1 -1 13 10 22 11 8 -8 9 -2 -4 19 -13 14 26 16 -15 -16 28 -6 21 -21 23 -5 25 -9 -3 -14 29 -19
right_child=6 2 3 4 5 -7 7 24 -10 -11 -12 12 27 15 17 -17 -18 18 -20 20 -22 -23 -24 -25 -26 -27 -28 -29 -30 -31
leaf_value=0.00034562986612076329 -0.024520479747616498 0.00029096843326505215 0.0032705253267450336 -0.00066583354043345581 -0.00070236842514085056 0.0025583293093515056 -1.3101891407053536e-05 0.00011244780826066683 -0.0015044116632978914 0.00090737324116537006 -0.0012796649781942663 -0.00086450471344240378 0.00037594229939645103 -0.0005041878963675877 -6.6096159839572783e-05 -0.0025515973522130721 0.00053185098322620764 0.00069084195798607034 -5.7157944371602228e-05 0.0019677679609648498 0.0019893627722580797 -0.00058852157311562901 -0.0010837182708358076 0.00015271004555325227 -0.0018332734281713116 0.0076933163625029404 -0.00031025588815541884 0.0025800592996932307 0.00023024990012351066 0.0015149753245403798
leaf_weight=117512 394 152 77 2445 154 562 11150 638 2189 170 2533 2625 5936 21649 59401 680 2107 1264 4766 111 885 387 478 16006 5057 63 2995 142 1180 291
leaf_count=117512 394 152 77 2445 154 562 11150 638 2189 170 2533 2625 5936 21649 59401 680 2107 1264 4766 111 885 387 478 16006 5057 63 2995 142 1180 291
internal_value=-3.32565e-05 4.51845e-05 -0.00021147 0.000347238 0.00056944 0.00146362 -0.00100809 -0.000680742 -0.00301852 -0.00741135 -0.00218391 0.00115723 0.000694015 -0.000402708 -0.000201715 -0.000978882 -0.000865885 -0.000114196 0.000970538 0.00378009 0.00458424 0.00118474 5.91697e-05 0.00016964 -0.00198159 0.00132668 -0.00206228 0.00150379 0.00288848 0.0044373
internal_weight=263999 244338 126826 32341 29731 10802 19661 16908 2753 564 2610 10240 8703 94485 70049 24436 23756 66902 7501 1537 1383 498 18929 18451 5758 701 3147 6078 2735 1555
internal_count=263999 244338 126826 32341 29731 10802 19661 16908 2753 564 2610 10240 8703 94485 70049 24436 23756 66902 7501 1537 1383 498 18929 18451 5758 701 3147 6078 2735 1555
is_linear=0
shrinkage=0.05


Tree=94
num_leaves=31
num_cat=0
split_feature=28 0 27 16 0 4 24 21 1 0 24 0 24 4 24 17 18 4 20 29 4 24 24 27 29 0 24 0 24 0
split_gain=7.5512 7.8257 5.74182 4.97078 4.56673 7.53523 6.88049 8.19644 6.54247 6.89794 7.8811 5.99406 5.79053 5.25792 5.59639 5.89664 4.97917 5.2164 4.59074 6.05806 4.28727 4.22632 4.20272 6.33381 4.68735 4.80816 7.05188 6.1365 4.88098 5.87107
threshold=22.500000000000004 4.4236054436470065 1.0000000180025095e-35 7.1096240885869593 4.6638718775261703 -0.45850634528089879 14.500000000000002 34.500000000000007 133.00000000000003 4.8882269033423915 19.500000000000004 4.9097895749028941 9.5000000000000018 -0.02048242725888377 9.5000000000000018 9.5000000000000018 32.587699804126515 -0.22994699080646538 0.71268007168665759 -0.94655401024601937 -0.33600450774537866 14.500000000000002 10.500000000000002 29.500000000000004 0.6935744829748387 4.5486059994538381 4.5000000000000009 5.0763865755225819 6.5000000000000009 4.7831568481911475
decision_type=2 2 2 2 2 2 2 2 2 2 2 2 2 2 2 2 2 2 2 2 2 2 2 2 2 2 2 2 2 2
left_child=1 -1 -2 22 5 6 -4 -8 11 16 12 21 -11 14 15 -7 17 -10 -13 20 -20 -6 23 24 -3 -26 27 -27 -28 -30
right_child=2 3 4 -5 8 13 7 -9 9 10 -12 18 -14 -15 -16 -17 -18 -19 19 -21 -22 -23 -24 -25 25 26 28 -29 29 -31
leaf_value=-0.0042066298089324513 0.0019869481134815472 1.4945610120020635e-05 -0.0061229942608197873 0.001000432224986672 -0.0075778083931097445 0.0075143249475873204 0.00066061698347820181 -0.0027762303071638913 -0.00052730541815589592 0.00025295913414515508 -0.00020533522385144431 -0.00038950780988074866 0.0010591890445531176 -0.002600974722869923 0.0027259385171855802 -0.0063337545182516348 0.00039730979143986171 -0.0033144801498186278 0.0028240537036993683 -9.0910768697200587e-05 0.00080975599880642635 -0.00026328102678964491 0.00010972988659371868 -0.0012930511894978774 0.0048668726546976203 -0.0040225916259141199 0.00032173860249741249 -0.00026726348682788313 -0.013711676582087795 -0.00043948072190388955
leaf_weight=2233 386 54461 2785 1423 732 171 1326 1118 10221 2018 2107 5421 2156 1597 1022 819 3941 251 88 2031 374 402 156662 4716 213 968 1844 715 424 1117
leaf_count=2233 386 54461 2785 1423 732 171 1326 1118 10221 2018 2107 5421 2156 1597 1022 819 3941 251 88 2031 374 402 156662 4716 213 968 1844 715 424 1117
internal_value=-3.67393e-05 7.46533e-05 -0.000679309 0.000104206 -0.00074002 -0.00173795 -0.00295085 -0.00101473 -0.000443479 4.68747e-05 0.00142971 -0.00156499 0.00268807 1.93971e-05 0.00171968 -0.000959595 -0.000555747 -0.00112586 -0.00107784 0.000697955 0.0058658 -0.00496473 8.5249e-05 -0.000254583 -0.000115328 -0.00153759 -0.00184688 -0.00449198 -0.000531757 -0.00260869
internal_weight=263742 224776 38966 222543 38580 8838 5229 2444 29742 20694 6281 9048 4174 3609 2012 990 14413 10472 7914 2493 462 1134 221120 64458 59742 5281 5068 1683 3385 1541
internal_count=263742 224776 38966 222543 38580 8838 5229 2444 29742 20694 6281 9048 4174 3609 2012 990 14413 10472 7914 2493 462 1134 221120 64458 59742 5281 5068 1683 3385 1541
is_linear=0
shrinkage=0.05


Tree=95
num_leaves=31
num_cat=0
split_feature=0 29 29 14 3 18 23 4 21 25 21 6 21 22 27 12 13 18 29 8 6 29 27 22 22 19 17 3 8 19
split_gain=6.14479 5.21709 4.36496 3.8008 3.58883 3.41338 3.80809 3.66477 4.07667 4.02139 3.47909 3.60503 3.26865 3.34699 3.06129 2.96213 3.20401 3.40599 3.90023 3.27219 3.19661 2.89722 3.60237 3.50551 4.37594 3.03671 4.06522 2.83041 2.80399 3.45095
threshold=4.6152523066285216 -2.1968687689319921 5.8911258848236683 0.48076716935330482 0.50151335931805185 20.936565974487191 4.5000000000000009 1.0000000180025095e-35 31.500000000000004 1.0000000180025095e-35 35.500000000000007 0.10380993542242617 35.500000000000007 7.5000000000000009 26.500000000000004 0.079954608250901685 0.070646688257554074 2.8272105190373176 -0.12325831839925346 0.63430888426806298 0.22650874048757058 -1.0546084750942197 27.500000000000004 23.500000000000004 3.5000000000000004 7.8801512937688578 7.5000000000000009 0.16803042381948605 0.62174995598318561 7.7337344851675214
decision_type=2 2 2 2 2 2 2 2 2 2 2 2 2 2 2 2 2 2 2 2 2 2 2 2 2 2 2 2 2 2
left_child=1 12 3 -2 15 6 7 9 -9 27 11 -7 -1 -14 -6 16 17 20 -19 -20 -5 -11 23 24 -23 26 -26 -3 -17 -30
right_child=2 5 -4 4 14 10 -8 8 -10 21 -12 -13 13 -15 -16 28 -18 18 19 -21 -22 22 -24 -25 25 -27 -28 -29 29 -31
leaf_value=-0.011546920457970324 -8.8546509897262978e-05 -0.0010459521405922509 -0.00094627585631547155 0.0016779679575242121 -0.00085552887428201369 0.009702332537242668 0.00091039296023525296 0.0012323276351730063 -0.0040210919478876591 0.0033842233904207725 -0.0032318423492935771 -0.00077007441655667494 0.0048816497326063897 -0.0010032112034789097 -0.0033963762855516522 1.1759408679733862e-05 0.00020379479965617803 0.00049109073149490839 0.0012865691952944059 0.00010383200841315767 -0.00046414602876693835 -0.0003927712622431715 -0.0024932499262014223 -0.00204040203845457 0.00079868082627993333 0.0027490169062481871 0.0031400904270862482 0.0029517651060721652 0.0024389553488407142 0.00040886471038247311
leaf_weight=777 74482 3528 2467 511 1625 53 2786 326 786 199 1319 9976 61 122 111 110617 19264 1726 970 274 1624 378 305 328 64 768 74 212 3767 24399
leaf_count=777 74482 3528 2467 511 1625 53 2786 326 786 199 1319 9976 61 122 111 110617 19264 1726 970 274 1624 378 305 328 64 768 74 212 3767 24399
internal_value=-2.34169e-05 -0.000822227 4.9456e-05 7.1021e-05 0.000204928 -0.00065823 2.76821e-05 -0.000597014 -0.00322842 -9.73349e-05 -0.0012478 -0.000930301 -0.00442708 0.0015847 -0.00205645 0.00022899 0.000737413 0.00185113 0.00294613 0.00508039 0.00032787 0.00164461 0.00104851 0.00199132 0.00316978 0.00505519 0.0118841 -0.00108289 0.000139716 0.000585104
internal_weight=263899 22062 241837 239370 164888 21102 9754 6968 1112 5856 11348 10029 960 183 1736 163152 24369 5105 2970 1244 2135 2116 1917 1612 1284 906 138 3740 138783 28166
internal_count=263899 22062 241837 239370 164888 21102 9754 6968 1112 5856 11348 10029 960 183 1736 163152 24369 5105 2970 1244 2135 2116 1917 1612 1284 906 138 3740 138783 28166
is_linear=0
shrinkage=0.05


Tree=96
num_leaves=31
num_cat=0
split_feature=27 6 27 19 22 27 1 28 6 19 21 19 21 1 7 5 12 27 29 15 29 29 19 6 26 27 19 22 17 28
split_gain=5.60129 3.89146 5.68584 4.84751 7.24667 7.10562 6.70183 6.37405 6.20736 5.36455 5.40034 7.50219 6.34034 6.0624 5.7201 6.59696 5.04194 5.00889 5.22323 5.13271 5.48515 4.9575 4.92762 4.83286 4.33608 3.88757 3.55396 3.42716 3.32156 3.24992
threshold=2.5000000000000004 2.1010272622093722 9.5000000000000018 59.99486014821899 9.5000000000000018 20.500000000000004 257.00000000000006 22.500000000000004 0.053754574504335205 48.521988010920985 31.500000000000004 14.690199962503959 39.500000000000007 265.00000000000006 1.1390534229730604 2.226293618553032 0.11018219446633483 5.5000000000000009 -1.4571161936178669 1.5000000000000002 -0.08262057774057098 -0.59509976453478841 36.427927951228135 0.053754574504335205 1.0000000180025095e-35 36.500000000000007 20.366030643885122 1.5000000000000002 4.5000000000000009 28.500000000000004
decision_type=2 2 2 2 2 2 2 2 2 2 2 2 2 2 2 2 2 2 2 2 2 2 2 2 2 2 2 2 2 2
left_child=28 3 24 6 5 17 25 9 -6 10 13 12 27 16 15 23 -8 18 29 -20 -21 -14 -18 -15 -3 -2 -16 -12 -1 -5
right_child=1 2 -4 4 8 -7 7 -9 -10 -11 11 -13 21 14 26 -17 22 -19 19 20 -22 -23 -24 -25 -26 -27 -28 -29 -30 -31
leaf_value=4.2119824966243831e-05 -0.00018133488990884552 -0.00029483360082956014 0.00067446810335174048 -0.011607783556496498 0.0021335093780201681 -0.00080561122988133534 0.0023937739670638852 -0.0010405098501638256 9.3483493620469545e-05 -0.00059022579853958536 -0.003443756222859173 -0.00099664971582884526 0.003777719076704883 -0.000134436336141674 0.0017954317569256338 0.001939382608346538 0.00050528484466679034 4.2836858288916496e-05 -0.0025740454656348411 0.00084022391017725461 -0.0025245349857155245 -0.0002934322079903979 0.0024740492889812533 0.00098524913668834413 -0.0077427147015299465 -0.001265826654158876 -0.0019691430365535384 0.00098316935835968014 0.00055206090186754445 0.0011200982109000638
leaf_weight=79759 58459 1311 4294 425 337 5402 128 1002 43269 991 52 1093 160 217 104 93 254 13507 395 811 166 72 154 1668 147 1627 222 341 47385 81
leaf_count=79759 58459 1311 4294 425 337 5402 128 1002 43269 991 52 1093 160 217 104 93 254 13507 395 811 166 72 154 1668 147 1627 222 341 47385 81
internal_value=-5.94745e-06 -0.000228026 0.00104486 -0.000283903 2.54698e-05 -0.000742771 -0.000582858 0.000935736 0.00039169 0.00159849 0.00232339 0.000110595 0.00448 0.00366197 0.00254774 0.00355915 0.00845149 -0.000194994 -0.00261448 -0.00101312 0.000931424 0.0110345 0.0057353 0.00291777 -0.00165295 -0.000748426 -0.00358896 0.000610688 0.000232965 -0.00695652
internal_weight=263926 136782 5752 131030 64393 20787 66637 6551 43606 5549 4558 1718 625 2840 2304 1978 536 15385 1878 1372 977 232 408 1885 1458 60086 326 393 127144 506
internal_count=263926 136782 5752 131030 64393 20787 66637 6551 43606 5549 4558 1718 625 2840 2304 1978 536 15385 1878 1372 977 232 408 1885 1458 60086 326 393 127144 506
is_linear=0
shrinkage=0.05


Tree=97
num_leaves=31
num_cat=0
split_feature=0 26 24 24 24 18 17 4 21 19 24 4 0 22 21 21 5 24 26 24 24 14 4 0 20 0 14 18 5 4
split_gain=7.77629 5.0322 5.75041 3.45889 13.8666 6.30979 6.25324 4.85572 12.9212 7.56718 6.18392 5.99185 4.48472 3.97035 3.85917 3.79931 3.77849 3.66559 3.37545 4.39184 6.30096 6.34873 3.95392 5.60518 5.884 9.74535 3.52572 4.81543 3.43994 3.42711
threshold=4.7199269281688467 1.0000000180025095e-35 16.500000000000004 6.5000000000000009 10.500000000000002 59.307370038592801 6.5000000000000009 -0.4931170701548131 34.500000000000007 0.24464730749110022 2.5000000000000004 -0.33600450774537866 4.4439066730957402 3.5000000000000004 32.500000000000007 30.500000000000004 1.1460705101752222 4.5000000000000009 1.0000000180025095e-35 24.500000000000004 13.500000000000002 5.0647189479613592 -0.91706966442293736 4.8812865822448641 0.71268007168665759 5.0590719231024197 0.97849532468702305 1.0691004236217545 1.4919508992634121 0.42631891059381471
decision_type=2 2 2 2 2 2 2 2 2 2 2 2 2 2 2 2 2 2 2 2 2 2 2 2 2 2 2 2 2 2
left_child=1 3 -3 5 6 7 16 8 13 -9 11 -11 -6 -1 15 -13 -5 -7 -2 20 21 22 28 -24 25 -25 27 -21 -20 -22
right_child=18 2 -4 4 12 17 -8 9 -10 10 -12 14 -14 -15 -16 -17 -18 -19 19 26 29 -23 23 24 -26 -27 -28 -29 -30 -31
leaf_value=-0.00023199546044905215 7.4769318409113951e-05 -0.013734689497710582 -0.0013602749988101861 -0.010063412934877398 -0.0024831873287628741 -0.0067326769329672511 -0.0012814421889810875 0.0045565969143993466 -0.0032466066478953567 -0.005160272721360909 -0.014894122940255401 0.002377132921150174 -5.7255136424688501e-05 0.0011923650589609764 0.0083686217307237399 -0.0022681172004096711 -0.0052870413548030733 0.00084204520710159123 0.0073344309530818264 0.0015400207818164395 0.00031988101872596045 -0.016685141594484788 -0.019283061295116703 -0.013145057315891892 0.0012043437695215741 -0.00095504366265545854 -0.00037414613016714698 -0.0033711377877748711 -0.0056841227405839299 0.0093782039431252687
leaf_weight=504 194394 472 1671 580 3269 484 1752 87 1045 208 1089 356 33520 3942 267 207 2626 162 118 157 9151 200 269 271 579 2176 2227 2114 73 83
leaf_count=504 194394 472 1671 580 3269 484 1752 87 1045 208 1089 356 33520 3942 267 207 2626 162 118 157 9151 200 269 271 579 2176 2227 2114 73 83
internal_value=-2.54104e-05 -0.000571772 -0.00294447 -0.000470277 -0.000656094 0.000458629 -0.00313836 0.000856588 0.00165362 -0.00112014 -0.00171133 0.0010501 -0.000321562 0.00282951 0.00295181 0.000603909 -0.00445103 -0.00428792 0.000109343 -0.000557468 -8.90081e-05 -0.00183668 -0.00133964 -0.00174507 -0.0011302 -0.0022027 -0.00190307 -0.0032893 0.00565445 0.000608622
internal_weight=264053 52241 2143 50098 41747 8351 4958 7705 5491 2214 2127 1038 36789 4446 830 563 3206 646 211812 17418 12920 3686 3486 3295 3026 2447 4498 2271 191 9234
internal_count=264053 52241 2143 50098 41747 8351 4958 7705 5491 2214 2127 1038 36789 4446 830 563 3206 646 211812 17418 12920 3686 3486 3295 3026 2447 4498 2271 191 9234
is_linear=0
shrinkage=0.05


Tree=98
num_leaves=31
num_cat=0
split_feature=26 0 24 24 0 21 28 27 22 17 28 4 0 4 0 1 19 1 24 0 5 21 28 23 18 21 24 5 27 5
split_gain=5.77643 5.78211 5.71533 8.16564 17.0567 8.29038 9.06044 7.34226 9.5512 6.78479 5.68792 5.14325 4.85467 4.82444 8.52012 4.54451 4.4161 4.29123 7.02831 13.5859 8.41787 7.25662 4.50442 4.24486 4.6407 4.09626 3.95361 3.94176 3.9027 3.90007
threshold=1.0000000180025095e-35 4.5208249664032918 10.500000000000002 6.5000000000000009 4.8022471230451886 35.500000000000007 23.500000000000004 25.500000000000004 7.5000000000000009 4.5000000000000009 4.5000000000000009 0.0016250358651652235 5.0763865755225819 -0.54491434864628052 4.9296208115160445 165.00000000000003 12.798432636023522 177.00000000000003 15.500000000000002 4.9859457890483005 0.61913244882578577 34.500000000000007 19.500000000000004 3.5000000000000004 0.64252069234894893 34.500000000000007 4.5000000000000009 4.3892368686248622 31.500000000000004 3.3465682936610741
decision_type=2 2 2 2 2 2 2 2 2 2 2 2 2 2 2 2 2 2 2 2 2 2 2 2 2 2 2 2 2 2
left_child=1 23 3 5 10 6 7 27 16 -8 25 26 28 -6 -15 -7 -9 18 19 21 -20 -2 -19 -1 -25 -5 -11 -3 -10 -22
right_child=17 2 -4 4 13 15 9 8 12 11 -12 -13 -14 14 -16 -17 -18 22 20 -21 29 -23 -24 24 -26 -27 -28 -29 -30 -31
leaf_value=-0.0027274820167268129 -0.013538000656274607 -7.4470947078842363e-05 0.00011855579887114638 -0.010603816846598623 0.0017735467554919025 -6.9111856354577185e-05 0.0021130896889068433 -0.00023719462423762701 0.00079010892393456252 0.00038047405643997206 -0.0024119127902005829 -0.0018955762401220674 -0.00070592678463350092 -0.0033019924222543687 -4.5506333988924924e-05 -0.001972944345737259 -2.0000096117083807e-05 -0.0011164469207311761 -0.0012309661790810438 -0.00018253642238229737 0.00081610822891462159 0.00080459309116233477 -0.0031565225061574729 0.0022492828306044893 -0.00062398643049383143 0.00051464662434229759 0.0019022552280120696 -0.0029311663432645568 -0.0043254870669514672 -0.00078202589543694106
leaf_weight=4537 1170 31532 158868 1480 1030 2725 735 368 5112 1082 5422 317 404 2143 19396 2466 1521 4481 3317 3090 6007 207 828 167 3566 230 832 117 139 418
leaf_count=4537 1170 31532 158868 1480 1030 2725 735 368 5112 1082 5422 317 404 2143 19396 2466 1521 4481 3317 3090 6007 207 828 167 3566 230 832 117 139 418
internal_value=-1.81629e-05 4.79968e-05 9.35502e-05 -0.000259827 -0.000909732 0.000147836 0.000379991 0.000178349 0.00158006 0.00304451 -0.00304122 0.0016719 0.00260831 -0.000236163 -0.000396025 -0.00173762 -0.00149815 -0.000845885 -0.000392708 -0.00203492 0.000360297 -0.00616558 -0.00205877 -0.00125151 -2.67762e-06 -0.00555555 0.0026489 -0.00015577 0.00301467 0.00141634
internal_weight=263707 244189 235919 77051 29701 47350 42159 39193 7544 2966 7132 2231 5655 22569 21539 5191 1889 19518 14209 4467 9742 1377 5309 8270 3733 1710 1914 31649 5251 6425
internal_count=263707 244189 235919 77051 29701 47350 42159 39193 7544 2966 7132 2231 5655 22569 21539 5191 1889 19518 14209 4467 9742 1377 5309 8270 3733 1710 1914 31649 5251 6425
is_linear=0
shrinkage=0.05


Tree=99
num_leaves=31
num_cat=0
split_feature=0 26 24 24 0 29 29 18 24 0 29 28 27 1 29 29 0 0 13 29 29 29 14 13 28 27 23 12 13 7
split_gain=6.74706 4.34655 4.40476 6.66544 9.37923 6.13502 5.43197 5.01862 15.3934 5.85584 6.388 5.8159 5.70156 6.14978 6.32037 6.02028 5.35447 5.33382 7.35703 5.15483 5.0279 4.77217 4.67176 4.56624 5.45965 5.10718 5.03439 4.72332 4.47477 6.35277
threshold=4.6426673853605518 1.0000000180025095e-35 9.5000000000000018 8.5000000000000018 5.0085047394125981 -0.18677238458279286 4.1337886697869566 31.375848613157462 14.500000000000002 5.1022775351308658 -1.2530839403026801 2.5000000000000004 9.5000000000000018 133.00000000000003 1.0363813241343511 -1.0546084750942197 4.8022471230451886 4.7831568481911475 0.23671672760374432 2.1505055889027402 -2.3675210365522781 5.8911258848236683 10.446576196758164 0.20758951056781663 27.500000000000004 35.500000000000007 5.5000000000000009 0.23802826117789441 0.15875932302668008 0.70513323066200229
decision_type=2 2 2 2 2 2 2 2 2 2 2 2 2 2 2 2 2 2 2 2 2 2 2 2 2 2 2 2 2 2
left_child=-1 2 3 21 5 -5 -7 9 17 11 -11 -4 13 14 -13 -14 -15 18 -9 -12 -10 28 -20 27 25 -25 -26 -22 29 -2
right_child=1 -3 7 4 -6 6 -8 8 20 10 19 12 15 16 -16 -17 -18 -19 22 -21 23 -23 -24 24 26 -27 -28 -29 -30 -31
leaf_value=-0.00043549647882393309 4.1715236248454294e-05 -0.00044817809986883047 -0.00081526830211452672 -0.0021312047927791486 -0.00024221459042019151 -0.017423783410927214 -0.0027912724415891949 -0.00063201311938827103 0.0040213434167624953 0.0020887390537793452 0.00030624702880099593 -0.00067308831496117494 0.00072424763441107708 -0.00079298713942065253 -0.008149090899070165 -3.3586623887703871e-06 0.00023204149196884768 0.0026878935765226801 0.0035719076886800492 0.00066971088706232248 0.00097375266763352012 -0.0016439501457988716 -0.007523063233115493 -0.00038857495866061333 0.00061762619953159808 0.0038550849718510735 0.0049342692274030771 2.9113303100264692e-05 -0.00022133448455410171 0.00060462891792060569
leaf_weight=28213 17193 18344 2923 1785 4286 541 251 646 98 136 85612 3424 3905 5881 97 31158 4949 712 1192 516 1607 1081 90 6570 737 109 95 1957 35072 4321
leaf_count=28213 17193 18344 2923 1785 4286 541 251 646 98 136 85612 3424 3905 5881 97 31158 4949 712 1192 516 1607 1081 90 6570 737 109 95 1957 35072 4321
internal_value=-3.70765e-05 5.0535e-05 0.000113026 -0.000233224 -0.00170625 -0.00409003 -0.00775252 0.000259623 0.00116847 0.000169048 0.000422194 -0.000248198 -0.000120005 -0.000959514 -0.00277478 0.000223599 -0.000369343 0.00460227 0.00323652 0.000405096 0.000357112 -5.79175e-05 0.00542902 0.000257338 -0.000442017 -0.000917801 0.00337741 0.0017312 4.94941e-06 0.000572652
internal_weight=263501 235288 216944 64530 6863 2577 792 152414 13813 138601 86264 52337 49414 14351 3521 35063 10830 2640 1928 86128 11173 57667 1282 11075 7511 6679 832 3564 56586 21514
internal_count=263501 235288 216944 64530 6863 2577 792 152414 13813 138601 86264 52337 49414 14351 3521 35063 10830 2640 1928 86128 11173 57667 1282 11075 7511 6679 832 3564 56586 21514
is_linear=0
shrinkage=0.05


Tree=100
num_leaves=31
num_cat=0
split_feature=0 11 22 22 26 12 18 22 19 28 16 12 0 18 3 5 18 22 11 0 19 3 22 22 18 5 28 21 3 29
split_gain=5.26986 5.58228 4.59532 5.02702 4.52619 4.18892 4.69557 10.2823 9.36997 5.44506 6.05319 4.91701 4.9394 5.66838 5.0506 4.25313 5.31321 3.83037 3.82282 3.71299 3.43745 3.56906 3.4223 3.31532 3.26314 3.23343 4.05194 4.78909 4.32216 3.16786
threshold=4.7831568481911475 0.68523801880228752 2.5000000000000004 27.500000000000004 1.0000000180025095e-35 0.31190890070982774 12.328031187125188 13.500000000000002 25.88509136901563 20.500000000000004 1.2489986561424047 0.19899137241606016 4.7324720776733296 11.269544797355497 -0.67149760387582946 0.65879290766176501 0.096941918992014112 4.5000000000000009 0.03502285097609234 4.5989605807911609 56.363302583958479 -1.3256241699700331 12.500000000000002 4.5000000000000009 62.107379387004379 3.8229127378424761 13.500000000000002 29.500000000000004 0.023318067333990052 -1.5596558316951226
decision_type=2 2 2 2 2 2 2 2 2 2 2 2 2 2 2 2 2 2 2 2 2 2 2 2 2 2 2 2 2 2
left_child=1 4 -3 19 5 6 7 8 -1 10 11 12 14 -14 -10 -9 -17 -6 -12 -4 -21 -22 -8 -20 -23 -2 28 -28 -27 -7
right_child=25 2 3 -5 17 29 22 15 9 -11 18 -13 13 -15 -16 16 -18 -19 23 20 21 24 -24 -25 -26 26 27 -29 -30 -31
leaf_value=0.00018328966601065605 9.1415791697668325e-05 -0.0014754947165415743 -0.00019615427127732326 -0.0005323599991404075 0.001281606545038896 0.00041098913778954746 -0.00055033421368586748 0.0021875474482064418 0.0015946821315176282 0.00063950114021395427 0.0029389723466189269 -0.0015907011244508434 0.00097567071075846444 -0.0021391642889641914 -0.00015137822083427741 -0.0028019955037461922 -0.00023164845655551503 -0.0027820460911927489 0.00066348199587717071 0.00010557549943491194 0.0018267691358870384 0.00074562330550091466 6.4236033998704513e-05 0.0022549285962337076 -0.00123347871396073 0.0013537936407132711 0.0011126660579869423 -0.00022379897482610982 -0.00081276287447941311 -0.00068257943488436929
leaf_weight=2793 187155 1762 4395 3151 383 2957 8749 328 349 448 102 93 276 53 71 521 3350 1968 128 3963 688 5980 9129 156 509 159 471 2179 1626 19440
leaf_count=2793 187155 1762 4395 3151 383 2957 8749 328 349 448 102 93 276 53 71 521 3350 1968 128 3963 688 5980 9129 156 509 159 471 2179 1626 19440
internal_value=1.37101e-05 -0.000351815 0.000346734 0.000576904 -0.000630287 -0.000527347 -0.000102462 0.000852562 0.00252182 0.00547733 0.0071987 0.00482185 0.00616823 0.00158055 0.00976191 -0.000924028 -0.00138724 -0.00277329 0.0123834 0.000946252 0.00143178 0.00208444 -0.000565498 0.00940141 0.00172138 0.000150583 -0.00118376 5.6605e-05 -0.00302521 -0.00103094
internal_weight=263332 71742 20448 18686 51294 48943 26546 8668 4469 1676 1228 842 749 329 420 4199 3871 2351 386 15535 11140 7177 17878 284 6489 191590 4435 2650 1785 22397
internal_count=263332 71742 20448 18686 51294 48943 26546 8668 4469 1676 1228 842 749 329 420 4199 3871 2351 386 15535 11140 7177 17878 284 6489 191590 4435 2650 1785 22397
is_linear=0
shrinkage=0.05


Tree=101
num_leaves=31
num_cat=0
split_feature=15 2 19 3 29 28 5 24 24 0 4 13 13 3 2 22 21 2 22 26 29 24 16 0 21 27 24 29 24 28
split_gain=5.74921 5.04997 4.30106 3.67233 3.56294 3.50016 4.40239 3.76908 5.37528 9.28854 3.45981 3.27163 3.23357 3.21705 3.84903 3.51021 2.97964 2.96722 2.85853 2.8571 7.51037 5.33021 2.81622 2.79984 3.14063 2.74061 2.70884 3.38604 3.0352 2.95772
threshold=8.5000000000000018 -0.20141561785721637 56.363302583958479 0.57855146471576868 5.8911258848236683 23.500000000000004 0.6519724055629218 8.5000000000000018 14.500000000000002 5.1022775351308658 0.07088049020361066 6.0399561090005731 0.070646688257554074 -0.79553172732202504 -0.014958379558890128 14.500000000000002 35.500000000000007 -1.5742715205010283 3.5000000000000004 1.0000000180025095e-35 -1.0791108000276988 15.500000000000002 0.058395320373167546 4.4942943846592813 56.500000000000007 26.500000000000004 26.500000000000004 -0.041241729973121789 9.5000000000000018 10.500000000000002
decision_type=2 2 2 2 2 2 2 2 2 2 2 2 2 2 2 2 2 2 2 2 2 2 2 2 2 2 2 2 2 2
left_child=3 2 18 4 12 13 -7 10 9 16 -8 22 23 14 -3 -16 -9 -6 -2 -14 21 -21 -4 -1 -25 -5 28 29 -24 -28
right_child=1 5 11 25 17 6 7 8 -10 -11 -12 -13 19 -15 15 -17 -18 -19 -20 20 -22 -23 26 24 -26 -27 27 -29 -30 -31
leaf_value=-0.003541914580723195 -0.0026012699592939097 0.00056518107637761039 0.00033869356457007715 -0.00067112155611836154 0.0011215822477944389 0.00063284156436656898 0.0011316886088162924 -0.007518870550198827 -0.00014458649656408565 0.0016294885241036512 -0.0045048059163066327 0.0015784877652194368 4.5358911844987085e-05 -3.8132474865276949e-05 0.00011554213530387032 -0.0015649136361527969 -0.00041212418919023383 -0.0010951118632686007 -0.00095793800035600871 -0.018307051544855523 -0.00022413928885078581 -0.00034237582196272186 -0.0012438729772939216 0.00026108397254592596 0.0069330523243216289 -0.0041506230113966302 -0.00066948708439248104 0.0025130137899565235 9.0464310608933817e-05 -0.0017852435226872274
leaf_weight=638 1451 2627 1800 512 270 555 1037 1286 1938 76 131 108 164756 25622 270 369 212 1881 8210 609 12414 425 1836 28347 116 121 783 83 4549 764
leaf_count=638 1451 2627 1800 512 270 555 1037 1286 1938 76 131 108 164756 25622 270 369 212 1881 8210 609 12414 425 1836 28347 116 121 783 83 4549 764
internal_value=-4.36689e-05 -0.000505333 -0.00114532 7.43506e-05 8.58426e-05 -0.000138029 -0.0013276 -0.00182692 -0.00264522 -0.00481575 0.000633563 -0.000414188 0.000106849 7.7542e-05 0.00155542 -0.00192488 -0.00568091 -0.00193863 -0.00189628 2.70488e-05 -0.000673705 -0.00476789 -0.000509423 0.000595513 0.00066894 -0.00372828 -0.000910791 -0.00273006 -0.000446357 -0.00325792
internal_weight=263796 53707 19584 210089 209456 34123 5235 4680 3512 1574 1168 9923 207305 28888 3266 639 1498 2151 9661 178204 13448 1034 9815 29101 28463 633 8015 1630 6385 1547
internal_count=263796 53707 19584 210089 209456 34123 5235 4680 3512 1574 1168 9923 207305 28888 3266 639 1498 2151 9661 178204 13448 1034 9815 29101 28463 633 8015 1630 6385 1547
is_linear=0
shrinkage=0.05


Tree=102
num_leaves=31
num_cat=0
split_feature=0 20 0 28 17 23 24 24 24 18 7 0 18 23 24 24 29 29 2 0 1 12 18 22 6 24 13 1 21 13
split_gain=5.49755 3.85188 3.81624 3.58617 4.60197 3.48628 4.24683 3.09364 3.59068 2.97585 3.84239 3.10228 3.7505 3.57909 3.2094 3.19289 2.92485 2.8762 2.84879 4.0563 3.55867 3.51043 3.33212 6.07314 5.06966 5.04799 3.8907 3.57991 3.39031 3.32239
threshold=5.2106208181773761 0.23661759625033579 4.5311910660572687 37.500000000000007 7.5000000000000009 3.5000000000000004 2.5000000000000004 15.500000000000002 6.5000000000000009 4.9207779672608334 0.64202719841342637 5.6136670051882271 1.2905523861338477 5.5000000000000009 23.500000000000004 21.500000000000004 -1.3663842572693345 5.8911258848236683 -0.78075126073626044 4.7720400331370492 297.00000000000006 0.14155204026814269 21.589410675069356 8.5000000000000018 0.071444036019819121 2.5000000000000004 0.31425023573518612 289.00000000000006 48.000000000000007 1.1119986890868603
decision_type=2 2 2 2 2 2 2 2 2 2 2 2 2 2 2 2 2 2 2 2 2 2 2 2 2 2 2 2 2 2
left_child=2 9 5 17 7 6 -1 8 -5 11 16 -2 -13 -14 15 -15 -11 18 19 20 21 -4 27 25 -25 -24 -26 28 -20 -29
right_child=1 -3 3 4 -6 -7 -8 -9 -10 10 -12 12 13 14 -16 -17 -18 -19 22 -21 -22 -23 23 24 26 -27 -28 29 -30 -31
leaf_value=0.0035045563290184174 0.00052047838391352619 0.0011196433285788206 0.00052268439423668945 -0.0018106103652361372 0.0024328473253145901 -0.0001992933277641588 -0.0026971829883924037 -0.0021599400819031682 0.0010705908332182587 0.0014070176519405519 0.0020205530931692592 0.0014164322470842936 -0.00058167726030713875 -0.0031596419382135693 -0.0075280379248283324 0.0073229578745060203 -0.00039339685568396581 -0.00076963305620774466 -0.00014831850054447285 0.00018968149050899551 -0.0021146942260851158 -0.00013290280222932952 -0.0025099208196162483 0.0022371352577930147 0.00040480727040675013 -0.00025303393060253828 -0.00022346476924838427 0.00075829523620381516 0.0078215245040901878 -0.0017847392137504015
leaf_weight=268 79191 1266 4156 150 145 4147 4925 339 141 87 51 1946 7771 817 334 86 18055 2757 65398 20122 431 24536 546 361 11667 6584 5416 1423 176 116
leaf_count=268 79191 1266 4156 150 145 4147 4925 339 141 87 51 1946 7771 817 334 86 18055 2757 65398 20122 431 24536 546 361 11667 6584 5416 1423 176 116
internal_value=-2.68013e-05 0.000243788 -0.000219629 -0.000156301 -0.00354839 -0.00119914 -0.00206239 -0.00539682 -0.00161512 0.000211746 -0.00037157 0.00032947 -0.000459192 -0.000889208 -0.00338723 -0.00183832 -0.000410097 -0.000138005 -0.000106717 0.000200021 -0.000177178 -0.000109437 -0.000271466 0.000226664 0.000729192 -0.0010028 0.000605281 -0.00045386 -0.000509805 0.00192983
internal_weight=263408 109604 153804 144464 775 9340 5193 630 291 108338 18193 90145 10954 9008 1237 903 18142 143689 140932 49245 29123 28692 91687 24574 17444 7130 17083 67113 65574 1539
internal_count=263408 109604 153804 144464 775 9340 5193 630 291 108338 18193 90145 10954 9008 1237 903 18142 143689 140932 49245 29123 28692 91687 24574 17444 7130 17083 67113 65574 1539
is_linear=0
shrinkage=0.05


Tree=103
num_leaves=31
num_cat=0
split_feature=14 3 2 27 11 16 24 22 19 16 23 24 5 24 27 24 29 21 29 22 13 13 0 11 19 11 5 26 27 29
split_gain=6.92858 5.11606 3.32718 4.1995 3.37116 4.90964 4.11823 3.98828 8.51623 3.81893 3.35646 2.77549 2.7571 2.75688 5.12663 4.67935 5.12937 4.82248 5.61715 4.56999 3.08346 3.87955 4.30586 3.767 3.08038 3.07154 3.02357 2.82941 2.71476 2.71129
threshold=0.47208130956771455 0.57855146471576868 0.28095529801130953 26.500000000000004 0.68523801880228752 2.5910601580427728 2.5000000000000004 2.5000000000000004 3.9452785422853376 0.96746471571845671 1.5000000000000002 2.5000000000000004 3.9776275099879572 5.5000000000000009 22.500000000000004 14.500000000000002 -1.9534123769382994 35.500000000000007 -0.47967793934772801 14.500000000000002 0.83336146168774683 0.096443316851717906 5.0085047394125981 1.0267070413001731 13.649118268291653 7.7460203531220992 3.6796983145944195 1.0000000180025095e-35 32.500000000000007 -1.1313414534795427
decision_type=2 2 2 2 2 2 2 2 2 2 2 2 2 2 2 2 2 2 2 2 2 2 2 2 2 2 2 2 2 2
left_child=12 2 4 11 5 -2 -7 8 -6 -10 -8 -4 -1 14 -9 17 -17 18 27 24 21 22 -18 -23 -16 -25 -19 -15 -21 -14
right_child=1 -3 3 -5 7 6 10 13 9 -11 -12 -13 29 15 19 16 20 26 -20 28 -22 23 -24 25 -26 -27 -28 -29 -30 -31
leaf_value=-0.00014979077945754732 2.0493481792280024e-05 -0.0016912567510737346 -0.0017097527736318525 0.0016093626149885892 0.0046561951816722399 -0.0018578198945030724 0.0002245522497061834 0.00024607751927713549 0.0012713592617853327 -0.0011473746475638388 -0.00045663210095919993 0.00085038686649421781 0.0011159643098920488 -0.0015161588977455594 0.0017167782915395004 0.0036403968828321366 0.0008343175073090587 0.00090920986557224345 0.00015823460969645258 0.0014201571297028752 0.00049088781288081818 0.00072372081906150836 -7.6024576241717119e-05 -0.00024670765590828481 -0.00023373800012459097 0.0015312188113351076 -0.00090270911864066882 -0.0086030336179908524 -0.0021698809404393396 -0.0010904880505531198
leaf_weight=84717 91026 523 1764 278 127 992 3659 4054 805 2533 9218 22978 177 3961 81 194 2152 1168 5852 1521 7160 4756 1694 8695 784 234 178 386 103 1929
leaf_count=84717 91026 523 1764 278 127 992 3659 4054 805 2533 9218 22978 177 3961 81 194 2152 1168 5852 1521 7160 4756 1694 8695 784 234 178 386 103 1929
internal_value=-4.08788e-05 0.000138686 0.00015333 0.000687451 6.50234e-05 -9.19956e-05 -0.000968345 0.000419701 -0.00121212 -0.00169562 -0.000729206 0.000618787 -0.000406688 0.000551278 0.00149626 0.000381555 0.000767532 -0.00045041 -0.000821648 0.00328244 0.000703901 0.000346815 0.00174987 -4.74961e-05 0.000346822 -0.000652927 0.00236256 -0.00218311 0.00484606 -0.00219373
internal_weight=263699 176876 176353 25020 151333 104895 13869 46438 3465 3338 12877 24742 86823 42973 6543 36430 24885 11545 10199 2489 24691 17531 3846 13685 865 8929 1346 4347 1624 2106
internal_count=263699 176876 176353 25020 151333 104895 13869 46438 3465 3338 12877 24742 86823 42973 6543 36430 24885 11545 10199 2489 24691 17531 3846 13685 865 8929 1346 4347 1624 2106
is_linear=0
shrinkage=0.05


Tree=104
num_leaves=31
num_cat=0
split_feature=19 27 19 24 27 11 0 28 7 18 0 3 24 1 19 3 24 17 7 0 0 17 6 1 28 19 11 6 18 0
split_gain=4.76092 4.27895 6.94326 6.77061 8.30373 6.5334 5.05579 6.6187 5.26159 4.93507 5.73811 4.75819 4.46417 4.11869 3.84937 4.05806 3.83935 4.11247 3.77638 3.67649 3.52371 4.44019 3.28998 3.07834 2.99723 2.98284 2.92573 2.85771 3.48506 3.62045
threshold=13.092417466507916 27.500000000000004 59.99486014821899 7.5000000000000009 35.500000000000007 0.23508516446072983 4.9340266432096351 8.5000000000000018 0.9803289451963112 11.475555918351697 5.1022775351308658 0.12909294262910034 2.5000000000000004 285.00000000000006 22.949364118069074 -0.50687289927025303 6.5000000000000009 4.5000000000000009 1.2225928741084042 5.1162374101960539 4.4439066730957402 5.5000000000000009 0.6319093243038475 201.00000000000003 8.5000000000000018 41.617910341718854 0.1258197370003489 0.77820522768792799 72.055489930407177 4.6568054714595153
decision_type=2 2 2 2 2 2 2 2 2 2 2 2 2 2 2 2 2 2 2 2 2 2 2 2 2 2 2 2 2 2
left_child=13 20 3 4 9 19 7 8 -4 10 25 12 -8 -1 -7 -16 -10 -18 -11 -5 21 -2 -13 -19 -14 -3 -25 28 -22 -30
right_child=1 2 6 5 -6 14 11 -9 16 18 -12 22 24 -15 15 -17 17 23 -20 -21 27 -23 -24 26 -26 -27 -28 -29 29 -31
leaf_value=0.00014711815829419352 0.0096119747323885479 0.00049612803018933267 -0.0011993298716361771 -0.0030522307460897143 -0.0045361186335727329 0.00073283611420604724 -0.0018448925655598848 0.0025414012881519767 0.0015237797200352886 -0.0014460072004002032 -0.0021699461536941202 -9.5753570863587754e-05 0.00074810200579503009 0.0015856157045713892 -0.0018372894774421869 0.00032547165099300161 -0.0080637370631896771 0.0030315839848157724 0.0020594594743510121 0.00025084951723691029 -6.9733725223389376e-05 -0.0031233425861673329 -0.001609593405813736 -0.0063348671068294829 -0.00030195568741483894 0.0016079466010295756 0.00016189538381642749 9.5060801956986009e-05 -0.0041776022851658318 0.00019460951431373897
leaf_weight=88054 52 980 3534 2166 273 596 119 329 557 1363 113 724 2416 2654 1665 645 250 309 133 253 107950 2941 119 87 234 335 608 43233 453 338
leaf_count=88054 52 980 3534 2166 273 596 119 329 557 1363 113 724 2416 2654 1665 645 250 309 133 253 107950 2941 119 87 234 335 608 43233 453 338
internal_value=-2.22393e-05 -0.00017624 -0.000910264 -0.00194086 -0.000121988 -0.00303286 3.55386e-05 -0.000895311 -0.00131899 0.000656636 0.0027591 0.00149779 0.0024991 0.000271091 -0.00143496 -0.00235931 0.000872447 -0.000661881 -0.00135027 -0.00495246 -9.18893e-05 -0.00179084 -0.00179122 0.000766933 0.00292453 0.00368821 -0.00107914 -5.84299e-05 -0.000195141 -0.0035019
internal_weight=263483 172775 17808 8522 3197 5325 9286 5674 5345 2924 1428 3612 2769 90708 2906 2310 1811 1254 1496 2419 154967 2993 843 1004 2650 1315 695 151974 108741 791
internal_count=263483 172775 17808 8522 3197 5325 9286 5674 5345 2924 1428 3612 2769 90708 2906 2310 1811 1254 1496 2419 154967 2993 843 1004 2650 1315 695 151974 108741 791
is_linear=0
shrinkage=0.05


Tree=105
num_leaves=31
num_cat=0
split_feature=29 21 24 24 0 19 27 24 18 27 23 4 0 24 29 19 29 28 27 27 24 16 19 23 29 0 23 4 4 21
split_gain=4.53441 10.3012 7.34472 5.64012 4.15612 5.28523 4.12078 3.81524 6.92988 5.18875 3.44823 5.50428 3.90378 7.31601 5.74283 3.7102 3.38969 4.46618 3.77249 4.08187 3.56057 3.63583 3.36186 3.34615 3.3925 3.17626 2.81993 3.41444 4.18308 5.12259
threshold=-2.8294749043545768 33.500000000000007 7.5000000000000009 15.500000000000002 4.4236054436470065 33.433507884216034 25.500000000000004 10.500000000000002 59.307370038592801 29.500000000000004 4.5000000000000009 0.34815453743149882 4.5923386465912319 3.5000000000000004 4.4656086771559433 7.2042630928180795 -0.60559424458584032 35.500000000000007 16.500000000000004 13.500000000000002 30.500000000000004 0.062328094572605311 55.034487268139024 1.5000000000000002 -0.34163659229328819 4.6786224635956151 2.5000000000000004 0.37130062653243162 -0.16722052797247425 28.500000000000004
decision_type=2 2 2 2 2 2 2 2 2 2 2 2 2 2 2 2 2 2 2 2 2 2 2 2 2 2 2 2 2 2
left_child=1 2 6 25 5 -2 -1 8 9 10 11 -6 13 14 -12 -13 18 20 19 -7 21 -18 -23 -17 -25 -4 27 28 29 -9
right_child=4 -3 3 -5 7 16 -8 26 -10 -11 12 15 -14 -15 -16 23 17 -19 -20 -21 -22 22 -24 24 -26 -27 -28 -29 -30 -31
leaf_value=0.0011573256689126376 0.0011199600505594359 0.00091599326915011879 -0.019267408793702895 0.003908095043172969 -0.00023213124736387128 -0.0038381892684115747 -0.004777805919415126 -0.00026513543766544295 -0.0032753875501656867 -0.001059403178319392 0.0052455931641065198 0.0073648297489123677 0.00015368229955925198 -0.0023288735389803989 -0.00059516328574285592 -0.0013052672343245478 0.0076973117818861722 -0.010043260210553065 -0.0089284849306052374 0.0060054080719958063 0.013899733092468475 -0.0058458618131529251 0.001366209076921794 0.0083179772590027939 0.0027348161494540855 -0.0060499246695520092 1.0087755872735278e-05 0.0027443181704586562 1.7036046499351283e-06 0.00033557424520745373
leaf_weight=707 972 1328 842 51 44238 274 202 3844 1105 4213 331 444 19636 409 143 1551 86 66 603 85 71 418 457 72 2648 1055 104394 5218 41454 26702
leaf_count=707 972 1328 842 51 44238 274 202 3844 1105 4213 331 444 19636 409 143 1551 86 66 603 85 71 418 457 72 2648 1055 104394 5218 41454 26702
internal_value=1.98025e-05 -0.0016129 -0.00330416 -0.00503593 4.61401e-05 -0.00179419 0.000407042 6.79024e-05 -0.00023265 -0.000173711 -7.03869e-05 -0.000298448 0.000473708 0.00372594 0.00795359 0.00132556 -0.00322815 -0.00132969 -0.00539501 -0.00133705 -0.000523255 -0.00132154 -0.00228571 0.000873333 0.00193015 -0.00547707 0.000191674 0.000420758 0.000331251 0.000775225
internal_weight=263619 4185 2857 1948 259434 3032 909 256402 74790 73685 69472 48953 20519 883 474 4715 2060 1098 962 359 1032 961 875 4271 2720 1897 181612 77218 72000 30546
internal_count=263619 4185 2857 1948 259434 3032 909 256402 74790 73685 69472 48953 20519 883 474 4715 2060 1098 962 359 1032 961 875 4271 2720 1897 181612 77218 72000 30546
is_linear=0
shrinkage=0.05


Tree=106
num_leaves=31
num_cat=0
split_feature=18 24 0 19 17 12 28 17 4 6 23 11 22 19 22 13 13 18 16 28 0 0 20 24 4 0 8 19 6 24
split_gain=4.20529 5.88669 3.819 4.03865 3.88373 4.11166 3.7542 3.28101 3.30702 3.11929 3.1464 3.0937 6.25641 5.36314 4.42599 3.12429 3.89563 3.1608 3.14902 3.05796 2.98265 4.14768 4.72575 3.77007 3.87587 3.52056 3.02356 2.80712 2.76974 4.77843
threshold=59.307370038592801 2.5000000000000004 4.5311910660572687 33.433507884216034 8.5000000000000018 0.76641719927060337 37.500000000000007 7.5000000000000009 -0.0026367823870712538 0.22320801805690918 3.5000000000000004 0.62998908618352434 2.5000000000000004 16.276638782866737 29.500000000000004 0.018644057129502966 0.7945753853909544 54.342627197387607 1.2489986561424047 5.5000000000000009 5.446138084545372 5.5436514665010481 0.13000030240800911 24.500000000000004 0.16435227740156297 5.5652581246838251 0.45722708719127098 2.6707671678651699 1.1946444290514382 14.500000000000002
decision_type=2 2 2 2 2 2 2 2 2 2 2 2 2 2 2 2 2 2 2 2 2 2 2 2 2 2 2 2 2 2
left_child=2 -2 3 4 5 -1 11 -8 -9 19 -11 20 13 27 15 -14 17 18 -17 -6 -4 -22 23 24 25 -23 -25 -13 -16 -30
right_child=1 -3 6 -5 9 -7 7 8 -10 10 -12 12 14 -15 28 16 -18 -19 -20 -21 21 22 -24 26 -26 -27 -28 -29 29 -31
leaf_value=-0.0048609246769273163 -0.0066755095145587477 -0.00051978374352238982 -5.5687204522640181e-05 -0.0022240344449515909 -0.00091411190343192823 0.007728089694902557 -0.0011204998462550067 0.0042215350558543665 -0.0024139597652026151 -0.0014900161048847604 0.0026222036959258708 0.0023868815038978956 0.00076673686591816992 -0.0014201205342336176 -2.6063391396855831e-05 0.00055295284042317452 0.00047855302256875806 0.0020306273397762507 -0.00011119341786628853 0.0020980706775749498 0.0013459039582601282 0.0056856598500141971 0.001643448086044874 -0.0052263263460509447 -0.00085236284688901861 0.00061428523713088351 -0.0015976412616687079 0.000224028244645992 -0.0034591568493979731 0.0001818648467745074
leaf_weight=520 397 4823 142799 5238 72 159 638 75 68 1404 1149 59 4452 2495 6509 15527 12017 282 13603 312 20509 265 5722 918 8783 7111 3971 1710 966 874
leaf_count=520 397 4823 142799 5238 72 159 638 75 68 1404 1149 59 4452 2495 6509 15527 12017 282 13603 312 20509 265 5722 918 8783 7111 3971 1710 966 874
internal_value=-2.21681e-05 -0.0014272 6.2365e-06 -0.00101423 0.000271019 -0.00313696 4.24711e-05 -0.00341869 0.00342657 0.0010589 0.00042695 5.33459e-05 0.000371321 -0.00147279 0.000516321 0.000709009 0.000573754 0.000263839 0.00021284 0.00526042 -4.45069e-05 0.000299711 -0.000110197 -0.000456574 -8.84944e-05 0.000756509 -0.00167314 0.000633127 -0.000542579 -0.00225543
internal_weight=263427 5220 258207 8854 3616 679 249353 781 143 2937 2553 248572 58494 4264 54230 45881 41429 29412 29130 384 190078 47279 26770 21048 16159 7376 4889 1769 8349 1840
internal_count=263427 5220 258207 8854 3616 679 249353 781 143 2937 2553 248572 58494 4264 54230 45881 41429 29412 29130 384 190078 47279 26770 21048 16159 7376 4889 1769 8349 1840
is_linear=0
shrinkage=0.05


Tree=107
num_leaves=31
num_cat=0
split_feature=26 29 24 27 28 24 0 27 17 27 24 4 18 29 27 2 24 28 22 18 0 27 24 1 22 1 29 29 11 24
split_gain=4.26895 4.1841 5.42533 4.07022 5.85135 5.15466 8.49892 5.45993 6.46293 5.04414 5.66963 4.96468 5.44247 4.73646 4.54319 3.81028 3.80224 3.74303 3.50922 5.5478 3.56051 3.44058 3.40712 3.33125 3.20701 4.79903 3.15278 3.15479 3.11372 3.0663
threshold=1.0000000180025095e-35 -1.1598050193827298 15.500000000000002 27.500000000000004 4.5000000000000009 7.5000000000000009 5.0517303177099064 31.500000000000004 8.5000000000000018 33.500000000000007 13.500000000000002 -0.16333323227328525 6.1663099423067758 -1.1598050193827298 28.500000000000004 -0.26431213785416402 14.500000000000002 37.500000000000007 18.500000000000004 14.189292361214495 5.1162374101960539 8.5000000000000018 24.500000000000004 177.00000000000003 7.5000000000000009 121.00000000000001 -1.0000000180025095e-35 -0.8261228501704635 5.1610951398969211 9.5000000000000018
decision_type=2 2 2 2 2 2 2 2 2 2 2 2 2 2 2 2 2 2 2 2 2 2 2 2 2 2 2 2 2 2
left_child=3 2 21 17 5 7 9 8 18 10 -7 -8 -13 14 -6 -9 -12 29 19 24 28 -2 -3 -4 25 -5 27 -18 -20 -1
right_child=1 22 23 4 13 6 11 15 -10 -11 16 12 -14 -15 -16 -17 26 -19 20 -21 -22 -23 -24 -25 -26 -27 -28 -29 -30 -31
leaf_value=-8.4597692143306106e-05 -0.021473694929958403 -5.8385419639835838e-05 0.0020454518461905809 -0.00046804139486185072 -0.0022418066021299885 -0.0067488575320317004 0.0019706012693109418 -0.0031642719953360377 -0.0035773536502018651 -0.00027413847751598969 0.0029356275917185671 -0.00075867510249284559 0.00028812522856435491 -1.7529874379517851e-05 0.0028269176899870614 0.0011601803956142089 -2.5874304594156053e-05 -0.00088845384240342868 0.0011828376076574673 -0.00093126927919743349 -0.0016283225418381318 -0.0014342574989199771 -0.001095312042911368 -0.0019609129486180899 0.00096421894887497434 0.00020673082406800458 0.0031688145426979918 -0.0016399931966966581 0.0045909173754485819 0.00011154352437494845
leaf_weight=62085 564 12765 234 158 240 2508 173 763 711 2069 144 307 950 4991 971 239 710 1283 1405 887 88 239 5484 246 634 492 103 1474 58 160758
leaf_count=62085 564 12765 234 158 240 2508 173 763 711 2069 144 307 950 4991 971 239 710 1283 1405 887 88 239 5484 246 634 492 103 1474 58 160758
internal_value=-4.96595e-06 -0.000716259 -0.00347623 5.19256e-05 -0.000630136 -0.00120089 -0.0019744 1.19209e-09 0.000753441 -0.00269121 -0.00355942 0.00153846 0.000445506 0.000646567 0.00345169 -0.00333333 -0.00183875 0.000113018 0.00158786 0.00029019 0.00340426 -0.00599004 -0.000522219 0.000729168 0.00239097 -7.69219e-05 -0.00233494 -0.00273809 0.0039918 0.000128522
internal_weight=263733 19532 1283 244201 20075 13873 8438 5435 4433 7008 4939 1430 1257 6202 1211 1002 2431 224126 3722 2171 1551 803 18249 480 1284 650 2287 2184 1463 222843
internal_count=263733 19532 1283 244201 20075 13873 8438 5435 4433 7008 4939 1430 1257 6202 1211 1002 2431 224126 3722 2171 1551 803 18249 480 1284 650 2287 2184 1463 222843
is_linear=0
shrinkage=0.05


Tree=108
num_leaves=31
num_cat=0
split_feature=0 28 6 22 3 1 0 22 19 27 16 24 24 20 7 28 27 18 1 19 18 22 24 27 29 6 19 28 17 24
split_gain=4.26351 3.94242 4.23415 5.26216 4.06138 4.04066 3.85381 3.34449 11.8754 5.94925 5.89763 4.78794 7.27688 9.9299 5.70657 4.66027 4.45534 4.3757 5.84478 4.03038 3.83042 3.73615 3.44147 5.3929 4.67912 4.70315 4.0887 4.22776 3.85963 6.88817
threshold=4.811192744896907 1.5000000000000002 0.022843246169900296 3.5000000000000004 -1.2191137675399151 265.00000000000006 4.3036100609115797 3.5000000000000004 0.65023692081831774 22.500000000000004 0.30551806925362596 5.5000000000000009 27.500000000000004 0.020434079988732284 0.39966322770451418 4.5000000000000009 32.500000000000007 15.849253963480669 253.00000000000003 38.324239405701839 34.597550769338447 18.500000000000004 14.500000000000002 1.5000000000000002 -1.9534123769382994 1.3722081430078681 52.822078734317309 25.500000000000004 4.5000000000000009 8.5000000000000018
decision_type=2 2 2 2 2 2 2 2 2 2 2 2 2 2 2 2 2 2 2 2 2 2 2 2 2 2 2 2 2 2
left_child=1 4 3 5 -1 -3 -4 8 10 22 -8 -11 15 17 -15 16 -13 18 19 -14 -18 -19 23 -9 25 -24 27 -26 29 -25
right_child=-2 2 6 -5 -6 -7 7 9 -10 11 -12 12 13 14 -16 -17 20 21 -20 -21 -22 -23 24 28 26 -27 -28 -29 -30 -31
leaf_value=0.0009794938557053563 3.6500354129189731e-05 0.00042340115122523216 -0.006417295476595814 -0.0010503429034626807 -0.0012092566410739141 -0.00017875819520204685 -0.00012991655549501996 0.0013768612930940588 -0.00060396504761382308 0.00075591899884737922 0.003243452110977635 -0.0022129028314967626 0.00018154557580412649 0.0077549014012159917 -0.0020136255152006142 0.00010491426025075211 -0.00089421732338166053 4.5488829697766955e-05 0.0022522461310038001 0.0017536440147661444 0.0026710492511901633 0.0019363234376012586 0.00090185103284826031 0.00035701061100822508 -0.00014169105373251512 0.0041768956726614707 0.00013502565611140291 -0.0013986567061725812 -0.00079654480680846308 -0.0059672119226417703
leaf_weight=512 184634 144 893 1579 3864 83 50 1534 9829 4994 114 2063 507 125 1474 4660 402 1130 497 265 200 720 367 921 10322 116 17461 2078 10120 2187
leaf_count=512 184634 144 893 1579 3864 83 50 1534 9829 4994 114 2063 507 125 1474 4660 402 1130 497 265 200 720 367 921 10322 116 17461 2078 10120 2187
internal_value=-5.57133e-05 -0.000362575 -0.000277275 -0.00266888 -0.0018213 0.00444934 -0.000218131 -0.000177719 -0.00102672 -4.11941e-05 0.0123171 0.000754829 0.000215064 0.0017465 -0.00145716 -0.00077133 -0.00243902 0.00338891 0.00565012 0.00292746 0.00134552 0.00183784 -0.00034186 -0.000968025 -3.72385e-05 0.00484472 -0.000116204 -0.000810483 -0.00129347 -0.00283462
internal_weight=263845 79211 74835 1806 4376 227 73029 72136 9993 62143 164 17037 12043 4718 1599 7325 2665 3119 1269 772 602 1850 45106 14762 30344 483 29861 12400 13228 3108
internal_count=263845 79211 74835 1806 4376 227 73029 72136 9993 62143 164 17037 12043 4718 1599 7325 2665 3119 1269 772 602 1850 45106 14762 30344 483 29861 12400 13228 3108
is_linear=0
shrinkage=0.05


Tree=109
num_leaves=31
num_cat=0
split_feature=3 2 14 20 1 18 24 2 16 7 11 24 24 0 16 18 0 27 18 24 24 16 15 24 2 0 0 18 3 27
split_gain=4.93433 4.07315 4.21897 3.48928 3.24263 3.95428 4.79253 3.06859 3.19758 2.95481 2.83291 2.66619 2.96487 5.96771 2.91476 2.8706 2.81344 2.59251 2.6794 2.65308 2.74556 2.62846 2.58336 2.51098 2.4938 2.48272 3.44131 2.43366 4.75313 2.72888
threshold=0.50151335931805185 0.18574130785540569 0.47208130956771455 0.020434079988732284 233.00000000000003 62.107379387004379 2.5000000000000004 -2.3393985211825945 2.1080384028709802 1.2773628707378741 0.32212972508528631 16.500000000000004 10.500000000000002 4.8066698993475034 3.865127940442854 35.316506877593163 4.8459066944144054 12.500000000000002 35.316506877593163 25.500000000000004 9.5000000000000018 1.5418530610367169 14.500000000000002 29.500000000000004 -0.5419160464981404 5.0376407589987657 5.4636711999144145 16.609445237400408 -1.3614950226440257 15.500000000000002
decision_type=2 2 2 2 2 2 2 2 2 2 2 2 2 2 2 2 2 2 2 2 2 2 2 2 2 2 2 2 2 2
left_child=1 2 -1 -3 -4 7 -7 27 9 -9 -10 12 15 14 -14 24 -13 21 19 20 -19 -11 -5 -8 -12 -2 -27 28 -6 -30
right_child=25 3 4 22 5 6 23 8 10 17 11 16 13 -15 -16 -17 -18 18 -20 -21 -22 -23 -24 -25 -26 26 -28 -29 29 -31
leaf_value=-0.00013836318382996041 -0.0016296810415727522 -0.0014215461025953071 -1.721827720738686e-05 0.00057355919534317346 -0.0037745585933809619 -0.0082025786973923317 -4.5434131340512419e-05 0.00049540505592348273 -0.00040937661056992218 -0.0017170668988229832 0.00093890511177346459 1.7103879055348151e-05 -0.00045321827970884747 0.0042835528986684074 0.0023810139025037952 -0.0014451500591390809 -0.0012297438726708316 0.0019314593951103608 0.0035535528326575156 0.0026864377827598485 -0.0012484093920277538 0.0049667094315775095 -0.00095609570799465098 -0.0021939317228064372 -0.0041446266591674327 0.00094373259161022963 -0.002961934762774383 0.00066221649378158135 0.0011791819264225243 0.0023569824954207206
leaf_weight=63845 992 2284 110853 51930 64 124 951 16596 3819 79 896 3675 420 117 392 442 250 53 56 103 94 76 2454 167 70 621 1545 612 103 153
leaf_count=63845 992 2284 110853 51930 64 124 951 16596 3819 79 896 3675 420 117 392 442 250 53 56 103 94 76 2454 167 70 621 1545 612 103 153
internal_value=1.39493e-05 3.77489e-05 -6.64171e-05 0.000412756 8.70415e-05 0.000554723 -0.00220612 0.00067688 0.00058 0.000997246 -0.000125978 0.000528586 0.00186564 0.00405813 0.00253695 0.000419035 -0.000267515 0.00494577 0.00761438 0.0054 0.00108844 -0.000322579 0.000493161 -0.00117173 0.00194617 -0.0019506 -0.00100185 0.00349786 0.00703125 0.0100781
internal_weight=263836 260678 204010 56668 140165 29312 1242 28070 27138 17057 10081 6262 2337 929 812 1408 3925 461 306 250 147 155 54384 1118 966 3158 2166 932 320 256
internal_count=263836 260678 204010 56668 140165 29312 1242 28070 27138 17057 10081 6262 2337 929 812 1408 3925 461 306 250 147 155 54384 1118 966 3158 2166 932 320 256
is_linear=0
shrinkage=0.05


Tree=110
num_leaves=31
num_cat=0
split_feature=0 18 7 13 28 2 24 28 24 24 0 29 21 0 22 29 27 27 21 28 20 21 24 22 0 20 24 29 20 11
split_gain=4.16517 4.74674 4.47497 3.64553 3.59162 3.31821 3.31345 3.31254 2.9875 4.41534 12.5904 7.26359 6.16024 7.25696 12.2892 7.18897 7.02739 9.55477 7.4191 8.10875 5.68496 5.52526 4.85779 4.73792 4.37838 5.6077 4.32294 4.31606 4.29496 4.06716
threshold=4.5311910660572687 1.9412876566259316 0.87497562840561416 2.2229169089524765 37.500000000000007 -0.011254511265596687 16.500000000000004 3.5000000000000004 10.500000000000002 6.5000000000000009 4.8255613764400245 -0.70794970971420623 35.500000000000007 5.0448809385801114 6.5000000000000009 -1.0546084750942197 2.5000000000000004 18.500000000000004 28.500000000000004 21.500000000000004 0.84247624802388754 31.500000000000004 3.5000000000000004 1.5000000000000002 4.6851294144313123 0.71035507685852217 9.5000000000000018 -1.0546084750942197 0.0076001376790149179 0.50261765992928742
decision_type=2 2 2 2 2 2 2 2 2 2 2 2 2 2 2 2 2 2 2 2 2 2 2 2 2 2 2 2 2 2
left_child=1 2 5 7 8 6 -1 -3 9 12 11 20 13 14 23 -14 21 18 19 27 24 22 -16 -2 25 26 -11 -18 -12 -19
right_child=4 3 -4 -5 -6 -7 -8 -9 -10 10 28 -13 15 -15 16 -17 17 29 -20 -21 -22 -23 -24 -25 -26 -27 -28 -29 -30 -31
leaf_value=0.0036452890619643047 -0.00053799797845011771 -0.0052653921432874043 -0.0046165588199816457 0.0024301861989233392 -0.00072066851333482283 0.00017873450562805733 0.0022843767559784355 -0.0014805591414558694 8.1203488874930895e-05 -0.0021226013927340762 0.002288674610866901 -0.0061303296939755458 0.00039107466501838399 -0.00018876364590004685 0.00097142838325468698 -0.0010939877455413049 0.0035301333928145044 0.00033895905817827253 -0.0016148524932225344 0.0031125589628969979 -0.0086710560744697584 -0.0025936536264521866 0.0023171814655946177 -8.8578953403463333e-05 0.00046582741634482671 0.011527052997279687 -0.01001645717432917 -0.0039424498871579753 -0.0001398253571543769 0.00099591544445182018
leaf_weight=126 534 1204 66 547 785 203 142 7100 177344 1280 606 2592 1689 24884 352 3299 118 6450 1794 284 413 114 776 3270 2580 138 588 255 21411 3172
leaf_count=126 534 1204 66 547 785 203 142 7100 177344 1280 606 2592 1689 24884 352 3299 118 6450 1794 284 413 114 776 3270 2580 138 588 255 21411 3172
internal_value=2.66183e-05 -0.00100767 0.0035568 -0.0012846 6.47369e-05 0.00526539 0.00891791 -0.00154504 7.51755e-05 -0.000185771 -0.000664009 -0.00241997 0.000115555 0.000312836 0.00110521 -0.00154571 0.00182126 0.00145283 -0.00133415 0.00321157 -0.00130626 0.00540258 0.00646277 -0.00140116 -0.00080026 -0.00255234 -0.00327088 -0.00163539 -5.85899e-05 0.00216275
internal_weight=264116 9388 537 8851 254728 471 268 8304 253943 76599 29608 7591 46991 42003 17119 4988 13315 12073 2451 657 4999 1242 1128 3804 4586 2006 1868 373 22017 9622
internal_count=264116 9388 537 8851 254728 471 268 8304 253943 76599 29608 7591 46991 42003 17119 4988 13315 12073 2451 657 4999 1242 1128 3804 4586 2006 1868 373 22017 9622
is_linear=0
shrinkage=0.05


Tree=111
num_leaves=31
num_cat=0
split_feature=18 17 14 6 27 13 11 29 24 5 28 29 0 28 4 0 18 27 11 24 8 3 2 21 7 5 18 3 29 6
split_gain=3.43577 3.90542 3.75714 3.3325 4.21925 3.69384 3.62724 3.24595 3.30059 4.35462 2.99641 2.84834 2.70517 3.82618 4.04778 2.80825 3.23574 2.67349 2.65576 2.54656 2.56727 2.47253 2.42507 2.51706 2.38653 3.17675 2.60371 3.54124 2.63245 2.55504
threshold=3.7538778984807712 7.5000000000000009 0.49877466842308094 0.19599727362273558 27.500000000000004 1.4200759745327287 0.23294148064502915 5.8911258848236683 4.5000000000000009 1.8955486089219573 22.500000000000004 4.8373071902499918 4.7324720776733296 12.500000000000002 -0.16722052797247425 5.6492764668392832 1.2139476720512721 39.500000000000007 0.14366611179587643 6.5000000000000009 2.618283908619643 -1.1608654100088913 -1.7070389538898059 40.500000000000007 0.32697226246320371 0.36955847803969871 2.0038796786137936 0.11461509136311218 0.33712623919258983 0.69962965523830956
decision_type=2 2 2 2 2 2 2 2 2 2 2 2 2 2 2 2 2 2 2 2 2 2 2 2 2 2 2 2 2 2
left_child=1 12 3 6 5 -5 10 11 9 -9 -2 -4 13 22 -15 17 -17 24 -13 -12 -21 -20 -1 -24 29 26 -26 28 -28 -14
right_child=2 -3 7 4 -6 -7 -8 8 -10 -11 19 18 15 14 -16 16 -18 -19 21 20 -22 -23 23 -25 25 -27 27 -29 -30 -31
leaf_value=0.0015623269968690658 2.3537537565024435e-05 0.0006978279482612803 7.3644552149549694e-06 -0.00037875630267077435 -0.001183236910600165 0.00081265240186622798 0.00064501841646747132 -0.0049981613815626783 -0.00034561367808553617 0.0019429961970934637 0.00031618669588632256 0.0018293119845060189 -0.00016807510784689882 -0.0016551547136286937 0.003107484414385831 0.0017436646101346061 -0.0021854021332446899 -0.003045758328618284 0.0029180531356228336 -0.00053764945516164575 -0.0047461839107110467 7.4984631121669776e-05 -0.00018433966761739078 0.003176379166824696 0.00017598910461328745 0.00022725621206212557 0.0059034648663104025 -0.0010758475173988263 -0.0070677947226770862 -0.0079048856805438491
leaf_weight=101 14042 2928 105684 32627 4174 1489 2833 308 1301 89 569 278 22609 1500 108 675 3078 71 104 3228 51 728 954 93 650 62692 620 185 52 85
leaf_count=101 14042 2928 105684 32627 4174 1489 2833 308 1301 89 569 278 22609 1500 108 675 3078 71 104 3228 51 728 954 93 650 62692 620 185 52 85
internal_value=-2.43257e-05 0.000213484 -0.000161188 -0.000482265 -0.000758683 -0.000575096 2.8472e-05 1.34584e-05 -0.00215548 -0.00614609 -0.000234767 4.7944e-05 0.000157159 -0.00138607 -0.0029602 0.000204042 -0.00113509 0.000261834 0.00256757 -0.00147089 -0.00200671 0.00115385 0.000818817 0.000105063 0.000269758 0.000425553 0.0026941 0.00450409 0.00619048 -0.000170969
internal_weight=263906 96401 167505 59013 38290 34116 20723 108492 1698 397 17890 106794 93473 2756 1608 90717 3753 86964 1110 3848 3279 832 1148 1047 86893 64199 1507 857 672 22694
internal_count=263906 96401 167505 59013 38290 34116 20723 108492 1698 397 17890 106794 93473 2756 1608 90717 3753 86964 1110 3848 3279 832 1148 1047 86893 64199 1507 857 672 22694
is_linear=0
shrinkage=0.05


Tree=112
num_leaves=31
num_cat=0
split_feature=14 9 8 6 18 22 4 21 14 7 6 29 16 16 12 1 1 21 0 14 13 12 18 22 27 18 22 27 21 20
split_gain=3.8646 3.11171 2.76054 3.13449 5.69591 6.12346 4.45823 3.8642 4.97372 6.04767 3.5579 3.23598 3.19879 2.79818 2.87272 2.61364 2.57083 3.67293 2.53427 2.43057 2.48176 2.39549 2.55912 4.05621 4.42889 2.96962 3.3277 3.07586 3.31977 2.9689
threshold=0.46434268168038045 0.7814472880881026 0.66576211016352849 1.9524119417911521 15.13058039051147 21.500000000000004 -0.53144464011021608 31.500000000000004 6.7147199614869111 0.8166267906501411 2.6742267498477394 5.8911258848236683 2.1080384028709802 2.1080384028709802 3.004573443485357 97.000000000000014 249.00000000000003 29.500000000000004 4.7946504408654791 8.2733832035817638 0.58340112993594506 0.075889935982454887 1.3580602092328122 12.500000000000002 12.500000000000002 0.29495474440805097 2.5000000000000004 28.500000000000004 31.500000000000004 0.71712902252051836
decision_type=2 2 2 2 2 2 2 2 2 2 2 2 2 2 2 2 2 2 2 2 2 2 2 2 2 2 2 2 2 2
left_child=-1 2 3 11 5 7 -6 8 16 12 13 21 -10 -11 -15 -4 17 -5 -7 -9 -21 -2 23 24 -23 27 -27 28 -26 -28
right_child=1 -3 15 4 6 18 -8 19 9 10 -12 -13 -14 14 -16 -17 -18 -19 -20 20 -22 22 -24 -25 25 26 29 -29 -30 -31
leaf_value=-0.00011339745165038357 0.00022374975119312493 -0.00053451458733057495 -0.0014231221767900567 0.0044356419101148131 0.00023336364426015683 -0.0023151856039696993 -0.0013245496240894049 -0.00028609272759473462 0.00030160159256293543 0.0014456347787621541 0.0018705298300702869 -0.0009559462894456757 0.001744206635836924 -0.0020134984742118758 0.0012570625400850129 0.00076035908856373897 0.0026563312423665453 0.00020272210704220199 0.00071895524470348996 -0.00046835864822383598 0.0023397949444965292 0.0008245340417086253 -4.6461054943874274e-05 -5.0732428339741526e-05 0.00027414756497002685 -0.00068803503155070252 0.0016282458354517739 0.0012896287259717509 0.0025976170850316969 -0.00031927296258201876
leaf_weight=86118 20567 4731 832 128 5003 340 473 361 66 75 154 1686 96 191 80 23183 91 104 387 84 171 2462 110550 4874 57 133 218 104 54 97
leaf_count=86118 20567 4731 832 128 5003 340 473 361 66 75 154 1686 96 191 80 23183 91 104 387 84 171 2462 110550 4874 57 133 218 104 54 97
internal_value=-3.41476e-06 0.000130025 0.000164697 8.43181e-05 0.00105971 0.00313144 0.000178964 0.00485946 0.00680203 0.00432024 0.0016 3.02564e-05 0.0127161 -0.00121387 -0.00357933 0.000662087 0.0118885 0.00909483 -0.000674002 0.00175325 0.0054902 5.66446e-05 -2.97755e-05 0.000833855 0.00224 0.00586727 0.00354911 0.0106977 0.0164865 0.00634921
internal_weight=263470 177352 172621 148606 7804 2328 5476 1601 985 662 500 140802 162 346 271 24015 323 232 727 616 255 139116 118549 7999 3125 663 448 215 111 315
internal_count=263470 177352 172621 148606 7804 2328 5476 1601 985 662 500 140802 162 346 271 24015 323 232 727 616 255 139116 118549 7999 3125 663 448 215 111 315
is_linear=0
shrinkage=0.05


Tree=113
num_leaves=31
num_cat=0
split_feature=0 26 29 24 18 18 22 22 28 28 24 22 24 16 19 28 24 5 1 16 0 12 2 0 5 1 20 19 0 2
split_gain=4.51771 4.48062 5.43709 4.91817 4.45627 5.4029 4.72351 4.47101 4.57228 5.01759 4.30564 4.15721 4.22368 4.09508 3.97872 6.74879 7.24764 3.96465 3.95094 3.76417 3.74045 4.1112 3.64717 4.52386 4.49281 3.80918 4.57015 3.53662 3.4833 4.48938
threshold=4.4439066730957402 1.0000000180025095e-35 -1.1894795493740016 15.500000000000002 0.032754806929359996 1.7960099466060615 7.5000000000000009 7.5000000000000009 9.5000000000000018 34.500000000000007 24.500000000000004 2.5000000000000004 6.5000000000000009 0.062328094572605311 50.169020420015215 15.500000000000002 11.500000000000002 0.67799834232326905 201.00000000000003 0.93441537830536037 5.5389049343477952 0.14485014621351774 -0.11659954636128507 4.6046610299420534 0.78595007297444164 145.00000000000003 0.10305686293318927 33.433507884216034 4.9146515907655006 -0.47907854987981707
decision_type=2 2 2 2 2 2 2 2 2 2 2 2 2 2 2 2 2 2 2 2 2 2 2 2 2 2 2 2 2 2
left_child=13 4 3 -3 11 7 14 8 -6 19 -4 12 -2 17 20 -16 28 -1 -5 -10 21 -7 23 24 -9 26 -24 -15 29 -17
right_child=1 2 10 18 5 6 -8 22 9 -11 -12 -13 -14 27 15 16 -18 -19 -20 -21 -22 -23 25 -25 -26 -27 -28 -29 -30 -31
leaf_value=0.0047025661006077062 -0.00014585542855704556 -0.013250526554475528 2.3988939770429598e-05 0.002955615567361191 0.00078495200517645866 0.00036992255572304653 7.6998076932253954e-05 0.0032241040494370532 0.00063132158986420621 -0.0007608203382656149 -0.0011745951549915954 -0.00038131102484379619 0.00088423987829462343 7.6228391904541916e-05 -0.00056492764871979219 -0.0011670237966210299 0.00018914297485308294 -0.0025008822167064595 -0.0027104474706595716 0.0022422109391866903 -0.0016928847935844362 -0.0001234529200709258 0.0025174001148380691 -0.00030007554752330525 0.00080890093599088092 0.00017255087215835817 0.00030661311260894866 -0.0037814095239536924 -5.0629832742363692e-05 -0.0078700529381802511
leaf_weight=276 58 772 12807 255 6135 7861 155050 111 447 75 5505 2620 139 1085 7593 1323 7906 226 178 429 5522 21304 2944 7175 256 8855 2703 2557 1291 664
leaf_count=276 58 772 12807 255 6135 7861 155050 111 447 75 5505 2620 139 1085 7593 1323 7906 226 178 429 5522 21304 2944 7175 256 8855 2703 2557 1291 664
internal_value=1.38584e-05 3.99661e-05 -0.000688629 -0.00394191 9.91025e-05 0.000122537 3.34282e-05 0.000760386 0.00185295 0.00507887 -0.000474551 -0.00187788 0.0051269 -0.00162403 -0.000371838 -0.000958086 -0.000177037 0.00260956 0.000323327 0.00614155 -5.44861e-05 0.00017144 0.000409183 -0.000482629 0.00493188 0.000872984 0.00188773 -0.00220758 -0.00215375 -0.00346754
internal_weight=264122 259978 19517 1205 240461 237644 208514 29130 7086 951 18312 2817 197 4144 53464 18777 11184 502 433 876 34687 29165 22044 7542 367 14502 5647 3642 3278 1987
internal_count=264122 259978 19517 1205 240461 237644 208514 29130 7086 951 18312 2817 197 4144 53464 18777 11184 502 433 876 34687 29165 22044 7542 367 14502 5647 3642 3278 1987
is_linear=0
shrinkage=0.05


Tree=114
num_leaves=31
num_cat=0
split_feature=3 27 0 18 1 17 0 13 2 17 28 25 28 1 22 15 18 3 28 21 5 21 22 18 17 22 4 23 12 12
split_gain=3.44417 3.46117 3.15298 3.74889 4.7291 5.66946 4.41403 3.41485 2.88283 2.84603 2.69532 2.65477 2.61821 3.34758 3.16566 2.79811 3.51255 4.6083 2.59456 4.25489 3.37192 2.65946 2.49353 2.45849 5.34038 2.82794 2.44775 3.35982 2.35963 2.33614
threshold=0.57855146471576868 13.500000000000002 4.6098625740792736 21.941426293570924 285.00000000000006 4.5000000000000009 4.5790689627974688 0.16014301357048588 2.4445728241884304 3.5000000000000004 37.500000000000007 1.0000000180025095e-35 28.500000000000004 141.00000000000003 14.500000000000002 13.500000000000002 12.560022105663213 -1.0368303926048579 3.5000000000000004 30.500000000000004 1.2612351914490232 57.500000000000007 34.500000000000007 5.4608212117519219 6.5000000000000009 26.500000000000004 -0.050854599000037394 3.5000000000000004 0.69613476296221832 0.33498101978704492
decision_type=2 2 2 2 2 2 2 2 2 2 2 2 2 2 2 2 2 2 2 2 2 2 2 2 2 2 2 2 2 2
left_child=2 11 3 4 6 -6 8 -7 22 -5 -4 -2 13 14 -8 16 17 -15 19 20 -11 -20 23 24 25 -1 -26 -28 -12 -17
right_child=1 -3 10 9 5 7 12 -9 -10 18 28 -13 -14 15 -16 29 -18 -19 21 -21 -22 -23 -24 -25 26 -27 27 -29 -30 -31
leaf_value=-0.0044985517688493478 0.0011145880997800995 -0.0024178963631785772 2.5425255639824801e-05 -0.0030178898670803239 0.002558995671557126 -0.00055100663934696257 -0.0063744982465464353 0.0025246930850195883 0.0097366377078703607 -0.0029947937729676382 -0.00035260353579913168 -0.002328007359345271 -0.0066534559005897989 -0.0025940750510822876 -0.00064044333239983572 -0.0044895782379893411 0.0013808559561446822 0.00076083528291818906 -0.00051687891765986739 -0.0067746307991301546 0.0032102099210993499 -0.0038383895888103323 -0.0076181711402080457 0.00010170620881963561 0.0026785598533911334 0.0031543337227113882 -0.001863638787224635 0.002435286308784351 -0.0020048681915514864 0.0045685174620934766
leaf_weight=203 430 514 241666 310 96 65 455 71 84 585 520 120 211 261 439 193 648 256 8727 488 177 293 132 5775 711 51 235 161 133 58
leaf_count=203 430 514 241666 310 96 65 455 71 84 585 520 120 211 261 439 193 648 256 8727 488 177 293 132 5775 711 51 235 161 133 58
internal_value=-8.74655e-06 -0.00284774 2.73879e-06 -0.000589798 9.89621e-05 0.00715517 -6.68478e-05 0.000588236 0.000552232 -0.00124764 5.33193e-05 -9.09079e-05 -0.00187227 -0.00138528 -0.00378076 0.00012712 0.0011588 -0.00191489 -0.00110516 -0.00324 -0.000905511 -0.000809311 0.000445791 0.00057175 0.00248347 -0.00405512 0.00398374 0.000833335 -0.00315467 -0.00466135
internal_weight=264068 1064 263004 20685 10105 232 9873 136 7352 10580 242319 550 2521 2310 894 1416 1165 517 10270 1250 762 9020 7268 7136 1361 254 1107 396 653 251
internal_count=264068 1064 263004 20685 10105 232 9873 136 7352 10580 242319 550 2521 2310 894 1416 1165 517 10270 1250 762 9020 7268 7136 1361 254 1107 396 653 251
is_linear=0
shrinkage=0.05


Tree=115
num_leaves=31
num_cat=0
split_feature=26 0 4 24 21 28 0 18 24 24 27 27 29 27 18 6 5 29 24 0 29 21 6 18 11 21 27 6 18 27
split_gain=3.29788 5.4751 4.57076 3.93058 4.67717 5.21029 6.00683 5.41544 3.69014 5.0945 10.9009 10.1895 9.26569 5.89625 5.47405 5.32881 5.51834 5.0793 4.70094 7.83705 6.13975 5.64222 5.41566 4.72469 4.64105 4.51275 4.94444 4.94158 6.10973 4.83952
threshold=1.0000000180025095e-35 4.6098625740792736 -0.077521056962204474 13.500000000000002 36.500000000000007 21.500000000000004 5.0690024785453636 30.791296185257895 10.500000000000002 13.500000000000002 8.5000000000000018 27.500000000000004 -1.691767014093873 34.500000000000007 31.967459209194732 0.071444036019819121 3.1888770413588818 -1.4571161936178669 7.5000000000000009 4.9965635965540569 -0.018088961058912559 35.500000000000007 1.5811058314226976 52.454160089108875 0.079620346218316929 34.500000000000007 27.500000000000004 2.1010272622093722 14.885862422225669 24.500000000000004
decision_type=2 2 2 2 2 2 2 2 2 2 2 2 2 2 2 2 2 2 2 2 2 2 2 2 2 2 2 2 2 2
left_child=8 2 -2 4 5 7 -7 -3 18 10 12 24 -10 14 -13 -14 -17 -11 22 20 -20 -22 23 -1 -12 26 27 -19 -29 -27
right_child=1 3 -4 -5 -6 6 -8 -9 9 17 11 13 15 -15 -16 16 -18 25 19 -21 21 -23 -24 -25 -26 29 -28 28 -30 -31
leaf_value=-7.2310220205876466e-06 -0.0082463312871514788 -0.0016113631529735659 0.0075058670553358429 -5.2949828102123051e-05 0.001383116957917988 -0.012542041377465049 0.0061792135687742814 0.0054648574809751044 -0.0055896225438984296 0.00079399864701272863 0.00022731614027311786 -0.0013779465275680731 -0.0040414508676399948 0.0016718341317138428 0.0022892366574619218 0.00057613426661721383 0.0017051492140449931 6.2031307932054383e-05 -0.0013358790526284787 -4.914026830821221e-05 -0.0075351440601421869 0.0018945149537692091 0.00067294184099569001 -0.0024029429998550147 0.0016862721691948989 -0.00035694267719171119 -0.00071153959958036557 0.0014240201260768129 0.00024718061711996456 5.8282036110089787e-05
leaf_weight=51894 524 2639 134 14854 351 803 50 127 1459 4004 658 1091 423 335 301 12376 283 119360 7476 13266 1827 181 2743 1370 2940 10346 2424 742 2099 7131
leaf_count=51894 524 2639 134 14854 351 803 50 127 1459 4004 658 1091 423 335 301 12376 283 119360 7476 13266 1827 181 2743 1370 2940 10346 2424 742 2099 7131
internal_value=2.95338e-06 -0.000623138 -0.00510638 -0.000466425 -0.00186398 -0.00239845 -0.00581477 -0.0013449 5.27943e-05 0.000186539 0.000937784 0.00287324 0.000229009 -0.000283728 -0.00171695 0.000650513 0.00083498 8.4392e-05 -0.000229058 -0.000835164 -0.00193273 -0.00438745 1.71419e-05 -9.44341e-05 0.00438855 3.49057e-05 0.000140422 0.000184779 0.00224569 -0.000717513
internal_weight=264211 19482 658 18824 3970 3619 853 2766 244729 165972 19866 5325 14541 1727 1392 13082 12659 146106 78757 22750 9484 2008 56007 53264 3598 142102 124625 122201 2841 17477
internal_count=264211 19482 658 18824 3970 3619 853 2766 244729 165972 19866 5325 14541 1727 1392 13082 12659 146106 78757 22750 9484 2008 56007 53264 3598 142102 124625 122201 2841 17477
is_linear=0
shrinkage=0.05


Tree=116
num_leaves=31
num_cat=0
split_feature=3 0 0 0 29 29 29 24 4 29 21 0 24 0 24 21 24 28 27 27 18 24 7 24 4 28 0 27 18 1
split_gain=2.90326 3.08095 2.75143 5.96937 5.75288 4.10689 5.70982 4.49902 7.71065 6.9193 5.7427 5.52994 6.29047 4.63332 3.8354 9.93063 8.2346 4.9464 4.41337 4.80405 3.7996 4.22955 5.10523 3.75839 3.69627 3.5482 3.54591 4.15161 3.53464 3.39265
threshold=0.57855146471576868 4.953885222277969 5.446138084545372 5.2538158083088478 0.43297772120913963 -0.091673901992847542 0.35441858460372855 4.5000000000000009 -0.5230896941165869 2.8408173346488366 33.500000000000007 4.7985492905656644 8.5000000000000018 4.5311910660572687 6.5000000000000009 33.500000000000007 9.5000000000000018 12.500000000000002 5.5000000000000009 23.500000000000004 13.217980032204883 30.500000000000004 0.4674526094974199 29.500000000000004 0.31899956226790821 9.5000000000000018 4.5724882964329003 29.500000000000004 43.562536307972401 193.00000000000003
decision_type=2 2 2 2 2 2 2 2 2 2 2 2 2 2 2 2 2 2 2 2 2 2 2 2 2 2 2 2 2 2
left_child=2 -2 3 5 24 -1 28 8 -8 11 26 12 -9 -11 15 18 -16 -17 -15 -20 21 -13 -23 -18 -5 -25 27 -10 29 -7
right_child=1 -3 -4 4 -6 6 7 9 10 13 -12 20 -14 14 16 17 23 -19 19 -21 -22 22 -24 25 -26 -27 -28 -29 -30 -31
leaf_value=-4.4698385931986399e-05 -0.0024274467400522263 6.0024389263288209e-05 0.00038787376264432877 -0.0011184527660607058 0.0027145571454578279 7.8777607754827917e-05 -0.0044695333195766546 -0.0017441057060183019 0.0023597338551513492 -0.024694780158976585 0.00098051086027080661 -0.0019741461265015961 -0.016437556351996747 0.0023352139964040132 -0.0022257979771030936 0.00068458205903705897 0.00063895696039529453 -0.0022165986037089836 -0.0022723023536722095 0.00097463801933598117 0.0012138119899883695 -0.0035216959412155539 0.01030563098553028 0.0012207691570889788 0.01089443725311583 -0.0016276244338828925 -0.0020012422413663348 -0.0058257333449012808 0.0031867048834149543 0.0010987828505276092
leaf_weight=128274 573 479 57592 18277 859 24327 972 453 399 117 756 3579 328 453 1940 143 2684 304 241 1200 512 136 132 131 301 255 1123 93 156 16649
leaf_count=128274 573 479 57592 18277 859 24327 972 453 399 117 756 3579 328 453 1940 143 2684 304 241 1200 512 136 132 131 301 255 1123 93 156 16649
internal_value=1.68553e-05 -0.00260456 2.73655e-05 -5.84966e-05 -0.000892112 2.89184e-05 0.000381726 -0.000421289 -0.00205205 1.11053e-05 -0.00051455 -0.00140078 -0.00527529 0.000982861 0.00113998 0.00281077 0.000359283 -0.00389262 0.00439282 0.00303956 -0.000706583 -0.00124512 0.00481343 0.00197069 -0.00107708 -0.00264249 -0.00219814 0.00134146 0.000693135 0.000664537
internal_weight=263438 1052 262386 204794 19437 185357 57083 15951 3343 12608 2371 5140 781 7468 7351 2341 5010 447 1894 1441 4359 3847 268 3070 18578 386 1615 492 41132 40976
internal_count=263438 1052 262386 204794 19437 185357 57083 15951 3343 12608 2371 5140 781 7468 7351 2341 5010 447 1894 1441 4359 3847 268 3070 18578 386 1615 492 41132 40976
is_linear=0
shrinkage=0.05


Tree=117
num_leaves=31
num_cat=0
split_feature=14 6 18 11 19 28 11 28 20 11 21 29 18 2 12 19 2 29 0 29 21 19 28 2 6 11 5 5 11 0
split_gain=3.68118 2.92523 2.91224 2.5301 2.69632 3.77358 2.70373 3.1094 3.39977 2.3922 2.62637 2.65586 4.00716 3.12985 2.91485 3.07147 2.80523 2.76919 2.54043 2.61999 4.44043 3.13709 4.68861 2.78663 3.69235 3.04833 2.50173 3.24634 2.48182 2.4679
threshold=0.46434268168038045 0.351014517246446 81.762926457593622 0.68523801880228752 0.38025422428337641 18.500000000000004 0.69739004959595818 1.5000000000000002 0.081161195235546491 1.0000000180025095e-35 34.500000000000007 0.18698543195505099 18.654576501014109 -0.69097689456679723 0.71677649195308335 32.48531768424715 -0.66008813470004479 -1.3267258088422953 4.6638718775261703 -1.0791108000276988 31.500000000000004 47.906838449641093 2.5000000000000004 -1.0041234460077189 1.2882517431559577 0.079620346218316929 1.5559553801829129 1.4568475996519774 0.086214048492554624 4.7012900704448422
decision_type=2 2 2 2 2 2 2 2 2 2 2 2 2 2 2 2 2 2 2 2 2 2 2 2 2 2 2 2 2 2
left_child=2 -2 -1 9 5 -5 7 -6 -9 10 11 12 13 14 17 -16 -15 -3 -11 20 28 22 -22 24 -24 -25 27 -19 -20 -26
right_child=1 3 -4 4 6 -7 -8 8 -10 18 -12 -13 -14 16 15 -17 -18 26 19 -21 21 -23 23 25 29 -27 -28 -29 -30 -31
leaf_value=-9.7014730070047185e-05 0.00030739727909778378 -0.00096757703410232086 -0.003472844995095039 0.0015089285198205307 -0.00093983882393756176 -0.0004213486819218187 0.00012283400151123872 0.0051779093077086403 9.3917764328730518e-05 -0.0005121478007632037 -0.00042017043182336486 -0.0006695600771934846 -0.00017187766913483637 -0.0046551636086643051 -0.0004894662056886132 0.0012738113024200741 0.00086363852399718745 0.0016044422053333796 -0.002184143580924757 -9.6136297641617545e-05 -0.0037547422474988193 0.0013780937769594375 0.002611354323236054 0.0027373551837360345 -0.0053758938499435431 -0.00044116079141436835 0.00083176794811540093 0.0022606572281783908 3.6476990688199934e-05 0.00059259242744513264
leaf_weight=85486 34710 123 426 53 267 53 45651 210 153 8616 1676 2364 2370 67 247 293 3522 366 430 69187 189 2037 238 72 58 668 383 87 3573 254
leaf_count=85486 34710 123 426 53 267 53 45651 210 153 8616 1676 2364 2370 67 247 293 3522 366 430 69187 189 2037 238 72 58 668 383 87 3573 254
internal_value=2.91975e-06 0.000132704 -0.000265852 3.28906e-05 0.000336518 0.00830189 0.000318274 0.00357143 0.00658402 -0.000112579 0.000564447 0.000876605 0.0013395 0.0021305 0.00404937 0.00111111 0.00132906 0.00570386 -0.000203815 -0.000112376 0.00077404 0.00207054 0.000317783 0.00139535 0.00409091 -0.000608107 0.00673445 0.00924945 -0.000364725 0.000512822
internal_weight=263829 177917 85912 143207 46387 106 46281 630 363 96820 11498 9822 7458 5088 1499 540 3589 959 85322 76706 7519 3516 1479 1290 550 740 836 453 4003 312
internal_count=263829 177917 85912 143207 46387 106 46281 630 363 96820 11498 9822 7458 5088 1499 540 3589 959 85322 76706 7519 3516 1479 1290 550 740 836 453 4003 312
is_linear=0
shrinkage=0.05


Tree=118
num_leaves=31
num_cat=0
split_feature=6 22 21 0 2 22 18 27 11 12 22 21 27 11 26 0 9 13 15 18 24 27 11 9 14 0 1 18 1 21
split_gain=4.00077 4.92895 4.48183 4.09225 3.82181 5.60137 18.7016 9.04593 4.99875 4.38136 4.9863 4.38037 4.29663 3.29376 3.16349 3.20975 4.0461 3.06217 2.85703 2.84945 3.17273 2.93521 3.9878 2.97625 2.77343 2.66883 2.58191 3.977 2.46854 2.35542
threshold=1.0000000180025095e-35 4.5000000000000009 33.500000000000007 4.7292907654218128 -0.21357624261151711 3.5000000000000004 0.29495474440805097 20.500000000000004 0.19837360080459365 2.1420221117422824 29.500000000000004 32.500000000000007 19.500000000000004 0.34359538478748103 1.0000000180025095e-35 4.6046610299420534 0.74278328224799639 0.56179848181517833 15.500000000000002 1.1701297279458844 1.5000000000000002 5.5000000000000009 0.39065936463426343 0.54557250626038811 0.96982378087972942 4.8161785264461434 265.00000000000006 7.9283622202937627 281.00000000000006 28.500000000000004
decision_type=2 2 2 2 2 2 2 2 2 2 2 2 2 2 2 2 2 2 2 2 2 2 2 2 2 2 2 2 2 2
left_child=1 2 26 -3 5 6 11 8 -8 29 13 12 -2 28 15 16 18 -12 -6 -10 -21 22 -22 -24 -16 -15 27 -1 -11 -7
right_child=4 3 -4 -5 14 9 7 -9 19 10 17 -13 -14 25 24 -17 -18 -19 -20 20 21 -23 23 -25 -26 -27 -28 -29 -30 -31
leaf_value=-1.4710252286656897e-05 0.0021448495796525346 -0.0029499809638972394 0.0026697627888294852 -0.00032608693145549537 0.0023028639120551992 -0.00025747660246657134 0.0003585396312661432 -0.0010245236366765553 0.0035175191341455213 0.00017077511846642682 3.7242686011692155e-05 0.0029530658450775296 -0.000221997254739684 0.00050836278516277068 -0.00087022490382674853 0.00015976529036880593 -0.0034490781907067902 -0.0015384976162969078 0.00038327980767070689 -0.0049178089519443247 0.00069811786830373268 -0.00014105515979757549 -0.0042582080733273566 0.0021721143881560899 0.00053609511821632995 0.00084919184351809609 -0.00014572691231389546 0.00058518775733037835 -0.0018976241303209945 -1.7682335212989112e-05
leaf_weight=190 58 646 69 1700 971 15317 2954 4823 63 5041 1280 158 51 5187 7491 126280 365 837 647 181 453 4317 1158 147 3342 1638 78 80 300 77710
leaf_count=190 58 646 69 1700 971 15317 2954 4823 63 5041 1280 158 51 5187 7491 126280 365 837 647 181 453 4317 1158 147 3342 1638 78 80 300 77710
internal_value=2.50835e-05 -0.00186753 0.00314149 -0.00275788 4.51369e-05 -0.000159525 -0.00108682 -0.00133513 -0.000421653 -3.54102e-05 0.000779949 0.0120225 0.00431193 0.00116965 0.000224163 0.000293461 0.00228946 -0.00145961 0.00336218 -0.00121538 -0.00132193 -0.00112757 -0.00284983 -0.00425287 -0.000596325 0.00189744 0.000833335 0.00314815 0.000239657 -0.000160597
internal_weight=263532 2763 417 2346 260769 121673 14363 14096 9273 107310 14283 267 109 12166 139096 128263 1983 2117 1618 6319 6256 6075 1758 1305 10833 6825 348 270 5341 93027
internal_count=263532 2763 417 2346 260769 121673 14363 14096 9273 107310 14283 267 109 12166 139096 128263 1983 2117 1618 6319 6256 6075 1758 1305 10833 6825 348 270 5341 93027
is_linear=0
shrinkage=0.05


Tree=119
num_leaves=31
num_cat=0
split_feature=2 6 2 22 18 0 7 0 10 20 5 3 12 20 6 18 0 27 2 6 22 21 27 15 12 1 1 4 1 21
split_gain=3.48309 3.33023 3.38653 5.24537 4.14529 4.59907 3.16927 2.65997 3.14121 4.213 3.55562 3.30214 2.91414 3.64224 2.6947 2.63579 4.23035 3.44901 2.89621 2.7175 3.84873 5.30481 3.76786 3.74936 2.71596 3.13165 2.68992 3.09515 2.6602 2.60438
threshold=0.18574130785540569 0.77820522768792799 -0.21357624261151711 22.500000000000004 13.003328952775066 5.0690024785453636 1.2066479788111717 4.9798296441859744 0.11666666666666668 0.023995289403189974 0.73534297043717756 0.034842836198130396 0.76641719927060337 0.038121074183781432 0.69962965523830956 30.791296185257895 4.9965635965540569 13.500000000000002 -0.057819188605537843 0.04061927638801887 3.5000000000000004 34.500000000000007 19.500000000000004 15.500000000000002 0.058107279812963389 285.00000000000006 289.00000000000006 -0.19523226681261327 249.00000000000003 29.500000000000004
decision_type=2 2 2 2 2 2 2 2 2 2 2 2 2 2 2 2 2 2 2 2 2 2 2 2 2 2 2 2 2 2
left_child=1 2 3 6 -5 -6 -1 -2 10 11 -9 -10 14 -14 -11 19 17 -17 28 20 21 22 23 -4 25 29 27 -24 -19 -22
right_child=7 -3 15 4 5 -7 -8 8 9 12 -12 -13 13 -15 -16 16 -18 18 -20 -21 24 -23 26 -25 -26 -27 -28 -29 -30 -31
leaf_value=-0.00029269159115724922 -0.001032321964087003 7.0248286950086409e-05 0.0023529435360265397 -0.00020307081780463648 0.00017795265273901989 0.00042561718922017131 0.0004235130860416407 -0.00040371997805622138 -0.0065839862367621975 0.00068683732595705609 0.0024852877863583414 -0.00070171010837896946 0.0046340168119271856 0.001155117426692123 -0.0011107799049872508 -0.00026509058962769118 0.0016825943606479045 0.00039155947924753812 0.0035473274760661972 -3.3898961651730571e-07 0.00011475185072653864 0.0013704945660419012 8.2597362284787302e-05 -0.00049834948095866095 0.0010491020109370235 -0.00053593566748144704 -0.00029372720877575539 -9.948384807425108e-05 0.0033570551975830292 -0.00048588182286507731
leaf_weight=42609 1167 57799 85 9059 9865 1735 1814 20879 151 28676 2669 1689 260 3073 293 1068 138 1002 102 73120 946 115 221 79 102 55 50 143 199 3972
leaf_count=42609 1167 57799 85 9059 9865 1735 1814 20879 151 28676 2669 1689 260 3073 293 1068 138 1002 102 73120 946 115 221 79 102 55 50 143 199 3972
internal_value=-2.35609e-05 -0.000121206 -0.000248021 -0.000516885 0.000141344 0.000767243 -0.000822996 0.000315342 0.000363149 0.000669558 -8.11097e-05 -0.00165761 0.000802119 0.00220222 0.000641031 -3.30467e-05 0.00156238 0.00106706 0.00279355 -8.37885e-05 -0.00112864 0.00236652 0.000415226 0.00682927 -0.00160591 -0.00177157 -0.0021256 -0.000631867 0.00210658 -0.00163888
internal_weight=263135 204278 146479 65082 20659 11600 44423 58857 57690 34142 23548 1840 32302 3333 28969 81397 2509 2371 1303 78888 5768 693 578 164 5075 4973 414 364 1201 4918
internal_count=263135 204278 146479 65082 20659 11600 44423 58857 57690 34142 23548 1840 32302 3333 28969 81397 2509 2371 1303 78888 5768 693 578 164 5075 4973 414 364 1201 4918
is_linear=0
shrinkage=0.05


Tree=120
num_leaves=31
num_cat=0
split_feature=0 0 1 29 24 4 24 29 29 6 15 1 12 18 22 22 18 28 2 11 18 12 16 4 7 7 21 1 2 5
split_gain=3.85991 4.29265 7.97779 3.46486 2.80008 3.02648 4.15124 3.65706 2.9819 2.81774 2.86655 2.6812 4.43827 4.42796 9.1343 3.92829 4.22776 5.45205 5.04203 4.32993 4.18939 5.60922 5.60718 5.60415 5.41429 3.98397 4.01063 3.73312 3.69708 3.54928
threshold=5.446138084545372 5.556442008647335 145.00000000000003 -0.34163659229328819 16.500000000000004 0.11236170673522232 7.5000000000000009 0.15783422048040818 0.48199358273701259 0.5361242264933137 4.5000000000000009 121.00000000000001 1.6898133894036589 2.1578333170927175 17.500000000000004 8.5000000000000018 12.112820027334863 12.500000000000002 -0.75524269417198731 0.11231143574663084 6.256633962694699 0.18734659977136991 0.63463225700256032 -0.1793608401508468 0.65182460058641867 0.58042724203280049 32.500000000000007 129.00000000000003 -2.3393985211825945 1.0712884935358575
decision_type=2 2 2 2 2 2 2 2 2 2 2 2 2 2 2 2 2 2 2 2 2 2 2 2 2 2 2 2 2 2
left_child=11 3 4 -2 5 6 -3 -8 -7 10 -9 12 -1 14 28 16 19 -18 -19 20 24 22 -22 29 -15 -20 -27 -16 -13 -24
right_child=1 2 -4 -5 -6 8 7 9 -10 -11 -12 13 -14 15 27 -17 17 18 25 -21 21 -23 23 -25 -26 26 -28 -29 -30 -31
leaf_value=-0.00018165336679553957 0.0039096342163026281 0.0029042028710071898 -0.0011986089194719887 0.00097419787280411153 0.0019002399131035326 -0.002186559106453885 -0.0018759118581123367 0.0093378949452736643 0.0026765300596548816 -0.0033694527812555548 0.0014713814841568235 0.0017666214312651502 0.00040660253836715348 0.00046944246613845686 0.0011345132750994863 2.3373963408319631e-05 -0.00072591821103893533 0.00020468941198795539 9.009903445836004e-05 -0.00020135939478156599 0.00016758468426138911 -0.0003224986168926465 0.00066792454976427129 -0.0016064481114167321 -0.001756209907604537 -0.0015641303552103828 -0.00011972509002918631 -0.00045811083407066162 0.00063767528471980718 0.002362646217946354
leaf_weight=38587 1265 1450 15401 28729 5716 2768 1110 289 743 237 266 86 2278 1052 750 101887 8331 8191 2425 15947 1026 654 101 59 269 2930 1966 8180 10731 455
leaf_count=38587 1265 1450 15401 28729 5716 2768 1110 289 743 237 266 86 2278 1052 750 101887 8331 8191 2425 15947 1026 654 101 59 269 2930 1966 8180 10731 455
internal_value=-1.67868e-05 0.000343603 -0.000101857 0.000759153 0.000832341 0.000151538 0.00122613 -0.000310199 -0.000874394 0.00228535 0.00423424 -0.000118257 -0.00048085 -2.84768e-05 0.000674028 -0.000123955 -0.000522277 -0.000969256 -0.000415161 2.24926e-05 0.00158463 0.00287582 0.00443632 0.00821138 -0.000658591 -0.00136866 -0.00218954 -0.000509517 0.00165111 0.00976619
internal_weight=263879 57974 27980 29994 12579 6863 3352 1902 3511 792 555 205905 40865 165040 19747 145293 43406 23843 15512 19563 3616 2295 1641 615 1321 7321 4896 8930 10817 556
internal_count=263879 57974 27980 29994 12579 6863 3352 1902 3511 792 555 205905 40865 165040 19747 145293 43406 23843 15512 19563 3616 2295 1641 615 1321 7321 4896 8930 10817 556
is_linear=0
shrinkage=0.05


Tree=121
num_leaves=31
num_cat=0
split_feature=4 0 12 6 0 24 27 23 0 5 29 15 0 17 27 3 1 12 1 0 11 0 29 28 0 12 5 27 27 4
split_gain=3.20032 4.44163 2.95964 2.9102 3.44277 3.22211 3.78882 2.89576 2.80716 2.77466 2.61626 3.4053 2.5488 2.71732 2.57896 2.56558 3.67799 2.46022 3.43679 3.25433 3.03934 3.36245 3.55378 3.07849 7.343 3.70178 3.20379 2.95936 2.77105 2.82701
threshold=0.34279727925295861 5.5125765798679067 1.5124841460464775 1.0000000180025095e-35 4.725996250845899 8.5000000000000018 27.500000000000004 1.0000000180025095e-35 5.6492764668392832 0.7927719893309938 -0.094754131549607962 22.500000000000004 4.4236054436470065 5.5000000000000009 1.5000000000000002 0.50151335931805185 265.00000000000006 0.12372027417742622 257.00000000000006 4.6207751646789132 0.68523801880228752 4.7831568481911475 -0.98629016210140319 11.500000000000002 4.9386601029930661 0.18186775209471476 0.96366298025398334 10.500000000000002 25.500000000000004 -0.53144464011021608
decision_type=2 2 2 2 2 2 2 2 2 2 2 2 2 2 2 2 2 2 2 2 2 2 2 2 2 2 2 2 2 2
left_child=3 2 -2 4 5 6 -1 9 12 -3 -6 -12 13 -5 -15 17 -17 18 -14 27 21 -19 23 25 -25 -23 -26 -20 -27 -30
right_child=1 7 -4 8 10 -7 -8 -9 -10 -11 11 -13 15 14 -16 16 -18 20 19 -21 -22 22 -24 24 26 28 -28 -29 29 -31
leaf_value=-0.00021537806836890907 0.0024820649521118173 -0.0028076757267297726 -0.0081361868984335343 0.0089539328735472601 9.238264611034033e-05 -0.00097516665643269679 0.0018692824210882004 0.00021859867171991184 -0.0015491742118289359 0.0082265587141309333 -0.00012501479544553944 -0.0022679483010154627 3.7409850310702004e-05 0.0094306388828043659 -0.0029372930774293868 -0.00046954322994845069 -0.0038594140106794732 -0.0002961803331416712 -0.0014214348895200423 0.00038984766234124698 0.00010101103833443359 -0.0014150978983696022 -7.8237208417628279e-05 9.8155282049914401e-05 0.0022454845653369915 -0.00052303892460062206 0.00087115915479410813 0.0015428939272884843 0.0035707678821977826 0.00016171268782525118
leaf_weight=138 9895 1968 186 52 1185 629 58 12695 4111 61 607 111 54266 88 2812 1189 81 36861 123 4202 42447 455 84331 2143 492 699 949 432 308 561
leaf_count=138 9895 1968 186 52 1185 629 58 12695 4111 61 607 111 54266 88 2812 1189 81 36861 123 4202 42447 455 84331 2143 492 699 949 432 308 561
internal_value=-4.67552e-05 0.000493853 0.00130245 -0.000102786 -0.00172654 -0.00442424 0.00117347 -5.97652e-05 -8.4064e-05 -0.0018137 -0.000557014 -0.00293872 -6.11625e-05 -0.001521 -0.00172414 -4.23881e-05 -0.00228346 -2.99196e-05 0.00024804 0.00153668 -0.000126856 -0.000249449 -8.46127e-05 0.0011343 0.00201451 -0.00042511 0.00477446 0.00513514 0.000727042 0.0026122
internal_weight=264135 24805 10081 239330 2728 825 196 14724 236602 2029 1903 718 232491 2952 2900 229539 1270 228269 59023 4757 169246 126799 89938 5607 3584 2023 1441 555 1568 869
internal_count=264135 24805 10081 239330 2728 825 196 14724 236602 2029 1903 718 232491 2952 2900 229539 1270 228269 59023 4757 169246 126799 89938 5607 3584 2023 1441 555 1568 869
is_linear=0
shrinkage=0.05


Tree=122
num_leaves=31
num_cat=0
split_feature=14 18 1 4 9 2 16 2 0 27 14 4 13 15 24 0 27 24 11 0 3 7 13 12 9 10 7 24 18 19
split_gain=2.61482 3.21517 2.42623 3.42694 3.93793 3.01723 3.33849 3.72525 3.61255 3.36126 3.16295 2.98813 3.05896 2.71164 3.31394 3.02244 2.60598 2.53058 3.55835 3.36482 2.50629 2.50205 3.82985 3.17052 2.43715 3.88947 3.20453 2.99406 2.75883 2.65782
threshold=0.46434268168038045 81.762926457593622 233.00000000000003 0.42631891059381471 0.73927911961622217 -2.0191565006508445 2.5351851135752379 -1.6169592519082843 4.6638718775261703 37.500000000000007 3.0046151432422592 -0.32717719882239965 0.19284507468109566 1.0000000180025095e-35 14.500000000000002 4.7720400331370492 19.500000000000004 17.500000000000004 0.31213710325079641 4.7754847560736993 -1.0282067125303618 1.1173329741656242 0.14481157110135404 0.16969773004694474 0.57816260630434868 0.083333333333333356 0.44211831739564095 8.5000000000000018 5.1580012860283366 32.016114133320826
decision_type=2 2 2 2 2 2 2 2 2 2 2 2 2 2 2 2 2 2 2 2 2 2 2 2 2 2 2 2 2 2
left_child=1 -1 3 -2 -5 13 7 8 -7 24 -10 12 21 14 16 -15 -4 18 -14 -20 -12 -8 23 -23 25 26 27 -9 -28 -26
right_child=2 -3 5 4 -6 6 11 9 10 -11 20 -13 17 15 -16 -17 -18 -19 19 -21 -22 22 -24 -25 29 -27 28 -29 -30 -31
leaf_value=-0.00010903860148197887 -2.6739101725583092e-05 -0.0036866911531889045 -0.0083526016677278377 0.0066573452835330255 -0.00027828700053430909 0.0041947499913835805 0.0010495071271803588 -0.0036013911462965012 0.0026782545187711859 -0.0032578507887438056 -0.0013352693338915447 -0.0016908505455130681 -0.0011324734228207319 3.5573772787547251e-05 0.001899669196825505 0.0014168810097413805 0.0014019933834349986 -0.00062601969076390355 0.00032208796913731682 0.0029617742970643132 0.0010884673851488137 0.0010113538295726523 0.0015140165410127396 -0.0029171018802105942 0.00012788113886015657 0.00036987153857133187 0.0032367066196904689 0.0097592804416294782 -0.0096931565525152398 -0.0011860431832495754
leaf_weight=85628 137525 417 66 836 803 165 1226 52 107 62 129 369 778 1106 313 288 67 3778 1533 221 100 83 160 224 9843 16681 212 170 50 501
leaf_count=85628 137525 417 66 836 803 165 1226 52 107 62 129 369 778 1106 313 288 67 3778 1533 221 100 83 160 224 9843 16681 212 170 50 501
internal_value=-4.63378e-05 -0.000272531 6.33437e-05 -3.36282e-05 0.00223917 0.000415841 0.000316103 0.000577445 0.0048503 0.000499802 0.001875 -0.000560199 -0.000357365 0.00239131 0.00578475 0.0013056 -0.000827066 -0.000863707 0.000359401 0.00160775 -0.00144105 0.00152983 -0.00158458 -0.00485342 0.000526011 0.00089135 0.00530992 0.00972973 0.00156489 -8.02386e-05
internal_weight=263493 86045 177448 139164 1639 38284 36444 28072 501 27571 336 8372 8003 1840 446 1394 133 6310 2532 1754 229 1693 467 307 27509 17165 484 222 262 10344
internal_count=263493 86045 177448 139164 1639 38284 36444 28072 501 27571 336 8372 8003 1840 446 1394 133 6310 2532 1754 229 1693 467 307 27509 17165 484 222 262 10344
is_linear=0
shrinkage=0.05


Tree=123
num_leaves=31
num_cat=0
split_feature=27 0 18 1 28 24 22 27 27 18 2 16 15 12 3 5 0 5 29 4 29 24 13 24 16 13 16 13 28 5
split_gain=3.86211 3.24211 4.16138 9.78862 6.5028 4.73672 4.22111 4.96164 4.67997 4.29577 3.95589 4.80312 6.47517 5.4242 3.91913 3.6683 4.62399 3.3123 3.35886 3.42936 3.30226 3.65694 3.19897 3.10512 2.92571 2.90533 2.8513 2.813 2.72403 3.21406
threshold=37.500000000000007 4.6676560430519158 22.257003997505439 253.00000000000003 20.500000000000004 2.5000000000000004 7.5000000000000009 16.500000000000004 5.5000000000000009 72.055489930407177 -2.4789605954257139 1.9530577532893723 8.5000000000000018 0.077793995660726742 0.34034077118967859 1.8955486089219573 4.6245658589774434 3.2552462797750565 8.7539835382869775 0.10910669148715564 -2.5608938885402721 9.5000000000000018 0.26242354332569406 10.500000000000002 1.1362022933786362 0.24916967475432036 0.81093540712242584 4.3902723699348538 3.5000000000000004 1.8955486089219573
decision_type=2 2 2 2 2 2 2 2 2 2 2 2 2 2 2 2 2 2 2 2 2 2 2 2 2 2 2 2 2 2
left_child=1 2 3 5 10 17 7 8 -4 -10 -5 12 26 -13 28 16 -15 18 19 22 21 -7 24 -23 -1 -6 -12 -22 29 -8
right_child=-2 -3 6 4 25 20 14 -9 9 -11 11 13 -14 15 -16 -17 -18 -19 -20 -21 27 23 -24 -25 -26 -27 -28 -29 -30 -31
leaf_value=0.0022921355793920459 -0.00075902754296007383 4.1227799687192798e-05 -0.0047175693387302188 0.0024396068234386822 -0.0040178143764164976 -0.00016669904862569377 -0.0025400516953978736 -0.0021086995759072025 0.00064578965969295621 -0.0045006194512023949 0.0027337834387507727 0.0024565064511246552 0.0004452090460093727 0.0023397824641416078 -0.0066260675664294201 -0.0044953805356185775 -0.00099397079056867308 0.0079822009294627586 -0.0051322343254636658 -0.0024479940778377451 -0.0003129188437975174 -0.069408484530988496 3.6522808259923705e-05 -0.0074162332833913941 0.00033112160464245696 0.00074741476872311409 0.0019237522691218298 0.0020961925988590576 -1.5805886490892522e-05 0.0013588441294160164
leaf_weight=210 1851 226867 700 65 232 222 1393 2656 2361 267 141 65 458 216 151 73 274 217 75 51 11976 96 436 161 150 265 359 176 11080 235
leaf_count=210 1851 226867 700 65 232 222 1393 2656 2361 267 141 65 458 216 151 73 274 217 75 51 11976 96 436 161 150 265 359 176 11080 235
internal_value=2.30391e-05 3.91407e-05 -0.000410516 0.000184698 0.00332402 -0.00030501 -0.000913335 -0.00201036 -0.000724157 0.000243532 0.00483344 0.00433796 0.00656576 0.000939492 -0.00040283 -0.00063943 0.000918369 0.00278314 0.00147506 0.00237308 -0.000583484 -0.00465553 0.00317839 -0.00871595 0.00666667 -0.00169014 0.0105 -0.000422974 -0.000307679 -0.00221744
internal_weight=263479 261628 34761 15918 2148 13770 18843 5984 3328 2628 1651 1586 958 628 12859 563 490 1139 922 847 12631 479 796 257 360 497 500 12152 12708 1628
internal_count=263479 261628 34761 15918 2148 13770 18843 5984 3328 2628 1651 1586 958 628 12859 563 490 1139 922 847 12631 479 796 257 360 497 500 12152 12708 1628
is_linear=0
shrinkage=0.05


Tree=124
num_leaves=31
num_cat=0
split_feature=26 27 24 24 0 21 21 27 1 0 27 2 14 1 9 28 10 18 18 22 22 27 19 21 2 19 29 28 29 0
split_gain=4.55777 3.65913 3.50778 5.30087 6.20006 8.71737 6.07063 5.23076 4.44314 4.91275 4.29542 4.09059 3.0733 2.99858 3.03009 2.99607 5.64674 2.97464 2.64873 3.98867 2.7372 8.17323 6.67282 9.61414 4.87015 4.35688 3.37432 3.26005 4.28424 4.40022
threshold=1.0000000180025095e-35 32.500000000000007 24.500000000000004 15.500000000000002 4.9965635965540569 34.500000000000007 33.500000000000007 24.500000000000004 165.00000000000003 4.735226183131064 9.5000000000000018 -0.5419160464981404 0.7027180672414316 97.000000000000014 0.60940197188972023 19.500000000000004 0.25000000000000006 15.61597331111186 0.032754806929359996 2.5000000000000004 3.5000000000000004 16.500000000000004 0.65023692081831774 34.500000000000007 -0.067339956733051556 4.6898586161665987 -1.1041871305606306 1.0000000180025095e-35 -0.13745828384435174 4.4942943846592813
decision_type=2 2 2 2 2 2 2 2 2 2 2 2 2 2 2 2 2 2 2 2 2 2 2 2 2 2 2 2 2 2
left_child=13 2 3 4 5 8 11 15 -2 -10 -7 -5 -9 14 -1 16 -6 -11 19 -15 21 25 23 -23 26 -20 -24 28 29 -22
right_child=1 -3 -4 6 7 10 -8 12 9 17 -12 -13 -14 18 -16 -17 -18 -19 20 -21 27 22 24 -25 -26 -27 -28 -29 -30 -31
leaf_value=-7.4539313826006386e-05 -0.011323812587630242 0.001867353641419766 -0.00135639778725242 0.000942893523241971 -0.0003664931470597954 0.0068912043328087291 -0.0011669742717422883 -0.00033750071069890057 -0.020775923390358584 -0.0075429489589622506 0.00031776316370334676 0.00026072614140050277 0.0027600615162484995 0.00038020319720031718 -0.00090790897018524933 0.001107155407480354 -0.0038322941159935767 0.0057143277852895278 0.002615854980870861 -0.00038951299709611515 0.010850207967462305 -0.00018809368142145997 4.7031174408228945e-05 0.002179301763927219 0.00012638189951130142 2.909690383018156e-05 -0.00077510622053661611 0.00010334349511784561 0.00028606919419325204 -0.0011560277230856474
leaf_weight=9588 991 411 5610 1481 2360 56 1172 96 318 121 227 5506 169 184 2618 342 558 180 950 2198 111 118 1079 117 327 18383 6075 199416 962 2003
leaf_count=9588 991 411 5610 1481 2360 56 1172 96 318 121 227 5506 169 184 2618 342 558 180 950 2198 111 118 1079 117 327 18383 6075 199416 962 2003
internal_value=3.1511e-05 -0.000702111 -0.000802104 -0.000367532 -0.00157992 -0.00388801 0.000437555 -0.000340424 -0.00531056 -0.00198707 0.00420495 0.000996137 0.0064151 9.04042e-05 -0.000673438 -0.000889569 -0.0014085 0.00259136 0.000130605 -0.00152813 0.000147818 -0.000324595 -0.00170036 0.00659575 -0.00196097 0.000224488 -0.00223371 0.000210923 -0.00140442 -0.0026632
internal_weight=263727 19598 19187 13577 5418 1893 8159 3525 1610 619 283 6987 265 244129 12206 3260 2918 301 231923 2382 229541 27049 7716 235 7481 19333 7154 202492 3076 2114
internal_count=263727 19598 19187 13577 5418 1893 8159 3525 1610 619 283 6987 265 244129 12206 3260 2918 301 231923 2382 229541 27049 7716 235 7481 19333 7154 202492 3076 2114
is_linear=0
shrinkage=0.05


Tree=125
num_leaves=31
num_cat=0
split_feature=28 29 28 13 28 1 0 23 2 24 11 27 28 29 5 0 3 0 2 23 23 4 1 24 20 16 24 0 29 28
split_gain=2.4782 3.76015 2.7697 2.73679 2.55127 2.73318 2.35857 3.23026 3.21515 2.39126 3.25035 2.29092 2.30028 3.52282 2.51239 2.32976 3.98586 5.56548 3.65985 4.07209 7.73988 7.64621 4.82619 4.021 3.64399 3.54802 3.30266 3.05463 4.19179 3.66679
threshold=36.500000000000007 -1.3267258088422953 53.500000000000007 1.1448061853686926 37.500000000000007 177.00000000000003 5.6492764668392832 5.5000000000000009 0.48884615460099545 13.500000000000002 0.107220772433804 37.500000000000007 33.500000000000007 -2.1968687689319921 0.98736738348680431 5.446138084545372 0.21542235901923742 5.556442008647335 0.15394392585434327 1.5000000000000002 2.5000000000000004 0.11577830079605211 237.00000000000003 30.500000000000004 0.027141895528492218 0.02922305802498695 2.5000000000000004 5.2538158083088478 -0.091673901992847542 32.500000000000007
decision_type=2 2 2 2 2 2 2 2 2 2 2 2 2 2 2 2 2 2 2 2 2 2 2 2 2 2 2 2 2 2
left_child=6 4 3 -3 -2 -6 11 8 -8 10 -9 12 15 -14 -15 27 18 -18 19 -17 21 22 -21 26 -20 -26 -22 28 -1 -30
right_child=1 2 -4 -5 5 -7 7 9 -10 -11 -12 -13 13 14 -16 16 17 -19 24 20 23 -23 -24 -25 25 -27 -28 -29 29 -31
leaf_value=-4.9005979316592388e-05 0.0036166258033288445 -0.0013395599655966399 0.0064699425812356805 0.00025004468280977822 0.0028537470681648438 -0.0018463080265225926 -0.00048779798286313538 0.0084434856007415768 -0.013274387057095272 -0.0068453070168197966 -0.0056202760279471173 -0.000562282285730832 0.0026334436527173043 0.00081050593646028344 3.6198805377713516e-05 0.0031076256387575223 0.00071160513227921018 -0.00085741179705487716 -0.0036525751736042923 -0.0076294570267471584 0.0056365221405967969 0.0042422362082167771 -0.062100060299487829 -0.0096372084314890714 -0.005116706118663202 0.0037536492832593196 0.00063151019752455688 -0.0006649468760624972 0.00015542554728442305 -0.0015594789887695983
leaf_weight=123741 94 1329 59 280 99 82 3440 85 76 349 131 1771 150 419 1843 2233 28067 14085 176 701 336 308 98 135 213 3571 3883 19608 56305 160
leaf_count=123741 94 1329 59 280 99 82 3440 85 76 349 131 1771 150 419 1843 2233 28067 14085 176 701 336 308 98 135 213 3571 3883 19608 56305 160
internal_value=-1.66657e-06 -0.00178075 -0.00267386 -0.00306401 0.00363636 0.000165747 1.1533e-05 -0.00118108 -0.000617177 -0.00469026 -0.000555554 3.0412e-05 4.28083e-05 0.0015796 0.00108753 2.8193e-05 0.000320226 9.39469e-05 0.00113867 0.000502991 -0.000232557 -0.00396567 -0.00654568 0.000716584 0.00237374 0.00270085 0.000988387 -5.04457e-05 1.40407e-05 0.000371027
internal_weight=263827 1943 1668 1609 275 181 261884 4081 3516 565 216 257803 256032 2412 2262 253620 53806 42152 11654 7694 5461 1107 799 4354 3960 3784 4219 199814 180206 56465
internal_count=263827 1943 1668 1609 275 181 261884 4081 3516 565 216 257803 256032 2412 2262 253620 53806 42152 11654 7694 5461 1107 799 4354 3960 3784 4219 199814 180206 56465
is_linear=0
shrinkage=0.05


Tree=126
num_leaves=31
num_cat=0
split_feature=24 24 0 13 0 6 13 5 5 13 4 0 17 28 2 29 29 0 29 23 28 13 14 28 26 29 5 1 23 1
split_gain=2.88751 5.07986 8.75741 8.09341 4.4522 4.0231 4.8546 4.66607 4.27248 3.99732 3.86223 3.37983 4.28669 3.29125 3.1039 3.07281 4.58191 4.19125 3.56103 3.76921 4.91848 3.27315 3.24473 3.16256 3.03316 3.98213 3.76109 5.22591 3.49672 7.09313
threshold=10.500000000000002 7.5000000000000009 5.0517303177099064 0.22723151578076803 5.5716632714668153 1.5811058314226976 0.16835478749891125 3.9776275099879572 0.62832612114087827 0.62428670687186372 -0.17510083151372932 4.6676560430519158 5.5000000000000009 7.5000000000000009 0.28694789977656471 -0.14093016171411588 -0.0063250976508995574 5.2681306423380407 -1.7690543140210224 1.5000000000000002 11.500000000000002 0.4498832558635531 2.6828717268933029 13.500000000000002 1.0000000180025095e-35 -0.94655401024601937 0.6224681151194974 189.00000000000003 3.5000000000000004 129.00000000000003
decision_type=2 2 2 2 2 2 2 2 2 2 2 2 2 2 2 2 2 2 2 2 2 2 2 2 2 2 2 2 2 2
left_child=1 5 3 -3 10 6 7 8 -1 11 -4 -5 -13 -11 -12 18 17 21 22 -20 -21 -17 23 -8 28 -26 -27 -28 29 -2
right_child=24 2 4 9 -6 -7 15 -9 -10 13 14 12 -14 -15 -16 16 -18 -19 19 20 -22 -23 -24 -25 25 26 27 -29 -30 -31
leaf_value=-0.0004202554035758647 -0.00014162988362032049 -0.0033119816270364305 0.0018023574828572152 -0.002257090947204673 -0.002652271150511162 0.00057610785667253875 -0.00191361417366819 -0.001454633801317666 0.00027437116795810303 -0.0047648186591408587 -0.00016633898307055265 -6.4995015843513821e-05 0.0028403671463916045 -0.00075128546673817803 0.0017551007051239366 0.00021134458091666788 -0.00048051095513901483 -0.0020268128070311305 -0.0016199374904851069 -1.9313612020498079e-05 -0.0013176151751848582 0.0011982751073409176 0.0016426478631638805 0.00060830456293526399 -0.0018922371100530931 -0.0010931096378979696 0.00048627347414671279 -0.0011589971785767787 -3.5076476799432809e-05 0.00027741819857105265
leaf_weight=6710 20269 5010 212 808 2154 2703 584 439 14686 751 7438 1019 751 1962 2595 1754 13657 841 2981 5651 2482 1710 959 837 1943 6924 8611 2073 72217 72823
leaf_count=6710 20269 5010 212 808 2154 2703 584 439 14686 751 7438 1019 751 1962 2595 1754 13657 841 2981 5651 2482 1710 959 837 1943 6924 8611 2073 72217 72823
internal_value=-8.71494e-07 -0.000254529 -0.000885461 -0.00196292 9.67939e-06 1.25133e-06 -9.41986e-05 0.000478591 0.000583288 -0.000599129 0.00044412 0.000810707 0.0020339 -0.00193881 0.000303001 -0.000491797 -6.34661e-05 0.00135889 -0.00106195 -0.00143782 -0.000880363 0.0021276 0.000693279 -0.000823363 0.000107109 -0.000481816 -0.000244774 0.000343505 0.000176761 0.000379303
internal_weight=263554 78694 22700 10301 12399 55994 53291 21835 21396 5291 10245 2578 1770 2713 10033 31456 17962 4305 13494 11114 8133 3464 2380 1421 184860 19551 17608 10684 165309 93092
internal_count=263554 78694 22700 10301 12399 55994 53291 21835 21396 5291 10245 2578 1770 2713 10033 31456 17962 4305 13494 11114 8133 3464 2380 1421 184860 19551 17608 10684 165309 93092
is_linear=0
shrinkage=0.05


Tree=127
num_leaves=31
num_cat=0
split_feature=27 29 24 24 5 0 24 26 27 0 4 21 16 18 7 22 19 27 27 1 21 18 0 24 5 0 22 22 21 12
split_gain=2.83113 2.43588 5.76916 3.61538 2.89151 3.46511 2.66393 2.12626 3.09284 2.86797 3.76202 2.81749 3.22539 2.73379 3.41505 3.32358 9.06404 6.93315 4.18821 5.92032 12.7485 9.84104 6.70444 4.90843 8.65386 7.00461 4.82522 4.26753 4.03443 3.5639
threshold=37.500000000000007 -3.1903952382278615 7.5000000000000009 11.500000000000002 1.1674336495483042 4.6426673853605518 9.5000000000000018 1.0000000180025095e-35 32.500000000000007 4.6098625740792736 -0.077521056962204474 29.500000000000004 3.0282371891215401 0.096941918992014112 1.1926585445815248 7.5000000000000009 7.8226880836937971 20.500000000000004 19.500000000000004 249.00000000000003 31.500000000000004 18.654576501014109 4.5790689627974688 25.500000000000004 0.7103432039503933 4.6638718775261703 13.500000000000002 30.500000000000004 28.500000000000004 0.10514702172253368
decision_type=2 2 2 2 2 2 2 2 2 2 2 2 2 2 2 2 2 2 2 2 2 2 2 2 2 2 2 2 2 2
left_child=1 2 -1 4 -4 6 -6 13 9 10 11 -9 -13 14 -3 16 -15 -18 23 27 21 -21 -23 -17 25 -25 -24 28 -20 -19
right_child=-2 7 3 -5 5 -7 -8 8 -10 -11 -12 12 -14 15 -16 18 17 29 19 20 -22 22 26 24 -26 -27 -28 -29 -30 -31
leaf_value=0.00046207081421178596 -0.00063765316504623857 -0.00017605533689938973 -0.0098888892940780931 0.0037217843100092272 -0.0033205327005202292 -0.0012499909511085945 -0.038544190609520593 -1.9195396604036608e-05 0.001884356858962447 -0.00026975311955994811 0.0064789146334958891 -0.0094647629395379837 0.00031699061993857277 0.00082641177252216515 0.0015762367334853534 0.00010535164030792853 -9.3381858222683423e-05 -1.9881607757591156e-05 -0.00028979183351958383 0.0016858842288294791 -0.0002438350722356323 0.0051261512894108059 -0.0010135236916425977 0.003849524767146686 -0.00051233629475553244 8.2458252180388133e-05 0.0010228838693620605 -0.0003281198763542667 0.00024614399585524104 -0.00069400393781781863
leaf_weight=1517 1852 4363 379 106 183 727 231 137 345 18537 124 263 78 8884 155 112200 40146 3327 2574 934 2037 139 413 108 9884 14885 913 4377 25714 8410
leaf_count=1517 1852 4363 379 106 183 727 231 137 345 18537 124 263 78 8884 155 112200 40146 3327 2574 934 2037 139 413 108 9884 14885 913 4377 25714 8410
internal_value=-1.7389e-05 -3.62352e-06 -0.00138721 -0.00345633 -0.00407895 -0.00282208 -0.00647343 1.31699e-05 -0.000489118 -0.000573696 -0.0039701 -0.00598326 -0.00841642 5.40388e-05 -0.00116423 7.74661e-05 -0.000240919 -0.000493609 0.000188544 0.000659822 0.00237376 0.00484369 0.00228669 6.09888e-05 -0.000574425 0.000182753 0.00119155 0.000427064 0.000651868 -0.00156258
internal_weight=263942 262090 3143 1626 1520 1141 414 258947 19484 19139 602 478 341 239463 4518 234945 60767 51883 174178 37101 4436 2399 1465 137077 24877 14993 1326 32665 28288 11737
internal_count=263942 262090 3143 1626 1520 1141 414 258947 19484 19139 602 478 341 239463 4518 234945 60767 51883 174178 37101 4436 2399 1465 137077 24877 14993 1326 32665 28288 11737
is_linear=0
shrinkage=0.05


Tree=128
num_leaves=31
num_cat=0
split_feature=24 24 0 28 3 17 18 18 0 1 4 4 0 24 16 4 28 21 1 6 24 18 1 7 16 21 23 0 18 28
split_gain=4.08219 4.15275 8.74591 4.1785 4.08521 4.00224 3.88917 3.80469 5.94273 7.54687 6.33881 4.46145 5.56988 4.39201 4.47085 4.3124 3.75119 3.52944 6.83561 5.05027 3.7238 3.47292 3.38657 3.36209 3.33848 3.27643 3.25948 3.92874 3.22449 3.1902
threshold=10.500000000000002 6.5000000000000009 4.688499415564281 31.500000000000004 0.57855146471576868 4.5000000000000009 81.762926457593622 43.562536307972401 5.0085047394125981 161.00000000000003 -0.17182479100248296 -0.077521056962204474 4.8022471230451886 8.5000000000000018 0.79090886409392647 -0.54491434864628052 13.500000000000002 35.500000000000007 157.00000000000003 0.8454790669376645 2.5000000000000004 15.849253963480669 241.00000000000003 0.59367885758365302 1.6132327290763548 31.500000000000004 1.5000000000000002 4.6819840796372594 47.484748631825177 4.5000000000000009
decision_type=2 2 2 2 2 2 2 2 2 2 2 2 2 2 2 2 2 2 2 2 2 2 2 2 2 2 2 2 2 2
left_child=1 6 5 7 -2 -3 17 8 9 11 24 12 -4 21 -15 -14 28 19 -19 -1 23 -11 -22 -21 -10 -23 -25 -28 -9 -7
right_child=4 2 3 -5 -6 29 -8 16 10 13 -12 -13 15 14 -16 -17 -18 18 -20 20 22 25 -24 26 -26 -27 27 -29 -30 -31
leaf_value=-1.8214156978406021e-05 6.3750060379036316e-05 -0.010695649709052584 -0.011584424060892837 0.0011541827177630039 -0.001245947258196425 -0.0076197444851728085 -0.0057047905521575822 0.0040325329548072959 0.0019031669732823648 0.0033222691047759961 -0.00024914503594014001 -0.011784319394679145 0.0029317922983427471 -0.0049629171282381838 -0.00046415399682574253 -0.0020859036045115277 0.0028163976950164441 0.00012853689359004991 -0.0015979523822412405 0.0014022544923341922 0.00059021111726462411 -0.0024413630205956955 0.0016457354842486288 -0.0019012138353892032 -0.00027676767851654463 0.0016567864725661316 0.0013283024086773508 -0.0004016034015291534 -0.0016716596963547046 -0.0017869347770625385
leaf_weight=36007 184343 774 402 525 761 537 172 82 473 913 16770 307 91 694 1591 2654 351 2707 2669 366 3597 731 495 505 200 434 714 1128 258 2565
leaf_count=36007 184343 774 402 525 761 537 172 82 473 913 16770 307 91 694 1591 2654 351 2707 2669 366 3597 731 495 505 200 434 714 1128 258 2565
internal_value=1.90675e-05 -0.000282548 -0.000740971 -0.000416225 0.000147324 -0.00295924 5.17075e-06 -0.000505567 -0.0006057 -0.00175131 -9.22994e-05 -0.00349739 -0.00293613 -0.000369011 -0.00188184 -0.00213115 0.00315485 3.19594e-05 -0.00117559 0.000183595 0.00143277 0.00129452 0.00238514 -3.68476e-06 0.00466568 -0.00051502 -0.000698763 0.000276874 -0.000588234 -0.00215667
internal_weight=263816 78712 30352 26476 185104 3876 48360 25951 25260 7817 17443 3454 3147 4363 2285 2745 691 48188 5376 42812 6805 2078 4092 2713 673 1165 2347 1842 340 3102
internal_count=263816 78712 30352 26476 185104 3876 48360 25951 25260 7817 17443 3454 3147 4363 2285 2745 691 48188 5376 42812 6805 2078 4092 2713 673 1165 2347 1842 340 3102
is_linear=0
shrinkage=0.05


Tree=129
num_leaves=31
num_cat=0
split_feature=4 6 18 22 11 18 7 22 27 24 24 29 29 6 16 29 21 24 28 9 18 27 24 4 29 17 13 16 2 17
split_gain=2.21736 2.3667 4.61569 5.84896 3.77809 2.84653 2.75976 2.69672 2.5433 4.50638 2.6343 2.60803 2.71374 2.66636 2.51212 3.75457 5.15686 3.03451 2.59123 2.48131 3.01512 4.51828 2.62666 6.68747 5.49996 4.66539 3.9927 3.51687 4.06476 3.41308
threshold=0.37130062653243162 1.9524119417911521 18.13999714096234 21.500000000000004 2.9554244374167769 0.80007067171630586 0.80391203818278956 9.5000000000000018 9.5000000000000018 14.500000000000002 7.5000000000000009 -1.1598050193827298 -1.2218905403000824 2.0265819270546817 2.6470833565955236 -1.9534123769382994 32.500000000000007 11.500000000000002 53.500000000000007 0.77680467171974166 11.048218693646772 21.500000000000004 1.5000000000000002 0.016392840702711516 -1.0791108000276988 5.5000000000000009 0.22723151578076803 0.53496307822260436 -0.64998883102377925 7.5000000000000009
decision_type=2 2 2 2 2 2 2 2 2 2 2 2 2 2 2 2 2 2 2 2 2 2 2 2 2 2 2 2 2 2
left_child=1 14 3 4 5 -3 -4 -7 9 10 -8 12 13 -10 18 16 17 -16 19 22 21 -21 23 24 25 -1 29 28 -24 -26
right_child=-2 2 6 -5 -6 7 8 -9 11 -11 -12 -13 -14 -15 15 -17 -18 -19 -20 20 -22 -23 27 -25 26 -27 -28 -29 -30 -31
leaf_value=0.0035052552517565458 0.00086069339049970814 0.0017408318424121849 -0.001817689229700811 -0.00035244336564149871 0.0018909606252163797 -3.2305039015615188e-06 0.0016793621435746238 0.0010930796518382015 -0.0026515761171557379 0.00058826978839416407 -0.0053388035186582193 9.1391493911314225e-05 0.0038311770470716975 0.00152957940232783 -0.0018439424974377274 -0.00023125879920700128 0.0027975936029223372 0.0027309544923691908 0.0075123371438422923 -0.00089956517494368276 -5.3668917078552491e-05 -0.0024106691535329371 0.0003826193674305504 0.0017560612398403762 -1.4299814351842145e-05 -0.0022312549602541104 -0.0011422011935575801 6.809424019312761e-05 -0.00014858777119098601 0.002501840211377066
leaf_weight=274 17467 106 248 1097 454 738 122 850 56 475 739 2655 62 438 1001 22358 862 241 69 1280 2778 367 4792 3921 2074 152 2234 102306 93173 332
leaf_count=274 17467 106 248 1097 454 738 122 850 56 475 739 2655 62 438 1001 22358 862 241 69 1280 2778 367 4792 3921 2074 152 2234 102306 93173 332
internal_value=3.44315e-05 -4.18148e-06 0.000839553 0.00229584 0.00381285 0.00272727 -0.000145984 0.00219773 0.000134156 -0.0016991 -0.00385598 0.000896918 0.00401079 0.00277328 -3.26585e-05 -0.000512631 0.00150666 -0.000555554 2.227e-05 1.91417e-05 -0.00115254 -0.0028476 4.39183e-05 0.000880161 -0.000319778 0.00511737 -0.000818964 6.39253e-06 -0.000207726 0.000594349
internal_weight=263721 246254 8040 3245 2148 1694 4795 1588 4547 1336 861 3211 556 494 238214 24462 2104 1242 213752 213683 4425 1647 209258 8987 5066 426 4640 200271 97965 2406
internal_count=263721 246254 8040 3245 2148 1694 4795 1588 4547 1336 861 3211 556 494 238214 24462 2104 1242 213752 213683 4425 1647 209258 8987 5066 426 4640 200271 97965 2406
is_linear=0
shrinkage=0.05


Tree=130
num_leaves=31
num_cat=0
split_feature=0 24 21 27 3 28 24 23 29 18 7 24 24 18 24 0 7 13 17 23 0 27 21 21 29 13 5 9 13 18
split_gain=3.11615 5.83275 5.21849 4.45095 6.64615 5.58043 4.22247 3.83114 3.42773 5.14344 5.02585 3.30344 4.60956 4.59836 9.49239 5.88806 6.34284 5.60996 5.01606 4.91506 6.04561 4.3273 6.87645 4.015 4.12285 3.96309 5.06804 3.95019 3.80185 3.73651
threshold=4.6152523066285216 2.5000000000000004 27.500000000000004 26.500000000000004 -0.58435523989056748 28.500000000000004 23.500000000000004 1.5000000000000002 -0.26383335995364116 29.083260393587619 0.40862342127981116 9.5000000000000018 7.5000000000000009 31.375848613157462 14.500000000000002 4.7682863635691586 0.64691482527651478 0.20758951056781663 3.5000000000000004 3.5000000000000004 4.7985492905656644 27.500000000000004 35.500000000000007 30.500000000000004 -1.691767014093873 0.24669957163906123 1.9709976097904913 0.84916852147817357 0.63438487274310251 54.342627197387607
decision_type=2 2 2 2 2 2 2 2 2 2 2 2 2 2 2 2 2 2 2 2 2 2 2 2 2 2 2 2 2 2
left_child=1 3 -3 4 5 7 -4 -1 9 -8 -10 12 27 19 15 16 -15 -16 -19 -13 -21 -14 -23 -20 -25 -18 28 29 -27 -2
right_child=11 2 6 -5 -6 -7 8 -9 10 -11 -12 13 21 14 17 -17 25 18 23 20 -22 22 -24 24 -26 26 -28 -29 -30 -31
leaf_value=-0.0036115690037306727 4.3526285208336796e-05 -0.0051748334816537345 -0.001000336980377377 -0.00031203798271319184 0.0049059416134940295 -0.0048145808452213709 0.00129176596195529 0.0020118953998283346 0.0044018113756391702 -0.00075893098983877507 -0.001046094221011107 0.00015259719363482294 -0.00053944783543277892 -0.0066480299095752204 0.00055881184750012454 0.0024593941256964361 -3.1052499542601796e-05 0.0016197081356499367 -0.00058891273469731061 -0.00038601736673918801 1.4390730936358009e-05 -0.0052659757269251659 0.00102302828582053 0.0025703175057725466 -1.0543590156537783e-05 0.0040631795417437498 -0.0023407438913365932 -0.0021550575402874573 0.0022217802790302009 -0.0022582489808464301
leaf_weight=73 50594 252 12090 716 307 101 3278 476 197 2120 2345 90172 12385 272 4260 956 690 301 3389 11914 56617 1442 350 343 5196 648 237 469 478 1073
leaf_count=73 50594 252 12090 716 307 101 3278 476 197 2120 2345 90172 12385 272 4260 956 690 301 3389 11914 56617 1442 350 343 5196 648 237 469 478 1073
internal_value=5.79368e-05 -0.000512411 -0.000746474 0.00232517 0.00455591 0.00169231 -0.000656514 0.00367942 0.000239296 0.000952206 -0.00127459 0.000109726 -0.000190912 0.00022334 0.00101073 0.00342274 0.00206452 0.00042405 -0.000268717 0.000140137 -0.000179042 -0.000990335 -0.00328683 -0.00048275 0.000346634 0.0030151 0.00457814 2.64704e-05 0.00597691 6.79362e-05
internal_weight=263741 21955 20282 1673 957 650 20030 549 7940 5398 2542 241786 66313 175473 16770 3281 2325 13489 9229 158703 68531 14177 1792 8928 5539 2053 1363 52136 1126 51667
internal_count=263741 21955 20282 1673 957 650 20030 549 7940 5398 2542 241786 66313 175473 16770 3281 2325 13489 9229 158703 68531 14177 1792 8928 5539 2053 1363 52136 1126 51667
is_linear=0
shrinkage=0.05


Tree=131
num_leaves=31
num_cat=0
split_feature=27 0 17 3 21 5 27 24 22 24 27 3 21 21 5 0 6 20 14 2 17 27 18 18 3 24 24 28 0 0
split_gain=3.56203 3.45753 4.60624 4.14758 3.6518 4.45609 3.69161 3.60708 3.65473 4.80274 7.96469 7.84134 8.6704 6.34808 4.79323 3.72696 3.56577 3.91054 4.41517 3.71469 3.41281 3.93433 3.44156 3.30646 3.22888 3.77858 7.813 4.57912 4.01774 3.93508
threshold=2.5000000000000004 5.2303599386420521 6.5000000000000009 0.020694845740141476 28.500000000000004 0.50307064221808606 16.500000000000004 10.500000000000002 4.5000000000000009 5.5000000000000009 20.500000000000004 -0.49090066997545873 32.500000000000007 33.500000000000007 1.6863658757265843 4.6851294144313123 1.0000000180025095e-35 0.70940201632684652 5.0647189479613592 -2.2061208945628308 5.5000000000000009 11.500000000000002 26.341942685659273 16.344347621319347 -0.38080928179244405 6.5000000000000009 3.5000000000000004 33.500000000000007 4.5311910660572687 4.4439066730957402
decision_type=2 2 2 2 2 2 2 2 2 2 2 2 2 2 2 2 2 2 2 2 2 2 2 2 2 2 2 2 2 2
left_child=24 4 -3 -4 5 6 -2 8 -6 10 11 12 -10 16 -15 -11 -12 -18 -19 -20 -17 22 -22 -23 25 26 -1 28 -28 -27
right_child=1 2 3 -5 7 -7 -8 -9 9 15 13 -13 -14 14 -16 20 17 18 19 -21 21 23 -24 -25 -26 29 27 -29 -30 -31
leaf_value=-0.00023317568338842654 0.0026013437579104921 0.00028167047392437243 0.0019592431533224197 0.0008336195904949527 -0.00032712889986706551 -0.00028544277349889846 -0.00093161660018976347 1.277239904700357e-05 -0.003455757744544929 -0.0032529304296567982 -0.00062764430811368161 0.00038329083315356881 -0.000559043398331236 -0.0015997745197313597 0.00059035480077974966 -0.0007197465182520931 0.0006719218820280318 -9.9178085481758883e-05 -0.00063509479398185509 0.0010740871136312052 0.000586296687602681 -0.00099031128622341564 0.0034084489222991122 0.0005451745652739231 0.00011549804646709868 0.012937944712104741 -0.030713735983469714 -0.0016916754013969273 0.0021855469553220168 0.00015763803012052772
leaf_weight=755 398 2317 66 214 4824 15010 149 85106 1086 2988 221 1578 2253 1405 841 5947 5686 2129 58 229 911 1422 194 1378 119916 62 52 106 919 5298
leaf_count=755 398 2317 66 214 4824 15010 149 85106 1086 2988 221 1578 2253 1405 841 5947 5686 2129 58 229 911 1422 194 1378 119916 62 52 106 919 5298
internal_value=-8.38533e-06 -0.000185836 0.0016211 0.00767857 -0.000220904 -0.000941054 0.00349177 -0.000126166 -0.000568626 -0.000351972 0.000240864 -0.0014216 -0.00279425 0.00101429 -0.00134461 -0.00106698 0.00165085 0.00182177 0.000136591 0.00595819 -0.000597847 0.000550577 0.00307692 -0.000446427 0.000182051 0.00121107 0.0031714 0.00590529 0.00698249 0.000541046
internal_weight=263518 136410 2597 280 133813 15557 547 118256 33150 28326 15486 4917 3339 10569 2246 12840 8323 8102 2416 287 9852 3905 1105 2800 127108 7192 1832 1077 971 5360
internal_count=263518 136410 2597 280 133813 15557 547 118256 33150 28326 15486 4917 3339 10569 2246 12840 8323 8102 2416 287 9852 3905 1105 2800 127108 7192 1832 1077 971 5360
is_linear=0
shrinkage=0.05


Tree=132
num_leaves=31
num_cat=0
split_feature=28 28 24 24 5 26 21 28 18 22 24 3 16 24 28 28 17 27 18 24 6 28 5 28 14 21 3 3 24 14
split_gain=2.49513 3.06871 2.62374 3.89863 4.24386 3.30158 3.27927 3.95506 5.60097 4.13992 4.22653 4.37133 3.75399 3.27023 5.94602 7.14143 5.45313 4.36946 3.39966 8.33332 4.78283 3.56393 4.03035 3.28995 3.2438 3.61253 3.33105 3.46767 3.21602 3.45423
threshold=37.500000000000007 54.500000000000007 9.5000000000000018 8.5000000000000018 0.71544678143686402 1.0000000180025095e-35 38.500000000000007 17.500000000000004 14.885862422225669 17.500000000000004 1.5000000000000002 -0.70451740662227558 4.2645411521075323 28.500000000000004 6.5000000000000009 2.5000000000000004 9.5000000000000018 36.500000000000007 21.589410675069356 18.500000000000004 0.063193627739669814 23.500000000000004 0.98736738348680431 4.5000000000000009 3.3815553193664418 29.500000000000004 -1.0081313278807704 -0.94237699684084697 13.500000000000002 3.6453913440361085
decision_type=2 2 2 2 2 2 2 2 2 2 2 2 2 2 2 2 2 2 2 2 2 2 2 2 2 2 2 2 2 2
left_child=2 -2 3 6 -5 13 7 -1 -9 -10 -11 12 -12 18 15 17 -17 -15 21 23 -21 -4 28 -20 26 -26 -22 -28 -23 -30
right_child=1 -3 5 4 -6 -7 -8 8 9 10 11 -13 -14 14 -16 16 -18 -19 19 20 24 22 -24 -25 25 -27 27 -29 29 -31
leaf_value=-7.8114896359969625e-05 -0.00094940083393482092 0.008530283854873328 0.00012131524519737186 1.4500708279026055e-05 -0.0020507151870181903 -0.0002914985218868238 -0.00070155638138873276 0.00092016156483167542 -0.00077222900929712149 -0.0018345124118678358 0.0031700448337192199 -3.131181703918325e-05 -0.001557158009418176 -0.0001293173565455423 -0.00033807028653514353 0.00072176723954829364 -0.0013964058974540144 -0.0016221241967113006 -0.00017818045408432868 0.0023971875035479623 0.00097324253282677015 0.0015600505999427399 -0.00033221358441154686 0.00077845847130733007 -0.001058944505132561 -0.00010705284382208441 -0.0010869126118627373 8.4360224213976472e-05 -0.00029800230579351129 0.00085352965890170816
leaf_weight=49561 1303 52 103299 3407 4123 19486 3435 4482 2884 342 987 1110 215 13038 9792 3144 721 189 1467 130 2432 971 8702 11664 1356 4072 773 8729 1601 196
leaf_count=49561 1303 52 103299 3407 4123 19486 3435 4482 2884 342 987 1110 215 13038 9792 3144 721 189 1467 130 2432 971 8702 11664 1356 4072 773 8729 1601 196
internal_value=3.67527e-05 -0.00210332 4.78076e-05 -0.00021291 -0.00128818 0.000143721 -8.44218e-05 2.1831e-06 0.000908185 -0.00015529 0.00126978 0.0020372 0.00412646 0.000213496 -0.00029311 0.000269718 0.00216042 -0.000282754 0.000307171 0.000775235 6.06003e-05 0.00018228 -0.000653878 0.00172721 -1.09422e-05 -0.00102432 0.000449976 2.73639e-05 0.00100795 -0.000244851
internal_weight=263663 1355 262308 70546 7530 191762 63016 59581 10020 5538 2654 2312 1202 172276 26884 17092 3865 13227 145392 30623 17492 114769 11470 13131 17362 5428 11934 9502 2768 1797
internal_count=263663 1355 262308 70546 7530 191762 63016 59581 10020 5538 2654 2312 1202 172276 26884 17092 3865 13227 145392 30623 17492 114769 11470 13131 17362 5428 11934 9502 2768 1797
is_linear=0
shrinkage=0.05


Tree=133
num_leaves=31
num_cat=0
split_feature=18 19 12 24 24 17 7 27 11 27 26 4 20 11 27 2 2 5 1 12 5 28 19 15 28 18 11 27 16 24
split_gain=2.07793 2.18699 2.85859 3.24561 3.57166 10.173 9.89394 6.93288 7.68569 6.48969 6.41814 3.95308 6.89376 4.22559 3.46414 3.70356 3.45769 3.48691 3.13599 3.09734 3.19269 2.97959 3.38241 2.97539 2.97196 2.92329 2.83434 2.69288 4.82473 4.6826
threshold=0.032754806929359996 4.2761266608149802 0.09832585154006003 9.5000000000000018 13.500000000000002 4.5000000000000009 0.75463276786944278 8.5000000000000018 0.57687031218492468 21.500000000000004 1.0000000180025095e-35 -0.45009688409743603 0.71324172341942116 0.24424239983314552 29.500000000000004 -0.90432378349369269 -1.7070389538898059 2.6590401044876883 185.00000000000003 1.3662730699813521 0.96366298025398334 31.500000000000004 13.8824939102561 22.500000000000004 31.500000000000004 44.858287520818259 4.5038351693978269 22.500000000000004 5.2250839448840321 6.5000000000000009
decision_type=2 2 2 2 2 2 2 2 2 2 2 2 2 2 2 2 2 2 2 2 2 2 2 2 2 2 2 2 2 2
left_child=-1 -2 23 14 5 6 21 8 11 18 -8 13 19 24 15 27 -10 -18 -9 20 -13 22 -5 -3 25 -7 -6 28 -4 -29
right_child=1 2 3 4 26 7 10 9 16 -11 -12 12 -14 -15 -16 -17 17 -19 -20 -21 -22 -23 -24 -25 -26 -27 -28 29 -30 -31
leaf_value=-0.00016292233225030775 0.00025476465469437818 0.00013432955358874877 0.00015027022165000107 0.0010648088738335465 -4.9818164985010432e-05 -0.0059807603685312159 -0.0027627025991195757 0.0012009723429393586 -0.0078217648480302538 0.00039459760444179241 -0.025739444329303696 0.0015118720453767417 0.0030685894058053529 0.0028800650196274058 -0.0014896783789667303 -0.00033997926914306419 -0.00177081897510635 0.002314319060901317 0.0030587779052547144 -0.0028028083026899286 0.0023843248024861315 0.0037464351853327103 -0.00096130845761962255 -0.0010851587319165197 0.0032944241326467089 0.0037739971286133893 0.00044895172853788053 0.00073781169507280064 -0.0030514751178020837 -0.0015411805411819275
leaf_weight=3140 14265 50597 3893 5380 117630 698 1699 1433 348 2499 212 2679 504 478 3105 40541 1849 143 999 274 322 57 3553 1518 61 88 1766 3027 606 659
leaf_count=3140 14265 50597 3893 5380 117630 698 1699 1433 348 2499 212 2679 504 478 3105 40541 1849 143 999 274 322 57 3553 1518 61 88 1766 3027 606 659
internal_value=2.06055e-05 3.59943e-05 1.1771e-06 -8.69383e-05 3.61681e-05 0.000602768 -0.000510961 0.00158384 0.000620635 0.00303792 -0.00377813 0.00170847 0.00253242 -0.000641508 -0.000425806 -0.000322619 -0.00175214 -0.000948794 0.00487665 0.00169466 0.00215928 0.000183538 0.000110826 0.000330041 -0.00276269 -0.00358779 -7.42894e-05 0.000647527 -0.000173371 0.00164949
internal_weight=264023 260883 246618 194503 142672 23276 10901 12375 7444 4931 1911 5104 3779 1325 51831 48726 2340 1992 2432 3275 3001 8990 8933 52115 847 786 119396 8185 4499 3686
internal_count=264023 260883 246618 194503 142672 23276 10901 12375 7444 4931 1911 5104 3779 1325 51831 48726 2340 1992 2432 3275 3001 8990 8933 52115 847 786 119396 8185 4499 3686
is_linear=0
shrinkage=0.05


Tree=134
num_leaves=31
num_cat=0
split_feature=0 4 27 28 29 17 3 27 14 29 29 19 29 18 1 28 27 29 26 28 27 22 0 18 14 29 3 1 0 29
split_gain=2.53481 4.58862 4.87058 6.0046 3.93949 3.84985 3.64574 3.54196 3.33029 2.91363 4.80194 2.73873 3.2116 5.06155 3.16316 2.97263 3.36271 4.39475 3.35888 3.39642 4.572 5.01827 3.5299 3.2175 4.13324 3.11854 3.73226 3.76361 3.0688 3.04428
threshold=4.8882269033423915 -0.43753426832425962 5.5000000000000009 7.5000000000000009 -1.0546084750942197 7.5000000000000009 0.57855146471576868 1.0000000180025095e-35 2.5665591045421428 0.026122464580513982 2.1505055889027402 0.02157647884892076 -0.079601987813108552 43.562536307972401 293.00000000000006 2.5000000000000004 30.500000000000004 -1.1041871305606306 1.0000000180025095e-35 19.500000000000004 19.500000000000004 4.5000000000000009 4.7640480011832471 1.390733452337042 2.2410920574041362 -1.1041871305606306 -0.72450570409769888 225.00000000000003 4.8459066944144054 -0.60559424458584032
decision_type=2 2 2 2 2 2 2 2 2 2 2 2 2 2 2 2 2 2 2 2 2 2 2 2 2 2 2 2 2 2
left_child=6 2 8 -4 -5 -6 7 -1 -2 11 -11 -9 15 14 -14 25 18 23 -17 20 21 -20 -21 -18 -25 26 27 -13 -22 -24
right_child=1 -3 3 4 5 -7 -8 9 -10 10 -12 12 13 -15 -16 16 17 -19 19 22 28 -23 29 24 -26 -27 -28 -29 -30 -31
leaf_value=0.0029570556901891386 0.0017994885464482945 1.6104758161196317e-05 0.000949711040010872 0.0010830857245726464 -0.00030416919052533549 0.00079175248956903739 -0.0030556049464972009 -0.0015153675761946078 7.3402712200835077e-05 -0.006172957054129475 -0.00036718932831820571 0.00040643169310895208 0.00031590898940863678 0.0034783682464656612 -0.00061962494207284979 -3.8323612145746953e-05 0.0030880080616695711 6.270764476249812e-05 0.0033053156537835079 -0.0059725720617498645 -0.0013011451015210421 0.00010564193351560042 -0.0030817398094614345 -0.00054903186662916606 0.0037042965261830743 -0.00017572168498207258 -0.0060441370818025454 -0.0031362913452650724 -0.0039571937991182641 0.00067107882387171778
leaf_weight=253 521 165299 1149 403 2203 135 400 330 277 819 6486 852 3542 106 55 68344 144 1676 220 852 1083 1340 575 347 457 4155 538 632 108 418
leaf_count=253 521 165299 1149 403 2203 135 400 330 277 819 6486 852 3542 106 55 68344 144 1676 220 852 1083 1340 575 347 457 4155 538 632 108 418
internal_value=-2.79831e-05 8.71255e-05 0.00162969 0.000899744 -0.000372126 -0.00115911 -0.000236738 -0.000216323 0.00518797 -0.000232382 -0.00119096 -0.000150744 -0.000133185 0.00130705 0.000989715 -0.00019843 -0.000112222 0.00164634 -0.000175486 -0.0014839 -0.000370773 0.00141026 -0.00314363 0.00436709 0.00313433 -0.00125303 -0.0028635 -0.00157008 -0.00270361 -0.00111782
internal_weight=263719 169987 4688 3890 2741 2338 93732 93332 798 93079 7305 85774 85444 3703 3597 81741 75564 2624 72940 4596 2751 1560 1845 948 804 6177 2022 1484 1191 993
internal_count=263719 169987 4688 3890 2741 2338 93732 93332 798 93079 7305 85774 85444 3703 3597 81741 75564 2624 72940 4596 2751 1560 1845 948 804 6177 2022 1484 1191 993
is_linear=0
shrinkage=0.05


Tree=135
num_leaves=31
num_cat=0
split_feature=27 21 24 0 5 5 5 18 7 29 18 15 3 13 5 0 1 1 18 29 13 0 2 0 15 5 7 12 15 29
split_gain=2.65465 4.8556 9.16719 7.26138 5.65569 5.42115 4.51017 4.45768 4.06562 4.68328 4.02117 3.98799 3.51208 4.52069 3.60515 3.31819 3.10738 3.00026 7.79503 2.90023 2.69314 2.63046 2.52734 2.56994 3.42684 2.61576 2.94485 2.57134 2.5221 2.4929
threshold=27.500000000000004 35.500000000000007 6.5000000000000009 5.0026325636191329 1.8709337091417737 4.1755266833202755 2.8531236761025296 37.582006658413199 0.89503252676652878 -0.14093016171411588 48.954811645103682 7.5000000000000009 -0.49090066997545873 0.30766669672913755 2.1790946396082007 4.6461108844735088 225.00000000000003 249.00000000000003 8.3094588104853688 -1.0072396594512696 1.9045151904138669 4.7867880060511725 -1.8159534694302721 4.5208249664032918 16.500000000000004 0.70605406841163465 0.78940483672180595 1.5665519009375342 5.5000000000000009 0.65717519895737342
decision_type=2 2 2 2 2 2 2 2 2 2 2 2 2 2 2 2 2 2 2 2 2 2 2 2 2 2 2 2 2 2
left_child=29 2 8 10 -5 7 28 12 22 -10 -4 -12 13 14 17 -9 -14 -3 19 -19 -7 -16 -2 25 27 -24 -27 -25 -6 -1
right_child=1 5 3 4 6 20 -8 15 9 -11 11 -13 16 -15 21 -17 -18 18 -20 -21 -22 -23 23 24 -26 26 -28 -29 -30 -31
leaf_value=3.1031095207741269e-05 -0.0015952060618926814 -6.6792817264657228e-05 -0.0024593110877891488 0.00088090256264172762 -0.0076686171583878835 -0.00093464991977000264 2.7547250195815711e-05 -0.00058613470872441659 -5.0562659012724201e-05 0.0012727029341997832 0.0016063173849965773 -0.0015985421585411096 0.00040465955331805774 -0.00088992250803308784 0.00014021903995544335 0.003105139739662921 0.0049019915101144416 0.0031496868568926927 -0.0025425947813171876 0.0013312328455792814 -0.0032579848719898213 0.005115329627620565 -0.010900457013137478 -0.00014652372788460282 0.00091449180844951645 0.0075563757336555987 -0.0098231537996968064 0.0013884276466139094 -0.00080395181718505857 -0.00031656403887267025
leaf_weight=229334 69 2259 5683 835 131 791 435 232 610 755 413 229 2620 2299 69 519 68 79 180 167 82 105 115 1898 286 140 51 197 98 13044
leaf_count=229334 69 2259 5683 835 131 791 435 232 610 755 413 229 2620 2299 69 519 68 79 180 167 82 105 115 1898 286 140 51 197 98 13044
internal_value=-5.72299e-06 -0.00053934 -0.00120971 -0.00221498 0.000913944 0.000306231 -0.00253012 0.00068745 0.000698861 0.0029304 -0.00295652 0.000794394 0.000335204 -0.000428459 0.000898917 0.00436751 0.0018006 0.000446929 0.00429578 0.0100813 -0.00344788 0.00787356 -0.000406385 -0.00016375 0.000390593 -0.00447712 -0.000890051 -0.000310261 -0.00820961 4.14241e-05
internal_weight=263793 21415 11945 7824 1499 9470 664 8597 4121 1365 6325 642 7846 5158 2859 751 2688 2685 426 246 873 174 2756 2687 2381 306 191 2095 229 242378
internal_count=263793 21415 11945 7824 1499 9470 664 8597 4121 1365 6325 642 7846 5158 2859 751 2688 2685 426 246 873 174 2756 2687 2381 306 191 2095 229 242378
is_linear=0
shrinkage=0.05


Tree=136
num_leaves=31
num_cat=0
split_feature=16 22 11 14 24 0 6 18 29 22 2 18 14 27 18 24 27 5 18 11 2 19 29 3 6 13 11 29 29 18
split_gain=2.34852 3.39286 2.97522 3.04284 2.88252 2.82564 4.04388 2.77039 2.70224 2.57969 2.46031 2.39732 2.75185 2.62972 2.45701 3.30401 2.39794 2.73035 3.26203 2.42624 2.34616 2.31952 2.27351 2.242 2.23648 2.27406 4.2211 2.5496 2.09638 2.60337
threshold=2.706609501487613 2.5000000000000004 2.037421443776982 10.446576196758164 28.500000000000004 4.9097895749028941 0.85636459197469328 81.762926457593622 -2.0687998472287839 32.500000000000007 -1.2290540771446123 1.9076461104355007 5.0647189479613592 16.500000000000004 30.205303573953547 23.500000000000004 31.500000000000004 1.5965403567415211 17.90222804204377 2.7566182520224847 -2.4789605954257139 2.4189972645769453 -0.15722160775239588 0.57855146471576868 0.41530216461336861 0.018644057129502966 0.44859146762963703 -0.13373295985531666 0.56051074655438726 0.054903876563013647
decision_type=2 2 2 2 2 2 2 2 2 2 2 2 2 2 2 2 2 2 2 2 2 2 2 2 2 2 2 2 2 2
left_child=2 21 7 9 5 24 -7 23 -6 -4 -9 12 -8 14 15 -13 17 18 19 -15 22 -2 -10 28 -3 26 -26 -28 29 -1
right_child=1 4 3 -5 8 6 11 10 20 -11 -12 13 -14 16 -16 -17 -18 -19 -20 -21 -22 -23 -24 -25 25 -27 27 -29 -30 -31
leaf_value=-0.00015332362701595554 0.0015173085128748832 -0.0025456003848671731 0.00046889683871474599 0.0031357538916344943 0.0028668576133734076 -0.00017628932722787947 0.0023320433327519764 0.0019816977984144848 0.001754240887740971 -0.0013083586750667064 -0.0028450356459500336 0.00029900821674772092 0.00020998151294263258 0.0013509464017744516 0.0022259867747526805 -0.0016579666620992644 -0.00099301595416341221 0.00021145114903023477 0.00020134991536081522 0.0021529832615839596 -0.00083688560600834116 -0.0012126092706764386 -0.0014730293368929905 -0.0011732550950035801 -0.0010735443812227806 -0.00014151135781862565 0.00073608785280093573 0.0029008377449106513 -0.00024601765632912653 5.065260627212887e-05
leaf_weight=3649 60 171 6444 131 61 1073 69 68 113 454 571 816 68 241 65 82 91 174 138 71 2710 2354 60 956 504 19025 850 198 17454 204882
leaf_count=3649 60 171 6444 131 61 1073 69 68 113 454 571 816 68 241 65 82 91 174 138 71 2710 2354 60 956 504 19025 850 198 17454 204882
internal_value=1.1344e-05 -0.000413188 6.38095e-05 0.00107697 -0.000250187 -6.64229e-05 0.00139889 3.25172e-05 -0.00172554 0.000933605 -0.00325508 0.00283747 0.00919708 0.00231824 0.00061267 -6.6814e-05 0.00461539 0.00572116 0.00777778 0.010609 -0.00194589 -0.00220795 0.00369942 4.17742e-05 -0.000270386 -0.000223063 0.00161727 0.00342557 5.19958e-05 9.60541e-05
internal_weight=263603 28994 234609 7029 26580 23636 2888 227580 2944 6898 639 1815 137 1678 963 898 715 624 450 312 2883 2414 173 226941 20748 20577 1552 1048 225985 208531
internal_count=263603 28994 234609 7029 26580 23636 2888 227580 2944 6898 639 1815 137 1678 963 898 715 624 450 312 2883 2414 173 226941 20748 20577 1552 1048 225985 208531
is_linear=0
shrinkage=0.05


Tree=137
num_leaves=31
num_cat=0
split_feature=15 16 6 19 20 19 27 4 1 12 17 5 0 28 11 13 12 0 19 12 4 24 27 13 28 24 13 3 27 11
split_gain=3.13636 3.59835 5.01475 4.64398 3.47392 2.49638 2.18296 2.15857 2.84414 2.55875 2.44731 3.00887 2.52632 2.46178 2.25255 2.60196 2.16087 2.14878 2.12559 2.05985 1.99881 2.00356 1.97361 1.89253 2.75805 5.59945 4.4139 4.07876 4.52913 4.25938
threshold=22.500000000000004 0.11740296863049494 0.0093013831142493061 3.2988712152591364 0.72054207635881962 20.366030643885122 12.500000000000002 0.12752393349134036 105.00000000000001 0.096619454592744805 6.5000000000000009 0.50556665514772647 4.4439066730957402 24.500000000000004 0.25685888386045203 0.7014537670687695 0.13263977167187282 4.4236054436470065 46.799364627600305 1.5665519009375342 0.14338744681066828 30.500000000000004 37.500000000000007 0.17362021124821655 23.500000000000004 8.5000000000000018 0.16690841604635143 -0.69829582612706542 10.500000000000002 3.8081322656428704
decision_type=2 2 2 2 2 2 2 2 2 2 2 2 2 2 2 2 2 2 2 2 2 2 2 2 2 2 2 2 2 2
left_child=17 2 4 -4 6 -3 -2 8 -5 -9 12 13 -10 -12 16 -16 -13 20 -11 -7 21 -1 23 24 27 -26 -27 28 -19 -29
right_child=1 5 3 7 -6 19 -8 9 10 18 11 14 -14 -15 15 -17 -18 22 -20 -21 -22 -23 -24 -25 25 26 -28 29 -30 -31
leaf_value=-0.0033553355755075818 -0.0013337933304076474 0.00039578909503277902 0.001647379477338401 0.001859769404890092 -2.9760699909627173e-05 -0.0032352136154301528 -0.0040967091592860978 0.00019844507362384384 0.0065376551148587734 -0.0031294727399402453 -0.0046626799783655772 -0.0033862598719625763 0.00021350119888809173 0.0019388540542655021 -0.004208778303973401 0.0049381723956260877 0.0043763291304462658 -0.00039615927947375651 -0.0038373904122879867 0.0017717682157869707 0.0084666712130645558 0.0014591605937855859 -0.00058175521578923304 -4.4859034437640902e-05 0.00051372338155356316 -0.00034787283656524437 0.0013459142679101168 3.2492317219975114e-05 0.00029763410189147872 0.0013489466360002041
leaf_weight=2019 150 265 145 562 252 1031 183 208 50 244 298 97 1391 52 276 102 189 2190 110 82 96 152 1623 155597 3546 9729 306 66887 15694 380
leaf_count=2019 150 265 145 562 252 1031 183 208 50 244 298 97 1391 52 276 102 189 2190 110 82 96 152 1623 155597 3546 9729 306 66887 15694 380
internal_value=-3.24725e-05 -0.00119395 -0.000482709 0.000193342 -0.00478632 -0.003418 -0.00813814 -0.000162055 0.000367916 -0.00300712 -0.000366598 -0.00224852 0.000957669 -0.006 -0.000271083 -0.00280423 0.00307692 -6.89218e-06 -0.00559322 -0.00445642 -0.00153948 -0.00185168 6.68213e-06 1.77734e-05 0.000188998 -0.000472718 -0.00107623 0.000294537 0.000965669 0.000116106
internal_weight=263906 5687 4309 3724 585 1378 333 3579 3017 562 2455 1014 1441 350 664 378 286 258219 354 1113 2267 2171 255952 254329 98732 13581 10035 85151 17884 67267
internal_count=263906 5687 4309 3724 585 1378 333 3579 3017 562 2455 1014 1441 350 664 378 286 258219 354 1113 2267 2171 255952 254329 98732 13581 10035 85151 17884 67267
is_linear=0
shrinkage=0.05


Tree=138
num_leaves=31
num_cat=0
split_feature=18 22 21 27 1 27 3 2 3 4 29 22 13 6 14 21 5 18 11 29 3 29 12 18 3 22 22 2 27 5
split_gain=3.23931 5.58052 14.2709 9.04146 3.05632 2.58299 2.45231 2.3113 2.20532 2.2462 2.34623 2.4006 2.32985 4.88149 2.66974 2.72893 2.70259 2.55524 2.48635 2.30231 2.4363 2.14106 3.30142 2.63708 5.05754 3.43842 3.33859 2.40594 2.26072 2.21067
threshold=0.096941918992014112 4.5000000000000009 34.500000000000007 19.500000000000004 201.00000000000003 32.500000000000007 -0.89745021559209626 -0.21357624261151711 0.50151335931805185 0.41975972397786582 -0.27061159832106957 8.5000000000000018 0.81934636807115546 0.24501331494547204 0.96027993280213353 34.500000000000007 0.68180530810032758 81.762926457593622 0.75742808558791541 -1.4571161936178669 0.041555590305047442 -1.6214020128300053 4.4595888404849635 30.791296185257895 -1.2191137675399151 26.500000000000004 6.5000000000000009 -0.45117095919678624 12.500000000000002 0.68977667960227718
decision_type=2 2 2 2 2 2 2 2 2 2 2 2 2 2 2 2 2 2 2 2 2 2 2 2 2 2 2 2 2 2
left_child=1 2 3 -1 -3 6 -5 -4 9 12 -11 -12 17 -14 18 21 -17 -2 -15 20 -18 27 -23 24 -24 26 -26 29 -25 -16
right_child=8 4 7 5 -6 -7 -8 -9 -10 10 11 -13 13 14 15 16 19 -19 -20 -21 -22 22 23 28 25 -27 -28 -29 -30 -31
leaf_value=0.0015760658579467856 -2.4855792122593702e-05 -0.00026713707027802355 0.0028792502401488833 -1.6914743948695286e-06 -0.0013219422998254667 0.00037510588599626603 -0.00018523003984845677 0.0011756733185163733 -0.00073310428091387077 0.010972922094979923 -0.0015733546107434548 0.0029482926789484135 0.0016335866710963595 -0.000656425999328179 0.0047488835019080834 0.0011819343773482416 0.0013565756573534402 -0.0015358061402649438 0.00089823401755870507 -0.00032090840650561038 -0.0018631224217580972 0.00026200695771140265 0.0041742941724801181 0.0020281754138360454 -0.0013564224328829605 -0.002887694559297535 0.002138669008797678 -0.004262115933544859 -0.0007966264967536864 -0.00080869401006074216
leaf_weight=178 202663 3540 79 55 913 50 209 186 3189 150 1282 2611 701 7269 69 329 679 822 1589 4846 67 29304 127 113 75 69 261 90 154 2038
leaf_count=178 202663 3540 79 55 913 50 209 186 3189 150 1282 2611 701 7269 69 329 679 822 1589 4846 67 29304 127 113 75 69 261 90 154 2038
internal_value=-1.32332e-05 -0.0012476 0.00272127 -0.00231707 -0.0019223 -0.00742038 -0.00939394 0.0120755 1.16454e-05 2.79674e-05 0.00119713 0.0009607 9.15487e-06 0.000323358 0.000261689 0.000442951 -0.000543826 -6.46227e-05 -0.000520432 -0.000802932 0.00178284 0.00062384 0.000733815 0.00390488 0.00593985 0.00320988 0.00529762 -0.000883021 -0.000149812 -0.000541052
internal_weight=263707 5210 757 492 4453 314 264 265 258497 255308 4043 3893 251265 47780 47079 38221 5921 203485 8858 5592 746 32300 30103 799 532 405 336 2197 267 2107
internal_count=263707 5210 757 492 4453 314 264 265 258497 255308 4043 3893 251265 47780 47079 38221 5921 203485 8858 5592 746 32300 30103 799 532 405 336 2197 267 2107
is_linear=0
shrinkage=0.05


Tree=139
num_leaves=31
num_cat=0
split_feature=29 24 24 6 0 19 6 0 27 1 17 29 13 11 12 22 27 19 28 27 4 19 11 6 19 29 6 11 6 26
split_gain=2.2437 5.73126 3.22679 2.83166 2.6008 2.53942 2.73068 2.96836 2.52947 3.13586 2.89802 2.48577 2.34286 2.79629 2.30728 2.22432 8.35552 6.33819 11.3004 10.2332 5.4667 4.7294 3.77983 3.27636 5.57225 3.24016 4.37419 2.91173 4.11258 2.61177
threshold=-3.1903952382278615 7.5000000000000009 11.500000000000002 2.6742267498477394 4.7946504408654791 42.526204841942032 3.0241792532641099 4.7380940108345344 10.500000000000002 185.00000000000003 6.5000000000000009 -4.5835963978295169 0.05458365522592127 0.1779733106502803 1.629361002228974 3.5000000000000004 19.500000000000004 0.38025422428337641 10.500000000000002 28.500000000000004 -0.25513800502060524 4.9612530075306447 0.03502285097609234 0.04061927638801887 59.99486014821899 -0.62662308157277502 0.13319415438563156 0.43553005262734251 0.6368491497175589 1.0000000180025095e-35
decision_type=2 2 2 2 2 2 2 2 2 2 2 2 2 2 2 2 2 2 2 2 2 2 2 2 2 2 2 2 2 2
left_child=1 8 4 15 -3 6 7 -5 -1 -10 12 -6 -11 -14 -8 16 21 18 19 -18 -21 -2 -19 24 -17 26 -24 28 -23 -25
right_child=3 2 -4 5 11 -7 14 -9 9 10 -12 -13 13 -15 -16 23 17 22 -20 20 -22 27 25 29 -26 -27 -28 -29 -30 -31
leaf_value=0.0018328570798950763 0.0016947053101440683 -0.010173600782879287 0.0031248317543423661 0.003150275156484686 0.0064099790634676666 0.00037332080562836264 0.0010582165894447693 0.00020460254474581062 -0.0011570447549754828 0.0057973631750077442 0.0037813244840730546 -0.0030513799367683 -0.0061529362947368126 0.00079831180314542745 -0.0017576134648749752 -0.0002722490275389677 -0.00018688728682991312 1.3465033783763107e-05 0.0037130845624002264 0.0012739398178776731 -0.00011004760601194332 -6.3102719789726567e-05 0.0018033557298609906 5.5544488995626755e-05 0.0019217200021190177 -0.00093666312167615051 -0.00069722755089296582 -0.00064232114254760984 0.00077686402326266289 -0.00031989808423130216
leaf_weight=482 1303 1157 101 131 98 1486 129 96 416 63 94 259 99 390 92 4922 141 1217 54 158 72 11418 79 206805 240 3576 1682 6948 3062 17060
leaf_count=482 1303 1157 101 131 98 1486 129 96 416 63 94 259 99 390 92 4922 141 1217 54 158 72 11418 79 206805 240 3576 1682 6948 3062 17060
internal_value=1.3278e-06 -0.0013232 -0.00340557 1.73794e-05 -0.00398283 0.00192348 0.00522322 0.00907489 0.000854923 -0.000508473 0.00167183 -0.0002521 0.000289856 -0.000879344 0.00126697 3.13178e-06 -0.000403903 -0.00191718 0.004 0.000889489 0.00739131 6.07112e-05 -0.00230088 5.59335e-05 -0.00118946 -0.00287427 -0.00111868 -0.000117135 0.000286603 8.46504e-05
internal_weight=263830 3159 1615 260671 1514 1934 448 227 1544 1062 646 357 552 489 221 258737 29710 6979 425 371 230 22731 6554 229027 5162 5337 1761 21428 14480 223865
internal_count=263830 3159 1615 260671 1514 1934 448 227 1544 1062 646 357 552 489 221 258737 29710 6979 425 371 230 22731 6554 229027 5162 5337 1761 21428 14480 223865
is_linear=0
shrinkage=0.05


Tree=140
num_leaves=31
num_cat=0
split_feature=6 16 6 22 18 21 24 1 27 24 13 24 24 21 3 17 1 3 3 12 22 23 24 22 3 21 29 17 15 22
split_gain=2.05631 2.30338 1.88926 3.73293 5.58081 4.7656 4.05069 3.45823 3.38223 2.65949 3.63745 2.67264 2.60502 2.61908 2.26971 2.41533 2.04124 2.03248 2.26287 2.24487 2.02569 2.01814 1.89037 2.66325 2.54423 1.86911 6.06412 3.08853 2.91568 2.81033
threshold=0.351014517246446 0.50746203327686368 1.9524119417911521 25.500000000000004 15.371277410323176 32.500000000000007 14.500000000000002 253.00000000000003 19.500000000000004 8.5000000000000018 0.60269545744804309 4.5000000000000009 9.5000000000000018 39.500000000000007 -0.74535901174841468 5.5000000000000009 193.00000000000003 -1.2542658476511455 -1.1043935387134467 2.0608296616885724 28.500000000000004 4.5000000000000009 20.500000000000004 2.5000000000000004 -0.78844575234385028 38.500000000000007 -1.0308775640211452 6.5000000000000009 10.500000000000002 3.5000000000000004
decision_type=2 2 2 2 2 2 2 2 2 2 2 2 2 2 2 2 2 2 2 2 2 2 2 2 2 2 2 2 2 2
left_child=1 -1 25 4 5 7 9 14 -9 11 20 -5 -7 -14 17 -16 -13 19 21 -4 -11 -19 23 -6 -24 -2 28 -28 -27 -29
right_child=2 -3 3 6 22 12 -8 8 -10 10 -12 16 13 -15 15 -17 -18 18 -20 -21 -22 -23 24 -25 -26 26 27 29 -30 -31
leaf_value=9.554785178487668e-06 -4.0786976163113354e-05 0.00020925360494260023 0.00092594106360238844 -0.0050188989563243157 -0.0020251075768725935 -0.0040000370014225354 0.00045830850549011563 0.0010861668149995014 0.0015724539454673625 0.0074824447369880934 -0.0061825170709652391 0.0030710642914386038 -0.00020781938515150196 0.0013109261664054127 0.0014570825882626089 0.00021424767000438334 -0.0014693012290407153 -0.0025114335346125469 0.00084851879478506972 0.0038248785400088387 -0.0021169067815712283 0.0011826818381074646 -0.00020864476426241306 0.00066306623437287443 -0.0029616138994802027 0.00081510706043974297 -0.00059362282957346713 -0.0020039356876395851 -0.0018504894732213227 0.00012916539929710974
leaf_weight=60974 152919 31185 119 88 348 100 689 161 103 66 577 153 367 166 110 75 97 114 498 73 159 53 1727 2078 108 2238 5063 346 265 2605
leaf_count=60974 152919 31185 119 88 348 100 689 161 103 66 577 153 367 166 110 75 97 114 498 73 159 53 1727 2078 108 2238 5063 346 265 2605
internal_value=9.93959e-06 0.000200416 -9.24375e-05 0.000656372 0.00124194 0.00346571 -0.00132859 0.00519143 0.010303 -0.00315789 -0.00472568 0.000562131 -9.47855e-05 0.00129456 0.00389635 0.00891892 0.0032 0.00281214 0.00150376 0.00734375 0.000666668 -0.00353293 0.000229994 0.00114592 -0.000980925 -0.000129224 -0.000773984 -0.00144497 0.00137435 -0.000159267
internal_weight=263624 92159 171465 8029 6200 1939 1829 1306 264 1140 802 338 633 533 1042 185 250 857 665 192 225 167 4261 2426 1835 163436 10517 8014 2503 2951
internal_count=263624 92159 171465 8029 6200 1939 1829 1306 264 1140 802 338 633 533 1042 185 250 857 665 192 225 167 4261 2426 1835 163436 10517 8014 2503 2951
is_linear=0
shrinkage=0.05


Tree=141
num_leaves=31
num_cat=0
split_feature=14 2 11 18 22 28 27 27 9 24 29 27 0 24 12 8 5 19 28 29 14 5 29 24 0 18 5 24 0 27
split_gain=2.44456 2.24115 1.94362 2.86894 5.69694 2.97812 2.61989 2.38771 2.56755 2.83496 3.12004 3.36651 2.72018 2.6656 2.57481 2.07441 3.15723 2.73219 4.25696 3.69944 3.05488 2.38744 2.36923 5.57369 6.28624 9.29308 5.0079 4.12689 3.84941 3.82174
threshold=0.46434268168038045 2.4445728241884304 0.0202217690411708 0.64252069234894893 4.5000000000000009 11.500000000000002 28.500000000000004 47.500000000000007 0.7814472880881026 2.5000000000000004 -0.18126968021884013 11.500000000000002 4.4439066730957402 17.500000000000004 1.9797378991516592 0.70285278926205341 0.73534297043717756 22.67454580729736 2.5000000000000004 -0.094754131549607962 1.3173073788978713 0.76060303671141982 -0.90936145708900018 14.500000000000002 4.6786224635956151 31.967459209194732 1.630474832658535 6.5000000000000009 5.0026325636191329 10.500000000000002
decision_type=2 2 2 2 2 2 2 2 2 2 2 2 2 2 2 2 2 2 2 2 2 2 2 2 2 2 2 2 2 2
left_child=1 -1 3 4 5 -2 -5 8 12 -10 11 14 13 -4 -11 22 -17 18 20 -19 -18 -22 23 24 29 28 -25 -27 -26 -14
right_child=2 -3 7 6 -6 -7 -8 -9 9 10 -12 -13 15 -15 -16 16 17 19 -20 -21 21 -23 -24 26 25 27 -28 -29 -30 -31
leaf_value=-6.0662801311216982e-05 0.00064526847679194311 -0.00079361215790973061 0.0014189766961827306 0.00055116597417571248 -0.00073835636686052461 0.0034067201653848397 -0.0010339431330344444 0.0054344027465548887 -0.0028299251112054629 0.0011624053384123149 -0.0013849909231095541 -0.00024436332495669783 -0.0065326665517485595 -0.0046785172805067169 0.0047221516344336262 0.00040519610721473576 0.0018533398599897739 0.00057474537259359767 0.0091338615272425119 -0.0008094661116071531 0.010975153025303828 0.0047445559634700547 -1.1022483801188117e-05 0.00023356644400837287 -0.00062600546732518702 0.0005434258369991429 0.00093135811111320812 0.0032885653951173753 0.00076292383632956104 -0.00017121093474845738
leaf_weight=85253 103 586 330 15466 1060 69 825 50 306 498 2525 792 1529 683 57 13503 898 1007 100 633 137 475 116839 6014 5983 697 2706 1169 1787 1217
leaf_count=85253 103 586 330 15466 1060 69 825 50 306 498 2525 792 1529 683 57 13503 898 1007 100 633 137 475 116839 6014 5983 697 2706 1169 1787 1217
internal_value=2.41564e-05 -0.000194899 0.000130116 0.00063003 -0.00169643 0.00674419 0.000805968 7.53443e-05 7.19279e-05 -0.00115127 -0.000785123 0.00115813 0.000104749 -0.00247779 0.00414415 0.000121661 0.000647049 0.00204616 0.00350932 0.000609757 0.00284768 0.0055719 5.7852e-05 0.000545447 -0.000136487 0.000464924 0.00151376 0.00363344 -0.000296009 -0.0022469
internal_weight=263297 85839 177458 17523 1232 172 16291 159935 159885 4178 3872 1347 155707 1013 555 154694 16753 3250 1610 1640 1510 612 137941 21102 12382 9636 8720 1866 7770 2746
internal_count=263297 85839 177458 17523 1232 172 16291 159935 159885 4178 3872 1347 155707 1013 555 154694 16753 3250 1610 1640 1510 612 137941 21102 12382 9636 8720 1866 7770 2746
is_linear=0
shrinkage=0.05


Tree=142
num_leaves=31
num_cat=0
split_feature=2 2 19 12 24 24 16 24 24 15 29 5 1 11 22 4 29 29 29 19 29 1 8 5 12 24 1 16 16 24
split_gain=2.87089 2.99996 4.20375 3.18264 4.88061 3.73387 3.08474 3.99797 4.29212 4.46974 3.85321 3.25828 5.39911 3.07528 4.70226 3.21664 2.8472 2.82828 2.68812 2.75194 3.5588 3.08343 2.68752 2.56387 3.30133 3.1398 3.30031 3.0015 2.90172 2.83533
threshold=-1.6169592519082843 -0.19456295742253807 59.99486014821899 0.76641719927060337 2.5000000000000004 23.500000000000004 0.50746203327686368 1.5000000000000002 4.5000000000000009 13.500000000000002 -0.68361147894660335 0.49781600082513183 201.00000000000003 0.54896110403193366 7.5000000000000009 -0.077521056962204474 -0.022870959790247915 0.057494404704434877 0.65717519895737342 0.24464730749110022 -0.79697630201178449 221.00000000000003 0.38842949167894897 1.3975692289366604 0.27434899899890169 30.500000000000004 197.00000000000003 0.00066425331935711872 0.025853326908751001 18.500000000000004
decision_type=2 2 2 2 2 2 2 2 2 2 2 2 2 2 2 2 2 2 2 2 2 2 2 2 2 2 2 2 2 2
left_child=-1 2 23 4 -4 -6 7 10 9 -9 -3 12 16 -5 -15 -16 -12 -18 19 20 21 -8 -14 27 -25 26 28 -2 -26 -29
right_child=1 6 3 13 5 -7 18 8 -10 -11 11 -13 22 14 15 -17 17 -19 -20 -21 -22 -23 -24 24 25 -27 -28 29 -30 -31
leaf_value=0.00023158819059580652 0.0045270295206099173 0.0019137763075647838 -0.00084306523593851888 5.6484298110863994e-05 0.00010888846555579108 -0.00019201780196128018 0.002321750157209175 -0.0010043077293256108 -2.7172310696549126e-05 0.00043417522316665792 0.0039788241384780283 6.9526881658025177e-05 0.010707564700403665 -0.0004159986971154796 0.00097644670042103135 -0.00032481484488040998 -0.011216304743077762 -0.00035180920887573986 -0.00089775200609368668 0.00043437060401260816 -0.00054143067803035904 -0.003184409957260713 0.0051350940572579612 0.00012033390470920477 -0.0036727528747753316 -0.0015565762068221719 -0.00070211755515218945 -0.00018748873354859622 6.683362780342325e-05 -0.00048000657036730368
leaf_weight=14334 88 136 2830 8374 25249 11733 138 6326 74768 1130 136 2505 76 1139 3334 427 57 289 2648 49896 392 85 507 13020 163 292 3326 18725 5296 16355
leaf_count=14334 88 136 2830 8374 25249 11733 138 6326 74768 1130 136 2505 76 1139 3334 427 57 289 2648 49896 392 85 507 13020 163 292 3326 18725 5296 16355
internal_value=-1.6983e-05 -5.65254e-05 -0.000251197 6.93227e-05 -0.000154224 -1.08042e-06 9.79241e-05 -8.72792e-05 -0.000159685 -0.00130365 0.00151916 0.00120448 0.00352113 0.000739793 0.0017347 0.00258708 -0.00039419 -0.00280347 0.0003973 0.000478709 -0.00284553 0.00219731 0.00675815 -0.000548327 -0.00012626 -0.000858212 -0.000688673 -0.000813522 6.77792e-05 -0.000836658
internal_weight=263774 249440 110351 53086 39812 36982 139089 85930 82224 7456 3706 3570 1065 13274 4900 3761 482 346 53159 50511 615 223 583 57265 22097 9077 8785 35168 5459 35080
internal_count=263774 249440 110351 53086 39812 36982 139089 85930 82224 7456 3706 3570 1065 13274 4900 3761 482 346 53159 50511 615 223 583 57265 22097 9077 8785 35168 5459 35080
is_linear=0
shrinkage=0.05


Tree=143
num_leaves=31
num_cat=0
split_feature=24 29 24 21 3 23 20 24 23 22 17 1 29 2 27 4 16 18 27 24 21 19 24 3 24 11 27 16 4 24
split_gain=2.09281 3.41795 4.01494 5.2818 4.25357 4.07736 3.45896 4.97091 3.84948 4.09 3.75709 3.35618 4.62383 3.29838 3.51853 3.31068 3.29511 3.22982 3.16195 4.16001 5.90921 5.84567 3.10724 3.60234 4.43993 3.36091 3.09776 3.08236 3.07095 6.37079
threshold=11.500000000000002 -1.3267258088422953 14.500000000000002 33.500000000000007 -0.70451740662227558 4.5000000000000009 1.2782096704950086 28.500000000000004 2.5000000000000004 21.500000000000004 3.5000000000000004 165.00000000000003 -2.5608938885402721 -0.93350950224147011 11.500000000000002 -0.42032887886873266 0.016525580660306158 18.13999714096234 29.500000000000004 8.5000000000000018 34.500000000000007 2.4189972645769453 25.500000000000004 -0.45578255683736135 13.500000000000002 0.11986598464265888 12.500000000000002 1.3343746847726832 -0.32717719882239965 14.500000000000002
decision_type=2 2 2 2 2 2 2 2 2 2 2 2 2 2 2 2 2 2 2 2 2 2 2 2 2 2 2 2 2 2
left_child=18 2 3 5 -5 13 -3 8 10 28 -8 -4 17 -2 15 -15 -14 -13 -1 21 -21 -20 23 -12 -25 -24 -18 -7 -10 -30
right_child=1 6 11 4 -6 27 7 -9 9 -11 22 12 16 14 -16 -17 26 -19 19 20 -22 -23 25 24 -26 -27 -28 -29 29 -31
leaf_value=-6.4406385585754155e-05 -0.0030442732271255663 4.3263898172754171e-05 0.0014442126514507623 0.004022003503238991 -0.0015151719464540439 -0.0098557605837688786 0.00081217446456855976 -0.000695407758008618 0.00010167604340040509 -0.000633317068037997 -0.00028094641233694385 4.3923891592318041e-05 0.0031314906999792137 -0.00092924252745417478 0.0053276976635809412 0.0047411970506328546 0.0010718563942899906 0.0036221036794526294 0.0031800725129063068 -0.0079833687733205962 0.00018086623020827414 -0.00064099164496077092 0.0013368779139177897 0.0025990051948214027 0.00043631308868868798 0.00015899903693725615 -3.7019564571557052e-05 -0.0019731851568932793 0.0010702230021176974 -0.00091226930297160424
leaf_weight=80869 608 149668 810 316 126 316 483 2514 4663 3395 4531 73 56 555 108 124 1650 145 341 1126 665 3486 365 126 784 854 2769 440 245 1322
leaf_count=80869 608 149668 810 316 126 316 483 2514 4663 3395 4531 73 56 555 108 124 1650 145 341 1126 665 3486 365 126 784 854 2769 440 245 1322
internal_value=-2.37529e-05 7.47275e-05 0.00107831 -0.000543771 0.00443439 -0.00156671 2.66363e-05 -0.000603671 -0.000292818 -0.000945453 0.000586589 0.00184263 0.00132964 3.58435e-05 0.00217281 0.000839471 0.000983241 0.00844037 -0.000225351 -0.00137237 -0.00336125 -0.000441598 0.000277779 -0.000233412 0.00263736 0.00255948 0.000830506 -0.00452381 -0.000184589 -0.00209955
internal_weight=263533 177046 8096 2593 442 2151 168950 19282 16768 9625 7143 5503 4693 1395 787 679 4475 218 86487 5618 1791 3827 6660 5441 910 1219 4419 756 6230 1567
internal_count=263533 177046 8096 2593 442 2151 168950 19282 16768 9625 7143 5503 4693 1395 787 679 4475 218 86487 5618 1791 3827 6660 5441 910 1219 4419 756 6230 1567
is_linear=0
shrinkage=0.05


Tree=144
num_leaves=31
num_cat=0
split_feature=24 29 24 29 16 24 17 13 13 27 27 19 24 18 24 29 24 3 12 8 5 5 9 18 16 5 11 18 19 17
split_gain=1.82683 4.85693 4.51046 4.30158 3.89474 3.83983 4.48028 3.8172 4.90183 3.56141 5.0297 5.00378 4.19844 3.79015 3.76816 3.18407 4.80997 3.09637 3.09596 3.00146 2.9971 2.76819 3.23968 3.02739 2.75044 2.67511 2.66803 2.62146 2.84641 5.94371
threshold=9.5000000000000018 3.3334073898702967 7.5000000000000009 0.65717519895737342 6.3318920565616708 16.500000000000004 3.5000000000000004 0.17362021124821655 0.7402602832815055 5.5000000000000009 24.500000000000004 34.419190296246192 1.5000000000000002 12.78051326677349 4.5000000000000009 -3.1903952382278615 12.500000000000002 0.21542235901923742 4.4595888404849635 0.92912998012774339 4.1755266833202755 0.39860634539400308 0.46757628384700428 36.033537650131215 1.316230349320306 1.2182538079649634 0.1153944143705302 0.096941918992014112 17.900391597266253 8.5000000000000018
decision_type=2 2 2 2 2 2 2 2 2 2 2 2 2 2 2 2 2 2 2 2 2 2 2 2 2 2 2 2 2 2
left_child=2 15 7 4 -4 6 -3 19 9 12 11 13 24 -11 -14 16 -2 -8 -13 26 -10 22 -16 -23 -9 -25 -1 -17 29 -29
right_child=1 5 3 -5 -6 -7 17 8 20 10 -12 18 14 -15 21 27 -18 -19 -20 -21 -22 23 -24 25 -26 -27 -28 28 -30 -31
leaf_value=0.00027916690924409925 -0.01315306989646739 -0.0030344382049182776 -0.00048141057855292328 -0.0031051021302605942 -0.010066792605180626 3.9900066686941872e-05 0.0013419960728235395 0.0015605418364154312 0.0002978421465277888 -0.0027354573143107078 -0.000137023730480824 -0.00092291955054078258 -0.0016874392382396329 0.0025209603710475994 0.012330156356842177 -0.00018682122566072342 0.0035351417220814614 -0.00069281843420164967 0.0016627274974224022 -0.0014544303821919721 -0.001954784734034213 -0.00035049139523998297 0.0016597983200981785 -0.00054590842457949928 -0.0026319095511221093 0.0084792670501300012 8.2227685085545297e-05 0.0002278738782301565 -1.8508290933501292e-05 0.0018186435733356092
leaf_weight=8667 545 72 12804 2065 120 1442 1267 2547 10841 751 4013 3345 5351 50 95 3599 76 109 108 599 186 5188 381 56 191 82 13416 80440 103589 1875
leaf_count=8667 545 72 12804 2065 120 1442 1267 2547 10841 751 4013 3345 5351 50 95 3599 76 109 108 599 186 5188 381 56 191 82 13416 80440 103589 1875
internal_value=3.12666e-05 0.000110978 -0.000185869 -0.000956033 -0.000617455 0.00214533 0.00396409 2.07648e-05 -0.000320927 -0.000749615 -0.00157131 -0.00276916 -0.000260599 -0.00632959 -0.000691293 8.00542e-05 -0.00349436 0.00460029 -0.00194324 0.000520678 0.000540493 0.000191315 0.00384454 -0.000135185 0.00149379 0.00717391 0.000615407 9.17675e-05 0.000117643 0.000337121
internal_weight=263870 193014 70856 14989 12924 2890 1448 55867 33185 22158 8267 4254 13891 801 11153 190124 621 1376 3453 22682 11027 5802 476 5326 2738 138 22083 189503 185904 82315
internal_count=263870 193014 70856 14989 12924 2890 1448 55867 33185 22158 8267 4254 13891 801 11153 190124 621 1376 3453 22682 11027 5802 476 5326 2738 138 22083 189503 185904 82315
is_linear=0
shrinkage=0.05


Tree=145
num_leaves=31
num_cat=0
split_feature=0 18 13 21 27 27 24 21 24 24 17 19 5 0 21 1 13 0 6 21 4 17 18 22 5 2 13 2 22 1
split_gain=1.83328 6.34701 3.04606 3.02603 5.59804 3.50657 5.01719 10.4754 7.72109 6.40627 6.13547 6.46837 6.04648 6.4973 6.04299 5.07758 4.26163 4.24446 4.02 5.92545 3.62847 4.30884 3.61119 5.12876 3.74799 3.73892 3.53378 3.42656 3.89834 4.63292
threshold=5.0085047394125981 26.341942685659273 0.087156878107754784 28.500000000000004 2.5000000000000004 7.5000000000000009 14.500000000000002 32.500000000000007 8.5000000000000018 6.5000000000000009 8.5000000000000018 50.812282665323643 0.96366298025398334 4.6098625740792736 37.500000000000007 133.00000000000003 0.1698830832819655 4.757598829281628 1.5395601336132285 35.500000000000007 -0.36446768693646087 5.5000000000000009 15.13058039051147 19.500000000000004 1.0364788333477801 -2.6633747714126801 0.20937459259905636 -0.014958379558890128 21.500000000000004 245.00000000000003
decision_type=2 2 2 2 2 2 2 2 2 2 2 2 2 2 2 2 2 2 2 2 2 2 2 2 2 2 2 2 2 2
left_child=3 -2 -3 4 -1 6 7 8 10 -9 11 -5 -10 -14 -8 17 -11 -15 26 22 -17 -22 23 24 -20 -26 27 -7 29 -29
right_child=1 2 -4 5 -6 18 14 9 12 16 -12 -13 13 15 -16 20 -18 -19 19 -21 21 -23 -24 -25 25 -27 -28 28 -30 -31
leaf_value=0.0012144236676424984 3.1782122961513985e-05 -0.00016930895263019574 0.00073138811036528486 0.0023336531087411049 -0.00032706675896775755 0.00013045697847104354 0.00025027194438968862 -0.00083587547563057109 -1.3560455223280858e-05 -0.00040736165174656662 -0.0053620415463162506 -0.00059648786045170894 -0.01675094763975845 0.0042577455367801909 -0.00089625982113334746 -0.0040233900685083075 0.0022872700042482117 -0.0060900211318278309 0.0028677553473829402 -0.00068010624885718744 -6.4114261682761685e-05 0.0053403957095414147 0.00031125677280483682 -8.2093910508738679e-05 0.0015486426457912692 0.00074906538654613737 -0.00015363078552161583 0.00010707825493384569 -0.0012629823717716184 -0.00028949455089957222
leaf_weight=998 145642 362 1136 1223 11740 30536 6564 944 1527 526 1006 1215 610 52 1064 4054 1128 1027 63 1684 96 51 6564 862 211 1526 38402 1431 1215 248
leaf_count=998 145642 362 1136 1223 11740 30536 6564 944 1527 526 1006 1215 610 52 1064 4054 1128 1027 63 1684 96 51 6564 862 211 1526 38402 1431 1215 248
internal_value=-2.42302e-05 9.31098e-05 0.00333111 -0.000172346 -0.000899669 -8.31162e-05 -0.000658698 -0.00123932 -0.00192155 0.00161278 3.48444e-05 0.00139049 -0.00282998 -0.00355687 0.000365759 -0.00299242 0.00348851 -0.0060519 6.35723e-05 0.000957838 -0.00220662 0.00551021 0.00145567 0.00300902 0.00452778 0.00409327 -7.22507e-05 0.000303621 -0.0013407 0.00022037
internal_weight=263707 147140 1498 116567 12738 103829 21087 13459 10861 2598 3444 2438 7417 5890 7628 5280 1654 1079 82742 10910 4201 147 9226 2662 1800 1737 71832 33430 2894 1679
internal_count=263707 147140 1498 116567 12738 103829 21087 13459 10861 2598 3444 2438 7417 5890 7628 5280 1654 1079 82742 10910 4201 147 9226 2662 1800 1737 71832 33430 2894 1679
is_linear=0
shrinkage=0.05


Tree=146
num_leaves=31
num_cat=0
split_feature=24 29 24 1 27 0 21 24 29 29 21 29 21 20 27 0 21 16 4 0 2 22 27 6 4 23 0 1 0 12
split_gain=1.93793 3.84552 4.75475 7.64248 3.52019 3.11343 3.14881 2.97362 6.16265 4.27521 4.52732 3.99705 5.70693 4.20247 5.58313 4.53691 3.68425 3.49908 3.49823 3.00002 3.27892 2.85462 2.75882 2.75612 3.19595 2.73897 3.73198 3.88419 3.26734 4.87509
threshold=10.500000000000002 2.8408173346488366 13.500000000000002 125.00000000000001 16.500000000000004 5.0848964481369547 36.500000000000007 7.5000000000000009 0.65717519895737342 -2.5608938885402721 36.500000000000007 -1.7690543140210224 38.500000000000007 0.020434079988732284 17.500000000000004 4.6383966752493375 34.500000000000007 0.93441537830536037 -0.43753426832425962 5.5746383022120165 0.24669757909751194 1.5000000000000002 17.500000000000004 0.022843246169900296 0.040226138725350517 1.5000000000000002 4.9965635965540569 185.00000000000003 4.7640480011832471 0.33498101978704492
decision_type=2 2 2 2 2 2 2 2 2 2 2 2 2 2 2 2 2 2 2 2 2 2 2 2 2 2 2 2 2 2
left_child=7 -2 3 5 -4 -3 -7 11 9 10 -9 22 -13 14 -14 -16 -10 -18 -15 20 23 -22 -1 -11 -25 -5 27 -27 29 -29
right_child=1 2 4 25 -6 6 -8 8 16 19 -12 12 13 18 15 -17 17 -19 -20 -21 21 -23 -24 24 -26 26 -28 28 -30 -31
leaf_value=0.0012145612492966246 1.0354047784616288e-05 -0.010707283307904825 -0.00043348796256853788 0.0031575904575494329 0.00044963906106141303 0.0013727407607353886 -0.00062542587400555346 -0.0053283056507405944 -0.005350758359991957 -0.0053568286607272083 0.0092282073783378476 -1.4255960909907232e-05 -0.0061691346037273864 0.0016105421496726781 -0.0082384303861993188 1.0476764703867853e-05 -0.0011645288754418485 0.0022729969528864262 -0.000525203894247852 -0.0024348156400892367 0.011803090246590981 0.001265711553124499 3.480744962947129e-05 0.00012443386879842748 -0.0012601275977330822 -0.0035270491393622951 0.0015948234323531361 -0.0058357700770132574 0.003346655662539764 0.0036683905510075023
leaf_weight=2085 182378 52 882 151 1156 50 70 1804 2131 240 75 49346 319 85 87 417 178 233 1602 2037 91 2991 1951 9861 3067 69 148 52 113 57
leaf_count=2085 182378 52 882 151 1156 50 70 1804 2131 240 75 49346 319 85 87 417 178 233 1602 2037 91 2991 1951 9861 3067 69 148 52 113 57
internal_value=-3.43459e-05 5.39493e-05 0.00189286 0.00526247 0.000632975 -0.00401163 0.000416668 -0.000242365 -0.000724853 -0.00043241 -0.00270356 -4.63382e-05 -0.0001643 -0.00249004 -0.0054192 -0.00214286 -0.00304485 0.00128954 -0.00106105 -0.000199047 2.76935e-05 0.00149578 0.00146928 -0.000315916 -0.000217356 0.0079661 0.00596811 0.00268041 0.0059009 -0.000275228
internal_weight=263778 185178 2800 762 2038 172 120 78600 22708 20166 1879 55892 51856 2510 823 504 2542 411 1687 18287 16250 3082 4036 13168 12928 590 439 291 222 109
internal_count=263778 185178 2800 762 2038 172 120 78600 22708 20166 1879 55892 51856 2510 823 504 2542 411 1687 18287 16250 3082 4036 13168 12928 590 439 291 222 109
is_linear=0
shrinkage=0.05


Tree=147
num_leaves=31
num_cat=0
split_feature=0 29 19 27 23 22 3 17 23 27 24 18 29 20 27 6 12 19 12 7 29 26 29 24 27 24 7 18 5 17
split_gain=1.89253 4.61678 5.3596 4.81126 3.36669 3.54014 2.79882 2.99901 2.8502 2.74128 2.44502 2.38942 2.27027 2.19548 2.15617 2.52809 2.7582 2.872 2.55366 2.27153 2.07146 1.9227 4.38818 3.79427 4.30537 5.07798 3.87029 4.20257 3.4909 2.53764
threshold=4.4236054436470065 -0.60559424458584032 34.419190296246192 16.500000000000004 1.5000000000000002 20.500000000000004 0.05082464456976981 7.5000000000000009 4.5000000000000009 13.500000000000002 20.500000000000004 59.307370038592801 -1.4571161936178669 0.71655497229069254 27.500000000000004 0.29740825722078224 0.54625124810955883 33.922132115726804 1.2846297319829549 0.63777410266464118 -1.4571161936178669 1.0000000180025095e-35 -1.691767014093873 24.500000000000004 24.500000000000004 13.500000000000002 0.7110963739025985 36.744099829618499 1.0928004516098981 4.5000000000000009
decision_type=2 2 2 2 2 2 2 2 2 2 2 2 2 2 2 2 2 2 2 2 2 2 2 2 2 2 2 2 2 2
left_child=1 2 12 9 10 6 7 -6 -8 11 -3 -4 -1 -12 15 -9 17 -17 -18 -19 -5 -2 -23 24 25 26 -24 29 -26 -28
right_child=21 4 3 20 5 -7 8 14 -10 -11 13 -13 -14 -15 -16 16 18 19 -20 -21 -22 22 23 -25 28 -27 27 -29 -30 -31
leaf_value=0.014875093253123245 2.2869345408008176e-05 -0.011635583556643283 -0.0044957599264349724 -0.0027807200354481088 0.0097790854404629247 -0.0052136678439849322 -0.0075134495121682021 0.0059656813371059686 0.0096641355282456841 0.0063093811651981262 -0.0068289257588452935 0.0038082417255565488 -0.00033873142444997722 0.0027132794482372922 -0.003448820818293077 0.012889400917666697 0.012594202890552495 -0.0076419670492115267 0.0026894451827373473 0.00067594252676639278 -0.0081350893164597801 -0.010565313237195211 -0.00075088454561484871 -0.0010532869545070763 -0.00015416899681242906 0.00026867196955167593 -0.021657800827898515 0.0045844888446532478 0.0020890204763568108 -0.004892045427720604
leaf_weight=65 241145 123 207 90 69 241 119 51 76 85 110 56 336 160 196 57 192 54 137 153 520 511 2782 5587 415 8930 169 65 840 296
leaf_count=65 241145 123 207 90 69 241 119 51 76 85 110 56 336 160 196 57 192 54 137 153 520 511 2782 5587 415 8930 169 65 840 296
internal_value=4.96638e-06 -0.00122376 -0.00340692 -0.00543841 0.000483315 0.00167286 0.00287138 0.0040374 -0.0025641 -0.000747125 -0.00358779 -0.00326996 0.00144639 -0.000925925 0.00321429 0.0046118 0.00369309 -0.000113635 0.00674772 -0.00285024 -0.00811475 1.95609e-05 -0.000456748 -0.00033431 0.000119287 -0.000166638 -0.00183877 -0.00575472 0.00290837 -0.00741935
internal_weight=263837 3097 1359 958 1738 1345 1104 909 195 348 393 263 401 270 840 644 593 264 329 207 610 260740 19595 19084 13497 12242 3312 530 1255 465
internal_count=263837 3097 1359 958 1738 1345 1104 909 195 348 393 263 401 270 840 644 593 264 329 207 610 260740 19595 19084 13497 12242 3312 530 1255 465
is_linear=0
shrinkage=0.05


Tree=148
num_leaves=31
num_cat=0
split_feature=0 14 18 29 24 24 1 21 1 21 18 24 1 18 11 28 5 12 0 0 13 4 23 21 0 13 12 3 5 7
split_gain=2.65347 4.5476 4.58149 5.41344 6.73158 10.1738 6.2828 6.79975 5.94897 4.9323 4.45962 4.21646 4.16572 4.07419 4.23374 4.06682 3.66257 3.46884 3.37516 3.34194 3.43096 3.23781 3.06474 3.03288 3.27083 3.01432 2.94492 2.92655 2.86813 3.05447
threshold=4.7985492905656644 4.4075011028639119 21.589410675069356 -1.2877420863276781 6.5000000000000009 14.500000000000002 129.00000000000003 36.500000000000007 173.00000000000003 29.500000000000004 8.3094588104853688 28.500000000000004 117.00000000000001 8.5080550058377042 2.3882854864935839 26.500000000000004 1.0928004516098981 0.17300818854721556 5.0763865755225819 4.898897116514747 0.19107325073635506 -0.41183370103793077 4.5000000000000009 38.500000000000007 5.0848964481369547 3.2248087733833573 0.16160284758464666 -0.85413270163532928 0.43652824427803755 0.31469601628765631
decision_type=2 2 2 2 2 2 2 2 2 2 2 2 2 2 2 2 2 2 2 2 2 2 2 2 2 2 2 2 2 2
left_child=-1 2 10 -4 12 8 7 17 19 -10 25 -12 16 14 -3 27 -5 18 -7 20 -6 -8 -14 24 28 -2 -24 -11 -23 -30
right_child=1 13 3 4 5 6 21 -9 9 15 11 -13 22 -15 -16 -17 -18 -19 -20 -21 -22 23 26 -25 -26 -27 -28 -29 29 -31
leaf_value=-8.9832099391607551e-05 8.2610424933151895e-05 0.00046104030233700473 0.0014847465330260553 0.0022654067705080326 -0.0065769455989099172 0.0017946011540406264 0.00021276335428110942 -0.00089428036717015518 0.0035798493647864731 0.0027590562122246937 -8.7625283685696071e-05 -0.00045637476076045355 -0.0015545789325305769 0.00017194548562578509 0.0016945018012980905 0.0047738475692558728 -0.00044765639939203935 0.00022892447596303706 0.000606124037441539 0.00064265763352352426 0.0014892678698825027 -0.0031145002127476598 0.0016684271608902027 0.0011924383856114927 0.00077108790265826936 -0.00079967769226966731 -0.0011583201128420283 0.00040541433096617579 0.00113201679352785 -0.00066180494546266323
leaf_weight=75974 140816 1507 1418 117 151 304 2216 140 302 125 24118 2038 1186 5462 300 111 158 501 374 1200 143 68 181 206 254 714 284 435 76 2580
leaf_count=75974 140816 1507 1418 117 151 304 2216 140 302 125 24118 2038 1186 5462 300 111 158 501 374 1200 143 68 181 206 254 714 284 435 76 2580
internal_value=2.38e-05 0.000124811 7.53552e-05 0.000997607 0.000626351 0.00118986 0.000181576 0.00327521 0.00393596 0.00697842 6.4418e-06 -0.000593362 -0.00206127 0.00135094 0.00340897 0.00459017 0.00363636 0.0045123 0.00684366 0.00195449 -0.00282313 -0.000574073 -0.0030103 -0.00159548 -0.00200134 0.000117291 0.000430109 0.00285714 -0.00250734 -0.00224774
internal_weight=263459 187485 180216 12530 11112 9186 6719 1319 2467 973 167686 26156 1926 7269 1807 671 275 1179 678 1494 294 5400 1651 3184 2978 141530 465 560 2724 2656
internal_count=263459 187485 180216 12530 11112 9186 6719 1319 2467 973 167686 26156 1926 7269 1807 671 275 1179 678 1494 294 5400 1651 3184 2978 141530 465 560 2724 2656
is_linear=0
shrinkage=0.05


Tree=149
num_leaves=31
num_cat=0
split_feature=1 9 29 2 10 20 5 9 23 29 27 20 16 18 20 14 13 2 29 24 12 19 24 4 17 23 28 20 1 27
split_gain=2.22256 3.21281 2.21152 2.15635 3.33807 3.32336 3.01555 3.64629 2.90528 4.04143 3.83038 3.91067 2.88982 4.06121 2.86473 2.63901 2.78877 4.67449 3.35347 3.23973 3.12962 3.07991 3.16554 5.05522 2.99411 2.80382 2.5987 2.58827 2.96141 2.56106
threshold=97.000000000000014 0.5409924301645308 -0.3206148700691972 0.18574130785540569 0.11666666666666668 0.019039544983716874 0.73534297043717756 0.75659183148516418 1.5000000000000002 0.11033084955213045 1.5000000000000002 0.073598614100479354 0.77160653550464431 33.275138505876264 0.1948131520358202 1.0941392027211012 0.32771525087373349 -0.74097464325254292 -0.60559424458584032 9.5000000000000018 0.89812497318229412 17.271031546443897 14.500000000000002 -0.25513800502060524 8.5000000000000018 5.5000000000000009 21.500000000000004 0.077516237783096062 185.00000000000003 47.500000000000007
decision_type=2 2 2 2 2 2 2 2 2 2 2 2 2 2 2 2 2 2 2 2 2 2 2 2 2 2 2 2 2 2
left_child=1 -1 -3 15 6 -6 -5 -8 9 -7 14 -12 13 -10 27 16 -2 18 -18 -19 21 24 23 -23 -21 -22 -14 28 -11 -17
right_child=3 2 -4 4 5 8 7 -9 12 10 11 -13 26 -15 -16 29 17 19 -20 20 25 22 -24 -25 -26 -27 -28 -29 -30 -31
leaf_value=1.7206278858382899e-05 -1.7679133195913122e-05 -4.5566378085969193e-05 -0.00084024572152386538 -0.00038478345165139844 -0.0020538082706006537 0.00083597687179925041 0.0028318098446760615 -0.0031835785570106935 0.0007733538704223947 -0.0040633506563696378 -0.011685532974520919 -0.0012509813474560053 0.0018947197385951117 -0.0059860201101949242 -0.011801463236579829 3.8356075153754642e-05 -0.00019720769398738478 -0.0018283630468576087 0.00082771138690311595 4.9661495469146855e-05 -0.0016452441361184456 0.0018687594834824054 -0.00087677648554908879 -0.0013393480530296312 0.0042833321057636304 -0.007501381598279188 -0.00037933819797887771 0.0012227328948724435 0.00045405888735085319 0.0046307113907600771
leaf_weight=7099 57772 1843 3924 20145 1084 4238 2005 622 18723 879 169 277 4432 59 187 106766 1571 6676 1946 10699 1296 734 5745 535 235 210 383 2600 889 55
leaf_count=7099 57772 1843 3924 20145 1084 4238 2005 622 18723 879 169 277 4432 59 187 106766 1571 6676 1946 10699 1296 734 5745 535 235 210 383 2600 889 55
internal_value=2.04821e-06 -0.000638892 -0.00151552 3.4911e-05 0.000306217 0.000620579 -0.00016204 0.00143129 0.000710502 -4.11288e-05 -0.0010038 -0.00542601 0.00100479 0.000724631 -0.0005708 -4.42739e-05 -0.000248 -0.000642222 0.00106909 -0.000872559 -0.000546416 -0.000362713 -0.00118049 0.00107959 0.000161882 -0.00273572 0.00209761 -0.000311354 -0.00178733 0.000122449
internal_weight=263798 12866 5767 250932 56692 33920 22772 2627 32836 9239 5001 446 23597 18782 4555 194240 87419 29647 3517 26130 19454 17948 7014 1269 10934 1506 4815 4368 1768 106821
internal_count=263798 12866 5767 250932 56692 33920 22772 2627 32836 9239 5001 446 23597 18782 4555 194240 87419 29647 3517 26130 19454 17948 7014 1269 10934 1506 4815 4368 1768 106821
is_linear=0
shrinkage=0.05


Tree=150
num_leaves=31
num_cat=0
split_feature=3 7 14 29 29 3 13 7 29 29 18 20 7 7 29 5 13 14 25 5 7 27 16 28 29 18 6 3 6 18
split_gain=2.17775 2.30705 2.32054 2.82641 3.1714 2.77399 2.71545 2.56964 2.50496 2.34793 2.25365 2.19061 3.1692 3.72725 2.8179 3.79465 2.67161 3.13244 2.72055 2.62556 2.38729 2.92951 2.69282 2.65948 2.2733 2.33967 2.16567 2.42571 2.18065 2.91707
threshold=0.50151335931805185 0.2131333887832296 0.9517498342380345 -0.076288753815791491 -0.27061159832106957 0.14160710721412326 2.777068318338022 0.38988528062591404 5.8911258848236683 4.8373071902499918 81.762926457593622 0.71005125860713447 0.59367885758365302 0.28835795862960489 -0.19811758492869305 1.2281253662846803 0.81934636807115546 6.221810885536482 1.0000000180025095e-35 0.71544678143686402 0.56881630343600953 8.5000000000000018 0.45766233733023864 14.500000000000002 -0.23613069328752892 33.936927570327789 0.40566714755451666 0.23955479830745183 0.5361242264933137 18.942003188433187
decision_type=2 2 2 2 2 2 2 2 2 2 2 2 2 2 2 2 2 2 2 2 2 2 2 2 2 2 2 2 2 2
left_child=1 -1 10 4 6 11 -4 -8 9 26 -3 14 13 -13 15 -6 17 18 -17 -14 22 -22 23 -15 -18 -26 27 -5 -28 -30
right_child=-2 2 3 8 5 -7 7 -9 -10 -11 -12 12 19 20 -16 16 24 -19 -20 -21 21 -23 -24 -25 25 -27 28 -29 29 -31
leaf_value=0.00073046712053502971 -0.00076915593432039936 -6.5537008631483785e-05 9.4843948114957909e-05 0.00091431716099664028 7.2155919276050562e-05 -0.00085878513008637259 0.0030299502707747577 -0.00031298506775523838 -0.00061917277354955414 0.00089865470706750018 -0.0020947648206696996 0.0032623672182911147 0.0049863023059795314 0.0016529149181653204 0.00014166929415843226 -0.00026564173035676877 -0.001048218278659366 -0.0026867389641119267 -0.0020661844422077791 -8.8856304114409319e-05 0.00040971959797399748 -0.0018368011286008701 -0.00062555335467557932 -0.00017101238331395765 0.0018657315384213763 -0.0023989458486051206 -0.00015110989504105185 0.00062823110672224414 0.00046583524276559859 -0.00033663454341259003
leaf_weight=3724 3153 121324 56273 4805 2173 3057 55 7026 1863 1177 409 50 84 50 10798 547 261 208 346 3432 60 278 1939 53 210 85 13894 7915 16352 2179
leaf_count=3724 3153 121324 56273 4805 2173 3057 55 7026 1863 1177 409 50 84 50 10798 547 261 208 346 3432 60 278 1939 53 210 85 13894 7915 16352 2179
internal_value=2.65492e-06 1.84567e-05 5.46145e-07 0.000143154 -2.7015e-05 -0.000521348 0.000157371 -0.000765427 0.000450349 0.000522647 -0.000157803 -0.000312529 -0.00112176 -0.00251029 1.64081e-05 -0.00114882 -0.00295112 -0.00437784 -0.0030907 -0.000162115 -0.00279412 -0.00668639 -0.00214985 0.00572816 -0.000125898 0.00288136 0.000465169 0.00101808 0.000248266 0.000603315
internal_weight=263780 260627 256903 135170 86985 23631 63354 7081 48185 46322 121733 20574 5946 2430 14628 3830 1657 1101 893 3516 2380 338 2042 103 556 295 45145 12720 32425 18531
internal_count=263780 260627 256903 135170 86985 23631 63354 7081 48185 46322 121733 20574 5946 2430 14628 3830 1657 1101 893 3516 2380 338 2042 103 556 295 45145 12720 32425 18531
is_linear=0
shrinkage=0.05


Tree=151
num_leaves=31
num_cat=0
split_feature=0 0 21 17 0 4 0 18 23 24 4 3 8 21 0 12 14 5 7 0 7 12 7 0 19 0 15 24 0 24
split_gain=1.74518 3.31336 3.11157 2.88226 2.71743 2.7502 4.04706 3.37721 2.64719 2.56916 2.36629 2.32726 2.14283 2.13419 2.33035 2.47074 2.16853 2.11704 2.09649 2.07799 2.07609 2.53271 3.45575 2.54456 2.53747 2.33945 2.28401 2.07216 3.50312 3.4952
threshold=5.446138084545372 5.2538158083088478 2.5000000000000004 8.5000000000000018 5.5276840733306001 0.26179229969821677 5.6089425555744459 1.1231435078544147 2.5000000000000004 28.500000000000004 0.2988773374608194 -0.0020912289187186429 0.74738602940606402 2.5000000000000004 5.5511211706054544 0.61850782971166163 3.2127102851698921 0.82076849548864261 0.19160002667849954 5.5816893903479796 0.32427319812269101 1.0341246040652761 0.33599156553472248 5.5125765798679067 12.105725609730476 5.473950012258177 15.500000000000002 9.5000000000000018 5.2067576393223733 14.500000000000002
decision_type=2 2 2 2 2 2 2 2 2 2 2 2 2 2 2 2 2 2 2 2 2 2 2 2 2 2 2 2 2 2
left_child=1 10 -3 4 8 6 -6 11 -2 -9 27 -8 -11 16 15 -15 17 19 -10 -7 25 22 23 -22 -25 -20 -24 -1 -29 -30
right_child=3 2 -4 -5 5 13 7 9 18 12 -12 -13 -14 14 -16 -17 -18 -19 20 -21 21 -23 26 24 -26 -27 -28 28 29 -31
leaf_value=-0.00010084798961512405 0.002240481487043657 -0.00090776890771748645 0.0007601588453061682 0.0053912588058240944 0.0014965761378670185 -0.0005181881569524307 0.0042222654222733667 -0.00049332053499198528 0.0079905890631176424 -0.003848877578226757 -0.0044919248348959506 2.3385209239813864e-05 -0.0064361592250523616 0.0019882874820488805 0.0034193391698910331 -0.0058449386777667065 0.010397619497912897 -0.0067479151890610378 0.0042879517230634883 -0.0029029683003467741 0.002978899439602725 -0.0037225709997442016 0.0015207631184675731 0.017232900884053184 0.0058336558321931981 -0.0012325391975548704 -0.010400855943886915 -1.6841897288026615e-05 0.0014518759616856431 0.00027766548785450247
leaf_weight=49715 7293 18760 809 352 11065 13164 508 10104 287 832 73 566 59 786 451 214 80 281 711 1815 360 443 2485 74 102 5683 62 111962 5233 19858
leaf_count=49715 7293 18760 809 352 11065 13164 508 10104 287 832 73 566 59 786 451 214 80 281 711 1815 360 443 2485 74 102 5683 62 111962 5233 19858
internal_value=-3.76237e-05 -0.000105614 -0.000724614 0.000205273 0.000177624 -5.00927e-05 0.000303451 -0.000329769 0.000697144 -0.000591177 -4.07821e-05 0.00234637 -0.00316498 -0.000537191 0.00129566 -4.99988e-05 -0.000710559 -0.000753603 0.00017733 -0.000672941 5.54447e-05 0.0010295 0.00153746 0.00518657 0.0101136 -0.0004817 0.000769534 -3.72643e-05 6.30425e-05 0.000597028
internal_weight=264187 206410 19569 57777 57425 39925 23134 12069 17500 10995 186841 1074 891 16791 1451 1000 15340 15260 10207 14979 9920 3526 3083 536 176 6394 2547 186768 137053 25091
internal_count=264187 206410 19569 57777 57425 39925 23134 12069 17500 10995 186841 1074 891 16791 1451 1000 15340 15260 10207 14979 9920 3526 3083 536 176 6394 2547 186768 137053 25091
is_linear=0
shrinkage=0.05


Tree=152
num_leaves=31
num_cat=0
split_feature=16 24 29 21 15 22 19 29 21 14 28 27 24 28 18 28 24 21 5 4 28 19 13 22 5 21 5 14 28 22
split_gain=1.83434 2.57529 2.2524 3.01848 2.38581 2.15142 2.82807 2.33765 5.34437 3.16074 2.96452 3.03338 2.77316 4.69452 4.61334 3.44185 2.68156 2.9395 3.22654 2.82139 2.62467 2.60383 2.51774 2.28334 2.27914 2.19508 2.70634 2.47758 2.15199 2.15086
threshold=2.5910601580427728 30.500000000000004 -0.50430115810215981 29.500000000000004 1.0000000180025095e-35 2.5000000000000004 1.4198908949445443 -1.1598050193827298 30.500000000000004 12.170365494167324 22.500000000000004 28.500000000000004 18.500000000000004 18.500000000000004 4.9207779672608334 3.5000000000000004 20.500000000000004 27.500000000000004 1.0928004516098981 -0.1998963438845042 4.5000000000000009 50.169020420015215 0.29291392018277806 23.500000000000004 2.7214228453369067 32.500000000000007 0.79984908459656368 9.8703504475701269 12.500000000000002 5.5000000000000009
decision_type=2 2 2 2 2 2 2 2 2 2 2 2 2 2 2 2 2 2 2 2 2 2 2 2 2 2 2 2 2 2
left_child=-1 5 3 -3 -5 6 -2 8 10 12 11 21 -9 14 15 -14 19 18 -18 -16 -10 -7 -15 24 -11 26 -19 -28 -17 -22
right_child=1 2 -4 4 -6 7 -8 9 20 23 -12 -13 13 22 16 28 17 25 -20 -21 29 -23 -24 -25 -26 -27 27 -29 -30 -31
leaf_value=-5.0046703884952384e-07 0.0028605048643682461 0.0031316369314061845 -0.0015916548639034634 0.001564915995400568 -0.0022113341930656474 -0.0014337911102226143 -0.0010252494825705638 2.7036726459063403e-06 -0.00065568569167529509 0.00064162351642985571 -0.0047287945283464132 -0.0059590367068582733 -0.0017393141971890271 -0.00030092009036045803 -0.00123386931936912 0.0015805664750528196 -0.0034651281037844659 -0.0019741562874853523 -0.00079806858127771376 0.0014070717135447161 0.002562754960832084 0.00072565030393234153 -0.0012332745314755668 -0.00077694151690988443 0.0031435498934964112 -0.00076897997967726383 0.00026019594120144562 -0.00086878264132189068 0.0002268175672019919 0.0010154669048096628
leaf_weight=232699 52 87 563 103 201 371 2455 10109 671 598 846 64 92 1051 797 267 91 164 323 95 466 1147 1751 209 62 1197 3992 340 168 3003
leaf_count=232699 52 87 563 103 201 371 2455 10109 671 598 846 64 92 1051 797 267 91 164 323 95 466 1147 1751 209 62 1197 3992 340 168 3003
internal_value=-4.93485e-05 -0.000408488 -0.00296646 -5.11497e-05 -0.00240131 -0.000328164 -0.00173115 -0.000201979 0.000622717 -0.000456208 -0.0012397 3.79279e-05 -0.000581787 -0.00115802 -0.000507573 0.0040038 -0.000847263 -0.000473226 -0.00454106 -0.00340807 0.00171498 0.000487485 -0.00290507 0.00249712 0.0039394 -0.00017741 0.000329183 0.000567868 0.00586207 0.00226867
internal_weight=264034 31335 954 391 304 30381 2507 27874 6568 21306 2428 1582 20437 10328 7526 527 6999 6107 414 892 4140 1518 2802 869 660 5693 4496 4332 435 3469
internal_count=264034 31335 954 391 304 30381 2507 27874 6568 21306 2428 1582 20437 10328 7526 527 6999 6107 414 892 4140 1518 2802 869 660 5693 4496 4332 435 3469
is_linear=0
shrinkage=0.05


Tree=153
num_leaves=31
num_cat=0
split_feature=2 19 20 10 0 19 22 28 27 21 6 24 29 29 24 0 4 2 6 18 2 7 0 27 6 5 22 0 28 11
split_gain=1.74961 3.17893 4.68274 2.94374 2.91768 2.77682 5.08601 4.94754 4.39628 4.52797 4.21325 3.9395 5.80484 4.01901 3.67982 3.36517 4.47581 3.60363 3.17261 3.17245 3.16484 3.09799 3.08342 2.82127 3.82642 2.81108 2.79561 4.3602 3.79706 4.35961
threshold=0.18574130785540569 32.48531768424715 0.21455355943772034 0.11666666666666668 5.6492764668392832 59.99486014821899 12.500000000000002 15.500000000000002 6.5000000000000009 32.500000000000007 0.053754574504335205 1.5000000000000002 -0.37706383319294912 -0.94655401024601937 12.500000000000002 4.9665426635412357 -0.12223793300729312 -0.61957887891948327 0.16635297516700287 22.975506823943658 -2.095014047561524 1.5336695567011727 4.6638718775261703 18.500000000000004 1.0738602584635857 0.68180530810032758 21.500000000000004 4.6676560430519158 28.500000000000004 3.2349386549367032
decision_type=2 2 2 2 2 2 2 2 2 2 2 2 2 2 2 2 2 2 2 2 2 2 2 2 2 2 2 2 2 2
left_child=5 2 3 -2 -5 19 7 -7 9 14 -8 12 22 -13 15 17 -17 -9 -18 20 21 26 -10 -15 -25 -19 28 -28 29 -1
right_child=1 -3 -4 4 -6 6 10 8 11 -11 -12 13 -14 23 -16 16 18 25 -20 -21 -22 -23 -24 24 -26 -27 27 -29 -30 -31
leaf_value=0.00075016144360369203 -0.00016301852278665746 -0.00032936972632181864 0.0039180155177541134 0.00088011496607841647 -0.0042202706548042342 -0.00029539412415062699 0.0019730941748225361 -0.0024404687843745144 -0.012508627515874443 0.00053525719365028442 0.00014952659546922244 0.0011273151467353375 0.0013335902292681745 0.00018420585191081945 -4.777835647276285e-05 0.0014857844744947176 0.0022168247008772747 0.0018209485626926444 -0.0031391354096292918 -0.00088015878053187462 -6.5708794001355145e-05 -0.002219219153785174 -0.0021542151080367862 -0.000322945789816731 -0.0041140931560862673 -0.011927042397786872 -0.0037111572455329209 0.00043755198398468003 -0.0015032183030437719 0.0021236724352874303
leaf_weight=1173 22644 4108 982 30983 384 12637 275 718 66 1022 40843 3100 143 7540 1233 125 55 55 136 6052 126807 85 204 435 107 645 148 527 119 218
leaf_count=1173 22644 4108 982 30983 384 12637 275 718 66 1022 40843 3100 143 7540 1233 125 55 55 136 6052 126807 85 204 435 107 645 148 527 119 218
internal_value=1.63916e-05 0.000256004 0.000356228 0.000294015 0.000607646 -5.28677e-05 0.000204359 -0.000312532 0.000283625 -0.00114816 0.000559124 0.000776198 -0.00401937 0.000953319 -0.00213684 -0.00362168 0.0010443 -0.00466149 -0.00376963 -0.000184859 -0.0001324 0.00171806 -0.00833333 0.000366247 -0.00311808 -0.00721428 0.00208238 -0.000592591 0.00327815 0.0040115
internal_weight=263569 59101 54993 54011 31367 204468 69339 28221 15584 3989 41118 11595 413 11182 2967 1734 316 1418 191 135129 129077 2270 270 8082 542 700 2185 675 1510 1391
internal_count=263569 59101 54993 54011 31367 204468 69339 28221 15584 3989 41118 11595 413 11182 2967 1734 316 1418 191 135129 129077 2270 270 8082 542 700 2185 675 1510 1391
is_linear=0
shrinkage=0.05


Tree=154
num_leaves=31
num_cat=0
split_feature=6 21 19 0 19 7 27 11 7 11 5 7 19 3 12 2 20 28 2 6 14 7 0 29 24 29 29 5 19 27
split_gain=1.99022 3.28337 3.14047 3.10936 4.14013 3.49638 2.75949 2.50557 2.34967 2.2623 2.15645 2.13878 1.98429 2.58856 2.73729 2.40563 2.24524 2.54554 2.88975 3.08524 2.43552 3.42896 3.2047 3.7604 2.21713 2.12038 2.10793 2.89165 2.02848 3.40056
threshold=0.053754574504335205 30.500000000000004 58.467286815758271 4.8513391169975835 0.049968641138821344 1.1508796095111256 16.500000000000004 0.10556515692419723 0.55554568815937821 1.0000000180025095e-35 1.4919508992634121 0.52684270809008238 48.521988010920985 -1.2042939719806671 0.10854559488297659 -1.8749923332131402 0.70764853747545586 4.5000000000000009 -0.38247762003580082 0.37868525626541921 1.5223593659663242 0.74165012374060624 4.7867880060511725 -0.60559424458584032 5.5000000000000009 -0.069922006990482191 -0.56603449248727311 1.541694599784063 1.4198908949445443 3.5000000000000004
decision_type=2 2 2 2 2 2 2 2 2 2 2 2 2 2 2 2 2 2 2 2 2 2 2 2 2 2 2 2 2 2
left_child=1 2 3 5 10 -1 -4 -3 11 12 -5 -6 13 14 -2 -16 17 -14 -19 -20 21 24 23 -22 -18 -26 -24 -28 29 -15
right_child=9 7 6 4 8 -7 -8 -9 -10 -11 -12 -13 16 28 15 -17 20 18 19 -21 22 -23 26 -25 25 -27 27 -29 -30 -31
leaf_value=-0.00020869169254158359 0.0016942609062189449 -0.00031941497492237109 0.00043942440667822885 0.001158651142822116 -0.00013583737564258535 0.0034298603339281194 0.0032819063358492961 0.00092834979547152098 0.00035211913369792612 -1.1137931683329023e-05 0.0014892115699515903 -0.00050845446719268339 -0.0015214937287556132 0.0021880415895198925 0.0033903427764497927 -0.00027250943594184489 -0.0013370093761157136 0.00019278292843425305 -0.00050897625956838313 -0.0040397754054262843 -0.00012735151110306549 -0.0026274329349920914 0.0013081943731322592 0.0079111759267304401 0.00027136517845283376 0.0017827679750624676 -0.00064731465237990212 0.0014243003317137115 0.00053004618191092073 -0.00032718124127374882
leaf_weight=1189 224 3895 127 140 481 75 73 186 671 229294 66 87 609 229 54 241 233 2409 1155 61 50 214 315 87 1098 123 388 141 18260 1882
leaf_count=1189 224 3895 127 140 481 75 73 186 671 229294 66 87 609 229 54 241 233 2409 1155 61 50 214 315 87 1098 123 388 141 18260 1882
internal_value=2.69001e-06 -0.000829756 0.000453765 7.38399e-06 0.0015917 -0.0018038 0.0065 -0.00174467 0.000500405 2.53253e-05 0.00815534 -0.0018662 0.000451519 0.000694113 0.00418112 0.00101695 -0.000284758 -0.000999054 -0.000496551 -0.00248355 0.000856928 -0.000305754 0.00283384 0.00992701 0.000563963 0.00141687 0.00168247 -0.000245745 0.000605273 -0.000862149
internal_weight=264057 6990 2909 2709 1445 1264 200 4081 1239 257067 206 568 27773 20890 519 295 6883 4234 3625 1216 2649 1668 981 137 1454 1221 844 529 20371 2111
internal_count=264057 6990 2909 2709 1445 1264 200 4081 1239 257067 206 568 27773 20890 519 295 6883 4234 3625 1216 2649 1668 981 137 1454 1221 844 529 20371 2111
is_linear=0
shrinkage=0.05


Tree=155
num_leaves=31
num_cat=0
split_feature=11 22 18 13 12 26 27 19 14 21 14 16 27 9 19 13 12 22 7 2 5 12 13 27 16 13 5 2 22 19
split_gain=1.84994 2.71699 1.85306 2.30655 2.00041 1.54763 2.66736 5.46707 2.52427 3.37806 3.07195 2.9969 2.50339 2.25569 1.84656 1.75812 2.19384 1.95804 1.73227 2.12303 2.10084 1.72655 1.72794 1.6892 2.23926 1.74553 2.81427 1.6807 3.99917 8.91197
threshold=7.7460203531220992 28.500000000000004 23.293648310416959 0.47074946832169778 0.31190890070982774 1.0000000180025095e-35 30.500000000000004 6.8172796720680022 0.84689352915551519 34.500000000000007 2.2193984584059803 1.9193247128032682 2.5000000000000004 0.87120393415823638 0.24464730749110022 0.17538470910933926 0.10692433483270597 20.500000000000004 0.53903927191660472 -0.5419160464981404 1.2080310487157713 1.3662730699813521 3.9729507562845092 19.500000000000004 1.0798262265306493 0.20554591782397869 1.156743766152758 -0.21357624261151711 3.5000000000000004 0.65023692081831774
decision_type=2 2 2 2 2 2 2 2 2 2 2 2 2 2 2 2 2 2 2 2 2 2 2 2 2 2 2 2 2 2
left_child=5 2 4 -4 -2 27 8 -8 11 13 -11 14 -12 21 -7 16 -9 -18 19 -17 -20 23 -23 -10 25 26 -25 28 29 -1
right_child=1 -3 3 -5 -6 6 7 15 9 10 12 -13 -14 -15 -16 18 17 -19 20 -21 -22 22 -24 24 -26 -27 -28 -29 -30 -31
leaf_value=0.0019019089497495192 0.00086933564672599757 -0.0065055414738576902 0.0012745318694517378 -0.00070874010612509203 0.0020243371234297744 0.0013771155525365904 0.0041115613895112329 -0.0010108990067963337 0.00015040347155509067 8.5449605169437594e-05 0.0039136692014732858 -0.0056700993590660135 -0.002057940751711531 0.003707190724777606 -0.00084171413048534044 -0.004109922644375397 0.0019574887204836691 0.0044315577849688981 -0.0030413585202903903 -0.00032710797255918746 0.002067131575380896 0.00096343180064512631 -0.0028965379900492559 -0.0030049958131208687 -0.0002192320361062723 -0.0041402679970651089 0.0011945489332140329 9.9621428877237679e-05 2.9335917266082205e-06 -0.00034284899883214225
leaf_weight=183 162 131 245 151 199 241 104 82 6840 621 50 81 616 60 8180 51 110 72 87 73 141 1298 81 51 517 80 76 131420 99017 13299
leaf_count=183 162 131 245 151 199 241 104 82 6840 621 50 81 616 60 8180 51 110 72 87 73 141 1298 81 51 517 80 76 131420 99017 13299
internal_value=1.89934e-05 0.0022973 0.00344782 0.00108586 0.00603878 1.13135e-05 -0.000417178 0.00256945 -0.000531608 -4.85789e-06 -0.00240093 -0.00116914 -0.00475976 0.000337666 -0.00107707 0.000779222 0.00386364 0.00692308 -0.00153409 -0.00629032 0.00105263 0.00027284 0.00189993 -2.37957e-05 -0.00232044 -0.00671497 -0.00307086 4.55901e-05 -9.62663e-05 -0.000904167
internal_weight=264319 888 757 396 361 263431 19512 720 18792 10290 1287 8502 666 9003 8421 616 264 182 352 124 228 8943 1379 7564 724 207 127 243919 112499 13482
internal_count=264319 888 757 396 361 263431 19512 720 18792 10290 1287 8502 666 9003 8421 616 264 182 352 124 228 8943 1379 7564 724 207 127 243919 112499 13482
is_linear=0
shrinkage=0.05


Tree=156
num_leaves=31
num_cat=0
split_feature=28 18 22 26 12 21 28 2 27 0 22 0 24 17 24 11 2 22 29 29 5 27 29 24 24 4 26 24 4 17
split_gain=2.42134 2.25219 4.6722 6.04224 4.82415 4.17983 6.25363 3.64541 3.392 3.0523 3.17985 2.95318 2.88126 2.708 2.88441 2.53319 2.50509 2.79096 2.58703 2.45163 2.01626 7.4732 3.79918 2.73118 2.47842 2.39637 2.18906 1.88164 1.837 1.83014
threshold=53.500000000000007 0.096941918992014112 8.5000000000000018 1.0000000180025095e-35 0.10514702172253368 34.500000000000007 11.500000000000002 -1.0000000180025095e-35 6.5000000000000009 5.0590719231024197 4.5000000000000009 4.7985492905656644 8.5000000000000018 7.5000000000000009 22.500000000000004 0.029282661969955132 -0.16960522564729855 10.500000000000002 -0.94655401024601937 -0.55713965335263338 4.1755266833202755 11.500000000000002 -0.87527059907807514 19.500000000000004 7.5000000000000009 -0.024023993889738644 1.0000000180025095e-35 13.500000000000002 -0.2643514070792472 5.5000000000000009
decision_type=2 2 2 2 2 2 2 2 2 2 2 2 2 2 2 2 2 2 2 2 2 2 2 2 2 2 2 2 2 2
left_child=1 2 3 4 5 6 7 19 12 10 -7 13 -8 -4 -15 -6 -13 18 -18 -1 -3 22 24 26 -22 -25 -24 -26 -14 -19
right_child=-2 20 11 -5 15 9 8 -9 -10 -11 -12 16 28 14 -16 -17 17 29 -20 -21 21 -23 23 25 27 -27 -28 -29 -30 -31
leaf_value=-0.00018776547720376953 0.0086660046912622364 1.4395566654252162e-05 -0.0025316870838220235 0.0043873521114311176 0.00058823226199603571 0.0013872391114977906 0.0019966442144779863 -2.1749969742688434e-05 0.0015824803631928079 -0.00037454603397404684 0.00071456183074490543 -0.00061858903186825728 0.00071717175627001575 -0.0021460128406633385 0.0012274677449106554 0.0019060136208142731 0.00066004204306970222 0.00031128103417895465 -0.0035207863714490483 -0.00024754859253244444 0.00092131299534754536 -0.00091078149026861904 0.00051353236041528142 0.00014957227078634799 0.0063490231474181693 -0.0016199826560114837 0.0021832900394486883 0.0010111361701996288 -0.0012291693677935998 -0.00062061408690748535
leaf_weight=89 72 254818 855 77 98 153 90 141 53 59 147 744 114 150 77 68 53 1201 109 191 109 2931 585 196 81 137 56 61 102 615
leaf_count=89 72 254818 855 77 98 153 90 141 53 59 147 744 114 150 77 68 53 1201 109 191 109 2931 585 196 81 137 56 61 102 615
internal_value=-1.28556e-06 -3.78439e-06 -0.00103548 0.00145442 0.000651342 -0.000509217 -0.0025641 -0.00669834 0.00228412 0.00395543 0.006 -0.00194006 0.000261439 -0.00414972 0.000704847 0.00861446 -0.00106172 -0.000131445 -0.00641975 -0.01 1.68755e-05 -0.00107555 0.00220408 0.000790556 0.00768924 -0.00288288 0.00269891 0.0120423 -0.00287037 0.000429517
internal_weight=264232 264160 5186 1382 1305 1139 780 421 359 359 300 3804 306 1082 227 166 2722 1978 162 280 258974 4156 1225 974 251 333 641 142 216 1816
internal_count=264232 264160 5186 1382 1305 1139 780 421 359 359 300 3804 306 1082 227 166 2722 1978 162 280 258974 4156 1225 974 251 333 641 142 216 1816
is_linear=0
shrinkage=0.05


Tree=157
num_leaves=31
num_cat=0
split_feature=29 24 1 17 28 28 5 13 0 29 23 21 23 21 29 24 21 24 26 17 16 6 4 20 21 28 29 0 19 24
split_gain=1.8845 4.80482 3.53644 4.65174 3.22044 3.1067 2.56072 2.30688 2.26006 2.23672 3.68638 3.06159 2.0934 2.00919 1.88018 5.62526 15.5885 7.88335 5.42724 5.05474 4.2443 4.0205 3.95256 5.07029 3.93743 3.85193 3.74533 4.96748 3.61131 3.84021
threshold=-3.1903952382278615 7.5000000000000009 185.00000000000003 6.5000000000000009 8.5000000000000018 25.500000000000004 1.1674336495483042 0.07509602129515798 4.688499415564281 -3.6915046855524722 3.5000000000000004 29.500000000000004 5.5000000000000009 34.500000000000007 -0.89127533738544151 14.500000000000002 33.500000000000007 10.500000000000002 1.0000000180025095e-35 4.5000000000000009 5.8599370567950073 0.099586668812152904 -0.39083512000525017 0.72899796287935059 38.500000000000007 8.5000000000000018 -1.691767014093873 4.6603476403907047 41.617910341718854 28.500000000000004
decision_type=2 2 2 2 2 2 2 2 2 2 2 2 2 2 2 2 2 2 2 2 2 2 2 2 2 2 2 2 2 2
left_child=1 2 5 9 -5 -1 7 -3 13 10 11 -4 -11 -8 15 16 18 -18 20 22 -2 -21 28 -24 -16 -19 -27 -28 -17 -30
right_child=14 6 3 4 -6 -7 8 -9 -10 12 -12 -13 -14 -15 24 19 17 25 -20 21 -22 -23 23 -25 -26 26 27 -29 29 -31
leaf_value=-0.0014470681266672428 -0.00056582514475404452 0.00015589033692396185 -0.0058925704383153525 0.0013256792461688927 0.0067312555971554876 0.00076955046856752682 -0.0081714482165900857 -0.011828830725442987 0.0011071561643101397 0.0024700533074891733 -0.0040578280587642976 0.0028571413428761616 0.0086662497218952025 0.0036195601514243838 7.0605063608595451e-06 0.0013208352681438945 0.00040354861317158707 0.00040886330761680223 -0.010922085748157888 0.0011167869691005616 -0.0047130621749758685 8.9984354461503265e-05 0.00077696776405990556 -0.0015376962603720961 -0.00031384767103854029 0.0055689746197390153 -0.0016100434617234037 0.0023487610847441878 0.0004761505167348191 0.0014795504854163361
leaf_weight=434 11654 98 55 53 100 187 642 282 528 183 248 224 53 53 215046 1060 4160 407 907 466 494 11341 366 184 11168 250 168 582 1873 334
leaf_count=434 11654 98 55 53 100 187 642 282 528 183 248 224 53 53 215046 1060 4160 407 907 466 494 11341 366 184 11168 250 168 582 1873 334
internal_value=7.39876e-06 -0.00121019 0.000787249 0.00276201 0.010719 -0.0021256 -0.00312539 -0.00671053 -0.00201145 0.00116645 -0.00064516 0.00329749 0.00521187 -0.00388489 2.20775e-05 0.000367343 -0.000219632 0.00199569 -0.0011643 0.00106695 -0.000885741 0.000555604 0.00264868 -0.00127273 -3.01915e-05 0.00523099 0.0069 0.00513333 0.00330885 0.00215678
internal_weight=263600 3140 1537 916 153 621 1603 380 1223 763 527 279 236 695 260460 34246 18622 5567 13055 15624 12148 11807 3817 550 226214 1407 1000 750 3267 2207
internal_count=263600 3140 1537 916 153 621 1603 380 1223 763 527 279 236 695 260460 34246 18622 5567 13055 15624 12148 11807 3817 550 226214 1407 1000 750 3267 2207
is_linear=0
shrinkage=0.05


Tree=158
num_leaves=31
num_cat=0
split_feature=0 16 1 0 5 24 0 29 24 23 20 20 24 0 27 5 15 20 0 2 4 14 29 9 13 20 14 14 4 28
split_gain=2.15752 4.68768 3.45928 4.22791 5.06449 3.87544 3.85853 3.63343 5.1782 3.82596 3.38565 3.24293 3.11423 3.0568 3.28435 2.94642 2.87168 3.40665 2.84486 2.77097 2.74443 2.95108 2.73462 2.69741 2.54992 3.59065 2.48767 3.18277 2.46999 2.95031
threshold=4.8812865822448641 1.9869606606726684 133.00000000000003 5.5816893903479796 0.38299279661096169 28.500000000000004 5.5851811870328882 2.1505055889027402 8.5000000000000018 2.5000000000000004 0.75543956705845494 0.13000030240800911 27.500000000000004 5.2290240876469687 14.500000000000002 0.64446701992553945 16.500000000000004 0.14728163001881214 4.9435104813910415 -0.014958379558890128 -0.56778403148787893 5.9371619166382592 0.62705200687072382 0.47704130275550544 0.042913118009328184 0.70869586115424521 1.5625483357710288 4.4075011028639119 -0.14273078841449968 15.500000000000002
decision_type=2 2 2 2 2 2 2 2 2 2 2 2 2 2 2 2 2 2 2 2 2 2 2 2 2 2 2 2 2 2
left_child=19 2 6 7 -5 11 10 20 9 -9 16 22 18 -12 -15 -11 17 -2 -10 -1 -4 -22 -6 -7 25 -3 -27 -28 29 -18
right_child=1 24 3 4 5 23 -8 8 12 15 13 -13 -14 14 -16 -17 28 -19 -20 -21 21 -23 -24 -25 -26 26 27 -29 -30 -31
leaf_value=-5.7923914261431421e-05 -0.00012008248920468949 0.00061651387899722295 0.00065680340847926275 -0.0070150268009323315 -0.000487119822575912 0.0054783688351628477 0.00081218475527350398 -0.0011772337584499276 0.00040782646297072948 -0.002067847844427346 0.00014402330715337379 0.0022317877642019082 -0.00064568615829343622 0.0013628704406413443 7.91774321086434e-05 0.0012627255936014442 0.0017138271462614929 -0.00024207276524195969 0.001403339959523805 -0.00030275541138491462 0.00016200341752236274 -0.00068885016896795982 -0.0059375865510573811 -0.0053586171000704072 0.00031856270634431517 0.00052202341278313822 -0.0018700926671199978 0.00023766667096930292 9.7705004819846169e-05 0.00017218057586172503
leaf_weight=89407 22910 378 803 421 7872 118 7702 331 172 63 2474 1945 105 143 123 371 146 17838 607 3313 94047 136 187 939 8752 51 342 136 1881 162
leaf_count=89407 22910 378 803 421 7872 118 7702 331 172 63 2474 1945 105 143 123 371 146 17838 607 3313 94047 136 187 939 8752 51 342 136 1881 162
internal_value=-1.87577e-05 8.64725e-05 2.24785e-05 0.000185078 -0.000721998 -0.000517131 -0.000306861 0.000292856 0.00261977 -0.000392156 -0.000481423 -0.000212914 0.00522625 0.00122263 0.00631579 0.00269585 -0.000590166 -0.00068494 0.00631579 -0.000213006 0.000252459 0.000227643 -0.000655167 -0.0033964 0.00115644 -0.00136714 -0.00402646 -0.00514644 0.00117405 0.00532468
internal_weight=263875 171155 161496 108117 11482 11061 53379 96635 1649 765 45677 10004 884 2740 266 434 42937 40748 779 92720 94986 94183 8059 1057 9659 907 529 478 2189 308
internal_count=263875 171155 161496 108117 11482 11061 53379 96635 1649 765 45677 10004 884 2740 266 434 42937 40748 779 92720 94986 94183 8059 1057 9659 907 529 478 2189 308
is_linear=0
shrinkage=0.05


Tree=159
num_leaves=31
num_cat=0
split_feature=29 24 1 17 27 28 1 14 24 24 21 29 15 5 20 28 19 22 14 28 28 22 22 13 1 6 1 1 7 13
split_gain=1.95162 3.9477 3.28279 4.02099 3.13162 2.62777 2.0623 2.98962 3.506 7.39957 3.40592 2.27275 2.48309 2.1756 2.94541 2.16307 2.1201 6.53233 3.3928 2.83121 5.4119 4.90957 4.33832 3.96941 3.5755 2.96285 4.18061 2.89627 4.44949 4.06775
threshold=-3.1903952382278615 7.5000000000000009 185.00000000000003 6.5000000000000009 3.5000000000000004 8.5000000000000018 121.00000000000001 3.7040868174770409 14.500000000000002 7.5000000000000009 27.500000000000004 -0.81085743534099719 2.5000000000000004 1.4568475996519774 0.70807041604804144 52.500000000000007 7.7337344851675214 17.500000000000004 5.5496851046683151 15.500000000000002 7.5000000000000009 4.5000000000000009 1.5000000000000002 0.25193393789087143 181.00000000000003 0.13740258865825686 157.00000000000003 137.00000000000003 0.68873387129864627 0.090800628890847793
decision_type=2 2 2 2 2 2 2 2 2 2 2 2 2 2 2 2 2 2 2 2 2 2 2 2 2 2 2 2 2 2
left_child=1 2 4 -4 -1 -5 7 15 9 -9 -10 -12 13 14 -13 -2 17 19 -19 20 25 23 -22 -21 27 26 -8 -23 -29 -30
right_child=6 -3 3 5 -6 -7 16 8 10 -11 11 12 -14 -15 -16 -17 -18 18 -20 21 22 24 -24 -25 -26 -27 -28 28 29 -31
leaf_value=0.0048526610742848217 -0.0001105570443674983 -0.0045665790499553908 0.00073433393298963866 3.7414985976114106e-05 -0.0010738542010220236 0.0056570047504407089 -0.00034630446197371712 0.00065007106154760989 -0.00099664703155832586 -0.0035227502942217939 0.0016659773692853969 0.0014182954487390422 -0.00012553303141001729 0.00020647835182094457 0.00046916646328976547 0.0085083813900649601 8.4510889907279244e-06 -0.00016406693522822642 -0.0027614687886128668 0.00088326659455767616 -0.00048866145614527275 -0.00064232765065279493 0.0011454733353708309 0.0040952529067296755 -0.0011915279522546427 0.0011649115429991461 7.4024069790309228e-05 0.0013601422256065273 -0.0025639930755129805 0.0017927954937482201
leaf_weight=70 48853 1584 750 51 585 103 262 443 65 538 99 214 263 303 217 58 175053 15498 266 233 127 430 653 122 1202 14804 547 361 201 193
leaf_count=70 48853 1584 750 51 585 103 262 443 65 538 99 214 263 303 217 58 175053 15498 266 233 127 430 653 122 1202 14804 547 361 201 193
internal_value=1.03742e-05 -0.00122812 0.000558051 0.00251106 -0.0021374 0.00987013 2.52881e-05 -0.000259729 0.00156863 -0.000632007 0.00342808 0.00408759 0.00337011 0.00486376 0.00714617 -0.0003398 9.45942e-05 0.000450444 -0.000303221 0.00107134 0.00132008 -0.000415754 0.00538462 0.00507042 -0.00123167 0.00111702 -0.00182942 0.000717301 0.00258278 -0.00109137
internal_weight=264148 3143 1559 904 655 154 261005 51053 2142 981 1161 1096 997 734 431 48911 209952 34899 15764 19135 16393 2742 780 355 2387 15613 809 1185 755 394
internal_count=264148 3143 1559 904 655 154 261005 51053 2142 981 1161 1096 997 734 431 48911 209952 34899 15764 19135 16393 2742 780 355 2387 15613 809 1185 755 394
is_linear=0
shrinkage=0.05


Tree=160
num_leaves=31
num_cat=0
split_feature=0 19 24 29 27 29 28 29 2 5 28 6 1 22 19 3 28 3 5 22 20 27 20 0 22 0 2 20 24 27
split_gain=1.96625 3.84157 2.65763 2.36369 2.3377 3.11777 4.38038 3.65547 4.11532 2.79905 2.53878 1.94565 3.01863 3.95282 4.34375 3.22717 2.93492 2.45283 2.35636 2.32837 2.3832 2.68085 2.63143 3.4445 2.93549 2.45857 2.4573 2.24778 2.20847 2.10554
threshold=4.4236054436470065 33.433507884216034 2.5000000000000004 -0.1302736918517787 2.5000000000000004 -0.60559424458584032 3.5000000000000004 -0.51305018789241741 -0.96942499188174791 1.1249258713123969 1.5000000000000002 0.04061927638801887 297.00000000000006 3.5000000000000004 59.99486014821899 -0.71748889060372478 22.500000000000004 -0.7738824326432866 2.0274090822564257 34.500000000000007 0.70857181380311984 31.500000000000004 0.70728938418057841 4.6851294144313123 22.500000000000004 4.9665426635412357 -0.019757908319478469 0.71005125860713447 4.5000000000000009 3.5000000000000004
decision_type=2 2 2 2 2 2 2 2 2 2 2 2 2 2 2 2 2 2 2 2 2 2 2 2 2 2 2 2 2 2
left_child=1 2 -1 -4 -3 6 10 8 -7 -9 -6 12 13 15 19 17 27 18 -2 20 22 -22 23 26 25 -24 -15 -16 -17 -25
right_child=11 4 3 -5 5 7 -8 9 -10 -11 -12 -13 -14 14 16 28 -18 -19 -20 -21 21 -23 24 29 -26 -27 -28 -29 -30 -31
leaf_value=0.0073692398863659568 5.1482721869308225e-05 0.0087384304233597328 0.0011860731152869247 -0.0082564139967837256 -0.0046098744674842535 0.017443889154589855 -0.0039433721231730643 -0.0011925106852777828 -0.0018553684567939677 -0.0069007919389687776 -0.019399739843161623 1.4964869498772552e-05 -0.00037482661307855248 0.00029623899604554947 0.0034065135177333734 -9.811893748048911e-05 -0.0014002823276619567 0.00056723272421801128 0.00066967724491987218 -0.0037474994380667921 7.5937063960485225e-05 -0.003795802091874809 -0.00078083109445236006 0.0014433566486114014 -0.0025099425494121701 0.001281413782639948 -0.0039670000487970498 0.00042872570613211272 8.6154878525578933e-05 -0.00020387750974998304
leaf_weight=110 110 79 751 122 64 78 787 553 149 267 87 255225 76 89 105 75 72 52 50 150 1706 51 247 230 170 56 445 75 294 1719
leaf_count=110 110 79 751 122 64 78 787 553 149 267 87 255225 76 89 105 75 72 52 50 150 1706 51 247 230 170 56 445 75 294 1719
internal_value=2.53865e-06 -0.00126025 0.00131231 0.000389463 -0.00248546 -0.00282116 -0.00491471 -0.000945558 0.0046696 -0.0025 -0.0127152 1.72811e-05 -0.000890505 -0.000758426 -0.00120234 0.00314974 0.00519841 0.00806604 0.005 -0.00153403 -0.00133885 0.000119523 -0.00220568 -0.00155457 -0.00562368 -0.00267327 -0.00511236 0.00861111 0.000325204 -0.000579783
internal_weight=264044 3047 983 873 2064 1985 938 1047 227 820 151 260997 5772 5696 5115 581 252 212 160 4863 4713 1757 2956 2483 473 303 534 180 369 1949
internal_count=264044 3047 983 873 2064 1985 938 1047 227 820 151 260997 5772 5696 5115 581 252 212 160 4863 4713 1757 2956 2483 473 303 534 180 369 1949
is_linear=0
shrinkage=0.05


Tree=161
num_leaves=31
num_cat=0
split_feature=11 12 13 11 13 13 6 11 5 6 7 8 7 20 12 6 13 6 11 6 19 29 29 0 11 5 0 12 11 29
split_gain=1.59037 2.73608 2.47813 2.40475 2.23334 2.96828 2.302 2.07293 1.98864 3.52075 2.21973 2.02456 1.9746 2.73487 3.81804 2.90933 2.54688 2.50841 1.88804 3.25614 3.19721 2.78042 2.66496 3.34742 2.70719 2.6437 2.29984 2.29762 2.48154 2.30029
threshold=0.68523801880228752 0.25504238407327745 0.1772581132431926 0.69739004959595818 0.84599432996080337 3.5471479290388523 2.0265819270546817 1.3615919058326142 0.53175967452524575 0.6319093243038475 0.29142337565840487 0.48258103331723051 0.48220783861938465 0.73529432411517204 0.17822859839754898 0.98738931148575781 0.06556005726989704 0.68071715795668908 0.25441028021184392 0.19942570669039353 8.1004909350569783 -3.1903952382278615 -1.6214020128300053 4.6426673853605518 0.38107368385096246 1.1674336495483042 4.6344336593550848 0.1711343415037212 0.62998908618352434 -2.5608938885402721
decision_type=2 2 2 2 2 2 2 2 2 2 2 2 2 2 2 2 2 2 2 2 2 2 2 2 2 2 2 2 2 2
left_child=18 2 12 -3 -4 8 7 -7 9 11 -10 -6 17 -14 15 -15 -17 -2 21 -20 -21 -1 23 26 25 -25 -22 -26 29 -29
right_child=1 3 4 -5 5 6 -8 -9 10 -11 -12 -13 13 14 -16 16 -18 -19 19 20 22 -23 -24 24 27 -27 -28 28 -30 -31
leaf_value=-0.0016527506158086546 -9.7116691811103748e-06 0.0022137960113049857 -0.00051277152766743175 0.00022820255439818886 0.0025253097434926979 0.00015602815136707643 0.00031499858631339625 -0.0020761783424357015 -0.0058160155743760536 0.0092262130953000964 0.00014407561118569105 -0.003050293153333601 0.00061265472230991221 -0.0002055255432906405 -0.0015464276687095454 4.8569236416204369e-06 0.0030342405390013775 -0.001947337269161386 0.00057101819822368048 0.00033466977400736547 -0.00054108484240474671 1.6613881914157657e-05 -0.00039061823807005073 0.0014901985938749979 -0.00079002114649989004 -0.0010763234722724125 -0.0085510590998666685 0.001615732426735691 -0.00082851220940278005 0.0038403275324440339
leaf_weight=1483 4754 569 8544 33346 100 96 156 237 67 119 4294 230 4436 951 195 100 99 378 3084 13821 677 135768 47846 404 154 764 87 335 119 539
leaf_count=1483 4754 569 8544 33346 100 96 156 237 67 119 4294 230 4436 951 195 100 99 378 3084 13821 677 135768 47846 404 154 764 87 335 119 539
internal_value=-1.8539e-05 0.000211008 -0.00018864 0.000502729 -0.00063281 0.000173619 -0.00353783 -0.00588588 0.000550937 0.00371938 0.00022472 0.00106061 0.000374784 0.00100848 -0.000966542 0.000130436 0.00562814 -0.000339048 -8.42094e-05 -0.000300014 -0.00037562 2.24418e-05 -0.000558664 0.000867166 0.00181426 0.000119864 -0.00200262 0.00353967 0.00442095 0.00534325
internal_weight=263752 58671 24756 33915 13843 5299 489 333 4810 449 4361 330 10913 5781 1345 1150 199 5132 205081 67830 64746 137251 50925 3079 2315 1168 764 1147 993 874
internal_count=263752 58671 24756 33915 13843 5299 489 333 4810 449 4361 330 10913 5781 1345 1150 199 5132 205081 67830 64746 137251 50925 3079 2315 1168 764 1147 993 874
is_linear=0
shrinkage=0.05


Tree=162
num_leaves=31
num_cat=0
split_feature=18 24 24 3 17 5 29 24 7 3 13 3 22 27 27 13 26 24 24 29 17 27 6 18 22 24 24 29 12 27
split_gain=1.61158 2.94008 3.64462 2.88589 2.63203 2.39009 2.24268 2.11973 2.06095 1.82355 1.76679 1.57475 1.53772 9.03154 4.13406 3.00469 2.74526 3.68142 5.37584 4.252 3.4338 4.2483 2.53234 6.39315 3.93769 2.88655 5.13739 3.58204 2.83369 2.76424
threshold=59.307370038592801 4.5000000000000009 15.500000000000002 -0.39529716972910883 5.5000000000000009 2.0003250782998951 -2.1968687689319921 16.500000000000004 0.8595655465529195 -0.64661284155302357 0.26242354332569406 -1.1248032878720655 3.5000000000000004 20.500000000000004 34.500000000000007 0.1063639330979526 1.0000000180025095e-35 13.500000000000002 24.500000000000004 -1.0072396594512696 4.5000000000000009 8.5000000000000018 0.071444036019819121 19.214014412006815 6.5000000000000009 6.5000000000000009 13.500000000000002 -0.68361147894660335 0.085788425161491946 29.500000000000004
decision_type=2 2 2 2 2 2 2 2 2 2 2 2 2 2 2 2 2 2 2 2 2 2 2 2 2 2 2 2 2 2
left_child=12 9 4 7 6 8 -3 -4 10 -2 -6 -8 13 -1 -15 -16 22 19 -19 20 -18 -22 23 25 -25 -14 -27 29 -29 -28
right_child=1 2 3 -5 5 -7 11 -9 -10 -11 -12 -13 16 14 15 -17 17 18 -20 -21 21 -23 -24 24 -26 26 27 28 -30 -31
leaf_value=5.2452738409373826e-05 -0.0046134522476146637 0.0056210195361194931 -0.0025022177628955711 0.0052615810442985696 -0.0035331879820603091 -0.0028238354404050152 -0.0055532167636438718 -0.00059614046146980453 0.0036748873393909797 0.0026009964220662543 0.0021559498081756335 -0.00050310883546101075 8.7294215743772749e-05 -0.00035846703219134948 0.0010001758552765653 -0.00010631780621842753 -0.022707135519912013 0.00030189817354684789 -0.00096703529609547137 -0.00077206666374195351 -0.014027285378715219 0.0013945478303394941 5.1771278710956294e-05 -0.002851656434471635 0.0014765607700269997 -0.0044285332738050326 0.00064465026905916002 -0.00032474212423606912 0.00064175649124527032 -0.0061094716964673092
leaf_weight=23045 562 96 141 51 92 79 93 2954 479 50 179 388 1411 6055 142 213 272 8713 5133 2988 246 163 204320 63 471 1659 697 2684 236 50
leaf_count=23045 562 96 141 51 92 79 93 2954 479 50 179 388 1411 6055 142 213 272 8713 5133 2988 246 163 204320 63 471 1659 697 2684 236 50
internal_value=-2.19914e-05 -0.000896591 -0.000459138 -0.00140496 0.00165718 0.003462 -0.000935874 -0.00159935 0.00433333 -0.00415033 0.00084871 -0.00232848 -4.52385e-06 -0.000344592 -0.00200468 0.00323944 3.9197e-05 -0.000562374 -0.000189223 -0.00197056 -0.00553598 -0.00264059 8.89936e-05 -0.000827945 0.0044382 -0.00124536 -0.00177807 -0.000733568 -0.00152397 0.00235609
internal_weight=263725 5164 4552 3146 1406 829 577 3095 750 612 271 481 258561 29455 6410 355 229106 17515 13846 3669 681 409 211591 7271 534 6737 5326 3667 2920 747
internal_count=263725 5164 4552 3146 1406 829 577 3095 750 612 271 481 258561 29455 6410 355 229106 17515 13846 3669 681 409 211591 7271 534 6737 5326 3667 2920 747
is_linear=0
shrinkage=0.05


Tree=163
num_leaves=31
num_cat=0
split_feature=0 19 27 29 5 28 29 19 27 27 27 4 24 13 29 24 2 27 24 22 21 5 24 7 9 0 12 29 6 5
split_gain=2.41178 4.05576 5.62246 2.67599 2.5844 2.7959 2.54732 4.12882 3.39124 2.61238 2.77295 2.33015 2.16651 3.37997 2.74019 2.53843 2.78495 2.70849 2.16304 2.47455 1.94939 1.92924 2.0659 2.0613 1.83163 3.48284 1.76534 2.39096 2.45262 1.61965
threshold=4.4674786937065862 33.922132115726804 26.500000000000004 -1.4571161936178669 0.68594293058874634 1.0000000180025095e-35 -0.60559424458584032 50.812282665323643 15.500000000000002 13.500000000000002 2.5000000000000004 -0.36446768693646087 2.5000000000000004 0.25970161916213103 -0.13373295985531666 25.500000000000004 -0.080349610986572437 22.500000000000004 28.500000000000004 7.5000000000000009 58.500000000000007 0.98736738348680431 26.500000000000004 0.67702452202027141 1.1362416369051334 4.9488001638798016 0.14329457960185329 -0.51305018789241741 0.31804869294197291 1.0928004516098981
decision_type=2 2 2 2 2 2 2 2 2 2 2 2 2 2 2 2 2 2 2 2 2 2 2 2 2 2 2 2 2 2
left_child=1 3 6 -1 -4 -6 8 20 9 10 -3 21 13 -5 15 -14 17 -17 19 -19 -8 23 29 -10 -2 -26 -9 -28 -29 -23
right_child=24 2 4 12 5 -7 7 26 11 -11 -12 -13 14 -15 -16 16 -18 18 -20 -21 -22 22 -24 -25 25 -27 27 28 -30 -31
leaf_value=0.013182005709093062 1.0803323945802747e-05 0.012027784282378551 -0.0122717954470661 0.0083968200831235507 0.0069611753647252196 -0.0067720408143929645 -0.002015272530946942 -0.0012592661456549568 -0.0018341199052397479 0.0043287847626778926 -0.0023025495811150316 0.0027022309546692446 -0.0013938611565465246 0.00068981524860779611 -0.0074102627215636586 0.0093383014786188375 -0.00089179870631779772 0.0047893985950935754 -0.0019501360936809706 0.012114202223985642 -0.005394807943751803 0.00055086884122516585 0.01308941791110383 -0.0099707918646887231 -0.0021392539587260654 0.0012641092225563933 0.014834282887428291 0.012391935405387933 0.001347642300124982 -0.013939185218361523
leaf_weight=91 258139 51 112 76 75 432 589 221 120 92 388 74 879 124 220 101 50 86 236 67 73 51 71 177 374 99 111 50 441 139
leaf_count=91 258139 51 112 76 75 432 589 221 120 92 388 74 879 124 220 101 50 86 236 67 73 51 71 177 374 99 111 50 441 139
internal_value=4.56067e-07 -0.001066 -0.00213958 0.000751297 -0.00642972 -0.00491124 -0.00113671 0.000235691 -0.00288908 5.64984e-05 -0.00154897 -0.00536392 0.000337141 0.00525 -0.000262354 0.000542637 0.00324074 0.00438776 0.00249357 0.00712418 -0.00270393 -0.00646953 -0.00333333 -0.00922559 2.18873e-05 -0.00308668 0.00260024 0.00400332 0.00250509 -0.00605263
internal_weight=263809 5197 3267 1930 619 507 2648 1485 1163 531 439 632 1839 200 1639 1419 540 490 389 153 662 558 261 297 258612 473 823 602 491 190
internal_count=263809 5197 3267 1930 619 507 2648 1485 1163 531 439 632 1839 200 1639 1419 540 490 389 153 662 558 261 297 258612 473 823 602 491 190
is_linear=0
shrinkage=0.05


Tree=164
num_leaves=31
num_cat=0
split_feature=29 29 0 19 7 18 3 28 0 7 0 3 13 0 9 9 29 5 29 6 29 29 24 20 9 19 14 12 19 5
split_gain=1.6116 3.27351 3.07852 2.5495 3.22283 2.41293 2.35955 2.26561 3.8648 4.35672 4.1816 3.08296 2.56952 2.1672 2.66949 3.78746 3.51115 2.49005 2.45496 2.19103 2.95073 2.48901 2.21185 2.17124 2.29766 2.16139 2.15 2.14606 2.23348 2.66081
threshold=-0.10383428234415885 -0.1302736918517787 4.7170695814152301 8.1004909350569783 1.1784052462029575 31.375848613157462 0.2014297962332233 1.0000000180025095e-35 5.0376407589987657 0.47090383446713463 4.5086161124671804 -1.3256241699700331 3.5471479290388523 5.2378129105385556 0.47337104754371789 0.59187391762042929 0.36306981479561701 0.50556665514772647 -0.079601987813108552 0.3684403812269591 -0.076288753815791491 0.19279157665357025 17.500000000000004 0.20307957493716663 0.74278328224799639 4.1037525592591368 3.0409405647810819 0.021225772796737857 7.8226880836937971 0.4517033272139131
decision_type=2 2 2 2 2 2 2 2 2 2 2 2 2 2 2 2 2 2 2 2 2 2 2 2 2 2 2 2 2 2
left_child=1 7 6 4 13 -4 -3 8 9 -1 -11 -12 -13 14 -2 16 17 25 -19 20 -15 23 -23 24 -22 -16 -21 -27 -29 -30
right_child=3 2 5 -5 -6 -7 -8 -9 -10 10 11 12 -14 19 15 -17 -18 18 -20 26 21 22 -24 -25 -26 27 -28 28 29 -31
leaf_value=-0.0035486961753979779 6.294317237028788e-05 0.00055196794816912557 -0.00046122335875532663 2.563995618233975e-06 -0.003673710214493454 0.00086641564698522629 -0.0053298265130218622 -7.9796335360824454e-06 0.00056325624399582738 0.010388046717701998 0.0032498412592320359 -0.00094716487431523654 -0.0046140183468325957 -0.0042802028550997734 0.0062147071345074493 -0.0011987122736057151 -0.0010277312840997073 0.0030316315551629776 0.00080800905003176578 -0.00042165448250692768 0.0018801372671737506 0.0016583508547559499 -0.0016430732918257503 0.0081691215920709249 0.013290510722959873 0.0065692055225448258 0.0062079517591432133 0.0020103339250730156 0.0024807404833177421 0.011905989674877781
leaf_weight=275 5074 1332 6856 93854 118 215 58 127859 1115 152 115 1775 78 184 537 851 725 156 2944 10122 2348 1996 1749 96 77 160 102 2104 94 52
leaf_count=275 5074 1332 6856 93854 118 215 58 127859 1115 152 115 1775 78 184 537 851 725 156 2944 10122 2348 1996 1749 96 77 160 102 2104 94 52
internal_value=-2.50666e-06 -0.000118714 -0.00107198 0.000129234 0.000534777 -0.00149484 0.00107914 -5.73183e-05 -0.00131054 -0.00244259 -0.00167453 -0.00229167 -0.00278467 0.000567908 0.00106009 0.00165158 0.00204666 0.00244088 0.00145161 0.000193116 0.00091473 0.00109799 0.000280375 0.00231258 0.00202062 0.00348151 -0.000262127 0.00284232 0.00244445 0.00842466
internal_weight=263173 139830 8461 123343 29489 7071 1390 131369 3510 2395 2120 1968 1853 29371 12697 7623 6772 6047 3100 16674 6450 6266 3745 2521 2425 2947 10224 2410 2250 146
internal_count=263173 139830 8461 123343 29489 7071 1390 131369 3510 2395 2120 1968 1853 29371 12697 7623 6772 6047 3100 16674 6450 6266 3745 2521 2425 2947 10224 2410 2250 146
is_linear=0
shrinkage=0.05


Tree=165
num_leaves=31
num_cat=0
split_feature=24 24 0 29 28 29 0 3 21 21 0 24 28 7 5 7 0 23 0 27 27 24 29 21 27 24 0 5 28 3
split_gain=1.97828 4.8193 4.26814 8.25966 7.54006 3.86765 3.75062 3.27441 2.94623 2.89032 2.82112 2.77639 2.7556 3.04126 2.63759 3.42752 3.06684 4.77542 2.76977 3.11675 3.02372 5.82945 5.80609 6.31662 10.5295 6.80552 5.94105 3.6706 3.66668 3.19044
threshold=9.5000000000000018 7.5000000000000009 4.8066698993475034 -0.73123558741911709 6.5000000000000009 -3.1903952382278615 4.6098625740792736 -0.85413270163532928 1.5000000000000002 39.500000000000007 5.5746383022120165 11.500000000000002 33.500000000000007 0.83083649275432303 0.6480752648450866 0.25270673430335894 5.5413304378438735 2.5000000000000004 5.1022775351308658 1.5000000000000002 20.500000000000004 6.5000000000000009 -1.8577800261288111 29.500000000000004 8.5000000000000018 6.5000000000000009 4.8638827521613406 2.0939217757954247 34.500000000000007 0.23186112550867749
decision_type=2 2 2 2 2 2 2 2 2 2 2 2 2 2 2 2 2 2 2 2 2 2 2 2 2 2 2 2 2 2
left_child=1 9 3 4 7 6 -2 -3 -4 14 -10 -8 -11 -14 -1 -16 18 -18 19 -17 22 -22 -21 24 25 -24 28 -28 -25 -29
right_child=5 2 8 -5 -6 -7 11 -9 10 12 -12 -13 13 -15 15 16 17 -19 -20 20 21 -23 23 26 -26 -27 27 29 -30 -31
leaf_value=-0.00034687366226918376 -0.034802584504325787 -0.0029841079020924248 -0.0037759073502175188 -0.0085353027204395828 0.0011828519892072439 2.4118190773803996e-05 -0.0072793676177713819 -0.0065264879440966794 -4.5352893898181448e-06 -0.001163923734787963 -0.0031879788303108797 0.0032291798150150502 0.00085519155297426462 -0.0028478361050723795 0.0022874948264338109 0.0014372695896790982 -0.00068123248826260465 0.003544586778158543 -0.00039371092010067883 0.00098878595035666148 0.0002013454790990493 -0.0028378058059731238 0.0018850387645639949 -0.0027778545857306599 -0.0026450572590233415 -0.0028021707953776592 -0.0004800524083980894 0.0018368734911649838 -0.010715533464980161 -0.0003787718130627047
leaf_weight=21058 197 402 865 1484 1825 192083 351 257 9049 1769 1230 70 447 89 153 1381 1367 1934 6011 1561 12849 1449 1073 2184 541 332 1232 239 53 169
leaf_count=21058 197 402 865 1484 1825 192083 351 257 9049 1769 1230 70 447 89 153 1381 1367 1934 6011 1561 12849 1449 1073 2184 541 332 1232 239 53 169
internal_value=-3.36729e-05 -0.000259284 -0.00105148 -0.00245968 -0.000696456 4.9456e-05 -0.00389968 -0.00528073 -0.000550071 -4.50866e-05 -0.000314232 -0.00123515 -0.00177874 0.00136194 2.94865e-05 0.000311733 0.000276449 0.00172069 0.000112473 0.000361619 0.000214926 0.000639251 -0.000606716 -0.00133265 0.000991779 0.00327402 -0.00249935 -0.000213413 -0.00417523 0.00389706
internal_weight=263704 71003 15112 3968 2484 192701 618 659 11144 55891 10279 421 2305 536 53586 32528 32375 3301 29074 23063 21682 14298 7384 5823 1946 1405 3877 1640 2237 408
internal_count=263704 71003 15112 3968 2484 192701 618 659 11144 55891 10279 421 2305 536 53586 32528 32375 3301 29074 23063 21682 14298 7384 5823 1946 1405 3877 1640 2237 408
is_linear=0
shrinkage=0.05


Tree=166
num_leaves=31
num_cat=0
split_feature=1 0 5 24 20 8 0 18 21 11 13 21 0 5 1 28 16 21 17 24 22 21 24 24 27 16 24 18 11 13
split_gain=1.66224 2.62343 3.92416 3.37992 3.5536 3.7273 3.3505 4.86651 3.47728 4.31444 3.34672 3.21166 2.95562 2.92335 4.40013 4.18245 3.62086 2.89056 3.99094 3.82135 4.95113 4.49478 4.34434 3.71167 5.58121 3.84036 3.16396 2.96536 4.9771 3.92308
threshold=133.00000000000003 5.5816893903479796 0.38299279661096169 28.500000000000004 0.06917300393147742 0.73489442596738463 4.9798296441859744 31.375848613157462 37.500000000000007 2.2089910962941972 0.094311394975942958 38.500000000000007 5.0848964481369547 1.4211559146037642 293.00000000000006 20.500000000000004 7.1096240885869593 39.500000000000007 6.5000000000000009 7.5000000000000009 25.500000000000004 30.500000000000004 3.5000000000000004 14.500000000000002 2.5000000000000004 3.7482156010591576 1.5000000000000002 5.7005334325441241 0.0202217690411708 0.54174860476222664
decision_type=2 2 2 2 2 2 2 2 2 2 2 2 2 2 2 2 2 2 2 2 2 2 2 2 2 2 2 2 2 2
left_child=-1 6 -3 -4 -5 10 13 8 -8 11 -6 12 -10 -2 15 16 -15 19 -19 20 22 23 -17 24 25 -21 -20 -24 -29 -30
right_child=1 2 3 4 5 -7 7 -9 9 -11 -12 -13 -14 14 -16 17 -18 18 26 21 -22 -23 27 -25 -26 -27 -28 28 29 -31
leaf_value=-7.1153869528391673e-05 -0.00011239062537435709 -0.0064621844938999168 -0.00023546108093869939 -0.0064847068570975941 -0.0054499259355708972 -0.0086603572980847813 0.00018383493899833548 0.00098737453958929584 0.00060145463145015992 0.001996211034241985 0.004260414709939821 9.6178472503527203e-05 0.0014679721121418007 0.00016460135936375165 -0.00051124529212222291 -0.0021043192786117568 0.0011245547599525233 -0.00197802254867236 0.012577339836273441 0.0044518778591869264 0.0020174402015936898 7.4846412681047587e-05 -0.0012239387158082284 0.00018019628792952471 -0.0053937489804776273 -0.0063990518144939933 -0.00051499735958575722 0.004208225527475103 -0.00045219188143487128 0.0029886300285410848
leaf_weight=69158 48577 389 10027 419 160 82 88723 574 525 101 422 1939 224 27082 1189 375 978 799 53 304 584 6126 131 1073 2349 67 590 102 521 255
leaf_count=69158 48577 389 10027 419 160 82 88723 574 525 101 422 1939 224 27082 1189 375 978 799 53 304 584 6126 131 1073 2349 67 590 102 521 255
internal_value=-1.00785e-05 6.47028e-05 -0.000667883 -0.000495048 -0.00314866 -0.000873493 0.000110675 0.000323395 0.000294607 0.00203299 0.000532647 0.00165179 0.00443258 -0.000104217 0.000198226 0.000284376 0.000630792 -0.000444893 -0.00255894 -0.00018844 0.00182419 -0.00058776 0.000195088 -0.00194042 -0.00292279 0.00277628 0.000373252 0.00190288 0.00294989 0.00158505
internal_weight=263898 194740 11499 11110 1083 664 183241 92086 91512 2789 582 2688 749 91155 42578 41389 28060 13329 1442 11887 1968 9919 1384 3793 2720 371 643 1009 878 776
internal_count=263898 194740 11499 11110 1083 664 183241 92086 91512 2789 582 2688 749 91155 42578 41389 28060 13329 1442 11887 1968 9919 1384 3793 2720 371 643 1009 878 776
is_linear=0
shrinkage=0.05


Tree=167
num_leaves=31
num_cat=0
split_feature=28 27 18 11 0 15 9 16 1 13 15 22 19 6 17 17 2 4 4 28 13 28 22 13 18 21 0 0 3 13
split_gain=2.20688 2.06908 2.32028 1.83411 1.84302 1.91431 2.34358 2.2004 1.82831 1.5779 2.65386 2.40475 2.55617 4.33339 2.54781 2.18473 2.20121 2.40299 4.79558 2.30524 2.12275 1.99079 4.40482 4.39052 3.54529 3.2174 4.12657 3.09548 2.81568 2.59679
threshold=54.500000000000007 39.500000000000007 0.29495474440805097 2.037421443776982 4.6916983434607848 4.5000000000000009 0.71153473072174156 1.9193247128032682 113.00000000000001 0.17167403648573409 22.500000000000004 29.500000000000004 19.700981702602352 0.32059370475438559 3.5000000000000004 9.5000000000000018 -0.014958379558890128 -0.033645560161340383 -0.20969438039806546 24.500000000000004 0.1698830832819655 25.500000000000004 25.500000000000004 1.633205032054454 41.280443992448596 28.500000000000004 4.7607705584681321 4.9340266432096351 -0.46505688311233762 0.81934636807115546
decision_type=2 2 2 2 2 2 2 2 2 2 2 2 2 2 2 2 2 2 2 2 2 2 2 2 2 2 2 2 2 2
left_child=1 9 -3 4 5 7 -7 -4 -8 10 20 12 13 14 -12 16 17 18 -14 -19 -1 29 24 25 -23 26 -24 -27 -29 -11
right_child=-2 2 3 -5 -6 6 8 -9 -10 21 11 -13 15 -15 -16 -17 -18 19 -20 -21 -22 22 23 -25 -26 27 -28 28 -30 -31
leaf_value=5.7347552859699175e-05 0.007167842166752693 -0.0024837699637538947 0.0087602971107521143 0.0031485885610950497 -0.0010176203482488442 0.0020821965658867464 -0.0091305192826840777 -0.0029748822765748037 -0.00057540373385509219 -0.00016568193513170323 -0.002685911060928501 -0.003367542328818723 -8.9389041483686733e-05 0.0064986195125976897 0.00031844532384063648 -0.0039482679153716614 -0.0019254685244562992 -0.0021581121789847383 0.0021121130874334516 0.00044909903778364677 0.0012635967241012983 -0.00017714692744761625 0.0060197408862833653 -0.00031280570703528328 0.00082305683838891142 0.00059628292091325186 0.00057194199301943292 0.0013897542560159315 0.00031440911037772907 7.5515459884285328e-05
leaf_weight=97870 51 131 55 59 272 147 77 54 111 103241 69 338 512 126 441 475 356 87 157 52 914 9266 60 1159 1470 2140 89 482 555 42867
leaf_count=97870 51 131 55 59 272 147 77 54 111 103241 69 338 512 126 441 475 356 87 157 52 914 9266 60 1159 1470 2140 89 482 555 42867
internal_value=-7.81122e-06 -9.82311e-06 -0.00239514 -0.00135484 -0.00205307 -6.75664e-05 -0.0019403 0.00568807 -0.0056383 -1.59743e-06 0.000152964 -0.00141982 -0.000835164 0.00185535 -0.000196077 -0.00187919 -0.000713057 0.000730199 0.0019731 -0.0052518 0.000194567 -9.87411e-05 0.000445438 0.00176143 -0.000104321 0.00268491 0.00986577 0.00234813 0.00459017 -0.000155432
internal_weight=263683 263632 906 775 716 444 335 109 188 262726 101397 2613 2275 636 510 1639 1164 808 669 139 98784 161329 15221 4485 10736 3326 149 3177 1037 146108
internal_count=263683 263632 906 775 716 444 335 109 188 262726 101397 2613 2275 636 510 1639 1164 808 669 139 98784 161329 15221 4485 10736 3326 149 3177 1037 146108
is_linear=0
shrinkage=0.05


Tree=168
num_leaves=31
num_cat=0
split_feature=0 24 18 28 29 20 24 24 27 6 21 0 21 18 24 24 2 24 24 17 6 29 21 29 27 13 28 7 21 27
split_gain=1.70921 3.42783 5.01665 4.51676 3.5261 4.91298 11.1497 4.4945 3.10978 3.03231 2.95217 3.50511 2.75706 2.71914 5.65203 4.99623 5.95059 3.82472 7.55244 6.26512 4.11955 4.10994 4.04382 3.34786 3.08941 4.61655 2.98359 2.83875 3.20821 2.78692
threshold=4.6426673853605518 2.5000000000000004 44.858287520818259 5.5000000000000009 0.35441858460372855 0.12075131341302005 6.5000000000000009 4.5000000000000009 4.5000000000000009 0.089147974015846856 29.500000000000004 4.4439066730957402 26.500000000000004 31.375848613157462 2.5000000000000004 21.500000000000004 -0.16960522564729855 9.5000000000000018 13.500000000000002 3.5000000000000004 0.15657595575907982 5.8911258848236683 40.500000000000007 -1.691767014093873 23.500000000000004 0.28106650308687181 12.500000000000002 0.90172786385990167 27.500000000000004 21.500000000000004
decision_type=2 2 2 2 2 2 2 2 2 2 2 2 2 2 2 2 2 2 2 2 2 2 2 2 2 2 2 2 2 2
left_child=1 2 3 10 12 6 7 -6 -7 -5 -1 -12 -3 -2 24 17 23 21 19 -19 -21 -16 27 -17 -15 -26 -18 28 -20 -22
right_child=13 4 -4 9 5 8 -8 -9 -10 -11 11 -13 -14 14 15 16 26 18 22 20 29 -23 -24 -25 25 -27 -28 -29 -30 -31
leaf_value=0.0019117741538291944 4.8955219379710574e-06 -0.0047003182675343508 -0.0026039804602791829 0.0022324203735236332 -0.01082921144052908 -0.01627854007251673 -0.0054482680851902776 0.0030347320729807135 -0.029573243274915218 0.0019821497840220915 0.0059541087355726979 -0.00099983064312276983 -0.00018084196853864268 -0.0024125598050465241 0.00034719723585027897 0.0019918839030624524 0.0029981600250159218 -0.011060921444794491 -0.00054686632133320735 -0.00089790194081540257 0.0036495833003158903 -0.0048997538896915693 0.0048414108993020582 -0.00021470563843385698 0.0025366719290312754 -0.0020442263269795889 0.00064708774207387779 -0.00019221112834274409 0.00074409989717502635 0.0010102787731062898
leaf_weight=160 214915 142 307 57 67 119 489 316 208 971 137 548 24808 1069 3587 291 178 85 318 107 1455 194 96 6779 186 219 319 2281 2320 734
leaf_count=160 214915 142 307 57 67 119 489 316 208 971 137 548 24808 1069 3587 291 178 85 318 107 1455 194 96 6779 186 219 319 2281 2320 734
internal_value=2.16741e-05 -0.000345228 0.00155963 0.0025307 -0.000504033 -0.00315263 -0.00119266 0.00519582 -0.0083792 0.00475681 -0.000177514 -0.00160584 -0.000376752 6.58788e-05 0.000620241 0.000854675 -0.000137438 0.00152635 0.00218767 0.00450651 0.005 0.000232744 0.00108674 -0.000509193 -0.00236092 0.00135803 0.00515091 0.000888393 0.00200531 0.00546825
internal_weight=263462 28329 2180 1873 26149 1199 872 383 327 1028 845 685 24950 235133 20218 18744 7567 11177 7396 2381 2296 3781 5015 7070 1474 405 497 4919 2638 2189
internal_count=263462 28329 2180 1873 26149 1199 872 383 327 1028 845 685 24950 235133 20218 18744 7567 11177 7396 2381 2296 3781 5015 7070 1474 405 497 4919 2638 2189
is_linear=0
shrinkage=0.05


Tree=169
num_leaves=31
num_cat=0
split_feature=0 24 18 22 0 5 2 27 29 23 29 29 4 23 29 15 27 2 29 12 27 1 0 18 21 12 15 14 28 6
split_gain=1.63718 3.0928 4.04629 3.15392 3.14654 2.29982 2.23805 2.16199 3.64279 2.39183 2.36128 2.16071 2.12275 2.73463 1.9705 1.83764 2.07236 1.83003 1.77306 1.72581 1.71343 1.68554 2.87078 2.20052 3.70119 3.60326 2.74826 2.70901 5.18735 2.83546
threshold=4.4236054436470065 30.500000000000004 23.630710723644555 21.500000000000004 4.3895594239587075 0.55216335243241754 -0.84656660670126904 16.500000000000004 -0.60559424458584032 1.0000000180025095e-35 -1.0791108000276988 -0.47967793934772801 0.027694855897018519 2.5000000000000004 -0.53032473659995172 12.500000000000002 14.500000000000002 -0.41985094777676629 -0.18677238458279286 0.30489653858658167 6.5000000000000009 133.00000000000003 5.5851811870328882 21.589410675069356 36.500000000000007 0.17300818854721556 25.500000000000004 4.0926047678994157 13.500000000000002 0.6694263095848928
decision_type=2 2 2 2 2 2 2 2 2 2 2 2 2 2 2 2 2 2 2 2 2 2 2 2 2 2 2 2 2 2
left_child=1 2 3 5 14 -1 -5 9 10 -4 -9 19 17 -14 -3 -11 20 -7 -13 -10 -17 22 23 27 25 26 -25 29 -29 -2
right_child=21 4 7 6 -6 12 -8 8 11 15 -12 18 13 -15 -16 16 -18 -19 -20 -21 -22 -23 -24 24 -26 -27 -28 28 -30 -31
leaf_value=0.0035902947370840751 -9.3448892811181828e-05 0.00056432101987693203 -0.0097783810460602312 0.0026541895877877676 -0.0041573721180896478 0.0059571589876604158 -0.011873718507476977 -0.0037618114977266575 -0.0024512470304193547 -0.0033091061203721645 -0.0087385126868237094 -0.0072330588934473514 -0.0012993172479759921 0.011995454347754078 0.014233950227292872 0.016168067049549307 0.011342689293443058 -0.0030617437182746563 0.0032903267984986913 0.012438228706684051 -0.0020940677677719604 4.8896370586905402e-05 0.00081794313454996905 0.00078772922415306008 -0.0010974444948605928 -1.7687247157606798e-05 -0.0027512960563169596 0.00064872627857035653 -0.00019032601037975692 -0.00035341694750439748
leaf_weight=93 42820 79 98 58 62 310 151 220 68 276 385 362 52 82 67 74 58 172 147 111 167 192381 7748 2122 447 3411 127 966 1337 9333
leaf_count=93 42820 79 98 58 62 310 151 220 68 276 385 362 52 82 67 74 58 172 147 111 167 192381 7748 2122 447 3411 127 966 1337 9333
internal_value=1.50514e-05 -0.00112872 -0.0015534 0.00118737 0.00475962 0.00277856 -0.00421053 -0.00283316 -0.00402939 -0.000534917 -0.0068595 -0.0015407 0.00167208 0.00723881 0.00876712 0.000695653 0.00341137 0.000124483 -0.00320236 0.00318436 0.0013693 2.86173e-05 -0.000184742 -0.000300677 0.000599313 0.000945231 0.00249889 -0.000401607 0.0012766 -0.000475714
internal_weight=263784 3092 2884 918 208 709 209 1966 1293 673 605 688 616 134 146 575 299 482 509 179 241 260692 68311 60563 6107 5660 2249 54456 2303 52153
internal_count=263784 3092 2884 918 208 709 209 1966 1293 673 605 688 616 134 146 575 299 482 509 179 241 260692 68311 60563 6107 5660 2249 54456 2303 52153
is_linear=0
shrinkage=0.05


Tree=170
num_leaves=31
num_cat=0
split_feature=3 7 13 19 13 0 23 4 5 8 8 18 29 16 5 24 5 29 3 29 4 14 12 14 14 4 29 16 4 0
split_gain=2.75266 2.1359 3.3277 2.48365 2.46267 1.91787 2.38176 4.17711 1.75442 1.71767 3.4845 2.846 3.93192 2.24815 2.40569 2.96097 2.28744 2.12012 3.55125 2.08699 2.08621 1.94729 2.36971 1.90269 1.91288 1.8965 2.01433 3.83953 2.95266 2.49309
threshold=0.50151335931805185 0.47562521100911209 1.3729287435884165 38.829539515071261 0.87595881804287512 5.5125765798679067 5.5000000000000009 0.14338744681066828 0.55702619986130153 0.62676028584921661 0.75135458728099447 6.256633962694699 0.45741735484948326 0.78051517059538711 0.68594293058874634 29.500000000000004 0.69371795988285478 -0.32813146147528488 0.011699794094493506 0.62705200687072382 0.03022907713270083 1.8832771490040221 0.1599480920448724 0.71198763663264553 0.92698259465254484 -0.011384710608677292 -0.10383428234415885 0.10005125521430312 0.41975972397786582 5.1914582650287837
decision_type=2 2 2 2 2 2 2 2 2 2 2 2 2 2 2 2 2 2 2 2 2 2 2 2 2 2 2 2 2 2
left_child=9 2 4 -3 5 6 -2 -8 -9 -1 11 25 17 21 15 20 -16 -13 -19 -18 -15 -12 -23 -20 -25 -11 27 -27 -29 -28
right_child=1 3 -4 -5 -6 -7 7 8 -10 10 13 12 -14 14 16 -17 19 18 23 -21 -22 22 -24 24 -26 26 29 28 -30 -31
leaf_value=-2.2164192287661861e-05 -0.00040811547347109519 0.0018951880736558643 0.0040486493405344154 -0.0018644473984522022 -0.0069941412262292174 -0.0034578055115624205 -0.0026473393672615747 0.01904681691843875 0.0051201654559084207 0.0054230981649425226 -0.00044580620817675386 -0.0073817231206741484 0.010757885067111988 -0.0073091954382857862 0.0072539877697265932 -0.0061357237543602592 0.0006998373495617524 0.0084659135194597324 -4.3332671534757968e-05 -0.0013673611061476697 0.00027470320420680511 -0.0045001377664679364 -5.2574759752097499e-05 -0.0068344024935116134 -0.0029188560252527899 0.0030801339093679049 0.004889101805301773 -0.0010597470045098087 0.012508216163505779 0.0011639319879344927
leaf_weight=216669 1517 71 100 385 139 741 74 50 109 521 11204 137 83 85 80 295 2277 50 1002 231 3969 141 150 148 600 582 683 3591 74 17950
leaf_count=216669 1517 71 100 385 139 741 74 50 109 521 11204 137 83 85 80 295 2277 50 1002 231 3969 141 150 148 600 582 683 3591 74 17950
internal_value=-2.07035e-05 -0.00148148 -0.00095238 -0.00464912 -0.00129277 -0.000931352 -2.85702e-05 0.00467811 0.00924528 -2.83926e-06 0.000282536 0.000662052 -0.00113861 -0.000240884 0.000469945 -0.000248332 0.00167697 -0.00159525 -0.00113889 0.00141148 0.000103603 -0.000669855 -0.0047079 -0.00151428 -0.00342246 0.000817488 0.000749564 -0.000233105 -0.000832195 0.000973543
internal_weight=263708 3186 2730 456 2630 2491 1750 233 159 260522 43853 25421 2020 18432 6937 4349 2588 1937 1800 2508 4054 11495 291 1750 748 23401 22880 4247 3665 18633
internal_count=263708 3186 2730 456 2630 2491 1750 233 159 260522 43853 25421 2020 18432 6937 4349 2588 1937 1800 2508 4054 11495 291 1750 748 23401 22880 4247 3665 18633
is_linear=0
shrinkage=0.05


Tree=171
num_leaves=31
num_cat=0
split_feature=1 24 23 29 24 12 11 5 22 24 28 29 27 24 22 4 22 0 0 7 29 28 1 29 16 4 5 29 29 15
split_gain=2.34108 2.97088 3.94294 3.0497 5.8013 3.16509 2.7537 2.66898 3.30764 4.00107 5.60246 5.66943 5.48057 3.62691 3.54249 3.65274 3.44172 4.19281 3.39255 3.36698 3.25092 3.20488 3.73077 3.06936 2.92941 2.85641 2.83859 2.73431 2.72696 2.5979
threshold=121.00000000000001 10.500000000000002 3.5000000000000004 2.8408173346488366 13.500000000000002 1.1410681411436696 2.8436285499473768 0.60815907576025086 3.5000000000000004 4.5000000000000009 9.5000000000000018 0.30638167750459183 16.500000000000004 1.5000000000000002 29.500000000000004 -0.1793608401508468 7.5000000000000009 4.7946504408654791 5.5594021876627302 0.74165012374060624 -0.19247936463101048 15.500000000000002 245.00000000000003 -0.059558314686299144 3.9842787390226757 0.40100311072909972 0.76642272296969061 4.8373071902499918 -0.68361147894660335 15.500000000000002
decision_type=2 2 2 2 2 2 2 2 2 2 2 2 2 2 2 2 2 2 2 2 2 2 2 2 2 2 2 2 2 2
left_child=6 2 -2 -3 -5 -6 -1 -4 -9 10 11 16 18 19 15 20 -10 24 29 -12 -14 22 -15 -19 -18 -13 -16 28 -23 -11
right_child=1 3 7 4 5 -7 -8 8 9 12 13 25 14 21 26 -17 17 23 -20 -21 -22 27 -24 -25 -26 -27 -28 -29 -30 -31
leaf_value=-0.00011680293233533322 -0.00032317792421221475 6.6220332065619644e-05 -0.00036968914124215982 0.0015232640179404571 0.00034944637457518527 -0.0012866399491688197 0.00068659060588760956 -0.00038503719793143277 9.9267943647491592e-05 0.0012137292985177886 0.00039691417808944489 -0.00020367087457156413 -0.0010451215785652638 -0.0011572912263351695 0.0023128053428859668 -0.0017581978589255951 0.0017839358566764591 0.00031047428712616576 -0.0033116693590597873 -0.0033248482846947656 0.00079441831509602541 0.00017828597448826233 0.0032803435579036779 0.0028604836453105563 0.00035935264875977633 -0.015108213067537794 -0.002632508607764001 -0.0027081133440172629 0.0017800990853977863 -0.0025144002738430125
leaf_weight=49997 33761 148160 9496 612 1444 327 925 2216 793 4408 426 726 1535 349 58 319 1334 1170 748 672 1059 454 58 786 266 88 442 82 517 302
leaf_count=49997 33761 148160 9496 612 1444 327 925 2216 793 4408 426 726 1535 349 58 319 1334 1170 748 672 1059 454 58 786 266 88 442 82 517 302
internal_value=-2.03001e-05 5.26333e-05 -0.000238458 0.000172643 0.00194713 0.000496896 -0.000324809 0.000196793 0.000541792 0.000784114 0.00161637 0.0025644 5.97464e-05 -0.000297106 -0.00151187 -0.000844489 0.00328122 0.00394545 0.00104251 -0.00246812 -0.000223592 0.00133562 -0.00243243 0.00239264 0.00584375 -0.00126536 -0.0054 0.00279202 0.00353244 0.00153928
internal_weight=263530 212608 62065 150543 2383 1771 50922 28304 18808 16592 7721 5163 8871 2558 3413 2913 4349 3556 5458 1098 2594 1460 407 1956 1600 814 500 1053 971 4710
internal_count=263530 212608 62065 150543 2383 1771 50922 28304 18808 16592 7721 5163 8871 2558 3413 2913 4349 3556 5458 1098 2594 1460 407 1956 1600 814 500 1053 971 4710
is_linear=0
shrinkage=0.05


Tree=172
num_leaves=31
num_cat=0
split_feature=8 11 11 22 4 16 3 8 29 2 21 16 16 5 3 22 22 3 14 4 19 16 2 7 6 27 22 14 2 22
split_gain=1.84378 2.38709 3.20238 2.6607 3.55892 2.38146 2.16744 2.16084 3.36834 2.68592 3.12561 2.59851 2.76472 2.57138 2.19946 2.15831 2.03585 2.19924 1.98225 1.96629 1.90399 1.86728 1.86509 1.85608 1.84708 1.8418 1.8389 1.82261 2.65349 2.6075
threshold=0.62676028584921661 0.68523801880228752 0.56731064298445399 2.5000000000000004 -0.087824573254756635 0.04712129531109268 -0.46505688311233762 0.75831344591024941 0.063671324687521 -0.11659954636128507 2.5000000000000004 0.13134659844149263 0.15483738136272079 0.76642272296969061 0.36307346172612381 33.500000000000007 27.500000000000004 0.063119623122181792 9.8703504475701269 0.34815453743149882 3.4635220791904842 1.0000000180025095e-35 0.55357699962049267 1.3281204337535069 0.094806816002675501 9.5000000000000018 15.500000000000002 5.6785847193382484 -1.0988810316667721 8.5000000000000018
decision_type=2 2 2 2 2 2 2 2 2 2 2 2 2 2 2 2 2 2 2 2 2 2 2 2 2 2 2 2 2 2
left_child=1 2 -1 4 23 15 -6 8 11 13 -11 22 -13 -10 -12 16 -2 -18 27 20 -8 -5 -7 -3 -9 -20 -16 28 29 -4
right_child=5 3 18 21 6 7 19 24 9 10 14 12 -14 -15 26 -17 17 -19 25 -21 -22 -23 -24 -25 -26 -27 -28 -29 -30 -31
leaf_value=-3.5068247312768365e-05 -0.00068995656026885706 -0.00076745500282199893 0.0019807380093345077 0.0021270458727096916 0.0013841040718079352 0.0015969917745622686 0.0059566858479232106 -0.00086699600657074403 0.0071656941489875448 0.0011546834894005321 0.0056412654835139965 -0.0050688238822320306 -0.00026309155037663182 -0.0031404826755309246 -0.0022573697252975203 0.0033268324777102898 -0.0077003402483091276 -0.0019890096359782158 -0.0026150060309257507 0.0076172827247931426 -0.00028563715985790593 0.00013828439972516502 0.0079776966880287584 -0.0026275541564892767 2.6666985863241597e-05 0.0012197747701396019 0.0044197891309939548 -0.0016060259746112284 -0.0010704858980936035 -8.4953111616026112e-05
leaf_weight=160810 2505 2245 182 60 69 965 57 257 284 13816 859 290 7821 87 286 149 76 411 53 84 1063 45152 105 162 17675 135 321 531 6597 353
leaf_count=160810 2505 2245 182 60 69 965 57 257 284 13816 859 290 7821 87 286 149 76 411 53 84 1063 45152 105 162 17675 135 321 531 6597 353
internal_value=-1.8859e-07 -6.09495e-05 -0.000150122 0.000246667 -0.00104619 0.000287757 0.00109191 0.000385354 0.000687365 0.00113333 0.00103128 -7.29756e-05 -0.000378497 0.00533693 0.00322647 -0.00104107 -0.00133355 -0.00429158 -0.00113616 0.000598008 4.4644e-05 0.000351899 0.00224299 -0.00217698 -3.29009e-05 0.00393617 0.000922571 -0.0012606 -0.0010502 0.00233645
internal_weight=263460 217553 168661 48892 3680 45907 1273 42766 24834 15653 15282 9181 8111 371 1466 3141 2992 487 7851 1204 1120 45212 1070 2407 17932 188 607 7663 7132 535
internal_count=263460 217553 168661 48892 3680 45907 1273 42766 24834 15653 15282 9181 8111 371 1466 3141 2992 487 7851 1204 1120 45212 1070 2407 17932 188 607 7663 7132 535
is_linear=0
shrinkage=0.05


Tree=173
num_leaves=31
num_cat=0
split_feature=19 24 18 24 29 24 11 27 0 21 19 4 22 27 27 22 21 5 27 14 7 29 7 8 21 0 11 22 22 4
split_gain=1.86616 4.4917 4.22518 3.7574 3.90823 4.09667 3.78744 3.66686 3.52441 3.51153 3.48284 3.32576 3.30348 3.61618 3.31892 3.45637 5.89802 3.66333 3.50876 3.28446 3.23274 2.98466 2.94986 2.95241 2.93412 2.96356 4.02012 2.99354 2.92089 6.19276
threshold=59.99486014821899 1.5000000000000002 11.475555918351697 22.500000000000004 -3.1903952382278615 7.5000000000000009 0.089873601561975755 27.500000000000004 4.3036100609115797 31.500000000000004 18.961503590877051 0.032790872225026566 16.500000000000004 20.500000000000004 18.500000000000004 26.500000000000004 31.500000000000004 0.74501559757316538 30.500000000000004 8.6360350111497919 0.36529561583706288 -0.32813146147528488 0.53270460013219534 2.618283908619643 28.500000000000004 4.7229765984487448 0.055870501080268989 6.5000000000000009 12.500000000000002 -0.43329411285390113
decision_type=2 2 2 2 2 2 2 2 2 2 2 2 2 2 2 2 2 2 2 2 2 2 2 2 2 2 2 2 2 2
left_child=2 -2 28 4 5 -3 -6 -4 -5 -8 -9 12 13 24 -14 16 17 -16 -17 20 -18 -11 23 -13 25 -10 -27 -28 29 -1
right_child=1 3 7 8 6 -7 9 10 11 21 -12 22 14 -15 15 18 19 -19 -20 -21 -22 -23 -24 -25 -26 26 27 -29 -30 -31
leaf_value=0.00032971027632434777 -0.00070364517368287519 0.00023477877342474387 -0.00018101506572466752 -0.0073017084971783025 -0.00014304649866838672 -0.0084499312069896328 0.00013697293310904247 0.0096300297853948256 -0.0023817284022067432 0.00061283429109642467 -0.0013593537734297347 -9.5929810013971976e-05 -6.7430703498201448e-05 -0.00059193889473707455 -0.00063590142249368643 -0.00050119874237432901 0.00097694746569697895 0.0015731573358774527 0.00083037897374453509 0.0027938565085436711 -0.00033977758943192296 0.00011071167021827419 -0.00072146072707380095 -0.0012575168687280645 8.6609646987739625e-05 0.0013143489424040603 0.00066912153543024707 -0.00088621632050408345 -0.00011642528236747976 2.5433809074585752e-05
leaf_weight=8869 3073 934 23200 183 6860 724 21159 73 367 10144 4054 1254 4494 3279 261 1145 96 1816 388 57 1160 5769 303 124 7254 78 260 402 98480 57385
leaf_count=8869 3073 934 23200 183 6860 724 21159 73 367 10144 4054 1254 4494 3279 261 1145 96 1816 388 57 1160 5769 303 124 7254 78 260 402 98480 57385
internal_value=-2.6929e-05 0.000190966 -0.000108142 0.000274848 0.0005374 -0.0018456 0.000627334 -0.000683938 -0.00024737 0.00082704 -0.00205718 -0.000191748 -2.08945e-05 -0.000584191 0.000675376 0.00157221 0.00246313 0.00412133 -0.000397911 -0.000159938 -0.000692674 0.00138817 -0.00233194 -0.00134978 -3.22916e-05 -0.00242999 -0.000608107 -0.00187311 -1.26252e-05 0.000244062
internal_weight=263645 71584 192061 68511 45590 1658 43932 27327 22921 37072 4127 22738 21057 11640 9417 4923 3390 2077 1533 1313 1256 15913 1681 1378 8361 1107 740 662 164734 66254
internal_count=263645 71584 192061 68511 45590 1658 43932 27327 22921 37072 4127 22738 21057 11640 9417 4923 3390 2077 1533 1313 1256 15913 1681 1378 8361 1107 740 662 164734 66254
is_linear=0
shrinkage=0.05


Tree=174
num_leaves=31
num_cat=0
split_feature=14 16 0 7 28 3 24 27 14 24 28 17 29 29 17 18 22 11 3 27 27 24 18 11 29 18 7 18 0 29
split_gain=2.24972 1.93469 2.84132 2.6205 2.74957 3.38153 2.43913 3.33983 2.34825 2.22602 6.22637 3.91485 2.603 2.56194 2.83189 2.49428 2.29186 2.84723 3.24193 2.34176 3.04244 2.3896 2.16653 2.11671 2.46697 2.42592 2.09966 2.02571 3.12412 2.72381
threshold=0.96982378087972942 1.2310756854101068 4.5724882964329003 1.0222358373474203 12.500000000000002 -0.73194956828770064 1.5000000000000002 32.500000000000007 1.4335310340312846 28.500000000000004 6.5000000000000009 4.5000000000000009 -1.1041871305606306 -0.45759740947364863 9.5000000000000018 5.8721800727056737 9.5000000000000018 0.040202257801196455 -0.85413270163532928 19.500000000000004 12.500000000000002 30.500000000000004 22.615139966694489 0.097228178678724145 0.30638167750459183 39.41889611950149 0.94696005558302443 41.280443992448596 4.7451475581756286 -1.2877420863276781
decision_type=2 2 2 2 2 2 2 2 2 2 2 2 2 2 2 2 2 2 2 2 2 2 2 2 2 2 2 2 2 2
left_child=-1 2 3 4 5 -2 7 27 -6 -8 13 12 22 14 15 -11 17 18 -13 20 -18 -21 -12 24 26 -25 -15 28 -3 -30
right_child=1 6 -4 -5 8 -7 9 -9 -10 10 11 16 -14 23 -16 -17 19 -19 -20 21 -22 -23 -24 25 -26 -27 -28 -29 29 -31
leaf_value=-7.2843079433587197e-05 0.0038064858586178314 0.00056224763541508111 0.00013858417302796587 -0.0027700907937130022 0.0032444826085717806 -0.0007916419778334358 3.8922658842942684e-05 -0.0042770480452110063 0.0071538009245059337 0.0021411996638959299 0.0033526975686037994 -8.6745581514396068e-05 3.5547774500690963e-06 0.0022176594420863609 -0.0020176017835182363 0.0012338155470208332 -0.00069370117115838729 -0.00057951990402538549 0.0031843020594053482 -0.00011204363562729088 -0.0017969958955437024 -0.0014531914151301758 0.00025747485059220637 -0.00043188120427365843 -0.0029338778194483053 0.002837504586296885 -0.00017209941199115299 -0.0032471663539856213 0.0025237678459571486 -0.00065033828664350058
leaf_weight=128180 54 1139 60955 85 261 333 62728 163 203 104 52 73 939 176 177 654 721 1404 65 737 598 207 50 1583 58 107 65 464 51 1478
leaf_count=128180 54 1139 60955 85 261 333 62728 163 203 104 52 73 939 176 177 654 721 1404 65 737 598 207 50 1583 58 107 65 464 51 1478
internal_value=-5.03928e-06 0.000136863 0.000343024 0.00307692 0.00391304 0.000801035 -3.60456e-05 -0.0013657 0.00650862 2.61012e-05 -0.0007722 -0.00187165 0.000845342 0.00104993 0.00320856 0.00453826 -0.00261498 -0.0011284 0.00572464 -0.00362793 -0.00498863 -0.00172669 0.00843137 3.51948e-05 0.00391304 -0.000650886 0.00614108 -0.00100255 -0.000472263 -0.00194899
internal_weight=263864 135684 61891 936 851 387 73793 3295 464 70498 7770 4846 1041 2924 935 758 3805 1542 138 2263 1319 944 102 1989 299 1690 241 3132 2668 1529
internal_count=263864 135684 61891 936 851 387 73793 3295 464 70498 7770 4846 1041 2924 935 758 3805 1542 138 2263 1319 944 102 1989 299 1690 241 3132 2668 1529
is_linear=0
shrinkage=0.05


Tree=175
num_leaves=31
num_cat=0
split_feature=0 17 0 18 24 22 3 0 20 5 29 9 1 16 18 20 21 19 24 4 3 27 3 27 29 22 24 17 23 24
split_gain=2.15197 2.61816 1.93145 3.29918 3.49519 2.29543 3.06207 2.29281 2.8275 2.21838 2.57729 2.01697 1.84898 2.9742 3.03906 3.52702 2.13086 1.84657 3.15406 2.77489 3.5787 3.09429 2.75511 2.14244 2.34678 1.90965 1.8872 1.82452 1.99055 2.95673
threshold=4.4236054436470065 5.5000000000000009 5.6492764668392832 1.2139476720512721 1.5000000000000002 13.500000000000002 -0.041096141763176719 5.6418675887389069 0.13336374017187949 0.74501559757316538 -0.12014600800388249 0.5319253382932293 301.00000000000006 0.75391690437614878 2.57501948814653 0.064887111613456866 36.500000000000007 33.922132115726804 30.500000000000004 -0.51527502160955929 -1.0179791548829977 24.500000000000004 -0.86868247833364731 23.500000000000004 -0.64858629318584227 11.500000000000002 28.500000000000004 6.5000000000000009 5.5000000000000009 18.500000000000004
decision_type=2 2 2 2 2 2 2 2 2 2 2 2 2 2 2 2 2 2 2 2 2 2 2 2 2 2 2 2 2 2
left_child=1 -1 7 9 11 -6 -7 12 -9 -4 -11 -5 -2 14 -14 -16 -15 19 23 20 -3 -22 -20 -19 25 -25 -21 28 -8 -30
right_child=2 17 3 4 5 6 27 8 -10 10 -12 -13 13 16 15 -17 -18 18 22 26 21 -23 -24 24 -26 -27 -28 -29 29 -31
leaf_value=0.0084368991880540405 2.0699864134336986e-05 -0.0078679520766842606 -0.0010558221056466376 -0.011361710347489227 -0.0034916723422821448 -0.0088933169365083119 0.00063049405758494994 0.0033857267846119643 -0.0039831587689776737 0.010716268091822006 0.0012089236379482955 -0.0025864646039771549 -0.0032055593056210339 -0.0030975837358394116 -0.00017749059643640806 0.0067223371792644237 0.0019868669926031575 -0.0016159737394965453 0.012512241933129329 -0.0001264434399949418 0.014802899308311482 0.00071988789196396352 -2.0785502857653407e-05 -0.013376837613689276 -0.0030889806041650252 -0.0067804230756096763 -0.0058343550380801469 0.0083490424202603605 0.00099473946813940866 -0.0080580167211862282
leaf_weight=54 254514 100 287 64 1346 145 1441 843 202 134 254 60 82 234 141 108 53 1259 55 634 105 70 81 136 377 118 126 71 132 128
leaf_count=54 254514 100 287 64 1346 145 1441 843 202 134 254 60 82 234 141 108 53 1259 55 634 105 70 81 136 377 118 126 71 132 128
internal_value=2.22906e-05 -0.00128411 3.79279e-05 -0.00104382 -0.00167995 -0.00136684 -0.000255607 5.50803e-05 0.00239235 0.00214815 0.0046134 -0.00991935 4.5507e-05 -0.00268608 0.000543808 0.00329317 -0.00641115 -0.00147664 -0.00235439 0.000241547 0.00454546 0.00885714 0.005 -0.0028836 -0.00526149 -0.00897638 -0.00131579 0.000316028 -1.17566e-05 -0.00403846
internal_weight=263354 3115 260239 4062 3387 3263 1917 256177 1045 675 388 124 255132 618 331 249 287 3061 2026 1035 275 175 136 1890 631 254 760 1772 1701 260
internal_count=263354 3115 260239 4062 3387 3263 1917 256177 1045 675 388 124 255132 618 331 249 287 3061 2026 1035 275 175 136 1890 631 254 760 1772 1701 260
is_linear=0
shrinkage=0.05


Tree=176
num_leaves=31
num_cat=0
split_feature=0 18 22 1 6 14 2 3 0 1 14 1 19 5 14 5 23 26 14 5 1 19 22 29 23 14 22 19 28 1
split_gain=1.42543 2.56064 2.52625 2.87044 2.44031 2.33808 2.45709 1.99942 1.982 2.116 2.33302 1.88775 1.75873 2.42754 2.2753 2.21566 1.93032 1.69184 1.98319 1.6863 1.56098 1.55014 1.48716 1.44504 1.42775 1.33931 1.35738 1.3826 1.33834 1.31652
threshold=5.6492764668392832 1.1701297279458844 13.500000000000002 233.00000000000003 0.40314770423535973 0.73447006619841815 -0.093466393851332499 0.004111449187599845 5.6418675887389069 145.00000000000003 0.35478854425713918 205.00000000000003 11.724891578114079 0.6519724055629218 0.67452370968055131 0.7103432039503933 1.5000000000000002 1.0000000180025095e-35 0.66571352364892322 0.77255834920795341 157.00000000000003 6.1344714275706513 10.500000000000002 0.44442789356771872 3.5000000000000004 0.71198763663264553 29.500000000000004 20.111248372401928 1.5000000000000002 121.00000000000001
decision_type=2 2 2 2 2 2 2 2 2 2 2 2 2 2 2 2 2 2 2 2 2 2 2 2 2 2 2 2 2 2
left_child=8 5 17 4 7 6 -2 -4 29 10 -10 -9 14 -14 -6 -15 -16 -3 -19 22 -18 -8 -7 -12 -23 26 27 -17 -5 -1
right_child=1 2 3 28 12 19 21 11 9 -11 23 -13 13 15 16 25 20 18 -20 -21 -22 24 -24 -25 -26 -27 -28 -29 -30 -31
leaf_value=-6.6819470833027146e-05 -0.01099008290125918 -0.0040807731307725128 -0.0086913091764507702 0.0049114392608133944 -0.0060350501195566286 -0.0050348538712839197 0.0076706777470254466 -0.0010248170686519321 0.0078074551209235026 7.0804354236675117e-05 0.0040617653422233254 -0.0080397946973299016 -0.00472244038891316 0.0073206040517506069 0.0038414765985552157 0.0086543901487112895 0.0058567528543560336 -0.0029742735323088059 0.0095283665573757791 0.0094493353139681619 -0.0087946349647743324 0.0030709031063979814 0.0061016702917748708 -0.0046363739806989631 -0.0075072945472340145 -0.00095538352542204471 -0.003438834855861354 0.0013142792291370633 0.0011429505244682674 2.9116580435038094e-05
leaf_weight=49668 53 1320 121 76 172 57 58 593 106 551 340 108 82 100 69 113 82 73 69 116 82 110 90 53 76 243 92 102 87 208862
leaf_count=49668 53 1320 121 76 172 57 58 593 106 551 340 108 82 100 69 113 82 73 69 116 82 110 90 53 76 243 92 102 87 208862
internal_value=7.85031e-06 -0.000912161 -0.00140346 -0.000301601 -0.000832056 0.00223214 -0.00080808 -0.00290754 2.25376e-05 0.00219048 0.0045491 -0.00188302 0.000668427 0.00213115 -0.00197531 0.00315385 0.00124464 -0.00300273 0.0021831 0.0056654 -0.00170732 0.00131148 0.00210884 0.00277354 -0.000913977 0.00190909 0.00410424 0.00627907 0.00607362 1.37327e-05
internal_weight=263724 4144 3584 2122 1959 560 297 822 259580 1050 499 701 1137 732 405 650 233 1462 142 263 164 244 147 393 186 550 307 215 163 258530
internal_count=263724 4144 3584 2122 1959 560 297 822 259580 1050 499 701 1137 732 405 650 233 1462 142 263 164 244 147 393 186 550 307 215 163 258530
is_linear=0
shrinkage=0.05


Tree=177
num_leaves=31
num_cat=0
split_feature=1 5 20 1 5 23 13 13 19 27 7 29 22 5 5 0 13 11 12 15 24 27 11 29 2 5 16 16 5 5
split_gain=1.70401 1.72477 2.67869 1.68685 3.26353 3.30935 3.00944 3.05058 3.09414 2.95368 4.30336 3.11045 4.40162 2.96981 3.89129 3.33927 2.85599 2.46821 3.05497 3.48265 3.2051 2.79951 2.42962 2.37243 2.36069 2.3426 2.23231 2.78601 3.62154 2.44966
threshold=301.00000000000006 0.56468755082207389 0.064887111613456866 269.00000000000006 2.5131780152855359 1.0000000180025095e-35 0.7402602832815055 0.13044235676291863 6.5325324766689254 22.500000000000004 0.99548470605491735 -0.6161991890922468 22.500000000000004 2.226293618553032 1.1149093255348597 4.5649191543146843 0.49646325844587275 0.12289746108861653 0.34174450567356113 1.0000000180025095e-35 18.500000000000004 16.500000000000004 0.34014300934227454 -0.71934583574906996 -1.0604696470019876 1.630474832658535 0.10375505042060677 0.28305421577034279 1.8709337091417737 1.5688935686757868
decision_type=2 2 2 2 2 2 2 2 2 2 2 2 2 2 2 2 2 2 2 2 2 2 2 2 2 2 2 2 2 2
left_child=3 2 -2 -1 5 6 7 -5 -9 13 26 22 -13 14 15 -7 23 -16 -19 24 21 -21 -12 -15 -20 -8 29 -28 -29 -11
right_child=1 -3 -4 4 -6 9 25 8 -10 10 11 12 -14 16 17 -17 -18 18 19 20 -22 -23 -24 -25 -26 -27 27 28 -30 -31
leaf_value=3.6342488721054857e-07 -0.008987030257017704 -0.0009369349418567116 0.0063963730227287229 0.0018555326847324288 -0.0009400021035962157 0.0056585515630895068 0.0032225921834426979 0.0026772603400813783 -0.00097354501645123711 0.0032570252822905973 0.0018505005604052213 -0.0014147584725454491 0.0026264161072843532 0.0030594187975890568 -0.001042517410700353 0.00043247199046928897 0.0037936586090195745 0.00019853089861238024 0.0017459460551181478 0.00079732328635300539 -0.0016310288800655633 -0.0051093195666169575 -0.00071274584486976159 -0.00051048192941844847 -0.0023517801654095727 -0.0012341591920006654 -0.00017082223989560257 0.00076770582287729466 0.0029606107557865009 4.877269493031517e-05
leaf_weight=246535 54 496 105 475 598 51 322 119 949 74 249 389 54 81 787 7874 53 1414 211 357 838 99 246 100 52 60 158 1194 55 51
leaf_count=246535 54 496 105 475 598 51 322 119 949 74 249 389 54 81 787 7874 53 1414 211 357 838 99 246 100 52 60 158 1194 55 51
internal_value=2.80209e-05 -0.00251908 0.00201258 3.43537e-05 0.000517446 0.000650443 0.0025974 0.00161374 0.000131087 0.000389937 0.00196356 -0.000703624 -0.00374718 6.37756e-05 -4.79317e-05 0.000580443 0.00564103 -0.00137307 -0.000713563 -0.00224149 -0.00330757 6.57907e-05 0.0020202 0.00265193 0.0030038 0.00657068 0.00359661 0.00302772 0.00381906 0.01
internal_weight=264100 655 159 263445 16910 16312 1925 1543 1068 14387 2470 938 443 11917 11683 7925 234 3758 2971 1557 1294 456 495 181 263 382 1532 1407 1249 125
internal_count=264100 655 159 263445 16910 16312 1925 1543 1068 14387 2470 938 443 11917 11683 7925 234 3758 2971 1557 1294 456 495 181 263 382 1532 1407 1249 125
is_linear=0
shrinkage=0.05


Tree=178
num_leaves=31
num_cat=0
split_feature=26 0 4 9 24 9 24 17 3 9 28 27 21 21 1 3 17 4 1 20 19 27 11 28 4 3 28 1 3 8
split_gain=1.41899 2.85215 3.30556 3.46525 3.02196 2.85951 2.43034 4.46678 4.84596 3.68593 3.15918 3.05834 3.05772 4.03828 3.93642 3.43129 3.39707 2.95545 2.79824 3.31395 2.75487 3.562 4.28404 2.64363 2.63177 2.62941 3.24334 2.63051 2.49799 2.40521
threshold=1.0000000180025095e-35 4.6098625740792736 -0.077521056962204474 0.5273110397598646 27.500000000000004 0.71153473072174156 13.500000000000002 4.5000000000000009 -0.71748889060372478 0.62511285369998049 31.500000000000004 25.500000000000004 38.500000000000007 29.500000000000004 205.00000000000003 0.10448042448567554 4.5000000000000009 -0.42032887886873266 133.00000000000003 0.71152972300205597 36.427927951228135 19.500000000000004 0.088008169148439314 28.500000000000004 0.44099366544005086 0.0017876822864471883 19.500000000000004 177.00000000000003 0.25465810915636761 1.0442462284866445
decision_type=2 2 2 2 2 2 2 2 2 2 2 2 2 2 2 2 2 2 2 2 2 2 2 2 2 2 2 2 2 2
left_child=-1 2 -2 -4 6 -6 7 8 -3 18 11 25 13 24 15 -15 -16 -13 19 -10 21 -14 -23 -17 29 27 28 -9 -27 -8
right_child=1 4 3 -5 5 -7 12 10 9 -11 -12 17 20 14 16 23 -18 -19 -20 -21 -22 22 -24 -25 -26 26 -28 -29 -30 -31
leaf_value=2.9714531732175923e-06 -0.0050649221628167708 -0.016998393974378519 0.013481056139430393 -0.01061006255474593 -0.001245599854769995 -0.0075129413086346287 -0.00039262984961396905 -0.0029334095671908339 -0.0040107306503580822 -0.0056361570471434282 0.0040637801041532437 0.006566178778127988 -0.0032220752563131153 0.00090524391943504537 0.0011002997680626607 -0.0015175642700059864 -0.00249473373410815 0.00068950180645306321 0.0010975922788880839 0.0059775149685415904 -0.0018902317721571184 0.0056931214110264392 -9.4442401869067119e-05 0.00095117895747519126 0.0084986514004699362 0.0051954911874519689 0.0040062596657751449 0.0021601773972021354 -0.0022001798530680134 0.0019598288648410575
leaf_weight=244248 527 279 69 79 1266 98 8200 839 533 255 58 62 143 3609 174 216 359 190 776 55 327 56 181 69 78 233 65 179 394 88
leaf_count=244248 527 279 69 79 1266 98 8200 839 533 255 58 62 143 3609 174 216 359 190 776 55 327 56 181 69 78 233 65 179 394 88
internal_value=-2.5406e-05 -0.000436346 -0.00362963 0.00297297 -0.000321583 -0.00258798 -0.000144103 -0.00124043 -0.00298209 -0.00193329 0.000396041 5.60664e-05 0.000174075 0.000350974 0.00157217 0.00212378 -0.00245778 0.00519841 -0.000901758 -0.0035034 -0.00302687 -0.000131578 0.00362869 -0.00315789 -0.000295241 -0.000701753 0.0016763 -0.00231827 0.000574164 -0.000381273
internal_weight=263705 19457 675 148 18782 1364 17418 3918 1898 1619 2020 1962 13500 12793 4427 3894 533 252 1364 588 707 380 237 285 8366 1710 692 1018 627 8288
internal_count=263705 19457 675 148 18782 1364 17418 3918 1898 1619 2020 1962 13500 12793 4427 3894 533 252 1364 588 707 380 237 285 8366 1710 692 1018 627 8288
is_linear=0
shrinkage=0.05


Tree=179
num_leaves=31
num_cat=0
split_feature=6 7 22 0 1 29 28 24 19 20 4 24 4 7 28 22 1 23 13 19 24 29 1 0 12 20 20 24 4 5
split_gain=1.55621 4.26226 2.83329 4.44786 3.56894 4.06482 2.92601 2.63216 2.549 2.30334 2.17377 2.65522 2.08998 3.59983 1.93811 2.61133 2.29189 1.90324 1.87039 2.45949 4.06333 5.63609 3.24104 4.99744 4.80002 3.43191 3.18421 3.1825 3.16916 3.24021
threshold=0.04061927638801887 1.1508796095111256 4.5000000000000009 4.7905409102862082 265.00000000000006 -0.085516350746877828 11.500000000000002 1.5000000000000002 58.467286815758271 0.71005125860713447 -0.35150060145391065 8.5000000000000018 -0.50367859180864949 0.88201435434658271 24.500000000000004 21.500000000000004 245.00000000000003 3.5000000000000004 0.099686049338349639 59.99486014821899 22.500000000000004 -2.3675210365522781 233.00000000000003 4.6568054714595153 0.19523383453655005 0.085389203583299975 0.089103271169327466 1.5000000000000002 -0.91706966442293736 2.3902029425572091
decision_type=2 2 2 2 2 2 2 2 2 2 2 2 2 2 2 2 2 2 2 2 2 2 2 2 2 2 2 2 2 2
left_child=1 2 4 7 5 10 -7 -4 12 -10 17 -12 -5 -14 15 -9 -17 -1 -2 22 27 -22 28 24 -24 -25 -27 -21 29 -20
right_child=18 -3 3 8 -6 6 -8 14 9 -11 11 -13 13 -15 -16 16 -18 -19 19 20 21 -23 23 25 -26 26 -28 -29 -30 -31
leaf_value=0.0006263435364811642 9.9989532305983994e-05 0.0028758246158853123 0.0006706431589873109 0.00049253460012489128 -9.6059038883465142e-05 -9.718000223970922e-05 0.001609453954572393 -0.00029976034031067357 0.0023211794098695086 5.3224887817414608e-05 0.0003186698763757692 -0.00014649273286338502 -0.00028694763873434457 0.0019603798260008258 -0.0050929457836478157 -0.0034225473964769057 0.002351922411321272 0.00016376837644269029 -0.00044742923146733434 -0.00056962533940740456 0.0037780999628556399 -0.00010878766169756989 0.0018558222096872259 -0.00021412100075559592 0.00033436349678636526 0.0036299699946578863 0.00051891411923952839 0.00020753009864719267 -0.00011698426241104552 0.00071986619332836883
leaf_weight=147 53988 177 75 363 164 188 62 623 79 110 67 123 2772 52 345 388 53 120 13903 2404 118 18275 774 17103 1710 793 10604 35659 101654 861
leaf_count=147 53988 177 75 363 164 188 62 623 79 110 67 123 2772 52 345 388 53 120 13903 2404 118 18275 774 17103 1710 793 10604 35659 101654 861
internal_value=-3.33525e-06 -0.000805686 -0.0010417 -0.00151234 0.00158439 0.00312589 -0.002 -0.0037938 -0.000509477 0.00513228 0.00592998 0.00184211 -0.000844053 -0.00130311 -0.00427963 -0.00322368 -0.0061678 0.00883895 1.50489e-05 -5.42523e-05 0.000226372 -0.00038384 -0.000161733 0.000292733 0.00244364 0.000105264 0.000777399 0.000521242 -0.000282687 -0.000967216
internal_weight=263754 5908 5731 4860 871 707 250 1484 3376 189 457 190 3187 2824 1409 1064 441 267 257846 203858 56456 18393 147402 30984 2484 28500 11397 38063 116418 14764
internal_count=263754 5908 5731 4860 871 707 250 1484 3376 189 457 190 3187 2824 1409 1064 441 267 257846 203858 56456 18393 147402 30984 2484 28500 11397 38063 116418 14764
is_linear=0
shrinkage=0.05


Tree=180
num_leaves=31
num_cat=0
split_feature=2 19 22 18 7 24 28 12 19 28 12 21 4 5 1 4 19 29 29 12 13 27 29 27 18 21 24 7 29 1
split_gain=1.71762 3.36427 2.77361 7.11387 9.36743 6.67193 6.51133 4.18307 3.5251 3.69751 3.34586 3.31536 3.21292 3.00859 4.73737 3.00266 2.92946 2.85544 2.7373 3.13943 2.66852 2.66219 4.46975 4.05654 3.78681 3.6454 3.09915 3.18129 2.95028 3.359
threshold=-0.21357624261151711 30.993730150117567 13.500000000000002 11.475555918351697 0.50521414319686875 22.500000000000004 8.5000000000000018 0.17822859839754898 46.288837328121666 24.500000000000004 0.089285830990742845 30.500000000000004 -0.13081917134225238 1.7031484211795049 253.00000000000003 -0.028578218444735331 35.463656612219623 -0.079601987813108552 -0.08262057774057098 0.19699760467106173 0.31425023573518612 6.5000000000000009 -1.9534123769382994 15.500000000000002 42.406654588276702 32.500000000000007 8.5000000000000018 0.43228830008602809 -0.041241729973121789 165.00000000000003
decision_type=2 2 2 2 2 2 2 2 2 2 2 2 2 2 2 2 2 2 2 2 2 2 2 2 2 2 2 2 2 2
left_child=1 -1 3 4 -3 8 13 12 9 10 -6 16 -7 15 -15 -5 -9 -4 19 -12 -21 25 -23 26 28 -8 27 -24 29 -25
right_child=-2 2 17 6 5 7 21 11 -10 -11 18 -13 -14 14 -16 -17 -18 -19 -20 20 -22 22 23 24 -26 -27 -28 -29 -30 -31
leaf_value=-0.00021634436221797484 5.100439697479373e-05 -0.00043138301036436532 2.7490914658051341e-05 -0.00095552445230413948 0.001169293968898566 0.0014370081679600417 -0.0013867892696460046 -0.00068436327920085775 -0.00023155167230591881 -0.00095290391018422373 -0.00051651549854674116 -0.00018254837895542118 -4.3809625736750691e-05 0.00024808098867756503 -0.001317639924274355 0.0022905970410921593 0.0010836198868975446 0.00028627560748846216 0.0014076284564090956 -0.00012710277566562266 0.00154092221987854 0.0019687196946004135 0.0017364102632581081 -0.00064932842903738083 -0.0016587460061875819 0.00044869496123093851 0.00027622743296127592 -0.0011597690164754167 0.00064280500698813401 1.5008243753131311e-05
leaf_weight=31070 141873 1336 42508 5922 315 518 3498 65 1147 296 275 248 78 1724 385 148 309 7344 178 248 273 1070 85 2744 1613 952 10243 883 687 5246
leaf_count=31070 141873 1336 42508 5922 315 518 3498 65 1147 296 275 248 78 1724 385 148 309 7344 178 248 273 1070 85 2744 1613 952 10243 883 687 5246
internal_value=-2.3054e-05 -0.000161108 -6.75123e-06 -0.000314181 0.00139614 0.00262025 -0.000571022 0.00569787 0.00124817 0.00277603 0.00393328 0.00282958 0.00869128 -0.00180707 -0.000180179 -0.00237232 0.00580214 0.00024292 0.0024846 0.00123116 0.00351248 -0.000196883 2.34827e-05 -0.000133481 -0.000850339 -0.00131461 0.000524486 -0.00217975 -0.000436786 -0.000707133
internal_weight=263281 121408 90338 40486 5286 3950 35200 1218 2732 1585 1289 622 596 8179 2109 6070 374 49852 974 796 521 27021 22571 21501 10290 4450 11211 968 8677 7990
internal_count=263281 121408 90338 40486 5286 3950 35200 1218 2732 1585 1289 622 596 8179 2109 6070 374 49852 974 796 521 27021 22571 21501 10290 4450 11211 968 8677 7990
is_linear=0
shrinkage=0.05


Tree=181
num_leaves=31
num_cat=0
split_feature=28 29 0 17 4 28 0 28 21 7 21 7 19 5 28 16 22 5 4 4 23 17 28 19 22 5 14 5 22 29
split_gain=2.19694 1.55029 5.83706 6.32772 4.28422 5.30864 4.28522 3.66565 3.19867 3.06342 3.05515 2.73934 2.83357 2.70144 2.66966 2.63454 3.85301 2.50771 2.76082 4.58452 2.91237 2.3879 3.38837 2.85341 3.65986 2.49113 2.35399 2.70286 2.31819 2.31532
threshold=53.500000000000007 -0.74406408122561807 4.9859457890483005 4.5000000000000009 -0.49783181269883786 10.500000000000002 4.7041876600984978 15.500000000000002 38.500000000000007 0.46575157517672378 28.500000000000004 0.40862342127981116 21.313781037388043 0.97617926019025292 24.500000000000004 4.9866279302169172 28.500000000000004 0.66249135497708289 -0.077521056962204474 -0.10687862795269633 4.5000000000000009 6.5000000000000009 22.500000000000004 1.050797484154723 4.5000000000000009 1.5831026804476112 13.651224984796185 2.0003250782998951 14.500000000000002 -2.0687998472287839
decision_type=2 2 2 2 2 2 2 2 2 2 2 2 2 2 2 2 2 2 2 2 2 2 2 2 2 2 2 2 2 2
left_child=1 2 4 -4 6 -6 -1 11 26 17 14 12 -5 -7 -8 29 -17 -10 19 20 -19 22 23 24 -11 -25 -3 -28 -16 -12
right_child=-2 8 3 7 5 13 10 -9 9 21 15 -13 -14 -15 28 16 -18 18 -20 -21 -22 -23 -24 25 -26 -27 27 -29 -30 -31
leaf_value=-0.0001023751704184929 0.0098129703967811729 1.7348840041003794e-06 -0.00013713009581075479 -0.00054344206043695816 -0.0015097227993254728 0.00033951745054921394 -0.00039307549588261936 0.0009313480487721979 -0.00054360923257824238 0.0020070287112070088 -1.9223681269865881e-05 4.7434236722093757e-05 0.0012744290154903587 -0.00062353605836303332 -0.00204091608270047 5.9143050475297403e-05 -0.0041304890831503687 -0.00013389236303664348 9.4080176174932207e-05 0.003077494125780374 0.0023034825693983023 -3.9470914423126988e-05 -0.0011019197494142464 -1.0261213763665027e-05 0.00081201038839519854 -0.00078367466539392121 0.0031637005968135849 0.00048589489162634107 0.0044593034360204632 0.00063231940383935237
leaf_weight=15760 63 205412 2405 208 2900 3413 2229 2385 581 58 2119 1566 425 3281 69 858 211 239 1209 100 112 2650 2167 1565 164 1190 54 342 85 9943
leaf_count=15760 63 205412 2405 208 2900 3413 2229 2385 581 58 2119 1566 425 3281 69 858 211 239 1209 100 112 2650 2167 1565 164 1190 54 342 85 9943
internal_value=2.91562e-05 2.69257e-05 0.00028439 0.00161969 5.60353e-05 -0.00086825 0.00033958 0.00270943 -3.01596e-05 -0.000901842 0.000929484 0.00123693 0.00401264 -9.41129e-05 -0.000717582 0.00122839 -0.00115061 0.000727355 0.00171687 0.00505543 0.00236467 -0.00137028 -0.00199844 -0.000903593 0.00454955 -0.00134301 1.23428e-05 0.00386364 0.00564935 0.00143923
internal_weight=263763 263700 47857 6989 40868 9594 31274 4584 215843 10035 15514 2199 633 6694 2383 13131 1069 2241 1660 451 351 7794 5144 2977 222 2755 205808 396 154 12062
internal_count=263763 263700 47857 6989 40868 9594 31274 4584 215843 10035 15514 2199 633 6694 2383 13131 1069 2241 1660 451 351 7794 5144 2977 222 2755 205808 396 154 12062
is_linear=0
shrinkage=0.05


Tree=182
num_leaves=31
num_cat=0
split_feature=11 18 13 3 13 14 6 12 3 18 3 12 13 5 13 18 22 21 27 27 0 3 27 29 1 22 0 27 0 1
split_gain=1.60464 2.92503 1.93528 1.86212 1.48799 1.59792 1.44893 1.56751 1.95333 2.1966 1.76226 1.81277 3.27273 2.76899 2.02644 1.49665 3.94814 4.92958 5.41008 5.83897 3.84136 3.6126 3.42308 6.88119 4.17136 3.71554 3.41143 3.21777 4.90026 3.20406
threshold=7.7460203531220992 11.048218693646772 0.45677275253733512 -0.96764510440433205 1.1777352775432564 9.8703504475701269 2.6742267498477394 4.4595888404849635 -1.2191137675399151 23.630710723644555 -1.2191137675399151 0.4831227083900958 0.91033072706320217 2.452464905224168 2.1458219453169609 1.7334809611990238 8.5000000000000018 36.500000000000007 15.500000000000002 27.500000000000004 4.9097895749028941 -0.057329337161237566 19.500000000000004 -0.53032473659995172 269.00000000000006 4.5000000000000009 5.2415695283205883 37.500000000000007 4.5086161124671804 157.00000000000003
decision_type=2 2 2 2 2 2 2 2 2 2 2 2 2 2 2 2 2 2 2 2 2 2 2 2 2 2 2 2 2 2
left_child=6 -2 3 -3 -4 -6 15 10 9 -9 -8 12 -12 14 -13 16 17 22 -19 -20 -21 27 26 -24 25 -25 -1 28 -18 -23
right_child=1 2 4 -5 5 -7 7 8 -10 -11 11 13 -14 -15 -16 -17 21 18 19 20 -22 29 23 24 -26 -27 -28 -29 -30 -31
leaf_value=0.001376998711023106 0.001511839206627421 0.0017894547634025476 -0.0017325074746854371 -0.00027553078991943397 0.001511068947872005 -0.0020913846856602876 -0.00032447307057541561 0.0040056295993538358 -4.9556529201941164e-05 0.00089727544512030661 0.0027622695262206499 -3.1757385754556534e-05 0.00049779748363467616 -0.001487481407049493 0.0022941316391599941 -1.9019875334235107e-05 0.0022000996896783349 -0.00087090579919491852 0.0026838637580105058 0.0017542520277441947 7.7613583264942502e-06 0.00081998185462970295 0.00030012114033099794 -0.00022516815445909984 -0.00084942527270479788 9.3878359496890032e-05 0.0004547750001181179 -0.0032281767853851863 -0.000248377045066766 -0.00028343719990695871
leaf_weight=2212 111 317 158 161 66 70 753 74 136 127 66 247 132 117 213 228244 178 189 125 456 320 7439 410 455 64 209 4510 141 8875 7512
leaf_count=2212 111 317 158 161 66 70 753 74 136 127 66 247 132 117 213 228244 178 189 125 456 320 7439 410 455 64 209 4510 141 8875 7512
internal_value=1.25349e-05 0.00214043 0.00104922 0.00301255 -0.00214286 0.00169118 5.39625e-06 0.0013941 0.00448071 0.00761194 0.000713352 0.0023871 0.00651515 0.000970538 0.00271739 -4.51402e-06 0.000309716 0.00120671 0.0043578 0.00597114 0.00435567 -2.27779e-05 0.000769721 -0.00176626 -0.00468406 -0.00350903 0.00119905 -0.000802696 -0.000685959 0.000456827
internal_weight=264087 883 772 478 294 136 263204 1865 337 201 1528 775 198 577 460 261339 33095 8950 1090 901 776 24145 7860 1138 728 664 6722 9194 9053 14951
internal_count=264087 883 772 478 294 136 263204 1865 337 201 1528 775 198 577 460 261339 33095 8950 1090 901 776 24145 7860 1138 728 664 6722 9194 9053 14951
is_linear=0
shrinkage=0.05


Tree=183
num_leaves=31
num_cat=0
split_feature=1 0 22 22 12 22 20 9 4 4 14 12 14 24 16 20 2 24 18 23 2 2 16 18 0 18 2 23 22 18
split_gain=1.67828 2.53085 2.9039 2.35594 2.27069 3.63813 2.64967 2.26121 3.2095 2.93035 2.23012 2.12651 2.11362 2.08928 2.5702 2.48548 3.52506 2.14137 2.04451 2.0898 1.98354 1.97572 3.12258 1.9497 2.2514 3.00323 2.57993 1.82295 1.78833 1.77576
threshold=97.000000000000014 4.4942943846592813 7.5000000000000009 4.5000000000000009 0.10854559488297659 25.500000000000004 0.07621238724741157 0.52639154282036393 0.062600019134425519 0.10300655519456049 2.3533554244868502 0.3838568736484817 2.0872301878701101 17.500000000000004 0.56287618950017693 0.06917300393147742 -0.0038155840165167878 9.5000000000000018 1.6749658239256511 2.5000000000000004 -0.14123022173922664 -0.43558313699834855 0.83840256768411903 0.80007067171630586 5.618241300218509 10.174782549762595 0.18574130785540569 4.5000000000000009 13.500000000000002 11.664501020531697
decision_type=2 2 2 2 2 2 2 2 2 2 2 2 2 2 2 2 2 2 2 2 2 2 2 2 2 2 2 2 2 2
left_child=1 2 -1 -3 5 6 13 8 -7 21 12 -12 18 17 15 16 -15 -5 19 20 -6 -9 -23 -8 25 26 -25 -11 -14 -20
right_child=-2 3 -4 4 10 7 23 9 -10 27 11 -13 28 14 -16 -17 -18 -19 29 -21 -22 22 -24 24 -26 -27 -28 -29 -30 -31
leaf_value=0.0024819871802121527 2.2309039368503105e-06 -0.00044939938059431649 -0.010225969571340381 5.9782301090535274e-05 0.0020851920417320328 0.0013034208266665291 -0.0016201487178181381 -0.00060991166220523507 -0.00098277173971151439 0.0024840505167568407 -0.00054837733361369782 0.00084703864510874891 -8.795007450949178e-05 -0.00041378329403149591 0.001026131601758013 -0.0019259341889912617 0.002035437116055909 -0.0014335501519780372 -0.0010132076499681231 0.0032095154869144858 -0.0037216327100471945 -0.00083054306959660571 0.0022435434146513985 0.0022113867119409082 -0.0052300518473035922 -0.00010019204925567963 -0.0016823929012527647 -0.00076506332312268146 -0.001056355925925337 0.00015204086379629609
leaf_weight=76 250625 1550 255 322 93 625 102 58 110 186 182 315 97 268 207 54 137 645 4271 245 152 258 89 502 128 476 120 65 176 1147
leaf_count=76 250625 1550 255 322 93 625 102 58 110 186 182 315 97 268 207 54 137 645 4271 245 152 258 89 502 128 476 120 65 176 1147
internal_value=-2.26523e-05 -0.000578575 -0.00489426 -0.000465023 -0.000208521 0.000680148 -0.000310705 0.00278936 0.00469388 0.000655489 -0.00078766 0.00243461 -0.00104675 -0.00165952 0.000495497 -0.00159041 -0.000246912 -0.00314374 -0.000848002 0.0022449 -0.00102041 -0.00197531 -0.000547549 0.00134789 0.00190049 0.00263206 0.00491962 0.0049004 -0.00534798 -0.00112772
internal_weight=263536 12911 331 12580 11030 4352 2961 1391 735 656 6678 497 6181 1633 666 459 405 967 5908 490 245 405 347 1328 1226 1098 622 251 273 5418
internal_count=263536 12911 331 12580 11030 4352 2961 1391 735 656 6678 497 6181 1633 666 459 405 967 5908 490 245 405 347 1328 1226 1098 622 251 273 5418
is_linear=0
shrinkage=0.05


Tree=184
num_leaves=31
num_cat=0
split_feature=0 19 14 5 29 18 4 1 16 14 9 4 16 28 0 24 29 27 29 29 23 27 18 27 16 18 5 5 0 16
split_gain=1.70729 2.20832 1.88511 1.87692 2.10699 1.90735 1.91263 1.64393 1.7327 2.22051 1.8813 2.41756 1.86509 1.60703 1.99414 4.65867 2.398 2.94277 2.79865 4.20842 3.0543 2.62235 2.17197 1.88949 1.79008 1.52548 1.54733 3.11518 1.48994 2.03091
threshold=5.6492764668392832 30.515250648685022 1.4335310340312846 0.7791949656539513 0.50996145482694988 3.8849447973584339 -0.019293868432477181 301.00000000000006 0.75391690437614878 0.86521855453560559 0.61589404061407171 0.062600019134425519 2.5351851135752379 54.500000000000007 4.3036100609115797 30.500000000000004 -0.90936145708900018 14.500000000000002 -0.60559424458584032 -0.51305018789241741 1.5000000000000002 28.500000000000004 33.936927570327789 21.500000000000004 1.1657288979136233 1.5541539343339412 0.62832612114087827 0.79984908459656368 5.6418675887389069 0.56287618950017693
decision_type=2 2 2 2 2 2 2 2 2 2 2 2 2 2 2 2 2 2 2 2 2 2 2 2 2 2 2 2 2 2
left_child=7 2 3 5 -5 6 -2 13 9 10 11 -9 -10 14 15 16 17 -1 -18 24 -21 23 -19 -22 -20 -4 -27 -28 -16 -30
right_child=1 -3 25 4 -6 -7 -8 8 12 -11 -12 -13 -14 -15 28 -17 18 22 19 20 21 -23 -24 -25 -26 26 27 -29 29 -31
leaf_value=0.017747613708164196 -0.013952493310556334 0.0036460452729468922 0.0040070455394561316 0.00029353797101681862 -0.0079287159444567049 -0.0088569949042400734 -0.0020350106468095381 -0.00019997942251758277 -0.0030941402926036223 0.0026873455030634449 -0.014189387087322073 0.0082417660005095275 -9.3772088161609478e-05 0.0059271940678372768 1.2040989986293228e-05 0.011687852815993077 -0.011242978800066583 0.01005447230621952 -0.00022585417606695385 -0.016095681828215459 -0.0010916448384265995 0.006740527908276105 -0.00743066424633404 -0.013801926361496047 0.016429258540927392 -0.0099043791477006066 0.0063583593899614529 -0.0071010501022157795 0.0030264254715661599 -0.0010700842770687573
leaf_weight=63 57 171 204 1264 67 116 1957 134 185 70 76 72 111 50 256994 80 208 62 53 85 68 99 156 73 50 87 98 58 661 369
leaf_count=63 57 171 204 1264 67 116 1957 134 185 70 76 72 111 50 256994 80 208 62 53 85 68 99 156 73 50 87 98 58 661 369
internal_value=1.47473e-05 -0.00100024 -0.0012436 -0.00163825 -0.000165288 -0.00255868 -0.0021996 3.06882e-05 -0.00248457 -0.000113635 -0.0020922 0.000388351 -0.00530405 3.69795e-05 3.52493e-05 -0.00219659 -0.00320611 0.000640571 -0.00490566 -0.00259346 -0.00538461 -0.0025 -0.00211009 -0.00687943 0.00621359 0.00181208 -0.000864196 0.00211539 4.38731e-05 0.00194175
internal_weight=263798 4079 3908 3461 1331 2130 2014 259719 648 352 282 206 296 259071 259021 997 917 281 636 428 325 240 218 141 103 447 243 156 258024 1030
internal_count=263798 4079 3908 3461 1331 2130 2014 259719 648 352 282 206 296 259071 259021 997 917 281 636 428 325 240 218 141 103 447 243 156 258024 1030
is_linear=0
shrinkage=0.05


Tree=185
num_leaves=31
num_cat=0
split_feature=12 16 2 12 8 28 8 8 11 5 3 18 3 3 29 22 7 20 0 19 22 28 21 7 11 7 24 16 24 9
split_gain=1.49002 2.1266 2.09766 2.07247 2.15524 2.57216 2.19778 2.13047 2.81605 2.11248 2.50046 2.95535 2.30417 2.22435 2.19589 2.00757 1.99101 3.99289 3.6214 3.0641 4.35654 3.04914 2.78691 2.74392 2.43525 2.48101 2.75061 2.29309 2.26437 2.67179
threshold=0.17822859839754898 1.0000000180025095e-35 -2.6633747714126801 0.21977845111554598 1.0442462284866445 22.500000000000004 0.64953896598365535 0.55241982397434708 0.083950696720561976 0.76642272296969061 0.34034077118967859 2.2161319225417695 0.38634279193225335 0.34974379813510542 -0.05592271813214527 11.500000000000002 0.43030247751133671 0.082548966799131623 5.2538158083088478 3.8067613350035194 7.5000000000000009 1.5000000000000002 37.500000000000007 0.67161732101621063 0.14802381366918752 0.48714974080428097 22.500000000000004 0.48170427826263368 14.500000000000002 0.51136455500342815
decision_type=2 2 2 2 2 2 2 2 2 2 2 2 2 2 2 2 2 2 2 2 2 2 2 2 2 2 2 2 2 2
left_child=2 15 -1 4 6 -6 7 8 -3 10 11 -8 14 -12 -11 -2 17 22 19 20 -18 28 -5 27 -23 26 -26 -20 29 -22
right_child=1 3 -4 16 5 -7 9 -9 -10 12 13 -13 -14 -15 -16 -17 18 -19 23 -21 21 24 -24 -25 25 -27 -28 -29 -30 -31
leaf_value=0.0017428599723135281 -0.0012563438005496032 -0.00079681698988271822 4.344885953561416e-05 -0.00041665099135331993 -0.0014845463187256778 0.00099702230583331979 0.0059222135408281097 -0.0022595859219975193 -9.6209150966669992e-05 -0.0082946627556573331 0.0084288921420930391 -0.0031910014909270717 -0.0039419370962004265 0.0014820919824425122 0.010614249494881829 0.0069953650451002689 0.0019251249270314285 0.00049064044877395038 -0.0015298822609782086 -3.7780862698688759e-05 -0.0026125859698809418 -0.0010363873751403924 0.0021650412843365933 0.0089113398836604876 -0.0096020055468891141 0.0006794506657705439 0.0022918768803992778 -0.00032791477889288097 0.0053480690470440644 0.0053047668442879198
leaf_weight=189 62 2094 105396 13057 258 56 163 2076 11231 52 87 1103 63 1515 212 100 1001 18190 8197 88322 290 680 200 94 164 1151 81 7203 546 136
leaf_count=189 62 2094 105396 13057 258 56 163 2076 11231 52 87 1103 63 1515 212 100 1001 18190 8197 88322 290 680 200 94 164 1151 81 7203 546 136
internal_value=-1.14774e-05 -0.000108469 0.000134016 -0.000114332 -0.000605499 -0.00471337 -0.000536136 -0.000783714 -0.000551594 0.000657278 0.000223153 -0.0014376 0.00446483 0.00153558 0.00651515 0.00561729 -4.76616e-05 0.000302415 -0.000149723 -3.10692e-05 0.00131391 0.000374017 -0.000357546 -0.000857105 -0.000708091 0.000487107 -0.00408163 -0.00090909 0.00268519 -4.69472e-05
internal_weight=263969 158384 105585 158222 18910 314 18596 15401 13325 3195 2868 1266 327 1602 264 162 139312 31447 107865 92371 4049 3048 13257 15494 2076 1396 245 15400 972 426
internal_count=263969 158384 105585 158222 18910 314 18596 15401 13325 3195 2868 1266 327 1602 264 162 139312 31447 107865 92371 4049 3048 13257 15494 2076 1396 245 15400 972 426
is_linear=0
shrinkage=0.05


Tree=186
num_leaves=31
num_cat=0
split_feature=0 5 16 22 13 29 12 29 29 16 13 29 29 1 19 24 29 1 14 22 18 6 13 6 24 1 0 18 6 10
split_gain=1.64204 2.41004 2.22134 2.6065 2.74817 2.52371 2.12158 2.0219 3.20031 2.99545 2.80951 3.18117 4.66762 3.41512 2.69261 2.46339 4.02387 4.2 2.43318 2.65596 2.42708 2.41098 2.77624 2.25984 2.21664 4.56277 2.21015 2.52289 2.31094 2.43283
threshold=5.6136670051882271 0.51645642043789863 0.062328094572605311 30.500000000000004 0.14959614701612509 0.13421424592691172 0.93151670217148863 -0.53875042150827746 -0.22267175236315265 0.68759789599987475 0.64502757916050302 0.069507765043610711 -0.03727141769378009 265.00000000000006 6.8172796720680022 23.500000000000004 0.16363285606096714 233.00000000000003 1.1872326307988323 28.500000000000004 2.9255398357592672 0.38844506274944995 0.51428954098832336 0.41041286294998397 24.500000000000004 245.00000000000003 5.6418675887389069 1.2905523861338477 0.32289314030302702 0.11666666666666668
decision_type=2 2 2 2 2 2 2 2 2 2 2 2 2 2 2 2 2 2 2 2 2 2 2 2 2 2 2 2 2 2
left_child=-1 2 -2 6 5 -5 -4 -3 9 -9 11 12 13 14 -10 21 17 20 -12 23 -17 26 -23 -20 25 -14 27 -13 -28 -30
right_child=1 7 3 4 -6 -7 -8 8 10 -11 18 15 24 -15 -16 16 -18 -19 19 -21 -22 22 -24 -25 -26 -27 28 -29 29 -31
leaf_value=6.3671776723702878e-07 -0.0072493391096283182 -0.0041608327076747128 -0.0019740402279914524 0.00073647363367243361 -0.0037755339508667232 0.009466906765702823 -0.013526232226181401 0.0034210360817625105 0.0088264124514329714 -0.0022028041930790203 -1.9226281560567933e-05 0.0091759833141254431 -0.0054824544491525193 -0.018611701043127642 -0.00046747301909912499 -0.0083655932239456686 -0.0038634525307726987 0.0093612872176546246 0.011179532142302421 -0.0052257575370675434 0.010795532676504486 1.6771858914526315e-06 -0.0093147922195619993 0.0042753557195991882 -0.0083756226559524635 0.0048251609107171443 -0.0024332740314784462 0.003519441704810498 0.010708568410132213 -0.0035962366874849579
leaf_weight=252533 157 436 1532 83 90 74 60 952 90 356 1029 117 698 55 1137 76 789 54 92 97 50 1488 142 371 190 53 372 613 69 56
leaf_count=252533 157 436 1532 83 90 74 60 952 90 356 1029 117 698 55 1137 76 789 54 92 97 50 1488 142 371 190 53 372 613 69 56
internal_value=-2.41357e-05 -0.000611706 -0.00218938 -0.00170201 0.00307692 0.00707006 -0.00244347 -0.000276059 -0.000114016 0.00217126 -0.000505367 -0.000996858 -0.00250112 -0.00053822 8.15115e-06 -0.000122843 -0.00230134 0.00444445 0.00136564 0.00401786 -0.000555554 0.000616032 -0.000644171 0.00559395 -0.00517534 -0.00395473 0.00229014 0.0040411 -0.000281689 0.0056
internal_weight=263911 11378 1996 1839 247 157 1592 9382 8946 1308 7638 6049 2223 1282 1227 3826 969 180 1589 560 126 2857 1630 463 941 751 1227 730 497 125
internal_count=263911 11378 1996 1839 247 157 1592 9382 8946 1308 7638 6049 2223 1282 1227 3826 969 180 1589 560 126 2857 1630 463 941 751 1227 730 497 125
is_linear=0
shrinkage=0.05


Tree=187
num_leaves=31
num_cat=0
split_feature=2 24 17 29 8 20 5 8 2 9 7 1 5 1 18 24 22 21 2 27 22 21 21 24 29 1 27 29 13 24
split_gain=1.55979 1.9561 2.81285 3.2962 2.79622 2.4179 2.24084 2.69024 2.13592 2.00547 1.99623 1.74519 3.43569 2.63933 2.63767 2.96184 3.21324 3.55831 2.62424 2.57097 8.95829 8.84302 6.92348 5.21943 6.25805 4.04799 3.51765 3.37278 3.52644 3.35858
threshold=0.25859437075940278 30.500000000000004 5.5000000000000009 0.46942941679837918 0.79853966986945102 0.10305686293318927 0.5776783392435606 0.70524883710683917 0.42731146828776417 0.57192237251973221 0.39205409098350308 241.00000000000003 2.9804490709113423 249.00000000000003 59.307370038592801 26.500000000000004 9.5000000000000018 31.500000000000004 -1.7070389538898059 18.500000000000004 7.5000000000000009 31.500000000000004 40.500000000000007 25.500000000000004 -0.29976924049999526 249.00000000000003 23.500000000000004 -0.67210302198578964 0.1839312793789023 6.5000000000000009
decision_type=2 2 2 2 2 2 2 2 2 2 2 2 2 2 2 2 2 2 2 2 2 2 2 2 2 2 2 2 2 2
left_child=11 -2 3 6 -4 -5 7 9 10 -3 -8 -1 14 -14 19 18 17 -17 -16 -13 27 23 -23 29 25 -25 -27 28 -21 -22
right_child=1 2 4 5 -6 -7 8 -9 -10 -11 -12 12 13 -15 15 16 -18 -19 -20 20 21 22 -24 24 -26 26 -28 -29 -30 -31
leaf_value=-4.2754133984821757e-05 0.00027698684875549217 -0.0060367536729648867 0.0099162417949053751 -0.0084793911091894346 -0.0025611938809363133 -0.0034973532308926903 -0.011950003429184619 -0.0061864225685379333 0.0031324929881938069 0.0018550150610777375 0.003475239935428304 8.2587268212219416e-05 0.00051595983457672421 -0.0015601862512994807 0.0019119197401289102 -0.0014629577471577256 -0.0033235105004644355 0.0021518266274163397 -0.00034141442368024812 0.00057433224309674043 0.0010792326214519102 -0.00027447328859303853 0.0032912361937545466 0.00081474715600932655 0.00049172950344993744 0.0018845937822071987 0.0027968586697497441 -0.00028711210595629128 -0.00019919314367905866 -0.00015439454488640412
leaf_weight=183027 44316 122 153 128 99 78 106 254 194 187 90 22835 166 531 117 193 216 128 1172 602 729 2398 256 162 516 628 238 2323 1107 705
leaf_count=183027 44316 122 153 128 99 78 106 254 194 187 90 22835 166 531 117 193 216 128 1172 602 729 2398 256 162 516 628 238 2323 1107 705
internal_value=-6.14038e-06 0.000259367 -0.00157335 -0.00261432 0.00321429 -0.00834951 -0.00137461 -0.00339254 0.00153846 -0.000258898 -0.00214286 -6.18198e-05 0.000261551 -0.00321377 0.000332121 -0.00151698 -0.00463687 -0.00146417 -0.000217221 0.000436015 0.00111962 0.00240767 0.000308969 0.00427804 0.00629534 0.00855058 0.00990762 -0.000679562 0.00100644 0.002106
internal_weight=263776 45727 1411 1159 252 206 953 563 390 309 196 218049 35022 697 34325 1826 537 321 1289 32499 9664 5632 2654 2978 1544 1028 866 4032 1709 1434
internal_count=263776 45727 1411 1159 252 206 953 563 390 309 196 218049 35022 697 34325 1826 537 321 1289 32499 9664 5632 2654 2978 1544 1028 866 4032 1709 1434
is_linear=0
shrinkage=0.05


Tree=188
num_leaves=31
num_cat=0
split_feature=0 18 4 21 0 0 19 16 28 29 29 28 5 18 17 0 7 28 10 29 0 21 3 20 28 19 11 11 26 0
split_gain=1.75675 4.14066 3.38813 2.90375 3.20092 2.91996 4.16139 2.78825 2.66588 2.63157 2.59239 4.53212 3.72508 3.09976 3.09473 3.04009 2.97413 2.87871 3.21812 2.8256 4.86434 4.35658 3.30772 2.81542 4.07906 2.52175 2.47992 2.40349 2.5459 3.35919
threshold=4.9041128417203437 31.375848613157462 0.097217299422049319 27.500000000000004 4.5486059994538381 4.7380940108345344 35.463656612219623 7.1096240885869593 1.0000000180025095e-35 -1.691767014093873 -0.70794970971420623 29.500000000000004 0.97617926019025292 6.0588301190220601 6.5000000000000009 4.9798296441859744 0.36829023862607085 17.500000000000004 0.95000000000000007 0.50996145482694988 5.0590719231024197 36.500000000000007 -0.71748889060372478 0.71936151845197727 24.500000000000004 4.5672303942784565 2.8436285499473768 0.45496130474477753 1.0000000180025095e-35 4.9488001638798016
decision_type=2 2 2 2 2 2 2 2 2 2 2 2 2 2 2 2 2 2 2 2 2 2 2 2 2 2 2 2 2 2
left_child=3 7 9 4 -1 8 -7 10 -6 -3 11 15 16 14 -12 23 -13 25 -19 -15 21 -21 -22 27 -25 -17 -20 28 -2 -30
right_child=1 2 -4 -5 5 6 -8 -9 -10 -11 13 12 -14 19 -16 17 -18 18 26 20 22 -23 -24 24 -26 -27 -28 -29 29 -31
leaf_value=-0.011341603495355554 -0.0010558412393288895 0.0026456827246704624 0.0018382998934788879 -3.9763674081244713e-05 0.0053621358970920158 -0.0013410129878268786 -0.00058182558346009557 0.0011346924828800145 -9.9558796721313067e-05 0.00032513841121051501 5.0344382308269912e-05 -0.00020635429651843899 0.0005573399591138013 -0.00012894035106784585 0.00053201371471033238 -0.00099656610304620042 0.002001616624060639 -0.011194731405197327 0.00071041526079563589 -0.00096306693756027068 0.0025548501616992768 0.0011894432122761596 0.00044500379620724859 -0.00010824344155582385 0.0024712041519711738 0.0002209791110120542 -0.001280135233418601 0.00033688939558751424 -0.0016592739761577494 -0.021109423331169289
leaf_weight=116 968 134 71 92608 85 355 1704 58 1849 1775 115337 54 832 29080 5998 426 271 65 2160 1442 69 329 1913 1293 268 4129 59 452 119 62
leaf_count=116 968 134 71 92608 85 355 1704 58 1849 1775 115337 54 832 29080 5998 426 271 65 2160 1442 69 329 1913 1293 268 4129 59 452 119 62
internal_value=2.7655e-06 0.000100799 0.00237374 -0.000166877 -0.00146751 -0.00122965 -0.00254007 7.35875e-05 0.000165461 0.00197486 6.97422e-05 0.000805701 0.00376837 1.64767e-05 0.000133104 0.000462955 0.00830769 0.00105571 0.00250438 -0.000414521 0.000876633 -0.00102767 0.00257821 -0.000819101 0.000691865 0.00032931 0.0028256 -0.00229232 -0.0035074 -0.00895028
internal_weight=264081 167364 1980 96717 4109 3993 2059 165384 1934 1909 165326 11158 1157 154168 121335 10001 325 6839 2284 32833 3753 1771 1982 3162 1561 4555 2219 1601 1149 181
internal_count=264081 167364 1980 96717 4109 3993 2059 165384 1934 1909 165326 11158 1157 154168 121335 10001 325 6839 2284 32833 3753 1771 1982 3162 1561 4555 2219 1601 1149 181
is_linear=0
shrinkage=0.05


Tree=189
num_leaves=31
num_cat=0
split_feature=10 17 16 2 20 23 29 29 15 16 29 7 18 20 20 20 20 7 16 29 9 29 29 4 4 6 5 5 9 29
split_gain=1.39939 2.75643 2.65384 2.05906 3.50032 2.69135 3.35714 2.68215 2.83622 2.65242 2.34222 2.20779 1.99379 1.91885 2.2679 2.53699 2.06085 2.25572 1.95135 2.13868 1.90031 2.00851 2.06955 1.98714 2.03672 1.90967 2.72799 3.04225 2.06967 2.00936
threshold=0.11666666666666668 7.5000000000000009 2.2231599324334388 0.18574130785540569 0.019039544983716874 1.5000000000000002 0.8194000712106887 0.11033084955213045 21.500000000000004 0.032839772986434708 0.8194000712106887 0.25986299298214971 1.2139476720512721 0.077516237783096062 0.056880751779139975 0.054888775486991642 0.1948131520358202 0.517659868012041 0.10005125521430312 0.32155976921939661 0.4597714812788109 -0.22267175236315265 -0.11317512005879747 0.021530283230810011 -0.0043943160497134448 0.65828419519274306 0.88821823950593071 1.0484622314962253 0.81221373138511199 0.50996145482694988
decision_type=2 2 2 2 2 2 2 2 2 2 2 2 2 2 2 2 2 2 2 2 2 2 2 2 2 2 2 2 2 2
left_child=1 2 20 -2 -5 7 9 8 -6 -7 12 -8 -9 14 15 -14 17 -15 19 -16 21 -1 -23 24 -24 26 -22 29 -27 -28
right_child=3 -3 -4 4 5 6 11 10 -10 -11 -12 -13 13 16 18 -17 -18 -19 -20 -21 25 22 23 -25 -26 28 27 -29 -30 -31
leaf_value=0.0040950356407968751 -1.270368229958787e-05 0.0034255619598020683 0.0047642450757303138 -0.002404706489568989 0.00063586933013410371 -0.00080357518025130862 -0.0094460991559010693 -0.009163988642077436 -0.0049731650027255454 0.00091468781384649851 0.0017758067107107962 -0.00067450589331270413 -0.0018840893240098539 0.00042220270041294969 -0.0063442219118454149 0.0087918445545572734 -0.010683233838343794 -0.007341648247526639 -0.0053538663703462854 0.0079417556151316956 -0.00030533387055850639 -0.013020456322073482 -0.0037894204834691956 -0.010085076164309776 0.0027578590857295013 -0.00136130707916056 0.0037232590690282337 -0.0036509019131546919 -0.013919162458416005 -0.0044136446289990677
leaf_weight=95 188757 371 120 1147 4322 2241 106 95 98 21904 223 437 1021 2655 82 58 191 126 648 70 33859 52 76 156 130 3232 1099 221 87 122
leaf_count=95 188757 371 120 1147 4322 2241 106 95 98 21904 223 437 1021 2655 82 58 191 126 648 70 33859 52 76 156 130 3232 1099 221 87 122
internal_value=-2.64202e-05 -0.000300352 -0.000340899 2.19924e-05 0.000371783 0.000462702 0.000738822 -0.0002482 0.00065611 0.000826259 -0.00102147 -0.00314917 -0.00124747 -0.00110699 -0.00235764 -0.000861908 -0.000316284 2.87678e-05 -0.004375 0.000723685 -0.000363668 -0.00339882 -0.00490338 -0.00356353 -0.000339805 -0.000323665 -0.000215857 0.00191401 -0.00147032 0.00289107
internal_weight=263801 39620 39249 224181 35424 34277 24688 9589 4420 24145 5169 543 4946 4851 1879 1079 2972 2781 800 152 39129 509 414 362 206 38620 35301 1442 3319 1221
internal_count=263801 39620 39249 224181 35424 34277 24688 9589 4420 24145 5169 543 4946 4851 1879 1079 2972 2781 800 152 39129 509 414 362 206 38620 35301 1442 3319 1221
is_linear=0
shrinkage=0.05


Tree=190
num_leaves=31
num_cat=0
split_feature=8 4 16 27 28 16 24 5 4 11 7 4 29 1 0 29 18 12 29 29 27 24 23 13 6 18 28 20 24 4
split_gain=3.10567 3.76408 2.38001 2.08169 2.68429 1.9551 1.94979 1.89908 1.87189 1.7225 1.55305 1.9668 1.59294 2.30249 1.40689 2.70591 3.12232 2.37839 2.21871 3.90113 2.25365 2.38946 1.64333 1.58331 1.41175 1.37152 1.32786 1.59625 1.57422 1.30385
threshold=2.618283908619643 -0.010307319725339775 2.4892822719059069 39.500000000000007 1.0000000180025095e-35 2.0647176913177736 23.500000000000004 3.4526602689219836 0.27437785761100647 1.3615919058326142 0.49848860264603262 1.0000000180025095e-35 -0.60559424458584032 121.00000000000001 4.3036100609115797 -1.1598050193827298 33.936927570327789 0.91461178360578443 -0.60559424458584032 -0.50430115810215981 16.500000000000004 26.500000000000004 1.5000000000000002 0.7945753853909544 0.58801757620992567 19.505212689514291 44.500000000000007 0.14311670863230655 26.500000000000004 0.41975972397786582
decision_type=2 2 2 2 2 2 2 2 2 2 2 2 2 2 2 2 2 2 2 2 2 2 2 2 2 2 2 2 2 2
left_child=3 2 -2 14 -5 6 10 25 9 26 11 -6 -12 -14 15 16 -1 -18 20 23 -17 -22 -21 -20 -24 -3 27 -9 -29 -16
right_child=1 7 -4 4 5 -7 -8 8 -10 -11 12 -13 13 -15 29 18 17 -19 19 22 21 -23 24 -25 -26 -27 -28 28 -30 -31
leaf_value=0.016299291652449709 -4.5653807599978819e-05 -0.0019262960969666631 0.0013433934116830013 -0.0011747997388512163 0.0068976639021535975 0.0026652717077860389 -0.0031610215299423816 -0.0014395453200674916 -0.010960439967081154 0.00094358090664348681 -0.0074982034478588803 -0.0028430196977707414 -0.0032157321024463247 0.0056322755345495756 1.2525631975338888e-05 -0.00043655260878686813 -0.004946478156781774 0.013726371513640357 0.00082206609882270782 -0.015068869533664861 -0.014986295188131682 -0.00405032010271867 0.004061990518634674 0.015880289684083018 -0.0067603419821417243 -0.00049454264691384492 -0.0072757926724507822 -1.1429367361130553e-05 -0.0023173729839617539 0.0014324117535301512
leaf_weight=50 466 110 73 328 65 93 117 83 56 117 60 58 106 56 255616 106 95 58 67 63 120 83 72 51 137 51 59 356 101 5152
leaf_count=50 466 110 73 328 65 93 117 83 56 117 60 58 106 56 255616 106 95 58 67 63 120 83 72 51 137 51 59 356 101 5152
internal_value=2.12113e-05 -0.00226902 0.00105752 3.40515e-05 -0.00238958 -0.000270269 -0.00160173 -0.00419078 -0.00316062 -0.00247207 0.000289856 0.00479675 -0.00220721 0.000370372 4.223e-05 -0.00192905 0.00315271 -0.000392156 -0.00340486 -0.000897435 -0.00656958 -0.00965517 -0.00419118 0.00669492 -0.00205742 -0.00913043 -0.00355593 -0.00277778 -0.00161925 4.90486e-05
internal_weight=264025 1472 539 262553 883 555 462 933 772 716 345 123 222 162 261670 902 203 153 699 390 309 203 272 118 209 161 599 540 457 260768
internal_count=264025 1472 539 262553 883 555 462 933 772 716 345 123 222 162 261670 902 203 153 699 390 309 203 272 118 209 161 599 540 457 260768
is_linear=0
shrinkage=0.05


Tree=191
num_leaves=31
num_cat=0
split_feature=28 3 14 29 5 3 12 28 7 16 23 24 0 29 23 0 16 28 23 16 16 16 7 29 24 24 5 13 1 27
split_gain=1.6036 4.43655 4.2842 2.93681 2.65125 1.92231 2.12782 3.30211 1.85074 1.83819 1.71371 1.71004 2.68576 2.36267 2.18198 2.13118 1.94156 2.30403 1.66828 1.62439 2.62907 2.05647 1.58604 1.54091 3.32545 2.93873 3.15869 2.77835 2.76558 3.93981
threshold=34.500000000000007 -1.2191137675399151 1.3173073788978713 -1.2530839403026801 0.68180530810032758 -0.68527057508988443 0.10692433483270597 38.500000000000007 0.36255532773163052 1.2642621192984242 2.5000000000000004 23.500000000000004 4.8812865822448641 -0.64858629318584227 3.5000000000000004 4.9193525064942056 2.0242127973809079 38.500000000000007 1.5000000000000002 0.32243011156469464 0.050601942588709488 0.14132827692478514 0.57134043822731684 -3.1903952382278615 12.500000000000002 7.5000000000000009 1.1674336495483042 0.13838892484063886 185.00000000000003 3.5000000000000004
decision_type=2 2 2 2 2 2 2 2 2 2 2 2 2 2 2 2 2 2 2 2 2 2 2 2 2 2 2 2 2 2
left_child=23 -2 3 -3 -4 -5 7 -7 10 19 -8 12 16 14 -13 -14 17 -6 -17 20 -10 -22 -15 24 25 28 27 -27 29 -1
right_child=1 2 4 5 11 6 8 -9 9 -11 -12 13 15 22 -16 18 -18 -19 -20 -21 21 -23 -24 -25 -26 26 -28 -29 -30 -31
leaf_value=0.0059694729644511847 -0.0039492801115783406 0.00081568003274689195 0.0017731928912101435 -0.0019330285503410078 -0.0051151465955414262 -0.0018883292331584797 -0.0029935035415709263 0.00015747438316152663 -0.0019418540349264825 0.0022277704611653884 -0.00042699111128229744 0.0027326473867251844 0.0022107586258404578 -2.6685763300419456e-05 -0.00054492254365798819 -0.00020565397389253598 0.00093228013256067659 0.0011125131329446007 0.00071897115327238382 -0.00065097325463942272 0.0059574282564146376 0.0012267525050039189 -0.0015285015874934196 5.0983275416263129e-06 0.0043730439706793243 -0.00093495521745606673 -0.0034302721570063305 -0.012127530420345582 0.0013009202823372761 -0.00086214028938759707
leaf_weight=50 155 253 72 291 110 270 63 141 91 59 82 79 54 136 73 104 395 114 254 271 51 125 181 257725 71 139 1150 235 872 536
leaf_count=50 155 253 72 291 110 270 63 141 91 59 82 79 54 136 73 104 395 114 254 271 51 125 181 257725 71 139 1150 235 872 536
internal_value=-1.43439e-05 -0.00108937 -0.00069746 -0.0024396 0.00118321 -0.00331025 -0.00239375 -0.0052798 -0.000795147 0.000435512 -0.00586207 0.000733335 0.00187197 -0.00176972 0.00335526 0.005 -0.000210015 -0.00392857 0.00360335 -0.00048327 0.00228465 0.00585227 -0.00422713 -2.28889e-07 -0.00111693 -0.00137156 -0.00290682 -0.00689839 0.000233197 -0.00242321
internal_weight=264202 3424 3269 1697 1572 1444 1153 411 742 597 145 1500 1031 469 152 412 619 224 358 538 267 176 317 260778 3053 2982 1524 374 1458 586
internal_count=264202 3424 3269 1697 1572 1444 1153 411 742 597 145 1500 1031 469 152 412 619 224 358 538 267 176 317 260778 3053 2982 1524 374 1458 586
is_linear=0
shrinkage=0.05


Tree=192
num_leaves=31
num_cat=0
split_feature=0 17 19 24 19 28 18 29 29 18 27 7 16 11 29 29 19 22 18 6 6 16 27 19 22 28 13 29 26 7
split_gain=1.7812 3.55979 2.49118 2.97566 2.35735 3.05675 2.81259 2.52923 2.29621 2.31323 2.25942 2.19324 2.49704 2.06139 2.01203 1.87539 1.66605 4.35562 5.16609 3.84227 3.58556 3.51999 3.11888 5.18908 5.27712 6.03552 4.69522 4.21537 3.76504 3.42306
threshold=4.4236054436470065 5.5000000000000009 33.433507884216034 30.500000000000004 55.034487268139024 4.5000000000000009 43.562536307972401 -0.60559424458584032 -0.48787656737298651 44.858287520818259 19.500000000000004 1.0491949367253859 0.10830265366685839 0.46201734966304719 -0.64858629318584227 -1.3267258088422953 59.99486014821899 9.5000000000000018 11.475555918351697 0.022843246169900296 2.3464892082119069 2.1833274187085059 27.500000000000004 17.74281238207497 26.500000000000004 3.5000000000000004 0.29887003439901122 -1.409456967099425 1.0000000180025095e-35 0.33599156553472248
decision_type=2 2 2 2 2 2 2 2 2 2 2 2 2 2 2 2 2 2 2 2 2 2 2 2 2 2 2 2 2 2
left_child=1 -1 -3 4 5 14 11 15 -9 -10 -11 12 -7 -5 -4 -6 20 18 -18 -19 22 -22 -2 24 25 28 27 -27 -24 -25
right_child=16 2 3 13 7 6 -8 8 9 10 -12 -13 -14 -15 -16 -17 17 19 -20 -21 21 -23 23 29 -26 26 -28 -29 -30 -31
leaf_value=0.008746603472876013 -4.0037476888966992e-05 0.00065777601487578441 -0.012746660291817192 0.01430040171427175 0.0027973546804292925 0.0030535244365989308 -0.0080840929181628888 0.012292057362201481 0.007525164777347733 -0.0093228329170295231 0.00022535343315333866 0.0072555267133588251 -0.0037198918428604528 -0.0003908671210636754 -0.0055193466557153133 -0.0081022082059506988 -0.00076081030996340683 0.0037496389420553626 -7.0017445489788915e-05 0.0001175266022775864 -0.0003876439309243437 0.00092947476349895916 -0.00016636631786611867 0.0014369276841680828 -0.0012553518050633537 0.0056632753909621235 0.00015029923838467084 0.0010609150156727046 0.004236002710418801 -0.00077966914220671004
leaf_weight=54 176574 973 80 50 102 115 104 140 119 93 127 89 478 62 126 332 1009 105 21164 48656 371 1167 1749 205 711 128 586 775 84 6997
leaf_count=54 176574 973 80 50 102 115 104 140 119 93 127 89 478 62 126 332 1009 105 21164 48656 371 1167 1749 205 711 128 586 775 84 6997
internal_value=-3.93038e-05 -0.00124179 -0.00147157 -0.00247397 -0.00293963 -0.00462701 -0.00320611 -0.00110624 0.00139875 -0.000825958 -0.00386364 -0.00203812 -0.00313659 0.00544643 -0.0100485 -0.00387097 -2.52408e-05 0.000181437 -0.000399584 0.000445644 -0.000102667 0.00230169 -0.000122357 -0.000930128 0.000505828 0.00134257 0.00370719 0.00596899 -0.000578286 -0.00173424
internal_weight=263325 3044 2990 2017 1905 992 786 913 479 339 220 682 593 112 206 434 260281 70934 22173 48761 189347 1538 187809 11235 4033 3322 1489 903 1833 7202
internal_count=263325 3044 2990 2017 1905 992 786 913 479 339 220 682 593 112 206 434 260281 70934 22173 48761 189347 1538 187809 11235 4033 3322 1489 903 1833 7202
is_linear=0
shrinkage=0.05


Tree=193
num_leaves=31
num_cat=0
split_feature=0 18 24 29 5 5 22 4 7 23 23 4 28 26 27 0 24 21 27 21 28 29 10 4 28 24 3 29 24 29
split_gain=1.96439 4.24497 3.69643 3.13734 2.89961 2.88315 2.43003 3.30777 2.23376 2.00455 2.9789 2.53821 1.81083 1.65848 3.86565 3.29885 3.8789 4.4713 3.21753 2.83685 3.2195 2.53587 3.3523 2.97544 2.33188 2.247 2.21795 2.29333 2.08448 2.2705
threshold=5.618241300218509 1.2139476720512721 28.500000000000004 0.50996145482694988 0.85386807938112075 0.5218132257820286 30.500000000000004 0.11942066347086455 0.26329951490995479 1.5000000000000002 2.5000000000000004 0.062600019134425519 1.5000000000000002 1.0000000180025095e-35 32.500000000000007 4.6098625740792736 16.500000000000004 29.500000000000004 16.500000000000004 37.500000000000007 1.5000000000000002 -0.044962754561565031 0.18333333333333338 0.31899956226790821 6.5000000000000009 23.500000000000004 -0.064354982591181595 0.32155976921939661 27.500000000000004 -1.1313414534795427
decision_type=2 2 2 2 2 2 2 2 2 2 2 2 2 2 2 2 2 2 2 2 2 2 2 2 2 2 2 2 2 2
left_child=13 4 5 9 12 6 -3 -8 -9 11 -11 -4 -2 -1 15 16 -15 24 -19 20 -16 23 26 28 -18 -21 -23 -28 29 -17
right_child=1 2 3 -5 -6 -7 7 8 -10 10 -12 -13 -14 14 19 21 17 18 -20 25 -22 22 -24 -25 -26 -27 27 -29 -30 -31
leaf_value=1.6836689846172722e-05 -0.0016434593409364634 -0.0033837394825760704 0.0056538355831420176 -0.016078525163077045 0.0051864414675364574 -0.00034867844679784124 0.0084673542822714509 -0.010280088146144402 0.0013716589325752997 -0.015224614124381808 -0.0039693415907878296 -0.0058650438536124987 0.003431121517509763 -0.040005682715977375 0.0017246108001362525 -0.0012024931130013854 -0.0025307572458455013 0.0015207099977482535 -0.0094825890013595319 -0.0013163365433899897 0.0065101640862082078 -0.0063193709496240386 -0.0027838496095016056 -0.0050424428468164957 0.0043996820432197978 0.0054162319099420059 0.0010157604693746796 -0.0020892872989320571 -0.0012417244820312871 0.00025066000794607272
leaf_weight=234697 584 1247 104 58 366 6722 69 61 67 103 392 61 457 121 128 1112 68 100 267 122 73 79 2554 292 79 74 2425 1620 764 8649
leaf_count=234697 584 1247 104 58 366 6722 69 61 67 103 392 61 457 121 128 1112 68 100 267 122 73 79 2554 292 79 74 2425 1620 764 8649
internal_value=-1.95423e-05 -0.000696724 -0.00110085 -0.00454039 0.00185501 -0.000798431 -0.00282548 0.00233503 -0.00242187 -0.0035606 -0.00515151 0.00121212 0.000509127 7.97832e-06 -0.000447454 -0.000554329 -0.00409449 -0.00219844 -0.00514986 0.00443325 0.00860697 -0.000425835 -0.00119197 4.71492e-05 0.00517007 0.000153062 -0.000310377 -0.00014833 0.000185274 0.000382134
internal_weight=263515 10291 8884 718 1407 8166 1444 197 128 660 495 165 1041 253224 18527 18130 635 514 367 397 201 17495 6678 10817 147 196 4124 4045 10525 9761
internal_count=263515 10291 8884 718 1407 8166 1444 197 128 660 495 165 1041 253224 18527 18130 635 514 367 397 201 17495 6678 10817 147 196 4124 4045 10525 9761
is_linear=0
shrinkage=0.05


Tree=194
num_leaves=31
num_cat=0
split_feature=0 28 18 29 5 2 12 1 5 7 18 22 2 19 0 2 5 29 29 29 26 21 29 2 2 28 13 7 22 5
split_gain=1.46436 2.0211 1.86312 3.73896 1.92642 1.29993 1.23758 1.2083 2.7665 1.3974 1.24283 1.96212 5.1662 1.86296 2.53767 2.17743 3.2297 2.05507 1.79409 1.69635 1.5217 1.58415 2.39976 3.58697 1.62864 2.44213 1.62761 1.55997 1.51776 1.39724
threshold=4.3036100609115797 1.5000000000000002 35.316506877593163 -1.0791108000276988 0.88821823950593071 -0.61957887891948327 0.29284554863400875 301.00000000000006 0.52902194526777657 0.30867529335941118 0.032754806929359996 2.5000000000000004 -0.07164580169570138 0.16997065332559536 4.7985492905656644 -1.0000000180025095e-35 1.8215862334936765 -0.89127533738544151 -0.34163659229328819 -0.10383428234415885 1.0000000180025095e-35 32.500000000000007 -1.1598050193827298 -0.024683391553195742 -0.024683391553195742 21.500000000000004 0.12589813663426994 0.517659868012041 17.500000000000004 1.4211559146037642
decision_type=2 2 2 2 2 2 2 2 2 2 2 2 2 2 2 2 2 2 2 2 2 2 2 2 2 2 2 2 2 2
left_child=1 -1 3 -3 -5 -4 -7 10 -9 -10 11 12 -2 14 15 16 18 -16 -12 -14 21 24 23 28 25 26 27 -13 -23 -24
right_child=7 2 5 4 -6 6 -8 8 9 -11 13 20 19 -15 17 -17 -18 -19 -20 -21 -22 22 29 -25 -26 -27 -28 -29 -30 -31
leaf_value=0.010969539654660822 0.0024086498372248473 0.014558990528703198 -0.0014723952106392461 0.0014813123911449314 -0.0091845132915406441 -0.0024505932552981659 -0.011305339347158968 0.0027212722133696941 -0.012354536860443785 -0.00053134003360724334 -0.00044432307138334861 -1.44649603279598e-05 0.00017207740326882876 2.0437983003658877e-05 0.0050318340793597391 -0.00079111393583775568 0.0027710726590691286 0.00058050448518632885 0.00070266143014011649 -0.00014701881835512041 0.00077628407731001464 0.0032309281266315252 -0.0017859884737530295 -0.0018012385095526246 9.6192396661322756e-05 0.00099419733797853648 0.00046531246979744049 -0.00054855502411398343 0.00015516307548195241 -0.00052416854654331537
leaf_weight=84 54 68 424 92 207 79 84 134 53 451 192 80 97 258074 75 153 55 215 83 60 235 66 425 88 885 180 59 262 52 513
leaf_count=84 54 68 424 92 207 79 84 134 53 451 192 80 97 258074 75 153 55 215 83 60 235 66 425 88 885 180 59 262 52 513
internal_value=3.42224e-05 -0.00184008 -0.00249476 0.000299729 -0.00210702 -0.00424191 -0.00803681 4.16328e-05 -0.00213166 -0.00382936 4.6927e-05 -0.000955496 0.00369668 5.87618e-05 0.0025097 0.000289856 0.00257576 0.0062069 0.000363638 -0.000891719 -0.00130053 -0.00164751 -0.00304196 0.00184466 -0.000559344 -0.00261618 -0.00478803 -0.00611111 0.00754237 -0.00411514
internal_weight=263579 1038 954 367 299 587 163 262541 638 504 261903 3056 211 258847 773 483 330 290 275 157 2845 2610 1144 206 1466 581 401 342 118 938
internal_count=263579 1038 954 367 299 587 163 262541 638 504 261903 3056 211 258847 773 483 330 290 275 157 2845 2610 1144 206 1466 581 401 342 118 938
is_linear=0
shrinkage=0.05


Tree=195
num_leaves=31
num_cat=0
split_feature=0 18 15 20 4 23 0 17 1 28 0 11 29 21 23 27 28 0 29 1 27 29 17 29 1 0 4 4 11 29
split_gain=2.31573 2.99743 2.22176 1.43462 3.48643 3.64992 5.2979 4.07216 2.95216 2.76955 4.14945 3.0917 2.72133 2.72056 2.71174 3.08985 2.96187 2.58228 3.12281 2.56288 2.49815 2.7929 2.49184 2.47536 2.457 3.97447 2.78692 2.41491 2.36982 2.34298
threshold=4.3036100609115797 35.316506877593163 28.500000000000004 1.2782096704950086 -0.43329411285390113 1.0000000180025095e-35 4.8696986285031327 3.5000000000000004 129.00000000000003 19.500000000000004 5.0085047394125981 1.8077593722639484 -0.32813146147528488 34.500000000000007 5.5000000000000009 4.5000000000000009 1.0000000180025095e-35 4.9193525064942056 -0.012310925937813548 213.00000000000003 6.5000000000000009 2.8408173346488366 3.5000000000000004 -0.52198419176418642 157.00000000000003 5.0376407589987657 -0.37497390282451076 -0.12836597777685088 1.408768128727514 -0.57590045483512864
decision_type=2 2 2 2 2 2 2 2 2 2 2 2 2 2 2 2 2 2 2 2 2 2 2 2 2 2 2 2 2 2
left_child=1 -1 -3 -2 5 7 13 -5 -8 -6 12 23 -11 19 16 -16 -10 18 -9 20 21 -7 -14 -12 26 -26 -25 -28 -17 -21
right_child=3 2 -4 4 9 6 8 17 14 10 11 -13 22 -15 15 28 -18 -19 -20 29 -22 -23 -24 24 25 -27 27 -29 -30 -31
leaf_value=0.001019889376196929 1.3428632003188587e-05 -0.0027060128015209089 -0.0092490509389709669 0.0017450675480457205 -0.00037981768082287785 -0.0016856536234823708 -0.00097232178528342808 0.00081954687074684777 0.0032399553707538214 7.4390046156455825e-05 0.0014236631755003154 -0.0015148590991554277 -0.0034864441004733952 0.0037467271438510657 0.0025795921257975125 -0.00026228697790046343 0.00042211000049838704 -0.00036715616742990994 -0.0027211501370022866 0.0037908750766498045 -0.00017499532847075423 -0.012574535316017439 -0.00058278940304055385 0.00048168299182933252 0.0031988317218565759 -0.00053577984641457125 -0.0025030042207402452 0.00029300604786561079 -0.0013459254773243738 -0.00058547010335664187
leaf_weight=378 232017 598 57 193 10919 982 237 1049 92 3862 446 77 80 82 89 528 3488 432 90 51 4811 129 2088 281 129 88 117 57 120 52
leaf_count=378 232017 598 57 193 10919 982 237 1049 92 3862 446 77 80 82 89 528 3488 432 90 51 4811 129 2088 281 129 88 117 57 120 52
internal_value=-1.87e-05 -0.00238141 -0.00442748 -9.40525e-06 -0.00033138 0.000313884 -3.47047e-05 0.00242064 0.00125604 -0.000773257 -1.38396e-05 0.00267783 -0.000547262 -0.000997215 0.00155432 -0.0012076 0.00212291 0.00157861 0.00282704 -0.00112033 -0.00125633 -0.00339334 -0.00196494 0.00334526 0.00142857 0.00580645 -0.000659339 -0.00563218 -0.00240741 0.00669903
internal_weight=263619 1033 655 262586 30569 12425 10661 1764 4554 18144 7225 1195 6030 6107 4317 737 3580 1571 1139 6025 5922 1111 2168 1118 672 217 455 174 648 103
internal_count=263619 1033 655 262586 30569 12425 10661 1764 4554 18144 7225 1195 6030 6107 4317 737 3580 1571 1139 6025 5922 1111 2168 1118 672 217 455 174 648 103
is_linear=0
shrinkage=0.05


Tree=196
num_leaves=31
num_cat=0
split_feature=3 18 2 14 14 12 11 22 18 0 25 18 20 13 12 28 14 14 22 15 16 3 3 19 12 0 20 28 16 0
split_gain=2.1139 2.1498 2.14544 2.0783 1.79282 1.94503 2.29591 7.01448 4.84003 3.90149 3.43816 3.10012 5.14087 3.97111 3.18261 2.52561 2.28047 2.22881 2.41104 2.79977 2.24146 2.21436 3.12512 2.10882 2.11508 2.09483 2.01338 2.85895 2.53867 2.24971
threshold=0.50151335931805185 44.858287520818259 2.4445728241884304 0.48076716935330482 0.57219015012056507 0.079954608250901685 0.061897364682604934 8.5000000000000018 4.5721495599185102 5.1571965680458716 1.0000000180025095e-35 12.78051326677349 0.13115540213725044 0.050572919706049858 1.0000000180025095e-35 7.5000000000000009 1.4539134906575837 0.94316333705141475 2.5000000000000004 1.5000000000000002 0.23531543377544104 -0.92792533338804872 -0.86868247833364731 3.8067613350035194 0.98738428079281826 5.5254869140418341 0.084770185184159866 18.500000000000004 0.46907106362926071 4.5989605807911609
decision_type=2 2 2 2 2 2 2 2 2 2 2 2 2 2 2 2 2 2 2 2 2 2 2 2 2 2 2 2 2 2
left_child=3 2 -2 -1 -5 6 7 8 10 11 -6 12 14 -14 -10 -13 21 -7 19 23 -20 -8 -23 24 -19 -12 27 -25 -28 -29
right_child=1 -3 -4 4 5 17 16 -9 9 -11 25 15 13 -15 -16 -17 -18 18 20 -21 -22 22 -24 26 -26 -27 28 29 -30 -31
leaf_value=-6.8114723324473971e-05 -0.00080960540624092363 0.0019027179073642987 -0.001771694068784252 0.0010903438824976163 0.001519463368889118 -0.00036666397745034769 -0.0013863964646174884 5.5088113120730561e-05 0.0025353214313301804 -0.00090368033699204464 -0.00098806267646157453 -0.0020056803686167735 0.0021168935332938417 -8.0420548768121323e-05 0.0010502090361596212 0.0028986127326030009 -6.6923198223460293e-05 0.0051605140872737973 0.00089047831209286598 3.0446401585164126e-05 5.1146215595156136e-05 0.0019709309721601307 0.00045907583877649561 -0.0022745795011675451 -0.00032575021546362034 0.0067864492508477861 0.0080230606771623109 -0.0085993958795069544 -0.00044996407167223755 0.00030985408116897029
leaf_weight=86129 2895 50 221 7985 600 24680 112 3668 135 59 116 70 57 107 52 183 10961 85 2447 4707 105217 53 8958 1682 73 58 55 60 1734 576
leaf_count=86129 2895 50 221 7985 600 24680 112 3668 135 59 116 70 57 107 52 183 10961 85 2447 4707 105217 53 8958 1682 73 58 55 60 1734 576
internal_value=-1.32565e-06 -0.00128553 -0.00145058 1.42749e-05 0.000113475 7.83772e-05 0.000483149 0.00142997 0.00439109 0.0075264 0.00170543 0.00872517 0.0117664 0.00530488 0.0174332 0.00450593 0.000242483 6.22837e-06 9.75697e-05 -0.000689923 0.000163194 0.000826484 0.000913329 -0.00161782 0.00405063 -0.00448276 -0.00183589 -0.00280845 -0.000575739 4.7171e-05
internal_weight=263785 3166 3116 260619 174490 166505 25189 5105 1437 663 774 604 351 164 187 253 20084 141316 116636 8972 107664 9123 9011 4265 158 174 4107 2318 1789 636
internal_count=263785 3166 3116 260619 174490 166505 25189 5105 1437 663 774 604 351 164 187 253 20084 141316 116636 8972 107664 9123 9011 4265 158 174 4107 2318 1789 636
is_linear=0
shrinkage=0.05


Tree=197
num_leaves=31
num_cat=0
split_feature=0 29 21 28 27 24 24 29 18 13 7 5 28 7 5 28 0 19 27 24 24 16 5 18 5 21 5 22 19 22
split_gain=1.53775 4.41879 4.33167 3.05683 3.39991 2.71496 4.00224 4.95266 3.54788 2.96143 2.91358 2.90594 2.82843 2.83787 4.37567 5.03256 3.64787 2.88631 2.77912 2.87845 6.79096 3.17071 2.66337 2.61194 3.21408 2.75296 2.86997 2.5994 4.19551 2.49656
threshold=4.6098625740792736 -1.691767014093873 27.500000000000004 33.500000000000007 7.5000000000000009 2.5000000000000004 24.500000000000004 -0.26383335995364116 35.316506877593163 2.4101404720997075 0.39966322770451418 0.55443892981682474 5.5000000000000009 0.58980739540741756 1.3030995328642754 29.500000000000004 4.5790689627974688 59.99486014821899 15.500000000000002 9.5000000000000018 11.500000000000002 0.10830265366685839 1.156743766152758 6.1663099423067758 1.3335774555389164 31.500000000000004 1.3335774555389164 14.500000000000002 38.324239405701839 28.500000000000004
decision_type=2 2 2 2 2 2 2 2 2 2 2 2 2 2 2 2 2 2 2 2 2 2 2 2 2 2 2 2 2 2
left_child=1 3 -3 4 -1 12 18 8 9 -8 -9 -12 29 -14 17 16 -16 -15 19 27 21 -21 -22 24 -13 26 -25 -7 -29 -4
right_child=-2 2 5 -5 -6 6 7 10 -10 -11 11 23 13 14 15 -17 -18 -19 -20 20 22 -23 -24 25 -26 -27 -28 28 -30 -31
leaf_value=-0.010371204025328654 2.239666886484227e-05 -0.0044625286385183279 -0.00042253838786598962 0.0050957429782009433 -0.0013228847498874922 -0.013970862767006653 0.0011696861184333498 0.0036176078163174977 -0.00030304926732152332 0.0044505428565974293 -0.0045570344993209793 0.0075077873390153524 0.0038628197095905634 -0.000544316531328328 0.0067572680453222012 -0.0042423548189353894 0.000521310936576094 -0.0039771072053307703 -0.0013020791860325997 -0.0011306864159786841 0.00075326779201872899 0.0055516752547672115 -0.00068225585101814137 -0.0018790990889038491 0.00010806881122851394 -0.002569495450298151 0.00089284921178581591 0.0067196897803777009 -0.0061788487413677326 0.0048502559349234324
leaf_weight=591 242394 261 672 52 803 665 3051 140 1197 140 228 51 307 180 134 57 111 58 4873 61 2027 509 2296 606 125 613 401 290 357 72
leaf_count=591 242394 261 672 52 803 665 3051 140 1197 140 228 51 307 180 134 57 111 58 4873 61 2027 509 2296 606 125 613 401 290 357 72
internal_value=2.13059e-05 -0.000389907 -0.000191971 -0.00305671 -0.00350072 -0.000105092 -0.000283606 0.000695972 0.00166135 0.00253212 -0.00126155 -0.00174407 0.00187304 0.00384888 0.00166667 0.00566225 0.00877551 -0.00340336 -0.00086297 -0.000161159 0.000396486 0.00552632 -0.000279897 -0.00106904 0.00471591 -0.00169753 -8.93732e-05 -0.00224085 1.54571e-05 -0.000376343
internal_weight=263322 20928 19482 1446 1394 19221 17630 6552 4388 3191 2164 2024 1591 847 540 302 245 238 11078 6205 4893 570 4323 1796 176 1620 1007 1312 647 744
internal_count=263322 20928 19482 1446 1394 19221 17630 6552 4388 3191 2164 2024 1591 847 540 302 245 238 11078 6205 4893 570 4323 1796 176 1620 1007 1312 647 744
is_linear=0
shrinkage=0.05


Tree=198
num_leaves=31
num_cat=0
split_feature=12 22 18 22 24 16 1 0 18 22 12 19 18 26 27 29 27 15 8 5 5 4 15 12 28 27 18 22 28 24
split_gain=1.77493 4.34151 3.95319 3.27503 3.09272 2.33523 2.04312 2.20162 2.00054 3.47357 4.58804 6.49882 4.19393 4.08215 5.61518 2.8901 2.7318 2.68034 3.45175 2.64104 2.52098 2.76461 2.50265 2.45395 2.22156 5.24922 6.13533 3.89072 3.675 3.40156
threshold=2.228611460874149 25.500000000000004 62.107379387004379 3.5000000000000004 7.5000000000000009 5.8599370567950073 113.00000000000001 5.1286703667030071 1.7334809611990238 7.5000000000000009 0.17822859839754898 1.7848420432873564 0.29495474440805097 1.0000000180025095e-35 7.5000000000000009 -1.2530839403026801 32.500000000000007 16.500000000000004 0.38259798258979533 1.4568475996519774 0.61364818447876657 -0.028578218444735331 13.500000000000002 0.2894920047342095 9.5000000000000018 13.500000000000002 0.17587554226132504 2.5000000000000004 12.500000000000002 8.5000000000000018
decision_type=2 2 2 2 2 2 2 2 2 2 2 2 2 2 2 2 2 2 2 2 2 2 2 2 2 2 2 2 2 2
left_child=8 3 -3 5 6 -2 7 -5 9 10 13 19 16 24 -15 -13 22 -14 -19 23 21 -17 -11 -12 -1 29 28 -28 -27 -26
right_child=1 2 -4 4 -6 -7 -8 -9 -10 12 11 15 17 14 -16 20 -18 18 -20 -21 -22 -23 -24 -25 25 26 27 -29 -30 -31
leaf_value=-0.00010008347652622236 -0.00020141069281589885 -0.00068474761264076004 0.0040700201826430193 0.0020603566763570109 0.00031230551608475699 -0.0029943001132875647 0.0009598717586961512 -7.8845090339455366e-05 -5.0426598069323579e-05 -0.0003746414613675815 0.0031583078956087564 0.0051928630040295387 0.00016395553539690023 0.0024104948418251291 0.0042859038829768234 -0.0033732342848359579 -0.0039475443428290593 0.0029919914096599382 -0.0019337946167672752 0.0024655576779925204 1.0520029221389151e-05 0.0033028012963101263 0.00014024136212799094 0.00042465272192422746 0.0016639230115293422 0.00026185246696729 -0.0016221584144048161 0.0011113596398042182 0.002418615502682955 -0.00055154031945248844
leaf_weight=3130 1721 3749 103 128 9309 240 1886 62 214520 3425 64 78 18518 194 74 90 255 246 140 127 1318 1556 1707 121 170 60 51 78 60 462
leaf_count=3130 1721 3749 103 128 9309 240 1886 62 214520 3425 64 78 18518 194 74 90 255 246 140 127 1318 1556 1707 121 170 60 51 78 60 462
internal_value=-3.5236e-05 0.000455868 -0.00102284 0.000882663 0.00120773 -0.00100459 0.0029528 0.00789474 -6.95075e-05 0.000299776 0.00123019 0.00261479 7.41134e-06 0.000144895 0.0061194 0.00190993 -0.00122331 0.000358126 0.00448187 0.00948718 0.00165992 0.00296476 -0.000972329 0.00567568 -0.000254299 0.00196368 0.00811245 0.000542637 0.01625 -0.00045886
internal_weight=263642 17198 3852 13346 11385 1961 2076 190 246444 31924 7633 3354 24291 4279 268 3042 5387 18904 386 312 2964 1646 5132 185 4011 881 249 129 120 632
internal_count=263642 17198 3852 13346 11385 1961 2076 190 246444 31924 7633 3354 24291 4279 268 3042 5387 18904 386 312 2964 1646 5132 185 4011 881 249 129 120 632
is_linear=0
shrinkage=0.05


Tree=199
num_leaves=31
num_cat=0
split_feature=24 24 0 13 17 6 12 6 16 0 19 1 8 13 1 18 6 14 21 0 21 12 12 7 19 11 22 18 19 0
split_gain=1.5231 2.81545 8.24315 3.57257 3.52957 3.53804 3.34241 3.1856 2.73417 2.53546 3.25895 2.44374 2.75543 2.41471 2.93807 3.2642 2.87839 2.78801 2.73634 3.17017 2.57895 2.40982 3.4774 2.39894 2.47099 3.71723 2.73346 2.87773 3.52999 2.38209
threshold=9.5000000000000018 8.5000000000000018 4.8638827521613406 0.13044235676291863 4.5000000000000009 0.54335046921679286 6.1502866828504965 0.022843246169900296 6.3318920565616708 5.2702521331074044 28.246414038399216 121.00000000000001 0.71034142110698251 0.94771424430146667 245.00000000000003 3.2961881062160692 0.27261863723103447 1.1577720110080059 29.500000000000004 4.7136623405178657 38.500000000000007 0.22825147142191587 0.47551826473780862 0.70513323066200229 0.65023692081831774 0.13923118961334396 4.5000000000000009 5.7830916203520326 43.60571307918071 5.1286703667030071
decision_type=2 2 2 2 2 2 2 2 2 2 2 2 2 2 2 2 2 2 2 2 2 2 2 2 2 2 2 2 2 2
left_child=1 3 4 23 -3 -6 13 -4 21 11 -11 12 29 14 -5 -16 -15 -18 19 -17 -19 -7 -23 -1 -25 26 27 -26 -29 -9
right_child=-2 2 7 6 5 8 -8 9 -10 10 -12 -13 -14 16 15 18 17 20 -20 -21 -22 22 -24 24 25 -27 -28 28 -30 -31
leaf_value=4.8111695752098228e-05 1.6605384138513666e-05 -0.011772691040009537 -0.0095338566012353899 -0.00049724987987708944 -0.0046654809364358348 -0.0046057510155852067 0.0015524706094693162 -0.0022813609126815615 -0.012749417700948363 -0.0019055317209360038 0.0047917706337194639 0.0012865025155985805 -0.012509838475471467 0.0022131071431298575 0.002236149578006376 -0.0059653259480586876 -0.00094800355412757173 0.00035273859235913387 0.00050544386141091206 -0.00095247554829629383 -0.0011128834598860815 0.0049690574709595706 -0.0007824008374326028 -0.0002533214000689138 -0.0018411790583817604 0.00018247283709608238 0.0011425746821488421 0.00056269408614903732 -0.0019637032118458393 0.00083039216381651276
leaf_weight=15244 192755 665 96 30035 619 274 315 438 64 1904 72 2220 52 168 1065 146 1795 6879 1325 1295 609 218 491 385 51 2275 1287 214 98 458
leaf_count=15244 192755 665 96 30035 619 274 315 438 64 1904 72 2220 52 168 1065 146 1795 6879 1325 1295 609 218 491 385 51 2275 1287 214 98 458
internal_value=-2.89918e-05 -0.000227397 -0.00113855 -0.000118221 -0.00361218 -0.00238295 -0.000369911 -3.81667e-05 -0.000611269 0.00013025 -0.0012753 0.00100695 -0.00111814 -0.000407229 -0.00060444 0.000699557 0.00029944 0.000182054 -0.000206073 -0.00171409 0.000606305 4.0693e-05 0.00157969 0.000443389 0.00148492 0.00185987 0.00366667 -0.000165288 0.00163462 -0.000468749
internal_weight=263512 70757 7571 63186 2331 1666 43632 5240 1047 5144 1976 3168 948 43317 33866 3831 9451 9283 2766 1441 7488 983 709 19554 4310 3925 1650 363 312 896
internal_count=263512 70757 7571 63186 2331 1666 43632 5240 1047 5144 1976 3168 948 43317 33866 3831 9451 9283 2766 1441 7488 983 709 19554 4310 3925 1650 363 312 896
is_linear=0
shrinkage=0.05


Tree=200
num_leaves=31
num_cat=0
split_feature=24 29 21 11 29 24 1 13 8 24 27 29 28 21 18 28 21 3 1 11 17 3 5 18 4 18 14 13 1 4
split_gain=1.34748 2.63605 3.87429 3.67085 2.54797 4.48415 3.55971 3.40854 2.47854 2.65127 4.46069 4.03792 5.13333 4.0092 3.97497 3.72387 3.23498 4.10528 3.23118 3.00377 2.83231 2.81522 3.03429 2.80852 2.66579 2.57804 2.49067 2.46124 2.43592 2.43523
threshold=9.5000000000000018 -3.1903952382278615 31.500000000000004 0.31517888466465621 4.1337886697869566 13.500000000000002 137.00000000000003 0.98627143117277771 0.83016446893955209 7.5000000000000009 26.500000000000004 -0.74406408122561807 20.500000000000004 33.500000000000007 34.597550769338447 9.5000000000000018 1.5000000000000002 0.053116796908169069 201.00000000000003 0.16630131028406131 3.5000000000000004 -0.88374509716246219 3.1888770413588818 22.257003997505439 -0.0043943160497134448 4.7399995885753707 2.0074361132680276 1.1119986890868603 233.00000000000003 -0.016734582272887683
decision_type=2 2 2 2 2 2 2 2 2 2 2 2 2 2 2 2 2 2 2 2 2 2 2 2 2 2 2 2 2 2
left_child=8 2 -2 -4 -3 6 -6 -8 9 19 11 15 16 18 -15 28 17 25 21 20 26 23 -23 -12 -14 -13 -1 -28 -11 -17
right_child=1 4 3 -5 5 -7 7 -9 -10 10 13 12 24 14 -16 29 -18 -19 -20 -21 -22 22 -24 -25 -26 -27 27 -29 -30 -31
leaf_value=0.00054675673613936607 -0.015688628703726532 1.5551804002913848e-05 -0.0024497784881704916 0.0060749522870698685 8.9109869589248984e-06 4.4448041318445239e-05 0.002028883227537906 0.005156889371257134 -0.0013469138396217271 -0.0014176861258324825 0.013073487835264429 -0.001255824127546237 -0.0017996458702501904 -0.00073406191601824025 0.0044558492378351227 0.001106021322746471 8.5894547784053213e-05 -0.0064391817207940204 -0.010233972738106584 -0.00015289083738322909 7.3641286969401918e-05 -0.0049244096680799892 0.0023170605858070315 -0.0074085441967053148 -0.0039946888530210008 0.0064165737561434127 0.0019440785462692481 4.9632849703997202e-05 -0.0051652288300234502 0.003323586523472569
leaf_weight=2125 416 189719 97 90 229 1669 362 81 2973 383 112 272 1719 634 92 2474 6389 497 402 32743 18086 764 53 94 171 63 267 147 78 184
leaf_count=2125 416 189719 97 90 229 1669 362 81 2973 383 112 272 1719 634 92 2474 6389 497 402 32743 18086 764 53 94 171 63 267 147 78 184
internal_value=-1.82231e-05 5.02963e-05 -0.00325041 0.00272727 6.06593e-05 0.00170013 0.00514881 0.00776524 -0.000204886 -0.000142879 -0.000745427 -0.000376123 -0.000907693 -0.00284519 0.000179065 0.00117666 -0.000300511 -0.00323317 -0.00438596 1.94885e-05 0.000492122 -0.00289345 -0.00421053 0.0023301 -0.00322751 0.00104478 0.00205593 0.00560387 -0.0029718 0.00189616
internal_weight=263385 192663 603 187 192060 2341 672 443 70722 67749 14381 12230 9111 2151 726 3119 7221 832 1425 53368 20625 1023 817 206 1890 335 2539 414 461 2658
internal_count=263385 192663 603 187 192060 2341 672 443 70722 67749 14381 12230 9111 2151 726 3119 7221 832 1425 53368 20625 1023 817 206 1890 335 2539 414 461 2658
is_linear=0
shrinkage=0.05


Tree=201
num_leaves=31
num_cat=0
split_feature=2 12 29 0 6 7 0 0 24 24 22 3 13 21 14 13 22 24 7 3 0 0 0 29 29 17 24 24 3 2
split_gain=1.45046 2.51578 2.94358 2.26901 2.8432 2.08291 2.69432 2.2087 2.35987 2.52704 2.10874 2.40334 2.06981 2.05706 2.66888 2.55253 1.96957 1.96403 1.86791 1.82297 1.77237 4.80029 3.29265 2.97994 3.04766 2.62329 2.62096 2.67992 2.60935 2.60103
threshold=0.57287803409242855 0.021225772796737857 -0.33473756701380636 5.226358405843377 0.24190509576079486 0.33286086619489402 4.5724882964329003 5.5099253636219219 26.500000000000004 25.500000000000004 6.5000000000000009 0.42636344341038496 0.090800628890847793 27.500000000000004 0.86521855453560559 0.032962577965557856 21.500000000000004 16.500000000000004 0.30867529335941118 0.13328619953335355 5.446138084545372 5.2538158083088478 5.473950012258177 0.43297772120913963 0.11586803245802089 8.5000000000000018 25.500000000000004 15.500000000000002 0.34034077118967859 0.057029039678416875
decision_type=2 2 2 2 2 2 2 2 2 2 2 2 2 2 2 2 2 2 2 2 2 2 2 2 2 2 2 2 2 2
left_child=20 -2 3 13 -5 7 -7 8 9 10 11 -4 -12 -3 16 -16 -15 -13 -6 -8 21 -1 28 24 -23 -24 27 29 -22 -25
right_child=1 2 5 4 18 6 19 -9 -10 -11 12 17 -14 14 15 -17 -18 -19 -20 -21 22 23 25 26 -26 -27 -28 -29 -30 -31
leaf_value=2.2383651129151677e-05 -0.0018295388076871801 -0.0015692978974791967 0.0012859532116151194 0.00054863893678430611 0.0013972188805820144 0.0033691606745743226 1.3294173180982866e-06 -0.0012592537416445324 -0.0033540377860700253 0.013897939079543887 0.0052518699078122847 -0.0078741377173183295 0.0018215812972418822 0.00040614173844791686 -0.0014180117913312161 0.00095239481252717333 -0.0017197702627760496 0.00017878690535519002 0.0034090535136902553 -0.0014481482089316029 -0.0015677690646084136 -0.00032098995485322366 0.00026949742625723735 -0.0010079866987883399 -0.0018943881288016149 0.0053126595147342456 0.0061770708051282625 -0.004359551337888198 0.0056357946963529219 0.0076625768620371794
leaf_weight=183478 1179 120 86 191 50 182 560 2640 349 68 265 113 784 248 71 514 157 93 59 1533 443 11560 49940 203 7055 319 226 208 1144 188
leaf_count=183478 1179 120 86 191 50 182 560 2640 349 68 265 113 784 248 71 514 157 93 59 1533 443 11560 49940 203 7055 319 226 208 1144 188
internal_value=3.26874e-05 -0.000581947 -0.000267226 0.00180851 0.00566667 -0.000705828 -0.00193406 -7.04854e-05 0.00130262 0.00221434 0.00173751 -0.00202055 0.0027836 0.000765767 0.00151515 0.00367521 -0.00160494 -0.00495146 0.0121101 -0.00244147 5.50325e-05 -1.16291e-05 0.000315937 -0.000758744 -0.000889067 0.000245131 0.00218182 0.000450752 0.00255829 0.00289003
internal_weight=264026 9262 8083 1410 300 6673 2275 4398 1758 1409 1341 292 1049 1110 990 585 405 206 109 2093 254764 202918 51846 19440 18615 50259 825 599 1587 391
internal_count=264026 9262 8083 1410 300 6673 2275 4398 1758 1409 1341 292 1049 1110 990 585 405 206 109 2093 254764 202918 51846 19440 18615 50259 825 599 1587 391
is_linear=0
shrinkage=0.05


Tree=202
num_leaves=31
num_cat=0
split_feature=29 29 0 4 26 1 15 23 0 29 1 24 24 23 0 0 9 29 24 0 4 21 23 24 24 0 17 0 29 21
split_gain=1.57773 3.04106 4.28078 2.9207 2.38512 2.8573 3.24274 2.52033 2.27499 4.42395 3.62198 3.99002 3.59813 4.08438 4.52768 5.80409 4.29458 3.58428 6.07793 5.3051 5.22278 5.42296 4.05703 3.88998 3.54506 4.59979 4.40007 3.42692 3.41223 3.35334
threshold=-0.10383428234415885 -0.1302736918517787 4.7170695814152301 0.40100311072909972 1.0000000180025095e-35 197.00000000000003 9.5000000000000018 1.5000000000000002 5.2378129105385556 0.36306981479561701 177.00000000000003 2.5000000000000004 29.500000000000004 2.5000000000000004 4.898897116514747 5.0931594919370946 0.55607384942972338 2.8408173346488366 4.5000000000000009 4.5086161124671804 -0.2643514070792472 32.500000000000007 2.5000000000000004 7.5000000000000009 6.5000000000000009 4.6461108844735088 5.5000000000000009 5.1089575002527212 0.6935744829748387 2.5000000000000004
decision_type=2 2 2 2 2 2 2 2 2 2 2 2 2 2 2 2 2 2 2 2 2 2 2 2 2 2 2 2 2 2
left_child=1 3 -3 -1 5 6 7 -5 9 10 11 -2 -13 -14 -15 -16 -17 23 20 -20 22 -22 -19 -11 26 -26 -21 -25 -29 -10
right_child=8 2 -4 4 -6 -7 -8 -9 29 17 -12 12 13 14 15 16 -18 18 19 24 21 -23 -24 27 25 -27 -28 28 -30 -31
leaf_value=-1.8941003558061557e-05 -0.00029964758038182962 0.00049670525013993856 -0.00043289352484687083 -0.0028200307420477126 -0.0088141496659480453 0.0010859643911247372 0.015830662882836657 0.0082232755489727079 -0.00016238279247058262 0.00021136636502245193 0.00098300896255815477 0.00017610694288546777 -0.00081587475286492889 -0.0014686940231233665 0.0012292605958762512 -0.0017308788983701135 0.0031870886711536741 -0.0045049029114719802 -0.026561769181515926 0.0010637067991983576 -0.000953556204126394 0.0013383121563360328 -0.001869177103460042 -0.0055537168562394624 -0.0035703066292219021 0.0001580334932442401 3.0623107327357094e-06 -0.0019588426226236281 0.002616257168228703 0.0010370144530725005
leaf_weight=131089 1634 1345 7071 67 54 373 69 180 65371 1507 16617 16674 721 362 238 206 81 400 80 1376 658 596 958 1242 432 4613 940 1936 73 6816
leaf_count=131089 1634 1345 7071 67 54 373 69 180 65371 1507 16617 16674 721 362 238 206 81 400 80 1376 658 596 958 1242 432 4613 940 1936 73 6816
internal_value=1.20188e-05 -0.000102745 -0.00102424 -4.39183e-05 0.0030821 0.00387518 0.00737342 0.00469636 0.000142314 0.000396737 0.000692252 0.000237499 0.000449077 -0.0018097 0.000462233 0.00342857 -0.00135888 -0.000332184 0.000202926 0.000931328 -0.00187213 0.000454547 -0.00402062 -0.0014628 0.00107051 0.000327058 0.00268998 -0.00243617 -0.00115978 -3.86484e-05
internal_weight=263779 140248 8416 131832 743 689 316 247 123531 51344 36533 19916 18282 1608 887 525 287 14811 10053 7441 2612 1254 1358 4758 7361 5045 2316 3251 2009 72187
internal_count=263779 140248 8416 131832 743 689 316 247 123531 51344 36533 19916 18282 1608 887 525 287 14811 10053 7441 2612 1254 1358 4758 7361 5045 2316 3251 2009 72187
is_linear=0
shrinkage=0.05


Tree=203
num_leaves=31
num_cat=0
split_feature=0 23 24 2 8 18 13 27 15 27 17 12 13 6 24 12 6 7 15 29 29 0 0 9 18 12 6 14 6 24
split_gain=1.8118 2.70076 2.63929 2.40037 1.91176 1.89988 1.87963 1.7554 2.25502 2.14567 5.03554 2.82736 2.87998 2.22038 2.15509 2.09083 2.05659 2.34206 1.9689 3.09286 2.16512 3.56631 2.95579 1.77962 1.80108 1.76349 1.87465 1.91691 1.77682 1.74231
threshold=5.6492764668392832 5.5000000000000009 10.500000000000002 0.48884615460099545 0.46665509788664367 1.9412876566259316 0.66686361744868894 36.500000000000007 24.500000000000004 34.500000000000007 4.5000000000000009 0.587008019264465 2.8838566901552962 1.0205438407388343 15.500000000000002 0.37049919316409535 1.0205438407388343 0.48560349827513305 23.500000000000004 -0.47249933133932337 -0.49619527688194393 5.1089575002527212 5.1089575002527212 0.71371719254304689 21.941426293570924 0.051673844422519523 0.20635415146073929 1.2547233908861186 0.38152753114545729 14.500000000000002
decision_type=2 2 2 2 2 2 2 2 2 2 2 2 2 2 2 2 2 2 2 2 2 2 2 2 2 2 2 2 2 2
left_child=7 3 4 -2 -3 -6 -4 8 9 -1 14 12 15 -13 -11 23 -10 -18 20 -20 21 29 -22 24 25 -12 -27 28 -28 -9
right_child=1 2 6 -5 5 -7 -8 18 16 10 11 13 -14 -15 -16 -17 17 -19 19 -21 22 -23 -24 -25 -26 26 27 -29 -30 -31
leaf_value=7.7582590789046302e-06 -0.00026295711241273713 -0.012232963951865726 -0.0071843011587042821 -0.0085028715992591843 0.0094270228310111281 -0.0012861401665087394 0.00021199128903792253 -0.001759633762374588 -0.00084600269861124133 0.0010400724320928122 0.00060785906111513106 -0.0014269536023461954 -0.0029311636628012012 0.001456326289042562 -0.0018569961072954209 0.0040630988021807474 0.003167109289925505 0.00032511796829632641 -0.0012166683022551295 0.0030732015256932726 -0.0005425961947156942 0.0020576196696855181 -0.00061337089182331389 -0.0007265443859868347 2.6676717286622266e-05 0.0017655398053918827 0.0011086034422804914 0.0018822812253340489 -0.00058574368313121653 0.00033350093124792293
leaf_weight=251029 3452 50 324 72 50 61 75 486 3688 83 168 219 67 130 190 150 78 278 62 98 974 90 253 68 172 85 93 233 58 578
leaf_count=251029 3452 50 324 72 50 61 75 486 3688 83 168 219 67 130 190 150 78 278 62 98 974 90 253 68 172 85 93 233 58 578
internal_value=-1.52979e-05 -0.00106023 -0.00428571 -0.000547672 0.00111801 0.00477478 -0.00646616 1.15802e-06 1.40984e-05 3.28406e-05 0.00179487 0.00297297 0.00422304 -0.000945558 -0.00443223 0.00487829 -0.00115727 0.00247191 -0.00130657 0.0040625 -0.00166737 -0.00011265 -0.00312958 0.00394527 0.00459827 0.00582418 0.00739872 0.00591146 0.00152318 -0.000921051
internal_weight=263414 4084 560 3524 161 111 399 259330 256789 252745 1716 1443 1094 349 273 1027 4044 356 2541 160 2381 1154 1227 877 809 637 469 384 151 1064
internal_count=263414 4084 560 3524 161 111 399 259330 256789 252745 1716 1443 1094 349 273 1027 4044 356 2541 160 2381 1154 1227 877 809 637 469 384 151 1064
is_linear=0
shrinkage=0.05


Tree=204
num_leaves=31
num_cat=0
split_feature=0 2 18 10 18 26 11 2 0 13 10 16 2 2 10 27 5 0 14 14 16 12 10 26 19 20 19 18 14 13
split_gain=1.6701 2.06669 1.92656 1.73953 1.65407 1.44861 1.40237 1.36462 1.90396 2.48432 3.35071 2.1954 3.01542 2.0618 1.89976 2.64755 3.1715 3.40648 2.22276 3.43122 2.11805 2.08928 3.06829 3.37746 3.08018 2.91455 2.58172 2.55851 2.291 3.02679
threshold=5.6492764668392832 0.37710112031248044 1.9412876566259316 0.15000000000000002 3.9804812672850609 1.0000000180025095e-35 0.25958238676722406 0.18574130785540569 5.2538158083088478 0.20937459259905636 0.18333333333333338 1.563371744354265 -0.21357624261151711 -0.39628647550345886 0.11666666666666668 1.5000000000000002 0.49287778096325646 5.6320442347098254 2.0074361132680276 1.6395446960335511 0.77160653550464431 0.83459490011212301 0.18333333333333338 1.0000000180025095e-35 11.540664213293033 0.026193233626535768 7.6547932226718034 6.7157789798930274 1.9714888961171237 1.0854976222991393
decision_type=2 2 2 2 2 2 2 2 2 2 2 2 2 2 2 2 2 2 2 2 2 2 2 2 2 2 2 2 2 2
left_child=7 3 -3 4 -2 -5 -4 8 -1 10 -10 -11 -13 -12 15 16 17 20 19 -17 -9 22 25 27 -25 26 -16 -24 -27 -30
right_child=1 2 6 5 -6 -7 -8 14 9 11 13 12 -14 -15 21 18 -18 -19 -20 -21 -22 -23 23 24 -26 28 -28 -29 29 -31
leaf_value=-2.6116142375085802e-06 -0.00022317632327044964 0.0040696590033332406 -0.0033495048347441333 -0.0031021890122555867 0.0039224005281643347 0.0031485454551195497 -0.017274134481521472 -0.00065550598064755981 -0.00050621415935354127 -0.00095581869247826515 0.0023981431908448401 0.008623430395206971 0.0012218135177722383 0.00093631158095503126 0.0055451212746304252 0.0026185750390305008 0.00015044969498172937 -0.0070438775309267822 0.009074918485116712 -0.0073682800473134236 -0.0035432358285807878 0.00095795480758463611 0.00047985001423625192 -0.0049591582362325986 -0.00046511261025236915 0.0012589209098432157 -0.0024685530934063192 -0.00030472586557058075 -0.0054847880353980534 0.0097476504833342217
leaf_weight=171194 2723 70 247 813 161 70 50 5310 9289 17381 51 55 379 3544 134 1438 14263 195 108 124 1444 3353 10118 410 690 16093 1138 2530 406 84
leaf_count=171194 2723 70 247 813 161 70 50 5310 9289 17381 51 55 379 3544 134 1438 14263 195 108 124 1444 3353 10118 410 690 16093 1138 2530 406 84
internal_value=-2.61485e-05 -0.00102322 -0.0046049 -0.000674275 -7.97492e-05 -0.00261608 -0.00636364 -1.02787e-05 -7.16209e-05 -0.000434215 9.46923e-05 -0.000816726 0.00269585 0.00139082 0.000203846 -0.000150335 -0.000301243 -0.00117715 0.00176647 0.00128681 -0.000989042 0.000435692 0.000309782 -0.000251672 -0.00290909 0.00074209 -0.00156446 -2.05554e-05 0.000919015 -0.00244898
internal_weight=263865 4134 367 3767 2884 883 297 259731 201893 30699 12884 17815 434 3595 57838 22882 21212 6949 1670 1562 6754 34956 31603 13748 1100 17855 1272 12648 16583 490
internal_count=263865 4134 367 3767 2884 883 297 259731 201893 30699 12884 17815 434 3595 57838 22882 21212 6949 1670 1562 6754 34956 31603 13748 1100 17855 1272 12648 16583 490
is_linear=0
shrinkage=0.05


Tree=205
num_leaves=31
num_cat=0
split_feature=27 17 0 21 21 3 18 19 18 29 0 11 28 27 13 22 16 12 7 28 0 0 3 29 22 7 14 29 3 0
split_gain=1.23535 3.80306 6.46137 4.11587 4.03066 4.48121 3.21829 3.75804 3.56644 3.41792 3.14 2.86087 2.8434 2.78683 3.73761 2.62534 2.84514 2.52799 2.47292 2.40587 2.75966 2.37719 3.08677 2.5032 2.33884 2.30781 2.38443 2.2555 2.22732 2.19697
threshold=29.500000000000004 4.5000000000000009 4.9665426635412357 38.500000000000007 35.500000000000007 -1.0081313278807704 44.858287520818259 23.486701455950854 13.953767183741615 -1.1598050193827298 4.9296208115160445 2.037421443776982 1.0000000180025095e-35 52.500000000000007 0.30216570868313297 28.500000000000004 0.17870444844612846 2.4148859806295624 0.4674526094974199 1.0000000180025095e-35 5.2275719340818574 4.7199269281688467 -1.3256241699700331 -0.69522441631592968 12.500000000000002 1.0589556470193893 3.8205432957854808 -0.069922006990482191 0.078096974769233926 4.3036100609115797
decision_type=2 2 2 2 2 2 2 2 2 2 2 2 2 2 2 2 2 2 2 2 2 2 2 2 2 2 2 2 2 2
left_child=19 28 4 -4 5 21 7 11 10 17 -9 12 -6 14 15 16 -14 -10 27 20 -1 22 -3 -23 -11 -26 -27 -7 -2 -21
right_child=1 2 3 -5 6 18 -8 8 9 24 -12 -13 13 -15 -16 -17 -18 -19 -20 29 -22 23 -24 -25 25 26 -28 -29 -30 -31
leaf_value=0.0012978585761664069 -0.00056176055093936847 0.0043174449342268341 0.00067679969702935921 -6.7373438468637544e-05 -0.0032227779200843347 -0.0051719851186131319 0.0028066894681245264 -0.0029452918311065365 0.0016075606623650073 -0.0019514837808435983 0.0010902007888987093 0.0026226451962986087 0.0031987615947988331 -0.0059027341223318042 -0.00046251877425818521 -0.0019859306989069461 0.0016694873870375555 -0.0035468609995139553 -0.0012306041640445583 -0.0015746564294747427 0.00020389214019952848 0.0039892134068036612 -0.0025530421063546696 1.4079789895708512e-05 -0.00077634112736027711 -0.001813101723255509 0.005827996933743705 -9.7205225844327711e-05 -0.0012827380525653371 -3.318615745468602e-06
leaf_weight=1895 2490 81 2057 1252 145 262 343 402 443 406 70 166 52 106 570 67 648 52 2074 811 3628 147 390 154 750 51 55 98 368 243667
leaf_count=1895 2490 81 2057 1252 145 262 343 402 443 406 70 166 52 106 570 67 648 52 2074 811 3628 147 390 154 750 51 55 98 368 243667
internal_value=-1.80117e-05 -0.000480326 -5.2577e-05 0.00178906 -0.000861656 -0.00220524 0.000134074 -0.00026613 -0.00162853 -0.000591917 -0.00548729 0.00146522 0.000812344 0.00148302 0.00210172 0.00438071 0.00528572 0.00292929 -0.00325801 7.32116e-06 0.00103929 0.00111399 -0.00110403 0.00458472 -0.00197306 -0.000490653 0.0064151 -0.00708333 -0.00210287 -1.59921e-05
internal_weight=263700 13699 10841 3309 7532 3206 4326 3983 2229 1757 472 1754 1588 1443 1337 767 700 495 2434 250001 5523 772 471 301 1262 856 106 360 2858 244478
internal_count=263700 13699 10841 3309 7532 3206 4326 3983 2229 1757 472 1754 1588 1443 1337 767 700 495 2434 250001 5523 772 471 301 1262 856 106 360 2858 244478
is_linear=0
shrinkage=0.05


Tree=206
num_leaves=31
num_cat=0
split_feature=1 22 7 17 18 23 29 13 29 20 2 9 16 23 13 11 6 20 18 29 16 16 13 22 23 19 20 20 19 18
split_gain=1.79968 1.80025 2.26181 2.17387 2.32271 2.34687 2.01465 1.6273 3.05546 3.23564 3.04834 2.73081 2.57507 2.39382 2.3851 2.22419 2.02942 2.40491 2.39351 2.2283 1.98834 2.19749 2.44339 1.96583 1.93065 1.89151 2.80265 2.72868 2.56041 3.74884
threshold=97.000000000000014 4.5000000000000009 0.19160002667849954 3.5000000000000004 2.5424781510892029 1.5000000000000002 -0.063050411244714041 0.52378505918432794 -0.64858629318584227 0.70750624702893972 -0.41985094777676629 0.57816260630434868 1.6631394244892748 2.5000000000000004 0.61292554373727637 0.32585017068046518 0.23889040690544161 0.037286345148822723 8.5080550058377042 -0.60559424458584032 0.52758923916535283 0.14625188572125938 0.12013536588756125 9.5000000000000018 1.0000000180025095e-35 11.086542850095091 0.017782572528646279 0.023043622235898547 8.0285122994969864 2.7024864936239612
decision_type=2 2 2 2 2 2 2 2 2 2 2 2 2 2 2 2 2 2 2 2 2 2 2 2 2 2 2 2 2 2
left_child=1 3 -3 4 -1 -6 -7 8 9 20 -10 25 13 -13 15 -9 -16 -18 19 -19 21 -4 -23 -21 -20 26 -12 -28 29 -29
right_child=-2 2 7 -5 5 6 -8 14 10 -11 11 12 -14 -15 16 -17 17 18 24 23 -22 22 -24 -25 -26 -27 27 28 -30 -31
leaf_value=-0.0010175994301975641 7.1937833204646722e-06 -0.0056808204398685856 0.00054948005516550615 -0.00063014222413279434 -0.0010655209469470749 0.00015482089286585342 0.0062902866232048237 0.00096531147813240514 -0.0010416453491374012 0.0015330788217888015 0.002277451801515951 -0.00013310478965682074 0.0040260648407010775 -0.0015475384650936593 0.0017171167083796239 0.008195124477136469 0.0011834629631889916 -0.0043977492914231871 -0.0010525698924377276 0.0035599959244785543 0.00099010307592714022 -0.0038811713587677482 0.00109667251945989 -0.00067843879831637325 0.0012244739073598203 0.0003053749037452308 -0.0023948598164700995 -0.00028907962793650149 -0.0044655831067743857 0.0077630669502465766
leaf_weight=73 251122 130 252 1312 51 59 81 179 902 424 79 839 50 1035 110 160 292 136 69 139 358 164 95 793 362 3147 81 976 459 53
leaf_count=73 251122 130 252 1312 51 59 81 179 902 424 79 839 50 1035 110 160 292 136 69 139 358 164 95 793 362 3147 81 976 459 53
internal_value=-1.01889e-05 -0.000587091 -0.000366004 -0.00217005 0.0019697 0.00486911 0.00821429 -0.000289581 -0.000592325 0.00165507 -0.000973624 -0.000607232 -0.00219854 -0.00249733 0.00091518 0.00477876 0.000226198 -0.00017867 -0.000987324 -0.00225655 -9.20586e-05 -0.00209393 -0.00532818 -0.00138412 0.00215777 3.12838e-05 -0.00134102 -0.0018037 -0.0013172 6.80284e-05
internal_weight=263982 12860 11284 1576 264 191 140 11154 8914 1293 7621 6719 1924 1874 2240 339 1901 1791 1499 1068 869 511 259 932 431 4795 1648 1569 1488 1029
internal_count=263982 12860 11284 1576 264 191 140 11154 8914 1293 7621 6719 1924 1874 2240 339 1901 1791 1499 1068 869 511 259 932 431 4795 1648 1569 1488 1029
is_linear=0
shrinkage=0.05


Tree=207
num_leaves=31
num_cat=0
split_feature=1 17 13 14 11 1 26 7 21 1 27 1 23 29 28 9 0 19 28 11 13 28 11 19 13 11 27 11 29 19
split_gain=1.84149 1.84236 1.59571 1.564 2.03621 3.45037 2.18975 2.11509 2.22945 3.24169 2.59709 2.17915 2.04774 1.9336 1.9188 1.8988 2.78995 2.17838 1.85105 1.82535 2.42477 2.01357 1.98069 3.38012 1.8066 2.52874 2.09402 1.77243 2.68889 2.17214
threshold=301.00000000000006 3.5000000000000004 0.12295287278535988 0.46434268168038045 0.070396093318690997 297.00000000000006 1.0000000180025095e-35 0.97234652406757294 32.500000000000007 217.00000000000003 30.500000000000004 209.00000000000003 4.5000000000000009 -0.48787656737298651 20.500000000000004 0.77680467171974166 4.9296208115160445 12.696614134956148 30.500000000000004 0.23294148064502915 0.06556005726989704 28.500000000000004 0.11231143574663084 23.486701455950854 0.085209767978872822 0.14660814240401635 9.5000000000000018 1.0000000180025095e-35 -0.12669776607834848 0.079460925144518246
decision_type=2 2 2 2 2 2 2 2 2 2 2 2 2 2 2 2 2 2 2 2 2 2 2 2 2 2 2 2 2 2
left_child=3 -2 -3 4 5 7 15 8 18 11 12 -10 -11 -7 -14 -6 -17 -18 -1 20 22 -21 -8 -24 25 26 -22 29 -29 -9
right_child=1 2 -4 -5 6 13 19 27 9 10 -12 -13 14 -15 -16 16 17 -19 -20 21 24 -23 23 -25 -26 -27 -28 28 -30 -31
leaf_value=-7.2215086525625436e-05 0.00088656049859660259 4.8898002985198723e-05 -0.002618570523763564 4.4452078720510234e-05 1.5774691919760838e-05 -0.00010195943021937815 -0.00300392947378387 -0.0017383903088215255 -0.00025898017138505916 -0.002637537232060705 0.00057494695570104197 0.0019153670393426562 -0.002430296423457508 -0.00066455162167839202 0.0014940116617556305 -0.0010028367406624055 0.01071216365827774 0.00093413681975160797 -0.0025025608221244358 -0.001763188299795191 -0.0046056562467349437 0.0021082178914860247 -0.0032219478583531179 0.0013545192879957 5.8418973669435207e-05 0.0084909015693309543 0.001632223143610099 -0.0001548842701948202 -0.0025290511362173439 0.00069841346973484298
leaf_weight=14818 102 162 384 177446 57845 70 166 126 3810 375 109 75 59 78 80 682 111 1119 76 2131 65 96 171 171 1735 57 52 254 50 1438
leaf_count=14818 102 162 384 177446 57845 70 166 126 3810 375 109 75 59 78 80 682 111 1119 76 2131 65 96 171 171 1735 57 52 254 50 1438
internal_value=2.32664e-05 -0.00263889 -0.00379121 2.98191e-05 -0.000145421 -0.000567746 -4.96767e-06 -0.000514808 -0.000669517 -0.00164374 -0.00499197 -0.00110682 -0.0064786 -0.00817567 -0.00129496 7.63102e-05 0.00162657 0.00304878 -0.000374646 -0.00105082 -9.92955e-05 -0.00208352 -0.00316929 -0.000994151 0.000717654 0.00557471 0.00136752 0.00109208 -0.00240131 0.0017711
internal_weight=263913 648 546 263265 85819 21418 64401 21270 19402 4508 623 3885 514 148 139 59757 1912 1230 14894 4644 2417 2227 508 342 1909 174 117 1868 304 1564
internal_count=263913 648 546 263265 85819 21418 64401 21270 19402 4508 623 3885 514 148 139 59757 1912 1230 14894 4644 2417 2227 508 342 1909 174 117 1868 304 1564
is_linear=0
shrinkage=0.05


Tree=208
num_leaves=31
num_cat=0
split_feature=1 0 20 19 12 0 23 21 22 28 19 5 29 27 29 0 14 0 29 27 27 0 23 21 7 12 12 3 29 5
split_gain=1.63948 2.06035 1.8811 2.4705 2.96707 2.01303 3.34417 2.50171 1.97896 1.84861 2.3315 2.46779 2.75596 2.20053 1.84959 1.74388 2.05531 1.97587 3.76243 3.55772 4.14617 3.81972 4.03774 3.70937 2.94574 3.67637 4.39613 2.81645 2.81391 3.24296
threshold=121.00000000000001 4.3036100609115797 0.75543956705845494 10.17749678333649 0.093161633204498343 5.0026325636191329 1.5000000000000002 29.500000000000004 10.500000000000002 29.500000000000004 30.515250648685022 0.93903965249392052 -0.89127533738544151 15.500000000000002 -0.59509976453478841 5.5851811870328882 0.96982378087972942 5.0448809385801114 -1.3663842572693345 29.500000000000004 5.5000000000000009 4.5790689627974688 3.5000000000000004 29.500000000000004 0.44570012382809515 0.16629777663377751 1.3662730699813521 -0.46505688311233762 -0.36985758113450201 3.1888770413588818
decision_type=2 2 2 2 2 2 2 2 2 2 2 2 2 2 2 2 2 2 2 2 2 2 2 2 2 2 2 2 2 2
left_child=2 9 15 8 -5 6 -6 -8 -4 10 -2 -12 13 -13 -14 17 -17 19 -19 20 21 22 -1 -22 -25 -26 -27 -28 29 -21
right_child=1 -3 3 4 5 -7 7 -9 -10 -11 11 12 14 -15 -16 16 -18 18 -20 28 23 -23 -24 24 25 26 27 -29 -30 -31
leaf_value=-0.0012281398927203487 0.0021789800067255204 3.9325282514076939e-05 0.0014354916105282667 0.001208698966992384 0.0031536151359954343 -0.00015045812111842986 0.0040340121158719718 -0.00068290194809630554 -0.0017264338885745951 -0.011025947401404709 -0.0068957308346499022 0.017752042778550758 -0.0094196224528233265 0.00034010443221455948 -0.00074317120136669062 -0.0001909179066401796 0.0018768439151511202 0.00085870725810421324 -0.00025315930328680906 -0.0058438422299185592 -0.00021504923436223121 -0.0014074870055435602 0.004933774541203164 0.00056533815916586904 0.00037550694818596535 -0.00057550004981360393 0.00089687269594436046 -0.00042107384953115224 -5.8793325963717672e-05 0.00026910504042690613
leaf_weight=306 102 211858 135 471 114 563 90 174 285 88 156 58 123 138 215 3958 2039 790 25139 461 2634 1923 251 3017 3889 2869 771 322 722 239
leaf_count=306 102 211858 135 471 114 563 90 174 285 88 156 58 123 138 215 3958 2039 790 25139 461 2634 1923 251 3017 3889 2869 771 322 722 239
internal_value=2.36844e-05 8.48003e-05 -0.000230443 0.0013428 0.00234419 0.000722637 0.00354497 0.000454547 -0.00202381 -0.00232954 -0.00156566 -0.00260869 -0.000992508 0.00372449 -0.00372781 -0.00028887 0.000510256 -0.000399463 -0.000676076 1.2642e-05 0.00022588 -0.00165322 0.00199282 0.000571028 0.000979022 0.000468731 -0.000603229 0.00209515 -0.00238397 -0.00464286
internal_weight=263900 212738 51162 1832 1412 941 378 264 420 880 792 690 534 196 338 49330 5997 43333 25929 17404 15982 2480 557 13502 10868 7851 3962 1093 1422 700
internal_count=263900 212738 51162 1832 1412 941 378 264 420 880 792 690 534 196 338 49330 5997 43333 25929 17404 15982 2480 557 13502 10868 7851 3962 1093 1422 700
is_linear=0
shrinkage=0.05


Tree=209
num_leaves=31
num_cat=0
split_feature=11 24 2 29 7 4 18 12 12 19 18 18 1 12 19 19 20 29 15 18 0 0 24 24 0 22 29 24 12 18
split_gain=1.89966 2.19003 1.88321 3.13853 2.63478 2.44601 2.356 2.25414 2.28837 1.94419 1.93926 1.888 3.7917 4.27776 1.89115 2.29931 1.85021 1.84902 1.99584 2.9454 1.7708 1.74123 2.43796 2.29836 2.0314 2.13948 2.13066 1.60078 1.55203 1.79547
threshold=4.1030636814888899 30.500000000000004 -1.1401100374850313 -0.08262057774057098 0.54562076514718949 -0.50367859180864949 16.877027262905322 0.096619454592744805 0.14004934705964592 55.034487268139024 16.122118396709503 24.736621419192343 249.00000000000003 0.49906955925552587 36.427927951228135 56.993231339719991 0.70719335053881871 -0.22971457122045122 1.0000000180025095e-35 19.214014412006815 4.8935427106932758 4.7544443676919261 19.500000000000004 14.500000000000002 4.6676560430519158 23.500000000000004 -0.90936145708900018 16.500000000000004 0.44643249835120546 8.6764120889635752
decision_type=2 2 2 2 2 2 2 2 2 2 2 2 2 2 2 2 2 2 2 2 2 2 2 2 2 2 2 2 2 2
left_child=-1 2 5 4 6 7 -4 9 -9 -2 16 12 17 -14 -15 -16 -6 20 19 -19 28 23 -23 24 26 -26 -13 -25 -10 -30
right_child=1 -3 3 -5 10 -7 -8 8 11 -11 -12 21 13 14 15 -17 -18 18 -20 -21 -22 22 -24 27 25 -27 -28 -29 29 -31
leaf_value=-1.3648988778978078e-06 -0.0054340417021733044 -0.0020891553110444928 -0.0016459577062638857 0.0022428711659664307 0.00072805734065077836 -0.00052787049545375566 0.00030530260913446268 0.0027954463417906548 -0.0016118388997074047 -0.00012365398702323736 0.00066462495113821197 -0.014798213212234493 -0.000616014264227443 0.0050075521837224767 0.0011326222230482162 0.0056352367898081729 0.0017440192185515799 -0.00039854925230184917 0.002743084219754729 0.0025674772802292811 0.0017692474596365804 -4.105943495443838e-05 -0.0025753427089142081 0.0033104961638384433 0.0023053681342729247 -0.0027567008771290816 -4.2288830366465772e-05 0.00092386907374937012 0.0029994537998943686 -0.00016592585039412473
leaf_weight=259377 64 113 68 185 117 637 79 72 187 215 588 118 67 50 65 54 102 112 64 51 56 94 61 74 115 70 111 519 75 322
leaf_count=259377 64 113 68 185 117 637 79 72 187 215 588 118 67 50 65 54 102 112 64 51 56 94 61 74 115 70 111 519 75 322
internal_value=1.425e-05 0.00103219 0.00120902 0.00295874 0.00180294 0.000596374 -0.00435374 0.00127294 0.00178006 -0.00297491 0.00292441 0.0015011 0.00298278 0.0086017 0.0128402 0.00941177 0.00694064 0.00145329 0.0053304 0.00239264 7.81262e-05 9.46656e-05 -0.00483871 0.000854023 -0.00200483 0.00189189 -0.00515284 0.00284992 -0.0007363 0.00103275
internal_weight=263882 4505 4392 1139 954 3253 147 2616 2337 279 807 2265 1103 236 169 119 219 867 227 163 640 1162 155 1007 414 185 229 593 584 397
internal_count=263882 4505 4392 1139 954 3253 147 2616 2337 279 807 2265 1103 236 169 119 219 867 227 163 640 1162 155 1007 414 185 229 593 584 397
is_linear=0
shrinkage=0.05


Tree=210
num_leaves=31
num_cat=0
split_feature=16 7 24 27 21 20 15 16 27 5 29 22 29 29 24 13 24 5 22 3 22 5 5 2 0 22 11 21 14 21
split_gain=1.65208 3.20292 2.73766 2.82901 2.79233 2.00564 1.99041 1.97405 3.61375 2.48065 1.8804 2.07509 2.21027 1.87907 2.42386 1.80959 2.056 2.18203 2.04109 5.48251 2.45435 2.13894 1.97123 1.85398 1.83277 2.83468 1.73854 2.35854 1.76989 1.69594
threshold=4.7749535734160036 0.78940483672180595 14.500000000000002 14.500000000000002 28.500000000000004 0.70734206224835539 1.0000000180025095e-35 7.1096240885869593 9.5000000000000018 2.5131780152855359 -0.47967793934772801 16.500000000000004 -0.10083933790174561 -1.2530839403026801 14.500000000000002 0.29001584935344776 17.500000000000004 2.7214228453369067 16.500000000000004 -0.95082187666358509 3.5000000000000004 1.6496430163984204 1.1879734282520555 -1.0224716314124549 4.7292907654218128 8.5000000000000018 6.0860226391650487 31.500000000000004 6.3890950716381338 39.500000000000007
decision_type=2 2 2 2 2 2 2 2 2 2 2 2 2 2 2 2 2 2 2 2 2 2 2 2 2 2 2 2 2 2
left_child=-1 2 3 5 -4 -2 26 15 -9 10 13 12 -12 14 -10 29 18 22 19 20 21 -17 -18 24 -24 -26 27 28 -6 -3
right_child=1 7 4 -5 6 -7 -8 8 9 -11 11 -13 -14 -15 -16 16 17 -19 -20 -21 -22 -23 23 -25 25 -27 -28 -29 -30 -31
leaf_value=-7.023644732595792e-06 -0.0003412097009123126 -0.0001335463291281853 -0.0015919411812954469 0.00097267967249621806 -0.00039168888907191619 -0.004219843889563109 0.0021548749485540875 -0.0016106835585243265 -0.0041770918237925168 0.0024216986815850839 0.00094259872761762978 0.0014185159828049771 -0.0021191754853902025 -0.0010608626103489557 0.0017965052208903185 -0.0039983418720265177 0.0016865848783325884 0.0026960289958553579 -0.0013665939106335978 -0.0018408463419050292 0.0024706868462453235 0.00041902301314995837 -0.00092920843748021573 -0.0046493050721789801 0.00043315799500462555 -0.0016308060570714177 0.0026285124969591682 -0.00080205068818300137 0.001325662332167135 0.002297508885768637
leaf_weight=255116 124 1382 67 239 70 129 200 570 98 125 182 268 66 451 114 61 97 62 978 233 443 127 989 94 125 478 74 145 94 82
leaf_count=255116 124 1382 67 239 70 129 200 570 98 125 182 268 66 451 114 61 97 62 978 233 443 127 989 94 125 478 74 145 94 82
internal_value=-3.9538e-05 -0.00073956 0.00171629 -0.00109756 0.00384616 -0.00478261 0.00495712 -0.00113879 0.000250802 0.00170246 0.000992368 0.00325582 -4.03214e-05 -0.00076923 0.00311321 -0.00164434 -0.00223488 -0.00341463 -0.0010532 0.000717594 0.00313788 -0.00164893 -0.00373528 -0.00413404 -0.00373115 -0.00590381 0.00284595 0.00119741 0.00530488 -0.000157103
internal_weight=263283 8167 1142 492 650 253 583 7025 1874 1304 1179 516 248 663 212 5151 3687 1845 1842 864 631 188 1783 1686 1592 603 383 309 164 1464
internal_count=263283 8167 1142 492 650 253 583 7025 1874 1304 1179 516 248 663 212 5151 3687 1845 1842 864 631 188 1783 1686 1592 603 383 309 164 1464
is_linear=0
shrinkage=0.05


Tree=211
num_leaves=31
num_cat=0
split_feature=18 22 26 21 16 28 2 22 4 15 27 27 28 27 19 4 18 0 5 2 24 21 0 19 28 21 15 22 4 2
split_gain=2.06744 4.71894 6.84407 4.48517 3.53391 3.37379 3.52051 3.34578 2.99281 2.51405 2.22342 1.93831 1.93579 3.33765 1.78555 1.78369 1.72961 3.90592 3.63689 2.91954 2.49529 2.4588 3.85936 2.24836 2.7408 2.00609 2.45524 2.38797 2.62552 2.63621
threshold=0.096941918992014112 8.5000000000000018 1.0000000180025095e-35 33.500000000000007 1.9193247128032682 11.500000000000002 -1.0000000180025095e-35 2.5000000000000004 -0.39083512000525017 15.500000000000002 29.500000000000004 32.500000000000007 9.5000000000000018 6.5000000000000009 0.12425885854174255 -0.14273078841449968 1.3256835252430694 4.5563455921752096 0.82076849548864261 -0.067339956733051556 16.500000000000004 29.500000000000004 4.6568054714595153 7.7337344851675214 13.500000000000002 36.500000000000007 16.500000000000004 9.5000000000000018 -0.16333323227328525 -0.29725720609185419
decision_type=2 2 2 2 2 2 2 2 2 2 2 2 2 2 2 2 2 2 2 2 2 2 2 2 2 2 2 2 2 2
left_child=1 2 3 5 11 6 10 -7 12 -8 -1 -3 -5 -14 15 -10 17 18 19 20 -2 22 -19 25 -25 26 -23 28 29 -27
right_child=16 4 -4 8 -6 7 9 -9 14 -11 -12 -13 13 -15 -16 -17 -18 21 -20 -21 -22 23 -24 24 -26 27 -28 -29 -30 -31
leaf_value=-0.00017843578569013143 0.0036691041209998606 -0.00027020291223708778 0.0046042194152675457 0.00075778251203350655 -0.0020672553229570101 0.0017930524914786365 8.3012653856185637e-05 -0.00027015035554487125 -0.00024287440559428924 -5.9318942622057094e-05 2.8354581693453693e-05 -0.004743223351436416 0.0013055617049436237 0.0025779905255460278 -0.00055007830008139134 0.0010809157805860344 -2.4777963343367742e-06 0.0026967657605324533 -0.0023134632628055685 1.2455666994876081e-06 0.0023732963049122873 -0.0004326021074278949 0.00063023826867491086 0.0019191930339962837 1.7803554307002607e-05 0.00067562868241730274 0.0011390798477198363 -0.00023801142335509157 -0.00057600462266458252 0.0016766366342245793
leaf_weight=226 53 3361 87 194 343 62 66 334 52 72 61 134 82 50 86 70 243856 109 111 54 88 2630 9034 76 115 290 113 1470 160 190
leaf_count=226 53 3361 87 194 343 62 66 334 52 72 61 134 82 50 86 70 243856 109 111 54 88 2630 9034 76 115 290 113 1470 160 190
internal_value=4.05993e-06 -0.000975378 0.00146325 0.000590407 -0.00189161 -0.0017296 -0.00482353 0.00159091 0.0041573 0.00173913 -0.00797909 -0.00141631 0.00714724 0.0118182 -0.000528845 0.00336066 2.40772e-05 0.000554752 0.00614379 0.0102564 0.0140426 0.000434202 0.000923112 -0.000452021 0.00486911 -0.000661445 -0.00155304 0.000497632 0.00304688 0.00489583
internal_weight=263629 5280 1442 1355 3838 821 425 396 534 138 287 3495 326 132 208 122 258349 14493 306 195 141 14187 9143 5044 191 4853 2743 2110 640 480
internal_count=263629 5280 1442 1355 3838 821 425 396 534 138 287 3495 326 132 208 122 258349 14493 306 195 141 14187 9143 5044 191 4853 2743 2110 640 480
is_linear=0
shrinkage=0.05


Tree=212
num_leaves=31
num_cat=0
split_feature=27 0 28 29 4 14 27 6 18 18 22 3 14 29 24 13 7 29 13 28 3 29 11 24 27 24 21 21 26 29
split_gain=1.15948 5.57129 4.78749 3.50725 3.12862 2.9895 2.40788 2.28732 2.21443 2.19081 2.26383 2.12623 2.10584 2.02095 2.39605 1.86913 1.78049 1.6156 3.23053 2.88925 4.94264 3.65237 4.58567 2.82375 9.13394 8.81359 7.89818 5.82627 5.33365 4.31504
threshold=29.500000000000004 4.9665426635412357 4.5000000000000009 -1.1313414534795427 -0.43329411285390113 2.2410920574041362 40.500000000000007 0.33574877541815024 30.205303573953547 10.624203996195957 28.500000000000004 -0.88374509716246219 7.6964743890774612 -0.77071677021972174 16.500000000000004 0.25970161916213103 0.76134196649763342 -0.79697630201178449 3.9729507562845092 31.500000000000004 -1.3256241699700331 -1.3267258088422953 0.2729399880609768 14.500000000000002 11.500000000000002 22.500000000000004 31.500000000000004 34.500000000000007 1.0000000180025095e-35 -2.5608938885402721
decision_type=2 2 2 2 2 2 2 2 2 2 2 2 2 2 2 2 2 2 2 2 2 2 2 2 2 2 2 2 2 2
left_child=17 2 4 5 6 7 -2 16 -3 13 -11 -9 -5 14 -6 -12 -4 18 19 23 -21 -22 -23 26 25 27 28 -25 -1 -26
right_child=1 8 3 12 9 -7 -8 11 -10 10 15 -13 -14 -15 -16 -17 -18 -19 -20 20 21 22 -24 24 29 -27 -28 -29 -30 -31
leaf_value=-0.00042029614317690242 -0.00044059570022625952 0.00012368784852328908 0.00016921181507055511 -0.00034223835478963005 -0.0062543578526094868 0.0037026884097169244 -0.0037954656904736956 -0.0033876191323925723 0.0013720684108893464 -0.0030545852025839256 0.0012955863120018719 0.00062424387636575082 0.002769914978952224 0.00012946416229888419 0.0023254534084760576 -0.0014483157446581953 0.0037340880223227201 -2.5152138693005105e-05 -0.00059218149088094744 -0.0040743553116566675 0.0018682947624202749 0.0007911906612434518 -0.00075110635184064904 0.0012514345708618015 0.0028690777921899103 -0.00013174694207800878 0.00056013311647989516 -0.00071151330751206658 -0.010378763387539848 -5.4804723222302737e-05
leaf_weight=11479 4451 4398 82 1948 264 397 72 81 53 911 92 135 76 513 52 105 64 211330 1525 74 1016 506 559 3252 111 1818 6607 304 810 10769
leaf_count=11479 4451 4398 82 1948 264 397 72 81 53 911 92 135 76 513 52 105 64 211330 1525 74 1016 506 559 3252 111 1818 6607 304 810 10769
internal_value=-3.25168e-05 -0.000480501 -0.00118035 0.000553361 -0.00192724 0.00345191 -0.00120716 0.000165747 0.000972816 -0.00360867 -0.00506318 -0.00310185 -0.000533596 -0.00166466 -0.00481013 -0.000203044 0.005 -7.99369e-06 0.000288438 0.000380647 0.00215777 0.00260932 0.000563381 0.000271694 0.000754892 0.00244139 -0.000143945 0.0038892 -0.000893481 -7.81238e-05
internal_weight=263854 13694 9243 2783 6460 759 4523 362 4451 1937 1108 216 2024 829 316 197 146 250160 38830 37305 2155 2081 1065 35150 16254 5374 18896 3556 12289 10880
internal_count=263854 13694 9243 2783 6460 759 4523 362 4451 1937 1108 216 2024 829 316 197 146 250160 38830 37305 2155 2081 1065 35150 16254 5374 18896 3556 12289 10880
is_linear=0
shrinkage=0.05


Tree=213
num_leaves=31
num_cat=0
split_feature=24 27 24 27 1 0 22 0 0 0 29 18 22 27 1 22 0 18 22 27 2 7 27 21 21 3 29 22 12 3
split_gain=1.24024 2.26639 2.80301 3.96321 8.21064 7.29347 6.10296 5.79745 3.8752 3.68974 3.7748 3.42223 7.4226 4.84785 4.56359 3.66692 4.06929 4.23755 3.24064 4.56859 4.50575 3.23757 2.92777 4.40625 4.28516 4.96809 3.43532 3.15284 2.84243 2.82555
threshold=10.500000000000002 9.5000000000000018 5.5000000000000009 22.500000000000004 129.00000000000003 4.5649191543146843 9.5000000000000018 5.0448809385801114 4.8638827521613406 5.0931594919370946 -1.2877420863276781 10.405471555763617 23.500000000000004 33.500000000000007 125.00000000000001 20.500000000000004 4.8022471230451886 29.083260393587619 27.500000000000004 30.500000000000004 -2.0191565006508445 0.608289637334536 17.500000000000004 38.500000000000007 35.500000000000007 0.039458094460219167 -1.2218905403000824 30.500000000000004 1.4641179260184591 -0.59149908510406424
decision_type=2 2 2 2 2 2 2 2 2 2 2 2 2 2 2 2 2 2 2 2 2 2 2 2 2 2 2 2 2 2
left_child=1 -1 3 4 7 -6 8 -3 -5 11 -11 12 13 -8 21 16 17 -13 19 20 -17 -14 23 26 27 -26 -4 -24 -22 -19
right_child=-2 2 22 6 5 -7 9 -9 -10 10 -12 15 14 -15 -16 18 -18 29 -20 -21 28 -23 24 -25 25 -27 -28 -29 -30 -31
leaf_value=1.063068991713058e-05 1.8050290492772722e-05 0.0011291203181497079 0.0019830987397507563 -3.8353704780620756e-05 0.0049438783135015837 -0.0010625196493974519 0.00096015271386916921 -8.515214854579486e-05 -0.00022299763144366849 0.00061849955953544998 -0.0013967904119104634 0.00084580244913168192 0.001153993053444418 -0.0010371246093622249 -0.00067182403532317636 -0.00031538771476469663 -0.0006976279149671238 -0.0018172458638008968 -0.000115307504786776 -0.002317867131141892 0.0014530588871291066 -0.00045626585211792084 -0.00089644096174869628 -0.0014973004028285589 0.00073971484033930675 -0.0013790108102011537 -4.6751374981000779e-05 -0.0031553266954112199 0.0023366989519419457 0.0019574543429539751
leaf_weight=49019 185098 598 684 2758 74 3979 911 1056 1200 116 403 1384 332 183 736 280 802 555 909 168 974 124 6353 472 1684 564 1057 768 330 76
leaf_count=49019 185098 598 684 2758 74 3979 911 1056 1200 116 403 1384 332 183 736 280 802 555 909 168 974 124 6353 472 1684 564 1057 768 330 76
internal_value=-2.42358e-05 -0.000190708 -0.000536741 -0.000145419 -0.00123357 -0.0024451 0.0003619 0.00173519 -0.00125316 0.00113365 -0.00294798 0.00140649 0.0030315 0.00600549 0.000302015 0.000728369 -0.00052893 0.000669976 0.00205938 0.00331621 0.00414773 0.00423246 -0.00114315 0.000492545 -0.00152951 0.000373667 0.00165422 -0.00213032 0.00538344 -0.00272583
internal_weight=263647 78549 29530 17948 5707 4053 12241 1654 3958 8283 519 7764 2286 1094 1192 5478 2817 2015 2661 1752 1584 456 11582 2213 9369 2248 1741 7121 1304 631
internal_count=263647 78549 29530 17948 5707 4053 12241 1654 3958 8283 519 7764 2286 1094 1192 5478 2817 2015 2661 1752 1584 456 11582 2213 9369 2248 1741 7121 1304 631
is_linear=0
shrinkage=0.05


Tree=214
num_leaves=31
num_cat=0
split_feature=29 28 21 24 18 0 18 0 4 24 24 27 28 24 5 4 6 24 28 27 24 18 27 27 29 5 3 0 14 13
split_gain=1.71353 6.62887 4.5856 8.67386 6.03006 5.62662 4.13959 6.18681 4.00394 3.9596 3.85535 5.22647 3.75527 4.63931 3.61878 3.2462 3.18812 3.18504 3.53407 3.13347 3.37512 3.24067 3.0957 6.28821 3.7029 3.45431 3.3506 3.09386 2.99809 3.70773
threshold=-1.0546084750942197 2.5000000000000004 32.500000000000007 14.500000000000002 48.954811645103682 4.6786224635956151 21.941426293570924 4.8935427106932758 -0.33600450774537866 8.5000000000000018 9.5000000000000018 13.500000000000002 14.500000000000002 1.5000000000000002 1.059601370114956 -0.20486876506717916 0.21001374481402227 9.5000000000000018 21.500000000000004 11.500000000000002 22.500000000000004 28.511877617768629 24.500000000000004 28.500000000000004 -1.1894795493740016 0.76642272296969061 -0.50687289927025303 5.1914582650287837 10.446576196758164 0.19810279258732857
decision_type=2 2 2 2 2 2 2 2 2 2 2 2 2 2 2 2 2 2 2 2 2 2 2 2 2 2 2 2 2 2
left_child=1 -1 3 5 19 8 10 28 -3 -10 12 14 13 -7 -12 -16 -6 18 -9 20 -5 -21 25 24 -24 26 -4 -27 29 -8
right_child=-2 2 22 4 16 6 7 17 9 -11 11 -13 -14 -15 15 -17 -18 -19 -20 21 -22 -23 23 -25 -26 27 -28 -29 -30 -31
leaf_value=-0.001392124356104878 -2.060891045446127e-05 -0.0052158193692234261 0.0051026190706193603 0.0014735935788302568 0.002265270374268484 0.0023346529808147085 -0.0013233078255195079 0.0018579603490585081 -0.0064443785884121408 0.012000760660492864 0.00096976718856055558 0.0033030540089941402 0.0013393411359420317 -0.0019101411544582003 -0.0030905712587315148 -0.0068108778270447676 -0.00084878175831607698 0.0062906335606716657 -0.0012950109811602675 0.00075082201711088731 -2.9115590817715479e-05 -0.00025055419057779237 -0.0021697278493910364 0.00092161175970677614 0.0011905190410489673 0.00061054963732178145 0.00080755289739360681 0.0010721036767925188 -0.0063380182824334975 0.0023496104287851188
leaf_weight=3027 234452 2584 145 1255 53 65 780 241 157 106 580 115 1240 503 1671 394 1036 118 84 2299 380 1006 957 1848 191 6329 371 106 168 1436
leaf_count=3027 234452 2584 145 1255 53 65 780 241 157 106 580 115 1240 503 1671 394 1036 118 84 2299 380 1006 957 1848 191 6329 371 106 168 1436
internal_value=-8.68302e-06 0.000352198 0.00060798 9.09606e-05 0.00159562 -0.000794765 -6.76121e-05 0.00143615 -0.00268353 0.00319392 -0.000998247 -0.00217391 0.000796461 -0.00257042 -0.0026276 -0.00360775 -0.00177227 0.0068623 0.00430769 0.00233806 0.00412844 0.00145235 0.00145371 0.000110148 -0.00279617 0.0020328 0.00596899 0.00171717 0.000427854 0.000916066
internal_weight=263697 29245 26218 16271 6029 10242 7395 2827 2847 263 4568 2760 1808 568 2645 2065 1089 443 325 4940 1635 3305 9947 2996 1148 6951 516 6435 2384 2216
internal_count=263697 29245 26218 16271 6029 10242 7395 2827 2847 263 4568 2760 1808 568 2645 2065 1089 443 325 4940 1635 3305 9947 2996 1148 6951 516 6435 2384 2216
is_linear=0
shrinkage=0.05


Tree=215
num_leaves=31
num_cat=0
split_feature=29 28 26 27 1 29 14 19 18 21 7 14 2 24 27 1 13 11 21 28 29 28 16 11 18 14 14 1 16 19
split_gain=1.26591 6.29142 4.95182 3.3235 3.80263 3.50924 3.48448 3.30385 4.02792 3.06945 3.06591 3.82698 3.06429 3.03088 3.74086 4.19512 2.92322 3.15853 2.88993 2.9002 2.71367 2.6502 2.45272 3.05351 2.39893 3.03233 3.59303 2.66774 3.21615 2.37841
threshold=-1.0546084750942197 3.5000000000000004 1.0000000180025095e-35 29.500000000000004 181.00000000000003 -2.3675210365522781 1.2547233908861186 22.369346767636817 38.534589766573134 34.500000000000007 1.3281204337535069 5.5496851046683151 -0.36079534773474203 15.500000000000002 11.500000000000002 173.00000000000003 1.9045151904138669 0.34014300934227454 32.500000000000007 12.500000000000002 -1.3663842572693345 36.500000000000007 2.7706191456776534 0.33302802013394844 15.371277410323176 0.88404990910509451 1.2871726213135897 141.00000000000003 0.21441063651795589 49.138707003432394
decision_type=2 2 2 2 2 2 2 2 2 2 2 2 2 2 2 2 2 2 2 2 2 2 2 2 2 2 2 2 2 2
left_child=1 9 3 4 5 -3 12 -8 22 10 -1 -12 -5 14 -4 -16 -15 -18 -7 20 -20 -2 23 29 -21 27 -27 28 -26 -9
right_child=21 2 13 6 -6 18 7 8 -10 -11 11 -13 -14 16 15 -17 17 -19 19 24 -22 -23 -24 -25 25 26 -28 -29 -30 -31
leaf_value=-0.0021987249964575952 -6.5034810960784536e-06 -0.00019086249710212544 -0.010323033900202248 -0.0019238996493383658 5.4571250571018358e-05 0.00058767972770817879 0.0056184936460918836 -0.0038374513713169815 0.0061610231723683772 0.00027342360218423018 -0.0010623256009048678 0.0098523297136164402 0.00087604996535781653 -0.00060147129090093942 -0.0022257960034942673 0.0093526321909816693 -0.00018322288108500774 0.0047179464563617077 -0.0010405561331724132 0.001308443626451939 0.0018995663705149931 -0.00064258779867896586 -0.0027111982683113 0.0060951193749921931 0.00218571408156878 -0.0042289633013112829 0.0003207253241480721 0.00072025297701656542 0.0041366860384505775 0.0026633693470513825
leaf_weight=2830 233035 1919 727 186 14255 4398 220 55 124 824 86 50 290 497 92 52 50 55 273 1067 122 1547 167 76 56 50 408 163 63 59
leaf_count=2830 233035 1919 727 186 14255 4398 220 55 124 824 86 50 290 497 92 52 50 55 273 1067 122 1547 167 76 56 50 408 163 63 59
internal_value=6.93837e-06 0.000317315 0.000600615 0.000773664 0.000639766 0.00147553 0.00336449 0.00560628 0.00328482 -0.00158311 -0.00233311 0.005 6.30264e-05 -0.00221317 -0.00409874 0.00326389 0.000514951 0.00809524 0.00202273 0.00350136 -0.000379746 -3.17148e-05 0.000588236 0.00447369 0.00434975 0.00216216 -0.000349344 0.00624114 0.0119328 -0.000701753
internal_weight=263796 29214 25424 23951 22774 8519 1177 701 481 3790 2966 136 476 1473 871 144 602 105 6600 2202 395 234582 357 190 1807 740 458 282 119 114
internal_count=263796 29214 25424 23951 22774 8519 1177 701 481 3790 2966 136 476 1473 871 144 602 105 6600 2202 395 234582 357 190 1807 740 458 282 119 114
is_linear=0
shrinkage=0.05


Tree=216
num_leaves=31
num_cat=0
split_feature=18 0 0 1 27 2 0 1 5 2 0 0 0 3 0 29 2 6 13 25 13 13 1 9 3 6 22 18 9 9
split_gain=1.74942 5.61105 4.51008 2.35841 3.68344 2.33057 2.31008 3.60405 3.01634 2.13849 2.13637 2.88458 2.7619 3.53352 4.03254 2.92605 2.84474 2.81185 2.63466 2.49708 2.67916 3.68586 2.45305 2.44704 2.35461 2.34966 2.31648 2.18238 2.29157 2.17674
threshold=31.375848613157462 5.0376407589987657 4.3895594239587075 285.00000000000006 7.5000000000000009 -0.27798732298778545 4.3895594239587075 97.000000000000014 0.74501559757316538 -0.20699179498085699 5.446138084545372 5.2702521331074044 5.5099253636219219 0.21542235901923742 5.6492764668392832 -0.90936145708900018 0.15394392585434327 0.48904284183173008 0.047099801587087466 1.0000000180025095e-35 1.0854976222991393 0.16835478749891125 93.000000000000014 0.54191331673938758 0.13328619953335355 0.19209988291272687 18.500000000000004 9.3195215921371357 0.76898613516318182 0.67686179228929511
decision_type=2 2 2 2 2 2 2 2 2 2 2 2 2 2 2 2 2 2 2 2 2 2 2 2 2 2 2 2 2 2
left_child=6 2 5 -4 -5 -2 7 -1 -9 -3 11 24 17 14 15 -14 22 -12 -15 20 21 -19 23 -17 -8 -13 -25 28 -27 -22
right_child=1 9 3 4 -6 -7 10 8 -10 -11 12 25 13 18 -16 16 -18 19 -20 -21 29 -23 -24 26 -26 27 -28 -29 -30 -31
leaf_value=-0.012177897663359374 -0.0016556834996485277 0.00079410102588082479 0.0002081110893092356 0.00096479533033078525 -0.0011166533582344805 -0.010109459578517629 -1.3994819621793953e-05 0.0061186200002655948 0.0031255418000935942 0.002282863731200179 0.0018745070020832807 0.0042101331593283981 -0.011589033518523192 0.0008701424823325236 -0.00061606638265140608 0.0083104618678692538 0.0029399838528358364 0.0033990762544934732 -0.00053941626802332188 -0.0075377776414832362 -0.010337046315215471 -0.0064740041288985431 0.00051433528800851351 -0.0094971939509257836 -0.0002253353810217117 -0.0011035978481927214 0.0079059885332582302 -0.002095874671396103 0.013468342615345184 0.0099258929052833417
leaf_weight=120 1191 205 26420 289 1361 55 148232 191 508 70 9150 183 69 5837 3469 185 3736 367 26866 285 54 370 7116 80 18166 8854 54 52 136 107
leaf_count=120 1191 205 26420 289 1361 55 148232 191 508 70 9150 183 69 5837 3469 185 3736 367 26866 285 54 370 7116 80 18166 8854 54 52 136 107
internal_value=-1.65279e-05 0.000345714 0.00027903 0.000409691 -0.00142424 -0.00266453 -6.22994e-05 0.00258852 0.00396281 0.00745455 -7.16025e-05 -0.000158349 0.000192226 3.07951e-05 0.000674418 0.00113434 0.00119775 0.000932935 -0.000258691 -0.00136095 -6.6814e-05 -0.00134328 0.000632146 0.00492163 -0.000110637 -0.00101897 -0.000223879 -0.00113249 -0.00107341 0.0057764
internal_weight=263778 29591 29316 28070 1650 1246 234187 819 699 275 233368 175623 57745 47412 14709 11240 11171 10333 32703 1183 898 737 7435 319 166398 9225 134 9042 8990 161
internal_count=263778 29591 29316 28070 1650 1246 234187 819 699 275 233368 175623 57745 47412 14709 11240 11171 10333 32703 1183 898 737 7435 319 166398 9225 134 9042 8990 161
is_linear=0
shrinkage=0.05


Tree=217
num_leaves=31
num_cat=0
split_feature=27 15 29 15 14 19 5 9 21 27 21 24 24 24 16 21 11 13 13 1 23 29 22 13 11 11 18 1 14 24
split_gain=1.4495 2.64062 2.45658 2.20733 4.53472 1.99205 1.70649 1.68591 2.10766 1.46118 2.39573 2.80611 3.04772 2.8852 2.88359 2.87155 2.48797 2.97683 2.29183 4.51978 2.17084 1.49253 1.4481 1.43772 1.73299 1.3673 1.73428 1.58304 1.49119 1.93369
threshold=37.500000000000007 23.500000000000004 -0.38423582872657108 4.5000000000000009 1.4762419807280656 38.829539515071261 0.76060303671141982 0.75659183148516418 48.000000000000007 34.500000000000007 38.500000000000007 22.500000000000004 9.5000000000000018 12.500000000000002 1.58835080917531 35.500000000000007 0.30002106308932225 0.22723151578076803 0.39002747657158837 217.00000000000003 5.5000000000000009 -0.69522441631592968 26.500000000000004 0.28721775126346516 0.10070083388043331 0.34757600579720721 10.174782549762595 161.00000000000003 0.91055820799724885 21.500000000000004
decision_type=2 2 2 2 2 2 2 2 2 2 2 2 2 2 2 2 2 2 2 2 2 2 2 2 2 2 2 2 2 2
left_child=9 3 -3 4 5 -2 -5 8 -6 -1 11 12 16 -14 23 -15 17 -11 19 25 -20 -18 -17 24 -13 26 28 -27 29 -12
right_child=1 2 -4 6 7 -7 -8 -9 -10 10 18 14 13 15 -16 22 21 -19 20 -21 -22 -23 -24 -25 -26 27 -28 -29 -30 -31
leaf_value=-6.9862868919182764e-06 0.0032582229694952942 -8.5408909755635103e-05 0.0051305395878149373 0.00083177547554667678 -0.00046337801474781258 0.00035059218280956723 -0.0017711613856492411 -0.0037939234272577824 0.005220257311408372 -0.0020928945790355882 0.0037017670235851736 0.0016252535955195088 0.0048227632341110794 -0.00043905450684927368 -0.0021621523700072038 0.00071880829135866206 -0.00014098077836071808 0.0032092761559116344 -0.0014807835244799595 0.0018880352790458456 0.0022315688268583901 -0.0060487497718319932 0.0028997964177242498 0.0016050405223407714 -0.00038293898062114205 -0.00018124731493074614 -0.001428645396691592 0.0038932363394710485 -0.00077327017179109692 -5.1341761734462896e-05
leaf_weight=259475 86 76 79 97 475 85 842 60 53 68 52 56 89 100 156 302 50 66 430 199 55 51 60 59 107 100 185 53 123 64
leaf_count=259475 86 76 79 97 475 85 842 60 53 68 52 56 89 100 156 302 50 66 430 199 55 51 60 59 107 100 185 53 123 64
internal_value=-1.50129e-05 -0.00140853 0.00483871 -0.0019788 2.63517e-05 0.00719298 -0.00359957 -0.00205782 -0.0011553 -5.15345e-06 0.0012165 0.00285223 0.00455471 0.00658802 -0.000687829 0.005 -0.000212765 0.00425373 -0.000293417 0.00139175 -0.00298969 -0.00613861 0.00707182 0.00297297 0.000552148 -0.000849219 -0.00231132 0.00320262 0.000502093 0.00456897
internal_weight=263753 1853 155 1698 759 171 939 588 528 261900 2425 1164 786 551 378 462 235 134 1261 776 485 101 362 222 163 577 424 153 239 116
internal_count=263753 1853 155 1698 759 171 939 588 528 261900 2425 1164 786 551 378 462 235 134 1261 776 485 101 362 222 163 577 424 153 239 116
is_linear=0
shrinkage=0.05


Tree=218
num_leaves=31
num_cat=0
split_feature=0 24 18 13 28 29 22 29 28 28 12 12 13 12 23 29 24 3 5 11 5 24 29 6 7 22 29 22 28 6
split_gain=1.58687 2.06062 2.46746 2.6218 2.77645 2.8284 1.92073 1.62981 2.08479 3.11985 1.83469 1.64792 2.22939 2.74224 2.5656 2.02819 2.13882 1.98831 1.86912 2.37791 1.68617 1.58851 1.68938 1.57601 1.53878 1.51192 2.02043 2.34871 1.50099 1.36978
threshold=4.4439066730957402 2.5000000000000004 44.858287520818259 0.072833702173975695 23.500000000000004 4.4656086771559433 33.500000000000007 2.8408173346488366 1.0000000180025095e-35 2.5000000000000004 0.31190890070982774 0.16160284758464666 0.14148614797501805 0.88165375972281279 2.5000000000000004 -0.60559424458584032 17.500000000000004 -0.52262404658858341 0.65879290766176501 0.45496130474477753 0.8707311855036276 24.500000000000004 -0.79697630201178449 0.69359268489680648 0.72291848025985195 7.5000000000000009 -0.51305018789241741 4.5000000000000009 16.500000000000004 0.071444036019819121
decision_type=2 2 2 2 2 2 2 2 2 2 2 2 2 2 2 2 2 2 2 2 2 2 2 2 2 2 2 2 2 2
left_child=1 2 3 -1 5 -5 7 8 -3 10 -10 25 13 23 -15 16 28 18 -17 24 -18 22 -22 -13 -20 26 -11 -28 -14 -2
right_child=29 6 -4 4 -6 -7 -8 -9 9 11 -12 12 15 14 -16 17 20 -19 19 -21 21 -23 -24 -25 -26 -27 27 -29 -30 -31
leaf_value=0.0093053978592934541 -7.5086338633865014e-05 0.01172890935281754 -0.002248827269366115 0.012265660495607003 -0.0051011325279677611 -0.0048807063201581026 0.0087392245037552409 -0.029962392296144794 -0.00091728034793082513 -0.0021855381909325188 -0.0097046114009652091 0.001373198076609797 0.0083377417481906614 -0.012670346890010734 -0.0021927522470714025 0.0066366143126667587 -0.0071822757538449527 -0.00071233124313579315 -0.006123817009947399 0.0083421811481880857 -0.00049930305608828895 0.0021242278294700831 -0.013091930455276794 -0.0028207621070813426 0.0028553656372725736 -0.0047463102552168564 -0.00024799764158653544 0.0084392136106453339 0.00033904754459709901 1.463227334806382e-05
leaf_weight=90 8925 101 68 70 81 63 73 62 86 269 144 319 58 105 150 100 176 190 102 289 65 154 51 113 139 629 116 62 229 251264
leaf_count=90 8925 101 68 70 81 63 73 62 86 269 144 319 58 105 150 100 176 190 102 289 65 154 51 113 139 629 116 62 229 251264
internal_value=-6.04082e-07 -0.000970148 0.00258065 0.00450658 0.00149533 0.00593985 -0.00131941 -0.00147749 -0.00134083 -0.00154258 -0.00717391 -0.00115199 -0.000379463 -0.00275109 -0.00686274 0.000669673 -0.00124147 0.00237805 0.00373016 0.00254717 -0.00340807 -0.000925925 -0.00534483 -0.000324073 -0.00112033 -0.00276022 -0.000536912 0.00359551 0.00212544 1.4875e-05
internal_weight=264343 4154 372 304 214 133 3782 3709 3647 3546 230 3316 2240 687 255 1553 733 820 630 530 446 270 116 432 241 1076 447 178 287 260189
internal_count=264343 4154 372 304 214 133 3782 3709 3647 3546 230 3316 2240 687 255 1553 733 820 630 530 446 270 116 432 241 1076 447 178 287 260189
is_linear=0
shrinkage=0.05


Tree=219
num_leaves=31
num_cat=0
split_feature=13 29 29 15 3 11 12 22 12 1 1 3 18 14 12 11 17 12 14 24 15 24 5 23 23 3 22 1 2 19
split_gain=1.19719 1.83643 3.88178 2.22474 2.1443 1.93457 2.11922 1.62873 2.92622 3.44255 2.89307 2.17281 2.9172 2.06504 1.92244 1.85095 3.84067 1.76 2.3022 2.05566 1.94837 1.93779 1.92129 1.58012 1.57412 1.57184 1.55872 1.5406 1.53585 1.93438
threshold=2.777068318338022 -0.073191992052533711 -0.063050411244714041 14.500000000000002 -0.013836979659716407 0.91255307706981725 0.93151670217148863 8.5000000000000018 0.12218387853063457 273.00000000000006 285.00000000000006 -1.2542658476511455 13.953767183741615 3.589194394537532 8.0395037546596537 4.5038351693978269 4.5000000000000009 0.52695333909106656 5.4386776702900805 17.500000000000004 2.5000000000000004 7.5000000000000009 1.748561401894452 4.5000000000000009 4.5000000000000009 -1.045963050626052 6.5000000000000009 161.00000000000003 -1.4179801864013173 3.9452785422853376
decision_type=2 2 2 2 2 2 2 2 2 2 2 2 2 2 2 2 2 2 2 2 2 2 2 2 2 2 2 2 2 2
left_child=-1 3 -3 4 7 6 -5 8 9 -2 11 12 -10 -14 15 -9 -17 18 19 20 21 -13 26 -21 27 -18 -20 -19 -4 -30
right_child=1 2 28 5 -6 -7 -8 14 10 -11 -12 17 13 -15 -16 16 25 24 22 23 -22 -23 -24 -25 -26 -27 -28 -29 29 -31
leaf_value=1.6406352681043548e-05 0.00079892484661462412 0.0016606156773501413 -0.00043343320758580699 0.0012414194061674032 -0.0015733657241326637 -0.001068618052389539 0.0037207935909312055 -0.00044419313423826401 0.0023891073346120947 0.0022075054857943698 -0.0016464775404742612 0.00014235322196903363 0.00071097676376022834 -0.0025300275628006102 0.0011444603172240855 0.0031730378334105312 0.0010815296013354061 -0.0012847989916760186 -0.0024085882033371146 -0.0016754827859610762 -0.0002811096837152625 0.0027365631071800105 0.000436059860999799 0.0011370669285986959 0.0015250674732280416 -0.0040706315011789281 0.00061596519319887227 0.00083747615133221822 -0.0078404383347662667 0.0010478397169751078
leaf_weight=252253 282 102 523 125 428 66 51 5835 69 66 259 60 50 256 53 66 97 103 203 242 72 101 63 76 281 54 53 545 66 1356
leaf_count=252253 282 102 523 125 428 66 51 5835 69 66 259 60 50 256 53 66 97 103 203 242 72 101 63 76 281 54 53 545 66 1356
internal_value=2.17176e-05 -0.000474876 0.000884222 -0.00076601 -0.000888983 0.00396694 0.00670455 -0.000722484 0.000280476 0.00456897 -0.000332921 0.000262191 -0.0032 -0.00529412 -0.00117936 -0.00126239 0.00327189 0.000983881 -0.000632183 0.00132487 0.00489271 0.00795031 -0.00401254 -0.00128931 0.00249731 -0.00112583 -0.0059375 0.00114198 0.000385605 0.00123769
internal_weight=263856 11603 2047 9556 9314 242 176 8886 2781 348 2433 2174 375 306 6105 6052 217 1799 870 551 233 161 319 318 929 151 256 648 1945 1422
internal_count=263856 11603 2047 9556 9314 242 176 8886 2781 348 2433 2174 375 306 6105 6052 217 1799 870 551 233 161 319 318 929 151 256 648 1945 1422
is_linear=0
shrinkage=0.05


Tree=220
num_leaves=31
num_cat=0
split_feature=0 24 27 27 29 28 29 29 29 28 28 18 22 28 27 21 24 2 27 4 0 24 20 0 27 1 20 23 4 7
split_gain=1.63771 4.66658 1.80218 2.97963 2.24954 2.48777 2.29648 1.80961 3.132 1.35298 1.58324 1.34294 4.38754 5.94377 10.8421 5.0063 4.65278 3.2863 3.04877 2.7293 2.35352 3.155 1.82983 1.81477 2.42128 2.05791 2.14589 2.00937 1.90444 1.73148
threshold=4.3036100609115797 30.500000000000004 28.500000000000004 26.500000000000004 -1.1598050193827298 35.500000000000007 -1.6214020128300053 -0.60559424458584032 -0.51305018789241741 11.500000000000002 37.500000000000007 0.096941918992014112 4.5000000000000009 11.500000000000002 12.500000000000002 34.500000000000007 14.500000000000002 -1.0000000180025095e-35 29.500000000000004 -0.1998963438845042 4.7985492905656644 29.500000000000004 0.70710804862122645 4.8255613764400245 8.5000000000000018 221.00000000000003 0.043100472777887637 2.5000000000000004 -0.54491434864628052 0.68873387129864627
decision_type=2 2 2 2 2 2 2 2 2 2 2 2 2 2 2 2 2 2 2 2 2 2 2 2 2 2 2 2 2 2
left_child=1 2 3 4 6 7 -1 -6 -9 -4 -11 12 13 15 19 17 -17 18 -2 -15 -14 23 -19 24 -22 26 27 -25 -28 -30
right_child=11 -3 9 -5 5 -7 -8 8 -10 10 -12 -13 20 14 -16 16 -18 22 -20 -21 21 -23 -24 25 -26 -27 28 -29 29 -31
leaf_value=-0.01048630500783759 -0.00016306182370993787 0.0094485084742340492 0.0079975272225948843 -0.012320677623270368 -0.0072347567036254489 -0.01619222516446011 0.0093960506937214566 0.011754246997673128 -0.0049970804264160658 -0.014688737989588307 0.0042697937109031706 1.1238588569485687e-05 -0.0013440628058254175 0.0055937487930350048 0.002486716603886982 0.0041730364722848195 6.0997515575903746e-05 8.7780615936669008e-05 0.00013973748195491423 -0.00080378853849049432 0.0043652204603258325 -0.00084241847787304988 -4.0044047829771107e-05 -0.00021548447344489158 2.7264832823051775e-05 -0.0015413736531712182 0.00098900306135174185 0.0013410322908486351 -0.00011906416687585044 -0.00063000879056775681
leaf_weight=51 155 75 89 97 212 55 103 72 149 53 58 257211 1268 101 54 63 128 52 56 72 83 138 54 208 179 117 88 262 1605 470
leaf_count=51 155 75 89 97 212 55 103 72 149 53 58 257211 1268 101 54 63 128 52 56 72 83 138 54 208 179 117 88 262 1605 470
internal_value=3.57021e-06 -0.00200197 -0.0029606 -0.00410013 -0.00286604 -0.00452869 0.0024026 -0.00325635 -9.04965e-05 0.00125 -0.00243243 1.13213e-05 -0.000787889 0.00278912 0.00951542 -0.000216534 0.00617801 -0.0040694 -0.00767772 0.00341041 -0.00138298 -0.000650792 0.00311321 -0.000312084 0.00366412 -0.000690908 -0.000402581 0.00265958 -0.00106796 -0.00137349
internal_weight=263378 1014 939 739 642 488 154 433 221 200 111 262364 5153 735 227 508 191 317 211 173 4418 3150 106 3012 262 2750 2633 470 2163 2075
internal_count=263378 1014 939 739 642 488 154 433 221 200 111 262364 5153 735 227 508 191 317 211 173 4418 3150 106 3012 262 2750 2633 470 2163 2075
is_linear=0
shrinkage=0.05


Tree=221
num_leaves=31
num_cat=0
split_feature=1 0 0 24 29 7 4 23 23 7 21 11 8 24 0 7 22 23 24 21 29 16 29 29 27 29 2 1 0 24
split_gain=1.78221 3.60365 3.59447 3.13368 3.33429 2.80961 2.52707 2.51609 3.23744 2.27021 2.24151 2.18535 2.11193 2.44193 6.33789 5.54571 5.32592 6.85614 5.86229 4.57906 4.41413 3.67266 3.09549 4.60266 4.38451 3.2317 3.06078 3.01919 2.95601 2.83851
threshold=133.00000000000003 5.556442008647335 5.6049807601895782 16.500000000000004 0.48199358273701259 0.5346541265810244 0.11577830079605211 2.5000000000000004 4.5000000000000009 0.53674612676591082 1.5000000000000002 0.15837508564687089 0.55712502154812305 5.5000000000000009 5.0848964481369547 0.33023675348286791 11.500000000000002 2.5000000000000004 1.5000000000000002 33.500000000000007 -1.0072396594512696 0.32784009668238173 -0.6161991890922468 -0.44252610937883896 20.500000000000004 4.4656086771559433 -0.35369666511004866 105.00000000000001 4.5649191543146843 1.5000000000000002
decision_type=2 2 2 2 2 2 2 2 2 2 2 2 2 2 2 2 2 2 2 2 2 2 2 2 2 2 2 2 2 2
left_child=1 12 -2 4 10 -4 9 -6 11 -7 -3 -9 13 14 15 26 19 18 28 20 -17 -20 -16 -24 25 -25 -1 -23 -18 -19
right_child=2 3 5 -5 7 6 -8 8 -10 -11 -12 -13 -14 -15 22 16 17 29 21 -21 -22 27 23 24 -26 -27 -28 -29 -30 -31
leaf_value=0.0025227137183862994 5.3946754802213545e-05 -0.0040142738804986467 -0.0015526414565943986 0.0015863901919625511 -0.00037341994177325297 0.011850212427277291 0.0064862969491730864 0.0041736422644687342 0.00048359685151120327 4.0778840118347328e-05 -0.0002083278638550879 0.011594952317976076 -0.00062319950053453912 -9.6936852607756405e-05 0.00073810240513236692 0.0060769564952593801 0.0046610364964320113 0.0011678644475045226 0.0014000068720883688 0.0011735603397861403 -0.00018842553000101517 0.0016703975060060527 -0.0024570974379081682 -0.00043442977835828756 -0.0015428470012662672 0.0013301013497522341 0.00077250309593180104 0.00053690489148989942 -0.00091604113456790221 -0.00010359610956088398
leaf_weight=116 186656 573 6417 4588 431 64 93 157 261 1248 4205 115 10158 40236 686 54 73 413 287 250 1087 205 267 2408 461 146 157 387 178 1253
leaf_count=116 186656 573 6417 4588 431 64 93 157 261 1248 4205 115 10158 40236 686 54 73 413 287 250 1087 205 267 2408 461 146 157 387 178 1253
internal_value=1.49843e-05 -0.00020303 9.25052e-05 0.000658278 -0.000120166 -0.000957554 0.00106762 0.00256224 0.00485929 0.00050305 -0.000661363 0.00867647 -0.000354288 -0.000217408 0.00055648 0.00184978 0.00139957 0.00265737 0.00566372 -0.00112868 -0.00247152 0.00758817 -0.000897176 -0.00153565 -0.00097844 -0.000168362 0.00875458 0.00533784 -0.0010757 0.000618248
internal_weight=263630 69152 194478 10330 5742 7822 1405 964 533 1312 4778 272 58822 48664 8428 4460 4187 2796 1130 1391 1141 879 3968 3282 3015 2554 273 592 251 1666
internal_count=263630 69152 194478 10330 5742 7822 1405 964 533 1312 4778 272 58822 48664 8428 4460 4187 2796 1130 1391 1141 879 3968 3282 3015 2554 273 592 251 1666
is_linear=0
shrinkage=0.05


Tree=222
num_leaves=31
num_cat=0
split_feature=6 19 21 18 16 3 14 12 18 24 24 21 2 18 18 27 24 5 28 14 7 27 21 2 27 29 7 23 18 22
split_gain=1.43075 2.12804 3.78573 2.3873 1.94036 3.50221 2.82782 2.12416 2.13356 1.93225 2.56936 1.94682 2.0799 1.85351 1.82812 1.67632 1.66025 1.54126 1.72387 2.40744 1.53337 1.32986 1.30415 3.72554 3.33865 3.38366 3.4365 2.88065 4.25406 2.33411
threshold=2.6742267498477394 33.433507884216034 33.500000000000007 9.720595012534277 4.9866279302169172 -0.78157656049389301 9.8703504475701269 0.2832356757345344 36.744099829618499 14.500000000000002 8.5000000000000018 28.500000000000004 -1.1827209498601443 0.64252069234894893 5.8721800727056737 16.500000000000004 24.500000000000004 2.452464905224168 22.500000000000004 9.0010374211052042 0.97234652406757294 16.500000000000004 38.500000000000007 -2.3393985211825945 12.500000000000002 -1.3267258088422953 0.57445391074428176 4.5000000000000009 1.0040241493716906 15.500000000000002
decision_type=2 2 2 2 2 2 2 2 2 2 2 2 2 2 2 2 2 2 2 2 2 2 2 2 2 2 2 2 2 2
left_child=4 2 14 -3 22 13 7 8 -7 10 -9 -11 16 -6 -2 -16 -13 -15 19 -19 21 -5 -1 -24 25 -25 29 -26 -29 -27
right_child=1 3 -4 20 5 6 -8 9 -10 11 -12 12 -14 17 15 -17 -18 18 -20 -21 -22 -23 23 24 27 26 -28 28 -30 -31
leaf_value=1.9320291009710739e-05 0.00075537592570048401 0.0020826880378229601 -0.0007415245590848326 -2.5605906990642252e-05 0.0010554629121217322 -0.0018562286862015016 0.0018432419112234132 0.001640967792680655 0.002262375434068771 -0.0012522368258741665 -0.0024405136869858203 0.0020027901300453759 0.003076547358790184 -0.00051570429793795379 0.0040117231050551747 0.0030012535810409781 -0.0002900318743099672 -4.4266033782036087e-05 -0.0027476422313119815 0.0030333397110209504 0.00027313505905797144 -0.0033485496093529493 0.0035658753808473507 0.00044810505298023225 -0.00013910623879203522 -0.001061228371340744 -0.001056804885941845 0.0016048875814906019 0.00016579147975479211 0.0001930889488611776
leaf_weight=240479 75 55 105 74 105 147 60 139 63 57 144 138 82 5092 60 57 81 114 60 74 1502 58 69 671 7585 411 2078 356 2741 891
leaf_count=240479 75 55 105 74 105 147 60 139 63 57 144 138 82 5092 60 57 81 114 60 74 1502 58 69 671 7585 411 2078 356 2741 891
internal_value=1.24811e-05 0.00134945 0.00525253 0.000663115 2.33267e-06 -0.000860603 0.00200878 0.0012691 -0.00309524 0.00269891 -0.000388691 0.00513967 0.00674419 -0.00134068 0.00942708 0.0133333 0.00420091 -0.00147004 0.00237903 0.00473404 0.000318239 -0.00484848 2.38181e-05 -0.000431697 -0.000485983 -0.00170822 -0.00235207 -2.24665e-05 0.00126251 -0.00033794
internal_weight=263623 1986 297 1689 261637 6356 911 851 210 641 283 358 301 5445 192 117 219 5340 248 188 1634 132 255281 14802 14733 4051 3380 10682 3097 1302
internal_count=263623 1986 297 1689 261637 6356 911 851 210 641 283 358 301 5445 192 117 219 5340 248 188 1634 132 255281 14802 14733 4051 3380 10682 3097 1302
is_linear=0
shrinkage=0.05


Tree=223
num_leaves=31
num_cat=0
split_feature=24 29 2 21 17 24 29 23 24 29 0 29 18 21 18 0 17 29 0 24 16 29 24 20 0 18 29 0 0 5
split_gain=1.47755 8.49567 4.16851 6.43583 4.16471 4.8614 5.05169 5.06527 4.42527 9.75128 4.12103 3.87725 4.0392 3.81487 4.29474 4.25783 4.01804 4.16572 3.78915 4.61297 5.3917 3.40685 4.39159 3.89996 3.39096 4.19099 3.49279 3.1903 3.17321 5.67272
threshold=18.500000000000004 -2.5608938885402721 -0.19456295742253807 28.500000000000004 4.5000000000000009 9.5000000000000018 3.3334073898702967 1.0000000180025095e-35 1.5000000000000002 -1.2218905403000824 5.1641680755971233 -2.8294749043545768 23.988904727922019 31.500000000000004 23.630710723644555 5.0321893123531218 8.5000000000000018 -0.041241729973121789 4.6568054714595153 14.500000000000002 0.10375505042060677 -1.1598050193827298 14.500000000000002 0.70843453455691086 4.8935427106932758 43.562536307972401 -0.70794970971420623 4.4942943846592813 4.9665426635412357 2.3278830145006153
decision_type=2 2 2 2 2 2 2 2 2 2 2 2 2 2 2 2 2 2 2 2 2 2 2 2 2 2 2 2 2 2
left_child=4 -2 3 27 8 -6 11 -8 9 -1 -9 -7 28 14 15 -5 17 -15 -14 20 -20 22 23 -10 25 -22 -26 -3 29 -13
right_child=1 2 -4 13 5 6 7 10 21 -11 -12 12 18 16 -16 -17 -18 -19 19 -21 24 -23 -24 -25 26 -27 -28 -29 -30 -31
leaf_value=0.0043736577257931786 0.0026791053734316014 -0.0091334093567639659 4.6022877619785493e-05 0.0002182213820968738 -3.7275525493939458e-05 -0.0057857952965955778 0.0031384454573112099 0.00037059535161600388 -0.0033437821081427422 0.00035209998879211029 0.0015769531744922252 -0.00030203976314204846 0.00011618985091240377 -0.00025215739929901787 -0.00021853372425071759 -0.00029397784664671796 0.00043756573487303493 0.00040342695243550207 -0.0035299070668131111 0.00022706078899533021 0.00090619228974030727 -0.00011554358112232833 0.00088084989051857767 0.00016594572014250677 0.0033345974516109122 0.0030344837583549038 0.0011803940120031671 -0.00046375210658266885 0.00035215089336679576 0.0010989924262655888
leaf_weight=96 197 71 62336 14031 38759 540 146 1066 3564 4926 95 9776 3079 19363 9893 1021 2778 967 144 2773 1358 54904 473 1295 256 852 439 9298 17483 1752
leaf_count=96 197 71 62336 14031 38759 540 146 1066 3564 4926 95 9776 3079 19363 9893 1021 2778 967 144 2773 1358 54904 473 1295 256 852 439 9298 17483 1752
internal_value=-4.2163e-05 -0.00017173 -0.000188796 -0.00049615 6.59371e-05 0.000311267 0.000699717 0.0037567 -0.000229243 0.00119674 0.00265289 0.000595809 0.00065573 -0.000262417 0.000166367 0.000698247 -0.000725289 -0.00096901 0.00158746 0.00233769 0.0036799 -0.000348129 -0.00155476 -0.00200247 0.00414802 0.00319005 0.00719425 -0.00169495 0.000369861 -0.000274114
internal_weight=263731 119955 119758 57422 143776 78518 39759 1307 65258 5022 1161 38452 37912 48053 24945 15052 23108 20330 8901 5822 3049 60236 5332 4859 2905 2210 695 9369 29011 11528
internal_count=263731 119955 119758 57422 143776 78518 39759 1307 65258 5022 1161 38452 37912 48053 24945 15052 23108 20330 8901 5822 3049 60236 5332 4859 2905 2210 695 9369 29011 11528
is_linear=0
shrinkage=0.05


Tree=224
num_leaves=31
num_cat=0
split_feature=0 1 13 24 14 23 0 20 28 24 3 23 29 28 24 19 3 4 24 24 29 28 15 15 22 20 3 1 28 29
split_gain=1.73107 1.8073 1.70816 1.63691 1.42178 1.75928 1.43796 1.32295 1.26677 4.04682 2.64353 2.03064 1.90451 3.64707 2.62559 2.20557 1.91534 2.03311 2.22733 3.43267 3.47491 1.98116 1.97542 1.75608 2.39326 1.72269 1.59406 2.07617 2.08378 2.00292
threshold=4.4674786937065862 97.000000000000014 2.2229169089524765 6.5000000000000009 2.0472311042055278 3.5000000000000004 4.3895594239587075 0.72899796287935059 1.5000000000000002 30.500000000000004 -0.91282500487816998 2.5000000000000004 -0.39128857406938994 23.500000000000004 2.5000000000000004 37.841227630006323 -1.0179791548829977 -0.54491434864628052 28.500000000000004 25.500000000000004 -0.62662308157277502 11.500000000000002 4.5000000000000009 16.500000000000004 5.5000000000000009 0.70843453455691086 -0.57108697051608293 153.00000000000003 7.5000000000000009 -0.25669524252401499
decision_type=2 2 2 2 2 2 2 2 2 2 2 2 2 2 2 2 2 2 2 2 2 2 2 2 2 2 2 2 2 2
left_child=1 3 8 -1 6 7 -4 -6 9 10 -3 -12 14 26 -10 16 -16 21 19 20 22 -18 -19 -15 -25 -26 27 29 -29 -14
right_child=-2 2 4 -5 5 -7 -8 -9 12 -11 11 -13 13 23 15 -17 17 18 -20 -21 -22 -23 -24 24 25 -27 -28 28 -30 -31
leaf_value=0.0034690798415160009 7.1015794555443809e-06 0.0063437890027005011 0.0002694773740801789 -0.0096510625909610372 0.00079716162752781141 0.004926269572253574 0.0126209604734146 -0.0043916850142102747 0.0049842392653672062 0.010634373135087057 -0.0034067988285255099 -0.009291935660517012 0.0024438014208234432 -0.0050350524643520134 -0.0104728120566431 -0.0022955244211811808 0.0039549289625600307 0.013752842062447654 -0.0042655649430630481 0.0086476030563674821 -0.0064588052988123375 0.013600668187928112 -3.3364750153061374e-05 -0.0014749861559442648 -0.0035699390118026915 0.0050863427711844225 -0.00020806705193983149 -0.0048682489073325862 0.0039103147069703874 0.010154763448436402
leaf_weight=53 258813 53 72 189 74 96 89 51 61 65 56 125 218 365 70 1642 75 85 113 117 192 53 250 62 54 90 295 155 132 217
leaf_count=53 258813 53 72 189 74 96 89 51 61 65 56 125 218 365 70 1642 75 85 113 117 192 53 250 62 54 90 295 155 132 217
internal_value=6.07294e-07 -0.000905396 -0.000698192 -0.00512397 0.00251309 -9.04965e-05 0.00608696 -0.004 -0.000968096 -0.00411371 -0.00717949 -0.0100552 -0.000746584 0.000623427 -0.00156509 -0.00180593 0.000104713 0.000734464 -0.00025099 0.000885094 -0.000834913 0.0065625 0.00223881 -0.00257443 0.00111651 0.00465278 0.00241888 0.00368421 0.000383276 0.00586207
internal_weight=263982 5169 4927 242 382 221 161 125 4545 299 234 181 4246 1588 2658 2597 955 885 757 644 527 128 335 571 206 144 1017 722 287 435
internal_count=263982 5169 4927 242 382 221 161 125 4545 299 234 181 4246 1588 2658 2597 955 885 757 644 527 128 335 571 206 144 1017 722 287 435
is_linear=0
shrinkage=0.05


Tree=225
num_leaves=31
num_cat=0
split_feature=16 2 24 27 21 19 12 6 28 12 24 24 12 1 24 7 19 27 21 21 21 3 3 11 17 11 11 21 21 22
split_gain=1.75187 4.01925 3.68375 3.42126 4.22718 5.45892 3.43215 2.98348 2.84119 3.63256 3.05302 5.19798 2.79583 2.71592 2.4883 2.53673 2.38809 3.09934 2.612 4.75483 2.3743 2.34626 2.3162 2.28369 2.65763 2.27803 3.17145 3.16951 3.19265 2.76868
threshold=2.5910601580427728 -0.78075126073626044 18.500000000000004 2.5000000000000004 30.500000000000004 45.276785475397041 2.1420221117422824 0.78692055768502434 15.500000000000002 4.0891328792704167 15.500000000000002 11.500000000000002 3.5813617883888722 117.00000000000001 20.500000000000004 0.5196312966465132 22.369346767636817 20.500000000000004 29.500000000000004 30.500000000000004 27.500000000000004 -0.64078258289947654 -0.94237699684084697 0.13779891329200353 2.5000000000000004 0.088008169148439314 0.03502285097609234 27.500000000000004 34.500000000000007 23.500000000000004
decision_type=2 2 2 2 2 2 2 2 2 2 2 2 2 2 2 2 2 2 2 2 2 2 2 2 2 2 2 2 2 2
left_child=1 3 -2 4 5 -1 7 -5 9 12 11 -10 22 16 15 -15 17 -4 -18 -20 -16 -21 -8 24 -9 26 27 -26 29 -29
right_child=2 -3 13 6 -6 -7 8 23 10 -11 -12 -13 -14 14 20 -17 18 -19 19 21 -22 -23 -24 -25 25 -27 -28 28 -30 -31
leaf_value=0.0036633977027222793 4.1981334915896276e-05 -2.844491133477441e-05 0.00013442492733196275 0.0015744573142862268 0.0001861202258370088 0.0014118259774581398 0.00026360626443807208 0.0014292541457593903 0.00066793264815722851 -2.1776167770554196e-06 0.00061956643591093267 -0.0021929667890997059 0.0025128362713876268 0.0018257406555643896 -0.0010091994678589524 -0.00085310634871835905 -0.000763158436988512 0.004444174479109368 0.0022301167880069447 0.0009048506879512987 -0.00018673059300949082 -0.00042539409233515477 0.0015215708756707294 -3.1655414008593874e-05 -0.0027163062863333662 0.00045743219498507634 -0.00047263101976604866 0.0011320352667234584 -0.00090249159000063489 -0.00057806284217485628
leaf_weight=242 16491 204671 62 300 842 453 413 68 460 561 886 430 164 65 718 1852 133 55 103 126 11366 194 719 17138 97 1903 1052 1189 492 424
leaf_count=242 16491 204671 62 300 842 453 413 68 460 561 886 430 164 65 718 1852 133 55 103 126 11366 194 719 17138 97 1903 1052 1189 492 424
internal_value=-3.46256e-05 1.25601e-05 -0.000386651 0.000576296 0.00286923 0.0057554 0.000442274 0.000213565 0.00186898 0.0032364 0.00043919 -0.00162921 0.00469136 -0.000962926 -0.00111206 -0.0027856 0.00213967 0.00863248 0.000773382 0.00269504 -0.000846573 -0.000312499 0.00380742 0.000147119 0.0010622 0.000932714 0.000129073 0.00120799 0.0016152 0.00269064
internal_weight=263669 232504 31165 27833 1537 695 26296 22663 3633 1857 1776 890 1296 14674 14001 1917 673 117 556 423 12084 320 1132 22363 5225 5157 3254 2202 2105 1613
internal_count=263669 232504 31165 27833 1537 695 26296 22663 3633 1857 1776 890 1296 14674 14001 1917 673 117 556 423 12084 320 1132 22363 5225 5157 3254 2202 2105 1613
is_linear=0
shrinkage=0.05


Tree=226
num_leaves=31
num_cat=0
split_feature=29 0 24 21 27 21 29 21 29 26 24 13 24 12 21 27 12 28 0 3 4 0 7 28 11 0 4 24 1 22
split_gain=1.25743 3.40165 3.83855 5.42379 4.94975 5.49637 4.71343 4.4785 5.42679 4.46477 4.45652 4.18513 6.1551 5.11366 3.69057 3.79733 3.49902 3.2565 3.08153 2.97484 2.95736 5.23339 3.10131 3.26285 3.16672 3.04779 4.18932 4.16499 4.03576 3.21907
threshold=-0.79697630201178449 4.7324720776733296 14.500000000000002 33.500000000000007 11.500000000000002 33.500000000000007 -1.7690543140210224 40.500000000000007 -2.3675210365522781 1.0000000180025095e-35 25.500000000000004 0.22035102057653758 4.5000000000000009 0.17822859839754898 31.500000000000004 35.500000000000007 5.0324846378144983 26.500000000000004 4.6717755082532104 -1.0179791548829977 -0.34407718751228883 4.9097895749028941 0.31469601628765631 28.500000000000004 0.35944718734222941 4.8696986285031327 -0.53144464011021608 14.500000000000002 169.00000000000003 10.500000000000002
decision_type=2 2 2 2 2 2 2 2 2 2 2 2 2 2 2 2 2 2 2 2 2 2 2 2 2 2 2 2 2 2
left_child=1 2 3 9 5 10 -5 8 -6 11 -4 12 13 -1 16 -16 -10 -12 -13 -9 25 -22 -23 -24 -25 26 28 -28 -3 -30
right_child=-2 20 4 6 7 -7 -8 19 14 -11 17 18 -14 -15 15 -17 -18 -19 -20 -21 21 22 23 24 -26 -27 27 -29 29 -31
leaf_value=0.0015939980892592674 -3.0259148876618027e-05 0.0017590109791407395 0.0015149347850961161 0.0029155315704145254 0.0026306042890004212 -0.00031190627685444457 -0.0004686496347576114 -0.00016918500271460304 -2.0503572492395859e-05 -0.024522854290143434 -0.0015117274813070522 -0.0022252736023150158 -0.0068475105004073451 -0.0009534937575236814 -0.0010318034141719239 0.0014632528114683172 0.0026025922300672252 0.0019198229262232384 0.0010034912938955535 0.0032977791960861879 -0.0014416913028939173 0.0010759228821173535 -9.07701728886914e-05 0.00036239077919721947 0.0019166598236159329 0.00071822515404953513 -0.0032271653949646917 0.00051106178537994559 0.00078076914859712436 8.6875707787838275e-06
leaf_weight=106 220031 839 1923 1093 204 1108 1566 136 4146 361 268 2437 2260 198 2851 188 121 93 1672 312 1448 483 5738 686 222 3184 1349 559 3056 5287
leaf_count=106 220031 839 1923 1093 204 1108 1566 136 4146 361 268 2437 2260 198 2851 188 121 93 1672 312 1448 483 5738 686 222 3184 1349 559 3056 5287
internal_value=-3.08788e-05 0.00021347 -0.000245211 -0.000975961 0.000378856 0.00197819 0.000947726 -0.000302839 -0.000592542 -0.00170315 0.00338004 -0.00141016 -0.00299532 0.00368421 -0.000817135 -0.00214873 0.000131241 -0.00171745 -0.000421026 0.00455357 0.00063586 -9.79351e-05 0.000458691 0.000177552 0.00296256 0.00107678 0.000685303 -0.00144654 0.0011283 0.000795878
internal_weight=263925 43894 21043 9693 11350 3392 2659 7958 7510 7034 2284 6673 2564 304 7306 3039 4267 361 4109 448 22851 8577 7129 6646 908 14274 11090 1908 9182 8343
internal_count=263925 43894 21043 9693 11350 3392 2659 7958 7510 7034 2284 6673 2564 304 7306 3039 4267 361 4109 448 22851 8577 7129 6646 908 14274 11090 1908 9182 8343
is_linear=0
shrinkage=0.05


Tree=227
num_leaves=31
num_cat=0
split_feature=28 17 28 28 29 0 27 29 18 22 27 28 0 7 1 19 3 1 24 1 28 22 16 13 13 0 7 1 1 0
split_gain=1.62178 1.2314 2.60605 2.94724 2.94412 4.37283 3.27722 2.77514 2.60328 3.39396 3.20662 2.98647 3.35699 3.14037 3.56574 2.91823 3.3369 2.73247 3.53572 2.40447 2.35842 3.11312 2.9975 2.4906 3.54755 2.80104 3.28124 2.34598 2.43808 2.30855
threshold=54.500000000000007 6.5000000000000009 37.500000000000007 33.500000000000007 -1.3267258088422953 4.8812865822448641 1.5000000000000002 -0.088663157652350291 5.7830916203520326 9.5000000000000018 15.500000000000002 30.500000000000004 4.5923386465912319 0.88890360102877197 97.000000000000014 30.993730150117567 0.018314494303103428 109.00000000000001 19.500000000000004 157.00000000000003 1.0000000180025095e-35 17.500000000000004 5.2250839448840321 0.75358390164292444 0.55139799909330434 4.9665426635412357 0.4506491335834833 113.00000000000001 197.00000000000003 5.1022775351308658
decision_type=2 2 2 2 2 2 2 2 2 2 2 2 2 2 2 2 2 2 2 2 2 2 2 2 2 2 2 2 2 2
left_child=1 2 3 -1 6 -6 -5 -4 11 10 -10 12 13 14 -3 20 -17 18 -16 -19 -14 22 -22 24 25 26 -23 -27 -29 -18
right_child=-2 8 7 4 5 -7 -8 -9 9 -11 -12 -13 15 -15 17 16 29 19 -20 -21 21 23 -24 -25 -26 27 -28 28 -30 -31
leaf_value=-6.7324184710957163e-06 0.004980600929313783 -0.00023454880203577081 -0.00096759386490633491 0.005451169606918097 -0.00073991531713102408 0.00044310204475736417 0.00078870105170349364 0.00062619551518412449 0.00018583047085981905 0.00016886429086791519 -0.00073124839685860771 -0.00060434064034606532 -0.0016604538929844794 -0.0035648676471693565 0.003030265751978773 0.00011806612883190314 0.0019832667628233757 0.0020197429353597915 0.0035713417689759125 0.0010172256399926735 0.00067587329427595605 -0.0024281896955353661 0.0037907013783229902 0.00097513818962830347 -0.0077135888748128814 -0.000823111711027951 -0.00049346859643178422 0.0013188069982015328 -0.0015906047733746658 0.0012985877055596221
leaf_weight=222680 54 277 531 84 726 946 312 76 4286 18677 5969 691 243 80 84 180 105 492 58 82 3216 132 57 545 133 683 615 1106 319 92
leaf_count=222680 54 277 531 84 726 946 312 76 4286 18677 5969 691 243 80 84 180 105 492 58 82 3216 132 57 545 133 683 615 1106 319 92
internal_value=3.95791e-05 3.78034e-05 -6.65497e-06 2.18141e-06 0.00188105 0.00096292 0.00575758 -0.00327842 0.000300615 6.77462e-05 -0.00066309 0.00103373 0.00129074 0.00390494 0.00467271 0.00091301 0.00519894 0.00653631 0.0127465 0.005 0.000683786 0.000856598 0.00196762 -0.000172657 -0.000739624 -0.000367775 -0.00299866 0.000564517 0.0017193 0.00969543
internal_weight=263531 263477 225355 224748 2068 1672 396 607 38122 28932 10255 9190 8499 1073 993 7426 377 716 142 574 7049 6806 3273 3533 2988 2855 747 2108 1425 197
internal_count=263531 263477 225355 224748 2068 1672 396 607 38122 28932 10255 9190 8499 1073 993 7426 377 716 142 574 7049 6806 3273 3533 2988 2855 747 2108 1425 197
is_linear=0
shrinkage=0.05


Tree=228
num_leaves=31
num_cat=0
split_feature=22 27 2 24 29 18 6 22 14 16 6 19 5 27 4 5 29 0 19 0 27 5 0 24 1 29 27 18 24 29
split_gain=1.34746 5.16337 4.32549 4.87359 3.13629 4.25171 3.22647 2.74368 3.25809 4.59588 3.25255 3.9079 4.07792 2.72173 2.69593 2.96518 2.77357 2.5697 2.55763 3.19135 5.4757 2.47888 2.3291 3.47739 2.79794 2.22843 2.22391 2.78452 2.22228 2.02311
threshold=9.5000000000000018 21.500000000000004 -0.0038155840165167878 2.5000000000000004 -1.1041871305606306 1.390733452337042 0.0093013831142493061 3.5000000000000004 2.1081324569318554 0.52050345751067761 0.077457843849513305 49.138707003432394 0.7103432039503933 23.500000000000004 0.055454571609730628 2.9804490709113423 -0.64858629318584227 5.6136670051882271 0.12425885854174255 4.898897116514747 18.500000000000004 0.5218132257820286 4.7170695814152301 7.5000000000000009 245.00000000000003 -0.05592271813214527 24.500000000000004 16.877027262905322 6.5000000000000009 -3.1903952382278615
decision_type=2 2 2 2 2 2 2 2 2 2 2 2 2 2 2 2 2 2 2 2 2 2 2 2 2 2 2 2 2 2
left_child=1 17 4 -4 5 -3 -6 -8 10 -10 28 12 26 -7 16 -16 -14 -1 19 20 -2 -19 24 -24 -5 -11 27 -12 -9 -20
right_child=18 2 3 22 6 13 7 8 9 25 11 -13 14 -15 15 -17 -18 21 29 -21 -22 -23 23 -25 -26 -27 -28 -29 -30 -31
leaf_value=4.2373902836342182e-05 -0.00025864075254980701 0.001641120620659127 -9.2267375019486388e-05 0.00053139170910814968 -0.00029500897986471414 0.00097399815583079467 -0.00048128569573975045 -0.0002500789941864732 0.0013243136977297131 -0.00076602585068464429 -0.0014553133270475116 -0.00040503316344175569 -0.0003140373357992258 -0.00036803476259102645 -0.006972397552291335 0.00045630488303932703 0.00083916255807949067 -0.0043067399332088942 -0.00091915481491652374 0.00012639516120119113 -0.0038380724180790853 -0.0009752551750049648 0.00013615356269810171 -3.8968085144906286e-05 5.8683536678848565e-05 0.00021073591801653199 -0.0036726088972411312 0.010164014045091886 -3.5617307442806688e-05 4.9768081842563341e-05
leaf_weight=64085 663 299 72 79 81 402 4684 170 64 2777 78 2163 415 1964 70 134 1667 557 2164 1002 468 2694 125 136 57 566 302 63 157 175534
leaf_count=64085 663 299 72 79 81 402 4684 170 64 2777 78 2163 415 1964 70 134 1667 557 2164 1002 468 2694 125 136 57 566 302 63 157 175534
internal_value=-1.66742e-06 -0.00016718 -0.000959152 0.00377399 -0.00109741 0.000469044 -0.00140915 -0.00134861 -0.000819614 -0.00202231 -3.44882e-05 0.000288227 0.00154636 -0.000240912 0.0023972 -0.00308823 0.00293468 2.71783e-05 7.55165e-05 -0.00164557 -0.00346596 -0.0013442 0.00594459 0.00318008 0.01125 -0.0022764 -0.00284424 0.00234043 -0.00486238 9.61756e-05
internal_weight=263692 83861 16525 469 16056 2665 13391 13310 8626 3407 5219 4892 2729 2366 2286 204 2082 67336 179831 2133 1131 3251 397 261 136 3343 443 141 327 177698
internal_count=263692 83861 16525 469 16056 2665 13391 13310 8626 3407 5219 4892 2729 2366 2286 204 2082 67336 179831 2133 1131 3251 397 261 136 3343 443 141 327 177698
is_linear=0
shrinkage=0.05


Tree=229
num_leaves=31
num_cat=0
split_feature=16 4 8 29 21 18 27 4 4 14 15 21 1 3 13 13 22 6 18 22 6 5 1 1 23 16 6 2 29 22
split_gain=1.51568 2.31411 2.7765 2.03668 2.70747 2.61582 2.12161 1.98638 2.49167 2.55379 1.99979 2.12108 2.28527 1.97002 1.92869 2.20722 1.8878 1.86914 2.35851 2.04731 1.81988 2.15819 2.8453 2.4361 2.35324 1.78411 3.02284 2.09073 2.4514 2.56156
threshold=2.5351851135752379 0.006042335295931559 2.4258701659697661 -1.1598050193827298 30.500000000000004 11.878326864882235 9.5000000000000018 -0.20969438039806546 -0.14273078841449968 2.7473786043836914 4.5000000000000009 26.500000000000004 169.00000000000003 0.46213578783789483 0.57283921589929043 1.1777352775432564 16.500000000000004 0.81355751469847915 7.624087633135276 15.500000000000002 2.2115467421833706 1.2182538079649634 245.00000000000003 281.00000000000006 3.5000000000000004 2.4892822719059069 1.6692493121805818 -0.91797480838959411 -0.56603449248727311 9.5000000000000018
decision_type=2 2 2 2 2 2 2 2 2 2 2 2 2 2 2 2 2 2 2 2 2 2 2 2 2 2 2 2 2 2
left_child=25 2 3 4 5 -2 -7 10 17 16 11 12 -5 -3 -12 -16 -10 -9 19 -19 21 24 -23 -24 -8 -1 27 28 29 -27
right_child=1 13 -4 7 -6 6 20 8 9 -11 14 -13 -14 -15 15 -17 -18 18 -20 -21 -22 22 23 -25 -26 26 -28 -29 -30 -31
leaf_value=9.4459041245160402e-06 -0.0028371762110069826 -0.0012222896363951665 0.0027440232034347668 -0.0026798802148680157 0.0005072443434322707 -0.0012989004841994448 0.00015417798228149182 -0.00012801012862754702 0.0017929806090563475 -0.0003502782148557406 -0.0013918916116452157 -0.00014744473246864755 -0.00052756942121769308 0.0016310224840987153 0.0013990196128964363 -0.0013851308627333856 -0.00010107370224140486 0.002014631630154778 0.00061134135377618462 0.00068332017752175192 0.0027457200591584582 -0.00088083039392109906 0.0033387033942275505 -0.0014932042055063757 0.0051312799047947737 0.0043641078041497727 0.0024120997073711226 0.00089677715851519887 -0.0010251538633684054 -0.00042899196624053147
leaf_weight=230441 438 461 75 102 4689 1212 173 260 90 923 910 20546 256 53 183 138 82 74 461 84 136 501 121 54 138 62 87 562 177 136
leaf_count=230441 438 461 75 102 4689 1212 173 260 90 923 910 20546 256 53 183 138 82 74 461 84 136 501 121 54 138 62 87 562 177 136
internal_value=-7.96467e-06 -0.000329601 -0.000275547 -0.000298374 0.00042348 -0.000815001 -0.000149892 -0.000521796 0.000997975 -0.000593606 -0.000657329 -0.000542 -0.00435754 -0.00365759 -0.00261576 0.000716512 0.005 0.00298066 0.00447496 0.00974684 0.00141585 0.000668694 -0.000917159 0.00457143 0.00411576 3.67238e-05 0.00211914 0.00129136 -0.0016 0.00222222
internal_weight=263625 32160 31646 31571 7462 2773 2335 24109 1974 1095 22135 20904 358 514 1231 321 172 879 619 158 1123 987 676 175 311 231465 1024 937 375 198
internal_count=263625 32160 31646 31571 7462 2773 2335 24109 1974 1095 22135 20904 358 514 1231 321 172 879 619 158 1123 987 676 175 311 231465 1024 937 375 198
is_linear=0
shrinkage=0.05


Tree=230
num_leaves=31
num_cat=0
split_feature=3 0 0 4 12 0 24 8 2 8 12 16 15 24 2 2 17 0 6 19 16 0 19 11 12 19 24 24 16 3
split_gain=1.26454 2.23168 2.7599 3.72656 3.66191 3.24452 2.82203 4.45712 4.10569 2.80807 2.67903 2.5781 2.61647 4.05281 2.38147 2.23433 2.22672 2.19105 3.52405 2.95868 2.076 2.3639 1.99268 2.00752 1.98628 3.01601 2.44824 2.18279 1.99768 1.97481
threshold=0.13328619953335355 5.618241300218509 5.3011333813679853 0.18217412118880802 0.087331604679705091 5.5003400335032957 15.500000000000002 0.43764568573986556 0.20117340249301238 0.51682209357894993 1.3261992404697041 0.082375315979194383 9.5000000000000018 18.500000000000004 0.69342262819138556 -1.1192573320287642 7.5000000000000009 5.2626579170538763 0.4129676526543628 15.580832000692675 1.2130202552805487 5.5931903528767899 6.8172796720680022 0.088008169148439314 0.11755143222962317 31.550804026682815 30.500000000000004 21.500000000000004 0.26187469950685566 0.35388060286538209
decision_type=2 2 2 2 2 2 2 2 2 2 2 2 2 2 2 2 2 2 2 2 2 2 2 2 2 2 2 2 2 2
left_child=-1 2 4 6 29 10 7 22 20 -9 -5 -3 -13 -14 16 -6 -7 24 19 -19 21 -8 -4 -24 25 27 -26 -17 -27 -2
right_child=1 11 3 5 15 14 8 9 -10 -11 -12 12 13 -15 -16 17 -18 18 -20 -21 -22 -23 23 -25 26 28 -28 -29 -30 -31
leaf_value=1.0273603136015191e-05 3.0013490184113903e-05 -0.0055529581933564734 -0.0046298710591996303 0.0018685804065992893 -0.00071053246833571249 -0.00030058756161643798 0.0017080283169792502 -0.0055591471631807861 0.0047699830082376625 5.2918532825856581e-05 -0.0039682139411797357 -0.0014891290712877299 0.015337383514564812 -0.0059195828094111844 -0.0033154602514030187 -0.0070904578496097971 0.0048009539827680095 -0.0034386082410749461 -0.0064657044752762828 0.00086869863154471854 0.0078531176547951727 -0.0080404048063475887 0.011061849999841937 0.003582786614185666 -0.00016365189232973759 0.00040619329714752285 -0.0021603964134597102 -0.00075266639852432067 -0.0004102714287647317 0.00085724210183251858
leaf_weight=197760 2846 370 55 7453 366 29853 298 326 1270 1183 237 2949 59 61 1266 117 331 238 468 476 68 282 116 195 12805 212 460 64 665 759
leaf_count=197760 2846 370 55 7453 366 29853 298 326 1270 1183 237 2949 59 61 1266 117 331 238 468 476 68 282 116 195 12805 212 460 64 665 759
internal_value=-3.28506e-05 -0.000222633 -0.000154303 6.96446e-05 -0.000647976 -7.53693e-05 0.00156604 0.000186668 0.0029145 -0.00101392 0.000845255 -0.00146263 -0.000987291 0.00625 -0.000300476 -0.000974733 -0.000211369 -0.000883585 -0.00295262 -0.000742296 -0.000324073 -0.0012931 0.00513661 0.0066881 -0.000712838 -0.00279773 -0.00054655 -0.00867403 -0.00158495 0.00079057
internal_weight=263608 65848 62409 42933 19476 39140 3793 1875 1918 1509 7690 3439 3069 120 31450 15871 30184 15505 1182 714 648 580 366 311 14323 1058 13265 181 877 3605
internal_count=263608 65848 62409 42933 19476 39140 3793 1875 1918 1509 7690 3439 3069 120 31450 15871 30184 15505 1182 714 648 580 366 311 14323 1058 13265 181 877 3605
is_linear=0
shrinkage=0.05


Tree=231
num_leaves=31
num_cat=0
split_feature=24 28 29 20 0 1 3 29 3 17 0 29 0 4 9 28 22 17 0 0 5 0 0 28 8 24 29 5 7 23
split_gain=1.53386 6.45377 5.1555 4.54792 3.2931 2.90551 3.94623 4.64251 3.53145 3.06445 2.8058 2.78928 5.05195 4.31105 4.91892 3.89753 5.2287 3.41447 2.70802 2.7404 2.92596 3.80556 2.84869 3.1437 2.43152 2.38821 2.36761 2.27836 2.25994 3.36465
threshold=28.500000000000004 11.500000000000002 -0.62662308157277502 0.3948836546645465 4.4439066730957402 281.00000000000006 -1.2191137675399151 -1.2877420863276781 -0.89745021559209626 5.5000000000000009 4.7229765984487448 0.48199358273701259 5.618241300218509 0.052639173058903331 0.50962075634267412 6.5000000000000009 24.500000000000004 4.5000000000000009 5.2192758234586298 4.7867880060511725 4.3892368686248622 4.5486059994538381 4.9798296441859744 19.500000000000004 0.98445320424864191 30.500000000000004 -1.1041871305606306 1.6129722275535059 0.37928009152671244 5.5000000000000009
decision_type=2 2 2 2 2 2 2 2 2 2 2 2 2 2 2 2 2 2 2 2 2 2 2 2 2 2 2 2 2 2
left_child=-1 2 3 5 -5 6 7 -2 -7 -10 -9 15 13 14 -13 24 25 -15 19 20 21 26 23 -21 -4 -17 -3 -25 29 -19
right_child=1 18 11 4 -6 8 -8 10 9 -11 -12 12 -14 17 -16 16 -18 28 -20 22 -22 -23 -24 27 -26 -27 -28 -29 -30 -31
leaf_value=1.3711991062805096e-05 0.0042244914461340936 -0.0012246731476529514 8.1748963217603081e-05 -0.010567367956692025 2.1246444013955534e-06 0.00088847018093515015 0.00035738615414432936 -0.0010720222017005629 0.0027607368680564182 0.0018017348140098946 0.0017878807103688264 -0.00043207778485394085 -0.014773167825835352 -0.008935336745878944 0.0086531749036949813 3.7378622317686254e-05 -0.0013524567493557096 -0.0055177219313986949 0.0005817953307108725 -0.0014297730853138106 -0.00691549554633605 -0.00052183802497722965 -0.0001823815103570531 -0.0010331286100343953 0.0031479963576500469 -0.00057061415068855386 0.0026374973137685566 0.00034013165482388297 0.012228599998801474 0.0038433839712012766
leaf_weight=237157 72 50 13841 113 519 189 1504 115 88 54 69 288 68 424 116 1792 611 539 72 627 86 2747 1145 430 200 533 307 216 103 65
leaf_count=237157 72 50 13841 113 519 189 1504 115 88 54 69 288 68 424 116 1792 611 539 72 627 86 2747 1145 430 200 533 307 216 103 65
internal_value=-2.64892e-06 -0.000359855 3.94323e-05 0.00207125 -0.00164557 0.00319464 0.00238636 0.008125 0.00749245 0.0134507 0.00391304 -0.000258341 -0.00225203 -0.00166124 0.00277228 -7.00936e-05 -0.00172684 -0.00324491 -0.00185739 -0.0019811 -0.00101881 -0.000766751 -0.00325062 -0.00487824 0.000276335 -0.00064516 0.00408964 -0.00243034 -0.0011174 -0.00228477
internal_weight=264140 26983 21303 2723 632 2091 1760 256 331 142 184 18580 1603 1535 404 16977 2936 1131 5680 5608 3190 3104 2418 1273 14041 2325 357 646 707 604
internal_count=264140 26983 21303 2723 632 2091 1760 256 331 142 184 18580 1603 1535 404 16977 2936 1131 5680 5608 3190 3104 2418 1273 14041 2325 357 646 707 604
is_linear=0
shrinkage=0.05


Tree=232
num_leaves=31
num_cat=0
split_feature=19 18 27 1 0 28 18 0 18 11 2 11 19 2 15 7 19 0 2 18 9 7 11 13 27 19 1 27 2 16
split_gain=1.15819 3.86466 3.46706 4.03644 9.48105 6.16023 4.17396 3.64207 4.61746 4.78626 3.50252 4.21556 3.51878 3.75214 3.39856 2.93801 2.92011 6.52821 3.17974 3.60584 3.98179 2.89479 2.85956 2.85811 2.83224 3.13056 2.81937 2.77108 2.77289 2.7546
threshold=59.99486014821899 10.174782549762595 27.500000000000004 233.00000000000003 4.6948551260747839 11.500000000000002 11.269544797355497 4.5724882964329003 15.13058039051147 0.19837360080459365 -0.076187820967903677 0.22168195810257485 35.899440369755844 -0.95219010203812959 13.500000000000002 0.95438331106223684 31.550804026682815 4.8255613764400245 -0.098672647007819927 8.3094588104853688 0.55691207746232552 0.41486821413055597 0.089873601561975755 0.047099801587087466 19.500000000000004 44.203173123004881 285.00000000000006 25.500000000000004 -1.2070313515381357 0.032839772986434708
decision_type=2 2 2 2 2 2 2 2 2 2 2 2 2 2 2 2 2 2 2 2 2 2 2 2 2 2 2 2 2 2
left_child=1 16 3 -3 5 7 -6 15 10 -10 11 -9 -13 -14 24 -5 -1 27 19 20 -19 23 -2 -4 25 -7 -23 28 -18 -16
right_child=22 2 21 4 6 14 -8 8 9 -11 -12 12 13 -15 29 -17 17 18 -20 -21 -22 26 -24 -25 -26 -27 -28 -29 -30 -31
leaf_value=-1.9254435642773553e-05 -0.0001378244292981913 -0.00032740885149005789 -0.0053487359383182081 0.0009106530423747402 0.00077948316831754315 0.0020627912585006237 -0.00075387840397737383 0.0017478360634486487 -0.0024380141908904697 0.0012776519601411008 -0.00017268064580827939 -0.0018215042094425619 0.0022996035102233353 -0.0010767274666117072 0.00033915238680979856 0.0039900703876620397 0.0017969966502087609 0.0003647643235364297 -0.00023463338855775676 -0.00016375837582069869 -0.00016704555865297782 -0.0010508044348257926 8.7232629886914513e-05 0.0037026665945007588 -0.0028033604098441868 -0.00024203137841939142 -0.0044985635490790345 0.0010928344091493591 0.00045548523609743207 -0.0044956489698046885
leaf_weight=146372 11199 20685 71 94 680 821 2478 404 153 285 111 90 94 51 86 67 306 4446 3636 2029 1067 4240 60689 235 166 644 142 455 1959 118
leaf_count=146372 11199 20685 71 94 680 821 2478 404 153 285 111 90 94 51 86 67 306 4446 3636 2029 1067 4240 60689 235 166 644 142 455 1959 118
internal_value=-2.31053e-06 -6.64102e-05 -0.000570707 -0.000352979 0.000750553 0.00267588 -0.00119063 0.00524092 0.00428451 0.000205481 0.00666667 0.00809077 0.00276596 0.00758621 0.000790192 0.0122981 3.33824e-05 0.000726005 0.000191449 0.000776983 0.00144023 -0.00182594 0.000168875 0.00287582 0.0015512 0.00225256 -0.00215427 0.0029228 0.00220751 -0.00529412
internal_weight=263873 191985 31715 27027 6342 3184 3158 1349 1188 438 750 639 235 145 1835 161 160270 13898 11178 7542 5513 4688 71888 306 1631 1465 4382 2720 2265 204
internal_count=263873 191985 31715 27027 6342 3184 3158 1349 1188 438 750 639 235 145 1835 161 160270 13898 11178 7542 5513 4688 71888 306 1631 1465 4382 2720 2265 204
is_linear=0
shrinkage=0.05


Tree=233
num_leaves=31
num_cat=0
split_feature=6 7 12 15 29 28 24 29 24 11 0 29 24 2 0 22 27 27 17 16 19 11 0 3 28 22 16 16 18 19
split_gain=1.18502 2.32237 1.75483 3.76702 4.02175 2.52455 2.21096 1.93997 1.93246 1.75292 2.52417 1.72316 2.23911 1.74029 3.00116 2.68863 3.55749 2.60194 2.52991 2.35476 2.21044 2.13375 3.29218 6.53869 4.5055 2.75963 2.53589 2.71344 3.87866 2.72618
threshold=0.094806816002675501 1.1508796095111256 0.054980287780249888 11.500000000000002 0.20559250476795057 25.500000000000004 13.500000000000002 4.4656086771559433 4.5000000000000009 0.21301115849030106 4.9296208115160445 0.57969437983252536 7.5000000000000009 -0.024683391553195742 4.6851294144313123 18.500000000000004 6.5000000000000009 12.500000000000002 6.5000000000000009 0.45766233733023864 13.759178522325618 0.052373331628732138 4.8638827521613406 -0.52262404658858341 10.500000000000002 11.500000000000002 0.12191692464471658 0.058395320373167546 0.096941918992014112 35.463656612219623
decision_type=2 2 2 2 2 2 2 2 2 2 2 2 2 2 2 2 2 2 2 2 2 2 2 2 2 2 2 2 2 2
left_child=1 2 7 -4 5 -5 -7 9 -6 11 -11 13 -13 17 15 16 18 -1 -15 -18 -17 26 24 -24 -23 -25 27 29 -29 -19
right_child=-2 -3 3 4 8 6 -8 -9 -10 10 -12 12 -14 14 -16 20 19 21 -20 -21 -22 22 23 25 -26 -27 -28 28 -30 -31
leaf_value=-3.83673294645424e-05 1.961105554130273e-05 0.0010194040163848627 -0.0002619215965648923 0.0008175440430519932 0.0027969491603655207 0.0017861940148643754 -0.001394600540712022 0.00061301107851153202 -0.002799115110591964 -0.00030677405982058029 0.0019134720331931362 -4.8825255006732833e-05 -0.0077432654282686688 -0.018991679107436869 8.9539566259836459e-07 -0.0033859550295109557 -4.0897366473362017e-05 -6.1790474698367219e-05 5.0596064142549712e-05 0.00081983411162206117 -0.0048439778134163197 0.0011860991979426748 -0.001819002352497965 -0.0011537417162944565 -0.0026464733595641639 0.00098759501483122519 -0.00066097856285872599 -0.00022075122733685671 0.0010448762505917847 -0.0012526793666892432
leaf_weight=1037 250782 329 2181 1175 50 108 120 326 265 191 133 194 259 76 4339 143 262 166 55 77 124 80 151 65 63 153 762 63 94 103
leaf_count=1037 250782 329 2181 1175 50 108 120 326 265 191 133 194 259 76 4339 143 262 166 55 77 124 80 151 65 63 153 762 63 94 103
internal_value=2.3038e-05 -0.000439743 -0.000546234 0.00033855 0.00208964 0.00323592 -0.00157895 -0.000933153 -0.00301587 -0.00107683 0.00253087 -0.00121824 -0.00421633 -0.00104441 -0.000496453 -0.0034464 -0.00117021 -0.00206065 -0.00816794 0.00153392 -0.00745318 -0.0032647 -0.000566405 -0.00306233 0.00587413 0.00247707 -0.00442761 -0.00133803 0.00388535 -0.00438662
internal_weight=263926 13144 12815 3899 1718 1403 228 8916 315 8590 324 8266 453 7813 5076 737 470 2737 131 339 267 1700 512 369 143 218 1188 426 157 269
internal_count=263926 13144 12815 3899 1718 1403 228 8916 315 8590 324 8266 453 7813 5076 737 470 2737 131 339 267 1700 512 369 143 218 1188 426 157 269
is_linear=0
shrinkage=0.05


Tree=234
num_leaves=31
num_cat=0
split_feature=24 28 8 21 7 3 17 21 22 1 5 1 19 23 7 27 22 29 29 23 5 3 16 5 16 13 6 23 16 6
split_gain=1.2697 5.12039 4.2115 4.53062 5.25325 3.81245 3.56845 4.67637 4.8002 6.87616 4.31979 3.85024 4.88586 4.19078 3.43653 3.134 2.86314 2.77565 2.74049 2.90926 2.73411 2.57427 2.82304 2.99722 2.46528 2.22844 2.57209 2.91363 2.70764 2.59632
threshold=28.500000000000004 6.5000000000000009 0.55999182709336359 31.500000000000004 0.36255532773163052 -1.1361709548301651 9.5000000000000018 28.500000000000004 3.5000000000000004 245.00000000000003 1.1460705101752222 129.00000000000003 55.740029803517508 4.5000000000000009 0.59367885758365302 29.500000000000004 13.500000000000002 -1.1313414534795427 0.48199358273701259 5.5000000000000009 2.2697029209294435 -0.95082187666358509 0.59138538078949954 0.77255834920795341 4.4155177645442141 0.15122385667250698 0.44796431123003039 4.5000000000000009 0.37836458842669812 0.7532791549682113
decision_type=2 2 2 2 2 2 2 2 2 2 2 2 2 2 2 2 2 2 2 2 2 2 2 2 2 2 2 2 2 2
left_child=-1 2 3 5 -5 17 7 21 -9 11 -11 12 -10 -13 18 -6 24 -2 25 -20 -19 -7 23 -23 -3 -4 27 -27 -28 -30
right_child=1 16 14 4 15 6 -8 8 9 10 -12 13 -14 -15 -16 -17 -18 20 19 -21 -22 22 -24 -25 -26 26 28 -29 29 -31
leaf_value=2.6085225832572117e-05 0.0031186162729197288 2.787691088282706e-06 -0.0028749531474596742 0.0036403134810975499 -0.0033187959359880096 -0.00088066219316172548 -0.001370023475668644 -0.00022444460341580964 0.0024838914899425932 0.002570363842599965 0.0017220660964285086 0.00078864141528690857 1.6612266308377632e-05 -0.001630976891416668 0.0053062514309752092 -0.00031637640094224289 -0.00043603015428658303 0.001554511070637478 -0.0069628095244818351 0.0035406111883950781 -0.00026266123386941637 0.00056894814244622138 0.0014634120851075463 -0.00091635537417678265 -0.0012344856177281122 0.0023594282653781008 0.0013707060785736896 -0.0046715518431995791 -0.0022648488770968095 -0.0080448817290828499
leaf_weight=236289 54 4493 1711 51 246 229 1087 253 160 61 240 603 118 182 165 729 5025 330 779 110 126 3710 1991 483 416 1858 460 354 1023 110
leaf_count=236289 54 4493 1711 51 246 229 1087 253 160 61 240 603 118 182 165 729 5025 330 779 110 126 3710 1991 483 416 1858 460 354 1023 110
internal_value=3.69348e-05 -0.000286849 0.000234571 0.000848588 -0.00230994 0.00118521 0.000949875 0.00131382 0.00371676 0.00489003 0.0115615 0.00300094 0.00805756 0.00121019 -0.000761034 -0.0031282 -0.00119086 0.00539216 -0.000944573 -0.00352081 0.00412281 0.000707938 0.000900713 0.000164561 -0.000332042 -0.000529368 0.000144548 0.00124774 -0.00138732 -0.00270079
internal_weight=263446 27157 17223 10653 1026 9627 9117 8030 1617 1364 301 1063 278 785 6570 975 9934 510 6405 889 456 6413 6184 4193 4909 5516 3805 2212 1593 1133
internal_count=263446 27157 17223 10653 1026 9627 9117 8030 1617 1364 301 1063 278 785 6570 975 9934 510 6405 889 456 6413 6184 4193 4909 5516 3805 2212 1593 1133
is_linear=0
shrinkage=0.05


Tree=235
num_leaves=31
num_cat=0
split_feature=6 3 1 0 28 29 18 5 4 29 13 21 5 4 16 18 16 23 3 3 28 27 2 18 18 12 5 5 7 16
split_gain=1.41584 2.6942 3.47895 2.09514 2.39683 2.40696 3.30483 2.73411 3.48945 2.58385 2.34402 2.81706 2.35727 1.99744 2.3954 1.97886 1.91938 1.85623 2.11892 3.04295 1.84658 2.89028 3.29829 1.84576 1.77514 1.71503 1.68856 1.68703 1.60198 2.64075
threshold=0.071444036019819121 -1.0282067125303618 285.00000000000006 4.7985492905656644 24.500000000000004 -0.68361147894660335 33.936927570327789 2.0939217757954247 -0.34407718751228883 -0.87527059907807514 0.068233062348125359 30.500000000000004 0.53674640719026689 -0.5230896941165869 0.11740296863049494 0.032754806929359996 0.11740296863049494 1.5000000000000002 -0.43272022263809173 -0.027839787656077655 2.5000000000000004 19.500000000000004 -0.043598602390772297 19.505212689514291 0.0070113683993069213 0.054980287780249888 1.5688935686757868 0.63468627965869262 0.59367885758365302 0.043557095429969162
decision_type=2 2 2 2 2 2 2 2 2 2 2 2 2 2 2 2 2 2 2 2 2 2 2 2 2 2 2 2 2 2
left_child=1 -1 3 4 5 9 7 8 20 -3 11 17 -12 14 -13 -10 -9 18 28 -20 -7 22 -22 -15 -19 -26 -27 -6 -5 -30
right_child=-2 2 -4 10 27 6 -8 16 15 -11 12 13 -14 23 -16 -17 -18 24 19 -21 21 -23 -24 -25 25 26 -28 -29 29 -31
leaf_value=0.00064812861081189378 -4.5403690887436986e-06 -8.9752700225726812e-05 -0.00036500413551033255 -0.00020929626983360043 0.00029300734280677252 7.8736192741362746e-05 0.0044232211886313403 -0.0003732946926147277 0.00094928955140888564 0.0013932484820943041 0.0036255298519217057 -0.00046351406671052328 -0.00071164484226117486 -0.0002053473788080012 0.0018375977953889293 -0.00024082723672490147 0.0016306779329499717 0.00094799379076964643 0.0019674848728242073 0.0009110691064338881 0.0015433140497042217 -0.00066282675637915737 -0.0015585331009501744 0.00099110013010666911 -8.6780499604758408e-05 0.0027912742197881164 -0.00049196008368764769 -0.0043144660083545604 0.0025275915873631321 4.2641816453858379e-05
leaf_weight=559 254772 390 141 127 97 84 65 56 67 166 129 68 777 2753 111 100 53 167 72 164 60 331 262 200 1135 167 86 468 72 202
leaf_count=559 254772 390 141 127 97 84 65 56 67 166 129 68 777 2753 111 100 53 167 72 164 60 331 262 200 1135 167 86 468 72 202
internal_value=-3.22836e-05 -0.0006441 -0.000863476 -0.000733182 -0.00206003 -0.00108935 -0.00246753 -0.0031688 -0.0040708 0.00158274 -0.000264846 0.000135238 -0.00261589 -0.000826946 0.00430168 0.00245509 0.00431193 0.00151004 0.00378336 0.00754237 -0.00554952 -0.00644717 -0.00307453 -0.00113782 0.000578779 -7.20342e-06 0.00371542 -0.00486726 0.00157107 0.00372263
internal_weight=263901 9129 8570 8429 2199 1634 1078 1013 904 556 6230 5324 906 3132 179 167 109 2192 637 236 737 653 322 2953 1555 1388 253 565 401 274
internal_count=263901 9129 8570 8429 2199 1634 1078 1013 904 556 6230 5324 906 3132 179 167 109 2192 637 236 737 653 322 2953 1555 1388 253 565 401 274
is_linear=0
shrinkage=0.05


Tree=236
num_leaves=31
num_cat=0
split_feature=29 0 1 29 29 23 2 19 27 1 22 16 2 29 9 3 5 19 8 0 2 9 9 8 26 0 14 2 24 2
split_gain=1.2083 1.96427 3.55863 2.30367 3.03253 3.27982 3.9002 2.87645 2.78514 2.78272 3.23972 2.7809 2.62216 2.51282 4.29906 3.54953 2.49542 2.40753 3.18063 2.35646 2.33148 2.28941 3.25753 2.90999 2.69523 2.97876 2.23183 2.07218 2.06425 2.77293
threshold=-0.10383428234415885 5.556442008647335 145.00000000000003 0.081224778036616985 0.30638167750459183 3.5000000000000004 0.045986122874501843 17.434415974983946 1.5000000000000002 261.00000000000006 10.500000000000002 1.2816269913273468 0.3845157052508919 0.34574269584979694 0.57086983094539701 0.15678165421857307 0.97617926019025292 8.0285122994969864 0.5267744143635279 5.6049807601895782 0.098397233651417185 0.65400395528715227 0.61072111986262456 0.37905819029826265 1.0000000180025095e-35 5.5746383022120165 0.82681223679638671 0.029729724784469096 11.500000000000002 0.69342262819138556
decision_type=2 2 2 2 2 2 2 2 2 2 2 2 2 2 2 2 2 2 2 2 2 2 2 2 2 2 2 2 2 2
left_child=-1 -2 21 8 5 6 7 -5 11 10 12 16 20 14 15 -6 -4 -12 -19 -20 -8 22 23 -3 -25 -26 -10 -13 -15 -30
right_child=1 2 3 4 13 -7 9 -9 26 -11 17 27 -14 28 -16 -17 -18 18 19 -21 -22 -23 -24 24 25 -27 -28 -29 29 -31
leaf_value=-2.1542860635205597e-05 0.00011141549027929374 0.0035470998755382762 -0.0027425855204278923 0.0032364082777542645 -0.0047613279606375791 -0.0013197696301268742 -0.0070485248660622449 0.0095924185076664576 -0.016413945073961034 0.006228859609627292 0.007399706448620336 -0.0043614826104828863 -0.012309714846318192 0.00088565064823409019 -0.008241101413245619 0.0088179004853359676 0.0069723526261415703 -0.0022678812386812144 4.1276658362295053e-08 0.0040702560311172385 0.0012580452897003091 0.0030049082963295622 -0.002703537091779392 -0.00011921311495113165 -0.0033503850029020484 0.0048631993852922533 -0.00075206730147780575 0.0099054499420038744 -0.0016872533254847291 -0.0091469171949060037
leaf_weight=140175 102146 883 2585 483 162 1944 59 102 116 240 157 50 186 1158 549 119 83 262 541 278 282 1309 1446 5010 72 509 71 91 2581 51
leaf_count=140175 102146 883 2585 483 162 1944 59 102 116 240 157 50 186 1158 549 119 83 262 541 278 282 1309 1446 5010 72 509 71 91 2581 51
internal_value=2.80634e-05 0.000142078 -0.000293745 -0.000855966 -0.000462092 0.000456552 0.00162162 0.00521368 -0.00205941 0.000573567 -0.000113313 -0.00166607 -0.00339658 -0.00136364 -0.00385542 0.00117438 -0.00202773 0.00128433 0.000444034 0.00197802 -0.000791788 0.00044642 0.000126264 0.0006055 0.000184226 0.00340792 -0.00796791 0.00517731 -0.000817941 -0.00159194
internal_weight=263700 123525 21379 12150 9154 4534 2590 585 2996 2005 1765 2809 527 4620 830 281 2668 1238 1081 819 341 9229 7920 6474 5591 581 187 141 3790 2632
internal_count=263700 123525 21379 12150 9154 4534 2590 585 2996 2005 1765 2809 527 4620 830 281 2668 1238 1081 819 341 9229 7920 6474 5591 581 187 141 3790 2632
is_linear=0
shrinkage=0.05


Tree=237
num_leaves=31
num_cat=0
split_feature=24 24 17 29 29 28 11 11 29 24 21 28 13 29 29 19 23 28 11 17 24 29 21 7 24 28 11 13 29 28
split_gain=1.26281 2.32938 5.65566 4.80885 4.35565 3.7389 3.37126 3.21396 3.01575 5.16242 4.17549 3.78793 3.33098 3.00321 2.96075 2.82739 2.74273 3.82618 3.12865 3.20755 2.6964 2.68438 2.6303 2.55372 2.56829 4.62812 3.26554 3.20484 3.14101 4.7213
threshold=9.5000000000000018 18.500000000000004 4.5000000000000009 -1.4571161936178669 5.8911258848236683 23.500000000000004 0.097228178678724145 3.0952901223972566 -0.92774906841375426 14.500000000000002 35.500000000000007 15.500000000000002 0.23671672760374432 1.0363813241343511 -3.1903952382278615 51.555051109777715 2.5000000000000004 22.500000000000004 0.16148973527627278 3.5000000000000004 10.500000000000002 -1.0546084750942197 36.500000000000007 0.2131333887832296 13.500000000000002 4.5000000000000009 6.0860226391650487 1.1119986890868603 -1.5596558316951226 20.500000000000004
decision_type=2 2 2 2 2 2 2 2 2 2 2 2 2 2 2 2 2 2 2 2 2 2 2 2 2 2 2 2 2 2
left_child=-1 2 8 -3 6 -5 -4 21 9 10 16 -11 15 -10 -8 -13 17 -2 -18 -20 -21 -7 -15 -16 25 27 28 -25 29 -27
right_child=1 3 4 5 -6 7 14 -9 13 11 -12 12 -14 22 23 -17 18 -19 19 20 -22 -23 -24 24 -26 26 -28 -29 -30 -31
leaf_value=-7.5010234666056635e-05 -0.0049261336015931148 0.00065995240321627905 -6.6650960027593345e-05 -6.578798655682437e-06 0.0019353120238494151 0.00057966919020852547 -0.0064267938375092981 -0.0013691314637973434 3.700024515369144e-05 -0.0018085047374215191 0.0025812067435928166 0.0012396700501431997 0.0016560540542041873 -0.005580379800256224 0.0029135143730638371 -0.00093128014335518844 -0.0074211275602922766 0.00073793302535373091 -0.0083123924478367573 0.0036956729635142086 -0.0037640992168749493 -0.00024598348203491873 0.00075222679953435457 0.00047468875243885527 0.00016899409322417065 0.0036542898606974172 -0.0027039543121408138 -0.0018449562556823364 0.0010724119020956182 -0.0014820103804298137
leaf_weight=71006 506 2904 9422 107233 359 878 235 545 28001 169 167 150 469 422 542 165 778 868 289 228 700 8447 123 4293 16823 400 175 459 6077 1145
leaf_count=71006 506 2904 9422 107233 359 878 235 545 28001 169 167 150 469 422 542 165 778 868 289 228 700 8447 123 4293 16823 400 175 459 6077 1145
internal_value=1.17067e-05 7.80436e-05 0.00030083 -5.74121e-05 0.000701228 -0.000107255 0.000651488 -0.0010385 -0.000183138 -0.00138784 -0.0022681 0.00187828 0.00334184 6.3068e-06 0.000909484 -0.000634919 -0.00265064 -0.000931585 -0.00383459 -0.00225144 -0.000818964 -0.000820374 -0.00366972 0.000953401 0.000890645 0.00143199 0.00218161 0.000202021 0.00233666 0.000323626
internal_weight=263978 192972 72965 120007 39930 117103 39571 9870 33035 4489 3536 953 784 28546 30149 315 3369 1374 1995 1217 928 9325 545 29914 29372 12549 7797 4752 7622 1545
internal_count=263978 192972 72965 120007 39930 117103 39571 9870 33035 4489 3536 953 784 28546 30149 315 3369 1374 1995 1217 928 9325 545 29914 29372 12549 7797 4752 7622 1545
is_linear=0
shrinkage=0.05


Tree=238
num_leaves=31
num_cat=0
split_feature=1 29 9 11 1 6 29 0 0 15 0 3 21 0 6 9 10 24 29 20 9 23 23 0 4 29 19 23 5 4
split_gain=1.35615 1.90406 2.26954 1.70408 1.36261 2.60295 3.59788 3.11209 2.55931 2.48854 4.83281 2.33535 3.26905 3.04562 2.21489 2.14876 3.69193 2.59197 3.19518 3.2886 3.47455 3.16754 3.04376 4.55742 3.24676 3.06235 2.97131 2.7312 3.55966 3.04698
threshold=301.00000000000006 -0.24287231038323245 0.61589404061407171 0.13164485079113011 233.00000000000003 2.0265819270546817 -0.64858629318584227 4.7720400331370492 4.4942943846592813 1.0000000180025095e-35 4.6717755082532104 -0.93523374843892826 26.500000000000004 4.8812865822448641 2.3464892082119069 0.57620258869117613 0.083333333333333356 23.500000000000004 0.16363285606096714 0.21455355943772034 0.79259096437430487 4.5000000000000009 2.5000000000000004 5.556442008647335 0.45325867381061058 -0.14093016171411588 10.456991941350886 1.5000000000000002 0.55443892981682474 0.37130062653243162
decision_type=2 2 2 2 2 2 2 2 2 2 2 2 2 2 2 2 2 2 2 2 2 2 2 2 2 2 2 2 2 2
left_child=4 -2 3 -3 -1 8 7 -7 -6 10 -8 12 -10 -14 -12 16 -13 18 -17 21 -21 27 24 -24 -19 -25 -23 29 -29 -20
right_child=1 2 -4 -5 5 6 9 -9 11 -11 14 15 13 -15 -16 17 -18 22 19 20 -22 26 23 25 -26 -27 -28 28 -30 -31
leaf_value=-1.4305871007839029e-05 -0.00087162198947142574 0.0013373038856458329 -0.0061622436224718826 0.00026427407631268815 0.0049176410929093394 -0.00049766460183646335 0.0028425114972536274 0.0012279959438800093 -0.0034476843589699873 0.00079643161216206139 0.0018348048939555558 0.004588613680231112 -0.00010511927915391714 0.0022179009967463899 -6.3896672261641889e-05 -0.0021152637176824456 0.00020276348370378258 0.0025234974354342641 -0.0041927235120390481 0.0060111888814248808 -0.00021321577854579115 0.001993297371077612 0.00039516925648398917 -0.0093235732459890086 -0.009563662178765725 -0.0041120213957175078 -0.0040861000948529203 -0.00071059568202045634 0.0051212649433236652 0.0013824876136332362
leaf_weight=209504 263 60 122 201 51 800 72 153 194 683 53 673 12732 50 98 3241 23976 2301 557 58 54 429 3003 56 67 494 1093 774 1129 601
leaf_count=209504 263 60 122 201 51 800 72 153 194 683 53 673 12732 50 98 3241 23976 2301 557 58 54 429 3003 56 67 494 1093 774 1129 601
internal_value=1.25609e-05 -0.00227554 -2.61085e-05 0.00260537 1.81833e-05 0.000243671 0.00208177 -6.29579e-05 0.000177363 0.00433775 0.00892377 0.000166273 -0.00041384 -0.000316068 0.00384106 0.000361763 0.000641812 -0.000136392 -0.000727065 0.000106497 0.00857143 -0.00010037 0.000655296 -0.000270193 0.00204392 -0.00445454 -0.00196452 0.000826528 0.00199159 -0.00108808
internal_weight=263542 646 383 261 262896 53392 1859 953 51533 906 223 51482 12976 12782 151 38506 24649 13857 7936 4695 112 4583 5921 3553 2368 550 1522 3061 1903 1158
internal_count=263542 646 383 261 262896 53392 1859 953 51533 906 223 51482 12976 12782 151 38506 24649 13857 7936 4695 112 4583 5921 3553 2368 550 1522 3061 1903 1158
is_linear=0
shrinkage=0.05


end of trees

feature_importances:
Column_24=747
Column_0=662
Column_29=569
Column_27=468
Column_18=449
Column_22=370
Column_21=362
Column_28=323
Column_1=300
Column_4=247
Column_19=240
Column_5=233
Column_6=192
Column_26=187
Column_11=185
Column_13=181
Column_17=178
Column_2=161
Column_3=152
Column_12=147
Column_16=129
Column_7=123
Column_20=123
Column_14=120
Column_23=103
Column_9=60
Column_10=56
Column_15=56
Column_8=37
Column_25=10

parameters:
[boosting: gbdt]
[objective: quantile]
[metric: quantile]
[tree_learner: serial]
[device_type: cpu]
[data_sample_strategy: bagging]
[data: ]
[valid: ]
[num_iterations: 2000]
[learning_rate: 0.05]
[num_leaves: 31]
[num_threads: 2]
[seed: 20261003]
[deterministic: 0]
[force_col_wise: 0]
[force_row_wise: 0]
[histogram_pool_size: -1]
[max_depth: -1]
[min_data_in_leaf: 50]
[min_sum_hessian_in_leaf: 0.001]
[bagging_fraction: 0.8]
[pos_bagging_fraction: 1]
[neg_bagging_fraction: 1]
[bagging_freq: 1]
[bagging_seed: 27986]
[bagging_by_query: 0]
[feature_fraction: 0.8]
[feature_fraction_bynode: 1]
[feature_fraction_seed: 26999]
[extra_trees: 0]
[extra_seed: 5963]
[early_stopping_round: 0]
[early_stopping_min_delta: 0]
[first_metric_only: 0]
[max_delta_step: 0]
[lambda_l1: 0]
[lambda_l2: 0]
[linear_lambda: 0]
[min_gain_to_split: 0]
[drop_rate: 0.1]
[max_drop: 50]
[skip_drop: 0.5]
[xgboost_dart_mode: 0]
[uniform_drop: 0]
[drop_seed: 30954]
[top_rate: 0.2]
[other_rate: 0.1]
[min_data_per_group: 100]
[max_cat_threshold: 32]
[cat_l2: 10]
[cat_smooth: 10]
[max_cat_to_onehot: 4]
[top_k: 20]
[monotone_constraints: ]
[monotone_constraints_method: basic]
[monotone_penalty: 0]
[feature_contri: ]
[forcedsplits_filename: ]
[refit_decay_rate: 0.9]
[cegb_tradeoff: 1]
[cegb_penalty_split: 0]
[cegb_penalty_feature_lazy: ]
[cegb_penalty_feature_coupled: ]
[path_smooth: 0]
[interaction_constraints: ]
[verbosity: -1]
[saved_feature_importance_type: 0]
[use_quantized_grad: 0]
[num_grad_quant_bins: 4]
[quant_train_renew_leaf: 0]
[stochastic_rounding: 1]
[linear_tree: 0]
[max_bin: 255]
[max_bin_by_feature: ]
[min_data_in_bin: 3]
[bin_construct_sample_cnt: 200000]
[data_random_seed: 5357]
[is_enable_sparse: 1]
[enable_bundle: 1]
[use_missing: 1]
[zero_as_missing: 0]
[feature_pre_filter: 1]
[pre_partition: 0]
[two_round: 0]
[header: 0]
[label_column: ]
[weight_column: ]
[group_column: ]
[ignore_column: ]
[categorical_feature: ]
[forcedbins_filename: ]
[precise_float_parser: 0]
[parser_config_file: ]
[objective_seed: 10432]
[num_class: 1]
[is_unbalance: 0]
[scale_pos_weight: 1]
[sigmoid: 1]
[boost_from_average: 1]
[reg_sqrt: 0]
[alpha: 0.6]
[fair_c: 1]
[poisson_max_delta_step: 0.7]
[tweedie_variance_power: 1.5]
[lambdarank_truncation_level: 30]
[lambdarank_norm: 1]
[label_gain: ]
[lambdarank_position_bias_regularization: 0]
[eval_at: ]
[multi_error_top_k: 1]
[auc_mu_weights: ]
[num_machines: 1]
[local_listen_port: 12400]
[time_out: 120]
[machine_list_filename: ]
[machines: ]
[gpu_platform_id: -1]
[gpu_device_id: -1]
[gpu_use_dp: 0]
[num_gpu: 1]

end of parameters

pandas_categorical:null
